model,contract,prediction,actual
constrained_ols_av,pass,-1.3597,7.0
constrained_ols_av,pass,-1.3597,0.0
constrained_ols_av,pass,-0.9073,5.0
constrained_ols_av,pass,-0.4548,1.0
constrained_ols_av,pass,-0.4548,4.0
constrained_ols_av,pass,-0.0023,4.0
constrained_ols_av,pass,-0.9073,3.0
constrained_ols_av,pass,-0.4548,0.0
constrained_ols_av,pass,-0.4548,0.0
constrained_ols_av,pass,0.4501,0.0
constrained_ols_av,pass,-0.9073,0.0
constrained_ols_av,pass,-0.9073,0.0
constrained_ols_av,pass,0.4501,8.0
constrained_ols_av,pass,-0.4548,2.0
constrained_ols_av,pass,-0.4548,0.0
constrained_ols_av,pass,-0.4548,7.0
constrained_ols_av,pass,-0.9073,6.0
constrained_ols_av,pass,-0.4548,0.0
constrained_ols_av,pass,-1.3597,5.0
constrained_ols_av,pass,-0.9073,1.0
constrained_ols_av,pass,-0.0023,0.0
constrained_ols_av,pass,-0.0023,6.0
constrained_ols_av,pass,-0.4548,4.0
constrained_ols_av,pass,-0.4548,0.0
constrained_ols_av,pass,-0.4548,2.0
constrained_ols_av,pass,-0.9073,0.0
constrained_ols_av,pass,-1.3597,2.0
constrained_ols_av,pass,-0.9073,2.0
constrained_ols_av,pass,-0.4548,3.0
constrained_ols_av,pass,-0.4548,0.0
constrained_ols_av,pass,-0.4548,1.0
constrained_ols_av,pass,-0.4548,3.0
constrained_ols_av,pass,-0.9073,4.0
constrained_ols_av,pass,-0.9073,5.0
constrained_ols_av,pass,-1.3597,0.0
constrained_ols_av,pass,-0.9073,0.0
constrained_ols_av,pass,-0.0023,5.0
constrained_ols_av,pass,-0.9073,9.0
constrained_ols_av,pass,-0.9073,7.0
constrained_ols_av,pass,-0.0023,0.0
constrained_ols_av,pass,-0.9073,9.0
constrained_ols_av,pass,-0.0023,0.0
constrained_ols_av,pass,-0.0023,5.0
constrained_ols_av,pass,-0.4548,6.0
constrained_ols_av,pass,-0.4548,2.0
constrained_ols_av,pass,0.9026,0.0
constrained_ols_av,pass,-0.4548,4.0
constrained_ols_av,pass,-0.0023,1.0
constrained_ols_av,pass,-0.0023,4.0
constrained_ols_av,pass,-0.0023,0.0
constrained_ols_av,pass,-0.0023,3.0
constrained_ols_av,pass,-0.0023,5.0
constrained_ols_av,pass,-0.0023,4.0
constrained_ols_av,pass,-0.4548,4.0
constrained_ols_av,pass,-0.4548,2.0
constrained_ols_av,pass,-0.4548,5.0
constrained_ols_av,pass,-0.4548,0.0
constrained_ols_av,pass,-0.4548,4.0
constrained_ols_av,pass,-0.9073,6.0
constrained_ols_av,pass,-0.4548,1.0
constrained_ols_av,pass,-0.4548,3.0
constrained_ols_av,pass,-0.4548,3.0
constrained_ols_av,pass,-0.4548,1.0
constrained_ols_av,pass,-0.9073,6.0
constrained_ols_av,pass,-0.4548,3.0
constrained_ols_av,pass,-0.9073,9.0
constrained_ols_av,pass,-0.4548,2.0
constrained_ols_av,pass,-0.4548,4.0
constrained_ols_av,pass,-0.0023,4.0
constrained_ols_av,pass,-0.0023,4.0
constrained_ols_av,pass,-0.4548,0.0
constrained_ols_av,pass,0.4501,9.0
constrained_ols_av,pass,-0.4548,4.0
constrained_ols_av,pass,-0.9073,3.0
constrained_ols_av,pass,-1.3597,2.0
constrained_ols_av,pass,-0.4548,0.0
constrained_ols_av,pass,-0.4548,8.0
constrained_ols_av,pass,-0.9073,2.0
constrained_ols_av,pass,-0.4548,0.0
constrained_ols_av,pass,-0.4548,3.0
constrained_ols_av,pass,-0.4548,0.0
constrained_ols_av,pass,-0.4548,2.0
constrained_ols_av,pass,0.4501,4.0
constrained_ols_av,pass,-0.4548,5.0
constrained_ols_av,pass,-1.3597,4.0
constrained_ols_av,pass,-0.0023,4.0
constrained_ols_av,pass,-0.9073,4.0
constrained_ols_av,pass,-0.9073,3.0
constrained_ols_av,pass,-0.9073,6.0
constrained_ols_av,pass,-0.4548,4.0
constrained_ols_av,pass,-0.0023,0.0
constrained_ols_av,pass,-0.4548,8.0
constrained_ols_av,pass,-0.0023,4.0
constrained_ols_av,pass,-1.3597,0.0
constrained_ols_av,pass,-0.9073,0.0
constrained_ols_av,pass,-0.0023,6.0
constrained_ols_av,pass,-0.9073,0.0
constrained_ols_av,pass,-0.4548,0.0
constrained_ols_av,pass,-0.0023,8.0
constrained_ols_av,pass,-0.9073,0.0
constrained_ols_av,pass,-0.0023,3.0
constrained_ols_av,pass,-0.9073,5.0
constrained_ols_av,pass,-0.4548,3.0
constrained_ols_av,pass,-0.4548,3.0
constrained_ols_av,pass,-0.9073,3.0
constrained_ols_av,pass,-0.4548,0.0
constrained_ols_av,pass,-0.0023,7.0
constrained_ols_av,pass,-0.4548,7.0
constrained_ols_av,pass,-0.9073,1.0
constrained_ols_av,pass,-0.4548,4.0
constrained_ols_av,pass,-0.4548,0.0
constrained_ols_av,pass,-1.3597,5.0
constrained_ols_av,pass,-0.9073,2.0
constrained_ols_av,pass,0.9026,5.0
constrained_ols_av,pass,-0.4548,3.0
constrained_ols_av,pass,-1.3597,3.0
constrained_ols_av,pass,-0.4548,4.0
constrained_ols_av,pass,-0.9073,2.0
constrained_ols_av,pass,0.4501,0.0
constrained_ols_av,pass,-0.9073,3.0
constrained_ols_av,pass,0.4501,10.0
constrained_ols_av,pass,-0.9073,0.0
constrained_ols_av,pass,-0.4548,3.0
constrained_ols_av,pass,-0.4548,0.0
constrained_ols_av,pass,-0.4548,3.0
constrained_ols_av,pass,-0.4548,5.0
constrained_ols_av,pass,-1.3597,1.0
constrained_ols_av,pass,-0.9073,0.0
constrained_ols_av,pass,-0.9073,5.0
constrained_ols_av,pass,-0.9073,5.0
constrained_ols_av,pass,0.4501,6.0
constrained_ols_av,pass,-0.0023,0.0
constrained_ols_av,pass,-0.9073,0.0
constrained_ols_av,pass,-0.0023,1.0
constrained_ols_av,pass,-0.9073,8.0
constrained_ols_av,pass,-0.4548,6.0
constrained_ols_av,pass,-0.9073,5.0
constrained_ols_av,pass,-0.9073,3.0
constrained_ols_av,pass,-0.9073,2.0
constrained_ols_av,pass,-0.9073,6.0
constrained_ols_av,pass,-0.0023,0.0
constrained_ols_av,pass,-0.0023,0.0
constrained_ols_av,pass,-1.3597,5.0
constrained_ols_av,pass,-0.9073,0.0
constrained_ols_av,pass,-0.4548,8.0
constrained_ols_av,pass,-0.0023,0.0
constrained_ols_av,pass,-0.9073,6.0
constrained_ols_av,pass,-1.3597,3.0
constrained_ols_av,pass,-0.0023,0.0
constrained_ols_av,pass,-0.4548,8.0
constrained_ols_av,pass,-0.4548,2.0
constrained_ols_av,pass,-0.0023,3.0
constrained_ols_av,pass,-0.9073,0.0
constrained_ols_av,pass,-0.4548,2.0
constrained_ols_av,pass,-0.9073,0.0
constrained_ols_av,pass,-0.4548,3.0
constrained_ols_av,pass,-0.9073,1.0
constrained_ols_av,pass,-1.3597,6.0
constrained_ols_av,pass,-0.9073,5.0
constrained_ols_av,pass,-0.0023,1.0
constrained_ols_av,pass,-0.4548,3.0
constrained_ols_av,pass,-0.0023,0.0
constrained_ols_av,pass,-0.9073,2.0
constrained_ols_av,pass,-0.0023,4.0
constrained_ols_av,pass,-0.0023,4.0
constrained_ols_av,pass,-0.9073,0.0
constrained_ols_av,pass,-0.0023,0.0
constrained_ols_av,pass,-0.4548,2.0
constrained_ols_av,pass,-0.9073,3.0
constrained_ols_av,pass,-1.3597,7.0
constrained_ols_av,pass,-0.4548,4.0
constrained_ols_av,pass,-0.4548,0.0
constrained_ols_av,pass,-0.4548,0.0
constrained_ols_av,pass,-0.0023,0.0
constrained_ols_av,pass,-0.9073,3.0
constrained_ols_av,pass,-0.4548,1.0
constrained_ols_av,pass,-0.9073,0.0
constrained_ols_av,pass,-0.4548,3.0
constrained_ols_av,pass,-0.0023,4.0
constrained_ols_av,pass,0.4501,3.0
constrained_ols_av,pass,-1.3597,2.0
constrained_ols_av,pass,-0.4548,3.0
constrained_ols_av,pass,-0.9073,2.0
constrained_ols_av,pass,-0.4548,5.0
constrained_ols_av,pass,-1.3597,3.0
constrained_ols_av,pass,-0.4548,6.0
constrained_ols_av,pass,-1.3597,5.0
constrained_ols_av,pass,0.9026,0.0
constrained_ols_av,pass,-0.9073,5.0
constrained_ols_av,pass,-1.3597,5.0
constrained_ols_av,pass,-0.0023,0.0
constrained_ols_av,pass,-0.9073,3.0
constrained_ols_av,pass,-0.9073,2.0
constrained_ols_av,pass,-0.0023,7.0
constrained_ols_av,pass,-1.3597,7.0
constrained_ols_av,pass,0.4501,4.0
constrained_ols_av,pass,-0.0023,0.0
constrained_ols_av,pass,-0.4548,6.0
constrained_ols_av,pass,-0.4548,0.0
constrained_ols_av,pass,-0.4548,3.0
constrained_ols_av,pass,-0.4548,4.0
constrained_ols_av,pass,-0.9073,2.0
constrained_ols_av,pass,-1.3597,4.0
constrained_ols_av,pass,-1.3597,5.0
constrained_ols_av,pass,-0.0023,8.0
constrained_ols_av,pass,-0.9073,8.0
constrained_ols_av,pass,-0.4548,2.0
constrained_ols_av,pass,-0.0023,3.0
constrained_ols_av,pass,0.4501,3.0
constrained_ols_av,pass,0.4501,3.0
constrained_ols_av,pass,-0.0023,0.0
constrained_ols_av,pass,-0.0023,6.0
constrained_ols_av,pass,-0.4548,2.0
constrained_ols_av,pass,-0.0023,3.0
constrained_ols_av,pass,-0.0023,2.0
constrained_ols_av,pass,-1.3597,3.0
constrained_ols_av,pass,-0.4548,9.0
constrained_ols_av,pass,0.4501,3.0
constrained_ols_av,pass,-0.9073,3.0
constrained_ols_av,pass,-0.4548,4.0
constrained_ols_av,pass,-0.4548,2.0
constrained_ols_av,pass,-0.4548,4.0
constrained_ols_av,pass,-0.9073,1.0
constrained_ols_av,pass,-0.4548,0.0
constrained_ols_av,pass,-0.9073,3.0
constrained_ols_av,pass,-0.0023,0.0
constrained_ols_av,pass,-0.9073,2.0
constrained_ols_av,pass,-0.4548,7.0
constrained_ols_av,pass,-0.9073,0.0
constrained_ols_av,pass,-0.0023,4.0
constrained_ols_av,pass,-0.4548,3.0
constrained_ols_av,pass,-0.9073,8.0
constrained_ols_av,pass,0.4501,4.0
constrained_ols_av,pass,-0.4548,4.0
constrained_ols_av,pass,-0.0023,5.0
constrained_ols_av,pass,-0.4548,6.0
constrained_ols_av,pass,-1.3597,5.0
constrained_ols_av,pass,-0.9073,3.0
constrained_ols_av,pass,-0.4548,0.0
constrained_ols_av,pass,-0.4548,5.0
constrained_ols_av,pass,-0.0023,0.0
constrained_ols_av,pass,-0.0023,0.0
constrained_ols_av,pass,-0.4548,5.0
constrained_ols_av,pass,-1.3597,7.0
constrained_ols_av,pass,-0.9073,5.0
constrained_ols_av,pass,-0.9073,5.0
constrained_ols_av,pass,-1.3597,3.0
constrained_ols_av,pass,-0.4548,0.0
constrained_ols_av,pass,-0.4548,4.0
constrained_ols_av,pass,-0.4548,1.0
constrained_ols_av,pass,-0.0023,0.0
constrained_ols_av,pass,-0.0023,0.0
constrained_ols_av,pass,-0.4548,0.0
constrained_ols_av,pass,-0.9073,5.0
constrained_ols_av,pass,-1.3597,5.0
constrained_ols_av,pass,-0.4548,3.0
constrained_ols_av,pass,-0.4548,6.0
constrained_ols_av,pass,-0.9073,4.0
constrained_ols_av,pass,-0.9073,0.0
constrained_ols_av,pass,-0.9073,4.0
constrained_ols_av,pass,-0.9073,7.0
constrained_ols_av,pass,-0.0023,0.0
constrained_ols_av,pass,-0.4548,4.0
constrained_ols_av,pass,-0.4548,0.0
constrained_ols_av,pass,-0.4548,5.0
constrained_ols_av,pass,0.4501,0.0
constrained_ols_av,pass,-0.4548,5.0
constrained_ols_av,pass,-1.3597,1.0
constrained_ols_av,pass,-0.0023,6.0
constrained_ols_av,pass,-0.9073,6.0
constrained_ols_av,pass,-0.9073,3.0
constrained_ols_av,pass,-0.4548,0.0
constrained_ols_av,pass,-0.9073,0.0
constrained_ols_av,pass,-0.9073,4.0
constrained_ols_av,pass,-0.0023,4.0
constrained_ols_av,pass,0.9026,0.0
constrained_ols_av,pass,-0.4548,4.0
constrained_ols_av,pass,0.4501,7.0
constrained_ols_av,pass,0.4501,7.0
constrained_ols_av,pass,-0.0023,2.0
constrained_ols_av,pass,-0.9073,3.0
constrained_ols_av,pass,-0.9073,4.0
constrained_ols_av,pass,-0.4548,4.0
constrained_ols_av,pass,0.4501,7.0
constrained_ols_av,pass,-0.0023,6.0
constrained_ols_av,pass,-0.0023,5.0
constrained_ols_av,pass,-0.9073,3.0
constrained_ols_av,pass,-0.4548,1.0
constrained_ols_av,pass,-0.4548,3.0
constrained_ols_av,pass,0.9026,0.0
constrained_ols_av,pass,-0.0023,3.0
constrained_ols_av,pass,-0.9073,4.0
constrained_ols_av,pass,-0.0023,3.0
constrained_ols_av,pass,-0.4548,0.0
constrained_ols_av,pass,-0.9073,0.0
constrained_ols_av,pass,-0.4548,2.0
constrained_ols_av,pass,-0.4548,7.0
constrained_ols_av,pass,0.4501,0.0
constrained_ols_av,pass,-1.3597,2.0
constrained_ols_av,pass,-0.4548,6.0
constrained_ols_av,pass,-0.0023,0.0
constrained_ols_av,pass,-0.4548,0.0
constrained_ols_av,pass,-0.4548,4.0
constrained_ols_av,pass,0.4501,6.0
constrained_ols_av,pass,-0.0023,3.0
constrained_ols_av,pass,0.4501,3.0
constrained_ols_av,pass,-1.3597,5.0
constrained_ols_av,pass,-0.0023,5.0
constrained_ols_av,pass,-0.0023,4.0
constrained_ols_av,pass,-0.4548,4.0
constrained_ols_av,pass,-0.0023,4.0
constrained_ols_av,pass,-0.4548,0.0
constrained_ols_av,pass,-0.9073,0.0
constrained_ols_av,pass,-0.9073,1.0
constrained_ols_av,pass,-0.0023,4.0
constrained_ols_av,pass,-0.9073,0.0
constrained_ols_av,pass,-0.9073,6.0
constrained_ols_av,pass,-0.9073,8.0
constrained_ols_av,pass,-0.9073,1.0
constrained_ols_av,pass,-0.0023,10.0
constrained_ols_av,pass,-0.4548,3.0
constrained_ols_av,pass,-0.0023,0.0
constrained_ols_av,pass,-0.9073,6.0
constrained_ols_av,pass,-0.0023,1.0
constrained_ols_av,pass,-0.9073,4.0
constrained_ols_av,pass,-0.9073,0.0
constrained_ols_av,pass,-0.9073,6.0
constrained_ols_av,pass,-0.9073,2.0
constrained_ols_av,pass,-0.9073,6.0
constrained_ols_av,pass,-0.4548,9.0
constrained_ols_av,pass,-0.0023,2.0
constrained_ols_av,pass,-0.4548,5.0
constrained_ols_av,pass,-0.9073,5.0
constrained_ols_av,pass,-0.9073,5.0
constrained_ols_av,pass,-0.4548,5.0
constrained_ols_av,pass,-0.4548,6.0
constrained_ols_av,pass,-0.0023,4.0
constrained_ols_av,pass,-0.9073,6.0
constrained_ols_av,pass,-0.4548,0.0
constrained_ols_av,pass,-0.9073,3.0
constrained_ols_av,pass,-1.3597,0.0
constrained_ols_av,pass,-0.4548,5.0
constrained_ols_av,pass,-0.0023,8.0
constrained_ols_av,pass,0.9026,3.0
constrained_ols_av,pass,-0.9073,0.0
constrained_ols_av,pass,-1.3597,3.0
constrained_ols_av,pass,-0.0023,0.0
constrained_ols_av,pass,0.4501,0.0
constrained_ols_av,pass,-0.4548,4.0
constrained_ols_av,pass,-0.4548,5.0
constrained_ols_av,pass,-0.9073,0.0
constrained_ols_av,pass,-0.9073,4.0
constrained_ols_av,pass,-0.9073,0.0
constrained_ols_av,pass,-0.4548,4.0
constrained_ols_av,pass,-1.3597,5.0
constrained_ols_av,pass,-0.0023,2.0
constrained_ols_av,pass,-0.0023,0.0
constrained_ols_av,pass,-0.4548,4.0
constrained_ols_av,pass,-0.4548,3.0
constrained_ols_av,pass,-0.0023,0.0
constrained_ols_av,pass,-0.4548,8.0
constrained_ols_av,pass,-1.3597,5.0
constrained_ols_av,pass,-0.9073,0.0
constrained_ols_av,pass,-0.4548,6.0
constrained_ols_av,pass,-0.0023,0.0
constrained_ols_av,pass,-0.4548,3.0
constrained_ols_av,pass,-1.3597,8.0
constrained_ols_av,pass,0.4501,2.0
constrained_ols_av,pass,-0.4548,2.0
constrained_ols_av,pass,-0.0023,6.0
constrained_ols_av,pass,-0.4548,3.0
constrained_ols_av,pass,-0.4548,3.0
constrained_ols_av,pass,-0.4548,7.0
constrained_ols_av,pass,-0.4548,4.0
constrained_ols_av,pass,-0.4548,0.0
constrained_ols_av,pass,-0.9073,0.0
constrained_ols_av,pass,-0.9073,7.0
constrained_ols_av,pass,-0.4548,2.0
constrained_ols_av,pass,-0.4548,4.0
constrained_ols_av,pass,0.4501,0.0
constrained_ols_av,pass,-0.0023,4.0
constrained_ols_av,pass,-0.0023,4.0
constrained_ols_av,pass,-0.4548,3.0
constrained_ols_av,pass,-0.4548,4.0
constrained_ols_av,pass,0.4501,8.0
constrained_ols_av,pass,-0.4548,5.0
constrained_ols_av,pass,-0.4548,4.0
constrained_ols_av,pass,-0.0023,2.0
constrained_ols_av,pass,-0.9073,7.0
constrained_ols_av,pass,-0.9073,1.0
constrained_ols_av,pass,-0.9073,5.0
constrained_ols_av,pass,-0.4548,0.0
constrained_ols_av,pass,-0.4548,5.0
constrained_ols_av,pass,-0.9073,4.0
constrained_ols_av,pass,-0.0023,3.0
constrained_ols_av,pass,-0.9073,5.0
constrained_ols_av,pass,-0.0023,4.0
constrained_ols_av,pass,-0.9073,6.0
constrained_ols_av,pass,0.4501,0.0
constrained_ols_av,pass,-0.4548,0.0
constrained_ols_av,pass,-0.4548,2.0
constrained_ols_av,pass,-0.4548,2.0
constrained_ols_av,pass,-0.0023,4.0
constrained_ols_av,pass,-0.4548,3.0
constrained_ols_av,pass,0.4501,5.0
constrained_ols_av,pass,-0.4548,4.0
constrained_ols_av,pass,-0.0023,0.0
constrained_ols_av,pass,-0.0023,0.0
constrained_ols_av,pass,-0.4548,6.0
constrained_ols_av,pass,-0.9073,3.0
constrained_ols_av,pass,-0.4548,3.0
constrained_ols_av,pass,-0.4548,1.0
constrained_ols_av,pass,-0.4548,6.0
constrained_ols_av,pass,-0.0023,10.0
constrained_ols_av,pass,-0.0023,7.0
constrained_ols_av,pass,-0.4548,7.0
constrained_ols_av,pass,0.4501,0.0
constrained_ols_av,pass,-0.4548,10.0
constrained_ols_av,pass,-0.4548,0.0
constrained_ols_av,pass,-1.3597,3.0
constrained_ols_av,pass,-0.9073,0.0
constrained_ols_av,pass,-0.0023,0.0
constrained_ols_av,pass,-0.0023,0.0
constrained_ols_av,pass,-0.0023,5.0
constrained_ols_av,pass,-0.4548,0.0
constrained_ols_av,pass,0.4501,4.0
constrained_ols_av,pass,-0.4548,1.0
constrained_ols_av,pass,-0.9073,0.0
constrained_ols_av,pass,-0.9073,6.0
constrained_ols_av,pass,-0.9073,0.0
constrained_ols_av,pass,-0.0023,8.0
constrained_ols_av,pass,0.4501,2.0
constrained_ols_av,pass,-0.4548,2.0
constrained_ols_av,pass,-0.0023,4.0
constrained_ols_av,pass,-0.9073,0.0
constrained_ols_av,pass,-0.0023,3.0
constrained_ols_av,pass,-0.0023,0.0
constrained_ols_av,pass,-0.0023,3.0
constrained_ols_av,pass,-0.0023,7.0
constrained_ols_av,pass,-0.4548,6.0
constrained_ols_av,pass,-0.4548,0.0
constrained_ols_av,pass,-0.4548,6.0
constrained_ols_av,pass,-0.9073,7.0
constrained_ols_av,pass,-0.0023,7.0
constrained_ols_av,pass,-0.4548,0.0
constrained_ols_av,pass,-0.9073,0.0
constrained_ols_av,pass,-0.0023,0.0
constrained_ols_av,pass,-0.9073,2.0
constrained_ols_av,pass,-0.4548,0.0
constrained_ols_av,pass,-0.4548,0.0
constrained_ols_av,pass,-0.4548,6.0
constrained_ols_av,pass,-0.9073,0.0
constrained_ols_av,pass,-0.4548,2.0
constrained_ols_av,pass,-1.3597,3.0
constrained_ols_av,pass,0.4501,0.0
constrained_ols_av,pass,-0.4548,7.0
constrained_ols_av,pass,-0.4548,0.0
constrained_ols_av,pass,-0.4548,0.0
constrained_ols_av,pass,-0.0023,7.0
constrained_ols_av,pass,-0.0023,4.0
constrained_ols_av,pass,-0.9073,0.0
constrained_ols_av,pass,-0.4548,5.0
constrained_ols_av,pass,0.4501,1.0
constrained_ols_av,pass,-0.9073,0.0
constrained_ols_av,pass,-0.9073,0.0
constrained_ols_av,pass,-0.4548,0.0
constrained_ols_av,pass,-0.4548,3.0
constrained_ols_av,pass,-0.0023,3.0
constrained_ols_av,pass,-0.4548,4.0
constrained_ols_av,pass,-0.0023,4.0
constrained_ols_av,pass,0.4501,3.0
constrained_ols_av,pass,-0.9073,7.0
constrained_ols_av,pass,-0.9073,9.0
constrained_ols_av,pass,-0.0023,4.0
constrained_ols_av,pass,-0.4548,6.0
constrained_ols_av,pass,-0.4548,2.0
constrained_ols_av,pass,-0.9073,9.0
constrained_ols_av,pass,0.4501,7.0
constrained_ols_av,pass,-0.0023,4.0
constrained_ols_av,pass,-0.9073,4.0
constrained_ols_av,pass,-0.0023,0.0
constrained_ols_av,pass,-0.9073,3.0
constrained_ols_av,pass,-0.4548,4.0
constrained_ols_av,pass,-0.9073,8.0
constrained_ols_av,pass,-0.0023,0.0
constrained_ols_av,pass,-0.9073,4.0
constrained_ols_av,pass,-1.3597,3.0
constrained_ols_av,pass,0.4501,0.0
constrained_ols_av,pass,-1.3597,0.0
constrained_ols_av,pass,-0.4548,0.0
constrained_ols_av,pass,-0.4548,5.0
constrained_ols_av,pass,-0.0023,3.0
constrained_ols_av,pass,-0.9073,3.0
constrained_ols_av,pass,-0.4548,8.0
constrained_ols_av,pass,-0.4548,2.0
constrained_ols_av,pass,0.4501,4.0
constrained_ols_av,pass,-0.4548,0.0
constrained_ols_av,pass,-0.4548,4.0
constrained_ols_av,pass,-0.4548,3.0
constrained_ols_av,pass,-0.4548,6.0
constrained_ols_av,pass,-0.4548,0.0
constrained_ols_av,pass,-0.4548,3.0
constrained_ols_av,pass,-1.3597,3.0
constrained_ols_av,pass,-0.4548,0.0
constrained_ols_av,pass,0.4501,5.0
constrained_ols_av,pass,-0.9073,6.0
constrained_ols_av,pass,-0.9073,2.0
constrained_ols_av,pass,-0.9073,7.0
constrained_ols_av,pass,-0.9073,1.0
constrained_ols_av,pass,-0.4548,6.0
constrained_ols_av,pass,-0.9073,0.0
constrained_ols_av,pass,-0.9073,4.0
constrained_ols_av,pass,-0.0023,2.0
constrained_ols_av,pass,-0.4548,0.0
constrained_ols_av,pass,-0.4548,3.0
constrained_ols_av,pass,-0.4548,3.0
constrained_ols_av,pass,-0.4548,7.0
constrained_ols_av,pass,-0.9073,1.0
constrained_ols_av,pass,-0.0023,3.0
constrained_ols_av,pass,-0.9073,5.0
constrained_ols_av,pass,-0.4548,2.0
constrained_ols_av,pass,-0.4548,7.0
constrained_ols_av,pass,-0.4548,0.0
constrained_ols_av,pass,-0.4548,5.0
constrained_ols_av,pass,-0.9073,2.0
constrained_ols_av,pass,-0.0023,2.0
constrained_ols_av,pass,0.4501,4.0
constrained_ols_av,pass,0.4501,0.0
constrained_ols_av,pass,-0.9073,6.0
constrained_ols_av,pass,-0.0023,0.0
constrained_ols_av,pass,-0.9073,6.0
constrained_ols_av,pass,-0.4548,0.0
constrained_ols_av,pass,-0.4548,3.0
constrained_ols_av,pass,-0.0023,3.0
constrained_ols_av,pass,-0.0023,0.0
constrained_ols_av,pass,-0.4548,0.0
constrained_ols_av,pass,-1.3597,8.0
constrained_ols_av,pass,-0.4548,0.0
constrained_ols_av,pass,-1.3597,5.0
constrained_ols_av,pass,-1.3597,3.0
constrained_ols_av,pass,-0.9073,6.0
constrained_ols_av,pass,-0.4548,4.0
constrained_ols_av,pass,-1.3597,0.0
constrained_ols_av,pass,-0.4548,7.0
constrained_ols_av,pass,-0.9073,3.0
constrained_ols_av,pass,-0.0023,0.0
constrained_ols_av,pass,-0.9073,3.0
constrained_ols_av,pass,-0.0023,2.0
constrained_ols_av,pass,-0.9073,2.0
constrained_ols_av,pass,0.9026,0.0
constrained_ols_av,pass,-0.9073,3.0
constrained_ols_av,pass,-1.3597,0.0
constrained_ols_av,pass,-0.4548,9.0
constrained_ols_av,pass,-0.0023,3.0
constrained_ols_av,pass,-0.4548,0.0
constrained_ols_av,pass,-0.9073,0.0
constrained_ols_av,pass,-0.4548,3.0
constrained_ols_av,pass,-0.9073,2.0
constrained_ols_av,pass,-0.9073,8.0
constrained_ols_av,pass,-0.4548,0.0
constrained_ols_av,pass,-0.4548,5.0
constrained_ols_av,pass,-0.4548,4.0
constrained_ols_av,pass,-0.0023,5.0
constrained_ols_av,pass,-0.4548,6.0
constrained_ols_av,pass,-1.3597,2.0
constrained_ols_av,pass,0.4501,0.0
constrained_ols_av,pass,-0.9073,2.0
constrained_ols_av,pass,-0.4548,0.0
constrained_ols_av,pass,-0.0023,4.0
constrained_ols_av,pass,-1.3597,6.0
constrained_ols_av,pass,-0.4548,7.0
constrained_ols_av,pass,-0.9073,6.0
constrained_ols_av,pass,-0.9073,0.0
constrained_ols_av,pass,-0.0023,4.0
constrained_ols_av,pass,-0.0023,6.0
constrained_ols_av,pass,-0.9073,0.0
constrained_ols_av,pass,-0.4548,0.0
constrained_ols_av,pass,-0.4548,9.0
constrained_ols_av,pass,-0.4548,4.0
constrained_ols_av,pass,-0.4548,5.0
constrained_ols_av,pass,-0.9073,0.0
constrained_ols_av,pass,-0.4548,0.0
constrained_ols_av,pass,0.4501,0.0
constrained_ols_av,pass,-0.4548,3.0
constrained_ols_av,pass,-0.4548,4.0
constrained_ols_av,pass,-0.9073,4.0
constrained_ols_av,pass,0.4501,0.0
constrained_ols_av,pass,-0.4548,0.0
constrained_ols_av,pass,-0.4548,6.0
constrained_ols_av,pass,-0.0023,9.0
constrained_ols_av,pass,-0.9073,3.0
constrained_ols_av,pass,0.4501,4.0
constrained_ols_av,pass,-0.4548,3.0
constrained_ols_av,pass,-0.9073,3.0
constrained_ols_av,pass,-0.9073,0.0
constrained_ols_av,pass,0.4501,3.0
constrained_ols_av,pass,0.4501,10.0
constrained_ols_av,pass,0.4501,5.0
constrained_ols_av,pass,-0.4548,7.0
constrained_ols_av,pass,-0.4548,0.0
constrained_ols_av,pass,-0.0023,3.0
constrained_ols_av,pass,-0.9073,0.0
constrained_ols_av,pass,-0.9073,0.0
constrained_ols_av,pass,-0.4548,0.0
constrained_ols_av,pass,-0.4548,3.0
constrained_ols_av,pass,-0.4548,6.0
constrained_ols_av,pass,-1.3597,5.0
constrained_ols_av,pass,-0.4548,5.0
constrained_ols_av,pass,-0.9073,0.0
constrained_ols_av,pass,-0.0023,0.0
constrained_ols_av,pass,-0.4548,3.0
constrained_ols_av,pass,-0.4548,0.0
constrained_ols_av,pass,-0.4548,8.0
constrained_ols_av,pass,-0.9073,3.0
constrained_ols_av,pass,-0.0023,5.0
constrained_ols_av,pass,-1.3597,5.0
constrained_ols_av,pass,-0.4548,5.0
constrained_ols_av,pass,-0.0023,8.0
constrained_ols_av,pass,-0.9073,9.0
constrained_ols_av,pass,-0.4548,2.0
constrained_ols_av,pass,-0.4548,1.0
constrained_ols_av,pass,-0.4548,4.0
constrained_ols_av,pass,-0.4548,2.0
constrained_ols_av,pass,-0.9073,0.0
constrained_ols_av,pass,-0.4548,0.0
constrained_ols_av,pass,-0.9073,6.0
constrained_ols_av,pass,0.4501,7.0
constrained_ols_av,pass,-0.0023,0.0
constrained_ols_av,pass,-0.0023,5.0
constrained_ols_av,pass,0.4501,2.0
constrained_ols_av,pass,-0.4548,4.0
constrained_ols_av,pass,-0.4548,0.0
constrained_ols_av,pass,0.4501,10.0
constrained_ols_av,pass,-0.0023,5.0
constrained_ols_av,pass,-0.4548,1.0
constrained_ols_av,pass,-0.9073,3.0
constrained_ols_av,pass,-0.0023,0.0
constrained_ols_av,pass,-0.9073,3.0
constrained_ols_av,pass,-0.4548,6.0
constrained_ols_av,pass,-0.4548,0.0
constrained_ols_av,pass,-0.9073,0.0
constrained_ols_av,pass,-0.4548,4.0
constrained_ols_av,pass,-0.9073,0.0
constrained_ols_av,pass,-0.0023,3.0
constrained_ols_av,pass,-0.9073,2.0
constrained_ols_av,pass,-0.9073,0.0
constrained_ols_av,pass,-1.3597,3.0
constrained_ols_av,pass,-0.0023,0.0
constrained_ols_av,pass,-0.4548,2.0
constrained_ols_av,pass,-0.4548,3.0
constrained_ols_av,pass,-0.4548,0.0
constrained_ols_av,pass,-0.9073,2.0
constrained_ols_av,pass,-1.3597,3.0
constrained_ols_av,pass,-0.4548,4.0
constrained_ols_av,pass,-0.4548,3.0
constrained_ols_av,pass,-0.4548,5.0
constrained_ols_av,pass,-0.9073,0.0
constrained_ols_av,pass,-0.0023,2.0
constrained_ols_av,pass,-0.9073,0.0
constrained_ols_av,pass,-0.9073,1.0
constrained_ols_av,pass,-1.3597,3.0
constrained_ols_av,pass,-0.4548,8.0
constrained_ols_av,pass,-0.4548,6.0
constrained_ols_av,pass,-0.0023,0.0
constrained_ols_av,pass,0.4501,2.0
constrained_ols_av,pass,-0.4548,7.0
constrained_ols_av,pass,-0.9073,5.0
constrained_ols_av,pass,-0.9073,8.0
constrained_ols_av,pass,-0.9073,3.0
constrained_ols_av,pass,0.4501,2.0
constrained_ols_av,pass,-0.0023,7.0
constrained_ols_av,pass,-0.4548,4.0
constrained_ols_av,pass,-0.9073,6.0
constrained_ols_av,pass,-0.9073,9.0
constrained_ols_av,pass,-1.3597,4.0
constrained_ols_av,pass,-0.9073,3.0
constrained_ols_av,pass,-0.9073,5.0
constrained_ols_av,pass,-0.4548,0.0
constrained_ols_av,pass,-0.4548,4.0
constrained_ols_av,pass,0.4501,0.0
constrained_ols_av,pass,-0.0023,0.0
constrained_ols_av,pass,-0.4548,2.0
constrained_ols_av,pass,-0.9073,2.0
constrained_ols_av,pass,0.9026,0.0
constrained_ols_av,pass,-0.0023,0.0
constrained_ols_av,pass,-0.4548,0.0
constrained_ols_av,pass,-0.4548,4.0
constrained_ols_av,pass,-0.0023,0.0
constrained_ols_av,pass,-0.9073,7.0
constrained_ols_av,pass,0.4501,7.0
constrained_ols_av,pass,-0.9073,0.0
constrained_ols_av,pass,-0.9073,0.0
constrained_ols_av,pass,-1.3597,5.0
constrained_ols_av,pass,-0.0023,3.0
constrained_ols_av,pass,-0.4548,0.0
constrained_ols_av,pass,-0.9073,7.0
constrained_ols_av,pass,-0.0023,2.0
constrained_ols_av,pass,-0.4548,3.0
constrained_ols_av,pass,0.4501,5.0
constrained_ols_av,pass,-0.0023,0.0
constrained_ols_av,pass,-0.9073,9.0
constrained_ols_av,pass,-0.4548,2.0
constrained_ols_av,pass,-0.9073,3.0
constrained_ols_av,pass,-0.4548,0.0
constrained_ols_av,pass,0.4501,7.0
constrained_ols_av,pass,-0.9073,8.0
constrained_ols_av,pass,-0.4548,0.0
constrained_ols_av,pass,-0.4548,0.0
constrained_ols_av,pass,0.4501,0.0
constrained_ols_av,pass,0.4501,2.0
constrained_ols_av,pass,-0.4548,4.0
constrained_ols_av,pass,-1.3597,2.0
constrained_ols_av,pass,-0.9073,0.0
constrained_ols_av,pass,-0.9073,5.0
constrained_ols_av,pass,-0.4548,7.0
constrained_ols_av,pass,-0.4548,4.0
constrained_ols_av,pass,-0.0023,10.0
constrained_ols_av,pass,-1.3597,1.0
constrained_ols_av,pass,-0.9073,2.0
constrained_ols_av,pass,-0.4548,7.0
constrained_ols_av,pass,-0.9073,7.0
constrained_ols_av,pass,-1.3597,0.0
constrained_ols_av,pass,-0.4548,4.0
constrained_ols_av,pass,-0.4548,7.0
constrained_ols_av,pass,-0.9073,0.0
constrained_ols_av,pass,-0.4548,0.0
constrained_ols_av,pass,-0.9073,5.0
constrained_ols_av,pass,-0.9073,1.0
constrained_ols_av,pass,-1.3597,2.0
constrained_ols_av,pass,0.4501,7.0
constrained_ols_av,pass,-0.0023,0.0
constrained_ols_av,pass,-1.3597,4.0
constrained_ols_av,pass,-1.3597,4.0
constrained_ols_av,pass,-0.9073,0.0
constrained_ols_av,pass,-0.4548,0.0
constrained_ols_av,pass,-0.0023,4.0
constrained_ols_av,pass,-0.0023,0.0
constrained_ols_av,pass,-0.4548,5.0
constrained_ols_av,pass,-0.9073,0.0
constrained_ols_av,pass,-0.4548,2.0
constrained_ols_av,pass,-0.9073,0.0
constrained_ols_av,pass,-0.4548,3.0
constrained_ols_av,pass,-0.0023,0.0
constrained_ols_av,pass,-0.4548,2.0
constrained_ols_av,pass,0.4501,4.0
constrained_ols_av,pass,-0.4548,4.0
constrained_ols_av,pass,-0.4548,2.0
constrained_ols_av,pass,-1.3597,4.0
constrained_ols_av,pass,-0.0023,0.0
constrained_ols_av,pass,-1.3597,5.0
constrained_ols_av,pass,-0.0023,5.0
constrained_ols_av,pass,-0.4548,5.0
constrained_ols_av,pass,-1.3597,2.0
constrained_ols_av,pass,-0.0023,1.0
constrained_ols_av,pass,-1.3597,0.0
constrained_ols_av,pass,-0.4548,5.0
constrained_ols_av,pass,-0.4548,0.0
constrained_ols_av,pass,-0.0023,3.0
constrained_ols_av,pass,0.4501,8.0
constrained_ols_av,pass,-0.9073,3.0
constrained_ols_av,pass,-1.3597,4.0
constrained_ols_av,pass,-0.0023,4.0
constrained_ols_av,pass,-0.4548,3.0
constrained_ols_av,pass,-0.0023,7.0
constrained_ols_av,pass,-0.9073,4.0
constrained_ols_av,pass,0.4501,5.0
constrained_ols_av,pass,-0.9073,4.0
constrained_ols_av,pass,-0.4548,3.0
constrained_ols_av,pass,-0.0023,0.0
constrained_ols_av,pass,-0.0023,3.0
constrained_ols_av,pass,-0.4548,6.0
constrained_ols_av,pass,-0.4548,1.0
constrained_ols_av,pass,-0.4548,3.0
constrained_ols_av,pass,-0.0023,5.0
constrained_ols_av,pass,-0.4548,0.0
constrained_ols_av,pass,-0.4548,0.0
constrained_ols_av,pass,-1.3597,3.0
constrained_ols_av,pass,-0.4548,0.0
constrained_ols_av,pass,-0.0023,2.0
constrained_ols_av,pass,-0.9073,9.0
constrained_ols_av,pass,-0.9073,0.0
constrained_ols_av,pass,-0.0023,8.0
constrained_ols_av,pass,-0.4548,0.0
constrained_ols_av,pass,-0.4548,2.0
constrained_ols_av,pass,-0.4548,0.0
constrained_ols_av,pass,-0.4548,0.0
constrained_ols_av,pass,-0.4548,6.0
constrained_ols_av,pass,-0.9073,0.0
constrained_ols_av,pass,-0.4548,0.0
constrained_ols_av,pass,-0.0023,4.0
constrained_ols_av,pass,-0.9073,0.0
constrained_ols_av,pass,-0.4548,0.0
constrained_ols_av,pass,-0.9073,6.0
constrained_ols_av,pass,-0.4548,8.0
constrained_ols_av,pass,-0.0023,0.0
constrained_ols_av,pass,-0.4548,5.0
constrained_ols_av,pass,-0.4548,0.0
constrained_ols_av,pass,-0.0023,4.0
constrained_ols_av,pass,-0.4548,0.0
constrained_ols_av,pass,-0.9073,6.0
constrained_ols_av,pass,-0.9073,4.0
constrained_ols_av,pass,-0.0023,0.0
constrained_ols_av,pass,-0.9073,9.0
constrained_ols_av,pass,-0.4548,4.0
constrained_ols_av,pass,-0.9073,4.0
constrained_ols_av,pass,-0.9073,0.0
constrained_ols_av,pass,0.4501,6.0
constrained_ols_av,pass,-0.0023,0.0
constrained_ols_av,pass,-0.4548,6.0
constrained_ols_av,pass,0.4501,6.0
constrained_ols_av,pass,-0.9073,3.0
constrained_ols_av,pass,-0.4548,0.0
constrained_ols_av,pass,-0.0023,2.0
constrained_ols_av,pass,-0.9073,3.0
constrained_ols_av,pass,-0.4548,6.0
constrained_ols_av,pass,-0.9073,6.0
constrained_ols_av,pass,-0.9073,2.0
constrained_ols_av,pass,-0.9073,4.0
constrained_ols_av,pass,-0.0023,4.0
constrained_ols_av,pass,-0.0023,8.0
constrained_ols_av,pass,-0.4548,1.0
constrained_ols_av,pass,-1.3597,2.0
constrained_ols_av,pass,-0.4548,2.0
constrained_ols_av,pass,-0.4548,0.0
constrained_ols_av,pass,-0.4548,4.0
constrained_ols_av,pass,-0.9073,4.0
constrained_ols_av,pass,-1.3597,1.0
constrained_ols_av,pass,-0.9073,7.0
constrained_ols_av,pass,-0.9073,5.0
constrained_ols_av,pass,-1.3597,5.0
constrained_ols_av,pass,-0.4548,4.0
constrained_ols_av,pass,-0.4548,4.0
constrained_ols_av,pass,-0.9073,5.0
constrained_ols_av,pass,-0.9073,6.0
constrained_ols_av,pass,-0.9073,8.0
constrained_ols_av,pass,0.4501,6.0
constrained_ols_av,pass,-0.0023,0.0
constrained_ols_av,pass,-0.9073,2.0
constrained_ols_av,pass,-0.9073,6.0
constrained_ols_av,pass,-0.4548,0.0
constrained_ols_av,pass,-0.0023,0.0
constrained_ols_av,pass,-0.0023,4.0
constrained_ols_av,pass,-0.0023,3.0
constrained_ols_av,pass,-0.0023,7.0
constrained_ols_av,pass,-0.4548,3.0
constrained_ols_av,pass,-0.0023,0.0
constrained_ols_av,pass,-0.4548,7.0
constrained_ols_av,pass,-0.9073,5.0
constrained_ols_av,pass,-1.3597,1.0
constrained_ols_av,pass,-0.4548,0.0
constrained_ols_av,pass,-0.9073,7.0
constrained_ols_av,pass,-0.9073,0.0
constrained_ols_av,pass,-0.9073,3.0
constrained_ols_av,pass,-0.0023,5.0
constrained_ols_av,pass,-0.9073,4.0
constrained_ols_av,pass,-0.0023,0.0
constrained_ols_av,pass,-0.4548,0.0
constrained_ols_av,pass,-0.4548,4.0
constrained_ols_av,pass,-1.3597,0.0
constrained_ols_av,pass,0.4501,0.0
constrained_ols_av,pass,-0.4548,6.0
constrained_ols_av,pass,-0.9073,2.0
constrained_ols_av,pass,-0.4548,5.0
constrained_ols_av,pass,-0.0023,0.0
constrained_ols_av,pass,-0.4548,4.0
constrained_ols_av,pass,-0.4548,4.0
constrained_ols_av,pass,-0.0023,0.0
constrained_ols_av,pass,-0.4548,1.0
constrained_ols_av,pass,-0.9073,0.0
constrained_ols_av,pass,-1.3597,3.0
constrained_ols_av,pass,-0.9073,4.0
constrained_ols_av,pass,-0.0023,7.0
constrained_ols_av,pass,-0.4548,4.0
constrained_ols_av,pass,-0.9073,4.0
constrained_ols_av,pass,-0.0023,9.0
constrained_ols_av,pass,-0.4548,6.0
constrained_ols_av,pass,-0.0023,5.0
constrained_ols_av,pass,0.4501,3.0
constrained_ols_av,pass,-0.0023,9.0
constrained_ols_av,pass,-0.9073,2.0
constrained_ols_av,pass,-0.4548,5.0
constrained_ols_av,pass,-0.4548,7.0
constrained_ols_av,pass,-0.4548,0.0
constrained_ols_av,pass,0.4501,0.0
constrained_ols_av,pass,0.4501,5.0
constrained_ols_av,pass,-0.9073,0.0
constrained_ols_av,pass,-0.0023,4.0
constrained_ols_av,pass,-1.3597,8.0
constrained_ols_av,pass,-0.9073,1.0
constrained_ols_av,pass,-0.0023,4.0
constrained_ols_av,pass,-0.4548,3.0
constrained_ols_av,pass,-0.0023,0.0
constrained_ols_av,pass,-0.4548,0.0
constrained_ols_av,pass,-0.0023,7.0
constrained_ols_av,pass,-0.9073,0.0
constrained_ols_av,pass,-0.9073,0.0
constrained_ols_av,pass,-0.4548,4.0
constrained_ols_av,pass,0.9026,4.0
constrained_ols_av,pass,-0.4548,8.0
constrained_ols_av,pass,-0.0023,9.0
constrained_ols_av,pass,-0.9073,6.0
constrained_ols_av,pass,0.4501,8.0
constrained_ols_av,pass,-0.0023,4.0
constrained_ols_av,pass,-0.0023,6.0
constrained_ols_av,pass,-0.0023,10.0
constrained_ols_av,pass,-0.4548,0.0
constrained_ols_av,pass,-0.9073,4.0
constrained_ols_av,pass,-0.4548,3.0
constrained_ols_av,pass,-0.4548,5.0
constrained_ols_av,pass,0.4501,3.0
constrained_ols_av,pass,-0.9073,3.0
constrained_ols_av,pass,-0.4548,2.0
constrained_ols_av,pass,-0.4548,7.0
constrained_ols_av,pass,-0.4548,2.0
constrained_ols_av,pass,-0.9073,0.0
constrained_ols_av,pass,0.4501,3.0
constrained_ols_av,pass,-0.9073,0.0
constrained_ols_av,pass,-0.0023,0.0
constrained_ols_av,pass,-0.9073,4.0
constrained_ols_av,pass,-0.4548,8.0
constrained_ols_av,pass,0.4501,0.0
constrained_ols_av,pass,-0.0023,3.0
constrained_ols_av,pass,-0.9073,0.0
constrained_ols_av,pass,0.4501,5.0
constrained_ols_av,pass,-0.9073,4.0
constrained_ols_av,pass,-0.0023,1.0
constrained_ols_av,pass,-0.9073,0.0
constrained_ols_av,pass,-0.9073,2.0
constrained_ols_av,pass,-0.4548,7.0
constrained_ols_av,pass,-0.4548,4.0
constrained_ols_av,pass,-0.9073,0.0
constrained_ols_av,pass,-0.9073,0.0
constrained_ols_av,pass,-0.4548,6.0
constrained_ols_av,pass,-0.4548,4.0
constrained_ols_av,pass,0.9026,5.0
constrained_ols_av,pass,0.4501,8.0
constrained_ols_av,pass,0.9026,3.0
constrained_ols_av,pass,-0.0023,4.0
constrained_ols_av,pass,-0.4548,5.0
constrained_ols_av,pass,-0.0023,3.0
constrained_ols_av,pass,-0.0023,7.0
constrained_ols_av,pass,-0.4548,1.0
constrained_ols_av,pass,0.4501,8.0
constrained_ols_av,pass,-0.4548,3.0
constrained_ols_av,pass,-0.4548,5.0
constrained_ols_av,pass,-0.9073,3.0
constrained_ols_av,pass,-0.9073,7.0
constrained_ols_av,pass,-0.4548,8.0
constrained_ols_av,pass,-0.9073,2.0
constrained_ols_av,pass,0.9026,4.0
constrained_ols_av,pass,-0.9073,2.0
constrained_ols_av,pass,-0.9073,8.0
constrained_ols_av,pass,-0.9073,6.0
constrained_ols_av,pass,-0.0023,0.0
constrained_ols_av,pass,-0.9073,0.0
constrained_ols_av,pass,-0.9073,7.0
constrained_ols_av,pass,-0.4548,7.0
constrained_ols_av,pass,-0.4548,3.0
constrained_ols_av,pass,-0.0023,0.0
constrained_ols_av,pass,-0.0023,9.0
constrained_ols_av,pass,-0.0023,8.0
constrained_ols_av,pass,-0.4548,3.0
constrained_ols_av,pass,-1.3597,7.0
constrained_ols_av,pass,-0.9073,6.0
constrained_ols_av,pass,-0.9073,0.0
constrained_ols_av,pass,-0.4548,5.0
constrained_ols_av,pass,-0.4548,0.0
constrained_ols_av,pass,-1.3597,0.0
constrained_ols_av,pass,0.4501,6.0
constrained_ols_av,pass,-0.0023,1.0
constrained_ols_av,pass,-0.9073,0.0
constrained_ols_av,pass,-0.9073,4.0
constrained_ols_av,pass,-0.0023,0.0
constrained_ols_av,pass,-0.4548,8.0
constrained_ols_av,pass,-0.4548,2.0
constrained_ols_av,pass,-0.0023,4.0
constrained_ols_av,pass,-0.4548,8.0
constrained_ols_av,pass,-0.9073,4.0
constrained_ols_av,pass,-0.0023,0.0
constrained_ols_av,pass,-1.3597,0.0
constrained_ols_av,pass,-0.4548,7.0
constrained_ols_av,pass,-1.3597,10.0
constrained_ols_av,pass,-0.9073,4.0
constrained_ols_av,pass,0.9026,5.0
constrained_ols_av,pass,-0.4548,4.0
constrained_ols_av,pass,-0.4548,5.0
constrained_ols_av,pass,-0.4548,1.0
constrained_ols_av,pass,-0.4548,1.0
constrained_ols_av,pass,-0.9073,0.0
constrained_ols_av,pass,-1.3597,0.0
constrained_ols_av,pass,-0.4548,5.0
constrained_ols_av,pass,-0.4548,5.0
constrained_ols_av,pass,-0.9073,9.0
constrained_ols_av,pass,-0.4548,3.0
constrained_ols_av,pass,-0.4548,6.0
constrained_ols_av,pass,-0.4548,0.0
constrained_ols_av,pass,-0.0023,7.0
constrained_ols_av,pass,0.4501,6.0
constrained_ols_av,pass,-0.4548,2.0
constrained_ols_av,pass,-0.4548,3.0
constrained_ols_av,pass,-0.9073,2.0
constrained_ols_av,pass,-0.0023,3.0
constrained_ols_av,pass,-0.9073,0.0
constrained_ols_av,pass,-0.4548,0.0
constrained_ols_av,pass,-0.9073,0.0
constrained_ols_av,pass,-0.9073,0.0
constrained_ols_av,pass,0.4501,9.0
constrained_ols_av,pass,-0.0023,3.0
constrained_ols_av,pass,-0.0023,0.0
constrained_ols_av,pass,-0.4548,5.0
constrained_ols_av,pass,-0.4548,0.0
constrained_ols_av,pass,-0.4548,0.0
constrained_ols_av,pass,-0.4548,0.0
constrained_ols_av,pass,-0.9073,2.0
constrained_ols_av,pass,0.4501,0.0
constrained_ols_av,pass,-0.4548,5.0
constrained_ols_av,pass,-0.9073,3.0
constrained_ols_av,pass,-0.4548,4.0
constrained_ols_av,pass,-0.4548,0.0
constrained_ols_av,pass,-0.9073,4.0
constrained_ols_av,pass,-0.0023,3.0
constrained_ols_av,pass,-0.4548,0.0
constrained_ols_av,pass,-0.4548,3.0
constrained_ols_av,pass,-0.4548,3.0
constrained_ols_av,pass,-0.4548,3.0
constrained_ols_av,pass,-0.9073,0.0
constrained_ols_av,pass,-0.4548,4.0
constrained_ols_av,pass,-0.4548,2.0
constrained_ols_av,pass,-0.4548,8.0
constrained_ols_av,pass,-0.4548,4.0
constrained_ols_av,pass,-0.4548,4.0
constrained_ols_av,pass,-0.4548,4.0
constrained_ols_av,pass,-0.0023,1.0
constrained_ols_av,pass,-0.4548,2.0
constrained_ols_av,pass,0.9026,2.0
constrained_ols_av,pass,-0.4548,0.0
constrained_ols_av,pass,0.4501,3.0
constrained_ols_av,pass,-0.4548,4.0
constrained_ols_av,pass,-0.9073,3.0
constrained_ols_av,pass,-0.9073,5.0
constrained_ols_av,pass,-1.3597,2.0
constrained_ols_av,pass,-0.4548,4.0
constrained_ols_av,pass,-0.4548,2.0
constrained_ols_av,pass,-0.4548,3.0
constrained_ols_av,pass,-0.0023,4.0
constrained_ols_av,pass,-0.9073,3.0
constrained_ols_av,pass,0.4501,0.0
constrained_ols_av,pass,-0.0023,1.0
constrained_ols_av,pass,-0.9073,0.0
constrained_ols_av,pass,0.4501,9.0
constrained_ols_av,pass,-0.4548,0.0
constrained_ols_av,pass,-0.9073,0.0
constrained_ols_av,pass,-0.0023,3.0
constrained_ols_av,pass,-0.9073,4.0
constrained_ols_av,pass,-0.0023,2.0
constrained_ols_av,pass,-0.4548,3.0
constrained_ols_av,pass,-0.0023,0.0
constrained_ols_av,pass,-1.3597,6.0
constrained_ols_av,pass,-0.0023,4.0
constrained_ols_av,pass,-0.4548,7.0
constrained_ols_av,pass,-0.9073,4.0
constrained_ols_av,pass,-0.9073,5.0
constrained_ols_av,pass,0.9026,2.0
constrained_ols_av,pass,-0.4548,4.0
constrained_ols_av,pass,-0.9073,6.0
constrained_ols_av,pass,-0.0023,3.0
constrained_ols_av,pass,-0.4548,7.0
constrained_ols_av,pass,-0.4548,6.0
constrained_ols_av,pass,-0.4548,0.0
constrained_ols_av,pass,0.4501,0.0
constrained_ols_av,pass,-0.0023,5.0
constrained_ols_av,pass,-0.4548,4.0
constrained_ols_av,pass,-0.9073,3.0
constrained_ols_av,pass,-0.4548,3.0
constrained_ols_av,pass,-1.3597,2.0
constrained_ols_av,pass,-0.0023,0.0
constrained_ols_av,pass,-0.0023,2.0
constrained_ols_av,pass,-0.9073,0.0
constrained_ols_av,pass,-0.0023,0.0
constrained_ols_av,pass,-0.4548,4.0
constrained_ols_av,pass,-0.9073,4.0
constrained_ols_av,pass,-0.9073,3.0
constrained_ols_av,pass,-0.4548,0.0
constrained_ols_av,pass,-0.0023,5.0
constrained_ols_av,pass,-1.3597,2.0
constrained_ols_av,pass,-0.9073,2.0
constrained_ols_av,pass,-0.4548,0.0
constrained_ols_av,pass,-0.0023,7.0
constrained_ols_av,pass,-0.4548,0.0
constrained_ols_av,pass,-0.0023,0.0
constrained_ols_av,pass,-0.4548,4.0
constrained_ols_av,pass,-0.4548,8.0
constrained_ols_av,pass,-0.0023,6.0
constrained_ols_av,pass,-0.0023,6.0
constrained_ols_av,pass,-0.4548,2.0
constrained_ols_av,pass,-0.0023,0.0
constrained_ols_av,pass,-0.0023,0.0
constrained_ols_av,pass,-0.9073,3.0
constrained_ols_av,pass,-0.0023,2.0
constrained_ols_av,pass,-0.0023,4.0
constrained_ols_av,pass,-0.4548,5.0
constrained_ols_av,pass,-0.4548,0.0
constrained_ols_av,pass,-0.4548,0.0
constrained_ols_av,pass,-0.9073,4.0
constrained_ols_av,pass,-1.3597,3.0
constrained_ols_av,pass,0.4501,5.0
constrained_ols_av,pass,-0.0023,3.0
constrained_ols_av,pass,-0.9073,1.0
constrained_ols_av,pass,-0.4548,0.0
constrained_ols_av,pass,-0.0023,6.0
constrained_ols_av,pass,-0.9073,0.0
constrained_ols_av,pass,-0.4548,1.0
constrained_ols_av,pass,-0.4548,6.0
constrained_ols_av,pass,-0.4548,2.0
constrained_ols_av,pass,-0.0023,0.0
constrained_ols_av,pass,-0.4548,4.0
constrained_ols_av,pass,-0.9073,7.0
constrained_ols_av,pass,-0.9073,7.0
constrained_ols_av,pass,-0.0023,2.0
constrained_ols_av,pass,-0.0023,0.0
constrained_ols_av,pass,-0.9073,4.0
constrained_ols_av,pass,-0.4548,7.0
constrained_ols_av,pass,-0.0023,0.0
constrained_ols_av,pass,-0.0023,7.0
constrained_ols_av,pass,0.4501,3.0
constrained_ols_av,pass,-0.4548,5.0
constrained_ols_av,pass,-0.0023,3.0
constrained_ols_av,pass,-1.3597,5.0
constrained_ols_av,pass,-0.0023,3.0
constrained_ols_av,pass,-0.4548,2.0
constrained_ols_av,pass,-0.9073,4.0
constrained_ols_av,pass,-0.4548,4.0
constrained_ols_av,pass,-0.4548,0.0
constrained_ols_av,pass,-0.9073,0.0
constrained_ols_av,pass,-1.3597,6.0
constrained_ols_av,pass,-0.9073,5.0
constrained_ols_av,pass,0.4501,3.0
constrained_ols_av,pass,-0.9073,6.0
constrained_ols_av,pass,-0.0023,0.0
constrained_ols_av,pass,-0.0023,3.0
constrained_ols_av,pass,-0.9073,6.0
constrained_ols_av,pass,-0.4548,3.0
constrained_ols_av,pass,-0.0023,0.0
constrained_ols_av,pass,0.4501,6.0
constrained_ols_av,pass,-0.0023,0.0
constrained_ols_av,pass,-0.0023,0.0
constrained_ols_av,pass,-0.9073,8.0
constrained_ols_av,pass,-0.9073,5.0
constrained_ols_av,pass,-1.3597,0.0
constrained_ols_av,pass,0.4501,3.0
constrained_ols_av,pass,0.9026,8.0
constrained_ols_av,pass,-1.3597,0.0
constrained_ols_av,pass,-0.9073,7.0
constrained_ols_av,pass,-0.4548,8.0
constrained_ols_av,pass,-0.9073,8.0
constrained_ols_av,pass,-0.0023,4.0
constrained_ols_av,pass,-0.4548,3.0
constrained_ols_av,pass,0.9026,4.0
constrained_ols_av,pass,-0.4548,0.0
constrained_ols_av,pass,-0.0023,7.0
constrained_ols_av,pass,-0.4548,4.0
constrained_ols_av,pass,-0.0023,0.0
constrained_ols_av,pass,-0.4548,4.0
constrained_ols_av,pass,0.9026,0.0
constrained_ols_av,pass,-0.9073,0.0
constrained_ols_av,pass,0.4501,4.0
constrained_ols_av,pass,-0.9073,6.0
constrained_ols_av,pass,-1.3597,4.0
constrained_ols_av,pass,-0.0023,0.0
constrained_ols_av,pass,-0.4548,5.0
constrained_ols_av,pass,-0.4548,2.0
constrained_ols_av,pass,-0.9073,1.0
constrained_ols_av,pass,-0.4548,4.0
constrained_ols_av,pass,-0.9073,0.0
constrained_ols_av,pass,-0.4548,0.0
constrained_ols_av,pass,-0.0023,6.0
constrained_ols_av,pass,-0.0023,0.0
constrained_ols_av,pass,-0.4548,1.0
constrained_ols_av,pass,-0.9073,3.0
constrained_ols_av,pass,0.4501,5.0
constrained_ols_av,pass,-0.0023,0.0
constrained_ols_av,pass,-0.4548,7.0
constrained_ols_av,pass,-0.0023,3.0
constrained_ols_av,pass,-0.0023,0.0
constrained_ols_av,pass,-0.9073,5.0
constrained_ols_av,pass,-0.4548,0.0
constrained_ols_av,pass,-0.4548,4.0
constrained_ols_av,pass,-0.4548,0.0
constrained_ols_av,pass,-0.9073,0.0
constrained_ols_av,pass,-0.4548,0.0
constrained_ols_av,pass,-0.0023,0.0
constrained_ols_av,pass,-0.9073,3.0
constrained_ols_av,pass,-0.0023,5.0
constrained_ols_av,pass,-0.4548,2.0
constrained_ols_av,pass,-0.0023,8.0
constrained_ols_av,pass,-0.9073,2.0
constrained_ols_av,pass,-0.4548,6.0
constrained_ols_av,pass,-0.9073,7.0
constrained_ols_av,pass,-0.4548,7.0
constrained_ols_av,pass,-0.9073,1.0
constrained_ols_av,pass,-0.0023,3.0
constrained_ols_av,pass,-0.4548,0.0
constrained_ols_av,pass,-0.4548,4.0
constrained_ols_av,pass,-0.4548,6.0
constrained_ols_av,pass,-0.4548,0.0
constrained_ols_av,pass,-0.0023,0.0
constrained_ols_av,pass,-0.0023,3.0
constrained_ols_av,pass,0.4501,0.0
constrained_ols_av,pass,-0.0023,4.0
constrained_ols_av,pass,-0.4548,3.0
constrained_ols_av,pass,-0.4548,8.0
constrained_ols_av,pass,-0.9073,5.0
constrained_ols_av,pass,-0.9073,5.0
constrained_ols_av,pass,-0.4548,7.0
constrained_ols_av,pass,-0.4548,8.0
constrained_ols_av,pass,-0.4548,0.0
constrained_ols_av,pass,-0.4548,2.0
constrained_ols_av,pass,-0.9073,8.0
constrained_ols_av,pass,-0.0023,7.0
constrained_ols_av,pass,-0.0023,3.0
constrained_ols_av,pass,-0.4548,2.0
constrained_ols_av,pass,-0.9073,4.0
constrained_ols_av,pass,0.4501,9.0
constrained_ols_av,pass,-0.9073,3.0
constrained_ols_av,pass,-0.4548,2.0
constrained_ols_av,pass,-0.4548,0.0
constrained_ols_av,pass,-0.9073,7.0
constrained_ols_av,pass,0.4501,3.0
constrained_ols_av,pass,-0.9073,0.0
constrained_ols_av,pass,-0.0023,3.0
constrained_ols_av,pass,-0.4548,6.0
constrained_ols_av,pass,-0.0023,6.0
constrained_ols_av,pass,-0.9073,4.0
constrained_ols_av,pass,0.9026,3.0
constrained_ols_av,pass,-0.9073,2.0
constrained_ols_av,pass,-0.9073,0.0
constrained_ols_av,pass,-0.0023,3.0
constrained_ols_av,pass,-1.3597,0.0
constrained_ols_av,pass,-0.9073,8.0
constrained_ols_av,pass,-0.9073,3.0
constrained_ols_av,pass,-0.9073,0.0
constrained_ols_av,pass,-0.4548,3.0
constrained_ols_av,pass,-0.0023,4.0
constrained_ols_av,pass,-0.4548,4.0
constrained_ols_av,pass,-0.9073,4.0
constrained_ols_av,pass,-0.9073,0.0
constrained_ols_av,pass,-0.0023,0.0
constrained_ols_av,pass,-0.9073,4.0
constrained_ols_av,pass,-0.0023,0.0
constrained_ols_av,pass,0.9026,7.0
constrained_ols_av,pass,-1.3597,2.0
constrained_ols_av,pass,-0.9073,3.0
constrained_ols_av,pass,-0.4548,8.0
constrained_ols_av,pass,-0.9073,2.0
constrained_ols_av,pass,-0.9073,7.0
constrained_ols_av,pass,-0.4548,6.0
constrained_ols_av,pass,-0.4548,0.0
constrained_ols_av,pass,-0.4548,4.0
constrained_ols_av,pass,-0.4548,6.0
constrained_ols_av,pass,-0.4548,9.0
constrained_ols_av,pass,-0.9073,2.0
constrained_ols_av,pass,-0.0023,0.0
constrained_ols_av,pass,-0.4548,3.0
constrained_ols_av,pass,-0.4548,4.0
constrained_ols_av,pass,-0.9073,4.0
constrained_ols_av,pass,-1.3597,4.0
constrained_ols_av,pass,-0.4548,5.0
constrained_ols_av,pass,-0.4548,4.0
constrained_ols_av,pass,-0.4548,0.0
constrained_ols_av,pass,-0.0023,0.0
constrained_ols_av,pass,-0.4548,3.0
constrained_ols_av,pass,-0.0023,6.0
constrained_ols_av,pass,-0.4548,7.0
constrained_ols_av,pass,-0.4548,5.0
constrained_ols_av,pass,-0.4548,3.0
constrained_ols_av,pass,0.4501,3.0
constrained_ols_av,pass,-0.9073,7.0
constrained_ols_av,pass,0.4501,0.0
constrained_ols_av,pass,-0.4548,4.0
constrained_ols_av,pass,-0.9073,0.0
constrained_ols_av,pass,-0.0023,6.0
constrained_ols_av,pass,-0.4548,0.0
constrained_ols_av,pass,-0.0023,7.0
constrained_ols_av,pass,-0.9073,4.0
constrained_ols_av,pass,-0.0023,7.0
constrained_ols_av,pass,-0.9073,3.0
constrained_ols_av,pass,-0.4548,2.0
constrained_ols_av,pass,-0.4548,0.0
constrained_ols_av,pass,-0.0023,0.0
constrained_ols_av,pass,-1.3597,0.0
constrained_ols_av,pass,-0.9073,4.0
constrained_ols_av,pass,-0.0023,0.0
constrained_ols_av,pass,0.9026,9.0
constrained_ols_av,pass,-1.3597,3.0
constrained_ols_av,pass,-0.9073,0.0
constrained_ols_av,pass,-0.9073,3.0
constrained_ols_av,pass,-0.4548,8.0
constrained_ols_av,pass,-0.9073,0.0
constrained_ols_av,pass,-0.4548,0.0
constrained_ols_av,pass,-0.4548,0.0
constrained_ols_av,pass,-0.0023,0.0
constrained_ols_av,pass,-0.0023,0.0
constrained_ols_av,pass,0.4501,0.0
constrained_ols_av,pass,-0.4548,8.0
constrained_ols_av,pass,0.4501,8.0
constrained_ols_av,pass,-0.4548,5.0
constrained_ols_av,pass,-0.9073,0.0
constrained_ols_av,pass,-0.9073,2.0
constrained_ols_av,pass,-0.9073,4.0
constrained_ols_av,pass,0.4501,0.0
constrained_ols_av,pass,0.9026,0.0
constrained_ols_av,pass,-0.0023,0.0
constrained_ols_av,pass,-1.3597,2.0
constrained_ols_av,pass,-0.4548,0.0
constrained_ols_av,pass,-0.9073,2.0
constrained_ols_av,pass,-0.4548,3.0
constrained_ols_av,pass,-0.4548,0.0
constrained_ols_av,pass,-0.4548,3.0
constrained_ols_av,pass,-0.0023,8.0
constrained_ols_av,pass,-0.0023,8.0
constrained_ols_av,pass,-0.9073,0.0
constrained_ols_av,pass,-0.9073,6.0
constrained_ols_av,pass,-0.4548,4.0
constrained_ols_av,pass,-1.3597,1.0
constrained_ols_av,pass,-0.4548,0.0
constrained_ols_av,pass,0.4501,3.0
constrained_ols_av,pass,-0.4548,6.0
constrained_ols_av,pass,-0.0023,5.0
constrained_ols_av,pass,-0.4548,2.0
constrained_ols_av,pass,-0.0023,4.0
constrained_ols_av,pass,-1.3597,7.0
constrained_ols_av,pass,-0.9073,6.0
constrained_ols_av,pass,-0.4548,3.0
constrained_ols_av,pass,-0.0023,5.0
constrained_ols_av,pass,-1.3597,5.0
constrained_ols_av,pass,-0.4548,0.0
constrained_ols_av,pass,-0.4548,4.0
constrained_ols_av,pass,-0.4548,0.0
constrained_ols_av,pass,-0.4548,0.0
constrained_ols_av,pass,-0.4548,1.0
constrained_ols_av,pass,-0.4548,0.0
constrained_ols_av,pass,-0.9073,4.0
constrained_ols_av,pass,-0.4548,6.0
constrained_ols_av,pass,-0.9073,0.0
constrained_ols_av,pass,-0.0023,5.0
constrained_ols_av,pass,-0.4548,6.0
constrained_ols_av,pass,-0.4548,0.0
constrained_ols_av,pass,-0.4548,4.0
constrained_ols_av,pass,-0.9073,5.0
constrained_ols_av,pass,0.4501,2.0
constrained_ols_av,pass,-0.4548,6.0
constrained_ols_av,pass,-0.9073,0.0
constrained_ols_av,pass,-0.9073,2.0
constrained_ols_av,pass,-0.9073,3.0
constrained_ols_av,pass,-0.0023,6.0
constrained_ols_av,pass,-0.9073,4.0
constrained_ols_av,pass,0.4501,0.0
constrained_ols_av,pass,-0.4548,0.0
constrained_ols_av,pass,-0.4548,0.0
constrained_ols_av,pass,-0.4548,4.0
constrained_ols_av,pass,-0.4548,2.0
constrained_ols_av,pass,-0.4548,0.0
constrained_ols_av,pass,-0.9073,2.0
constrained_ols_av,pass,-0.4548,4.0
constrained_ols_av,pass,-0.4548,0.0
constrained_ols_av,pass,0.4501,0.0
constrained_ols_av,pass,-0.0023,0.0
constrained_ols_av,pass,-0.9073,4.0
constrained_ols_av,pass,-0.9073,0.0
constrained_ols_av,pass,-0.9073,0.0
constrained_ols_av,pass,-0.4548,7.0
constrained_ols_av,pass,0.4501,8.0
constrained_ols_av,pass,-0.0023,2.0
constrained_ols_av,pass,-0.9073,3.0
constrained_ols_av,pass,-0.9073,0.0
constrained_ols_av,pass,-0.4548,4.0
constrained_ols_av,pass,-0.4548,4.0
constrained_ols_av,pass,-0.4548,4.0
constrained_ols_av,pass,-0.9073,2.0
constrained_ols_av,pass,-0.0023,0.0
constrained_ols_av,pass,-0.4548,2.0
constrained_ols_av,pass,-0.4548,2.0
constrained_ols_av,pass,-0.4548,3.0
constrained_ols_av,pass,0.4501,9.0
constrained_ols_av,pass,0.4501,3.0
constrained_ols_av,pass,-0.9073,6.0
constrained_ols_av,pass,0.9026,0.0
constrained_ols_av,pass,-0.4548,0.0
constrained_ols_av,pass,-0.4548,0.0
constrained_ols_av,pass,-0.0023,0.0
constrained_ols_av,pass,-0.9073,5.0
constrained_ols_av,pass,-0.4548,0.0
constrained_ols_av,pass,-0.0023,7.0
constrained_ols_av,pass,-0.4548,4.0
constrained_ols_av,pass,-1.3597,4.0
constrained_ols_av,pass,-0.9073,4.0
constrained_ols_av,pass,-0.0023,6.0
constrained_ols_av,pass,0.4501,0.0
constrained_ols_av,pass,-1.3597,4.0
constrained_ols_av,pass,-1.3597,1.0
constrained_ols_av,pass,-0.0023,6.0
constrained_ols_av,pass,-0.0023,4.0
constrained_ols_av,pass,-0.4548,4.0
constrained_ols_av,pass,-1.3597,5.0
constrained_ols_av,pass,-0.4548,3.0
constrained_ols_av,pass,-0.0023,5.0
constrained_ols_av,pass,-1.3597,0.0
constrained_ols_av,pass,-0.4548,6.0
constrained_ols_av,pass,-0.9073,0.0
constrained_ols_av,pass,-0.0023,4.0
constrained_ols_av,pass,0.4501,0.0
constrained_ols_av,pass,0.9026,0.0
constrained_ols_av,pass,-0.4548,0.0
constrained_ols_av,pass,-0.4548,5.0
constrained_ols_av,pass,-0.9073,3.0
constrained_ols_av,pass,-0.4548,5.0
constrained_ols_av,pass,-0.0023,9.0
constrained_ols_av,pass,-0.4548,8.0
constrained_ols_av,pass,-0.0023,0.0
constrained_ols_av,pass,-0.4548,7.0
constrained_ols_av,pass,-0.9073,7.0
constrained_ols_av,pass,-0.0023,8.0
constrained_ols_av,pass,-0.9073,6.0
constrained_ols_av,pass,-1.3597,0.0
constrained_ols_av,pass,-0.9073,2.0
constrained_ols_av,pass,-0.4548,2.0
constrained_ols_av,pass,-0.4548,4.0
constrained_ols_av,pass,-0.9073,4.0
constrained_ols_av,pass,-1.3597,8.0
constrained_ols_av,pass,-1.3597,6.0
constrained_ols_av,pass,-0.9073,4.0
constrained_ols_av,pass,-0.0023,0.0
constrained_ols_av,pass,-1.3597,2.0
constrained_ols_av,pass,-0.4548,5.0
constrained_ols_av,pass,0.4501,0.0
constrained_ols_av,pass,-0.4548,4.0
constrained_ols_av,pass,-0.4548,0.0
constrained_ols_av,pass,-0.9073,2.0
constrained_ols_av,pass,-0.4548,5.0
constrained_ols_av,pass,-0.0023,4.0
constrained_ols_av,pass,-0.4548,4.0
constrained_ols_av,pass,0.4501,5.0
constrained_ols_av,pass,-0.4548,0.0
constrained_ols_av,pass,-0.9073,2.0
constrained_ols_av,pass,-0.0023,6.0
constrained_ols_av,pass,-0.4548,3.0
constrained_ols_av,pass,-0.4548,3.0
constrained_ols_av,pass,-0.9073,7.0
constrained_ols_av,pass,-0.4548,0.0
constrained_ols_av,pass,-0.9073,0.0
constrained_ols_av,pass,-0.9073,3.0
constrained_ols_av,pass,-0.4548,0.0
constrained_ols_av,pass,-0.9073,0.0
constrained_ols_av,pass,0.4501,6.0
constrained_ols_av,pass,-0.0023,9.0
constrained_ols_av,pass,-0.0023,2.0
constrained_ols_av,pass,-0.0023,0.0
constrained_ols_av,pass,-0.9073,8.0
constrained_ols_av,pass,-0.4548,3.0
constrained_ols_av,pass,-1.3597,0.0
constrained_ols_av,pass,-0.9073,4.0
constrained_ols_av,pass,-0.9073,0.0
constrained_ols_av,pass,-1.3597,0.0
constrained_ols_av,pass,0.4501,4.0
constrained_ols_av,pass,-0.9073,8.0
constrained_ols_av,pass,-1.3597,1.0
constrained_ols_av,pass,-0.4548,2.0
constrained_ols_av,pass,-0.4548,6.0
constrained_ols_av,pass,-1.3597,5.0
constrained_ols_av,pass,-0.4548,4.0
constrained_ols_av,pass,-0.4548,0.0
constrained_ols_av,pass,-0.9073,0.0
constrained_ols_av,pass,-0.9073,0.0
constrained_ols_av,pass,-0.9073,4.0
constrained_ols_av,pass,-0.4548,0.0
constrained_ols_av,pass,-0.0023,0.0
constrained_ols_av,pass,-0.0023,0.0
constrained_ols_av,pass,0.4501,3.0
constrained_ols_av,pass,-0.4548,2.0
constrained_ols_av,pass,-0.4548,4.0
constrained_ols_av,pass,-0.9073,2.0
constrained_ols_av,pass,-0.9073,1.0
constrained_ols_av,pass,-0.4548,4.0
constrained_ols_av,pass,-0.4548,0.0
constrained_ols_av,pass,-0.4548,0.0
constrained_ols_av,pass,0.4501,7.0
constrained_ols_av,pass,-0.0023,4.0
constrained_ols_av,pass,-0.4548,0.0
constrained_ols_av,pass,-0.4548,3.0
constrained_ols_av,pass,-1.3597,0.0
constrained_ols_av,pass,-0.0023,0.0
constrained_ols_av,pass,-0.0023,5.0
constrained_ols_av,pass,-0.9073,1.0
constrained_ols_av,pass,-0.0023,4.0
constrained_ols_av,pass,-0.9073,4.0
constrained_ols_av,pass,-0.9073,1.0
constrained_ols_av,pass,-1.3597,2.0
constrained_ols_av,pass,-0.4548,9.0
constrained_ols_av,pass,-0.4548,5.0
constrained_ols_av,pass,-0.9073,6.0
constrained_ols_av,pass,-0.9073,4.0
constrained_ols_av,pass,-0.9073,3.0
constrained_ols_av,pass,-0.4548,3.0
constrained_ols_av,pass,-0.9073,3.0
constrained_ols_av,pass,-0.0023,0.0
constrained_ols_av,pass,-0.9073,7.0
constrained_ols_av,pass,-0.0023,0.0
constrained_ols_av,pass,-0.4548,6.0
constrained_ols_av,pass,-0.9073,2.0
constrained_ols_av,pass,-0.4548,6.0
constrained_ols_av,pass,-1.3597,5.0
constrained_ols_av,pass,-0.4548,0.0
constrained_ols_av,pass,-0.9073,5.0
constrained_ols_av,pass,-0.4548,3.0
constrained_ols_av,pass,-0.0023,3.0
constrained_ols_av,pass,-0.0023,4.0
constrained_ols_av,pass,-0.4548,4.0
constrained_ols_av,pass,-1.3597,4.0
constrained_ols_av,pass,-0.0023,7.0
constrained_ols_av,pass,-0.4548,6.0
constrained_ols_av,pass,-0.9073,3.0
constrained_ols_av,pass,-0.9073,0.0
constrained_ols_av,pass,-0.9073,7.0
constrained_ols_av,pass,-0.0023,0.0
constrained_ols_av,pass,-0.9073,4.0
constrained_ols_av,pass,-0.9073,0.0
constrained_ols_av,pass,-0.0023,2.0
constrained_ols_av,pass,-0.4548,8.0
constrained_ols_av,pass,-0.9073,4.0
constrained_ols_av,pass,-0.4548,5.0
constrained_ols_av,pass,-0.0023,2.0
constrained_ols_av,pass,-0.4548,2.0
constrained_ols_av,pass,-0.0023,0.0
constrained_ols_av,pass,-0.9073,2.0
constrained_ols_av,pass,-0.9073,4.0
constrained_ols_av,pass,-0.4548,0.0
constrained_ols_av,pass,-0.0023,4.0
constrained_ols_av,pass,-0.0023,0.0
constrained_ols_av,pass,-0.0023,0.0
constrained_ols_av,pass,0.4501,3.0
constrained_ols_av,pass,-0.9073,3.0
constrained_ols_av,pass,-0.4548,3.0
constrained_ols_av,pass,-1.3597,5.0
constrained_ols_av,pass,-0.0023,0.0
constrained_ols_av,pass,-0.0023,8.0
constrained_ols_av,pass,-0.4548,0.0
constrained_ols_av,pass,-0.9073,0.0
constrained_ols_av,pass,-0.4548,2.0
constrained_ols_av,pass,-0.4548,5.0
constrained_ols_av,pass,-0.0023,0.0
constrained_ols_av,pass,0.9026,0.0
constrained_ols_av,pass,-0.4548,8.0
constrained_ols_av,pass,-0.9073,2.0
constrained_ols_av,pass,-0.4548,2.0
constrained_ols_av,pass,-0.9073,0.0
constrained_ols_av,pass,-0.9073,2.0
constrained_ols_av,pass,-0.0023,8.0
constrained_ols_av,pass,-1.3597,5.0
constrained_ols_av,pass,-0.0023,0.0
constrained_ols_av,pass,-0.4548,3.0
constrained_ols_av,pass,-0.4548,0.0
constrained_ols_av,pass,0.4501,3.0
constrained_ols_av,pass,-0.0023,9.0
constrained_ols_av,pass,-0.9073,10.0
constrained_ols_av,pass,-0.0023,0.0
constrained_ols_av,pass,-0.0023,3.0
constrained_ols_av,pass,-0.4548,4.0
constrained_ols_av,pass,0.4501,7.0
constrained_ols_av,pass,-0.9073,0.0
constrained_ols_av,pass,-0.4548,10.0
constrained_ols_av,pass,-0.4548,3.0
constrained_ols_av,pass,-0.4548,0.0
constrained_ols_av,pass,-1.3597,4.0
constrained_ols_av,pass,-0.4548,2.0
constrained_ols_av,pass,-0.0023,1.0
constrained_ols_av,pass,-0.4548,4.0
constrained_ols_av,pass,-0.0023,1.0
constrained_ols_av,pass,-0.0023,0.0
constrained_ols_av,pass,-0.9073,3.0
constrained_ols_av,pass,-0.0023,3.0
constrained_ols_av,pass,0.4501,0.0
constrained_ols_av,pass,-0.4548,0.0
constrained_ols_av,pass,-1.3597,7.0
constrained_ols_av,pass,-0.0023,3.0
constrained_ols_av,pass,-0.9073,0.0
constrained_ols_av,pass,-0.4548,8.0
constrained_ols_av,pass,-0.4548,0.0
constrained_ols_av,pass,-0.9073,8.0
constrained_ols_av,pass,0.4501,0.0
constrained_ols_av,pass,0.4501,5.0
constrained_ols_av,pass,-0.9073,7.0
constrained_ols_av,pass,0.9026,3.0
constrained_ols_av,pass,-0.0023,2.0
constrained_ols_av,pass,-0.0023,7.0
constrained_ols_av,pass,-0.4548,0.0
constrained_ols_av,pass,-0.4548,0.0
constrained_ols_av,pass,-0.9073,0.0
constrained_ols_av,pass,-0.4548,1.0
constrained_ols_av,pass,-0.0023,0.0
constrained_ols_av,pass,-0.9073,3.0
constrained_ols_av,pass,-0.4548,6.0
constrained_ols_av,pass,-0.0023,0.0
constrained_ols_av,pass,-1.3597,3.0
constrained_ols_av,pass,0.4501,5.0
constrained_ols_av,pass,-0.4548,0.0
constrained_ols_av,pass,-1.3597,7.0
constrained_ols_av,pass,-0.4548,7.0
constrained_ols_av,pass,-0.4548,0.0
constrained_ols_av,pass,-0.0023,0.0
constrained_ols_av,pass,0.4501,0.0
constrained_ols_av,pass,-0.9073,0.0
constrained_ols_av,pass,-0.0023,3.0
constrained_ols_av,pass,-0.9073,5.0
constrained_ols_av,pass,-0.0023,2.0
constrained_ols_av,pass,-1.3597,3.0
constrained_ols_av,pass,-0.9073,0.0
constrained_ols_av,pass,-1.3597,0.0
constrained_ols_av,pass,0.4501,3.0
constrained_ols_av,pass,-0.9073,9.0
constrained_ols_av,pass,-0.9073,0.0
constrained_ols_av,pass,-0.9073,2.0
constrained_ols_av,pass,-0.4548,4.0
constrained_ols_av,pass,-0.9073,8.0
constrained_ols_av,pass,-0.0023,0.0
constrained_ols_av,pass,-0.9073,2.0
constrained_ols_av,pass,-0.9073,5.0
constrained_ols_av,pass,0.4501,6.0
constrained_ols_av,pass,-0.4548,0.0
constrained_ols_av,pass,-0.4548,2.0
constrained_ols_av,pass,-0.9073,3.0
constrained_ols_av,pass,-0.0023,0.0
constrained_ols_av,pass,-0.9073,4.0
constrained_ols_av,pass,-0.9073,4.0
constrained_ols_av,pass,0.4501,5.0
constrained_ols_av,pass,-0.9073,6.0
constrained_ols_av,pass,-1.3597,3.0
constrained_ols_av,pass,-0.4548,3.0
constrained_ols_av,pass,0.4501,5.0
constrained_ols_av,pass,-0.4548,3.0
constrained_ols_av,pass,-1.3597,1.0
constrained_ols_av,pass,-0.9073,1.0
constrained_ols_av,pass,-0.0023,7.0
constrained_ols_av,pass,-0.0023,6.0
constrained_ols_av,pass,-0.4548,0.0
constrained_ols_av,pass,-0.0023,0.0
constrained_ols_av,pass,-0.0023,0.0
constrained_ols_av,pass,-0.9073,0.0
constrained_ols_av,pass,-0.9073,9.0
constrained_ols_av,pass,-0.9073,3.0
constrained_ols_av,pass,-0.4548,6.0
constrained_ols_av,pass,-0.9073,4.0
constrained_ols_av,pass,-0.4548,0.0
constrained_ols_av,pass,-0.0023,0.0
constrained_ols_av,pass,-0.4548,3.0
constrained_ols_av,pass,-0.4548,3.0
constrained_ols_av,pass,-0.0023,2.0
constrained_ols_av,pass,-0.9073,3.0
constrained_ols_av,pass,-0.9073,2.0
constrained_ols_av,pass,-0.9073,0.0
constrained_ols_av,pass,-0.4548,6.0
constrained_ols_av,pass,-0.4548,5.0
constrained_ols_av,pass,-0.0023,5.0
constrained_ols_av,pass,-0.9073,0.0
constrained_ols_av,pass,-0.9073,0.0
constrained_ols_av,pass,-0.9073,2.0
constrained_ols_av,pass,-0.4548,0.0
constrained_ols_av,pass,-0.0023,0.0
constrained_ols_av,pass,-0.0023,2.0
constrained_ols_av,pass,-0.0023,7.0
constrained_ols_av,pass,-0.0023,9.0
constrained_ols_av,pass,-0.4548,6.0
constrained_ols_av,pass,-0.0023,5.0
constrained_ols_av,pass,-0.4548,1.0
constrained_ols_av,pass,-0.4548,7.0
constrained_ols_av,pass,-0.4548,0.0
constrained_ols_av,pass,-0.0023,3.0
constrained_ols_av,pass,-0.9073,3.0
constrained_ols_av,pass,0.4501,3.0
constrained_ols_av,pass,-0.0023,3.0
constrained_ols_av,pass,-0.4548,3.0
constrained_ols_av,pass,-0.4548,0.0
constrained_ols_av,pass,-0.0023,4.0
constrained_ols_av,pass,-0.0023,4.0
constrained_ols_av,pass,-1.3597,3.0
constrained_ols_av,pass,-1.3597,2.0
constrained_ols_av,pass,-0.0023,0.0
constrained_ols_av,pass,-1.3597,3.0
constrained_ols_av,pass,-0.4548,4.0
constrained_ols_av,pass,-0.0023,0.0
constrained_ols_av,pass,-0.9073,3.0
constrained_ols_av,pass,-0.4548,0.0
constrained_ols_av,pass,-0.0023,4.0
constrained_ols_av,pass,-0.4548,7.0
constrained_ols_av,pass,-0.0023,1.0
constrained_ols_av,pass,-0.0023,0.0
constrained_ols_av,pass,-0.4548,4.0
constrained_ols_av,pass,-0.9073,3.0
constrained_ols_av,pass,-0.0023,4.0
constrained_ols_av,pass,-0.4548,2.0
constrained_ols_av,pass,-0.0023,0.0
constrained_ols_av,pass,-1.3597,7.0
constrained_ols_av,pass,-0.4548,8.0
constrained_ols_av,pass,-0.9073,7.0
constrained_ols_av,pass,-0.0023,2.0
constrained_ols_av,pass,-0.9073,3.0
constrained_ols_av,pass,-0.4548,0.0
constrained_ols_av,pass,-1.3597,0.0
constrained_ols_av,pass,-0.9073,6.0
constrained_ols_av,pass,-0.9073,6.0
constrained_ols_av,pass,-0.0023,0.0
constrained_ols_av,pass,-0.4548,5.0
constrained_ols_av,pass,-1.3597,5.0
constrained_ols_av,pass,-0.4548,2.0
constrained_ols_av,pass,-0.4548,4.0
constrained_ols_av,pass,-0.0023,0.0
constrained_ols_av,pass,-0.4548,0.0
constrained_ols_av,pass,0.4501,9.0
constrained_ols_av,pass,-0.9073,6.0
constrained_ols_av,pass,-0.0023,9.0
constrained_ols_av,pass,-0.9073,5.0
constrained_ols_av,pass,-0.4548,5.0
constrained_ols_av,pass,-0.4548,2.0
constrained_ols_av,pass,-0.9073,1.0
constrained_ols_av,pass,-0.4548,6.0
constrained_ols_av,pass,-0.0023,0.0
constrained_ols_av,pass,-1.3597,0.0
constrained_ols_av,pass,-0.4548,1.0
constrained_ols_av,pass,-0.4548,8.0
constrained_ols_av,pass,-0.4548,7.0
constrained_ols_av,pass,0.4501,0.0
constrained_ols_av,pass,-0.0023,0.0
constrained_ols_av,pass,-0.4548,0.0
constrained_ols_av,pass,-0.4548,5.0
constrained_ols_av,pass,-0.0023,10.0
constrained_ols_av,pass,-0.0023,3.0
constrained_ols_av,pass,-0.4548,2.0
constrained_ols_av,pass,-0.0023,6.0
constrained_ols_av,pass,-0.0023,8.0
constrained_ols_av,pass,-0.4548,4.0
constrained_ols_av,pass,-0.4548,8.0
constrained_ols_av,pass,-0.0023,5.0
constrained_ols_av,pass,-0.4548,0.0
constrained_ols_av,pass,-1.3597,0.0
constrained_ols_av,pass,-0.4548,2.0
constrained_ols_av,pass,-0.9073,5.0
constrained_ols_av,pass,-0.4548,0.0
constrained_ols_av,pass,0.4501,3.0
constrained_ols_av,pass,-0.4548,5.0
constrained_ols_av,pass,-0.4548,5.0
constrained_ols_av,pass,-0.4548,5.0
constrained_ols_av,pass,-0.4548,0.0
constrained_ols_av,pass,-0.9073,2.0
constrained_ols_av,pass,-0.9073,1.0
constrained_ols_av,pass,-0.0023,0.0
constrained_ols_av,pass,-0.4548,2.0
constrained_ols_av,pass,-0.9073,4.0
constrained_ols_av,pass,-0.0023,0.0
constrained_ols_av,pass,-0.0023,9.0
constrained_ols_av,pass,-1.3597,5.0
constrained_ols_av,pass,-0.4548,0.0
constrained_ols_av,pass,-0.9073,0.0
constrained_ols_av,pass,-0.0023,4.0
constrained_ols_av,pass,-0.9073,0.0
constrained_ols_av,pass,-0.0023,6.0
constrained_ols_av,pass,-0.0023,4.0
constrained_ols_av,pass,-0.0023,0.0
constrained_ols_av,pass,-0.4548,2.0
constrained_ols_av,pass,-0.4548,2.0
constrained_ols_av,pass,-0.9073,4.0
constrained_ols_av,pass,-0.9073,0.0
constrained_ols_av,pass,-0.0023,2.0
constrained_ols_av,pass,-0.0023,4.0
constrained_ols_av,pass,-0.0023,2.0
constrained_ols_av,pass,-0.4548,3.0
constrained_ols_av,pass,-0.0023,5.0
constrained_ols_av,pass,0.4501,0.0
constrained_ols_av,pass,-0.0023,4.0
constrained_ols_av,pass,-0.4548,5.0
constrained_ols_av,pass,-0.4548,7.0
constrained_ols_av,pass,-0.9073,3.0
constrained_ols_av,pass,-0.4548,5.0
constrained_ols_av,pass,-0.0023,1.0
constrained_ols_av,pass,-0.9073,6.0
constrained_ols_av,pass,-0.9073,3.0
constrained_ols_av,pass,0.4501,0.0
constrained_ols_av,pass,-0.9073,6.0
constrained_ols_av,pass,0.4501,10.0
constrained_ols_av,pass,-0.4548,6.0
constrained_ols_av,pass,0.4501,0.0
constrained_ols_av,pass,-0.9073,1.0
constrained_ols_av,pass,0.4501,8.0
constrained_ols_av,pass,0.4501,0.0
constrained_ols_av,pass,-0.4548,7.0
constrained_ols_av,pass,-0.9073,3.0
constrained_ols_av,pass,0.4501,4.0
constrained_ols_av,pass,-0.0023,0.0
constrained_ols_av,pass,0.9026,0.0
constrained_ols_av,pass,0.4501,8.0
constrained_ols_av,pass,-0.4548,2.0
constrained_ols_av,pass,-0.0023,6.0
constrained_ols_av,pass,-0.4548,0.0
constrained_ols_av,pass,-0.4548,4.0
constrained_ols_av,pass,-0.9073,4.0
constrained_ols_av,pass,0.4501,7.0
constrained_ols_av,pass,-0.0023,0.0
constrained_ols_av,pass,-0.0023,6.0
constrained_ols_av,pass,-0.9073,0.0
constrained_ols_av,pass,-0.4548,5.0
constrained_ols_av,pass,-0.9073,4.0
constrained_ols_av,pass,-0.0023,6.0
constrained_ols_av,pass,-0.4548,3.0
constrained_ols_av,pass,-0.4548,0.0
constrained_ols_av,pass,-0.0023,5.0
constrained_ols_av,pass,-0.4548,0.0
constrained_ols_av,pass,-0.4548,3.0
constrained_ols_av,pass,-0.4548,6.0
constrained_ols_av,pass,0.4501,0.0
constrained_ols_av,pass,-0.4548,2.0
constrained_ols_av,pass,-0.4548,7.0
constrained_ols_av,pass,0.4501,4.0
constrained_ols_av,pass,-0.4548,0.0
constrained_ols_av,pass,-0.9073,3.0
constrained_ols_av,pass,-0.4548,3.0
constrained_ols_av,pass,-0.9073,1.0
constrained_ols_av,pass,-0.9073,2.0
constrained_ols_av,pass,-0.0023,0.0
constrained_ols_av,pass,-0.0023,9.0
constrained_ols_av,pass,-0.9073,7.0
constrained_ols_av,pass,-0.4548,8.0
constrained_ols_av,pass,-0.0023,8.0
constrained_ols_av,pass,0.9026,7.0
constrained_ols_av,pass,-0.9073,0.0
constrained_ols_av,pass,-0.4548,5.0
constrained_ols_av,pass,-0.4548,5.0
constrained_ols_av,pass,-0.9073,5.0
constrained_ols_av,pass,-0.4548,4.0
constrained_ols_av,pass,-0.0023,5.0
constrained_ols_av,pass,-0.4548,7.0
constrained_ols_av,pass,-0.4548,8.0
constrained_ols_av,pass,-0.4548,9.0
constrained_ols_av,pass,-0.4548,3.0
constrained_ols_av,pass,-0.0023,2.0
constrained_ols_av,pass,-1.3597,5.0
constrained_ols_av,pass,-0.4548,2.0
constrained_ols_av,pass,-0.4548,5.0
constrained_ols_av,pass,-0.9073,5.0
constrained_ols_av,pass,-0.4548,0.0
constrained_ols_av,pass,-0.4548,2.0
constrained_ols_av,pass,-0.4548,5.0
constrained_ols_av,pass,-0.4548,0.0
constrained_ols_av,pass,-0.9073,8.0
constrained_ols_av,pass,-0.0023,4.0
constrained_ols_av,pass,-0.9073,7.0
constrained_ols_av,pass,-0.0023,0.0
constrained_ols_av,pass,-0.0023,9.0
constrained_ols_av,pass,-0.4548,0.0
constrained_ols_av,pass,-0.0023,1.0
constrained_ols_av,pass,-0.4548,7.0
constrained_ols_av,pass,-0.9073,0.0
constrained_ols_av,pass,-1.3597,2.0
constrained_ols_av,pass,-1.3597,10.0
constrained_ols_av,pass,-1.3597,3.0
constrained_ols_av,pass,-0.9073,3.0
constrained_ols_av,pass,-0.0023,0.0
constrained_ols_av,pass,-0.4548,4.0
constrained_ols_av,pass,-0.0023,0.0
constrained_ols_av,pass,-1.3597,3.0
constrained_ols_av,pass,-1.3597,3.0
constrained_ols_av,pass,-0.4548,8.0
constrained_ols_av,pass,-0.4548,0.0
constrained_ols_av,pass,-0.0023,2.0
constrained_ols_av,pass,0.9026,7.0
constrained_ols_av,pass,-0.9073,4.0
constrained_ols_av,pass,-1.3597,0.0
constrained_ols_av,pass,-0.0023,6.0
constrained_ols_av,pass,-0.9073,5.0
constrained_ols_av,pass,-0.4548,0.0
constrained_ols_av,pass,-0.9073,2.0
constrained_ols_av,pass,-0.4548,2.0
constrained_ols_av,pass,-0.4548,5.0
constrained_ols_av,pass,-0.9073,5.0
constrained_ols_av,pass,-0.9073,4.0
constrained_ols_av,pass,-0.0023,2.0
constrained_ols_av,pass,-0.9073,8.0
constrained_ols_av,pass,-0.4548,5.0
constrained_ols_av,pass,-0.9073,6.0
constrained_ols_av,pass,-0.0023,4.0
constrained_ols_av,pass,-0.9073,3.0
constrained_ols_av,pass,-0.0023,4.0
constrained_ols_av,pass,-0.0023,0.0
constrained_ols_av,pass,-0.9073,3.0
constrained_ols_av,pass,-0.4548,7.0
constrained_ols_av,pass,0.4501,7.0
constrained_ols_av,pass,-0.4548,0.0
constrained_ols_av,pass,-0.0023,3.0
constrained_ols_av,pass,-0.4548,0.0
constrained_ols_av,pass,-0.9073,6.0
constrained_ols_av,pass,-0.9073,2.0
constrained_ols_av,pass,-0.4548,3.0
constrained_ols_av,pass,-0.0023,5.0
constrained_ols_av,pass,-0.0023,1.0
constrained_ols_av,pass,-0.9073,3.0
constrained_ols_av,pass,-0.4548,4.0
constrained_ols_av,pass,-0.4548,7.0
constrained_ols_av,pass,-0.4548,7.0
constrained_ols_av,pass,-0.4548,2.0
constrained_ols_av,pass,-0.9073,2.0
constrained_ols_av,pass,-1.3597,0.0
constrained_ols_av,pass,0.4501,5.0
constrained_ols_av,pass,-0.4548,0.0
constrained_ols_av,pass,-0.4548,7.0
constrained_ols_av,pass,-0.0023,3.0
constrained_ols_av,pass,-1.3597,3.0
constrained_ols_av,pass,-0.0023,3.0
constrained_ols_av,pass,-0.9073,1.0
constrained_ols_av,pass,-0.4548,9.0
constrained_ols_av,pass,0.4501,4.0
constrained_ols_av,pass,-0.0023,0.0
constrained_ols_av,pass,-0.9073,4.0
constrained_ols_av,pass,-0.4548,0.0
constrained_ols_av,pass,-0.9073,0.0
constrained_ols_av,pass,0.4501,0.0
constrained_ols_av,pass,-0.9073,2.0
constrained_ols_av,pass,-0.4548,3.0
constrained_ols_av,pass,-0.9073,0.0
constrained_ols_av,pass,-0.4548,6.0
constrained_ols_av,pass,-0.4548,4.0
constrained_ols_av,pass,-0.4548,0.0
constrained_ols_av,pass,-0.0023,4.0
constrained_ols_av,pass,-0.9073,6.0
constrained_ols_av,pass,-0.9073,2.0
constrained_ols_av,pass,-0.9073,8.0
constrained_ols_av,pass,-1.3597,6.0
constrained_ols_av,pass,-0.0023,0.0
constrained_ols_av,pass,-0.0023,0.0
constrained_ols_av,pass,-0.9073,2.0
constrained_ols_av,pass,-0.4548,1.0
constrained_ols_av,pass,-1.3597,4.0
constrained_ols_av,pass,0.4501,2.0
constrained_ols_av,pass,-0.0023,8.0
constrained_ols_av,pass,-0.0023,5.0
constrained_ols_av,pass,-0.9073,3.0
constrained_ols_av,pass,-0.9073,5.0
constrained_ols_av,pass,-0.0023,2.0
constrained_ols_av,pass,-0.9073,3.0
constrained_ols_av,pass,-0.4548,7.0
constrained_ols_av,pass,-0.9073,8.0
constrained_ols_av,pass,-0.9073,7.0
constrained_ols_av,pass,-0.4548,7.0
constrained_ols_av,pass,-1.3597,0.0
constrained_ols_av,pass,0.4501,4.0
constrained_ols_av,pass,-0.0023,0.0
constrained_ols_av,pass,-1.3597,5.0
constrained_ols_av,pass,-1.3597,6.0
constrained_ols_av,pass,-0.9073,4.0
constrained_ols_av,pass,-0.9073,0.0
constrained_ols_av,pass,-0.9073,6.0
constrained_ols_av,pass,0.9026,0.0
constrained_ols_av,pass,-0.4548,8.0
constrained_ols_av,pass,-0.9073,3.0
constrained_ols_av,pass,-0.4548,4.0
constrained_ols_av,pass,-0.4548,2.0
constrained_ols_av,pass,-0.9073,3.0
constrained_ols_av,pass,-0.4548,7.0
constrained_ols_av,pass,-0.0023,0.0
constrained_ols_av,pass,-0.9073,2.0
constrained_ols_av,pass,-0.9073,0.0
constrained_ols_av,pass,-0.4548,7.0
constrained_ols_av,pass,-0.4548,0.0
constrained_ols_av,pass,-1.3597,1.0
constrained_ols_av,pass,-0.9073,0.0
constrained_ols_av,pass,0.4501,2.0
constrained_ols_av,pass,-0.0023,5.0
constrained_ols_av,pass,-0.0023,0.0
constrained_ols_av,pass,-0.9073,4.0
constrained_ols_av,pass,-0.4548,3.0
constrained_ols_av,pass,-0.4548,6.0
constrained_ols_av,pass,-0.9073,3.0
constrained_ols_av,pass,-0.4548,6.0
constrained_ols_av,pass,-0.9073,1.0
constrained_ols_av,pass,-0.0023,3.0
constrained_ols_av,pass,-0.4548,3.0
constrained_ols_av,pass,0.4501,5.0
constrained_ols_av,pass,-0.0023,6.0
constrained_ols_av,pass,0.4501,6.0
constrained_ols_av,pass,-0.4548,6.0
constrained_ols_av,pass,-1.3597,1.0
constrained_ols_av,pass,0.4501,0.0
constrained_ols_av,pass,-0.0023,4.0
constrained_ols_av,pass,-0.9073,8.0
constrained_ols_av,pass,-0.0023,3.0
constrained_ols_av,pass,-0.4548,6.0
constrained_ols_av,pass,-0.9073,2.0
constrained_ols_av,pass,-0.4548,0.0
constrained_ols_av,pass,-0.4548,0.0
constrained_ols_av,pass,-0.4548,0.0
constrained_ols_av,pass,-0.0023,0.0
constrained_ols_av,pass,-0.0023,0.0
constrained_ols_av,pass,-0.4548,7.0
constrained_ols_av,pass,-0.4548,4.0
constrained_ols_av,pass,-0.0023,3.0
constrained_ols_av,pass,-0.9073,0.0
constrained_ols_av,pass,-1.3597,7.0
constrained_ols_av,pass,-0.4548,0.0
constrained_ols_av,pass,-1.3597,1.0
constrained_ols_av,pass,-0.9073,7.0
constrained_ols_av,pass,-1.3597,2.0
constrained_ols_av,pass,-1.3597,7.0
constrained_ols_av,pass,-0.0023,0.0
constrained_ols_av,pass,-0.0023,0.0
constrained_ols_av,pass,-0.4548,7.0
constrained_ols_av,pass,-1.3597,0.0
constrained_ols_av,pass,-0.4548,7.0
constrained_ols_av,pass,0.4501,4.0
constrained_ols_av,pass,0.4501,5.0
constrained_ols_av,pass,0.4501,2.0
constrained_ols_av,pass,-0.0023,7.0
constrained_ols_av,pass,-0.4548,5.0
constrained_ols_av,pass,-0.9073,2.0
constrained_ols_av,pass,-0.9073,1.0
constrained_ols_av,pass,-0.0023,5.0
constrained_ols_av,pass,-0.4548,5.0
constrained_ols_av,pass,-0.4548,4.0
constrained_ols_av,pass,-0.0023,0.0
constrained_ols_av,pass,0.4501,7.0
constrained_ols_av,pass,-0.4548,2.0
constrained_ols_av,pass,-0.0023,0.0
constrained_ols_av,pass,-1.3597,6.0
constrained_ols_av,pass,-0.9073,4.0
constrained_ols_av,pass,-0.0023,3.0
constrained_ols_av,pass,-0.4548,7.0
constrained_ols_av,pass,-0.0023,0.0
constrained_ols_av,pass,-0.4548,4.0
constrained_ols_av,pass,-0.4548,3.0
constrained_ols_av,pass,-0.4548,0.0
constrained_ols_av,pass,-0.4548,7.0
constrained_ols_av,pass,-0.0023,3.0
constrained_ols_av,pass,-0.0023,6.0
constrained_ols_av,pass,-1.3597,3.0
constrained_ols_av,pass,-0.0023,0.0
constrained_ols_av,pass,0.4501,1.0
constrained_ols_av,pass,0.9026,0.0
constrained_ols_av,pass,-0.0023,0.0
constrained_ols_av,pass,-0.0023,1.0
constrained_ols_av,pass,-0.4548,4.0
constrained_ols_av,pass,-0.4548,7.0
constrained_ols_av,pass,-0.0023,0.0
constrained_ols_av,pass,-0.9073,7.0
constrained_ols_av,pass,0.9026,7.0
constrained_ols_av,pass,-0.4548,0.0
constrained_ols_av,pass,-0.0023,4.0
constrained_ols_av,pass,-0.9073,4.0
constrained_ols_av,pass,0.9026,0.0
constrained_ols_av,pass,-0.0023,0.0
constrained_ols_av,pass,-0.0023,7.0
constrained_ols_av,pass,-0.4548,0.0
constrained_ols_av,pass,-0.4548,0.0
constrained_ols_av,pass,-0.0023,2.0
constrained_ols_av,pass,-0.9073,1.0
constrained_ols_av,pass,-0.4548,0.0
constrained_ols_av,pass,-0.4548,9.0
constrained_ols_av,pass,-0.0023,0.0
constrained_ols_av,pass,-0.0023,0.0
constrained_ols_av,pass,-0.0023,4.0
constrained_ols_av,pass,-0.0023,0.0
constrained_ols_av,pass,0.9026,0.0
constrained_ols_av,pass,-1.3597,3.0
constrained_ols_av,pass,0.4501,5.0
constrained_ols_av,pass,-0.9073,4.0
constrained_ols_av,pass,-0.9073,1.0
constrained_ols_av,pass,-0.0023,8.0
constrained_ols_av,pass,-0.4548,6.0
constrained_ols_av,pass,-0.4548,3.0
constrained_ols_av,pass,-0.0023,7.0
constrained_ols_av,pass,-1.3597,0.0
constrained_ols_av,pass,-0.9073,0.0
constrained_ols_av,pass,-1.3597,4.0
constrained_ols_av,pass,-0.4548,3.0
constrained_ols_av,pass,-0.9073,3.0
constrained_ols_av,pass,-0.0023,7.0
constrained_ols_av,pass,-0.9073,2.0
constrained_ols_av,pass,-0.4548,2.0
constrained_ols_av,pass,-0.4548,0.0
constrained_ols_av,pass,-0.9073,0.0
constrained_ols_av,pass,-0.4548,6.0
constrained_ols_av,pass,-0.4548,4.0
constrained_ols_av,pass,-0.4548,0.0
constrained_ols_av,pass,0.4501,2.0
constrained_ols_av,pass,-0.4548,9.0
constrained_ols_av,pass,-0.9073,1.0
constrained_ols_av,pass,-0.4548,7.0
constrained_ols_av,pass,-0.4548,0.0
constrained_ols_av,pass,-0.4548,5.0
constrained_ols_av,pass,0.4501,5.0
constrained_ols_av,pass,-0.4548,4.0
constrained_ols_av,pass,-0.4548,4.0
constrained_ols_av,pass,-0.9073,0.0
constrained_ols_av,pass,0.4501,0.0
constrained_ols_av,pass,-0.4548,6.0
constrained_ols_av,pass,-0.4548,7.0
constrained_ols_av,pass,-0.4548,1.0
constrained_ols_av,pass,-0.0023,0.0
constrained_ols_av,pass,0.4501,8.0
constrained_ols_av,pass,-0.4548,0.0
constrained_ols_av,pass,-0.4548,8.0
constrained_ols_av,pass,-0.9073,0.0
constrained_ols_av,pass,0.4501,4.0
constrained_ols_av,pass,-0.4548,6.0
constrained_ols_av,pass,-0.4548,5.0
constrained_ols_av,pass,-1.3597,4.0
constrained_ols_av,pass,-0.4548,1.0
constrained_ols_av,pass,-0.9073,4.0
constrained_ols_av,pass,-0.4548,7.0
constrained_ols_av,pass,-0.4548,4.0
constrained_ols_av,pass,-0.9073,0.0
constrained_ols_av,pass,0.4501,5.0
constrained_ols_av,pass,-0.9073,6.0
constrained_ols_av,pass,-0.9073,0.0
constrained_ols_av,pass,0.4501,0.0
constrained_ols_av,pass,-0.9073,5.0
constrained_ols_av,pass,-0.4548,3.0
constrained_ols_av,pass,-0.4548,6.0
constrained_ols_av,pass,-0.4548,4.0
constrained_ols_av,pass,-0.0023,6.0
constrained_ols_av,pass,-1.3597,5.0
constrained_ols_av,pass,-0.0023,4.0
constrained_ols_av,pass,-0.9073,3.0
constrained_ols_av,pass,-0.0023,5.0
constrained_ols_av,pass,-0.0023,4.0
constrained_ols_av,pass,-0.4548,5.0
constrained_ols_av,pass,-0.4548,0.0
constrained_ols_av,pass,-0.0023,8.0
constrained_ols_av,pass,-0.4548,2.0
constrained_ols_av,pass,-0.4548,4.0
constrained_ols_av,pass,-0.4548,5.0
constrained_ols_av,pass,-0.4548,6.0
constrained_ols_av,pass,-0.0023,7.0
constrained_ols_av,pass,-0.9073,5.0
constrained_ols_av,pass,-0.9073,5.0
constrained_ols_av,pass,0.4501,4.0
constrained_ols_av,pass,-0.4548,7.0
constrained_ols_av,pass,-0.0023,5.0
constrained_ols_av,pass,-0.0023,4.0
constrained_ols_av,pass,-0.0023,9.0
constrained_ols_av,pass,-1.3597,3.0
constrained_ols_av,pass,-0.4548,3.0
constrained_ols_av,pass,-0.9073,5.0
constrained_ols_av,pass,-0.4548,2.0
constrained_ols_av,pass,-0.4548,4.0
constrained_ols_av,pass,-0.9073,5.0
constrained_ols_av,pass,0.4501,0.0
constrained_ols_av,pass,-0.9073,2.0
constrained_ols_av,pass,-0.4548,0.0
constrained_ols_av,pass,-0.4548,4.0
constrained_ols_av,pass,-0.4548,0.0
constrained_ols_av,pass,-0.0023,0.0
constrained_ols_av,pass,-0.4548,4.0
constrained_ols_av,pass,-0.4548,1.0
constrained_ols_av,pass,-0.4548,0.0
constrained_ols_av,pass,-0.4548,3.0
constrained_ols_av,pass,-0.4548,10.0
constrained_ols_av,pass,-0.0023,4.0
constrained_ols_av,pass,-0.9073,0.0
constrained_ols_av,pass,-0.4548,9.0
constrained_ols_av,pass,-0.4548,5.0
constrained_ols_av,pass,-0.4548,2.0
constrained_ols_av,pass,-0.4548,4.0
constrained_ols_av,pass,-0.4548,6.0
constrained_ols_av,pass,-0.4548,2.0
constrained_ols_av,pass,-0.4548,5.0
constrained_ols_av,pass,0.4501,2.0
constrained_ols_av,pass,-1.3597,7.0
constrained_ols_av,pass,-0.0023,0.0
constrained_ols_av,pass,0.4501,0.0
constrained_ols_av,pass,-0.0023,0.0
constrained_ols_av,pass,-0.4548,3.0
constrained_ols_av,pass,-1.3597,0.0
constrained_ols_av,pass,-0.9073,1.0
constrained_ols_av,pass,-0.9073,8.0
constrained_ols_av,pass,0.4501,0.0
constrained_ols_av,pass,-0.9073,4.0
constrained_ols_av,pass,-0.0023,0.0
constrained_ols_av,pass,-0.4548,1.0
constrained_ols_av,pass,-0.0023,0.0
constrained_ols_av,pass,-0.0023,4.0
constrained_ols_av,pass,-1.3597,7.0
constrained_ols_av,pass,-0.4548,4.0
constrained_ols_av,pass,-0.0023,4.0
constrained_ols_av,pass,-0.4548,3.0
constrained_ols_av,pass,-0.0023,0.0
constrained_ols_av,pass,-0.0023,4.0
constrained_ols_av,pass,-0.9073,3.0
constrained_ols_av,pass,-0.4548,5.0
constrained_ols_av,pass,-0.4548,0.0
constrained_ols_av,pass,-0.4548,0.0
constrained_ols_av,pass,0.4501,3.0
constrained_ols_av,pass,-0.0023,3.0
constrained_ols_av,pass,-0.4548,6.0
constrained_ols_av,pass,-0.4548,4.0
constrained_ols_av,pass,-1.3597,2.0
constrained_ols_av,pass,-0.4548,4.0
constrained_ols_av,pass,-0.4548,7.0
constrained_ols_av,pass,-0.0023,3.0
constrained_ols_av,pass,-0.4548,0.0
constrained_ols_av,pass,-0.0023,4.0
constrained_ols_av,pass,-0.9073,0.0
constrained_ols_av,pass,-0.0023,0.0
constrained_ols_av,pass,-0.0023,4.0
constrained_ols_av,pass,-0.9073,2.0
constrained_ols_av,pass,0.4501,0.0
constrained_ols_av,pass,-1.3597,0.0
constrained_ols_av,pass,-0.4548,3.0
constrained_ols_av,pass,-0.9073,4.0
constrained_ols_av,pass,-0.9073,2.0
constrained_ols_av,pass,-0.4548,0.0
constrained_ols_av,pass,-0.4548,2.0
constrained_ols_av,pass,-0.4548,0.0
constrained_ols_av,pass,-0.4548,5.0
constrained_ols_av,pass,-0.4548,3.0
constrained_ols_av,pass,-0.0023,5.0
constrained_ols_av,pass,1.3551,0.0
constrained_ols_av,pass,-0.4548,0.0
constrained_ols_av,pass,-0.4548,4.0
constrained_ols_av,pass,-0.0023,7.0
constrained_ols_av,pass,-0.9073,2.0
constrained_ols_av,pass,-0.9073,0.0
constrained_ols_av,pass,-0.4548,0.0
constrained_ols_av,pass,-0.4548,5.0
constrained_ols_av,pass,-0.0023,7.0
constrained_ols_av,pass,-0.0023,0.0
constrained_ols_av,pass,-0.4548,8.0
constrained_ols_av,pass,-0.9073,4.0
constrained_ols_av,pass,-0.9073,3.0
constrained_ols_av,pass,-0.4548,0.0
constrained_ols_av,pass,-0.9073,4.0
constrained_ols_av,pass,-0.4548,3.0
constrained_ols_av,pass,-0.9073,0.0
constrained_ols_av,pass,-0.4548,8.0
constrained_ols_av,pass,-0.0023,4.0
constrained_ols_av,pass,-0.0023,6.0
constrained_ols_av,pass,-0.0023,4.0
constrained_ols_av,pass,-0.4548,5.0
constrained_ols_av,pass,-0.4548,4.0
constrained_ols_av,pass,-1.3597,5.0
constrained_ols_av,pass,-0.0023,3.0
constrained_ols_av,pass,-0.0023,0.0
constrained_ols_av,pass,-0.4548,0.0
constrained_ols_av,pass,-0.9073,0.0
constrained_ols_av,pass,-0.0023,5.0
constrained_ols_av,pass,-0.4548,6.0
constrained_ols_av,pass,-0.0023,0.0
constrained_ols_av,pass,-0.9073,3.0
constrained_ols_av,pass,-0.4548,3.0
constrained_ols_av,pass,0.4501,4.0
constrained_ols_av,pass,-0.9073,0.0
constrained_ols_av,pass,-0.9073,0.0
constrained_ols_av,pass,-0.0023,0.0
constrained_ols_av,pass,-0.0023,0.0
constrained_ols_av,pass,-0.9073,7.0
constrained_ols_av,pass,-0.4548,5.0
constrained_ols_av,pass,-0.4548,0.0
constrained_ols_av,pass,-0.0023,4.0
constrained_ols_av,pass,-0.4548,2.0
constrained_ols_av,pass,-0.4548,5.0
constrained_ols_av,pass,-0.4548,3.0
constrained_ols_av,pass,-0.0023,5.0
constrained_ols_av,pass,-0.0023,7.0
constrained_ols_av,pass,-0.9073,6.0
constrained_ols_av,pass,-0.9073,6.0
constrained_ols_av,pass,-0.9073,0.0
constrained_ols_av,pass,-0.9073,0.0
constrained_ols_av,pass,-0.0023,4.0
constrained_ols_av,pass,-0.4548,4.0
constrained_ols_av,pass,-0.0023,4.0
constrained_ols_av,pass,-0.4548,8.0
constrained_ols_av,pass,-0.9073,8.0
constrained_ols_av,pass,-0.9073,0.0
constrained_ols_av,pass,0.4501,0.0
constrained_ols_av,pass,-1.3597,1.0
constrained_ols_av,pass,-1.3597,4.0
constrained_ols_av,pass,-1.3597,2.0
constrained_ols_av,pass,-0.4548,0.0
constrained_ols_av,pass,-0.9073,5.0
constrained_ols_av,pass,0.4501,0.0
constrained_ols_av,pass,-1.3597,5.0
constrained_ols_av,pass,0.4501,3.0
constrained_ols_av,pass,-0.4548,0.0
constrained_ols_av,pass,-0.0023,0.0
constrained_ols_av,pass,0.4501,5.0
constrained_ols_av,pass,-1.3597,0.0
constrained_ols_av,pass,-0.0023,0.0
constrained_ols_av,pass,-0.4548,2.0
constrained_ols_av,pass,-0.9073,10.0
constrained_ols_av,pass,-1.3597,7.0
constrained_ols_av,pass,0.9026,0.0
constrained_ols_av,pass,0.4501,3.0
constrained_ols_av,pass,-0.9073,3.0
constrained_ols_av,pass,-0.4548,2.0
constrained_ols_av,pass,-0.0023,4.0
constrained_ols_av,pass,-0.9073,5.0
constrained_ols_av,pass,-0.9073,0.0
constrained_ols_av,pass,-0.4548,0.0
constrained_ols_av,pass,-1.3597,3.0
constrained_ols_av,pass,-0.9073,0.0
constrained_ols_av,pass,-1.3597,4.0
constrained_ols_av,pass,0.4501,0.0
constrained_ols_av,pass,-0.4548,0.0
constrained_ols_av,pass,-0.4548,4.0
constrained_ols_av,pass,-0.4548,4.0
constrained_ols_av,pass,-1.3597,5.0
constrained_ols_av,pass,-0.4548,5.0
constrained_ols_av,pass,-0.4548,3.0
constrained_ols_av,pass,-0.4548,6.0
constrained_ols_av,pass,-0.0023,3.0
constrained_ols_av,pass,-0.4548,7.0
constrained_ols_av,pass,-0.9073,2.0
constrained_ols_av,pass,-0.0023,8.0
constrained_ols_av,pass,-1.3597,2.0
constrained_ols_av,pass,0.4501,0.0
constrained_ols_av,pass,-0.9073,0.0
constrained_ols_av,pass,-0.4548,7.0
constrained_ols_av,pass,-1.3597,4.0
constrained_ols_av,pass,-0.4548,4.0
constrained_ols_av,pass,-0.9073,4.0
constrained_ols_av,pass,-0.9073,3.0
constrained_ols_av,pass,0.4501,2.0
constrained_ols_av,pass,-0.0023,0.0
constrained_ols_av,pass,-0.4548,4.0
constrained_ols_av,pass,-0.4548,6.0
constrained_ols_av,pass,-0.9073,0.0
constrained_ols_av,pass,-0.0023,0.0
constrained_ols_av,pass,-0.4548,5.0
constrained_ols_av,pass,-0.4548,0.0
constrained_ols_av,pass,-0.4548,6.0
constrained_ols_av,pass,-0.0023,5.0
constrained_ols_av,pass,-0.9073,4.0
constrained_ols_av,pass,0.4501,7.0
constrained_ols_av,pass,-0.4548,0.0
constrained_ols_av,pass,-0.0023,2.0
constrained_ols_av,pass,-0.0023,3.0
constrained_ols_av,pass,-0.9073,2.0
constrained_ols_av,pass,-0.9073,0.0
constrained_ols_av,pass,-0.9073,3.0
constrained_ols_av,pass,-0.4548,2.0
constrained_ols_av,pass,-0.4548,1.0
constrained_ols_av,pass,-0.9073,2.0
constrained_ols_av,pass,0.4501,0.0
constrained_ols_av,pass,-0.9073,8.0
constrained_ols_av,pass,-0.4548,4.0
constrained_ols_av,pass,-0.9073,5.0
constrained_ols_av,pass,-0.9073,9.0
constrained_ols_av,pass,-0.9073,2.0
constrained_ols_av,pass,-0.4548,5.0
constrained_ols_av,pass,-0.4548,3.0
constrained_ols_av,pass,-0.9073,2.0
constrained_ols_av,pass,-0.0023,0.0
constrained_ols_av,pass,-0.0023,3.0
constrained_ols_av,pass,-0.4548,3.0
constrained_ols_av,pass,-0.4548,8.0
constrained_ols_av,pass,-0.0023,4.0
constrained_ols_av,pass,-0.9073,9.0
constrained_ols_av,pass,-0.0023,6.0
constrained_ols_av,pass,-0.0023,0.0
constrained_ols_av,pass,-0.9073,0.0
constrained_ols_av,pass,0.4501,0.0
constrained_ols_av,pass,0.9026,4.0
constrained_ols_av,pass,-0.4548,2.0
constrained_ols_av,pass,-0.0023,2.0
constrained_ols_av,pass,-0.4548,6.0
constrained_ols_av,pass,-0.0023,7.0
constrained_ols_av,pass,-0.4548,4.0
constrained_ols_av,pass,-0.4548,8.0
constrained_ols_av,pass,-0.9073,3.0
constrained_ols_av,pass,0.4501,0.0
constrained_ols_av,pass,-0.4548,7.0
constrained_ols_av,pass,-0.4548,0.0
constrained_ols_av,pass,-0.4548,4.0
constrained_ols_av,pass,-0.4548,0.0
constrained_ols_av,pass,-0.9073,6.0
constrained_ols_av,pass,-0.9073,0.0
constrained_ols_av,pass,-0.9073,0.0
constrained_ols_av,pass,-0.9073,4.0
constrained_ols_av,pass,-0.0023,6.0
constrained_ols_av,pass,-0.4548,0.0
constrained_ols_av,pass,-0.4548,5.0
constrained_ols_av,pass,-0.4548,4.0
constrained_ols_av,pass,0.4501,10.0
constrained_ols_av,pass,-0.4548,0.0
constrained_ols_av,pass,-0.4548,3.0
constrained_ols_av,pass,-0.4548,0.0
constrained_ols_av,pass,-0.9073,6.0
constrained_ols_av,pass,0.4501,0.0
constrained_ols_av,pass,-0.0023,0.0
constrained_ols_av,pass,-0.0023,3.0
constrained_ols_av,pass,-0.9073,3.0
constrained_ols_av,pass,0.4501,5.0
constrained_ols_av,pass,-0.9073,0.0
constrained_ols_av,pass,-0.9073,3.0
constrained_ols_av,pass,-0.9073,3.0
constrained_ols_av,pass,-0.9073,1.0
constrained_ols_av,pass,-0.4548,2.0
constrained_ols_av,pass,-0.0023,1.0
constrained_ols_av,pass,-0.4548,3.0
constrained_ols_av,pass,-0.4548,0.0
constrained_ols_av,pass,-1.3597,0.0
constrained_ols_av,pass,-0.4548,9.0
constrained_ols_av,pass,-0.4548,3.0
constrained_ols_av,pass,-0.4548,2.0
constrained_ols_av,pass,-0.4548,0.0
constrained_ols_av,pass,-0.4548,0.0
constrained_ols_av,pass,-0.4548,7.0
constrained_ols_av,pass,-0.4548,4.0
constrained_ols_av,pass,-0.4548,0.0
constrained_ols_av,pass,-0.9073,5.0
constrained_ols_av,pass,-0.0023,8.0
constrained_ols_av,pass,0.4501,0.0
constrained_ols_av,pass,-0.0023,4.0
constrained_ols_av,pass,-0.9073,0.0
constrained_ols_av,pass,-0.4548,7.0
constrained_ols_av,pass,-0.4548,2.0
constrained_ols_av,pass,-0.0023,0.0
constrained_ols_av,pass,-0.4548,5.0
constrained_ols_av,pass,-0.0023,4.0
constrained_ols_av,pass,-0.4548,8.0
constrained_ols_av,pass,-0.9073,1.0
constrained_ols_av,pass,-0.0023,5.0
constrained_ols_av,pass,-0.0023,3.0
constrained_ols_av,pass,0.4501,0.0
constrained_ols_av,pass,-0.9073,0.0
constrained_ols_av,pass,-0.9073,4.0
constrained_ols_av,pass,-0.0023,2.0
constrained_ols_av,pass,-0.9073,4.0
constrained_ols_av,pass,-0.9073,7.0
constrained_ols_av,pass,0.4501,0.0
constrained_ols_av,pass,-0.9073,6.0
constrained_ols_av,pass,-0.9073,3.0
constrained_ols_av,pass,-0.0023,4.0
constrained_ols_av,pass,-0.4548,4.0
constrained_ols_av,pass,-0.0023,3.0
constrained_ols_av,pass,-0.0023,4.0
constrained_ols_av,pass,-0.0023,4.0
constrained_ols_av,pass,-0.4548,0.0
constrained_ols_av,pass,-0.4548,5.0
constrained_ols_av,pass,-0.0023,3.0
constrained_ols_av,pass,0.4501,7.0
constrained_ols_av,pass,-0.4548,0.0
constrained_ols_av,pass,-0.0023,0.0
constrained_ols_av,pass,-0.9073,7.0
constrained_ols_av,pass,-0.4548,0.0
constrained_ols_av,pass,-0.9073,0.0
constrained_ols_av,pass,-0.9073,7.0
constrained_ols_av,pass,-1.3597,5.0
constrained_ols_av,pass,-0.9073,2.0
constrained_ols_av,pass,-0.4548,0.0
constrained_ols_av,pass,-0.0023,3.0
constrained_ols_av,pass,-0.4548,9.0
constrained_ols_av,pass,-0.0023,7.0
constrained_ols_av,pass,-0.4548,6.0
constrained_ols_av,pass,0.4501,5.0
constrained_ols_av,pass,-1.3597,4.0
constrained_ols_av,pass,-0.4548,1.0
constrained_ols_av,pass,-0.4548,6.0
constrained_ols_av,pass,-0.4548,1.0
constrained_ols_av,pass,-0.9073,2.0
constrained_ols_av,pass,0.4501,8.0
constrained_ols_av,pass,-0.4548,6.0
constrained_ols_av,pass,-0.0023,5.0
constrained_ols_av,pass,-0.0023,0.0
constrained_ols_av,pass,-0.9073,7.0
constrained_ols_av,pass,-0.4548,4.0
constrained_ols_av,pass,-0.9073,4.0
constrained_ols_av,pass,-0.9073,0.0
constrained_ols_av,pass,-0.0023,2.0
constrained_ols_av,pass,-0.0023,0.0
constrained_ols_av,pass,0.4501,8.0
constrained_ols_av,pass,0.4501,4.0
constrained_ols_av,pass,-0.4548,3.0
constrained_ols_av,pass,-0.9073,5.0
constrained_ols_av,pass,-0.4548,3.0
constrained_ols_av,pass,-0.0023,7.0
constrained_ols_av,pass,-0.0023,0.0
constrained_ols_av,pass,-0.4548,5.0
constrained_ols_av,pass,-0.4548,2.0
constrained_ols_av,pass,-0.0023,6.0
constrained_ols_av,pass,-0.0023,4.0
constrained_ols_av,pass,-0.0023,0.0
constrained_ols_av,pass,-0.4548,5.0
constrained_ols_av,pass,-0.9073,1.0
constrained_ols_av,pass,-0.0023,3.0
constrained_ols_av,pass,-0.4548,0.0
constrained_ols_av,pass,-0.0023,9.0
constrained_ols_av,pass,-0.4548,3.0
constrained_ols_av,pass,-0.9073,0.0
constrained_ols_av,pass,-0.4548,8.0
constrained_ols_av,pass,-0.4548,3.0
constrained_ols_av,pass,-0.4548,0.0
constrained_ols_av,pass,0.9026,1.0
constrained_ols_av,pass,-0.9073,8.0
constrained_ols_av,pass,-0.4548,4.0
constrained_ols_av,pass,-0.9073,0.0
constrained_ols_av,pass,-0.9073,3.0
constrained_ols_av,pass,0.9026,7.0
constrained_ols_av,pass,-0.4548,3.0
constrained_ols_av,pass,-0.9073,7.0
constrained_ols_av,pass,-0.4548,4.0
constrained_ols_av,pass,-0.0023,4.0
constrained_ols_av,pass,0.4501,0.0
constrained_ols_av,pass,-0.9073,1.0
constrained_ols_av,pass,-0.4548,4.0
constrained_ols_av,pass,-1.3597,4.0
constrained_ols_av,pass,-0.4548,0.0
constrained_ols_av,pass,0.9026,4.0
constrained_ols_av,pass,-0.0023,4.0
constrained_ols_av,pass,-0.0023,9.0
constrained_ols_av,pass,0.4501,0.0
constrained_ols_av,pass,0.4501,5.0
constrained_ols_av,pass,-0.0023,7.0
constrained_ols_av,pass,-0.4548,7.0
constrained_ols_av,pass,-0.0023,0.0
constrained_ols_av,pass,-0.0023,0.0
constrained_ols_av,pass,-0.9073,5.0
constrained_ols_av,pass,-0.9073,0.0
constrained_ols_av,pass,-0.9073,0.0
constrained_ols_av,pass,-0.0023,4.0
constrained_ols_av,pass,-0.4548,2.0
constrained_ols_av,pass,-0.9073,8.0
constrained_ols_av,pass,-1.3597,5.0
constrained_ols_av,pass,-0.9073,6.0
constrained_ols_av,pass,-1.3597,1.0
constrained_ols_av,pass,-0.9073,5.0
constrained_ols_av,pass,-0.9073,8.0
constrained_ols_av,pass,-0.4548,5.0
constrained_ols_av,pass,-0.0023,5.0
constrained_ols_av,pass,-0.9073,0.0
constrained_ols_av,pass,-1.3597,7.0
constrained_ols_av,pass,0.4501,4.0
constrained_ols_av,pass,-0.9073,4.0
constrained_ols_av,pass,-0.0023,2.0
constrained_ols_av,pass,-0.4548,5.0
constrained_ols_av,pass,-0.9073,2.0
constrained_ols_av,pass,-0.4548,0.0
constrained_ols_av,pass,-0.9073,2.0
constrained_ols_av,pass,0.4501,4.0
constrained_ols_av,pass,-0.0023,4.0
constrained_ols_av,pass,-0.4548,0.0
constrained_ols_av,pass,-0.4548,4.0
constrained_ols_av,pass,-1.3597,0.0
constrained_ols_av,pass,-0.4548,8.0
constrained_ols_av,pass,-0.0023,0.0
constrained_ols_av,pass,-0.9073,4.0
constrained_ols_av,pass,-0.9073,0.0
constrained_ols_av,pass,-0.9073,6.0
constrained_ols_av,pass,-0.4548,0.0
constrained_ols_av,pass,0.9026,0.0
constrained_ols_av,pass,-0.9073,0.0
constrained_ols_av,pass,-0.9073,4.0
constrained_ols_av,pass,-0.4548,8.0
constrained_ols_av,pass,-0.0023,3.0
constrained_ols_av,pass,-1.3597,8.0
constrained_ols_av,pass,-0.4548,9.0
constrained_ols_av,pass,-0.4548,4.0
constrained_ols_av,pass,-0.0023,9.0
constrained_ols_av,pass,0.4501,7.0
constrained_ols_av,pass,-0.4548,2.0
constrained_ols_av,pass,-1.3597,1.0
constrained_ols_av,pass,-0.4548,7.0
constrained_ols_av,pass,-0.9073,2.0
constrained_ols_av,pass,-1.3597,2.0
constrained_ols_av,pass,-1.3597,5.0
constrained_ols_av,pass,1.3551,0.0
constrained_ols_av,pass,-0.0023,8.0
constrained_ols_av,pass,-0.4548,7.0
constrained_ols_av,pass,-0.4548,0.0
constrained_ols_av,pass,-0.9073,5.0
constrained_ols_av,pass,-1.3597,4.0
constrained_ols_av,pass,-0.0023,2.0
constrained_ols_av,pass,-0.4548,5.0
constrained_ols_av,pass,-0.0023,1.0
constrained_ols_av,pass,-0.0023,5.0
constrained_ols_av,pass,-0.9073,1.0
constrained_ols_av,pass,-0.4548,5.0
constrained_ols_av,pass,-0.4548,0.0
constrained_ols_av,pass,-0.0023,0.0
constrained_ols_av,pass,-0.0023,0.0
constrained_ols_av,pass,-0.4548,1.0
constrained_ols_av,pass,-0.9073,1.0
constrained_ols_av,pass,-1.3597,5.0
constrained_ols_av,pass,-0.0023,4.0
constrained_ols_av,pass,-0.0023,5.0
constrained_ols_av,pass,-0.4548,5.0
constrained_ols_av,pass,-0.9073,1.0
constrained_ols_av,pass,-0.0023,5.0
constrained_ols_av,pass,-0.4548,7.0
constrained_ols_av,pass,-0.0023,7.0
constrained_ols_av,pass,-0.9073,5.0
constrained_ols_av,pass,-0.9073,9.0
constrained_ols_av,pass,-0.4548,7.0
constrained_ols_av,pass,-0.4548,0.0
constrained_ols_av,pass,-0.0023,6.0
constrained_ols_av,pass,-0.4548,4.0
constrained_ols_av,pass,0.9026,4.0
constrained_ols_av,pass,-0.0023,6.0
constrained_ols_av,pass,-0.0023,6.0
constrained_ols_av,pass,-0.9073,5.0
constrained_ols_av,pass,-0.4548,5.0
constrained_ols_av,pass,-0.9073,4.0
constrained_ols_av,pass,-0.0023,0.0
constrained_ols_av,pass,-0.4548,7.0
constrained_ols_av,pass,-0.9073,5.0
constrained_ols_av,pass,-0.9073,3.0
constrained_ols_av,pass,-0.0023,8.0
constrained_ols_av,pass,-1.3597,8.0
constrained_ols_av,pass,-0.4548,2.0
constrained_ols_av,pass,-0.9073,2.0
constrained_ols_av,pass,-0.9073,6.0
constrained_ols_av,pass,-0.4548,6.0
constrained_ols_av,pass,-0.4548,5.0
constrained_ols_av,pass,-0.4548,6.0
constrained_ols_av,pass,-0.4548,10.0
constrained_ols_av,pass,-0.0023,4.0
constrained_ols_av,pass,-0.9073,7.0
constrained_ols_av,pass,-0.4548,9.0
constrained_ols_av,pass,-0.4548,0.0
constrained_ols_av,pass,-0.4548,6.0
constrained_ols_av,pass,-0.4548,0.0
constrained_ols_av,pass,-0.9073,3.0
constrained_ols_av,pass,-1.3597,1.0
constrained_ols_av,pass,-0.0023,0.0
constrained_ols_av,pass,-0.0023,5.0
constrained_ols_av,pass,-0.9073,1.0
constrained_ols_av,pass,-0.4548,5.0
constrained_ols_av,pass,-0.0023,8.0
constrained_ols_av,pass,-0.9073,7.0
constrained_ols_av,pass,-0.4548,3.0
constrained_ols_av,pass,-0.4548,0.0
constrained_ols_av,pass,-0.0023,5.0
constrained_ols_av,pass,-0.4548,8.0
constrained_ols_av,pass,-0.9073,8.0
constrained_ols_av,pass,-1.3597,4.0
constrained_ols_av,pass,-0.9073,0.0
constrained_ols_av,pass,-1.3597,6.0
constrained_ols_av,pass,-0.4548,0.0
constrained_ols_av,pass,-0.9073,0.0
constrained_ols_av,pass,-0.9073,4.0
constrained_ols_av,pass,-0.9073,5.0
constrained_ols_av,pass,-0.9073,4.0
constrained_ols_av,pass,-1.3597,1.0
constrained_ols_av,pass,-0.9073,3.0
constrained_ols_av,pass,-0.4548,0.0
constrained_ols_av,pass,-0.0023,5.0
constrained_ols_av,pass,-1.3597,5.0
constrained_ols_av,pass,-0.4548,7.0
constrained_ols_av,pass,-0.0023,7.0
constrained_ols_av,pass,-0.4548,0.0
constrained_ols_av,pass,-0.0023,4.0
constrained_ols_av,pass,-0.0023,5.0
constrained_ols_av,pass,-0.0023,0.0
constrained_ols_av,pass,-0.9073,7.0
constrained_ols_av,pass,-0.0023,3.0
constrained_ols_av,pass,-0.9073,1.0
constrained_ols_av,pass,-1.3597,8.0
constrained_ols_av,pass,-0.4548,4.0
constrained_ols_av,pass,-0.4548,2.0
constrained_ols_av,pass,-0.0023,0.0
constrained_ols_av,pass,-0.9073,0.0
constrained_ols_av,pass,-0.9073,4.0
constrained_ols_av,pass,-1.3597,0.0
constrained_ols_av,pass,-0.0023,0.0
constrained_ols_av,pass,-0.9073,0.0
constrained_ols_av,pass,-0.0023,0.0
constrained_ols_av,pass,-0.4548,0.0
constrained_ols_av,pass,-1.3597,4.0
constrained_ols_av,pass,-0.9073,3.0
constrained_ols_av,pass,-0.9073,2.0
constrained_ols_av,pass,-0.4548,7.0
constrained_ols_av,pass,-0.4548,0.0
constrained_ols_av,pass,-0.9073,3.0
constrained_ols_av,pass,-0.4548,0.0
constrained_ols_av,pass,-0.0023,3.0
constrained_ols_av,pass,1.3551,4.0
constrained_ols_av,pass,-0.9073,7.0
constrained_ols_av,pass,-0.0023,3.0
constrained_ols_av,pass,-0.4548,0.0
constrained_ols_av,pass,-0.9073,4.0
constrained_ols_av,pass,-1.3597,4.0
constrained_ols_av,pass,0.4501,0.0
constrained_ols_av,pass,-0.4548,4.0
constrained_ols_av,pass,-0.4548,1.0
constrained_ols_av,pass,0.4501,5.0
constrained_ols_av,pass,-0.9073,0.0
constrained_ols_av,pass,-0.9073,3.0
constrained_ols_av,pass,-0.4548,2.0
constrained_ols_av,pass,-0.4548,0.0
constrained_ols_av,pass,-0.4548,7.0
constrained_ols_av,pass,-1.3597,0.0
constrained_ols_av,pass,0.4501,3.0
constrained_ols_av,pass,-0.9073,0.0
constrained_ols_av,pass,0.9026,3.0
constrained_ols_av,pass,-0.0023,0.0
constrained_ols_av,pass,-0.0023,2.0
constrained_ols_av,pass,0.4501,6.0
constrained_ols_av,pass,0.4501,5.0
constrained_ols_av,pass,-0.4548,3.0
constrained_ols_av,pass,-0.9073,0.0
constrained_ols_av,pass,-0.0023,3.0
constrained_ols_av,pass,-0.0023,6.0
constrained_ols_av,pass,-0.0023,7.0
constrained_ols_av,pass,-0.0023,2.0
constrained_ols_av,pass,-1.3597,5.0
constrained_ols_av,pass,-0.0023,3.0
constrained_ols_av,pass,-0.4548,5.0
constrained_ols_av,pass,-0.9073,0.0
constrained_ols_av,pass,-0.9073,6.0
constrained_ols_av,pass,0.4501,2.0
constrained_ols_av,pass,-0.4548,0.0
constrained_ols_av,pass,-1.3597,2.0
constrained_ols_av,pass,-0.9073,1.0
constrained_ols_av,pass,-0.0023,5.0
constrained_ols_av,pass,-1.3597,4.0
constrained_ols_av,pass,-0.9073,8.0
constrained_ols_av,pass,-0.4548,4.0
constrained_ols_av,pass,-0.0023,7.0
constrained_ols_av,pass,-0.4548,6.0
constrained_ols_av,pass,-0.9073,6.0
constrained_ols_av,pass,0.4501,5.0
constrained_ols_av,pass,-0.4548,4.0
constrained_ols_av,pass,-0.0023,4.0
constrained_ols_av,pass,-0.9073,7.0
constrained_ols_av,pass,-0.0023,2.0
constrained_ols_av,pass,-0.4548,6.0
constrained_ols_av,pass,-0.4548,3.0
constrained_ols_av,pass,-0.0023,2.0
constrained_ols_av,pass,-0.4548,3.0
constrained_ols_av,pass,-0.0023,0.0
constrained_ols_av,pass,-0.4548,3.0
constrained_ols_av,pass,-0.0023,1.0
constrained_ols_av,pass,-0.4548,6.0
constrained_ols_av,pass,-0.9073,2.0
constrained_ols_av,pass,-0.4548,5.0
constrained_ols_av,pass,-0.9073,2.0
constrained_ols_av,pass,-0.4548,3.0
constrained_ols_av,pass,-0.0023,7.0
constrained_ols_av,pass,-0.4548,4.0
constrained_ols_av,pass,-0.9073,4.0
constrained_ols_av,pass,-0.4548,3.0
constrained_ols_av,pass,-0.9073,5.0
constrained_ols_av,pass,-0.9073,4.0
constrained_ols_av,pass,0.4501,0.0
constrained_ols_av,pass,-0.0023,6.0
constrained_ols_av,pass,-0.9073,5.0
constrained_ols_av,pass,-0.0023,4.0
constrained_ols_av,pass,0.4501,7.0
constrained_ols_av,pass,-1.3597,6.0
constrained_ols_av,pass,-0.9073,4.0
constrained_ols_av,pass,-0.0023,3.0
constrained_ols_av,pass,-0.9073,4.0
constrained_ols_av,pass,-0.9073,4.0
constrained_ols_av,pass,-0.4548,0.0
constrained_ols_av,pass,-1.3597,3.0
constrained_ols_av,pass,-0.4548,0.0
constrained_ols_av,pass,-0.9073,3.0
constrained_ols_av,pass,0.4501,0.0
constrained_ols_av,pass,0.9026,4.0
constrained_ols_av,pass,-0.4548,6.0
constrained_ols_av,pass,-0.0023,8.0
constrained_ols_av,pass,-0.0023,4.0
constrained_ols_av,pass,0.4501,3.0
constrained_ols_av,pass,-0.4548,6.0
constrained_ols_av,pass,-0.4548,9.0
constrained_ols_av,pass,-0.0023,0.0
constrained_ols_av,pass,-1.3597,4.0
constrained_ols_av,pass,-0.0023,0.0
constrained_ols_av,pass,-0.0023,0.0
constrained_ols_av,pass,0.4501,0.0
constrained_ols_av,pass,-0.4548,2.0
constrained_ols_av,pass,-0.4548,0.0
constrained_ols_av,pass,-0.4548,0.0
constrained_ols_av,pass,-0.0023,4.0
constrained_ols_av,pass,-0.0023,8.0
constrained_ols_av,pass,-0.4548,0.0
constrained_ols_av,pass,-0.4548,2.0
constrained_ols_av,pass,-0.9073,6.0
constrained_ols_av,pass,-0.9073,3.0
constrained_ols_av,pass,-0.4548,4.0
constrained_ols_av,pass,-0.4548,4.0
constrained_ols_av,pass,-0.4548,4.0
constrained_ols_av,pass,-0.4548,7.0
constrained_ols_av,pass,-0.9073,0.0
constrained_ols_av,pass,-0.0023,8.0
constrained_ols_av,pass,0.4501,4.0
constrained_ols_av,pass,-0.4548,5.0
constrained_ols_av,pass,-0.9073,0.0
constrained_ols_av,pass,0.4501,6.0
constrained_ols_av,pass,-0.9073,0.0
constrained_ols_av,pass,0.4501,0.0
constrained_ols_av,pass,-0.4548,3.0
constrained_ols_av,pass,-0.9073,6.0
constrained_ols_av,pass,-0.0023,2.0
constrained_ols_av,pass,-0.9073,6.0
constrained_ols_av,pass,-0.9073,5.0
constrained_ols_av,pass,-0.9073,0.0
constrained_ols_av,pass,-0.0023,6.0
constrained_ols_av,pass,-0.4548,4.0
constrained_ols_av,pass,-0.9073,4.0
constrained_ols_av,pass,-0.4548,5.0
constrained_ols_av,pass,-0.9073,3.0
constrained_ols_av,pass,-0.4548,7.0
constrained_ols_av,pass,-0.4548,0.0
constrained_ols_av,pass,-0.0023,5.0
constrained_ols_av,pass,-0.9073,4.0
constrained_ols_av,pass,-0.9073,0.0
constrained_ols_av,pass,-0.9073,5.0
constrained_ols_av,pass,-0.0023,0.0
constrained_ols_av,pass,-0.0023,3.0
constrained_ols_av,pass,-0.0023,0.0
constrained_ols_av,pass,-0.0023,8.0
constrained_ols_av,pass,-1.3597,0.0
constrained_ols_av,pass,-0.4548,7.0
constrained_ols_av,pass,-0.4548,5.0
constrained_ols_av,pass,-0.9073,6.0
constrained_ols_av,pass,-0.0023,2.0
constrained_ols_av,pass,-0.9073,1.0
constrained_ols_av,pass,-0.0023,6.0
constrained_ols_av,pass,-0.4548,4.0
constrained_ols_av,pass,0.4501,0.0
constrained_ols_av,pass,-0.0023,0.0
constrained_ols_av,pass,0.4501,4.0
constrained_ols_av,pass,-0.9073,7.0
constrained_ols_av,pass,-0.4548,0.0
constrained_ols_av,pass,-0.4548,0.0
constrained_ols_av,pass,-1.3597,4.0
constrained_ols_av,pass,-0.4548,0.0
constrained_ols_av,pass,-0.4548,9.0
constrained_ols_av,pass,-0.4548,2.0
constrained_ols_av,pass,-0.4548,0.0
constrained_ols_av,pass,-0.0023,4.0
constrained_ols_av,pass,-1.3597,0.0
constrained_ols_av,pass,-1.3597,7.0
constrained_ols_av,pass,-0.0023,5.0
constrained_ols_av,pass,-0.9073,0.0
constrained_ols_av,pass,-0.4548,0.0
constrained_ols_av,pass,-0.9073,6.0
constrained_ols_av,pass,-0.9073,0.0
constrained_ols_av,pass,0.4501,0.0
constrained_ols_av,pass,-0.0023,3.0
constrained_ols_av,pass,-0.4548,2.0
constrained_ols_av,pass,-0.4548,6.0
constrained_ols_av,pass,-1.3597,5.0
constrained_ols_av,pass,-0.9073,4.0
constrained_ols_av,pass,-0.4548,1.0
constrained_ols_av,pass,-1.3597,1.0
constrained_ols_av,pass,-0.4548,5.0
constrained_ols_av,pass,0.4501,2.0
constrained_ols_av,pass,-0.9073,4.0
constrained_ols_av,pass,-0.9073,2.0
constrained_ols_av,pass,-0.9073,4.0
constrained_ols_av,pass,-0.0023,5.0
constrained_ols_av,pass,-1.3597,5.0
constrained_ols_av,pass,-0.9073,4.0
constrained_ols_av,pass,-0.0023,8.0
constrained_ols_av,pass,-0.0023,0.0
constrained_ols_av,pass,-0.4548,0.0
constrained_ols_av,pass,-0.0023,0.0
constrained_ols_av,pass,-0.0023,4.0
constrained_ols_av,pass,-0.4548,0.0
constrained_ols_av,pass,-0.0023,6.0
constrained_ols_av,pass,-0.9073,4.0
constrained_ols_av,pass,-0.0023,4.0
constrained_ols_av,pass,-0.4548,7.0
constrained_ols_av,pass,-1.3597,1.0
constrained_ols_av,pass,-0.9073,7.0
constrained_ols_av,pass,-0.9073,3.0
constrained_ols_av,pass,-0.9073,0.0
constrained_ols_av,pass,-0.4548,6.0
constrained_ols_av,pass,-0.4548,4.0
constrained_ols_av,pass,-0.0023,2.0
constrained_ols_av,pass,-0.0023,3.0
constrained_ols_av,pass,-1.3597,4.0
constrained_ols_av,pass,-0.4548,3.0
constrained_ols_av,pass,-0.9073,0.0
constrained_ols_av,pass,-0.4548,0.0
constrained_ols_av,pass,-0.0023,4.0
constrained_ols_av,pass,-0.0023,3.0
constrained_ols_av,pass,-0.4548,0.0
constrained_ols_av,pass,-0.9073,1.0
constrained_ols_av,pass,-0.9073,1.0
constrained_ols_av,pass,-0.0023,0.0
constrained_ols_av,pass,0.4501,3.0
constrained_ols_av,pass,-0.4548,5.0
constrained_ols_av,pass,0.9026,9.0
constrained_ols_av,pass,-0.9073,5.0
constrained_ols_av,pass,-0.4548,0.0
constrained_ols_av,pass,-0.9073,1.0
constrained_ols_av,pass,-0.4548,3.0
constrained_ols_av,pass,-0.4548,0.0
constrained_ols_av,pass,-0.9073,4.0
constrained_ols_av,pass,-0.0023,0.0
constrained_ols_av,pass,-0.9073,6.0
constrained_ols_av,pass,-0.4548,2.0
constrained_ols_av,pass,-0.4548,5.0
constrained_ols_av,pass,-0.4548,3.0
constrained_ols_av,pass,-0.4548,3.0
constrained_ols_av,pass,-0.4548,5.0
constrained_ols_av,pass,0.4501,3.0
constrained_ols_av,pass,-1.3597,0.0
constrained_ols_av,pass,-0.0023,0.0
constrained_ols_av,pass,-0.4548,0.0
constrained_ols_av,pass,-0.4548,6.0
constrained_ols_av,pass,-1.3597,4.0
constrained_ols_av,pass,-0.0023,2.0
constrained_ols_av,pass,-0.9073,0.0
constrained_ols_av,pass,-0.4548,1.0
constrained_ols_av,pass,-0.4548,3.0
constrained_ols_av,pass,-0.4548,0.0
constrained_ols_av,pass,-0.9073,0.0
constrained_ols_av,pass,-0.4548,8.0
constrained_ols_av,pass,-0.0023,2.0
constrained_ols_av,pass,-0.9073,0.0
constrained_ols_av,pass,-0.4548,2.0
constrained_ols_av,pass,-0.0023,7.0
constrained_ols_av,pass,-0.4548,0.0
constrained_ols_av,pass,-0.4548,2.0
constrained_ols_av,pass,-1.3597,0.0
constrained_ols_av,pass,-0.4548,6.0
constrained_ols_av,pass,-0.4548,7.0
constrained_ols_av,pass,-0.9073,1.0
constrained_ols_av,pass,-0.0023,2.0
constrained_ols_av,pass,-0.9073,2.0
constrained_ols_av,pass,-0.9073,4.0
constrained_ols_av,pass,-0.0023,6.0
constrained_ols_av,pass,-0.4548,2.0
constrained_ols_av,pass,-0.9073,6.0
constrained_ols_av,pass,-0.0023,3.0
constrained_ols_av,pass,-0.4548,4.0
constrained_ols_av,pass,0.4501,0.0
constrained_ols_av,pass,-0.4548,0.0
constrained_ols_av,pass,-0.4548,0.0
constrained_ols_av,pass,0.4501,3.0
constrained_ols_av,pass,-0.9073,3.0
constrained_ols_av,pass,-0.9073,0.0
constrained_ols_av,pass,-0.9073,1.0
constrained_ols_av,pass,-0.9073,2.0
constrained_ols_av,pass,-0.9073,3.0
constrained_ols_av,pass,-0.9073,0.0
constrained_ols_av,pass,-0.4548,3.0
constrained_ols_av,pass,-0.0023,0.0
constrained_ols_av,pass,-0.4548,0.0
constrained_ols_av,pass,-0.4548,3.0
constrained_ols_av,pass,-0.4548,0.0
constrained_ols_av,pass,0.4501,4.0
constrained_ols_av,pass,0.4501,5.0
constrained_ols_av,pass,-0.4548,1.0
constrained_ols_av,pass,-0.4548,0.0
constrained_ols_av,pass,-0.4548,8.0
constrained_ols_av,pass,-0.9073,5.0
constrained_ols_av,pass,-0.0023,2.0
constrained_ols_av,pass,-0.4548,0.0
constrained_ols_av,pass,-0.9073,0.0
constrained_ols_av,pass,-0.4548,3.0
constrained_ols_av,pass,-1.3597,0.0
constrained_ols_av,pass,-0.4548,0.0
constrained_ols_av,pass,0.4501,4.0
constrained_ols_av,pass,-0.4548,2.0
constrained_ols_av,pass,-0.4548,0.0
constrained_ols_av,pass,-0.0023,0.0
constrained_ols_av,pass,-0.9073,3.0
constrained_ols_av,pass,-0.0023,7.0
constrained_ols_av,pass,-0.4548,3.0
constrained_ols_av,pass,-0.4548,2.0
constrained_ols_av,pass,-0.0023,4.0
constrained_ols_av,pass,-0.0023,3.0
constrained_ols_av,pass,-0.9073,5.0
constrained_ols_av,pass,-0.9073,3.0
constrained_ols_av,pass,-0.4548,3.0
constrained_ols_av,pass,-0.4548,3.0
constrained_ols_av,pass,-0.4548,7.0
constrained_ols_av,pass,-0.4548,5.0
constrained_ols_av,pass,-0.0023,1.0
constrained_ols_av,pass,-0.9073,5.0
constrained_ols_av,pass,-0.4548,7.0
constrained_ols_av,pass,-1.3597,2.0
constrained_ols_av,pass,-0.4548,4.0
constrained_ols_av,pass,-0.0023,5.0
constrained_ols_av,pass,0.4501,0.0
constrained_ols_av,pass,-0.4548,5.0
constrained_ols_av,pass,-0.9073,3.0
constrained_ols_av,pass,-0.4548,5.0
constrained_ols_av,pass,-0.9073,6.0
constrained_ols_av,pass,-0.0023,0.0
constrained_ols_av,pass,-0.4548,0.0
constrained_ols_av,pass,-1.3597,5.0
constrained_ols_av,pass,-0.0023,4.0
constrained_ols_av,pass,0.9026,3.0
constrained_ols_av,pass,-0.4548,3.0
constrained_ols_av,pass,-0.0023,8.0
constrained_ols_av,pass,-0.4548,7.0
constrained_ols_av,pass,-0.9073,8.0
constrained_ols_av,pass,-0.9073,2.0
constrained_ols_av,pass,-0.0023,7.0
constrained_ols_av,pass,-0.4548,2.0
constrained_ols_av,pass,-0.4548,0.0
constrained_ols_av,pass,-0.9073,3.0
constrained_ols_av,pass,-0.0023,5.0
constrained_ols_av,pass,-0.9073,3.0
constrained_ols_av,pass,-0.0023,6.0
constrained_ols_av,pass,-0.4548,7.0
constrained_ols_av,pass,0.4501,8.0
constrained_ols_av,pass,-0.4548,0.0
constrained_ols_av,pass,-0.4548,0.0
constrained_ols_av,pass,-0.9073,0.0
constrained_ols_av,pass,-1.3597,4.0
constrained_ols_av,pass,-0.0023,0.0
constrained_ols_av,pass,-0.4548,0.0
constrained_ols_av,pass,-0.4548,2.0
constrained_ols_av,pass,-0.9073,6.0
constrained_ols_av,pass,-0.0023,0.0
constrained_ols_av,pass,-0.9073,0.0
constrained_ols_av,pass,-0.9073,6.0
constrained_ols_av,pass,-0.0023,0.0
constrained_ols_av,pass,-0.4548,2.0
constrained_ols_av,pass,-0.0023,6.0
constrained_ols_av,pass,0.4501,0.0
constrained_ols_av,pass,-0.4548,3.0
constrained_ols_av,pass,0.4501,2.0
constrained_ols_av,pass,-0.0023,0.0
constrained_ols_av,pass,-0.4548,7.0
constrained_ols_av,pass,-0.9073,6.0
constrained_ols_av,pass,-0.9073,8.0
constrained_ols_av,pass,-0.4548,8.0
constrained_ols_av,pass,-0.0023,2.0
constrained_ols_av,pass,-0.0023,2.0
constrained_ols_av,pass,-0.4548,4.0
constrained_ols_av,pass,-0.4548,2.0
constrained_ols_av,pass,-0.9073,5.0
constrained_ols_av,pass,-0.4548,9.0
constrained_ols_av,pass,-0.0023,3.0
constrained_ols_av,pass,0.4501,4.0
constrained_ols_av,pass,-1.3597,2.0
constrained_ols_av,pass,-0.0023,9.0
constrained_ols_av,pass,-0.9073,7.0
constrained_ols_av,pass,-0.4548,0.0
constrained_ols_av,pass,-0.0023,4.0
constrained_ols_av,pass,-0.9073,5.0
constrained_ols_av,pass,-0.4548,0.0
constrained_ols_av,pass,-0.4548,4.0
constrained_ols_av,pass,-0.4548,8.0
constrained_ols_av,pass,0.4501,8.0
constrained_ols_av,pass,-0.4548,7.0
constrained_ols_av,pass,-1.3597,4.0
constrained_ols_av,pass,-0.4548,0.0
constrained_ols_av,pass,-0.0023,8.0
constrained_ols_av,pass,0.4501,3.0
constrained_ols_av,pass,-0.4548,4.0
constrained_ols_av,pass,-0.4548,6.0
constrained_ols_av,pass,0.4501,2.0
constrained_ols_av,pass,-0.9073,7.0
constrained_ols_av,pass,-1.3597,6.0
constrained_ols_av,pass,-0.0023,3.0
constrained_ols_av,pass,-0.0023,6.0
constrained_ols_av,pass,-1.3597,6.0
constrained_ols_av,pass,-0.4548,0.0
constrained_ols_av,pass,-0.4548,2.0
constrained_ols_av,pass,-0.9073,5.0
constrained_ols_av,pass,-0.4548,5.0
constrained_ols_av,pass,-0.9073,0.0
constrained_ols_av,pass,-0.9073,0.0
constrained_ols_av,pass,-0.9073,7.0
constrained_ols_av,pass,-0.9073,2.0
constrained_ols_av,pass,-0.4548,4.0
constrained_ols_av,pass,-0.0023,4.0
constrained_ols_av,pass,-0.4548,2.0
constrained_ols_av,pass,-0.9073,7.0
constrained_ols_av,pass,-0.4548,1.0
constrained_ols_av,pass,-0.4548,3.0
constrained_ols_av,pass,-0.9073,1.0
constrained_ols_av,pass,-0.9073,6.0
constrained_ols_av,pass,-0.0023,0.0
constrained_ols_av,pass,-0.0023,2.0
constrained_ols_av,pass,-0.0023,0.0
constrained_ols_av,pass,-0.9073,6.0
constrained_ols_av,pass,-0.9073,8.0
constrained_ols_av,pass,-0.0023,0.0
constrained_ols_av,pass,-0.0023,3.0
constrained_ols_av,pass,-0.9073,5.0
constrained_ols_av,pass,-0.0023,2.0
constrained_ols_av,pass,0.4501,0.0
constrained_ols_av,pass,-0.4548,2.0
constrained_ols_av,pass,-0.0023,2.0
constrained_ols_av,pass,-0.4548,2.0
constrained_ols_av,pass,-1.3597,5.0
constrained_ols_av,pass,-0.9073,0.0
constrained_ols_av,pass,0.4501,2.0
constrained_ols_av,pass,-0.9073,3.0
constrained_ols_av,pass,-1.3597,6.0
constrained_ols_av,pass,0.4501,3.0
constrained_ols_av,pass,-0.9073,2.0
constrained_ols_av,pass,-1.3597,2.0
constrained_ols_av,pass,-0.9073,0.0
constrained_ols_av,pass,-0.0023,0.0
constrained_ols_av,pass,-0.4548,7.0
constrained_ols_av,pass,-0.9073,7.0
constrained_ols_av,pass,-0.4548,6.0
constrained_ols_av,pass,-0.4548,0.0
constrained_ols_av,pass,-0.4548,0.0
constrained_ols_av,pass,-0.4548,4.0
constrained_ols_av,pass,-0.0023,5.0
constrained_ols_av,pass,0.4501,8.0
constrained_ols_av,pass,0.4501,3.0
constrained_ols_av,pass,-1.3597,0.0
constrained_ols_av,pass,-0.4548,5.0
constrained_ols_av,pass,-0.4548,0.0
constrained_ols_av,pass,-0.9073,7.0
constrained_ols_av,pass,0.4501,0.0
constrained_ols_av,pass,-0.9073,0.0
constrained_ols_av,pass,-0.9073,2.0
constrained_ols_av,pass,-1.3597,0.0
constrained_ols_av,pass,-0.4548,0.0
constrained_ols_av,pass,-0.9073,8.0
constrained_ols_av,pass,-0.0023,3.0
constrained_ols_av,pass,-0.4548,3.0
constrained_ols_av,pass,-0.9073,3.0
constrained_ols_av,pass,-0.9073,1.0
constrained_ols_av,pass,-0.9073,3.0
constrained_ols_av,pass,-1.3597,2.0
constrained_ols_av,pass,-0.4548,1.0
constrained_ols_av,pass,-0.0023,6.0
constrained_ols_av,pass,-0.0023,4.0
constrained_ols_av,pass,-0.9073,6.0
constrained_ols_av,pass,-0.9073,0.0
constrained_ols_av,pass,-0.4548,0.0
constrained_ols_av,pass,-0.0023,0.0
constrained_ols_av,pass,-0.0023,8.0
constrained_ols_av,pass,-0.9073,0.0
constrained_ols_av,pass,-0.4548,4.0
constrained_ols_av,pass,-0.0023,0.0
constrained_ols_av,pass,-0.4548,1.0
constrained_ols_av,pass,-0.9073,3.0
constrained_ols_av,pass,-0.0023,4.0
constrained_ols_av,pass,-0.9073,7.0
constrained_ols_av,pass,-0.9073,0.0
constrained_ols_av,pass,-0.0023,5.0
constrained_ols_av,pass,-0.0023,7.0
constrained_ols_av,pass,-0.9073,4.0
constrained_ols_av,pass,-0.9073,8.0
constrained_ols_av,pass,-0.9073,0.0
constrained_ols_av,pass,-0.4548,0.0
constrained_ols_av,pass,-0.0023,4.0
constrained_ols_av,pass,-0.9073,0.0
constrained_ols_av,pass,-1.3597,4.0
constrained_ols_av,pass,0.4501,3.0
constrained_ols_av,pass,-0.4548,4.0
constrained_ols_av,pass,-0.4548,0.0
constrained_ols_av,pass,-0.4548,6.0
constrained_ols_av,pass,-0.4548,6.0
constrained_ols_av,pass,-0.9073,5.0
constrained_ols_av,pass,-0.0023,8.0
constrained_ols_av,pass,-0.0023,9.0
constrained_ols_av,pass,-0.9073,1.0
constrained_ols_av,pass,-0.0023,2.0
constrained_ols_av,pass,0.9026,9.0
constrained_ols_av,pass,-0.4548,8.0
constrained_ols_av,pass,-0.4548,1.0
constrained_ols_av,pass,-0.9073,4.0
constrained_ols_av,pass,-0.4548,2.0
constrained_ols_av,pass,-0.0023,3.0
constrained_ols_av,pass,-0.9073,0.0
constrained_ols_av,pass,-0.9073,4.0
constrained_ols_av,pass,0.4501,0.0
constrained_ols_av,pass,-0.9073,6.0
constrained_ols_av,pass,-0.4548,0.0
constrained_ols_av,pass,-1.3597,7.0
constrained_ols_av,pass,-0.4548,0.0
constrained_ols_av,pass,-0.9073,3.0
constrained_ols_av,pass,-0.0023,0.0
constrained_ols_av,pass,-0.4548,5.0
constrained_ols_av,pass,-0.9073,0.0
constrained_ols_av,pass,-0.9073,6.0
constrained_ols_av,pass,-0.4548,5.0
constrained_ols_av,pass,-0.9073,4.0
constrained_ols_av,pass,-0.0023,0.0
constrained_ols_av,pass,-1.3597,5.0
constrained_ols_av,pass,0.4501,2.0
constrained_ols_av,pass,-0.9073,1.0
constrained_ols_av,pass,-0.0023,9.0
constrained_ols_av,pass,-0.9073,3.0
constrained_ols_av,pass,-0.4548,0.0
constrained_ols_av,pass,-0.9073,0.0
constrained_ols_av,pass,-0.0023,0.0
constrained_ols_av,pass,-0.9073,4.0
constrained_ols_av,pass,-0.4548,0.0
constrained_ols_av,pass,-0.0023,1.0
constrained_ols_av,pass,-0.0023,4.0
constrained_ols_av,pass,-0.0023,4.0
constrained_ols_av,pass,-0.4548,0.0
constrained_ols_av,pass,-0.4548,0.0
constrained_ols_av,pass,-1.3597,0.0
constrained_ols_av,pass,-0.9073,3.0
constrained_ols_av,pass,-0.9073,3.0
constrained_ols_av,pass,-0.4548,5.0
constrained_ols_av,pass,-0.4548,5.0
constrained_ols_av,pass,-0.4548,2.0
constrained_ols_av,pass,-0.0023,0.0
constrained_ols_av,pass,-0.4548,7.0
constrained_ols_av,pass,-0.9073,0.0
constrained_ols_av,pass,-0.4548,5.0
constrained_ols_av,pass,-0.9073,3.0
constrained_ols_av,pass,-0.4548,3.0
constrained_ols_av,pass,-0.4548,4.0
constrained_ols_av,pass,-0.4548,4.0
constrained_ols_av,pass,-0.4548,0.0
constrained_ols_av,pass,-0.4548,3.0
constrained_ols_av,pass,-0.9073,4.0
constrained_ols_av,pass,-0.9073,3.0
constrained_ols_av,pass,-0.0023,1.0
constrained_ols_av,pass,0.4501,0.0
constrained_ols_av,pass,-0.0023,6.0
constrained_ols_av,pass,-0.9073,4.0
constrained_ols_av,pass,-0.9073,0.0
constrained_ols_av,pass,-0.4548,0.0
constrained_ols_av,pass,-0.4548,0.0
constrained_ols_av,pass,-0.9073,1.0
constrained_ols_av,pass,-0.0023,0.0
constrained_ols_av,pass,-0.4548,6.0
constrained_ols_av,pass,-0.0023,0.0
constrained_ols_av,pass,-0.9073,8.0
constrained_ols_av,pass,-0.0023,2.0
constrained_ols_av,pass,-0.4548,5.0
constrained_ols_av,pass,-0.0023,3.0
constrained_ols_av,pass,-0.4548,0.0
constrained_ols_av,pass,-0.4548,0.0
constrained_ols_av,pass,-0.4548,5.0
constrained_ols_av,pass,-0.9073,7.0
constrained_ols_av,pass,-0.0023,0.0
constrained_ols_av,pass,-0.0023,6.0
constrained_ols_av,pass,-0.4548,7.0
constrained_ols_av,pass,-1.3597,4.0
constrained_ols_av,pass,-0.9073,0.0
constrained_ols_av,pass,-0.4548,5.0
constrained_ols_av,pass,-0.4548,0.0
constrained_ols_av,pass,-0.4548,5.0
constrained_ols_av,pass,-0.9073,0.0
constrained_ols_av,pass,-0.0023,4.0
constrained_ols_av,pass,-0.4548,3.0
constrained_ols_av,pass,-1.3597,5.0
constrained_ols_av,pass,-0.4548,0.0
constrained_ols_av,pass,-0.0023,3.0
constrained_ols_av,pass,-0.4548,3.0
constrained_ols_av,pass,-0.0023,2.0
constrained_ols_av,pass,-0.4548,9.0
constrained_ols_av,pass,-0.0023,3.0
constrained_ols_av,pass,-0.4548,8.0
constrained_ols_av,pass,-0.9073,5.0
constrained_ols_av,pass,-0.4548,6.0
constrained_ols_av,pass,-0.4548,0.0
constrained_ols_av,pass,-0.4548,5.0
constrained_ols_av,pass,0.9026,0.0
constrained_ols_av,pass,-0.4548,4.0
constrained_ols_av,pass,-0.0023,0.0
constrained_ols_av,pass,0.4501,8.0
constrained_ols_av,pass,-0.4548,2.0
constrained_ols_av,pass,-0.4548,7.0
constrained_ols_av,pass,-0.9073,1.0
constrained_ols_av,pass,-0.4548,7.0
constrained_ols_av,pass,-0.4548,0.0
constrained_ols_av,pass,-0.4548,6.0
constrained_ols_av,pass,-0.9073,2.0
constrained_ols_av,pass,-0.9073,2.0
constrained_ols_av,pass,-0.0023,2.0
constrained_ols_av,pass,-0.9073,0.0
constrained_ols_av,pass,-1.3597,4.0
constrained_ols_av,pass,-0.4548,0.0
constrained_ols_av,pass,0.4501,4.0
constrained_ols_av,pass,-0.4548,3.0
constrained_ols_av,pass,-0.9073,6.0
constrained_ols_av,pass,-0.9073,4.0
constrained_ols_av,pass,-1.3597,7.0
constrained_ols_av,pass,-0.0023,5.0
constrained_ols_av,pass,-0.9073,3.0
constrained_ols_av,pass,-0.4548,5.0
constrained_ols_av,pass,-0.9073,7.0
constrained_ols_av,pass,-0.0023,2.0
constrained_ols_av,pass,-0.9073,4.0
constrained_ols_av,pass,-0.4548,4.0
constrained_ols_av,pass,-1.3597,0.0
constrained_ols_av,pass,-0.9073,6.0
constrained_ols_av,pass,-0.9073,7.0
constrained_ols_av,pass,-0.4548,4.0
constrained_ols_av,pass,-0.0023,5.0
constrained_ols_av,pass,-0.9073,3.0
constrained_ols_av,pass,-1.3597,0.0
constrained_ols_av,pass,-0.4548,5.0
constrained_ols_av,pass,-0.0023,2.0
constrained_ols_av,pass,-0.4548,4.0
constrained_ols_av,pass,-0.4548,0.0
constrained_ols_av,pass,-0.9073,4.0
constrained_ols_av,pass,-0.9073,6.0
constrained_ols_av,pass,-0.0023,3.0
constrained_ols_av,pass,-0.9073,4.0
constrained_ols_av,pass,-0.9073,2.0
constrained_ols_av,pass,-0.0023,5.0
constrained_ols_av,pass,-1.3597,6.0
constrained_ols_av,pass,-0.9073,0.0
constrained_ols_av,pass,-0.9073,2.0
constrained_ols_av,pass,-1.3597,3.0
constrained_ols_av,pass,-0.4548,0.0
constrained_ols_av,pass,-0.9073,6.0
constrained_ols_av,pass,-1.3597,2.0
constrained_ols_av,pass,-0.0023,3.0
constrained_ols_av,pass,-0.4548,0.0
constrained_ols_av,pass,-0.4548,8.0
constrained_ols_av,pass,-0.4548,8.0
constrained_ols_av,pass,-0.4548,0.0
constrained_ols_av,pass,-0.9073,3.0
constrained_ols_av,pass,-0.9073,5.0
constrained_ols_av,pass,-0.4548,3.0
constrained_ols_av,pass,-0.9073,5.0
constrained_ols_av,pass,-0.9073,7.0
constrained_ols_av,pass,-0.9073,3.0
constrained_ols_av,pass,-0.9073,0.0
constrained_ols_av,pass,-0.9073,5.0
constrained_ols_av,pass,-0.4548,0.0
constrained_ols_av,pass,-0.9073,3.0
constrained_ols_av,pass,-0.0023,4.0
constrained_ols_av,pass,-1.3597,0.0
constrained_ols_av,pass,-0.0023,0.0
constrained_ols_av,pass,-0.4548,7.0
constrained_ols_av,pass,-0.9073,2.0
constrained_ols_av,pass,-0.9073,0.0
constrained_ols_av,pass,-0.4548,7.0
constrained_ols_av,pass,-0.4548,4.0
constrained_ols_av,pass,-0.9073,4.0
constrained_ols_av,pass,-0.4548,3.0
constrained_ols_av,pass,-0.9073,4.0
constrained_ols_av,pass,-0.9073,1.0
constrained_ols_av,pass,-0.9073,5.0
constrained_ols_av,pass,-0.9073,1.0
constrained_ols_av,pass,-0.4548,0.0
constrained_ols_av,pass,-0.9073,0.0
constrained_ols_av,pass,-0.4548,0.0
constrained_ols_av,pass,-0.0023,1.0
constrained_ols_av,pass,0.4501,0.0
constrained_ols_av,pass,-0.9073,1.0
constrained_ols_av,pass,0.4501,2.0
constrained_ols_av,pass,-0.9073,0.0
constrained_ols_av,pass,-0.4548,7.0
constrained_ols_av,pass,-0.9073,0.0
constrained_ols_av,pass,-0.4548,0.0
constrained_ols_av,pass,-0.4548,4.0
constrained_ols_av,pass,-0.4548,0.0
constrained_ols_av,pass,-0.0023,3.0
constrained_ols_av,pass,-0.0023,4.0
constrained_ols_av,pass,-0.4548,8.0
constrained_ols_av,pass,-0.4548,0.0
constrained_ols_av,pass,-0.4548,9.0
constrained_ols_av,pass,0.4501,0.0
constrained_ols_av,pass,-0.4548,6.0
constrained_ols_av,pass,0.4501,1.0
constrained_ols_av,pass,-0.4548,0.0
constrained_ols_av,pass,-0.0023,0.0
constrained_ols_av,pass,-0.9073,4.0
constrained_ols_av,pass,-0.4548,5.0
constrained_ols_av,pass,-0.4548,4.0
constrained_ols_av,pass,-0.9073,0.0
constrained_ols_av,pass,-0.4548,8.0
constrained_ols_av,pass,-1.3597,8.0
constrained_ols_av,pass,0.4501,0.0
constrained_ols_av,pass,-0.0023,2.0
constrained_ols_av,pass,-0.9073,5.0
constrained_ols_av,pass,-0.9073,3.0
constrained_ols_av,pass,-0.9073,2.0
constrained_ols_av,pass,-0.9073,3.0
constrained_ols_av,pass,-0.0023,8.0
constrained_ols_av,pass,-0.4548,6.0
constrained_ols_av,pass,-0.4548,4.0
constrained_ols_av,pass,-0.4548,7.0
constrained_ols_av,pass,0.4501,5.0
constrained_ols_av,pass,-0.9073,3.0
constrained_ols_av,pass,-1.3597,0.0
constrained_ols_av,pass,-0.0023,4.0
constrained_ols_av,pass,-0.9073,5.0
constrained_ols_av,pass,-0.0023,0.0
constrained_ols_av,pass,-0.0023,0.0
constrained_ols_av,pass,0.4501,3.0
constrained_ols_av,pass,-0.4548,3.0
constrained_ols_av,pass,-0.9073,0.0
constrained_ols_av,pass,-0.4548,4.0
constrained_ols_av,pass,-0.0023,3.0
constrained_ols_av,pass,-1.3597,0.0
constrained_ols_av,pass,0.4501,2.0
constrained_ols_av,pass,-0.0023,4.0
constrained_ols_av,pass,-0.0023,2.0
constrained_ols_av,pass,-0.4548,9.0
constrained_ols_av,pass,-1.3597,0.0
constrained_ols_av,pass,-0.0023,5.0
constrained_ols_av,pass,-0.4548,0.0
constrained_ols_av,pass,-0.4548,0.0
constrained_ols_av,pass,-0.0023,3.0
constrained_ols_av,pass,-0.9073,2.0
constrained_ols_av,pass,-0.4548,2.0
constrained_ols_av,pass,-0.4548,0.0
constrained_ols_av,pass,-0.4548,3.0
constrained_ols_av,pass,0.4501,2.0
constrained_ols_av,pass,-0.9073,0.0
constrained_ols_av,pass,-0.9073,6.0
constrained_ols_av,pass,0.4501,0.0
constrained_ols_av,pass,-1.3597,1.0
constrained_ols_av,pass,-1.3597,2.0
constrained_ols_av,pass,-0.4548,4.0
constrained_ols_av,pass,-0.4548,0.0
constrained_ols_av,pass,-0.9073,8.0
constrained_ols_av,pass,-0.0023,0.0
constrained_ols_av,pass,-0.0023,4.0
constrained_ols_av,pass,-0.4548,6.0
constrained_ols_av,pass,0.4501,8.0
constrained_ols_av,pass,0.4501,0.0
constrained_ols_av,pass,-1.3597,0.0
constrained_ols_av,pass,-0.9073,1.0
constrained_ols_av,pass,-0.0023,1.0
constrained_ols_av,pass,-0.4548,2.0
constrained_ols_av,pass,0.4501,6.0
constrained_ols_av,pass,-0.4548,2.0
constrained_ols_av,pass,-0.0023,0.0
constrained_ols_av,pass,-0.4548,0.0
constrained_ols_av,pass,-0.4548,3.0
constrained_ols_av,pass,-0.9073,6.0
constrained_ols_av,pass,-0.4548,5.0
constrained_ols_av,pass,-0.4548,3.0
constrained_ols_av,pass,-0.9073,3.0
constrained_ols_av,pass,-1.3597,4.0
constrained_ols_av,pass,-0.9073,7.0
constrained_ols_av,pass,-0.4548,6.0
constrained_ols_av,pass,-0.4548,0.0
constrained_ols_av,pass,-0.4548,4.0
constrained_ols_av,pass,-0.4548,4.0
constrained_ols_av,pass,-0.4548,4.0
constrained_ols_av,pass,-0.0023,2.0
constrained_ols_av,pass,-0.0023,4.0
constrained_ols_av,pass,-0.4548,0.0
constrained_ols_av,pass,-0.4548,7.0
constrained_ols_av,pass,-0.4548,2.0
constrained_ols_av,pass,-0.9073,3.0
constrained_ols_av,pass,-0.0023,5.0
constrained_ols_av,pass,-0.0023,6.0
constrained_ols_av,pass,-0.4548,8.0
constrained_ols_av,pass,-0.4548,3.0
constrained_ols_av,pass,-0.9073,6.0
constrained_ols_av,pass,-0.9073,2.0
constrained_ols_av,pass,-0.4548,0.0
constrained_ols_av,pass,-0.4548,1.0
constrained_ols_av,pass,-0.4548,2.0
constrained_ols_av,pass,-0.4548,7.0
constrained_ols_av,pass,-0.9073,4.0
constrained_ols_av,pass,-0.9073,5.0
constrained_ols_av,pass,0.9026,3.0
constrained_ols_av,pass,-0.4548,3.0
constrained_ols_av,pass,-0.9073,3.0
constrained_ols_av,pass,-0.4548,1.0
constrained_ols_av,pass,-1.3597,3.0
constrained_ols_av,pass,-0.9073,3.0
constrained_ols_av,pass,-0.9073,8.0
constrained_ols_av,pass,-0.4548,4.0
constrained_ols_av,pass,-0.9073,9.0
constrained_ols_av,pass,-0.0023,3.0
constrained_ols_av,pass,-0.9073,0.0
constrained_ols_av,pass,0.4501,0.0
constrained_ols_av,pass,-1.3597,0.0
constrained_ols_av,pass,-0.4548,4.0
constrained_ols_av,pass,-0.4548,0.0
constrained_ols_av,pass,-0.9073,2.0
constrained_ols_av,pass,-0.4548,5.0
constrained_ols_av,pass,-0.0023,5.0
constrained_ols_av,pass,-1.3597,7.0
constrained_ols_av,pass,-0.0023,0.0
constrained_ols_av,pass,-0.9073,3.0
constrained_ols_av,pass,-0.4548,4.0
constrained_ols_av,pass,-0.0023,7.0
constrained_ols_av,pass,-0.9073,6.0
constrained_ols_av,pass,-0.4548,1.0
constrained_ols_av,pass,-0.4548,5.0
constrained_ols_av,pass,-0.4548,3.0
constrained_ols_av,pass,-0.4548,0.0
constrained_ols_av,pass,-0.4548,9.0
constrained_ols_av,pass,-0.4548,0.0
constrained_ols_av,pass,-0.4548,0.0
constrained_ols_av,pass,-1.3597,7.0
constrained_ols_av,pass,-0.0023,0.0
constrained_ols_av,pass,-1.3597,3.0
constrained_ols_av,pass,-0.4548,5.0
constrained_ols_av,pass,-0.9073,6.0
constrained_ols_av,pass,-0.4548,4.0
constrained_ols_av,pass,-1.3597,7.0
constrained_ols_av,pass,-0.9073,9.0
constrained_ols_av,pass,-0.9073,6.0
constrained_ols_av,pass,-0.4548,0.0
constrained_ols_av,pass,-0.9073,0.0
constrained_ols_av,pass,-0.4548,7.0
constrained_ols_av,pass,-0.9073,4.0
constrained_ols_av,pass,-0.4548,5.0
constrained_ols_av,pass,-0.9073,2.0
constrained_ols_av,pass,-0.9073,1.0
constrained_ols_av,pass,-0.4548,6.0
constrained_ols_av,pass,-0.9073,3.0
constrained_ols_av,pass,-0.9073,0.0
constrained_ols_av,pass,-0.9073,5.0
constrained_ols_av,pass,0.4501,4.0
constrained_ols_av,pass,-0.0023,0.0
constrained_ols_av,pass,-0.0023,6.0
constrained_ols_av,pass,-0.0023,3.0
constrained_ols_av,pass,-0.9073,6.0
constrained_ols_av,pass,-0.0023,2.0
constrained_ols_av,pass,-0.0023,5.0
constrained_ols_av,pass,-0.4548,4.0
constrained_ols_av,pass,-0.9073,6.0
constrained_ols_av,pass,-0.9073,5.0
constrained_ols_av,pass,-0.9073,3.0
constrained_ols_av,pass,-0.4548,0.0
constrained_ols_av,pass,-0.4548,0.0
constrained_ols_av,pass,-0.0023,6.0
constrained_ols_av,pass,-0.9073,2.0
constrained_ols_av,pass,-0.4548,0.0
constrained_ols_av,pass,-0.4548,2.0
constrained_ols_av,pass,-0.0023,4.0
constrained_ols_av,pass,0.9026,0.0
constrained_ols_av,pass,0.4501,4.0
constrained_ols_av,pass,-0.4548,7.0
constrained_ols_av,pass,-0.9073,1.0
constrained_ols_av,pass,-0.9073,4.0
constrained_ols_av,pass,-0.9073,3.0
constrained_ols_av,pass,-0.4548,0.0
constrained_ols_av,pass,-0.4548,2.0
constrained_ols_av,pass,0.9026,4.0
constrained_ols_av,pass,-0.4548,4.0
constrained_ols_av,pass,-0.9073,0.0
constrained_ols_av,pass,-0.9073,3.0
constrained_ols_av,pass,-0.4548,7.0
constrained_ols_av,pass,-0.4548,4.0
constrained_ols_av,pass,-0.9073,6.0
constrained_ols_av,pass,-0.4548,0.0
constrained_ols_av,pass,-0.4548,0.0
constrained_ols_av,pass,-0.0023,2.0
constrained_ols_av,pass,0.4501,3.0
constrained_ols_av,pass,-0.9073,4.0
constrained_ols_av,pass,-0.9073,3.0
constrained_ols_av,pass,-0.4548,0.0
constrained_ols_av,pass,-0.4548,4.0
constrained_ols_av,pass,-0.9073,7.0
constrained_ols_av,pass,-0.9073,4.0
constrained_ols_av,pass,-1.3597,5.0
constrained_ols_av,pass,-0.9073,3.0
constrained_ols_av,pass,-0.9073,0.0
constrained_ols_av,pass,-0.9073,0.0
constrained_ols_av,pass,-0.9073,0.0
constrained_ols_av,pass,-0.9073,6.0
constrained_ols_av,pass,-1.3597,2.0
constrained_ols_av,pass,-0.9073,0.0
constrained_ols_av,pass,-0.9073,7.0
constrained_ols_av,pass,-1.3597,3.0
constrained_ols_av,pass,-0.4548,8.0
constrained_ols_av,pass,-0.4548,5.0
constrained_ols_av,pass,-1.3597,1.0
constrained_ols_av,pass,-0.4548,0.0
constrained_ols_av,pass,-0.4548,1.0
constrained_ols_av,pass,-0.4548,6.0
constrained_ols_av,pass,-0.4548,5.0
constrained_ols_av,pass,-0.0023,4.0
constrained_ols_av,pass,-1.3597,0.0
constrained_ols_av,pass,-0.4548,0.0
constrained_ols_av,pass,-0.9073,5.0
constrained_ols_av,pass,-0.9073,7.0
constrained_ols_av,pass,-0.9073,2.0
constrained_ols_av,pass,-1.3597,4.0
constrained_ols_av,pass,0.4501,8.0
constrained_ols_av,pass,-0.4548,4.0
constrained_ols_av,pass,-0.4548,7.0
constrained_ols_av,pass,-0.4548,3.0
constrained_ols_av,pass,-0.4548,9.0
constrained_ols_av,pass,-0.0023,5.0
constrained_ols_av,pass,-0.4548,8.0
constrained_ols_av,pass,-0.4548,8.0
constrained_ols_av,pass,-0.9073,6.0
constrained_ols_av,pass,-0.0023,0.0
constrained_ols_av,pass,-0.4548,0.0
constrained_ols_av,pass,0.9026,8.0
constrained_ols_av,pass,-0.9073,2.0
constrained_ols_av,pass,-0.9073,3.0
constrained_ols_av,pass,-0.4548,6.0
constrained_ols_av,pass,0.4501,4.0
constrained_ols_av,pass,-0.4548,4.0
constrained_ols_av,pass,-0.4548,5.0
constrained_ols_av,pass,-0.9073,0.0
constrained_ols_av,pass,-1.3597,2.0
constrained_ols_av,pass,-0.0023,0.0
constrained_ols_av,pass,-0.4548,7.0
constrained_ols_av,pass,-0.0023,0.0
constrained_ols_av,pass,-0.9073,3.0
constrained_ols_av,pass,-0.4548,3.0
constrained_ols_av,pass,-0.9073,2.0
constrained_ols_av,pass,0.9026,0.0
constrained_ols_av,pass,-0.0023,4.0
constrained_ols_av,pass,-0.4548,2.0
constrained_ols_av,pass,-0.0023,0.0
constrained_ols_av,pass,-0.4548,7.0
constrained_ols_av,pass,-0.4548,4.0
constrained_ols_av,pass,-0.9073,4.0
constrained_ols_av,pass,-0.4548,9.0
constrained_ols_av,pass,0.4501,7.0
constrained_ols_av,pass,-0.4548,7.0
constrained_ols_av,pass,-0.0023,8.0
constrained_ols_av,pass,-0.4548,0.0
constrained_ols_av,pass,-0.4548,0.0
constrained_ols_av,pass,-0.0023,7.0
constrained_ols_av,pass,-0.4548,4.0
constrained_ols_av,pass,-0.9073,8.0
constrained_ols_av,pass,-0.4548,5.0
constrained_ols_av,pass,-0.9073,0.0
constrained_ols_av,pass,0.4501,0.0
constrained_ols_av,pass,-0.4548,0.0
constrained_ols_av,pass,-0.9073,5.0
constrained_ols_av,pass,-0.0023,3.0
constrained_ols_av,pass,-0.0023,8.0
constrained_ols_av,pass,-0.0023,5.0
constrained_ols_av,pass,-0.4548,3.0
constrained_ols_av,pass,0.9026,0.0
constrained_ols_av,pass,-0.4548,2.0
constrained_ols_av,pass,-0.9073,5.0
constrained_ols_av,pass,-0.9073,7.0
constrained_ols_av,pass,-1.3597,3.0
constrained_ols_av,pass,-0.9073,0.0
constrained_ols_av,pass,-0.0023,0.0
constrained_ols_av,pass,-0.0023,5.0
constrained_ols_av,pass,-0.4548,0.0
constrained_ols_av,pass,-0.4548,0.0
constrained_ols_av,pass,-1.3597,9.0
constrained_ols_av,pass,-0.4548,2.0
constrained_ols_av,pass,-0.4548,1.0
constrained_ols_av,pass,-0.4548,9.0
constrained_ols_av,pass,-0.4548,0.0
constrained_ols_av,pass,-0.9073,3.0
constrained_ols_av,pass,-0.9073,0.0
constrained_ols_av,pass,-0.4548,7.0
constrained_ols_av,pass,-0.4548,0.0
constrained_ols_av,pass,-0.0023,5.0
constrained_ols_av,pass,-0.4548,4.0
constrained_ols_av,pass,-0.4548,0.0
constrained_ols_av,pass,-0.4548,5.0
constrained_ols_av,pass,-0.9073,4.0
constrained_ols_av,pass,-0.9073,5.0
constrained_ols_av,pass,-0.4548,0.0
constrained_ols_av,pass,-0.0023,0.0
constrained_ols_av,pass,-0.9073,6.0
constrained_ols_av,pass,-0.9073,2.0
constrained_ols_av,pass,-0.0023,6.0
constrained_ols_av,pass,-0.4548,0.0
constrained_ols_av,pass,-0.9073,1.0
constrained_ols_av,pass,-1.3597,2.0
constrained_ols_av,pass,-0.9073,0.0
constrained_ols_av,pass,-0.9073,5.0
constrained_ols_av,pass,-0.0023,5.0
constrained_ols_av,pass,0.4501,0.0
constrained_ols_av,pass,-0.0023,3.0
constrained_ols_av,pass,0.4501,0.0
constrained_ols_av,pass,0.4501,7.0
constrained_ols_av,pass,-0.9073,3.0
constrained_ols_av,pass,-0.4548,4.0
constrained_ols_av,pass,-1.3597,4.0
constrained_ols_av,pass,-0.4548,0.0
constrained_ols_av,pass,0.4501,0.0
constrained_ols_av,pass,-0.0023,5.0
constrained_ols_av,pass,-0.9073,3.0
constrained_ols_av,pass,-0.9073,3.0
constrained_ols_av,pass,-0.9073,5.0
constrained_ols_av,pass,-1.3597,3.0
constrained_ols_av,pass,-0.4548,3.0
constrained_ols_av,pass,-0.0023,5.0
constrained_ols_av,pass,-0.4548,4.0
constrained_ols_av,pass,-0.9073,3.0
constrained_ols_av,pass,-0.0023,0.0
constrained_ols_av,pass,-1.3597,3.0
constrained_ols_av,pass,0.9026,4.0
constrained_ols_av,pass,-0.0023,5.0
constrained_ols_av,pass,-0.9073,0.0
constrained_ols_av,pass,-0.4548,5.0
constrained_ols_av,pass,-0.9073,7.0
constrained_ols_av,pass,-0.4548,5.0
constrained_ols_av,pass,-0.0023,6.0
constrained_ols_av,pass,-0.4548,0.0
constrained_ols_av,pass,-0.0023,2.0
constrained_ols_av,pass,-0.9073,3.0
constrained_ols_av,pass,-0.0023,8.0
constrained_ols_av,pass,-0.4548,2.0
constrained_ols_av,pass,-0.4548,0.0
constrained_ols_av,pass,-0.9073,4.0
constrained_ols_av,pass,-0.4548,0.0
constrained_ols_av,pass,-0.0023,9.0
constrained_ols_av,pass,-0.4548,2.0
constrained_ols_av,pass,-0.4548,0.0
constrained_ols_av,pass,-0.0023,3.0
constrained_ols_av,pass,-0.4548,1.0
constrained_ols_av,pass,-0.4548,4.0
constrained_ols_av,pass,-0.4548,0.0
constrained_ols_av,pass,-0.9073,0.0
constrained_ols_av,pass,-0.0023,5.0
constrained_ols_av,pass,-0.9073,6.0
constrained_ols_av,pass,-0.4548,7.0
constrained_ols_av,pass,-0.9073,4.0
constrained_ols_av,pass,-0.9073,0.0
constrained_ols_av,pass,0.4501,0.0
constrained_ols_av,pass,-0.9073,2.0
constrained_ols_av,pass,-0.4548,0.0
constrained_ols_av,pass,-0.0023,0.0
constrained_ols_av,pass,0.4501,2.0
constrained_ols_av,pass,-0.0023,4.0
constrained_ols_av,pass,-0.4548,4.0
constrained_ols_av,pass,-0.0023,10.0
constrained_ols_av,pass,-0.9073,0.0
constrained_ols_av,pass,-0.4548,10.0
constrained_ols_av,pass,-0.4548,7.0
constrained_ols_av,pass,-0.0023,0.0
constrained_ols_av,pass,-1.3597,5.0
constrained_ols_av,pass,-0.4548,0.0
constrained_ols_av,pass,-0.4548,4.0
constrained_ols_av,pass,-0.9073,5.0
constrained_ols_av,pass,-0.0023,4.0
constrained_ols_av,pass,-0.9073,0.0
constrained_ols_av,pass,-0.9073,0.0
constrained_ols_av,pass,-0.4548,0.0
constrained_ols_av,pass,-0.9073,0.0
constrained_ols_av,pass,-0.0023,4.0
constrained_ols_av,pass,-0.0023,2.0
constrained_ols_av,pass,-0.4548,9.0
constrained_ols_av,pass,-0.4548,6.0
constrained_ols_av,pass,-0.0023,0.0
constrained_ols_av,pass,-1.3597,8.0
constrained_ols_av,pass,-0.4548,7.0
constrained_ols_av,pass,-0.0023,3.0
constrained_ols_av,pass,-0.9073,2.0
constrained_ols_av,pass,-0.0023,3.0
constrained_ols_av,pass,-0.9073,0.0
constrained_ols_av,pass,-0.4548,2.0
constrained_ols_av,pass,-0.9073,5.0
constrained_ols_av,pass,-0.9073,3.0
constrained_ols_av,pass,-0.0023,9.0
constrained_ols_av,pass,-0.4548,3.0
constrained_ols_av,pass,-0.0023,4.0
constrained_ols_av,pass,-1.3597,0.0
constrained_ols_av,pass,-0.0023,0.0
constrained_ols_av,pass,-0.4548,6.0
constrained_ols_av,pass,-0.4548,5.0
constrained_ols_av,pass,-0.4548,2.0
constrained_ols_av,pass,-0.9073,5.0
constrained_ols_av,pass,-0.0023,0.0
constrained_ols_av,pass,-0.4548,8.0
constrained_ols_av,pass,-0.0023,0.0
constrained_ols_av,pass,-0.4548,4.0
constrained_ols_av,pass,-1.3597,5.0
constrained_ols_av,pass,0.4501,5.0
constrained_ols_av,pass,-0.9073,3.0
constrained_ols_av,pass,0.4501,6.0
constrained_ols_av,pass,-0.0023,4.0
constrained_ols_av,pass,-0.9073,2.0
constrained_ols_av,pass,0.4501,0.0
constrained_ols_av,pass,-0.0023,4.0
constrained_ols_av,pass,-0.4548,6.0
constrained_ols_av,pass,-0.9073,7.0
constrained_ols_av,pass,-0.0023,5.0
constrained_ols_av,pass,-0.4548,10.0
constrained_ols_av,pass,-0.9073,2.0
constrained_ols_av,pass,0.4501,7.0
constrained_ols_av,pass,-0.0023,5.0
constrained_ols_av,pass,-0.4548,0.0
constrained_ols_av,pass,-0.4548,8.0
constrained_ols_av,pass,-0.4548,3.0
constrained_ols_av,pass,-0.9073,7.0
constrained_ols_av,pass,-0.9073,5.0
constrained_ols_av,pass,-0.9073,0.0
constrained_ols_av,pass,-0.4548,8.0
constrained_ols_av,pass,-0.9073,7.0
constrained_ols_av,pass,-0.4548,4.0
constrained_ols_av,pass,-0.4548,3.0
constrained_ols_av,pass,-0.0023,0.0
constrained_ols_av,pass,-0.4548,0.0
constrained_ols_av,pass,-0.4548,3.0
constrained_ols_av,pass,-0.9073,0.0
constrained_ols_av,pass,-0.0023,3.0
constrained_ols_av,pass,-0.4548,6.0
constrained_ols_av,pass,-0.0023,7.0
constrained_ols_av,pass,-0.4548,7.0
constrained_ols_av,pass,-1.3597,10.0
constrained_ols_av,pass,-0.4548,8.0
constrained_ols_av,pass,-0.9073,6.0
constrained_ols_av,pass,-0.4548,3.0
constrained_ols_av,pass,-0.9073,8.0
constrained_ols_av,pass,-0.9073,5.0
constrained_ols_av,pass,-0.0023,0.0
constrained_ols_av,pass,-0.4548,0.0
constrained_ols_av,pass,-0.9073,1.0
constrained_ols_av,pass,-0.0023,5.0
constrained_ols_av,pass,-0.9073,4.0
constrained_ols_av,pass,-0.4548,1.0
constrained_ols_av,pass,-0.4548,4.0
constrained_ols_av,pass,-0.9073,0.0
constrained_ols_av,pass,-0.4548,0.0
constrained_ols_av,pass,-0.0023,4.0
constrained_ols_av,pass,-0.9073,5.0
constrained_ols_av,pass,-0.0023,2.0
constrained_ols_av,pass,-1.3597,7.0
constrained_ols_av,pass,-0.0023,3.0
constrained_ols_av,pass,0.4501,3.0
constrained_ols_av,pass,-0.9073,4.0
constrained_ols_av,pass,0.9026,0.0
constrained_ols_av,pass,-0.0023,0.0
constrained_ols_av,pass,-0.0023,6.0
constrained_ols_av,pass,-0.4548,4.0
constrained_ols_av,pass,-0.9073,0.0
constrained_ols_av,pass,0.4501,0.0
constrained_ols_av,pass,-0.0023,8.0
constrained_ols_av,pass,-0.4548,1.0
constrained_ols_av,pass,-0.9073,4.0
constrained_ols_av,pass,-0.0023,7.0
constrained_ols_av,pass,-0.0023,4.0
constrained_ols_av,pass,-0.4548,0.0
constrained_ols_av,pass,-0.0023,2.0
constrained_ols_av,pass,-1.3597,7.0
constrained_ols_av,pass,-0.0023,0.0
constrained_ols_av,pass,-0.4548,0.0
constrained_ols_av,pass,-0.4548,4.0
constrained_ols_av,pass,-0.0023,0.0
constrained_ols_av,pass,-0.0023,0.0
constrained_ols_av,pass,-0.4548,5.0
constrained_ols_av,pass,-0.0023,2.0
constrained_ols_av,pass,-0.9073,9.0
constrained_ols_av,pass,-0.4548,7.0
constrained_ols_av,pass,-1.3597,0.0
constrained_ols_av,pass,-0.4548,5.0
constrained_ols_av,pass,-0.0023,6.0
constrained_ols_av,pass,-0.9073,0.0
constrained_ols_av,pass,-0.9073,3.0
constrained_ols_av,pass,-0.0023,1.0
constrained_ols_av,pass,0.4501,0.0
constrained_ols_av,pass,-0.0023,2.0
constrained_ols_av,pass,-0.4548,2.0
constrained_ols_av,pass,-0.4548,8.0
constrained_ols_av,pass,-0.4548,5.0
constrained_ols_av,pass,-0.4548,0.0
constrained_ols_av,pass,-0.0023,0.0
constrained_ols_av,pass,-0.9073,3.0
constrained_ols_av,pass,-0.9073,2.0
constrained_ols_av,pass,-0.4548,4.0
constrained_ols_av,pass,-0.4548,4.0
constrained_ols_av,pass,-0.4548,0.0
constrained_ols_av,pass,-1.3597,5.0
constrained_ols_av,pass,0.4501,0.0
constrained_ols_av,pass,-0.0023,7.0
constrained_ols_av,pass,-0.0023,7.0
constrained_ols_av,pass,-0.4548,0.0
constrained_ols_av,pass,-0.0023,6.0
constrained_ols_av,pass,-0.0023,5.0
constrained_ols_av,pass,-0.0023,3.0
constrained_ols_av,pass,-0.9073,0.0
constrained_ols_av,pass,-1.3597,4.0
constrained_ols_av,pass,-0.4548,4.0
constrained_ols_av,pass,-0.0023,9.0
constrained_ols_av,pass,0.4501,3.0
constrained_ols_av,pass,-0.4548,5.0
constrained_ols_av,pass,-0.0023,2.0
constrained_ols_av,pass,0.9026,4.0
constrained_ols_av,pass,-0.4548,4.0
constrained_ols_av,pass,-0.9073,8.0
constrained_ols_av,pass,0.4501,6.0
constrained_ols_av,pass,-0.9073,3.0
constrained_ols_av,pass,0.4501,0.0
constrained_ols_av,pass,-0.9073,7.0
constrained_ols_av,pass,-0.9073,0.0
constrained_ols_av,pass,-0.4548,0.0
constrained_ols_av,pass,-0.0023,0.0
constrained_ols_av,pass,0.4501,3.0
constrained_ols_av,pass,-0.0023,5.0
constrained_ols_av,pass,-1.3597,5.0
constrained_ols_av,pass,-0.9073,2.0
constrained_ols_av,pass,-0.4548,0.0
constrained_ols_av,pass,0.4501,0.0
constrained_ols_av,pass,-1.3597,1.0
constrained_ols_av,pass,-0.4548,2.0
constrained_ols_av,pass,-0.4548,4.0
constrained_ols_av,pass,-0.4548,8.0
constrained_ols_av,pass,-0.4548,4.0
constrained_ols_av,pass,-0.0023,2.0
constrained_ols_av,pass,-1.3597,8.0
constrained_ols_av,pass,-0.0023,0.0
constrained_ols_av,pass,-0.9073,0.0
constrained_ols_av,pass,-0.9073,7.0
constrained_ols_av,pass,-0.4548,0.0
constrained_ols_av,pass,-0.0023,4.0
constrained_ols_av,pass,-0.4548,1.0
constrained_ols_av,pass,-0.9073,0.0
constrained_ols_av,pass,-0.4548,0.0
constrained_ols_av,pass,-0.4548,4.0
constrained_ols_av,pass,-0.9073,6.0
constrained_ols_av,pass,-0.9073,9.0
constrained_ols_av,pass,-0.9073,5.0
constrained_ols_av,pass,-0.9073,3.0
constrained_ols_av,pass,-0.4548,0.0
constrained_ols_av,pass,-0.4548,5.0
constrained_ols_av,pass,-0.9073,4.0
constrained_ols_av,pass,-0.9073,2.0
constrained_ols_av,pass,-0.9073,0.0
constrained_ols_av,pass,-0.9073,5.0
constrained_ols_av,pass,-0.4548,5.0
constrained_ols_av,pass,-0.4548,4.0
constrained_ols_av,pass,-1.3597,4.0
constrained_ols_av,pass,-0.4548,0.0
constrained_ols_av,pass,-0.4548,6.0
constrained_ols_av,pass,-0.0023,10.0
constrained_ols_av,pass,-0.0023,6.0
constrained_ols_av,pass,-0.4548,4.0
constrained_ols_av,pass,-0.0023,2.0
constrained_ols_av,pass,-0.4548,4.0
constrained_ols_av,pass,0.4501,0.0
constrained_ols_av,pass,-0.9073,4.0
constrained_ols_av,pass,-0.9073,0.0
constrained_ols_av,pass,-0.0023,0.0
constrained_ols_av,pass,-0.4548,6.0
constrained_ols_av,pass,-0.0023,0.0
constrained_ols_av,pass,-0.9073,2.0
constrained_ols_av,pass,-0.9073,5.0
constrained_ols_av,pass,-0.9073,3.0
constrained_ols_av,pass,-0.0023,3.0
constrained_ols_av,pass,-0.4548,2.0
constrained_ols_av,pass,-1.3597,6.0
constrained_ols_av,pass,-0.9073,7.0
constrained_ols_av,pass,-0.9073,0.0
constrained_ols_av,pass,-1.3597,0.0
constrained_ols_av,pass,-0.4548,0.0
constrained_ols_av,pass,-0.9073,0.0
constrained_ols_av,pass,-1.3597,0.0
constrained_ols_av,pass,-0.0023,0.0
constrained_ols_av,pass,-0.4548,0.0
constrained_ols_av,pass,0.4501,8.0
constrained_ols_av,pass,-0.4548,3.0
constrained_ols_av,pass,-0.4548,0.0
constrained_ols_av,pass,-0.9073,4.0
constrained_ols_av,pass,-0.0023,10.0
constrained_ols_av,pass,0.4501,0.0
constrained_ols_av,pass,-0.0023,3.0
constrained_ols_av,pass,-1.3597,4.0
constrained_ols_av,pass,-0.4548,0.0
constrained_ols_av,pass,-1.3597,0.0
constrained_ols_av,pass,-0.4548,4.0
constrained_ols_av,pass,0.4501,4.0
constrained_ols_av,pass,-0.0023,0.0
constrained_ols_av,pass,-0.4548,4.0
constrained_ols_av,pass,-0.9073,0.0
constrained_ols_av,pass,-0.9073,2.0
constrained_ols_av,pass,-0.9073,4.0
constrained_ols_av,pass,-0.9073,2.0
constrained_ols_av,pass,0.4501,4.0
constrained_ols_av,pass,0.4501,8.0
constrained_ols_av,pass,-0.4548,0.0
constrained_ols_av,pass,-0.4548,2.0
constrained_ols_av,pass,-0.4548,0.0
constrained_ols_av,pass,0.4501,9.0
constrained_ols_av,pass,-0.9073,4.0
constrained_ols_av,pass,0.9026,3.0
constrained_ols_av,pass,-1.3597,4.0
constrained_ols_av,pass,-0.4548,5.0
constrained_ols_av,pass,-0.0023,0.0
constrained_ols_av,pass,-0.9073,0.0
constrained_ols_av,pass,-0.4548,4.0
constrained_ols_av,pass,-1.3597,4.0
constrained_ols_av,pass,-0.4548,0.0
constrained_ols_av,pass,-1.3597,0.0
constrained_ols_av,pass,-0.0023,6.0
constrained_ols_av,pass,-0.0023,6.0
constrained_ols_av,pass,-0.0023,0.0
constrained_ols_av,pass,-0.9073,2.0
constrained_ols_av,pass,0.4501,8.0
constrained_ols_av,pass,-0.0023,7.0
constrained_ols_av,pass,0.4501,0.0
constrained_ols_av,pass,-0.0023,4.0
constrained_ols_av,pass,-0.4548,4.0
constrained_ols_av,pass,-0.9073,0.0
constrained_ols_av,pass,-0.0023,0.0
constrained_ols_av,pass,-0.0023,7.0
constrained_ols_av,pass,-0.9073,7.0
constrained_ols_av,pass,-0.4548,5.0
constrained_ols_av,pass,-0.9073,2.0
constrained_ols_av,pass,-0.0023,7.0
constrained_ols_av,pass,-0.0023,9.0
constrained_ols_av,pass,-0.4548,0.0
constrained_ols_av,pass,-0.4548,2.0
constrained_ols_av,pass,-0.0023,3.0
constrained_ols_av,pass,0.9026,4.0
constrained_ols_av,pass,-1.3597,0.0
constrained_ols_av,pass,-0.4548,3.0
constrained_ols_av,pass,-1.3597,0.0
constrained_ols_av,pass,-0.4548,5.0
constrained_ols_av,pass,0.4501,5.0
constrained_ols_av,pass,-0.9073,5.0
constrained_ols_av,pass,0.9026,3.0
constrained_ols_av,pass,-0.4548,2.0
constrained_ols_av,pass,-0.9073,8.0
constrained_ols_av,pass,-0.0023,2.0
constrained_ols_av,pass,-0.4548,5.0
constrained_ols_av,pass,-0.4548,9.0
constrained_ols_av,pass,-0.4548,4.0
constrained_ols_av,pass,-0.4548,0.0
constrained_ols_av,pass,-0.0023,2.0
constrained_ols_av,pass,-0.4548,0.0
constrained_ols_av,pass,-0.0023,6.0
constrained_ols_av,pass,-0.9073,2.0
constrained_ols_av,pass,-0.4548,3.0
constrained_ols_av,pass,-0.0023,3.0
constrained_ols_av,pass,0.4501,5.0
constrained_ols_av,pass,-0.0023,3.0
constrained_ols_av,pass,-0.4548,8.0
constrained_ols_av,pass,-0.9073,5.0
constrained_ols_av,pass,-0.0023,2.0
constrained_ols_av,pass,-0.0023,5.0
constrained_ols_av,pass,-0.9073,7.0
constrained_ols_av,pass,-0.0023,0.0
constrained_ols_av,pass,-0.9073,0.0
constrained_ols_av,pass,-0.4548,6.0
constrained_ols_av,pass,-1.3597,9.0
constrained_ols_av,pass,-0.0023,7.0
constrained_ols_av,pass,-0.4548,1.0
constrained_ols_av,pass,-0.4548,5.0
constrained_ols_av,pass,-0.4548,7.0
constrained_ols_av,pass,-0.4548,8.0
constrained_ols_av,pass,-0.0023,3.0
constrained_ols_av,pass,-1.3597,5.0
constrained_ols_av,pass,-0.4548,9.0
constrained_ols_av,pass,-0.0023,0.0
constrained_ols_av,pass,0.4501,4.0
constrained_ols_av,pass,-0.9073,5.0
constrained_ols_av,pass,-0.4548,0.0
constrained_ols_av,pass,-0.0023,0.0
constrained_ols_av,pass,-0.0023,8.0
constrained_ols_av,pass,-0.9073,3.0
constrained_ols_av,pass,-0.4548,2.0
constrained_ols_av,pass,-1.3597,0.0
constrained_ols_av,pass,-0.9073,6.0
constrained_ols_av,pass,-0.0023,4.0
constrained_ols_av,pass,-0.0023,4.0
constrained_ols_av,pass,-0.4548,4.0
constrained_ols_av,pass,-1.3597,5.0
constrained_ols_av,pass,-0.0023,5.0
constrained_ols_av,pass,-0.4548,7.0
constrained_ols_av,pass,0.4501,0.0
constrained_ols_av,pass,-0.9073,6.0
constrained_ols_av,pass,-0.9073,0.0
constrained_ols_av,pass,-0.9073,3.0
constrained_ols_av,pass,-0.4548,5.0
constrained_ols_av,pass,-0.4548,6.0
constrained_ols_av,pass,-0.9073,1.0
constrained_ols_av,pass,-0.4548,3.0
constrained_ols_av,pass,-0.4548,6.0
constrained_ols_av,pass,-0.4548,0.0
constrained_ols_av,pass,-0.9073,2.0
constrained_ols_av,pass,-1.3597,2.0
constrained_ols_av,pass,-0.9073,4.0
constrained_ols_av,pass,-0.9073,3.0
constrained_ols_av,pass,-0.4548,6.0
constrained_ols_av,pass,-1.3597,3.0
constrained_ols_av,pass,-0.0023,0.0
constrained_ols_av,pass,-0.4548,6.0
constrained_ols_av,pass,-0.4548,0.0
constrained_ols_av,pass,-0.4548,0.0
constrained_ols_av,pass,-0.9073,3.0
constrained_ols_av,pass,-0.9073,5.0
constrained_ols_av,pass,-0.9073,0.0
constrained_ols_av,pass,-0.4548,6.0
constrained_ols_av,pass,-0.4548,3.0
constrained_ols_av,pass,-0.9073,8.0
constrained_ols_av,pass,-0.0023,9.0
constrained_ols_av,pass,0.4501,0.0
constrained_ols_av,pass,-0.9073,3.0
constrained_ols_av,pass,-0.0023,3.0
constrained_ols_av,pass,-1.3597,0.0
constrained_ols_av,pass,-0.4548,7.0
constrained_ols_av,pass,-0.0023,0.0
constrained_ols_av,pass,-0.9073,2.0
constrained_ols_av,pass,-1.3597,5.0
constrained_ols_av,pass,-0.9073,2.0
constrained_ols_av,pass,-0.9073,0.0
constrained_ols_av,pass,-0.4548,3.0
constrained_ols_av,pass,-0.9073,3.0
constrained_ols_av,pass,-1.3597,3.0
constrained_ols_av,pass,-0.0023,0.0
constrained_ols_av,pass,0.4501,0.0
constrained_ols_av,pass,-0.4548,0.0
constrained_ols_av,pass,0.4501,6.0
constrained_ols_av,pass,-0.4548,5.0
constrained_ols_av,pass,-0.9073,5.0
constrained_ols_av,pass,-0.4548,2.0
constrained_ols_av,pass,-0.0023,2.0
constrained_ols_av,pass,-0.9073,3.0
constrained_ols_av,pass,-1.3597,6.0
constrained_ols_av,pass,-0.4548,5.0
constrained_ols_av,pass,-0.0023,5.0
constrained_ols_av,pass,-0.9073,0.0
constrained_ols_av,pass,-0.9073,0.0
constrained_ols_av,pass,-0.4548,0.0
constrained_ols_av,pass,0.4501,2.0
constrained_ols_av,pass,-0.0023,0.0
constrained_ols_av,pass,-0.0023,8.0
constrained_ols_av,pass,-0.0023,3.0
constrained_ols_av,pass,-0.9073,0.0
constrained_ols_av,pass,-0.9073,5.0
constrained_ols_av,pass,-0.4548,0.0
constrained_ols_av,pass,-0.4548,7.0
constrained_ols_av,pass,-0.4548,2.0
constrained_ols_av,pass,-1.3597,0.0
constrained_ols_av,pass,-0.4548,6.0
constrained_ols_av,pass,-0.9073,5.0
constrained_ols_av,pass,-0.4548,4.0
constrained_ols_av,pass,-0.0023,4.0
constrained_ols_av,pass,-0.4548,2.0
constrained_ols_av,pass,-0.4548,0.0
constrained_ols_av,pass,-0.0023,7.0
constrained_ols_av,pass,-0.4548,0.0
constrained_ols_av,pass,-0.4548,4.0
constrained_ols_av,pass,-0.4548,4.0
constrained_ols_av,pass,-0.4548,4.0
constrained_ols_av,pass,-0.4548,0.0
constrained_ols_av,pass,-0.9073,4.0
constrained_ols_av,pass,-0.4548,0.0
constrained_ols_av,pass,-0.4548,0.0
constrained_ols_av,pass,-0.9073,0.0
constrained_ols_av,pass,-1.3597,3.0
constrained_ols_av,pass,-0.4548,2.0
constrained_ols_av,pass,-0.4548,2.0
constrained_ols_av,pass,-0.0023,0.0
constrained_ols_av,pass,-0.4548,2.0
constrained_ols_av,pass,-0.0023,2.0
constrained_ols_av,pass,-0.0023,0.0
constrained_ols_av,pass,-0.0023,6.0
constrained_ols_av,pass,-0.4548,0.0
constrained_ols_av,pass,-0.9073,0.0
constrained_ols_av,pass,-1.3597,3.0
constrained_ols_av,pass,-0.4548,0.0
constrained_ols_av,pass,-0.4548,10.0
constrained_ols_av,pass,-0.0023,5.0
constrained_ols_av,pass,-0.0023,0.0
constrained_ols_av,pass,-0.0023,0.0
constrained_ols_av,pass,-0.0023,6.0
constrained_ols_av,pass,-0.4548,0.0
constrained_ols_av,pass,-0.4548,3.0
constrained_ols_av,pass,0.4501,5.0
constrained_ols_av,pass,0.9026,4.0
constrained_ols_av,pass,-0.9073,1.0
constrained_ols_av,pass,-1.3597,9.0
constrained_ols_av,pass,-0.9073,0.0
constrained_ols_av,pass,-0.4548,4.0
constrained_ols_av,pass,-0.4548,5.0
constrained_ols_av,pass,-1.3597,3.0
constrained_ols_av,pass,-0.9073,4.0
constrained_ols_av,pass,-0.9073,8.0
constrained_ols_av,pass,-0.9073,3.0
constrained_ols_av,pass,-0.9073,7.0
constrained_ols_av,pass,-1.3597,0.0
constrained_ols_av,pass,-0.9073,3.0
constrained_ols_av,pass,-0.4548,0.0
constrained_ols_av,pass,-0.0023,9.0
constrained_ols_av,pass,-0.0023,0.0
constrained_ols_av,pass,-1.3597,4.0
constrained_ols_av,pass,0.4501,5.0
constrained_ols_av,pass,-0.9073,3.0
constrained_ols_av,pass,-0.0023,0.0
constrained_ols_av,pass,-1.3597,3.0
constrained_ols_av,pass,-0.4548,4.0
constrained_ols_av,pass,-0.9073,4.0
constrained_ols_av,pass,-0.9073,5.0
constrained_ols_av,pass,-0.0023,0.0
constrained_ols_av,pass,0.4501,0.0
constrained_ols_av,pass,-0.4548,2.0
constrained_ols_av,pass,-0.9073,0.0
constrained_ols_av,pass,-0.4548,5.0
constrained_ols_av,pass,-0.0023,0.0
constrained_ols_av,pass,-0.0023,5.0
constrained_ols_av,pass,-0.4548,0.0
constrained_ols_av,pass,-0.4548,2.0
constrained_ols_av,pass,-0.0023,6.0
constrained_ols_av,pass,-0.4548,7.0
constrained_ols_av,pass,-0.4548,0.0
constrained_ols_av,pass,-0.9073,0.0
constrained_ols_av,pass,-0.9073,0.0
constrained_ols_av,pass,-0.0023,4.0
constrained_ols_av,pass,-0.9073,4.0
constrained_ols_av,pass,0.9026,3.0
constrained_ols_av,pass,-0.9073,5.0
constrained_ols_av,pass,-0.4548,3.0
constrained_ols_av,pass,-0.4548,0.0
constrained_ols_av,pass,-0.0023,0.0
constrained_ols_av,pass,-0.9073,0.0
constrained_ols_av,pass,-0.4548,4.0
constrained_ols_av,pass,-0.4548,2.0
constrained_ols_av,pass,-0.4548,2.0
constrained_ols_av,pass,-0.4548,0.0
constrained_ols_av,pass,-0.4548,2.0
constrained_ols_av,pass,-0.9073,5.0
constrained_ols_av,pass,-0.9073,0.0
constrained_ols_av,pass,-0.9073,2.0
constrained_ols_av,pass,-0.9073,3.0
constrained_ols_av,pass,0.4501,0.0
constrained_ols_av,pass,-0.4548,0.0
constrained_ols_av,pass,-0.0023,7.0
constrained_ols_av,pass,-0.9073,0.0
constrained_ols_av,pass,-1.3597,0.0
constrained_ols_av,pass,-1.3597,0.0
constrained_ols_av,pass,-0.9073,2.0
constrained_ols_av,pass,-0.9073,5.0
constrained_ols_av,pass,-0.0023,8.0
constrained_ols_av,pass,-0.4548,0.0
constrained_ols_av,pass,-0.4548,5.0
constrained_ols_av,pass,-0.4548,7.0
constrained_ols_av,pass,-0.9073,0.0
constrained_ols_av,pass,-0.9073,4.0
constrained_ols_av,pass,-1.3597,1.0
constrained_ols_av,pass,-0.0023,6.0
constrained_ols_av,pass,-0.9073,4.0
constrained_ols_av,pass,-0.4548,2.0
constrained_ols_av,pass,-0.4548,5.0
constrained_ols_av,pass,-0.4548,0.0
constrained_ols_av,pass,-1.3597,3.0
constrained_ols_av,pass,-0.9073,1.0
constrained_ols_av,pass,-0.4548,0.0
constrained_ols_av,pass,0.4501,4.0
constrained_ols_av,pass,-0.0023,0.0
constrained_ols_av,pass,-0.0023,7.0
constrained_ols_av,pass,0.9026,6.0
constrained_ols_av,pass,-0.4548,0.0
constrained_ols_av,pass,-0.4548,4.0
constrained_ols_av,pass,-0.4548,0.0
constrained_ols_av,pass,-0.0023,0.0
constrained_ols_av,pass,0.4501,6.0
constrained_ols_av,pass,-0.4548,2.0
constrained_ols_av,pass,-0.4548,0.0
constrained_ols_av,pass,-0.4548,8.0
constrained_ols_av,pass,-0.9073,8.0
constrained_ols_av,pass,-0.4548,5.0
constrained_ols_av,pass,-0.9073,1.0
constrained_ols_av,pass,-0.4548,0.0
constrained_ols_av,pass,-0.0023,6.0
constrained_ols_av,pass,-0.9073,4.0
constrained_ols_av,pass,-0.4548,2.0
constrained_ols_av,pass,-0.9073,6.0
constrained_ols_av,pass,-0.9073,1.0
constrained_ols_av,pass,-0.0023,8.0
constrained_ols_av,pass,-0.4548,4.0
constrained_ols_av,pass,-0.9073,3.0
constrained_ols_av,pass,-0.4548,7.0
constrained_ols_av,pass,-0.9073,6.0
constrained_ols_av,pass,-0.9073,7.0
constrained_ols_av,pass,-0.0023,0.0
constrained_ols_av,pass,-0.4548,0.0
constrained_ols_av,pass,-0.4548,1.0
constrained_ols_av,pass,-0.0023,1.0
constrained_ols_av,pass,-0.4548,0.0
constrained_ols_av,pass,-0.0023,5.0
constrained_ols_av,pass,-0.0023,3.0
constrained_ols_av,pass,-0.9073,1.0
constrained_ols_av,pass,-0.4548,0.0
constrained_ols_av,pass,-0.0023,0.0
constrained_ols_av,pass,-0.9073,5.0
constrained_ols_av,pass,-1.3597,3.0
constrained_ols_av,pass,-0.4548,0.0
constrained_ols_av,pass,-0.0023,8.0
constrained_ols_av,pass,-0.4548,0.0
constrained_ols_av,pass,-0.4548,6.0
constrained_ols_av,pass,-0.0023,2.0
constrained_ols_av,pass,-0.4548,0.0
constrained_ols_av,pass,-0.0023,0.0
constrained_ols_av,pass,0.4501,7.0
constrained_ols_av,pass,-0.4548,4.0
constrained_ols_av,pass,-0.9073,7.0
constrained_ols_av,pass,-0.4548,0.0
constrained_ols_av,pass,-1.3597,7.0
constrained_ols_av,pass,-0.9073,4.0
constrained_ols_av,pass,-0.4548,2.0
constrained_ols_av,pass,-0.0023,3.0
constrained_ols_av,pass,-1.3597,3.0
constrained_ols_av,pass,-0.4548,1.0
constrained_ols_av,pass,-0.9073,4.0
constrained_ols_av,pass,-0.4548,2.0
constrained_ols_av,pass,-0.9073,2.0
constrained_ols_av,pass,-0.0023,4.0
constrained_ols_av,pass,-0.9073,3.0
constrained_ols_av,pass,0.9026,5.0
constrained_ols_av,pass,0.4501,3.0
constrained_ols_av,pass,-0.4548,4.0
constrained_ols_av,pass,-0.9073,0.0
constrained_ols_av,pass,-0.9073,0.0
constrained_ols_av,pass,-0.0023,3.0
constrained_ols_av,pass,-0.0023,9.0
constrained_ols_av,pass,-0.0023,4.0
constrained_ols_av,pass,-0.4548,2.0
constrained_ols_av,pass,-0.0023,6.0
constrained_ols_av,pass,-0.9073,3.0
constrained_ols_av,pass,0.4501,0.0
constrained_ols_av,pass,-0.4548,5.0
constrained_ols_av,pass,0.4501,6.0
constrained_ols_av,pass,-0.4548,6.0
constrained_ols_av,pass,-0.9073,8.0
constrained_ols_av,pass,-0.9073,1.0
constrained_ols_av,pass,-0.0023,5.0
constrained_ols_av,pass,-0.4548,3.0
constrained_ols_av,pass,-0.9073,0.0
constrained_ols_av,pass,-0.9073,7.0
constrained_ols_av,pass,-0.9073,5.0
constrained_ols_av,pass,-0.9073,6.0
constrained_ols_av,pass,0.4501,0.0
constrained_ols_av,pass,-1.3597,0.0
constrained_ols_av,pass,-0.0023,0.0
constrained_ols_av,pass,-0.4548,5.0
constrained_ols_av,pass,0.4501,7.0
constrained_ols_av,pass,-1.3597,6.0
constrained_ols_av,pass,0.9026,8.0
constrained_ols_av,pass,-0.4548,6.0
constrained_ols_av,pass,-0.4548,7.0
constrained_ols_av,pass,-0.9073,6.0
constrained_ols_av,pass,-0.0023,0.0
constrained_ols_av,pass,-0.4548,0.0
constrained_ols_av,pass,-0.4548,0.0
constrained_ols_av,pass,-0.9073,3.0
constrained_ols_av,pass,-0.9073,0.0
constrained_ols_av,pass,-0.0023,6.0
constrained_ols_av,pass,-0.0023,6.0
constrained_ols_av,pass,-0.9073,0.0
constrained_ols_av,pass,0.4501,0.0
constrained_ols_av,pass,-0.0023,3.0
constrained_ols_av,pass,-1.3597,6.0
constrained_ols_av,pass,-0.4548,3.0
constrained_ols_av,pass,-0.4548,3.0
constrained_ols_av,pass,-0.4548,0.0
constrained_ols_av,pass,-0.9073,7.0
constrained_ols_av,pass,-0.0023,3.0
constrained_ols_av,pass,0.4501,4.0
constrained_ols_av,pass,-0.0023,6.0
constrained_ols_av,pass,-0.4548,0.0
constrained_ols_av,pass,-0.9073,5.0
constrained_ols_av,pass,-0.9073,4.0
constrained_ols_av,pass,-0.4548,4.0
constrained_ols_av,pass,-0.0023,0.0
constrained_ols_av,pass,-0.9073,3.0
constrained_ols_av,pass,-0.0023,0.0
constrained_ols_av,pass,-0.4548,9.0
constrained_ols_av,pass,-0.4548,5.0
constrained_ols_av,pass,-0.4548,4.0
constrained_ols_av,pass,-0.9073,7.0
constrained_ols_av,pass,-0.4548,5.0
constrained_ols_av,pass,-0.4548,0.0
constrained_ols_av,pass,-0.0023,5.0
constrained_ols_av,pass,-0.0023,0.0
constrained_ols_av,pass,-0.0023,0.0
constrained_ols_av,pass,-0.0023,0.0
constrained_ols_av,pass,-0.4548,2.0
constrained_ols_av,pass,-0.9073,7.0
constrained_ols_av,pass,-0.4548,4.0
constrained_ols_av,pass,-1.3597,3.0
constrained_ols_av,pass,0.4501,3.0
constrained_ols_av,pass,1.3551,4.0
constrained_ols_av,pass,-0.0023,4.0
constrained_ols_av,pass,-0.4548,0.0
constrained_ols_av,pass,-0.0023,7.0
constrained_ols_av,pass,-0.4548,0.0
constrained_ols_av,pass,0.4501,4.0
constrained_ols_av,pass,-0.9073,0.0
constrained_ols_av,pass,-0.4548,2.0
constrained_ols_av,pass,-0.4548,6.0
constrained_ols_av,pass,-0.4548,5.0
constrained_ols_av,pass,-0.0023,3.0
constrained_ols_av,pass,-0.9073,5.0
constrained_ols_av,pass,-0.4548,0.0
constrained_ols_av,pass,-0.4548,2.0
constrained_ols_av,pass,-0.9073,7.0
constrained_ols_av,pass,-0.4548,0.0
constrained_ols_av,pass,-0.0023,1.0
constrained_ols_av,pass,-0.9073,2.0
constrained_ols_av,pass,0.4501,3.0
constrained_ols_av,pass,-0.4548,5.0
constrained_ols_av,pass,-0.0023,4.0
constrained_ols_av,pass,-0.4548,0.0
constrained_ols_av,pass,-0.9073,4.0
constrained_ols_av,pass,-0.0023,5.0
constrained_ols_av,pass,-0.4548,4.0
constrained_ols_av,pass,-0.0023,0.0
constrained_ols_av,pass,-0.4548,9.0
constrained_ols_av,pass,-0.4548,3.0
constrained_ols_av,pass,-0.4548,2.0
constrained_ols_av,pass,-0.4548,6.0
constrained_ols_av,pass,-0.4548,1.0
constrained_ols_av,pass,-1.3597,5.0
constrained_ols_av,pass,-0.4548,2.0
constrained_ols_av,pass,-0.0023,2.0
constrained_ols_av,pass,-0.4548,4.0
constrained_ols_av,pass,-0.4548,5.0
constrained_ols_av,pass,-0.0023,0.0
constrained_ols_av,pass,-1.3597,4.0
constrained_ols_av,pass,-0.0023,0.0
constrained_ols_av,pass,-0.4548,0.0
constrained_ols_av,pass,0.4501,6.0
constrained_ols_av,pass,-0.4548,4.0
constrained_ols_av,pass,-0.0023,4.0
constrained_ols_av,pass,0.9026,0.0
constrained_ols_av,pass,-0.4548,5.0
constrained_ols_av,pass,-0.4548,0.0
constrained_ols_av,pass,-0.9073,0.0
constrained_ols_av,pass,-0.0023,0.0
constrained_ols_av,pass,-0.9073,5.0
constrained_ols_av,pass,-0.9073,4.0
constrained_ols_av,pass,-0.0023,7.0
constrained_ols_av,pass,-0.9073,6.0
constrained_ols_av,pass,-0.4548,5.0
constrained_ols_av,pass,-0.0023,7.0
constrained_ols_av,pass,-0.4548,4.0
constrained_ols_av,pass,0.9026,5.0
constrained_ols_av,pass,-0.9073,5.0
constrained_ols_av,pass,-0.0023,0.0
constrained_ols_av,pass,-0.9073,4.0
constrained_ols_av,pass,-0.9073,0.0
constrained_ols_av,pass,-0.4548,4.0
constrained_ols_av,pass,-0.0023,7.0
constrained_ols_av,pass,0.4501,5.0
constrained_ols_av,pass,0.4501,5.0
constrained_ols_av,pass,-0.0023,5.0
constrained_ols_av,pass,-0.0023,3.0
constrained_ols_av,pass,-0.9073,0.0
constrained_ols_av,pass,-0.0023,0.0
constrained_ols_av,pass,-0.4548,0.0
constrained_ols_av,pass,-0.0023,5.0
constrained_ols_av,pass,0.4501,2.0
constrained_ols_av,pass,-0.9073,0.0
constrained_ols_av,pass,-0.4548,5.0
constrained_ols_av,pass,-0.9073,0.0
constrained_ols_av,pass,-0.4548,0.0
constrained_ols_av,pass,-0.4548,7.0
constrained_ols_av,pass,0.4501,0.0
constrained_ols_av,pass,-0.4548,4.0
constrained_ols_av,pass,-0.0023,0.0
constrained_ols_av,pass,-0.0023,5.0
constrained_ols_av,pass,-0.9073,3.0
constrained_ols_av,pass,-1.3597,1.0
constrained_ols_av,pass,-0.4548,6.0
constrained_ols_av,pass,-0.4548,4.0
constrained_ols_av,pass,0.4501,4.0
constrained_ols_av,pass,0.4501,7.0
constrained_ols_av,pass,-1.3597,0.0
constrained_ols_av,pass,-0.9073,7.0
constrained_ols_av,pass,-0.9073,0.0
constrained_ols_av,pass,-0.0023,5.0
constrained_ols_av,pass,-0.9073,4.0
constrained_ols_av,pass,-0.4548,0.0
constrained_ols_av,pass,0.4501,0.0
constrained_ols_av,pass,-0.9073,3.0
constrained_ols_av,pass,-0.4548,3.0
constrained_ols_av,pass,-1.3597,4.0
constrained_ols_av,pass,-0.4548,7.0
constrained_ols_av,pass,-0.0023,6.0
constrained_ols_av,pass,-0.0023,2.0
constrained_ols_av,pass,-0.0023,0.0
constrained_ols_av,pass,-1.3597,0.0
constrained_ols_av,pass,-0.4548,4.0
constrained_ols_av,pass,-0.0023,0.0
constrained_ols_av,pass,-1.3597,0.0
constrained_ols_av,pass,-0.4548,9.0
constrained_ols_av,pass,0.4501,8.0
constrained_ols_av,pass,-0.9073,0.0
constrained_ols_av,pass,-0.9073,0.0
constrained_ols_av,pass,-0.0023,3.0
constrained_ols_av,pass,-0.4548,3.0
constrained_ols_av,pass,0.4501,8.0
constrained_ols_av,pass,-1.3597,4.0
constrained_ols_av,pass,-0.4548,6.0
constrained_ols_av,pass,-0.0023,0.0
constrained_ols_av,pass,-1.3597,0.0
constrained_ols_av,pass,-0.4548,4.0
constrained_ols_av,pass,-0.9073,4.0
constrained_ols_av,pass,-0.9073,0.0
constrained_ols_av,pass,-0.9073,0.0
constrained_ols_av,pass,-0.9073,0.0
constrained_ols_av,pass,-0.4548,2.0
constrained_ols_av,pass,0.4501,4.0
constrained_ols_av,pass,-0.0023,0.0
constrained_ols_av,pass,-0.4548,8.0
constrained_ols_av,pass,-0.4548,3.0
constrained_ols_av,pass,-0.0023,4.0
constrained_ols_av,pass,-0.4548,4.0
constrained_ols_av,pass,-0.4548,4.0
constrained_ols_av,pass,-0.4548,0.0
constrained_ols_av,pass,-0.4548,6.0
constrained_ols_av,pass,-0.4548,7.0
constrained_ols_av,pass,-0.4548,6.0
constrained_ols_av,pass,0.9026,6.0
constrained_ols_av,pass,-0.4548,0.0
constrained_ols_av,pass,0.4501,2.0
constrained_ols_av,pass,-0.4548,2.0
constrained_ols_av,pass,-0.4548,0.0
constrained_ols_av,pass,-0.0023,0.0
constrained_ols_av,pass,-0.4548,6.0
constrained_ols_av,pass,-0.0023,5.0
constrained_ols_av,pass,-0.4548,2.0
constrained_ols_av,pass,-0.4548,6.0
constrained_ols_av,pass,-0.4548,0.0
constrained_ols_av,pass,-0.4548,3.0
constrained_ols_av,pass,-0.4548,3.0
constrained_ols_av,pass,-0.9073,2.0
constrained_ols_av,pass,-0.9073,2.0
constrained_ols_av,pass,-0.9073,4.0
constrained_ols_av,pass,-0.9073,1.0
constrained_ols_av,pass,-0.4548,0.0
constrained_ols_av,pass,-0.9073,8.0
constrained_ols_av,pass,-0.9073,5.0
constrained_ols_av,pass,-0.0023,4.0
constrained_ols_av,pass,-0.0023,9.0
constrained_ols_av,pass,-0.4548,5.0
constrained_ols_av,pass,-0.4548,5.0
constrained_ols_av,pass,-0.9073,3.0
constrained_ols_av,pass,-0.0023,4.0
constrained_ols_av,pass,-0.9073,3.0
constrained_ols_av,pass,-0.4548,6.0
constrained_ols_av,pass,-0.4548,4.0
constrained_ols_av,pass,-0.4548,0.0
constrained_ols_av,pass,-0.4548,3.0
constrained_ols_av,pass,-0.0023,0.0
constrained_ols_av,pass,-1.3597,7.0
constrained_ols_av,pass,-0.9073,0.0
constrained_ols_av,pass,-0.0023,3.0
constrained_ols_av,pass,-0.9073,3.0
constrained_ols_av,pass,0.4501,6.0
constrained_ols_av,pass,-0.4548,8.0
constrained_ols_av,pass,-1.3597,6.0
constrained_ols_av,pass,-0.9073,6.0
constrained_ols_av,pass,-0.4548,2.0
constrained_ols_av,pass,-0.0023,6.0
constrained_ols_av,pass,-0.9073,0.0
constrained_ols_av,pass,-0.9073,8.0
constrained_ols_av,pass,-0.9073,7.0
constrained_ols_av,pass,-0.9073,3.0
constrained_ols_av,pass,-0.4548,3.0
constrained_ols_av,pass,-0.9073,3.0
constrained_ols_av,pass,-0.0023,7.0
constrained_ols_av,pass,-0.0023,7.0
constrained_ols_av,pass,0.4501,4.0
constrained_ols_av,pass,-1.3597,0.0
constrained_ols_av,pass,-0.4548,4.0
constrained_ols_av,pass,-0.9073,4.0
constrained_ols_av,pass,-0.9073,8.0
constrained_ols_av,pass,0.4501,7.0
constrained_ols_av,pass,-0.4548,4.0
constrained_ols_av,pass,-0.9073,0.0
constrained_ols_av,pass,-0.0023,0.0
constrained_ols_av,pass,-0.0023,0.0
constrained_ols_av,pass,-0.4548,3.0
constrained_ols_av,pass,-1.3597,0.0
constrained_ols_av,pass,-0.4548,2.0
constrained_ols_av,pass,-0.0023,4.0
constrained_ols_av,pass,-1.3597,7.0
constrained_ols_av,pass,-0.0023,0.0
constrained_ols_av,pass,-0.9073,10.0
constrained_ols_av,pass,-1.3597,6.0
constrained_ols_av,pass,-0.4548,0.0
constrained_ols_av,pass,-1.3597,5.0
constrained_ols_av,pass,-0.9073,7.0
constrained_ols_av,pass,-0.4548,1.0
constrained_ols_av,pass,-0.4548,2.0
constrained_ols_av,pass,-0.4548,0.0
constrained_ols_av,pass,-0.4548,0.0
constrained_ols_av,pass,-0.9073,0.0
constrained_ols_av,pass,0.4501,0.0
constrained_ols_av,pass,-0.9073,0.0
constrained_ols_av,pass,-0.4548,0.0
constrained_ols_av,pass,-0.0023,0.0
constrained_ols_av,pass,-1.3597,0.0
constrained_ols_av,pass,-0.9073,0.0
constrained_ols_av,pass,-1.3597,0.0
constrained_ols_av,pass,-0.9073,7.0
constrained_ols_av,pass,-0.4548,6.0
constrained_ols_av,pass,-0.4548,0.0
constrained_ols_av,pass,-0.0023,1.0
constrained_ols_av,pass,-0.9073,2.0
constrained_ols_av,pass,0.4501,6.0
constrained_ols_av,pass,-0.4548,3.0
constrained_ols_av,pass,-0.4548,6.0
constrained_ols_av,pass,-1.3597,7.0
constrained_ols_av,pass,-1.3597,1.0
constrained_ols_av,pass,-0.9073,7.0
constrained_ols_av,pass,-0.4548,4.0
constrained_ols_av,pass,0.4501,0.0
constrained_ols_av,pass,0.4501,4.0
constrained_ols_av,pass,-0.4548,2.0
constrained_ols_av,pass,-0.9073,0.0
constrained_ols_av,pass,-0.9073,8.0
constrained_ols_av,pass,-0.0023,0.0
constrained_ols_av,pass,-0.0023,8.0
constrained_ols_av,pass,-0.4548,4.0
constrained_ols_av,pass,-0.9073,1.0
constrained_ols_av,pass,-0.4548,3.0
constrained_ols_av,pass,-0.4548,3.0
constrained_ols_av,pass,-0.0023,3.0
constrained_ols_av,pass,-0.0023,8.0
constrained_ols_av,pass,-0.9073,0.0
constrained_ols_av,pass,-0.9073,1.0
constrained_ols_av,pass,-0.9073,2.0
constrained_ols_av,pass,-0.4548,9.0
constrained_ols_av,pass,-0.4548,3.0
constrained_ols_av,pass,-0.0023,5.0
constrained_ols_av,pass,-0.9073,7.0
constrained_ols_av,pass,-1.3597,0.0
constrained_ols_av,pass,-0.9073,0.0
constrained_ols_av,pass,-0.9073,3.0
constrained_ols_av,pass,-0.9073,3.0
constrained_ols_av,pass,-0.9073,3.0
constrained_ols_av,pass,-0.9073,4.0
constrained_ols_av,pass,-1.3597,3.0
constrained_ols_av,pass,-0.4548,2.0
constrained_ols_av,pass,-0.0023,8.0
constrained_ols_av,pass,-0.4548,7.0
constrained_ols_av,pass,-0.4548,6.0
constrained_ols_av,pass,-0.0023,2.0
constrained_ols_av,pass,-1.3597,0.0
constrained_ols_av,pass,-0.9073,3.0
constrained_ols_av,pass,-0.9073,0.0
constrained_ols_av,pass,-0.4548,2.0
constrained_ols_av,pass,-1.3597,6.0
constrained_ols_av,pass,-0.9073,7.0
constrained_ols_av,pass,-0.9073,3.0
constrained_ols_av,pass,-0.9073,0.0
constrained_ols_av,pass,-0.4548,4.0
constrained_ols_av,pass,0.4501,7.0
constrained_ols_av,pass,-0.9073,4.0
constrained_ols_av,pass,-0.9073,2.0
constrained_ols_av,pass,-0.4548,0.0
constrained_ols_av,pass,-0.4548,0.0
constrained_ols_av,pass,-0.4548,0.0
constrained_ols_av,pass,-0.4548,7.0
constrained_ols_av,pass,-0.9073,1.0
constrained_ols_av,pass,-0.9073,4.0
constrained_ols_av,pass,0.4501,0.0
constrained_ols_av,pass,-0.9073,3.0
constrained_ols_av,pass,-0.9073,1.0
constrained_ols_av,pass,-0.4548,3.0
constrained_ols_av,pass,-0.9073,5.0
constrained_ols_av,pass,-0.9073,3.0
constrained_ols_av,pass,-0.0023,6.0
constrained_ols_av,pass,0.4501,4.0
constrained_ols_av,pass,-0.9073,7.0
constrained_ols_av,pass,-0.4548,4.0
constrained_ols_av,pass,-0.4548,4.0
constrained_ols_av,pass,0.9026,0.0
constrained_ols_av,pass,-0.9073,6.0
constrained_ols_av,pass,-0.0023,0.0
constrained_ols_av,pass,-0.0023,3.0
constrained_ols_av,pass,-0.4548,0.0
constrained_ols_av,pass,-0.4548,3.0
constrained_ols_av,pass,-0.4548,0.0
constrained_ols_av,pass,-0.9073,8.0
constrained_ols_av,pass,-0.4548,3.0
constrained_ols_av,pass,-0.4548,0.0
constrained_ols_av,pass,-0.9073,4.0
constrained_ols_av,pass,-1.3597,2.0
constrained_ols_av,pass,-0.0023,0.0
constrained_ols_av,pass,-0.0023,3.0
constrained_ols_av,pass,-0.9073,6.0
constrained_ols_av,pass,-0.4548,6.0
constrained_ols_av,pass,-0.9073,0.0
constrained_ols_av,pass,-0.0023,0.0
constrained_ols_av,pass,-0.4548,0.0
constrained_ols_av,pass,-0.9073,0.0
constrained_ols_av,pass,-0.0023,0.0
constrained_ols_av,pass,-1.3597,6.0
constrained_ols_av,pass,-0.4548,2.0
constrained_ols_av,pass,-0.4548,4.0
constrained_ols_av,pass,0.4501,2.0
constrained_ols_av,pass,-0.9073,0.0
constrained_ols_av,pass,-0.4548,8.0
constrained_ols_av,pass,-0.0023,6.0
constrained_ols_av,pass,-0.0023,3.0
constrained_ols_av,pass,-0.0023,3.0
constrained_ols_av,pass,-0.4548,0.0
constrained_ols_av,pass,-0.9073,0.0
constrained_ols_av,pass,-0.9073,4.0
constrained_ols_av,pass,-0.9073,6.0
constrained_ols_av,pass,-0.4548,3.0
constrained_ols_av,pass,-0.0023,5.0
constrained_ols_av,pass,-0.4548,0.0
constrained_ols_av,pass,-0.0023,9.0
constrained_ols_av,pass,-0.9073,2.0
constrained_ols_av,pass,-0.9073,8.0
constrained_ols_av,pass,-0.0023,0.0
constrained_ols_av,pass,-0.4548,1.0
constrained_ols_av,pass,0.4501,7.0
constrained_ols_av,pass,-0.0023,4.0
constrained_ols_av,pass,0.4501,0.0
constrained_ols_av,pass,-0.9073,7.0
constrained_ols_av,pass,-0.0023,5.0
constrained_ols_av,pass,-1.3597,5.0
constrained_ols_av,pass,-0.4548,0.0
constrained_ols_av,pass,0.4501,4.0
constrained_ols_av,pass,-0.9073,0.0
constrained_ols_av,pass,-0.9073,2.0
constrained_ols_av,pass,-0.0023,3.0
constrained_ols_av,pass,-0.4548,4.0
constrained_ols_av,pass,0.4501,0.0
constrained_ols_av,pass,-0.9073,1.0
constrained_ols_av,pass,-0.4548,5.0
constrained_ols_av,pass,-0.9073,2.0
constrained_ols_av,pass,-0.0023,0.0
constrained_ols_av,pass,-0.9073,0.0
constrained_ols_av,pass,-1.3597,6.0
constrained_ols_av,pass,-0.9073,8.0
constrained_ols_av,pass,-0.9073,8.0
constrained_ols_av,pass,-0.4548,0.0
constrained_ols_av,pass,-0.4548,3.0
constrained_ols_av,pass,-0.9073,5.0
constrained_ols_av,pass,-0.9073,2.0
constrained_ols_av,pass,-0.4548,8.0
constrained_ols_av,pass,-1.3597,4.0
constrained_ols_av,pass,-0.0023,2.0
constrained_ols_av,pass,-0.0023,0.0
constrained_ols_av,pass,0.4501,7.0
constrained_ols_av,pass,-0.4548,5.0
constrained_ols_av,pass,-0.9073,3.0
constrained_ols_av,pass,-0.0023,4.0
constrained_ols_av,pass,-0.0023,3.0
constrained_ols_av,pass,-0.4548,0.0
constrained_ols_av,pass,-0.0023,0.0
constrained_ols_av,pass,-0.4548,0.0
constrained_ols_av,pass,-0.9073,4.0
constrained_ols_av,pass,-0.0023,0.0
constrained_ols_av,pass,-0.4548,0.0
constrained_ols_av,pass,-0.0023,7.0
constrained_ols_av,pass,-0.9073,0.0
constrained_ols_av,pass,-0.9073,10.0
constrained_ols_av,pass,-0.0023,2.0
constrained_ols_av,pass,-0.4548,0.0
constrained_ols_av,pass,-0.0023,0.0
constrained_ols_av,pass,-0.4548,3.0
constrained_ols_av,pass,-0.4548,0.0
constrained_ols_av,pass,-1.3597,0.0
constrained_ols_av,pass,-0.4548,6.0
constrained_ols_av,pass,-0.4548,2.0
constrained_ols_av,pass,-0.4548,3.0
constrained_ols_av,pass,-0.9073,0.0
constrained_ols_av,pass,-0.4548,0.0
constrained_ols_av,pass,-0.4548,1.0
constrained_ols_av,pass,-1.3597,4.0
constrained_ols_av,pass,-0.4548,0.0
constrained_ols_av,pass,-0.4548,5.0
constrained_ols_av,pass,-0.4548,0.0
constrained_ols_av,pass,-0.9073,8.0
constrained_ols_av,pass,-0.4548,7.0
constrained_ols_av,pass,-0.0023,6.0
constrained_ols_av,pass,-1.3597,8.0
constrained_ols_av,pass,-0.9073,0.0
constrained_ols_av,pass,-0.4548,0.0
constrained_ols_av,pass,-1.3597,6.0
constrained_ols_av,pass,-0.0023,4.0
constrained_ols_av,pass,-0.4548,4.0
constrained_ols_av,pass,-0.0023,4.0
constrained_ols_av,pass,-0.4548,0.0
constrained_ols_av,pass,-0.9073,5.0
constrained_ols_av,pass,-0.9073,5.0
constrained_ols_av,pass,-1.3597,0.0
constrained_ols_av,pass,-0.4548,5.0
constrained_ols_av,pass,-0.4548,5.0
constrained_ols_av,pass,-0.4548,0.0
constrained_ols_av,pass,-0.0023,0.0
constrained_ols_av,pass,-0.4548,2.0
constrained_ols_av,pass,-0.4548,5.0
constrained_ols_av,pass,-0.4548,6.0
constrained_ols_av,pass,-0.9073,2.0
constrained_ols_av,pass,-0.9073,0.0
constrained_ols_av,pass,-0.0023,3.0
constrained_ols_av,pass,-0.4548,2.0
constrained_ols_av,pass,-0.4548,5.0
constrained_ols_av,pass,-0.0023,0.0
constrained_ols_av,pass,-0.4548,4.0
constrained_ols_av,pass,-0.9073,4.0
constrained_ols_av,pass,-1.3597,3.0
constrained_ols_av,pass,-0.4548,6.0
constrained_ols_av,pass,-0.0023,3.0
constrained_ols_av,pass,-0.9073,9.0
constrained_ols_av,pass,-0.0023,0.0
constrained_ols_av,pass,-0.9073,4.0
constrained_ols_av,pass,0.9026,7.0
constrained_ols_av,pass,-0.4548,3.0
constrained_ols_av,pass,0.4501,0.0
constrained_ols_av,pass,-0.4548,0.0
constrained_ols_av,pass,-0.4548,4.0
constrained_ols_av,pass,0.4501,0.0
constrained_ols_av,pass,-0.0023,0.0
constrained_ols_av,pass,-0.4548,0.0
constrained_ols_av,pass,-0.9073,1.0
constrained_ols_av,pass,0.4501,0.0
constrained_ols_av,pass,-0.0023,5.0
constrained_ols_av,pass,-0.4548,8.0
constrained_ols_av,pass,-0.9073,1.0
constrained_ols_av,pass,-0.9073,6.0
constrained_ols_av,pass,-0.4548,6.0
constrained_ols_av,pass,-0.4548,3.0
constrained_ols_av,pass,-0.0023,5.0
constrained_ols_av,pass,-1.3597,7.0
constrained_ols_av,pass,-0.4548,9.0
constrained_ols_av,pass,-0.4548,3.0
constrained_ols_av,pass,-1.3597,1.0
constrained_ols_av,pass,-0.0023,7.0
constrained_ols_av,pass,-0.9073,1.0
constrained_ols_av,pass,-0.9073,1.0
constrained_ols_av,pass,-0.4548,3.0
constrained_ols_av,pass,-0.4548,0.0
constrained_ols_av,pass,-0.9073,0.0
constrained_ols_av,pass,0.4501,4.0
constrained_ols_av,pass,-0.4548,8.0
constrained_ols_av,pass,0.4501,1.0
constrained_ols_av,pass,-0.9073,5.0
constrained_ols_av,pass,-0.0023,0.0
constrained_ols_av,pass,-0.4548,0.0
constrained_ols_av,pass,-0.0023,0.0
constrained_ols_av,pass,-0.4548,6.0
constrained_ols_av,pass,-0.4548,0.0
constrained_ols_av,pass,-0.0023,5.0
constrained_ols_av,pass,-0.9073,5.0
constrained_ols_av,pass,-0.4548,7.0
constrained_ols_av,pass,-0.9073,3.0
constrained_ols_av,pass,-0.0023,0.0
constrained_ols_av,pass,-0.4548,4.0
constrained_ols_av,pass,-0.4548,3.0
constrained_ols_av,pass,-0.4548,3.0
constrained_ols_av,pass,-1.3597,4.0
constrained_ols_av,pass,-0.4548,0.0
constrained_ols_av,pass,-0.9073,0.0
constrained_ols_av,pass,0.4501,7.0
constrained_ols_av,pass,-0.0023,0.0
constrained_ols_av,pass,-0.0023,4.0
constrained_ols_av,pass,0.4501,5.0
constrained_ols_av,pass,-0.9073,0.0
constrained_ols_av,pass,-0.4548,2.0
constrained_ols_av,pass,-0.0023,6.0
constrained_ols_av,pass,-1.3597,0.0
constrained_ols_av,pass,-0.0023,0.0
constrained_ols_av,pass,-0.0023,0.0
constrained_ols_av,pass,-0.9073,0.0
constrained_ols_av,pass,-0.0023,4.0
constrained_ols_av,pass,-1.3597,0.0
constrained_ols_av,pass,-0.4548,4.0
constrained_ols_av,pass,-0.4548,2.0
constrained_ols_av,pass,-0.9073,0.0
constrained_ols_av,pass,-0.0023,6.0
constrained_ols_av,pass,0.4501,2.0
constrained_ols_av,pass,-0.4548,3.0
constrained_ols_av,pass,-0.9073,8.0
constrained_ols_av,pass,-0.9073,2.0
constrained_ols_av,pass,-0.9073,6.0
constrained_ols_av,pass,-0.9073,9.0
constrained_ols_av,pass,-0.4548,0.0
constrained_ols_av,pass,-0.9073,6.0
constrained_ols_av,pass,-0.4548,5.0
constrained_ols_av,pass,-1.3597,6.0
constrained_ols_av,pass,-0.9073,4.0
constrained_ols_av,pass,-0.4548,4.0
constrained_ols_av,pass,0.4501,0.0
constrained_ols_av,pass,-0.0023,7.0
constrained_ols_av,pass,-0.4548,2.0
constrained_ols_av,pass,-0.4548,5.0
constrained_ols_av,pass,-0.9073,6.0
constrained_ols_av,pass,-0.4548,0.0
constrained_ols_av,pass,-0.9073,2.0
constrained_ols_av,pass,-0.9073,1.0
constrained_ols_av,pass,-0.0023,7.0
constrained_ols_av,pass,-0.4548,5.0
constrained_ols_av,pass,-0.4548,0.0
constrained_ols_av,pass,-0.0023,0.0
constrained_ols_av,pass,-0.0023,0.0
constrained_ols_av,pass,-0.9073,0.0
constrained_ols_av,pass,-0.4548,7.0
constrained_ols_av,pass,-0.4548,2.0
constrained_ols_av,pass,-0.9073,2.0
constrained_ols_av,pass,-0.4548,5.0
constrained_ols_av,pass,-1.3597,2.0
constrained_ols_av,pass,-0.9073,3.0
constrained_ols_av,pass,-0.4548,7.0
constrained_ols_av,pass,-0.9073,2.0
constrained_ols_av,pass,-0.4548,7.0
constrained_ols_av,pass,-0.4548,0.0
constrained_ols_av,pass,-0.4548,0.0
constrained_ols_av,pass,-0.4548,4.0
constrained_ols_av,pass,-0.4548,5.0
constrained_ols_av,pass,0.4501,0.0
constrained_ols_av,pass,-0.0023,7.0
constrained_ols_av,pass,-0.4548,0.0
constrained_ols_av,pass,-0.9073,4.0
constrained_ols_av,pass,-0.0023,4.0
constrained_ols_av,pass,-0.0023,6.0
constrained_ols_av,pass,-0.0023,1.0
constrained_ols_av,pass,-0.0023,4.0
constrained_ols_av,pass,-0.4548,5.0
constrained_ols_av,pass,-0.4548,3.0
constrained_ols_av,pass,-0.4548,4.0
constrained_ols_av,pass,-0.9073,5.0
constrained_ols_av,pass,-0.0023,5.0
constrained_ols_av,pass,-0.9073,6.0
constrained_ols_av,pass,-0.4548,5.0
constrained_ols_av,pass,-0.4548,7.0
constrained_ols_av,pass,-0.0023,0.0
constrained_ols_av,pass,-0.4548,6.0
constrained_ols_av,pass,-0.9073,3.0
constrained_ols_av,pass,-0.9073,0.0
constrained_ols_av,pass,-0.4548,9.0
constrained_ols_av,pass,-0.9073,7.0
constrained_ols_av,pass,-0.4548,0.0
constrained_ols_av,pass,-0.4548,4.0
constrained_ols_av,pass,-0.9073,3.0
constrained_ols_av,pass,-0.9073,0.0
constrained_ols_av,pass,-0.0023,0.0
constrained_ols_av,pass,-0.9073,4.0
constrained_ols_av,pass,-1.3597,2.0
constrained_ols_av,pass,-0.4548,0.0
constrained_ols_av,pass,-0.4548,3.0
constrained_ols_av,pass,-0.4548,2.0
constrained_ols_av,pass,-0.4548,0.0
constrained_ols_av,pass,-0.9073,6.0
constrained_ols_av,pass,-0.4548,0.0
constrained_ols_av,pass,-0.4548,5.0
constrained_ols_av,pass,-0.4548,5.0
constrained_ols_av,pass,-0.4548,2.0
constrained_ols_av,pass,-0.0023,5.0
constrained_ols_av,pass,-0.0023,0.0
constrained_ols_av,pass,-0.9073,5.0
constrained_ols_av,pass,-0.9073,0.0
constrained_ols_av,pass,-0.0023,5.0
constrained_ols_av,pass,-0.4548,2.0
constrained_ols_av,pass,-0.9073,5.0
constrained_ols_av,pass,-0.0023,0.0
constrained_ols_av,pass,-0.4548,6.0
constrained_ols_av,pass,-0.9073,6.0
constrained_ols_av,pass,-0.0023,6.0
constrained_ols_av,pass,-0.4548,0.0
constrained_ols_av,pass,-0.9073,9.0
constrained_ols_av,pass,-0.4548,6.0
constrained_ols_av,pass,-0.9073,2.0
constrained_ols_av,pass,-0.4548,0.0
constrained_ols_av,pass,-0.0023,8.0
constrained_ols_av,pass,0.9026,9.0
constrained_ols_av,pass,-0.9073,4.0
constrained_ols_av,pass,-1.3597,6.0
constrained_ols_av,pass,-0.0023,3.0
constrained_ols_av,pass,-0.0023,8.0
constrained_ols_av,pass,-0.4548,3.0
constrained_ols_av,pass,-0.9073,0.0
constrained_ols_av,pass,0.4501,0.0
constrained_ols_av,pass,-0.4548,0.0
constrained_ols_av,pass,-0.0023,3.0
constrained_ols_av,pass,-0.9073,6.0
constrained_ols_av,pass,-1.3597,4.0
constrained_ols_av,pass,-0.0023,8.0
constrained_ols_av,pass,-0.0023,7.0
constrained_ols_av,pass,-0.4548,6.0
constrained_ols_av,pass,-0.4548,2.0
constrained_ols_av,pass,-0.0023,0.0
constrained_ols_av,pass,-0.0023,6.0
constrained_ols_av,pass,-0.9073,3.0
constrained_ols_av,pass,-0.4548,0.0
constrained_ols_av,pass,-0.4548,0.0
constrained_ols_av,pass,-0.4548,8.0
constrained_ols_av,pass,-0.4548,6.0
constrained_ols_av,pass,-0.9073,6.0
constrained_ols_av,pass,-0.4548,4.0
constrained_ols_av,pass,-0.4548,0.0
constrained_ols_av,pass,-0.4548,4.0
constrained_ols_av,pass,0.4501,8.0
constrained_ols_av,pass,-0.0023,6.0
constrained_ols_av,pass,-0.9073,7.0
constrained_ols_av,pass,-0.0023,0.0
constrained_ols_av,pass,-0.9073,4.0
constrained_ols_av,pass,-0.9073,0.0
constrained_ols_av,pass,-0.4548,3.0
constrained_ols_av,pass,-0.0023,0.0
constrained_ols_av,pass,-0.4548,3.0
constrained_ols_av,pass,-0.0023,7.0
constrained_ols_av,pass,-0.4548,0.0
constrained_ols_av,pass,-0.9073,0.0
constrained_ols_av,pass,-0.0023,4.0
constrained_ols_av,pass,-1.3597,4.0
constrained_ols_av,pass,-0.0023,4.0
constrained_ols_av,pass,-0.4548,7.0
constrained_ols_av,pass,-0.4548,2.0
constrained_ols_av,pass,-0.9073,1.0
constrained_ols_av,pass,-1.3597,1.0
constrained_ols_av,pass,-0.4548,5.0
constrained_ols_av,pass,0.4501,2.0
constrained_ols_av,pass,0.9026,0.0
constrained_ols_av,pass,-0.9073,0.0
constrained_ols_av,pass,-1.3597,6.0
constrained_ols_av,pass,-1.3597,2.0
constrained_ols_av,pass,-1.3597,8.0
constrained_ols_av,pass,-0.4548,4.0
constrained_ols_av,pass,-0.0023,4.0
constrained_ols_av,pass,-0.0023,4.0
constrained_ols_av,pass,-0.9073,2.0
constrained_ols_av,pass,0.4501,0.0
full_ols_av,pass,-1.4713,7.0
full_ols_av,pass,-1.3567,0.0
full_ols_av,pass,-0.9562,5.0
full_ols_av,pass,-1.9801,1.0
full_ols_av,pass,-0.6119,4.0
full_ols_av,pass,-1.0916,4.0
full_ols_av,pass,-2.5909,3.0
full_ols_av,pass,-0.3088,0.0
full_ols_av,pass,0.1474,0.0
full_ols_av,pass,1.2014,0.0
full_ols_av,pass,0.2043,0.0
full_ols_av,pass,-0.5162,0.0
full_ols_av,pass,2.4198,8.0
full_ols_av,pass,-1.9353,2.0
full_ols_av,pass,0.6036,0.0
full_ols_av,pass,1.1398,7.0
full_ols_av,pass,1.459,6.0
full_ols_av,pass,0.5927,0.0
full_ols_av,pass,-1.7799,5.0
full_ols_av,pass,-2.911,1.0
full_ols_av,pass,0.3748,0.0
full_ols_av,pass,-1.1338,6.0
full_ols_av,pass,0.4141,4.0
full_ols_av,pass,0.5034,0.0
full_ols_av,pass,-0.6395,2.0
full_ols_av,pass,0.3037,0.0
full_ols_av,pass,-1.5201,2.0
full_ols_av,pass,-2.4528,2.0
full_ols_av,pass,-2.002,3.0
full_ols_av,pass,0.6466,0.0
full_ols_av,pass,-1.8953,1.0
full_ols_av,pass,1.0509,3.0
full_ols_av,pass,-1.4765,4.0
full_ols_av,pass,-0.5054,5.0
full_ols_av,pass,-0.548,0.0
full_ols_av,pass,-1.1949,0.0
full_ols_av,pass,-1.3248,5.0
full_ols_av,pass,1.9813,9.0
full_ols_av,pass,1.0201,7.0
full_ols_av,pass,-0.1165,0.0
full_ols_av,pass,-0.7017,9.0
full_ols_av,pass,0.1445,0.0
full_ols_av,pass,-1.2424,5.0
full_ols_av,pass,0.2446,6.0
full_ols_av,pass,-0.8426,2.0
full_ols_av,pass,0.3338,0.0
full_ols_av,pass,-1.4464,4.0
full_ols_av,pass,0.367,1.0
full_ols_av,pass,1.0089,4.0
full_ols_av,pass,0.7224,0.0
full_ols_av,pass,0.4173,3.0
full_ols_av,pass,-1.5591,5.0
full_ols_av,pass,-0.1805,4.0
full_ols_av,pass,-1.7355,4.0
full_ols_av,pass,0.0835,2.0
full_ols_av,pass,-1.5229,5.0
full_ols_av,pass,-0.0996,0.0
full_ols_av,pass,-0.2735,4.0
full_ols_av,pass,1.6176,6.0
full_ols_av,pass,1.0556,1.0
full_ols_av,pass,-1.658,3.0
full_ols_av,pass,0.0412,3.0
full_ols_av,pass,-0.4658,1.0
full_ols_av,pass,-2.6967,6.0
full_ols_av,pass,-0.044,3.0
full_ols_av,pass,0.7556,9.0
full_ols_av,pass,-1.8397,2.0
full_ols_av,pass,-0.4957,4.0
full_ols_av,pass,-1.6577,4.0
full_ols_av,pass,-1.557,4.0
full_ols_av,pass,-0.6599,0.0
full_ols_av,pass,0.8842,9.0
full_ols_av,pass,-2.0541,4.0
full_ols_av,pass,-2.6634,3.0
full_ols_av,pass,-4.2362,2.0
full_ols_av,pass,-1.4945,0.0
full_ols_av,pass,1.7772,8.0
full_ols_av,pass,-1.6151,2.0
full_ols_av,pass,-1.0965,0.0
full_ols_av,pass,-0.6831,3.0
full_ols_av,pass,-0.0355,0.0
full_ols_av,pass,1.0741,2.0
full_ols_av,pass,-0.5703,4.0
full_ols_av,pass,-1.8496,5.0
full_ols_av,pass,-1.591,4.0
full_ols_av,pass,-1.3069,4.0
full_ols_av,pass,-1.1487,4.0
full_ols_av,pass,0.7028,3.0
full_ols_av,pass,0.04,6.0
full_ols_av,pass,-0.5247,4.0
full_ols_av,pass,0.2225,0.0
full_ols_av,pass,-0.4426,8.0
full_ols_av,pass,-0.6626,4.0
full_ols_av,pass,-1.582,0.0
full_ols_av,pass,-0.79,0.0
full_ols_av,pass,1.8894,6.0
full_ols_av,pass,-0.8206,0.0
full_ols_av,pass,0.1319,0.0
full_ols_av,pass,1.7635,8.0
full_ols_av,pass,-0.7349,0.0
full_ols_av,pass,-1.1452,3.0
full_ols_av,pass,-1.6508,5.0
full_ols_av,pass,-1.3458,3.0
full_ols_av,pass,0.4053,3.0
full_ols_av,pass,-0.0915,3.0
full_ols_av,pass,-0.2897,0.0
full_ols_av,pass,1.3802,7.0
full_ols_av,pass,2.0876,7.0
full_ols_av,pass,-2.4635,1.0
full_ols_av,pass,-1.912,4.0
full_ols_av,pass,-0.0586,0.0
full_ols_av,pass,-1.4276,5.0
full_ols_av,pass,-2.7076,2.0
full_ols_av,pass,3.1541,5.0
full_ols_av,pass,0.4504,3.0
full_ols_av,pass,-1.0289,3.0
full_ols_av,pass,-1.9929,4.0
full_ols_av,pass,-1.3149,2.0
full_ols_av,pass,0.1017,0.0
full_ols_av,pass,-2.9431,3.0
full_ols_av,pass,0.9103,10.0
full_ols_av,pass,-0.3724,0.0
full_ols_av,pass,-0.3697,3.0
full_ols_av,pass,-1.4877,0.0
full_ols_av,pass,-0.62,3.0
full_ols_av,pass,-0.1368,5.0
full_ols_av,pass,-2.717,1.0
full_ols_av,pass,-0.6724,0.0
full_ols_av,pass,-0.3246,5.0
full_ols_av,pass,-3.0241,5.0
full_ols_av,pass,2.888,6.0
full_ols_av,pass,0.0795,0.0
full_ols_av,pass,-0.8587,0.0
full_ols_av,pass,-2.1184,1.0
full_ols_av,pass,-1.2984,8.0
full_ols_av,pass,2.1286,6.0
full_ols_av,pass,-0.1707,5.0
full_ols_av,pass,-0.6901,3.0
full_ols_av,pass,-1.3836,2.0
full_ols_av,pass,-0.5906,6.0
full_ols_av,pass,0.7422,0.0
full_ols_av,pass,0.1401,0.0
full_ols_av,pass,-1.6128,5.0
full_ols_av,pass,0.1784,0.0
full_ols_av,pass,0.4888,8.0
full_ols_av,pass,-0.3515,0.0
full_ols_av,pass,1.0007,6.0
full_ols_av,pass,0.7713,3.0
full_ols_av,pass,0.1384,0.0
full_ols_av,pass,2.2084,8.0
full_ols_av,pass,-1.7177,2.0
full_ols_av,pass,0.2955,3.0
full_ols_av,pass,-0.3726,0.0
full_ols_av,pass,-1.3312,2.0
full_ols_av,pass,-0.1298,0.0
full_ols_av,pass,-1.8416,3.0
full_ols_av,pass,0.3777,1.0
full_ols_av,pass,-1.42,6.0
full_ols_av,pass,0.4233,5.0
full_ols_av,pass,-0.8695,1.0
full_ols_av,pass,-2.5337,3.0
full_ols_av,pass,0.0042,0.0
full_ols_av,pass,-3.7553,2.0
full_ols_av,pass,-1.1945,4.0
full_ols_av,pass,-0.2508,4.0
full_ols_av,pass,-0.5959,0.0
full_ols_av,pass,0.6695,0.0
full_ols_av,pass,-0.4842,2.0
full_ols_av,pass,-1.5319,3.0
full_ols_av,pass,-1.0408,7.0
full_ols_av,pass,-1.1635,4.0
full_ols_av,pass,-0.0969,0.0
full_ols_av,pass,-0.5415,0.0
full_ols_av,pass,-0.2839,0.0
full_ols_av,pass,-1.5156,3.0
full_ols_av,pass,-3.3291,1.0
full_ols_av,pass,-1.0454,0.0
full_ols_av,pass,-2.026,3.0
full_ols_av,pass,0.799,4.0
full_ols_av,pass,1.5511,3.0
full_ols_av,pass,-1.6427,2.0
full_ols_av,pass,-2.4746,3.0
full_ols_av,pass,-0.0541,2.0
full_ols_av,pass,1.1908,5.0
full_ols_av,pass,-2.3013,3.0
full_ols_av,pass,-1.918,6.0
full_ols_av,pass,-2.2561,5.0
full_ols_av,pass,1.8851,0.0
full_ols_av,pass,-1.7005,5.0
full_ols_av,pass,0.4173,5.0
full_ols_av,pass,0.0038,0.0
full_ols_av,pass,-1.1211,3.0
full_ols_av,pass,-3.3875,2.0
full_ols_av,pass,1.2235,7.0
full_ols_av,pass,-1.5021,7.0
full_ols_av,pass,-1.0653,4.0
full_ols_av,pass,0.6183,0.0
full_ols_av,pass,-0.0934,6.0
full_ols_av,pass,-0.5501,0.0
full_ols_av,pass,0.0479,3.0
full_ols_av,pass,-2.0612,4.0
full_ols_av,pass,-1.8828,2.0
full_ols_av,pass,-2.2869,4.0
full_ols_av,pass,-2.1827,5.0
full_ols_av,pass,2.4441,8.0
full_ols_av,pass,-0.6337,8.0
full_ols_av,pass,-0.0702,2.0
full_ols_av,pass,0.0897,3.0
full_ols_av,pass,0.256,3.0
full_ols_av,pass,0.386,3.0
full_ols_av,pass,-0.1485,0.0
full_ols_av,pass,-1.3348,6.0
full_ols_av,pass,-0.3679,2.0
full_ols_av,pass,0.1666,3.0
full_ols_av,pass,-1.2767,2.0
full_ols_av,pass,-2.3878,3.0
full_ols_av,pass,2.7691,9.0
full_ols_av,pass,0.1017,3.0
full_ols_av,pass,-2.1427,3.0
full_ols_av,pass,-2.6577,4.0
full_ols_av,pass,-1.4896,2.0
full_ols_av,pass,1.3238,4.0
full_ols_av,pass,-2.3054,1.0
full_ols_av,pass,-0.1098,0.0
full_ols_av,pass,-0.5935,3.0
full_ols_av,pass,-0.2066,0.0
full_ols_av,pass,-1.4242,2.0
full_ols_av,pass,0.2313,7.0
full_ols_av,pass,-0.1225,0.0
full_ols_av,pass,-2.878,4.0
full_ols_av,pass,0.4936,3.0
full_ols_av,pass,2.3536,8.0
full_ols_av,pass,0.6928,4.0
full_ols_av,pass,-1.8479,4.0
full_ols_av,pass,-0.039,5.0
full_ols_av,pass,-2.3849,6.0
full_ols_av,pass,-1.023,5.0
full_ols_av,pass,-1.694,3.0
full_ols_av,pass,0.9222,0.0
full_ols_av,pass,-1.4165,5.0
full_ols_av,pass,-0.4202,0.0
full_ols_av,pass,0.7279,0.0
full_ols_av,pass,-1.8396,5.0
full_ols_av,pass,-0.4109,7.0
full_ols_av,pass,0.1802,5.0
full_ols_av,pass,-1.073,5.0
full_ols_av,pass,-2.7102,3.0
full_ols_av,pass,-1.1085,0.0
full_ols_av,pass,-0.4448,4.0
full_ols_av,pass,-0.4087,1.0
full_ols_av,pass,0.3748,0.0
full_ols_av,pass,-0.1331,0.0
full_ols_av,pass,-2.1516,0.0
full_ols_av,pass,0.6933,5.0
full_ols_av,pass,-1.8237,5.0
full_ols_av,pass,-0.5061,3.0
full_ols_av,pass,1.7419,6.0
full_ols_av,pass,-1.528,4.0
full_ols_av,pass,-0.2122,0.0
full_ols_av,pass,-2.0677,4.0
full_ols_av,pass,0.6735,7.0
full_ols_av,pass,0.9942,0.0
full_ols_av,pass,-1.4998,4.0
full_ols_av,pass,0.1694,0.0
full_ols_av,pass,-1.8313,5.0
full_ols_av,pass,1.9091,0.0
full_ols_av,pass,-0.3685,5.0
full_ols_av,pass,-2.1221,1.0
full_ols_av,pass,0.3966,6.0
full_ols_av,pass,0.2354,6.0
full_ols_av,pass,-1.9941,3.0
full_ols_av,pass,0.1099,0.0
full_ols_av,pass,-0.8528,0.0
full_ols_av,pass,-2.7964,4.0
full_ols_av,pass,0.5452,4.0
full_ols_av,pass,1.2359,0.0
full_ols_av,pass,0.0986,4.0
full_ols_av,pass,1.3187,7.0
full_ols_av,pass,-1.4633,7.0
full_ols_av,pass,-1.2406,2.0
full_ols_av,pass,-1.0878,3.0
full_ols_av,pass,-2.4003,4.0
full_ols_av,pass,-2.6563,4.0
full_ols_av,pass,-0.0663,7.0
full_ols_av,pass,-0.1941,6.0
full_ols_av,pass,0.1878,5.0
full_ols_av,pass,-2.0592,3.0
full_ols_av,pass,-0.3796,1.0
full_ols_av,pass,0.1031,3.0
full_ols_av,pass,0.8802,0.0
full_ols_av,pass,-1.6448,3.0
full_ols_av,pass,-2.2122,4.0
full_ols_av,pass,1.3974,3.0
full_ols_av,pass,0.2325,0.0
full_ols_av,pass,-0.9059,0.0
full_ols_av,pass,-0.8649,2.0
full_ols_av,pass,-0.2187,7.0
full_ols_av,pass,-0.2707,0.0
full_ols_av,pass,-2.3226,2.0
full_ols_av,pass,2.1187,6.0
full_ols_av,pass,-0.6484,0.0
full_ols_av,pass,-0.1037,0.0
full_ols_av,pass,-0.4194,4.0
full_ols_av,pass,-0.7319,6.0
full_ols_av,pass,0.0356,3.0
full_ols_av,pass,-1.0017,3.0
full_ols_av,pass,-0.3867,5.0
full_ols_av,pass,-1.2086,5.0
full_ols_av,pass,-1.0164,4.0
full_ols_av,pass,1.404,4.0
full_ols_av,pass,0.3762,4.0
full_ols_av,pass,-1.2043,0.0
full_ols_av,pass,-2.6129,0.0
full_ols_av,pass,-2.3501,1.0
full_ols_av,pass,-1.6932,4.0
full_ols_av,pass,-0.7178,0.0
full_ols_av,pass,0.6668,6.0
full_ols_av,pass,-0.7368,8.0
full_ols_av,pass,-2.2653,1.0
full_ols_av,pass,0.8151,10.0
full_ols_av,pass,-0.4183,3.0
full_ols_av,pass,0.2976,0.0
full_ols_av,pass,0.2215,6.0
full_ols_av,pass,-1.5254,1.0
full_ols_av,pass,-2.8134,4.0
full_ols_av,pass,-1.5886,0.0
full_ols_av,pass,-1.4714,6.0
full_ols_av,pass,-2.2291,2.0
full_ols_av,pass,-1.6278,6.0
full_ols_av,pass,1.6643,9.0
full_ols_av,pass,-0.2676,2.0
full_ols_av,pass,-1.205,5.0
full_ols_av,pass,-0.7936,5.0
full_ols_av,pass,-2.0707,5.0
full_ols_av,pass,-1.057,5.0
full_ols_av,pass,1.5681,6.0
full_ols_av,pass,-0.3529,4.0
full_ols_av,pass,1.0145,6.0
full_ols_av,pass,0.1489,0.0
full_ols_av,pass,-1.5708,3.0
full_ols_av,pass,-1.3033,0.0
full_ols_av,pass,-0.3241,5.0
full_ols_av,pass,1.4859,8.0
full_ols_av,pass,0.9229,3.0
full_ols_av,pass,-0.8989,0.0
full_ols_av,pass,-1.1003,3.0
full_ols_av,pass,0.929,0.0
full_ols_av,pass,-0.1574,0.0
full_ols_av,pass,-1.3097,4.0
full_ols_av,pass,-0.625,5.0
full_ols_av,pass,-0.3777,0.0
full_ols_av,pass,-1.8512,4.0
full_ols_av,pass,-1.0212,0.0
full_ols_av,pass,-1.8865,4.0
full_ols_av,pass,0.183,5.0
full_ols_av,pass,-1.1299,2.0
full_ols_av,pass,0.7219,0.0
full_ols_av,pass,-2.1371,4.0
full_ols_av,pass,0.0589,3.0
full_ols_av,pass,0.2428,0.0
full_ols_av,pass,-0.5443,8.0
full_ols_av,pass,-2.6888,5.0
full_ols_av,pass,-0.0981,0.0
full_ols_av,pass,-1.4063,6.0
full_ols_av,pass,0.3067,0.0
full_ols_av,pass,0.7512,3.0
full_ols_av,pass,-0.6757,8.0
full_ols_av,pass,0.2682,2.0
full_ols_av,pass,-2.0117,2.0
full_ols_av,pass,0.2846,6.0
full_ols_av,pass,-0.4676,3.0
full_ols_av,pass,-0.3442,3.0
full_ols_av,pass,1.148,7.0
full_ols_av,pass,-0.6831,4.0
full_ols_av,pass,1.1564,0.0
full_ols_av,pass,-1.352,0.0
full_ols_av,pass,-0.7498,7.0
full_ols_av,pass,-0.6874,2.0
full_ols_av,pass,-0.557,4.0
full_ols_av,pass,0.8391,0.0
full_ols_av,pass,0.353,4.0
full_ols_av,pass,-2.0337,4.0
full_ols_av,pass,-1.3833,3.0
full_ols_av,pass,-2.0417,4.0
full_ols_av,pass,2.3073,8.0
full_ols_av,pass,0.5301,5.0
full_ols_av,pass,-2.0558,4.0
full_ols_av,pass,-1.7078,2.0
full_ols_av,pass,0.1997,7.0
full_ols_av,pass,-0.6031,1.0
full_ols_av,pass,-0.9411,5.0
full_ols_av,pass,0.6409,0.0
full_ols_av,pass,-0.646,5.0
full_ols_av,pass,-2.515,4.0
full_ols_av,pass,-1.6241,3.0
full_ols_av,pass,-2.4322,5.0
full_ols_av,pass,0.6766,4.0
full_ols_av,pass,-0.613,6.0
full_ols_av,pass,-0.0203,0.0
full_ols_av,pass,0.6985,0.0
full_ols_av,pass,-1.2528,2.0
full_ols_av,pass,-1.6429,2.0
full_ols_av,pass,-2.3616,4.0
full_ols_av,pass,-1.6852,3.0
full_ols_av,pass,0.387,5.0
full_ols_av,pass,-0.4579,4.0
full_ols_av,pass,0.11,0.0
full_ols_av,pass,1.5234,0.0
full_ols_av,pass,0.0105,6.0
full_ols_av,pass,1.3423,3.0
full_ols_av,pass,-1.9895,3.0
full_ols_av,pass,-1.8091,1.0
full_ols_av,pass,0.2748,6.0
full_ols_av,pass,-0.5286,10.0
full_ols_av,pass,-0.2216,7.0
full_ols_av,pass,-0.1764,7.0
full_ols_av,pass,0.2284,0.0
full_ols_av,pass,1.1151,10.0
full_ols_av,pass,-1.1187,0.0
full_ols_av,pass,-1.6463,3.0
full_ols_av,pass,-0.1431,0.0
full_ols_av,pass,-0.1983,0.0
full_ols_av,pass,0.3066,0.0
full_ols_av,pass,2.1716,5.0
full_ols_av,pass,-0.3016,0.0
full_ols_av,pass,0.4659,4.0
full_ols_av,pass,-0.5339,1.0
full_ols_av,pass,-0.4255,0.0
full_ols_av,pass,1.7758,6.0
full_ols_av,pass,-0.6622,0.0
full_ols_av,pass,-1.5897,8.0
full_ols_av,pass,-0.0727,2.0
full_ols_av,pass,-0.7184,2.0
full_ols_av,pass,0.0489,4.0
full_ols_av,pass,-0.9357,0.0
full_ols_av,pass,-0.3868,3.0
full_ols_av,pass,-0.2821,0.0
full_ols_av,pass,-0.4781,3.0
full_ols_av,pass,-0.1202,7.0
full_ols_av,pass,0.082,6.0
full_ols_av,pass,-0.0389,0.0
full_ols_av,pass,0.9254,6.0
full_ols_av,pass,1.1838,7.0
full_ols_av,pass,-0.2237,7.0
full_ols_av,pass,-0.8634,0.0
full_ols_av,pass,-1.565,0.0
full_ols_av,pass,1.049,0.0
full_ols_av,pass,-0.6483,2.0
full_ols_av,pass,-0.8497,0.0
full_ols_av,pass,0.2853,0.0
full_ols_av,pass,-0.7658,6.0
full_ols_av,pass,0.9957,0.0
full_ols_av,pass,-1.7278,2.0
full_ols_av,pass,-3.2386,3.0
full_ols_av,pass,0.8343,0.0
full_ols_av,pass,0.3436,7.0
full_ols_av,pass,0.8892,0.0
full_ols_av,pass,-0.9352,0.0
full_ols_av,pass,0.4058,7.0
full_ols_av,pass,-1.7205,4.0
full_ols_av,pass,-0.8454,0.0
full_ols_av,pass,-2.4373,5.0
full_ols_av,pass,-0.8565,1.0
full_ols_av,pass,0.2491,0.0
full_ols_av,pass,-0.286,0.0
full_ols_av,pass,-0.9039,0.0
full_ols_av,pass,-0.3599,3.0
full_ols_av,pass,-2.0273,3.0
full_ols_av,pass,-1.7754,4.0
full_ols_av,pass,-0.7236,4.0
full_ols_av,pass,-1.146,3.0
full_ols_av,pass,0.9651,7.0
full_ols_av,pass,0.6792,9.0
full_ols_av,pass,-2.5596,4.0
full_ols_av,pass,-0.614,6.0
full_ols_av,pass,0.4804,2.0
full_ols_av,pass,1.5088,9.0
full_ols_av,pass,0.3667,7.0
full_ols_av,pass,1.3939,4.0
full_ols_av,pass,-1.0425,4.0
full_ols_av,pass,-0.8268,0.0
full_ols_av,pass,-2.2073,3.0
full_ols_av,pass,-1.1632,4.0
full_ols_av,pass,-0.9966,8.0
full_ols_av,pass,0.0694,0.0
full_ols_av,pass,-2.5275,4.0
full_ols_av,pass,-1.6153,3.0
full_ols_av,pass,0.834,0.0
full_ols_av,pass,-2.2073,0.0
full_ols_av,pass,-0.702,0.0
full_ols_av,pass,1.47,5.0
full_ols_av,pass,0.1065,3.0
full_ols_av,pass,-1.0903,3.0
full_ols_av,pass,2.2631,8.0
full_ols_av,pass,-1.7919,2.0
full_ols_av,pass,-0.2095,4.0
full_ols_av,pass,-0.9488,0.0
full_ols_av,pass,-2.4766,4.0
full_ols_av,pass,-1.0982,3.0
full_ols_av,pass,-0.1131,6.0
full_ols_av,pass,-0.3772,0.0
full_ols_av,pass,-0.173,3.0
full_ols_av,pass,-2.6372,3.0
full_ols_av,pass,0.1839,0.0
full_ols_av,pass,0.2489,5.0
full_ols_av,pass,-1.2356,6.0
full_ols_av,pass,-3.1206,2.0
full_ols_av,pass,0.4636,7.0
full_ols_av,pass,-2.295,1.0
full_ols_av,pass,2.1783,6.0
full_ols_av,pass,-0.2079,0.0
full_ols_av,pass,-2.9254,4.0
full_ols_av,pass,-1.8574,2.0
full_ols_av,pass,0.3113,0.0
full_ols_av,pass,-1.4925,3.0
full_ols_av,pass,-0.1462,3.0
full_ols_av,pass,0.1136,7.0
full_ols_av,pass,-0.8257,1.0
full_ols_av,pass,-0.7723,3.0
full_ols_av,pass,0.5949,5.0
full_ols_av,pass,0.0782,2.0
full_ols_av,pass,-2.0027,7.0
full_ols_av,pass,0.1033,0.0
full_ols_av,pass,-1.8575,5.0
full_ols_av,pass,-2.4745,2.0
full_ols_av,pass,-0.1608,2.0
full_ols_av,pass,-0.0874,4.0
full_ols_av,pass,-0.0761,0.0
full_ols_av,pass,1.202,6.0
full_ols_av,pass,-0.3269,0.0
full_ols_av,pass,-2.1422,6.0
full_ols_av,pass,0.7475,0.0
full_ols_av,pass,0.082,3.0
full_ols_av,pass,-1.3105,3.0
full_ols_av,pass,0.8667,0.0
full_ols_av,pass,-0.4478,0.0
full_ols_av,pass,0.8327,8.0
full_ols_av,pass,-0.7474,0.0
full_ols_av,pass,-0.7518,5.0
full_ols_av,pass,-0.5183,3.0
full_ols_av,pass,-0.0443,6.0
full_ols_av,pass,-1.9777,4.0
full_ols_av,pass,-0.0227,0.0
full_ols_av,pass,1.0895,7.0
full_ols_av,pass,-1.5836,3.0
full_ols_av,pass,0.7823,0.0
full_ols_av,pass,-2.9371,3.0
full_ols_av,pass,-0.8296,2.0
full_ols_av,pass,-1.1192,2.0
full_ols_av,pass,0.2041,0.0
full_ols_av,pass,-0.3792,3.0
full_ols_av,pass,-0.6915,0.0
full_ols_av,pass,1.2739,9.0
full_ols_av,pass,-1.628,3.0
full_ols_av,pass,-0.0506,0.0
full_ols_av,pass,-0.1582,0.0
full_ols_av,pass,-0.1177,3.0
full_ols_av,pass,-2.3425,2.0
full_ols_av,pass,1.7326,8.0
full_ols_av,pass,0.08,0.0
full_ols_av,pass,2.0832,5.0
full_ols_av,pass,-1.6496,4.0
full_ols_av,pass,2.5297,5.0
full_ols_av,pass,-0.3138,6.0
full_ols_av,pass,-1.5428,2.0
full_ols_av,pass,0.5942,0.0
full_ols_av,pass,-0.9392,2.0
full_ols_av,pass,-0.651,0.0
full_ols_av,pass,-1.5011,4.0
full_ols_av,pass,0.4534,6.0
full_ols_av,pass,0.9116,7.0
full_ols_av,pass,-1.0807,6.0
full_ols_av,pass,-1.148,0.0
full_ols_av,pass,0.2339,4.0
full_ols_av,pass,0.2359,6.0
full_ols_av,pass,-0.6821,0.0
full_ols_av,pass,-1.6038,0.0
full_ols_av,pass,2.1702,9.0
full_ols_av,pass,-0.5734,4.0
full_ols_av,pass,-2.6288,5.0
full_ols_av,pass,-0.1843,0.0
full_ols_av,pass,-0.0716,0.0
full_ols_av,pass,1.128,0.0
full_ols_av,pass,-2.6889,3.0
full_ols_av,pass,0.3481,4.0
full_ols_av,pass,-0.6407,4.0
full_ols_av,pass,1.4467,0.0
full_ols_av,pass,-0.0803,0.0
full_ols_av,pass,-2.1358,6.0
full_ols_av,pass,1.5093,9.0
full_ols_av,pass,-1.821,3.0
full_ols_av,pass,1.0406,4.0
full_ols_av,pass,-2.023,3.0
full_ols_av,pass,1.7958,3.0
full_ols_av,pass,-0.7858,0.0
full_ols_av,pass,0.2761,3.0
full_ols_av,pass,2.7743,10.0
full_ols_av,pass,0.2822,5.0
full_ols_av,pass,1.7527,7.0
full_ols_av,pass,-0.6869,0.0
full_ols_av,pass,-0.1846,3.0
full_ols_av,pass,-1.5152,0.0
full_ols_av,pass,-0.7861,0.0
full_ols_av,pass,-0.0746,0.0
full_ols_av,pass,-0.8793,3.0
full_ols_av,pass,0.8748,6.0
full_ols_av,pass,-1.1078,5.0
full_ols_av,pass,-0.6878,5.0
full_ols_av,pass,-0.9004,0.0
full_ols_av,pass,-0.9337,0.0
full_ols_av,pass,-1.9937,3.0
full_ols_av,pass,-0.3943,0.0
full_ols_av,pass,-0.4193,8.0
full_ols_av,pass,-0.9698,3.0
full_ols_av,pass,0.6636,5.0
full_ols_av,pass,-1.9782,5.0
full_ols_av,pass,2.1921,5.0
full_ols_av,pass,1.8211,8.0
full_ols_av,pass,0.2259,9.0
full_ols_av,pass,-0.9706,2.0
full_ols_av,pass,-2.4803,1.0
full_ols_av,pass,2.1389,4.0
full_ols_av,pass,-0.752,2.0
full_ols_av,pass,-1.8632,0.0
full_ols_av,pass,-0.0896,0.0
full_ols_av,pass,1.877,6.0
full_ols_av,pass,0.062,7.0
full_ols_av,pass,0.6272,0.0
full_ols_av,pass,1.8257,5.0
full_ols_av,pass,0.87,2.0
full_ols_av,pass,-0.7999,4.0
full_ols_av,pass,-0.2895,0.0
full_ols_av,pass,0.8155,10.0
full_ols_av,pass,-0.9299,5.0
full_ols_av,pass,0.5326,1.0
full_ols_av,pass,-0.2064,3.0
full_ols_av,pass,0.2464,0.0
full_ols_av,pass,-0.2861,3.0
full_ols_av,pass,2.0724,6.0
full_ols_av,pass,-0.8697,0.0
full_ols_av,pass,-1.2146,0.0
full_ols_av,pass,0.0255,4.0
full_ols_av,pass,0.0009,0.0
full_ols_av,pass,-1.4696,3.0
full_ols_av,pass,-2.942,2.0
full_ols_av,pass,-2.7732,0.0
full_ols_av,pass,-3.1187,3.0
full_ols_av,pass,0.3957,0.0
full_ols_av,pass,0.0616,2.0
full_ols_av,pass,-0.4906,3.0
full_ols_av,pass,-1.0291,0.0
full_ols_av,pass,-2.974,2.0
full_ols_av,pass,-2.8999,3.0
full_ols_av,pass,-0.2581,4.0
full_ols_av,pass,-0.4197,3.0
full_ols_av,pass,-0.6657,5.0
full_ols_av,pass,-0.7843,0.0
full_ols_av,pass,-1.2755,2.0
full_ols_av,pass,-0.5824,0.0
full_ols_av,pass,-1.6982,1.0
full_ols_av,pass,-1.2241,3.0
full_ols_av,pass,0.6062,8.0
full_ols_av,pass,-0.6826,6.0
full_ols_av,pass,0.2351,0.0
full_ols_av,pass,-0.9762,2.0
full_ols_av,pass,1.3486,7.0
full_ols_av,pass,-1.0414,5.0
full_ols_av,pass,-1.0909,8.0
full_ols_av,pass,-3.0063,3.0
full_ols_av,pass,0.4006,2.0
full_ols_av,pass,-0.0688,7.0
full_ols_av,pass,-0.5115,4.0
full_ols_av,pass,1.8455,6.0
full_ols_av,pass,0.2373,9.0
full_ols_av,pass,-2.128,4.0
full_ols_av,pass,-1.9128,3.0
full_ols_av,pass,0.0195,5.0
full_ols_av,pass,-0.3907,0.0
full_ols_av,pass,-2.5232,4.0
full_ols_av,pass,0.9275,0.0
full_ols_av,pass,0.8769,0.0
full_ols_av,pass,-0.4544,2.0
full_ols_av,pass,-3.44,2.0
full_ols_av,pass,0.3647,0.0
full_ols_av,pass,-0.0782,0.0
full_ols_av,pass,0.835,0.0
full_ols_av,pass,-0.1916,4.0
full_ols_av,pass,-0.7835,0.0
full_ols_av,pass,-0.4074,7.0
full_ols_av,pass,0.7505,7.0
full_ols_av,pass,-0.7931,0.0
full_ols_av,pass,-0.578,0.0
full_ols_av,pass,-0.8733,5.0
full_ols_av,pass,0.1573,3.0
full_ols_av,pass,-0.0165,0.0
full_ols_av,pass,-0.7388,7.0
full_ols_av,pass,0.1716,2.0
full_ols_av,pass,-1.0249,3.0
full_ols_av,pass,-0.3735,5.0
full_ols_av,pass,0.2184,0.0
full_ols_av,pass,-0.0783,9.0
full_ols_av,pass,0.654,2.0
full_ols_av,pass,-1.6995,3.0
full_ols_av,pass,-0.0165,0.0
full_ols_av,pass,1.7486,7.0
full_ols_av,pass,0.7114,8.0
full_ols_av,pass,-0.6656,0.0
full_ols_av,pass,-0.3917,0.0
full_ols_av,pass,0.8207,0.0
full_ols_av,pass,-0.4569,2.0
full_ols_av,pass,-0.9356,4.0
full_ols_av,pass,-2.6336,2.0
full_ols_av,pass,-0.7489,0.0
full_ols_av,pass,-0.7766,5.0
full_ols_av,pass,1.4548,7.0
full_ols_av,pass,-0.6866,4.0
full_ols_av,pass,-0.4473,10.0
full_ols_av,pass,-1.0821,1.0
full_ols_av,pass,-1.6297,2.0
full_ols_av,pass,2.6823,7.0
full_ols_av,pass,0.8549,7.0
full_ols_av,pass,-0.954,0.0
full_ols_av,pass,-0.2333,4.0
full_ols_av,pass,-0.1832,7.0
full_ols_av,pass,-0.086,0.0
full_ols_av,pass,-0.4708,0.0
full_ols_av,pass,-0.9891,5.0
full_ols_av,pass,-0.6129,1.0
full_ols_av,pass,-0.345,2.0
full_ols_av,pass,0.4484,7.0
full_ols_av,pass,0.6193,0.0
full_ols_av,pass,-1.3416,4.0
full_ols_av,pass,0.6752,4.0
full_ols_av,pass,-0.5989,0.0
full_ols_av,pass,0.3725,0.0
full_ols_av,pass,0.1532,4.0
full_ols_av,pass,-0.174,0.0
full_ols_av,pass,-0.877,5.0
full_ols_av,pass,-0.9913,0.0
full_ols_av,pass,-0.8489,2.0
full_ols_av,pass,-1.2815,0.0
full_ols_av,pass,-0.4746,3.0
full_ols_av,pass,0.2275,0.0
full_ols_av,pass,0.0676,2.0
full_ols_av,pass,0.6112,4.0
full_ols_av,pass,-1.6418,4.0
full_ols_av,pass,-2.6664,2.0
full_ols_av,pass,-1.9815,4.0
full_ols_av,pass,0.0361,0.0
full_ols_av,pass,0.2388,5.0
full_ols_av,pass,-1.5176,5.0
full_ols_av,pass,-0.099,5.0
full_ols_av,pass,-2.7047,2.0
full_ols_av,pass,1.0386,1.0
full_ols_av,pass,-0.8151,0.0
full_ols_av,pass,0.4178,5.0
full_ols_av,pass,-0.72,0.0
full_ols_av,pass,-1.0068,3.0
full_ols_av,pass,1.1526,8.0
full_ols_av,pass,-1.3663,3.0
full_ols_av,pass,-2.0483,4.0
full_ols_av,pass,-1.0789,4.0
full_ols_av,pass,-1.598,3.0
full_ols_av,pass,0.9859,7.0
full_ols_av,pass,-1.6841,4.0
full_ols_av,pass,2.2622,5.0
full_ols_av,pass,1.3644,4.0
full_ols_av,pass,-1.4886,3.0
full_ols_av,pass,0.4254,0.0
full_ols_av,pass,0.379,3.0
full_ols_av,pass,-0.9427,6.0
full_ols_av,pass,-0.7058,1.0
full_ols_av,pass,-0.0706,3.0
full_ols_av,pass,0.3513,5.0
full_ols_av,pass,-0.8458,0.0
full_ols_av,pass,-0.3308,0.0
full_ols_av,pass,-2.6904,3.0
full_ols_av,pass,-0.1778,0.0
full_ols_av,pass,-0.8796,2.0
full_ols_av,pass,1.1447,9.0
full_ols_av,pass,-0.1221,0.0
full_ols_av,pass,2.6859,8.0
full_ols_av,pass,-0.5606,0.0
full_ols_av,pass,-1.881,2.0
full_ols_av,pass,-0.5348,0.0
full_ols_av,pass,0.261,0.0
full_ols_av,pass,-1.0663,6.0
full_ols_av,pass,-1.2672,0.0
full_ols_av,pass,-1.0658,0.0
full_ols_av,pass,-0.4191,4.0
full_ols_av,pass,-0.182,0.0
full_ols_av,pass,-0.4674,0.0
full_ols_av,pass,-0.9421,6.0
full_ols_av,pass,-0.4274,8.0
full_ols_av,pass,0.2548,0.0
full_ols_av,pass,-0.9399,5.0
full_ols_av,pass,-0.293,0.0
full_ols_av,pass,2.1373,4.0
full_ols_av,pass,-0.9988,0.0
full_ols_av,pass,1.3483,6.0
full_ols_av,pass,-1.2032,4.0
full_ols_av,pass,0.5995,0.0
full_ols_av,pass,-0.6963,9.0
full_ols_av,pass,-1.6415,4.0
full_ols_av,pass,-0.9282,4.0
full_ols_av,pass,-1.071,0.0
full_ols_av,pass,0.4714,6.0
full_ols_av,pass,1.1082,0.0
full_ols_av,pass,1.5274,6.0
full_ols_av,pass,-0.9846,6.0
full_ols_av,pass,-0.3161,3.0
full_ols_av,pass,-0.3151,0.0
full_ols_av,pass,1.8492,2.0
full_ols_av,pass,-1.9103,3.0
full_ols_av,pass,-0.0831,6.0
full_ols_av,pass,0.4537,6.0
full_ols_av,pass,-2.147,2.0
full_ols_av,pass,-0.0764,4.0
full_ols_av,pass,-0.9916,4.0
full_ols_av,pass,-0.549,8.0
full_ols_av,pass,-1.0218,1.0
full_ols_av,pass,-1.1732,2.0
full_ols_av,pass,-1.8639,2.0
full_ols_av,pass,-0.9008,0.0
full_ols_av,pass,-1.968,4.0
full_ols_av,pass,-1.6528,4.0
full_ols_av,pass,-1.3312,1.0
full_ols_av,pass,1.7381,7.0
full_ols_av,pass,-0.1923,5.0
full_ols_av,pass,-1.1111,5.0
full_ols_av,pass,-0.646,4.0
full_ols_av,pass,-1.4723,4.0
full_ols_av,pass,-0.2415,5.0
full_ols_av,pass,1.1135,6.0
full_ols_av,pass,-0.4441,8.0
full_ols_av,pass,0.5886,6.0
full_ols_av,pass,-0.6952,0.0
full_ols_av,pass,-0.9126,2.0
full_ols_av,pass,-0.7815,6.0
full_ols_av,pass,-0.8251,0.0
full_ols_av,pass,0.3244,0.0
full_ols_av,pass,-0.5218,4.0
full_ols_av,pass,-1.5164,3.0
full_ols_av,pass,1.4151,7.0
full_ols_av,pass,-0.9325,3.0
full_ols_av,pass,-0.4822,0.0
full_ols_av,pass,-1.4973,7.0
full_ols_av,pass,-0.1933,5.0
full_ols_av,pass,-1.4427,1.0
full_ols_av,pass,0.4226,0.0
full_ols_av,pass,-0.3964,7.0
full_ols_av,pass,-0.6782,0.0
full_ols_av,pass,-1.5273,3.0
full_ols_av,pass,-0.3615,5.0
full_ols_av,pass,-1.2065,4.0
full_ols_av,pass,-0.9111,0.0
full_ols_av,pass,-0.5437,0.0
full_ols_av,pass,-1.9319,4.0
full_ols_av,pass,-0.5668,0.0
full_ols_av,pass,-0.3308,0.0
full_ols_av,pass,0.1001,6.0
full_ols_av,pass,-1.1056,2.0
full_ols_av,pass,0.3746,5.0
full_ols_av,pass,1.2775,0.0
full_ols_av,pass,-1.5431,4.0
full_ols_av,pass,0.0708,4.0
full_ols_av,pass,-0.7815,0.0
full_ols_av,pass,-2.7979,1.0
full_ols_av,pass,-0.9973,0.0
full_ols_av,pass,-2.9298,3.0
full_ols_av,pass,0.4247,4.0
full_ols_av,pass,-1.2238,7.0
full_ols_av,pass,0.3963,4.0
full_ols_av,pass,-1.2212,4.0
full_ols_av,pass,1.8938,9.0
full_ols_av,pass,-1.2411,6.0
full_ols_av,pass,-0.1358,5.0
full_ols_av,pass,-0.1772,3.0
full_ols_av,pass,-1.1119,9.0
full_ols_av,pass,-0.9868,2.0
full_ols_av,pass,-0.8262,5.0
full_ols_av,pass,-1.4989,7.0
full_ols_av,pass,-0.1628,0.0
full_ols_av,pass,0.4823,0.0
full_ols_av,pass,-0.7275,5.0
full_ols_av,pass,-0.0257,0.0
full_ols_av,pass,0.0781,4.0
full_ols_av,pass,0.7645,8.0
full_ols_av,pass,-2.1983,1.0
full_ols_av,pass,0.3112,4.0
full_ols_av,pass,-1.4528,3.0
full_ols_av,pass,0.6089,0.0
full_ols_av,pass,-0.3405,0.0
full_ols_av,pass,-0.4755,7.0
full_ols_av,pass,-1.492,0.0
full_ols_av,pass,-0.3474,0.0
full_ols_av,pass,-2.0967,4.0
full_ols_av,pass,0.5959,4.0
full_ols_av,pass,0.6856,8.0
full_ols_av,pass,-0.8621,9.0
full_ols_av,pass,0.7421,6.0
full_ols_av,pass,2.6613,8.0
full_ols_av,pass,-2.0725,4.0
full_ols_av,pass,-1.2599,6.0
full_ols_av,pass,-0.5799,10.0
full_ols_av,pass,0.2039,0.0
full_ols_av,pass,-1.0112,4.0
full_ols_av,pass,-1.9688,3.0
full_ols_av,pass,0.3731,5.0
full_ols_av,pass,-0.011,3.0
full_ols_av,pass,-1.6432,3.0
full_ols_av,pass,-1.1998,2.0
full_ols_av,pass,0.3639,7.0
full_ols_av,pass,0.1068,2.0
full_ols_av,pass,-0.5686,0.0
full_ols_av,pass,-0.6159,3.0
full_ols_av,pass,-0.7632,0.0
full_ols_av,pass,-0.0808,0.0
full_ols_av,pass,-1.9353,4.0
full_ols_av,pass,-0.9362,8.0
full_ols_av,pass,0.7786,0.0
full_ols_av,pass,0.1703,3.0
full_ols_av,pass,-1.3753,0.0
full_ols_av,pass,-1.1937,5.0
full_ols_av,pass,-2.1599,4.0
full_ols_av,pass,-1.7381,1.0
full_ols_av,pass,-0.7812,0.0
full_ols_av,pass,-0.4494,2.0
full_ols_av,pass,-0.9274,7.0
full_ols_av,pass,-1.3682,4.0
full_ols_av,pass,-0.3771,0.0
full_ols_av,pass,-1.2373,0.0
full_ols_av,pass,-0.3268,6.0
full_ols_av,pass,-0.2097,4.0
full_ols_av,pass,1.1787,5.0
full_ols_av,pass,0.9858,8.0
full_ols_av,pass,-0.3223,3.0
full_ols_av,pass,-0.488,4.0
full_ols_av,pass,-2.3959,5.0
full_ols_av,pass,-0.2462,3.0
full_ols_av,pass,1.6867,7.0
full_ols_av,pass,-1.8028,1.0
full_ols_av,pass,0.4174,8.0
full_ols_av,pass,-1.8662,3.0
full_ols_av,pass,-1.3191,5.0
full_ols_av,pass,-0.8313,3.0
full_ols_av,pass,1.3709,7.0
full_ols_av,pass,1.3003,8.0
full_ols_av,pass,-1.1695,2.0
full_ols_av,pass,-2.0921,4.0
full_ols_av,pass,-1.0477,2.0
full_ols_av,pass,-0.4887,8.0
full_ols_av,pass,1.4114,6.0
full_ols_av,pass,-0.7107,0.0
full_ols_av,pass,-0.2118,0.0
full_ols_av,pass,-2.3158,7.0
full_ols_av,pass,0.098,7.0
full_ols_av,pass,-2.5017,3.0
full_ols_av,pass,-0.0766,0.0
full_ols_av,pass,2.6664,9.0
full_ols_av,pass,1.7122,8.0
full_ols_av,pass,-1.5143,3.0
full_ols_av,pass,-1.3368,7.0
full_ols_av,pass,-1.2992,6.0
full_ols_av,pass,-0.2305,0.0
full_ols_av,pass,-0.7273,5.0
full_ols_av,pass,-0.8915,0.0
full_ols_av,pass,-1.5116,0.0
full_ols_av,pass,0.6174,6.0
full_ols_av,pass,-1.9084,1.0
full_ols_av,pass,-0.5108,0.0
full_ols_av,pass,-1.6983,4.0
full_ols_av,pass,0.3269,0.0
full_ols_av,pass,-0.8729,8.0
full_ols_av,pass,-2.2921,2.0
full_ols_av,pass,-0.0187,4.0
full_ols_av,pass,0.0224,8.0
full_ols_av,pass,-1.8234,4.0
full_ols_av,pass,0.0753,0.0
full_ols_av,pass,-0.9013,0.0
full_ols_av,pass,1.1445,7.0
full_ols_av,pass,-2.1012,10.0
full_ols_av,pass,-2.0279,4.0
full_ols_av,pass,1.0739,5.0
full_ols_av,pass,0.4189,4.0
full_ols_av,pass,-1.1594,5.0
full_ols_av,pass,-1.985,1.0
full_ols_av,pass,1.9171,1.0
full_ols_av,pass,-0.9517,0.0
full_ols_av,pass,-1.4094,0.0
full_ols_av,pass,1.5807,5.0
full_ols_av,pass,-0.5602,5.0
full_ols_av,pass,-1.778,9.0
full_ols_av,pass,0.3688,3.0
full_ols_av,pass,-1.545,6.0
full_ols_av,pass,-1.5233,0.0
full_ols_av,pass,2.2934,7.0
full_ols_av,pass,3.0295,6.0
full_ols_av,pass,-0.6583,2.0
full_ols_av,pass,-0.5831,3.0
full_ols_av,pass,-1.2233,2.0
full_ols_av,pass,-2.2781,3.0
full_ols_av,pass,-0.32,0.0
full_ols_av,pass,-0.3392,0.0
full_ols_av,pass,-0.3115,0.0
full_ols_av,pass,0.0485,0.0
full_ols_av,pass,0.9624,9.0
full_ols_av,pass,0.5698,3.0
full_ols_av,pass,-0.3628,0.0
full_ols_av,pass,-0.1651,5.0
full_ols_av,pass,-1.0287,0.0
full_ols_av,pass,0.0158,0.0
full_ols_av,pass,-0.8994,0.0
full_ols_av,pass,-1.8297,2.0
full_ols_av,pass,0.5405,0.0
full_ols_av,pass,-1.2225,5.0
full_ols_av,pass,-1.4957,3.0
full_ols_av,pass,1.7931,4.0
full_ols_av,pass,0.1762,0.0
full_ols_av,pass,-1.4464,4.0
full_ols_av,pass,-0.6821,3.0
full_ols_av,pass,0.3983,0.0
full_ols_av,pass,-0.4736,3.0
full_ols_av,pass,-0.7545,3.0
full_ols_av,pass,-1.032,3.0
full_ols_av,pass,-0.5701,0.0
full_ols_av,pass,-1.0408,4.0
full_ols_av,pass,-1.1567,2.0
full_ols_av,pass,1.4808,8.0
full_ols_av,pass,-1.1533,4.0
full_ols_av,pass,-1.4254,4.0
full_ols_av,pass,-0.3314,4.0
full_ols_av,pass,0.7136,1.0
full_ols_av,pass,-0.4185,2.0
full_ols_av,pass,-0.9114,2.0
full_ols_av,pass,-0.1499,0.0
full_ols_av,pass,-0.4522,3.0
full_ols_av,pass,-1.7777,4.0
full_ols_av,pass,-2.3406,3.0
full_ols_av,pass,-0.629,5.0
full_ols_av,pass,-3.1377,2.0
full_ols_av,pass,-0.3081,4.0
full_ols_av,pass,-1.8957,2.0
full_ols_av,pass,-1.5818,3.0
full_ols_av,pass,-1.7367,4.0
full_ols_av,pass,-1.423,3.0
full_ols_av,pass,1.1544,0.0
full_ols_av,pass,-0.4651,1.0
full_ols_av,pass,-1.4908,0.0
full_ols_av,pass,0.2489,9.0
full_ols_av,pass,-0.7663,0.0
full_ols_av,pass,-0.6434,0.0
full_ols_av,pass,0.1664,3.0
full_ols_av,pass,1.1647,4.0
full_ols_av,pass,-1.2959,2.0
full_ols_av,pass,-0.2728,3.0
full_ols_av,pass,-0.2228,0.0
full_ols_av,pass,-2.2019,6.0
full_ols_av,pass,-1.0634,4.0
full_ols_av,pass,-0.2567,7.0
full_ols_av,pass,0.1212,4.0
full_ols_av,pass,-1.389,5.0
full_ols_av,pass,0.3526,2.0
full_ols_av,pass,-0.2241,4.0
full_ols_av,pass,-1.5728,6.0
full_ols_av,pass,0.0783,3.0
full_ols_av,pass,-1.5798,7.0
full_ols_av,pass,-0.3754,6.0
full_ols_av,pass,-0.857,0.0
full_ols_av,pass,0.2197,0.0
full_ols_av,pass,-0.5669,5.0
full_ols_av,pass,-1.1788,4.0
full_ols_av,pass,-2.4717,3.0
full_ols_av,pass,-2.2661,3.0
full_ols_av,pass,-1.6139,2.0
full_ols_av,pass,0.2228,0.0
full_ols_av,pass,0.1605,2.0
full_ols_av,pass,-1.2972,0.0
full_ols_av,pass,-0.319,0.0
full_ols_av,pass,-0.4277,4.0
full_ols_av,pass,-2.4369,4.0
full_ols_av,pass,-1.5914,3.0
full_ols_av,pass,-0.5725,0.0
full_ols_av,pass,1.3596,5.0
full_ols_av,pass,-1.6865,2.0
full_ols_av,pass,-2.5329,2.0
full_ols_av,pass,0.9819,0.0
full_ols_av,pass,1.9013,7.0
full_ols_av,pass,-0.3028,0.0
full_ols_av,pass,1.0677,0.0
full_ols_av,pass,-1.1577,4.0
full_ols_av,pass,-0.6361,8.0
full_ols_av,pass,-0.2798,6.0
full_ols_av,pass,-0.874,6.0
full_ols_av,pass,-1.238,2.0
full_ols_av,pass,0.6863,0.0
full_ols_av,pass,0.1398,0.0
full_ols_av,pass,-2.7984,3.0
full_ols_av,pass,-1.0766,2.0
full_ols_av,pass,-0.8661,4.0
full_ols_av,pass,0.471,5.0
full_ols_av,pass,-0.3635,0.0
full_ols_av,pass,0.0741,0.0
full_ols_av,pass,-2.9239,4.0
full_ols_av,pass,-2.618,3.0
full_ols_av,pass,0.225,5.0
full_ols_av,pass,-0.7847,3.0
full_ols_av,pass,-1.2812,1.0
full_ols_av,pass,0.4265,0.0
full_ols_av,pass,2.0901,6.0
full_ols_av,pass,-0.5002,0.0
full_ols_av,pass,0.3958,1.0
full_ols_av,pass,2.1417,6.0
full_ols_av,pass,-0.534,2.0
full_ols_av,pass,0.4908,0.0
full_ols_av,pass,-0.946,4.0
full_ols_av,pass,1.6211,7.0
full_ols_av,pass,-1.011,7.0
full_ols_av,pass,-1.4524,2.0
full_ols_av,pass,1.1204,0.0
full_ols_av,pass,-1.2736,4.0
full_ols_av,pass,1.6978,7.0
full_ols_av,pass,0.3135,0.0
full_ols_av,pass,-0.2568,7.0
full_ols_av,pass,-0.8561,3.0
full_ols_av,pass,0.8308,5.0
full_ols_av,pass,-0.6431,3.0
full_ols_av,pass,-1.8775,5.0
full_ols_av,pass,-0.7832,3.0
full_ols_av,pass,-2.1094,2.0
full_ols_av,pass,-0.8487,4.0
full_ols_av,pass,-2.2812,4.0
full_ols_av,pass,-0.1544,0.0
full_ols_av,pass,-1.0049,0.0
full_ols_av,pass,-0.6055,6.0
full_ols_av,pass,-4.3257,5.0
full_ols_av,pass,-1.1105,3.0
full_ols_av,pass,0.8663,6.0
full_ols_av,pass,0.275,0.0
full_ols_av,pass,-0.1866,3.0
full_ols_av,pass,-1.8134,6.0
full_ols_av,pass,-0.2867,3.0
full_ols_av,pass,-1.1466,0.0
full_ols_av,pass,0.955,6.0
full_ols_av,pass,-0.0177,0.0
full_ols_av,pass,0.1567,0.0
full_ols_av,pass,-0.4234,8.0
full_ols_av,pass,-1.014,5.0
full_ols_av,pass,-2.1223,0.0
full_ols_av,pass,-1.5982,3.0
full_ols_av,pass,1.2148,8.0
full_ols_av,pass,-1.4928,0.0
full_ols_av,pass,-0.2658,7.0
full_ols_av,pass,-0.5065,8.0
full_ols_av,pass,1.5747,8.0
full_ols_av,pass,-0.108,4.0
full_ols_av,pass,-2.0673,3.0
full_ols_av,pass,2.5614,4.0
full_ols_av,pass,-1.2341,0.0
full_ols_av,pass,-0.2105,7.0
full_ols_av,pass,0.0045,4.0
full_ols_av,pass,0.3395,0.0
full_ols_av,pass,-0.6044,4.0
full_ols_av,pass,0.8273,0.0
full_ols_av,pass,-1.2508,0.0
full_ols_av,pass,0.1658,4.0
full_ols_av,pass,-0.2303,6.0
full_ols_av,pass,-1.6602,4.0
full_ols_av,pass,1.0422,0.0
full_ols_av,pass,-1.0395,5.0
full_ols_av,pass,-1.4236,2.0
full_ols_av,pass,-1.9922,1.0
full_ols_av,pass,0.2727,4.0
full_ols_av,pass,-1.4678,0.0
full_ols_av,pass,-0.3808,0.0
full_ols_av,pass,-1.4418,6.0
full_ols_av,pass,0.3536,0.0
full_ols_av,pass,-0.5057,1.0
full_ols_av,pass,-0.3352,3.0
full_ols_av,pass,-0.2254,5.0
full_ols_av,pass,0.0138,0.0
full_ols_av,pass,-0.0384,7.0
full_ols_av,pass,0.1391,3.0
full_ols_av,pass,0.8002,0.0
full_ols_av,pass,0.4897,5.0
full_ols_av,pass,-0.8336,0.0
full_ols_av,pass,-1.9395,4.0
full_ols_av,pass,-0.0742,0.0
full_ols_av,pass,-0.1108,0.0
full_ols_av,pass,-0.9653,0.0
full_ols_av,pass,0.1441,0.0
full_ols_av,pass,-0.5251,3.0
full_ols_av,pass,1.9657,5.0
full_ols_av,pass,-2.1969,2.0
full_ols_av,pass,1.0445,8.0
full_ols_av,pass,-1.3039,2.0
full_ols_av,pass,1.3724,6.0
full_ols_av,pass,0.7559,7.0
full_ols_av,pass,0.3419,7.0
full_ols_av,pass,-0.6893,1.0
full_ols_av,pass,-0.318,3.0
full_ols_av,pass,-0.4118,0.0
full_ols_av,pass,-3.5384,4.0
full_ols_av,pass,1.7034,6.0
full_ols_av,pass,-0.8892,0.0
full_ols_av,pass,0.7038,0.0
full_ols_av,pass,-1.9837,3.0
full_ols_av,pass,1.082,0.0
full_ols_av,pass,-0.3912,4.0
full_ols_av,pass,-0.9972,3.0
full_ols_av,pass,0.701,8.0
full_ols_av,pass,-0.8076,5.0
full_ols_av,pass,1.1099,5.0
full_ols_av,pass,-2.0044,7.0
full_ols_av,pass,-0.6892,8.0
full_ols_av,pass,0.2094,0.0
full_ols_av,pass,-1.6865,2.0
full_ols_av,pass,1.6976,8.0
full_ols_av,pass,-0.2446,7.0
full_ols_av,pass,-0.6945,3.0
full_ols_av,pass,-0.3924,2.0
full_ols_av,pass,0.0448,4.0
full_ols_av,pass,-0.2004,9.0
full_ols_av,pass,-0.7679,3.0
full_ols_av,pass,-0.4942,2.0
full_ols_av,pass,-0.0898,0.0
full_ols_av,pass,-0.5817,7.0
full_ols_av,pass,0.1852,3.0
full_ols_av,pass,-1.1935,0.0
full_ols_av,pass,1.375,3.0
full_ols_av,pass,-2.1109,6.0
full_ols_av,pass,2.1324,6.0
full_ols_av,pass,-1.5589,4.0
full_ols_av,pass,0.412,3.0
full_ols_av,pass,-1.7827,2.0
full_ols_av,pass,-0.2975,0.0
full_ols_av,pass,-1.8769,3.0
full_ols_av,pass,-1.7467,0.0
full_ols_av,pass,1.439,8.0
full_ols_av,pass,-1.4767,3.0
full_ols_av,pass,-0.7248,0.0
full_ols_av,pass,-1.4151,3.0
full_ols_av,pass,0.6917,4.0
full_ols_av,pass,-2.2809,4.0
full_ols_av,pass,-2.1512,4.0
full_ols_av,pass,-0.0869,0.0
full_ols_av,pass,-0.2075,0.0
full_ols_av,pass,-0.5796,4.0
full_ols_av,pass,0.8248,0.0
full_ols_av,pass,2.0192,7.0
full_ols_av,pass,-2.2105,2.0
full_ols_av,pass,-1.0516,3.0
full_ols_av,pass,1.2903,8.0
full_ols_av,pass,-2.2476,2.0
full_ols_av,pass,0.9743,7.0
full_ols_av,pass,-0.0311,6.0
full_ols_av,pass,-0.1551,0.0
full_ols_av,pass,-1.7131,4.0
full_ols_av,pass,1.1758,6.0
full_ols_av,pass,1.2803,9.0
full_ols_av,pass,-0.4101,2.0
full_ols_av,pass,0.3505,0.0
full_ols_av,pass,-2.7208,3.0
full_ols_av,pass,-2.6292,4.0
full_ols_av,pass,-1.1661,4.0
full_ols_av,pass,-0.5983,4.0
full_ols_av,pass,-1.3499,5.0
full_ols_av,pass,-1.7891,4.0
full_ols_av,pass,-0.728,0.0
full_ols_av,pass,0.6033,0.0
full_ols_av,pass,-1.8315,3.0
full_ols_av,pass,0.6962,6.0
full_ols_av,pass,0.4529,7.0
full_ols_av,pass,2.1893,5.0
full_ols_av,pass,-1.2431,3.0
full_ols_av,pass,0.2239,3.0
full_ols_av,pass,1.0319,7.0
full_ols_av,pass,0.5284,0.0
full_ols_av,pass,-0.5965,4.0
full_ols_av,pass,-1.1737,0.0
full_ols_av,pass,1.4552,6.0
full_ols_av,pass,0.097,0.0
full_ols_av,pass,-0.1215,7.0
full_ols_av,pass,-3.0624,4.0
full_ols_av,pass,2.6762,7.0
full_ols_av,pass,0.6236,3.0
full_ols_av,pass,-0.2564,2.0
full_ols_av,pass,-1.2077,0.0
full_ols_av,pass,0.509,0.0
full_ols_av,pass,-1.1457,0.0
full_ols_av,pass,-1.2636,4.0
full_ols_av,pass,-0.0603,0.0
full_ols_av,pass,2.7397,9.0
full_ols_av,pass,-2.2467,3.0
full_ols_av,pass,-0.816,0.0
full_ols_av,pass,-1.0637,3.0
full_ols_av,pass,-0.4044,8.0
full_ols_av,pass,0.2062,0.0
full_ols_av,pass,-0.6572,0.0
full_ols_av,pass,-0.9398,0.0
full_ols_av,pass,0.3685,0.0
full_ols_av,pass,-0.2519,0.0
full_ols_av,pass,0.5302,0.0
full_ols_av,pass,-0.7803,8.0
full_ols_av,pass,0.4128,8.0
full_ols_av,pass,-0.4386,5.0
full_ols_av,pass,-0.0948,0.0
full_ols_av,pass,-2.0122,2.0
full_ols_av,pass,-1.1863,4.0
full_ols_av,pass,-0.1211,0.0
full_ols_av,pass,0.97,0.0
full_ols_av,pass,-0.3016,0.0
full_ols_av,pass,-2.0962,2.0
full_ols_av,pass,-0.1486,0.0
full_ols_av,pass,-1.7817,2.0
full_ols_av,pass,-1.585,3.0
full_ols_av,pass,-1.175,0.0
full_ols_av,pass,-1.2503,3.0
full_ols_av,pass,0.8959,8.0
full_ols_av,pass,2.6019,8.0
full_ols_av,pass,-1.0006,0.0
full_ols_av,pass,-0.2069,6.0
full_ols_av,pass,-1.7424,4.0
full_ols_av,pass,-1.3073,1.0
full_ols_av,pass,-0.6287,0.0
full_ols_av,pass,0.5737,3.0
full_ols_av,pass,-0.5762,6.0
full_ols_av,pass,-0.8216,5.0
full_ols_av,pass,-0.5282,2.0
full_ols_av,pass,-0.5783,4.0
full_ols_av,pass,1.4149,7.0
full_ols_av,pass,0.718,6.0
full_ols_av,pass,0.2358,3.0
full_ols_av,pass,-1.0587,5.0
full_ols_av,pass,-2.8451,5.0
full_ols_av,pass,-0.0363,0.0
full_ols_av,pass,-1.0383,4.0
full_ols_av,pass,0.3248,0.0
full_ols_av,pass,0.5276,0.0
full_ols_av,pass,0.0039,1.0
full_ols_av,pass,-0.7136,0.0
full_ols_av,pass,-0.3644,4.0
full_ols_av,pass,-0.0599,6.0
full_ols_av,pass,-1.3394,0.0
full_ols_av,pass,-1.7911,5.0
full_ols_av,pass,-1.4165,6.0
full_ols_av,pass,-0.1481,0.0
full_ols_av,pass,0.6763,4.0
full_ols_av,pass,-1.3253,5.0
full_ols_av,pass,-1.5548,2.0
full_ols_av,pass,-0.5789,6.0
full_ols_av,pass,-2.0609,0.0
full_ols_av,pass,-0.8928,2.0
full_ols_av,pass,-2.4075,3.0
full_ols_av,pass,2.6152,6.0
full_ols_av,pass,-0.134,4.0
full_ols_av,pass,0.4276,0.0
full_ols_av,pass,-0.3632,0.0
full_ols_av,pass,-0.1829,0.0
full_ols_av,pass,-1.1032,4.0
full_ols_av,pass,-2.0727,2.0
full_ols_av,pass,0.1925,0.0
full_ols_av,pass,-2.4715,2.0
full_ols_av,pass,-1.2263,4.0
full_ols_av,pass,-0.6723,0.0
full_ols_av,pass,0.3899,0.0
full_ols_av,pass,0.4767,0.0
full_ols_av,pass,-1.4334,4.0
full_ols_av,pass,-1.0192,0.0
full_ols_av,pass,-1.4444,0.0
full_ols_av,pass,1.1874,7.0
full_ols_av,pass,1.096,8.0
full_ols_av,pass,-0.6071,2.0
full_ols_av,pass,-2.1006,3.0
full_ols_av,pass,-0.0323,0.0
full_ols_av,pass,-0.2332,4.0
full_ols_av,pass,-0.112,4.0
full_ols_av,pass,-2.2853,4.0
full_ols_av,pass,-1.2904,2.0
full_ols_av,pass,0.7334,0.0
full_ols_av,pass,-0.833,2.0
full_ols_av,pass,-1.3316,2.0
full_ols_av,pass,-0.3918,3.0
full_ols_av,pass,0.806,9.0
full_ols_av,pass,0.455,3.0
full_ols_av,pass,-1.0123,6.0
full_ols_av,pass,1.5944,0.0
full_ols_av,pass,0.6718,0.0
full_ols_av,pass,0.1036,0.0
full_ols_av,pass,0.6398,0.0
full_ols_av,pass,-2.0987,5.0
full_ols_av,pass,0.0324,0.0
full_ols_av,pass,2.2017,7.0
full_ols_av,pass,-0.0564,4.0
full_ols_av,pass,-2.2223,4.0
full_ols_av,pass,-0.5632,4.0
full_ols_av,pass,2.4145,6.0
full_ols_av,pass,-0.0434,0.0
full_ols_av,pass,-2.136,4.0
full_ols_av,pass,-3.4054,1.0
full_ols_av,pass,0.4279,6.0
full_ols_av,pass,-0.3603,4.0
full_ols_av,pass,-2.1057,4.0
full_ols_av,pass,-1.208,5.0
full_ols_av,pass,-0.2546,3.0
full_ols_av,pass,-1.4145,5.0
full_ols_av,pass,-1.3585,0.0
full_ols_av,pass,-0.5299,6.0
full_ols_av,pass,-0.1524,0.0
full_ols_av,pass,-2.1702,4.0
full_ols_av,pass,-0.2977,0.0
full_ols_av,pass,1.3421,0.0
full_ols_av,pass,-0.8351,0.0
full_ols_av,pass,0.9665,5.0
full_ols_av,pass,-0.4409,3.0
full_ols_av,pass,-0.8392,5.0
full_ols_av,pass,-1.2901,9.0
full_ols_av,pass,1.3226,8.0
full_ols_av,pass,0.3605,0.0
full_ols_av,pass,-0.4116,7.0
full_ols_av,pass,0.526,7.0
full_ols_av,pass,-1.0698,8.0
full_ols_av,pass,2.2898,6.0
full_ols_av,pass,-2.4588,0.0
full_ols_av,pass,-3.0234,2.0
full_ols_av,pass,-1.2634,2.0
full_ols_av,pass,-0.2368,4.0
full_ols_av,pass,-1.7169,4.0
full_ols_av,pass,-1.0555,8.0
full_ols_av,pass,-1.2088,6.0
full_ols_av,pass,0.5794,4.0
full_ols_av,pass,1.1857,0.0
full_ols_av,pass,1.2802,2.0
full_ols_av,pass,1.2043,5.0
full_ols_av,pass,-0.1853,0.0
full_ols_av,pass,-1.7026,4.0
full_ols_av,pass,-0.3331,0.0
full_ols_av,pass,-3.0751,2.0
full_ols_av,pass,0.4559,5.0
full_ols_av,pass,-2.4284,4.0
full_ols_av,pass,-2.3138,4.0
full_ols_av,pass,-0.9915,5.0
full_ols_av,pass,0.0443,0.0
full_ols_av,pass,-3.254,2.0
full_ols_av,pass,-0.3719,6.0
full_ols_av,pass,-0.169,3.0
full_ols_av,pass,2.0113,3.0
full_ols_av,pass,-1.2317,7.0
full_ols_av,pass,0.1315,0.0
full_ols_av,pass,-1.149,0.0
full_ols_av,pass,0.2662,3.0
full_ols_av,pass,0.0195,0.0
full_ols_av,pass,-1.9451,0.0
full_ols_av,pass,0.3566,6.0
full_ols_av,pass,0.17,9.0
full_ols_av,pass,-0.0719,2.0
full_ols_av,pass,0.0615,0.0
full_ols_av,pass,0.6571,8.0
full_ols_av,pass,0.4175,3.0
full_ols_av,pass,-2.4539,0.0
full_ols_av,pass,-1.2664,4.0
full_ols_av,pass,-1.3517,0.0
full_ols_av,pass,-1.8757,0.0
full_ols_av,pass,1.4499,4.0
full_ols_av,pass,-0.1558,8.0
full_ols_av,pass,-3.3621,1.0
full_ols_av,pass,0.0375,2.0
full_ols_av,pass,1.1882,6.0
full_ols_av,pass,-1.344,5.0
full_ols_av,pass,-0.5685,4.0
full_ols_av,pass,-0.8206,0.0
full_ols_av,pass,-0.6437,0.0
full_ols_av,pass,-0.5712,0.0
full_ols_av,pass,-2.2036,4.0
full_ols_av,pass,-0.4884,0.0
full_ols_av,pass,0.4336,0.0
full_ols_av,pass,-0.8886,0.0
full_ols_av,pass,0.75,3.0
full_ols_av,pass,-0.5747,2.0
full_ols_av,pass,-1.5388,4.0
full_ols_av,pass,-0.8773,2.0
full_ols_av,pass,-2.5488,1.0
full_ols_av,pass,-1.9056,4.0
full_ols_av,pass,-0.8472,0.0
full_ols_av,pass,0.2744,0.0
full_ols_av,pass,2.5583,7.0
full_ols_av,pass,-0.6105,4.0
full_ols_av,pass,-0.3178,0.0
full_ols_av,pass,1.4659,3.0
full_ols_av,pass,-0.8946,0.0
full_ols_av,pass,0.3502,0.0
full_ols_av,pass,-1.4251,5.0
full_ols_av,pass,-0.806,1.0
full_ols_av,pass,-0.5687,4.0
full_ols_av,pass,-2.3382,4.0
full_ols_av,pass,-0.6687,1.0
full_ols_av,pass,-3.4387,2.0
full_ols_av,pass,2.0422,9.0
full_ols_av,pass,-1.3066,5.0
full_ols_av,pass,0.4469,6.0
full_ols_av,pass,-2.9245,4.0
full_ols_av,pass,-3.4569,3.0
full_ols_av,pass,-0.9223,3.0
full_ols_av,pass,-1.0371,3.0
full_ols_av,pass,1.0758,0.0
full_ols_av,pass,-1.6195,7.0
full_ols_av,pass,0.6821,0.0
full_ols_av,pass,2.3173,6.0
full_ols_av,pass,0.3041,2.0
full_ols_av,pass,-1.442,6.0
full_ols_av,pass,-1.3474,5.0
full_ols_av,pass,-0.3892,0.0
full_ols_av,pass,-0.8736,5.0
full_ols_av,pass,-2.0913,3.0
full_ols_av,pass,-0.7848,3.0
full_ols_av,pass,0.2138,4.0
full_ols_av,pass,-1.6855,4.0
full_ols_av,pass,-1.4682,4.0
full_ols_av,pass,1.2218,7.0
full_ols_av,pass,-0.3853,6.0
full_ols_av,pass,-0.7803,3.0
full_ols_av,pass,-0.3198,0.0
full_ols_av,pass,-0.6308,7.0
full_ols_av,pass,0.1503,0.0
full_ols_av,pass,-1.3,4.0
full_ols_av,pass,-0.6596,0.0
full_ols_av,pass,0.4653,2.0
full_ols_av,pass,1.4916,8.0
full_ols_av,pass,-0.4713,4.0
full_ols_av,pass,-1.7412,5.0
full_ols_av,pass,0.6043,2.0
full_ols_av,pass,-0.0401,2.0
full_ols_av,pass,0.3379,0.0
full_ols_av,pass,-2.3182,2.0
full_ols_av,pass,-2.509,4.0
full_ols_av,pass,0.2682,0.0
full_ols_av,pass,-1.6828,4.0
full_ols_av,pass,0.4277,0.0
full_ols_av,pass,-0.4754,0.0
full_ols_av,pass,0.0629,3.0
full_ols_av,pass,-2.581,3.0
full_ols_av,pass,-1.6418,3.0
full_ols_av,pass,-1.7536,5.0
full_ols_av,pass,-0.353,0.0
full_ols_av,pass,0.5649,8.0
full_ols_av,pass,0.1951,0.0
full_ols_av,pass,-0.3012,0.0
full_ols_av,pass,-2.37,2.0
full_ols_av,pass,-2.5394,5.0
full_ols_av,pass,0.2839,0.0
full_ols_av,pass,1.1885,0.0
full_ols_av,pass,0.9181,8.0
full_ols_av,pass,-1.3026,2.0
full_ols_av,pass,-1.5095,2.0
full_ols_av,pass,-0.4566,0.0
full_ols_av,pass,-2.3642,2.0
full_ols_av,pass,1.9266,8.0
full_ols_av,pass,-0.334,5.0
full_ols_av,pass,-0.0527,0.0
full_ols_av,pass,-0.7224,3.0
full_ols_av,pass,-0.8627,0.0
full_ols_av,pass,0.2842,3.0
full_ols_av,pass,2.4436,9.0
full_ols_av,pass,-1.5904,10.0
full_ols_av,pass,0.8263,0.0
full_ols_av,pass,0.1493,3.0
full_ols_av,pass,-1.6298,4.0
full_ols_av,pass,0.693,7.0
full_ols_av,pass,-0.572,0.0
full_ols_av,pass,0.4787,10.0
full_ols_av,pass,-0.2858,3.0
full_ols_av,pass,0.4537,0.0
full_ols_av,pass,-2.8256,4.0
full_ols_av,pass,-2.0566,2.0
full_ols_av,pass,-1.5164,1.0
full_ols_av,pass,-1.9047,4.0
full_ols_av,pass,-1.5132,1.0
full_ols_av,pass,0.1665,0.0
full_ols_av,pass,-0.8508,3.0
full_ols_av,pass,-1.1823,3.0
full_ols_av,pass,0.5111,0.0
full_ols_av,pass,0.8351,0.0
full_ols_av,pass,0.775,7.0
full_ols_av,pass,-0.7998,3.0
full_ols_av,pass,-2.0348,0.0
full_ols_av,pass,0.3119,8.0
full_ols_av,pass,0.272,0.0
full_ols_av,pass,1.5944,8.0
full_ols_av,pass,1.0062,0.0
full_ols_av,pass,-0.3715,5.0
full_ols_av,pass,-1.3141,7.0
full_ols_av,pass,1.4775,3.0
full_ols_av,pass,-1.2355,2.0
full_ols_av,pass,2.1509,7.0
full_ols_av,pass,-0.623,0.0
full_ols_av,pass,-0.4925,0.0
full_ols_av,pass,-0.3038,0.0
full_ols_av,pass,-1.9799,1.0
full_ols_av,pass,-0.2067,0.0
full_ols_av,pass,-2.4998,3.0
full_ols_av,pass,-0.9859,6.0
full_ols_av,pass,0.2305,0.0
full_ols_av,pass,-3.4798,3.0
full_ols_av,pass,-1.4624,5.0
full_ols_av,pass,-0.5873,0.0
full_ols_av,pass,-1.025,7.0
full_ols_av,pass,0.8969,7.0
full_ols_av,pass,0.0672,0.0
full_ols_av,pass,1.3514,0.0
full_ols_av,pass,0.5539,0.0
full_ols_av,pass,-1.0221,0.0
full_ols_av,pass,-1.794,3.0
full_ols_av,pass,0.6684,5.0
full_ols_av,pass,0.5805,2.0
full_ols_av,pass,-1.9812,3.0
full_ols_av,pass,-0.2349,0.0
full_ols_av,pass,-1.2251,0.0
full_ols_av,pass,-1.0945,3.0
full_ols_av,pass,1.714,9.0
full_ols_av,pass,-1.2481,0.0
full_ols_av,pass,-0.048,2.0
full_ols_av,pass,-0.4665,4.0
full_ols_av,pass,1.1868,8.0
full_ols_av,pass,0.6482,0.0
full_ols_av,pass,-0.5075,2.0
full_ols_av,pass,-0.9508,5.0
full_ols_av,pass,2.8559,6.0
full_ols_av,pass,-0.3724,0.0
full_ols_av,pass,0.2915,2.0
full_ols_av,pass,-0.5056,3.0
full_ols_av,pass,0.4264,0.0
full_ols_av,pass,-3.029,4.0
full_ols_av,pass,-1.9557,4.0
full_ols_av,pass,0.182,5.0
full_ols_av,pass,1.7185,6.0
full_ols_av,pass,-2.6742,3.0
full_ols_av,pass,-2.4113,3.0
full_ols_av,pass,0.8227,5.0
full_ols_av,pass,-0.4804,3.0
full_ols_av,pass,-1.4888,1.0
full_ols_av,pass,-0.8853,1.0
full_ols_av,pass,2.3167,7.0
full_ols_av,pass,0.0319,6.0
full_ols_av,pass,-0.5204,0.0
full_ols_av,pass,-0.0695,0.0
full_ols_av,pass,1.2959,0.0
full_ols_av,pass,-0.3908,0.0
full_ols_av,pass,0.8878,9.0
full_ols_av,pass,-2.3285,3.0
full_ols_av,pass,-0.6128,6.0
full_ols_av,pass,-1.2456,4.0
full_ols_av,pass,-0.2016,0.0
full_ols_av,pass,0.5372,0.0
full_ols_av,pass,-1.5056,3.0
full_ols_av,pass,-1.1202,3.0
full_ols_av,pass,-1.1109,2.0
full_ols_av,pass,0.5429,3.0
full_ols_av,pass,-0.8305,2.0
full_ols_av,pass,-0.3898,0.0
full_ols_av,pass,0.8964,6.0
full_ols_av,pass,-1.883,5.0
full_ols_av,pass,-1.5823,5.0
full_ols_av,pass,-1.1654,0.0
full_ols_av,pass,-0.0413,0.0
full_ols_av,pass,-3.7126,2.0
full_ols_av,pass,-0.5147,0.0
full_ols_av,pass,1.4388,0.0
full_ols_av,pass,-0.9721,2.0
full_ols_av,pass,-0.2584,7.0
full_ols_av,pass,1.7993,9.0
full_ols_av,pass,0.5469,6.0
full_ols_av,pass,0.3395,5.0
full_ols_av,pass,-0.3145,1.0
full_ols_av,pass,-0.6609,7.0
full_ols_av,pass,-0.7492,0.0
full_ols_av,pass,0.2016,3.0
full_ols_av,pass,-0.7831,3.0
full_ols_av,pass,0.397,3.0
full_ols_av,pass,-1.728,3.0
full_ols_av,pass,-1.6826,3.0
full_ols_av,pass,0.0939,0.0
full_ols_av,pass,-0.193,4.0
full_ols_av,pass,-0.1429,4.0
full_ols_av,pass,-1.4404,3.0
full_ols_av,pass,-2.9533,2.0
full_ols_av,pass,0.3995,0.0
full_ols_av,pass,-3.2414,3.0
full_ols_av,pass,-1.1519,4.0
full_ols_av,pass,0.7922,0.0
full_ols_av,pass,-1.6674,3.0
full_ols_av,pass,-0.1229,0.0
full_ols_av,pass,0.2086,4.0
full_ols_av,pass,-1.0453,7.0
full_ols_av,pass,1.2818,1.0
full_ols_av,pass,0.45,0.0
full_ols_av,pass,-1.748,4.0
full_ols_av,pass,-2.1384,3.0
full_ols_av,pass,-1.799,4.0
full_ols_av,pass,0.9474,2.0
full_ols_av,pass,-0.7071,0.0
full_ols_av,pass,-1.0126,7.0
full_ols_av,pass,2.4279,8.0
full_ols_av,pass,-0.6607,7.0
full_ols_av,pass,-1.4498,2.0
full_ols_av,pass,-0.584,3.0
full_ols_av,pass,-0.0657,0.0
full_ols_av,pass,-0.283,0.0
full_ols_av,pass,2.0532,6.0
full_ols_av,pass,-0.6826,6.0
full_ols_av,pass,0.0997,0.0
full_ols_av,pass,-0.0437,5.0
full_ols_av,pass,0.8287,5.0
full_ols_av,pass,-2.169,2.0
full_ols_av,pass,-0.3785,4.0
full_ols_av,pass,0.9306,0.0
full_ols_av,pass,-0.2152,0.0
full_ols_av,pass,2.7355,9.0
full_ols_av,pass,1.6874,6.0
full_ols_av,pass,-0.035,9.0
full_ols_av,pass,-2.3557,5.0
full_ols_av,pass,-0.2722,5.0
full_ols_av,pass,-1.282,2.0
full_ols_av,pass,-2.7067,1.0
full_ols_av,pass,1.6443,6.0
full_ols_av,pass,0.5646,0.0
full_ols_av,pass,-2.1903,0.0
full_ols_av,pass,-0.7061,1.0
full_ols_av,pass,-0.2295,8.0
full_ols_av,pass,-0.9329,7.0
full_ols_av,pass,0.4395,0.0
full_ols_av,pass,0.6506,0.0
full_ols_av,pass,0.0734,0.0
full_ols_av,pass,0.1354,5.0
full_ols_av,pass,0.6962,10.0
full_ols_av,pass,-0.3418,3.0
full_ols_av,pass,-2.8808,2.0
full_ols_av,pass,0.0573,6.0
full_ols_av,pass,2.3326,8.0
full_ols_av,pass,-0.0369,4.0
full_ols_av,pass,1.9917,8.0
full_ols_av,pass,-0.7029,5.0
full_ols_av,pass,-0.9851,0.0
full_ols_av,pass,-1.7582,0.0
full_ols_av,pass,-1.2717,2.0
full_ols_av,pass,-1.6542,5.0
full_ols_av,pass,-0.6694,0.0
full_ols_av,pass,-1.7862,3.0
full_ols_av,pass,-0.0229,5.0
full_ols_av,pass,0.6925,5.0
full_ols_av,pass,1.2546,5.0
full_ols_av,pass,0.1013,0.0
full_ols_av,pass,-0.5598,2.0
full_ols_av,pass,-2.6518,1.0
full_ols_av,pass,0.397,0.0
full_ols_av,pass,-1.7913,2.0
full_ols_av,pass,-1.2642,4.0
full_ols_av,pass,0.6726,0.0
full_ols_av,pass,-0.9138,9.0
full_ols_av,pass,1.4334,5.0
full_ols_av,pass,0.5815,0.0
full_ols_av,pass,-0.3665,0.0
full_ols_av,pass,-1.6129,4.0
full_ols_av,pass,-0.5853,0.0
full_ols_av,pass,-1.6542,6.0
full_ols_av,pass,-1.2091,4.0
full_ols_av,pass,0.3373,0.0
full_ols_av,pass,-1.9149,2.0
full_ols_av,pass,-1.1907,2.0
full_ols_av,pass,-1.0215,4.0
full_ols_av,pass,0.3234,0.0
full_ols_av,pass,1.1786,2.0
full_ols_av,pass,-0.5087,4.0
full_ols_av,pass,0.1304,2.0
full_ols_av,pass,-2.3383,3.0
full_ols_av,pass,-0.6877,5.0
full_ols_av,pass,0.5066,0.0
full_ols_av,pass,-1.1514,4.0
full_ols_av,pass,-2.2233,5.0
full_ols_av,pass,0.9983,7.0
full_ols_av,pass,-0.1432,3.0
full_ols_av,pass,1.1208,5.0
full_ols_av,pass,-0.4164,1.0
full_ols_av,pass,-0.5651,6.0
full_ols_av,pass,-1.2938,3.0
full_ols_av,pass,0.6471,0.0
full_ols_av,pass,0.814,6.0
full_ols_av,pass,0.4756,10.0
full_ols_av,pass,1.7565,6.0
full_ols_av,pass,-0.3161,0.0
full_ols_av,pass,-2.965,1.0
full_ols_av,pass,0.1082,8.0
full_ols_av,pass,0.7677,0.0
full_ols_av,pass,1.3207,7.0
full_ols_av,pass,-0.1938,3.0
full_ols_av,pass,0.6984,4.0
full_ols_av,pass,0.7488,0.0
full_ols_av,pass,0.9802,0.0
full_ols_av,pass,2.3627,8.0
full_ols_av,pass,-0.1683,2.0
full_ols_av,pass,2.6366,6.0
full_ols_av,pass,-0.0825,0.0
full_ols_av,pass,-0.4389,4.0
full_ols_av,pass,-1.2675,4.0
full_ols_av,pass,1.6792,7.0
full_ols_av,pass,-0.3591,0.0
full_ols_av,pass,-0.1603,6.0
full_ols_av,pass,-0.8108,0.0
full_ols_av,pass,0.2263,5.0
full_ols_av,pass,-3.4839,4.0
full_ols_av,pass,2.6724,6.0
full_ols_av,pass,-0.2676,3.0
full_ols_av,pass,-0.4914,0.0
full_ols_av,pass,-0.1567,5.0
full_ols_av,pass,0.2464,0.0
full_ols_av,pass,-0.8841,3.0
full_ols_av,pass,1.1468,6.0
full_ols_av,pass,0.8084,0.0
full_ols_av,pass,-1.8972,2.0
full_ols_av,pass,2.457,7.0
full_ols_av,pass,-0.2482,4.0
full_ols_av,pass,0.5117,0.0
full_ols_av,pass,-1.2693,3.0
full_ols_av,pass,-0.405,3.0
full_ols_av,pass,-2.7147,1.0
full_ols_av,pass,-1.1984,2.0
full_ols_av,pass,-0.2809,0.0
full_ols_av,pass,1.5757,9.0
full_ols_av,pass,1.1782,7.0
full_ols_av,pass,0.4349,8.0
full_ols_av,pass,1.9568,8.0
full_ols_av,pass,0.8632,7.0
full_ols_av,pass,-0.9392,0.0
full_ols_av,pass,-0.3625,5.0
full_ols_av,pass,-0.0725,5.0
full_ols_av,pass,-1.4423,5.0
full_ols_av,pass,-3.2504,4.0
full_ols_av,pass,-1.079,5.0
full_ols_av,pass,0.0257,7.0
full_ols_av,pass,0.8496,8.0
full_ols_av,pass,2.3156,9.0
full_ols_av,pass,-2.4027,3.0
full_ols_av,pass,-0.4529,2.0
full_ols_av,pass,-2.028,5.0
full_ols_av,pass,-0.2085,2.0
full_ols_av,pass,1.3386,5.0
full_ols_av,pass,-1.5005,5.0
full_ols_av,pass,-0.1199,0.0
full_ols_av,pass,-1.9058,2.0
full_ols_av,pass,-0.9123,5.0
full_ols_av,pass,-0.2679,0.0
full_ols_av,pass,1.6191,8.0
full_ols_av,pass,2.2398,4.0
full_ols_av,pass,-0.3886,7.0
full_ols_av,pass,1.0697,0.0
full_ols_av,pass,-0.2185,9.0
full_ols_av,pass,-0.2681,0.0
full_ols_av,pass,-0.8973,1.0
full_ols_av,pass,0.9164,7.0
full_ols_av,pass,-0.4518,0.0
full_ols_av,pass,-1.1879,2.0
full_ols_av,pass,0.1088,10.0
full_ols_av,pass,-3.0031,3.0
full_ols_av,pass,-1.3113,3.0
full_ols_av,pass,0.31,0.0
full_ols_av,pass,-2.2856,4.0
full_ols_av,pass,1.4085,0.0
full_ols_av,pass,-1.8495,3.0
full_ols_av,pass,-1.7158,3.0
full_ols_av,pass,0.639,8.0
full_ols_av,pass,-1.1393,0.0
full_ols_av,pass,-0.7008,2.0
full_ols_av,pass,1.2523,7.0
full_ols_av,pass,-0.9586,4.0
full_ols_av,pass,-1.0762,0.0
full_ols_av,pass,0.7869,6.0
full_ols_av,pass,-1.3954,5.0
full_ols_av,pass,-0.624,0.0
full_ols_av,pass,-4.1942,2.0
full_ols_av,pass,0.3341,2.0
full_ols_av,pass,-2.084,5.0
full_ols_av,pass,-0.1987,5.0
full_ols_av,pass,-3.5851,4.0
full_ols_av,pass,-0.3413,2.0
full_ols_av,pass,0.7654,8.0
full_ols_av,pass,-0.3016,5.0
full_ols_av,pass,-1.2369,6.0
full_ols_av,pass,-1.0083,4.0
full_ols_av,pass,-2.4609,3.0
full_ols_av,pass,-1.0767,4.0
full_ols_av,pass,-0.1071,0.0
full_ols_av,pass,-2.3682,3.0
full_ols_av,pass,-0.1977,7.0
full_ols_av,pass,2.4113,7.0
full_ols_av,pass,-0.2385,0.0
full_ols_av,pass,-0.2673,3.0
full_ols_av,pass,-0.9249,0.0
full_ols_av,pass,-1.6879,6.0
full_ols_av,pass,-1.7403,2.0
full_ols_av,pass,-1.6197,3.0
full_ols_av,pass,-0.6836,5.0
full_ols_av,pass,1.0093,1.0
full_ols_av,pass,-1.7631,3.0
full_ols_av,pass,-0.4243,4.0
full_ols_av,pass,0.6296,7.0
full_ols_av,pass,1.1957,7.0
full_ols_av,pass,-0.9547,2.0
full_ols_av,pass,-0.5761,2.0
full_ols_av,pass,-1.0809,0.0
full_ols_av,pass,0.5897,5.0
full_ols_av,pass,-0.2942,0.0
full_ols_av,pass,0.4955,7.0
full_ols_av,pass,-0.5874,3.0
full_ols_av,pass,-1.6489,3.0
full_ols_av,pass,-0.8804,3.0
full_ols_av,pass,-1.0269,1.0
full_ols_av,pass,1.0275,9.0
full_ols_av,pass,-1.4204,4.0
full_ols_av,pass,-0.3087,0.0
full_ols_av,pass,-2.0704,4.0
full_ols_av,pass,0.0095,0.0
full_ols_av,pass,-0.8105,0.0
full_ols_av,pass,1.4123,0.0
full_ols_av,pass,-2.6336,2.0
full_ols_av,pass,0.2086,3.0
full_ols_av,pass,0.3042,0.0
full_ols_av,pass,-0.8913,6.0
full_ols_av,pass,-1.4365,4.0
full_ols_av,pass,-0.2812,0.0
full_ols_av,pass,0.1427,4.0
full_ols_av,pass,-0.7627,6.0
full_ols_av,pass,-3.0643,2.0
full_ols_av,pass,-0.53,8.0
full_ols_av,pass,0.1341,6.0
full_ols_av,pass,0.2203,0.0
full_ols_av,pass,-0.9634,0.0
full_ols_av,pass,-2.6306,2.0
full_ols_av,pass,-0.4698,1.0
full_ols_av,pass,-0.9695,4.0
full_ols_av,pass,-1.9323,2.0
full_ols_av,pass,1.6834,8.0
full_ols_av,pass,2.0246,5.0
full_ols_av,pass,-1.672,3.0
full_ols_av,pass,-1.6708,5.0
full_ols_av,pass,-0.6298,2.0
full_ols_av,pass,-0.3208,3.0
full_ols_av,pass,1.4426,7.0
full_ols_av,pass,-0.8032,8.0
full_ols_av,pass,-0.6196,7.0
full_ols_av,pass,2.63,7.0
full_ols_av,pass,-1.0508,0.0
full_ols_av,pass,-0.4382,4.0
full_ols_av,pass,-0.7152,0.0
full_ols_av,pass,-2.2252,5.0
full_ols_av,pass,0.1398,6.0
full_ols_av,pass,-0.8064,4.0
full_ols_av,pass,-0.0014,0.0
full_ols_av,pass,-0.1451,6.0
full_ols_av,pass,-0.2685,0.0
full_ols_av,pass,0.8908,8.0
full_ols_av,pass,-1.3388,3.0
full_ols_av,pass,-0.7962,4.0
full_ols_av,pass,-0.1715,2.0
full_ols_av,pass,0.0206,3.0
full_ols_av,pass,1.9722,7.0
full_ols_av,pass,0.4222,0.0
full_ols_av,pass,-2.7419,2.0
full_ols_av,pass,-1.0972,0.0
full_ols_av,pass,2.0083,7.0
full_ols_av,pass,-0.452,0.0
full_ols_av,pass,-3.3301,1.0
full_ols_av,pass,-1.1101,0.0
full_ols_av,pass,0.6149,2.0
full_ols_av,pass,-1.1997,5.0
full_ols_av,pass,0.039,0.0
full_ols_av,pass,-1.5349,4.0
full_ols_av,pass,-0.1148,3.0
full_ols_av,pass,0.1088,6.0
full_ols_av,pass,-2.4139,3.0
full_ols_av,pass,1.6186,6.0
full_ols_av,pass,-1.1976,1.0
full_ols_av,pass,-1.1537,3.0
full_ols_av,pass,-0.2766,3.0
full_ols_av,pass,0.4943,5.0
full_ols_av,pass,-1.0124,6.0
full_ols_av,pass,0.6547,6.0
full_ols_av,pass,-0.4399,6.0
full_ols_av,pass,-2.2388,1.0
full_ols_av,pass,0.3715,0.0
full_ols_av,pass,-0.1068,4.0
full_ols_av,pass,1.3345,8.0
full_ols_av,pass,0.8848,3.0
full_ols_av,pass,1.4049,6.0
full_ols_av,pass,-1.9567,2.0
full_ols_av,pass,-0.1999,0.0
full_ols_av,pass,-0.0849,0.0
full_ols_av,pass,0.0429,0.0
full_ols_av,pass,0.184,0.0
full_ols_av,pass,-0.3318,0.0
full_ols_av,pass,-0.9276,7.0
full_ols_av,pass,-2.1673,4.0
full_ols_av,pass,-0.8822,3.0
full_ols_av,pass,-0.6652,0.0
full_ols_av,pass,0.8509,7.0
full_ols_av,pass,-0.6983,0.0
full_ols_av,pass,-4.0544,1.0
full_ols_av,pass,1.9073,7.0
full_ols_av,pass,-1.7423,2.0
full_ols_av,pass,0.4015,7.0
full_ols_av,pass,0.3243,0.0
full_ols_av,pass,0.7241,0.0
full_ols_av,pass,1.7446,7.0
full_ols_av,pass,-0.8011,0.0
full_ols_av,pass,1.9157,7.0
full_ols_av,pass,0.7052,4.0
full_ols_av,pass,1.162,5.0
full_ols_av,pass,-0.5022,2.0
full_ols_av,pass,-0.2773,7.0
full_ols_av,pass,-0.5987,5.0
full_ols_av,pass,-2.4843,2.0
full_ols_av,pass,0.6381,1.0
full_ols_av,pass,0.5127,5.0
full_ols_av,pass,0.5412,5.0
full_ols_av,pass,-1.4096,4.0
full_ols_av,pass,-0.5387,0.0
full_ols_av,pass,2.8195,7.0
full_ols_av,pass,-0.8147,2.0
full_ols_av,pass,-0.5782,0.0
full_ols_av,pass,-0.9634,6.0
full_ols_av,pass,-0.9421,4.0
full_ols_av,pass,0.7302,3.0
full_ols_av,pass,-1.6541,7.0
full_ols_av,pass,0.7079,0.0
full_ols_av,pass,-0.6216,4.0
full_ols_av,pass,0.0897,3.0
full_ols_av,pass,0.4554,0.0
full_ols_av,pass,0.1604,7.0
full_ols_av,pass,-1.6986,3.0
full_ols_av,pass,1.5917,6.0
full_ols_av,pass,-1.9399,3.0
full_ols_av,pass,-0.138,0.0
full_ols_av,pass,-1.5678,1.0
full_ols_av,pass,0.2917,0.0
full_ols_av,pass,0.1595,0.0
full_ols_av,pass,-2.0396,1.0
full_ols_av,pass,-2.4135,4.0
full_ols_av,pass,-0.3755,7.0
full_ols_av,pass,-0.4264,0.0
full_ols_av,pass,-0.0029,7.0
full_ols_av,pass,2.9303,7.0
full_ols_av,pass,-0.6497,0.0
full_ols_av,pass,-0.6374,4.0
full_ols_av,pass,-0.3072,4.0
full_ols_av,pass,1.8752,0.0
full_ols_av,pass,0.521,0.0
full_ols_av,pass,-0.2451,7.0
full_ols_av,pass,-0.6899,0.0
full_ols_av,pass,-0.659,0.0
full_ols_av,pass,0.893,2.0
full_ols_av,pass,-2.9336,1.0
full_ols_av,pass,-1.2012,0.0
full_ols_av,pass,-0.6464,9.0
full_ols_av,pass,-0.6861,0.0
full_ols_av,pass,-0.1045,0.0
full_ols_av,pass,0.2978,4.0
full_ols_av,pass,0.9814,0.0
full_ols_av,pass,1.3368,0.0
full_ols_av,pass,-1.4296,3.0
full_ols_av,pass,-0.4818,5.0
full_ols_av,pass,-0.5152,4.0
full_ols_av,pass,-3.4645,1.0
full_ols_av,pass,1.4158,8.0
full_ols_av,pass,1.8842,6.0
full_ols_av,pass,-0.5799,3.0
full_ols_av,pass,1.2764,7.0
full_ols_av,pass,-1.1988,0.0
full_ols_av,pass,0.3033,0.0
full_ols_av,pass,-3.9691,4.0
full_ols_av,pass,0.2585,3.0
full_ols_av,pass,-1.7606,3.0
full_ols_av,pass,1.5616,7.0
full_ols_av,pass,-0.8661,2.0
full_ols_av,pass,-1.3906,2.0
full_ols_av,pass,-0.377,0.0
full_ols_av,pass,-0.7371,0.0
full_ols_av,pass,-1.1622,6.0
full_ols_av,pass,-1.936,4.0
full_ols_av,pass,-0.4166,0.0
full_ols_av,pass,0.189,2.0
full_ols_av,pass,-1.1218,9.0
full_ols_av,pass,-1.9045,1.0
full_ols_av,pass,1.2014,7.0
full_ols_av,pass,-0.8208,0.0
full_ols_av,pass,0.0411,5.0
full_ols_av,pass,-0.972,5.0
full_ols_av,pass,-1.3916,4.0
full_ols_av,pass,-2.2173,4.0
full_ols_av,pass,-0.8673,0.0
full_ols_av,pass,0.7172,0.0
full_ols_av,pass,-0.1598,6.0
full_ols_av,pass,0.7742,7.0
full_ols_av,pass,-0.5602,1.0
full_ols_av,pass,-0.234,0.0
full_ols_av,pass,0.8044,8.0
full_ols_av,pass,-0.4889,0.0
full_ols_av,pass,-1.0701,8.0
full_ols_av,pass,-0.5168,0.0
full_ols_av,pass,-0.3605,4.0
full_ols_av,pass,2.4183,6.0
full_ols_av,pass,1.2983,5.0
full_ols_av,pass,-1.6133,4.0
full_ols_av,pass,-0.4804,1.0
full_ols_av,pass,-1.3646,4.0
full_ols_av,pass,1.6024,7.0
full_ols_av,pass,-0.1596,4.0
full_ols_av,pass,0.1037,0.0
full_ols_av,pass,-1.6501,5.0
full_ols_av,pass,-0.8425,6.0
full_ols_av,pass,-0.4774,0.0
full_ols_av,pass,1.2983,0.0
full_ols_av,pass,-1.8039,5.0
full_ols_av,pass,-1.9838,3.0
full_ols_av,pass,0.0753,6.0
full_ols_av,pass,-0.6432,4.0
full_ols_av,pass,-1.4496,6.0
full_ols_av,pass,-1.1708,5.0
full_ols_av,pass,2.2745,4.0
full_ols_av,pass,-1.398,3.0
full_ols_av,pass,-0.0664,5.0
full_ols_av,pass,0.845,4.0
full_ols_av,pass,-0.0008,5.0
full_ols_av,pass,-0.1207,0.0
full_ols_av,pass,-0.1133,8.0
full_ols_av,pass,-0.2269,2.0
full_ols_av,pass,-1.9323,4.0
full_ols_av,pass,-0.344,5.0
full_ols_av,pass,-0.6715,6.0
full_ols_av,pass,1.4215,7.0
full_ols_av,pass,-2.5438,5.0
full_ols_av,pass,0.5541,5.0
full_ols_av,pass,0.8745,4.0
full_ols_av,pass,1.1051,7.0
full_ols_av,pass,-0.1724,5.0
full_ols_av,pass,0.4427,4.0
full_ols_av,pass,1.1728,9.0
full_ols_av,pass,-0.6988,3.0
full_ols_av,pass,-0.191,3.0
full_ols_av,pass,-0.9134,5.0
full_ols_av,pass,-0.7814,2.0
full_ols_av,pass,-2.2449,4.0
full_ols_av,pass,1.7925,5.0
full_ols_av,pass,0.18,0.0
full_ols_av,pass,-1.789,2.0
full_ols_av,pass,0.3564,0.0
full_ols_av,pass,-0.752,4.0
full_ols_av,pass,-1.066,0.0
full_ols_av,pass,0.6704,0.0
full_ols_av,pass,-0.376,4.0
full_ols_av,pass,-2.3652,1.0
full_ols_av,pass,0.2106,0.0
full_ols_av,pass,-0.788,3.0
full_ols_av,pass,-0.328,10.0
full_ols_av,pass,-0.5181,4.0
full_ols_av,pass,-0.5698,0.0
full_ols_av,pass,0.2023,9.0
full_ols_av,pass,-1.5485,5.0
full_ols_av,pass,-2.0546,2.0
full_ols_av,pass,-0.1027,4.0
full_ols_av,pass,-0.0496,6.0
full_ols_av,pass,-0.2982,2.0
full_ols_av,pass,-0.1588,5.0
full_ols_av,pass,0.597,2.0
full_ols_av,pass,-1.6961,7.0
full_ols_av,pass,-0.3288,0.0
full_ols_av,pass,0.8315,0.0
full_ols_av,pass,0.1358,0.0
full_ols_av,pass,-1.1597,3.0
full_ols_av,pass,-2.2779,0.0
full_ols_av,pass,-1.7367,1.0
full_ols_av,pass,1.6717,8.0
full_ols_av,pass,0.2605,0.0
full_ols_av,pass,-2.0781,4.0
full_ols_av,pass,0.5978,0.0
full_ols_av,pass,-2.0492,1.0
full_ols_av,pass,-1.597,0.0
full_ols_av,pass,-1.8846,4.0
full_ols_av,pass,1.1073,7.0
full_ols_av,pass,-0.543,4.0
full_ols_av,pass,-0.6955,4.0
full_ols_av,pass,-0.9129,3.0
full_ols_av,pass,0.3944,0.0
full_ols_av,pass,-1.7267,4.0
full_ols_av,pass,-1.0174,3.0
full_ols_av,pass,-0.16,5.0
full_ols_av,pass,0.1431,0.0
full_ols_av,pass,0.4864,0.0
full_ols_av,pass,-1.6237,3.0
full_ols_av,pass,-0.0376,3.0
full_ols_av,pass,0.0479,6.0
full_ols_av,pass,-1.7248,4.0
full_ols_av,pass,-1.3531,2.0
full_ols_av,pass,-1.8201,4.0
full_ols_av,pass,1.9392,7.0
full_ols_av,pass,0.5202,3.0
full_ols_av,pass,-0.5011,0.0
full_ols_av,pass,-2.4769,4.0
full_ols_av,pass,0.3041,0.0
full_ols_av,pass,-0.6032,0.0
full_ols_av,pass,-1.6898,4.0
full_ols_av,pass,-0.5002,2.0
full_ols_av,pass,0.8185,0.0
full_ols_av,pass,-0.8534,0.0
full_ols_av,pass,-1.0791,3.0
full_ols_av,pass,-1.9503,4.0
full_ols_av,pass,-1.9762,2.0
full_ols_av,pass,-0.4155,0.0
full_ols_av,pass,-1.0753,2.0
full_ols_av,pass,-0.1726,0.0
full_ols_av,pass,-1.0015,5.0
full_ols_av,pass,-2.4257,3.0
full_ols_av,pass,0.9015,5.0
full_ols_av,pass,0.4279,0.0
full_ols_av,pass,-0.4994,0.0
full_ols_av,pass,-0.8587,4.0
full_ols_av,pass,0.8074,7.0
full_ols_av,pass,-2.0987,2.0
full_ols_av,pass,-1.2048,0.0
full_ols_av,pass,-0.8454,0.0
full_ols_av,pass,-0.2391,5.0
full_ols_av,pass,1.2389,7.0
full_ols_av,pass,0.0869,0.0
full_ols_av,pass,1.4531,8.0
full_ols_av,pass,-1.9923,4.0
full_ols_av,pass,-0.913,3.0
full_ols_av,pass,-0.4848,0.0
full_ols_av,pass,-0.4808,4.0
full_ols_av,pass,-1.0887,3.0
full_ols_av,pass,-1.1719,0.0
full_ols_av,pass,1.2625,8.0
full_ols_av,pass,0.1587,4.0
full_ols_av,pass,0.3184,6.0
full_ols_av,pass,1.2246,4.0
full_ols_av,pass,-1.6797,5.0
full_ols_av,pass,-1.1292,4.0
full_ols_av,pass,0.6997,5.0
full_ols_av,pass,-0.5728,3.0
full_ols_av,pass,-0.5293,0.0
full_ols_av,pass,0.3076,0.0
full_ols_av,pass,-0.7604,0.0
full_ols_av,pass,-0.1163,5.0
full_ols_av,pass,-0.258,6.0
full_ols_av,pass,-0.9389,0.0
full_ols_av,pass,-2.3394,3.0
full_ols_av,pass,-0.6155,3.0
full_ols_av,pass,-0.3673,4.0
full_ols_av,pass,0.067,0.0
full_ols_av,pass,-1.6677,0.0
full_ols_av,pass,0.6901,0.0
full_ols_av,pass,0.3409,0.0
full_ols_av,pass,1.2195,7.0
full_ols_av,pass,-2.134,5.0
full_ols_av,pass,-0.04,0.0
full_ols_av,pass,-2.2088,4.0
full_ols_av,pass,-1.7839,2.0
full_ols_av,pass,-0.641,5.0
full_ols_av,pass,-0.1846,3.0
full_ols_av,pass,-0.8963,5.0
full_ols_av,pass,2.9572,7.0
full_ols_av,pass,-0.0217,6.0
full_ols_av,pass,-0.2726,6.0
full_ols_av,pass,-0.3842,0.0
full_ols_av,pass,-0.4603,0.0
full_ols_av,pass,-0.3103,4.0
full_ols_av,pass,-0.6818,4.0
full_ols_av,pass,-2.4499,4.0
full_ols_av,pass,-0.1642,8.0
full_ols_av,pass,-0.4509,8.0
full_ols_av,pass,-1.3129,0.0
full_ols_av,pass,0.6812,0.0
full_ols_av,pass,-2.5275,1.0
full_ols_av,pass,-1.1384,4.0
full_ols_av,pass,-1.1337,2.0
full_ols_av,pass,-0.6812,0.0
full_ols_av,pass,1.1621,5.0
full_ols_av,pass,0.5724,0.0
full_ols_av,pass,-2.983,5.0
full_ols_av,pass,0.7914,3.0
full_ols_av,pass,0.3568,0.0
full_ols_av,pass,0.0498,0.0
full_ols_av,pass,-0.5702,5.0
full_ols_av,pass,-0.7737,0.0
full_ols_av,pass,-0.2319,0.0
full_ols_av,pass,-1.3988,2.0
full_ols_av,pass,0.6339,10.0
full_ols_av,pass,0.7494,7.0
full_ols_av,pass,0.7896,0.0
full_ols_av,pass,0.4796,3.0
full_ols_av,pass,-1.2553,3.0
full_ols_av,pass,-0.9314,2.0
full_ols_av,pass,-0.8604,4.0
full_ols_av,pass,1.2019,5.0
full_ols_av,pass,-0.5898,0.0
full_ols_av,pass,-0.6236,0.0
full_ols_av,pass,-1.1612,3.0
full_ols_av,pass,0.1823,0.0
full_ols_av,pass,-1.9701,4.0
full_ols_av,pass,0.5023,0.0
full_ols_av,pass,0.3032,0.0
full_ols_av,pass,-1.635,4.0
full_ols_av,pass,-0.7659,4.0
full_ols_av,pass,-2.5065,5.0
full_ols_av,pass,1.3604,5.0
full_ols_av,pass,-2.0115,3.0
full_ols_av,pass,1.4104,6.0
full_ols_av,pass,-0.0761,3.0
full_ols_av,pass,-3.0117,7.0
full_ols_av,pass,-1.1955,2.0
full_ols_av,pass,-0.631,8.0
full_ols_av,pass,-0.6385,2.0
full_ols_av,pass,0.5612,0.0
full_ols_av,pass,-0.2825,0.0
full_ols_av,pass,1.0692,7.0
full_ols_av,pass,-1.8589,4.0
full_ols_av,pass,-0.4451,4.0
full_ols_av,pass,-0.6072,4.0
full_ols_av,pass,-3.1931,3.0
full_ols_av,pass,0.2575,2.0
full_ols_av,pass,0.1412,0.0
full_ols_av,pass,2.0055,4.0
full_ols_av,pass,2.099,6.0
full_ols_av,pass,-1.3838,0.0
full_ols_av,pass,-0.0771,0.0
full_ols_av,pass,-1.3046,5.0
full_ols_av,pass,-0.881,0.0
full_ols_av,pass,-0.4313,6.0
full_ols_av,pass,0.0451,5.0
full_ols_av,pass,-1.6992,4.0
full_ols_av,pass,2.3127,7.0
full_ols_av,pass,-0.1048,0.0
full_ols_av,pass,-2.7138,2.0
full_ols_av,pass,-0.6678,3.0
full_ols_av,pass,-1.7643,2.0
full_ols_av,pass,-0.3791,0.0
full_ols_av,pass,-2.5084,3.0
full_ols_av,pass,-0.9325,2.0
full_ols_av,pass,-0.4965,1.0
full_ols_av,pass,-1.5941,2.0
full_ols_av,pass,1.0566,0.0
full_ols_av,pass,0.8307,8.0
full_ols_av,pass,0.6785,4.0
full_ols_av,pass,-2.614,5.0
full_ols_av,pass,1.5357,9.0
full_ols_av,pass,0.7498,2.0
full_ols_av,pass,-1.5519,5.0
full_ols_av,pass,-0.3281,3.0
full_ols_av,pass,-0.2895,2.0
full_ols_av,pass,-0.0175,0.0
full_ols_av,pass,2.2883,3.0
full_ols_av,pass,-0.616,3.0
full_ols_av,pass,0.387,8.0
full_ols_av,pass,-0.6423,4.0
full_ols_av,pass,-0.428,9.0
full_ols_av,pass,1.7041,6.0
full_ols_av,pass,0.3998,0.0
full_ols_av,pass,-1.0018,0.0
full_ols_av,pass,0.4726,0.0
full_ols_av,pass,2.7841,4.0
full_ols_av,pass,-0.4647,2.0
full_ols_av,pass,-1.4158,2.0
full_ols_av,pass,0.4525,6.0
full_ols_av,pass,-1.983,7.0
full_ols_av,pass,-1.5908,4.0
full_ols_av,pass,-0.457,8.0
full_ols_av,pass,-2.8688,3.0
full_ols_av,pass,-0.4075,0.0
full_ols_av,pass,0.6379,7.0
full_ols_av,pass,-0.306,0.0
full_ols_av,pass,0.6065,4.0
full_ols_av,pass,-0.0247,0.0
full_ols_av,pass,0.8107,6.0
full_ols_av,pass,-0.9265,0.0
full_ols_av,pass,-0.5346,0.0
full_ols_av,pass,-2.2434,4.0
full_ols_av,pass,1.7668,6.0
full_ols_av,pass,-0.1584,0.0
full_ols_av,pass,-0.1551,5.0
full_ols_av,pass,0.001,4.0
full_ols_av,pass,-0.508,10.0
full_ols_av,pass,0.514,0.0
full_ols_av,pass,-1.1039,3.0
full_ols_av,pass,-1.2923,0.0
full_ols_av,pass,0.1276,6.0
full_ols_av,pass,0.8208,0.0
full_ols_av,pass,0.3234,0.0
full_ols_av,pass,-1.9413,3.0
full_ols_av,pass,-0.4529,3.0
full_ols_av,pass,-1.4394,5.0
full_ols_av,pass,-0.0753,0.0
full_ols_av,pass,-2.0904,3.0
full_ols_av,pass,-2.5319,3.0
full_ols_av,pass,-1.6825,1.0
full_ols_av,pass,-0.752,2.0
full_ols_av,pass,0.4331,1.0
full_ols_av,pass,-0.6445,3.0
full_ols_av,pass,0.3454,0.0
full_ols_av,pass,-0.3934,0.0
full_ols_av,pass,1.9904,9.0
full_ols_av,pass,-1.4384,3.0
full_ols_av,pass,-1.2669,2.0
full_ols_av,pass,0.1373,0.0
full_ols_av,pass,0.0108,0.0
full_ols_av,pass,-0.2153,7.0
full_ols_av,pass,-0.6147,4.0
full_ols_av,pass,0.0375,0.0
full_ols_av,pass,1.1761,5.0
full_ols_av,pass,0.7849,8.0
full_ols_av,pass,0.9752,0.0
full_ols_av,pass,-0.5381,4.0
full_ols_av,pass,-1.1553,0.0
full_ols_av,pass,-0.5971,7.0
full_ols_av,pass,0.8556,2.0
full_ols_av,pass,0.3967,0.0
full_ols_av,pass,-0.143,5.0
full_ols_av,pass,-1.0661,4.0
full_ols_av,pass,2.0964,8.0
full_ols_av,pass,-1.6712,1.0
full_ols_av,pass,-0.7704,5.0
full_ols_av,pass,-1.2414,3.0
full_ols_av,pass,0.8021,0.0
full_ols_av,pass,-0.6028,0.0
full_ols_av,pass,1.3916,4.0
full_ols_av,pass,0.0122,2.0
full_ols_av,pass,-3.5772,4.0
full_ols_av,pass,1.1773,7.0
full_ols_av,pass,1.1188,0.0
full_ols_av,pass,-0.9688,6.0
full_ols_av,pass,-1.4827,3.0
full_ols_av,pass,-1.45,4.0
full_ols_av,pass,-3.3639,4.0
full_ols_av,pass,-2.0763,3.0
full_ols_av,pass,-1.5437,4.0
full_ols_av,pass,-1.5957,4.0
full_ols_av,pass,-0.9701,0.0
full_ols_av,pass,0.9727,5.0
full_ols_av,pass,-0.5715,3.0
full_ols_av,pass,2.2042,7.0
full_ols_av,pass,-0.0377,0.0
full_ols_av,pass,0.5187,0.0
full_ols_av,pass,-1.51,7.0
full_ols_av,pass,0.4605,0.0
full_ols_av,pass,-0.4803,0.0
full_ols_av,pass,0.9489,7.0
full_ols_av,pass,-0.8654,5.0
full_ols_av,pass,-4.1624,2.0
full_ols_av,pass,-0.7726,0.0
full_ols_av,pass,-0.4649,3.0
full_ols_av,pass,1.7132,9.0
full_ols_av,pass,0.5458,7.0
full_ols_av,pass,-0.3604,6.0
full_ols_av,pass,1.8329,5.0
full_ols_av,pass,-1.6553,4.0
full_ols_av,pass,-2.3987,1.0
full_ols_av,pass,0.4755,6.0
full_ols_av,pass,-1.347,1.0
full_ols_av,pass,-2.5613,2.0
full_ols_av,pass,0.4727,8.0
full_ols_av,pass,-1.8214,6.0
full_ols_av,pass,-1.0675,5.0
full_ols_av,pass,0.2167,0.0
full_ols_av,pass,0.1557,7.0
full_ols_av,pass,-2.0285,4.0
full_ols_av,pass,-1.6688,4.0
full_ols_av,pass,-0.4305,0.0
full_ols_av,pass,-0.6787,2.0
full_ols_av,pass,0.2538,0.0
full_ols_av,pass,0.6194,8.0
full_ols_av,pass,0.7069,4.0
full_ols_av,pass,-1.8636,3.0
full_ols_av,pass,-0.736,5.0
full_ols_av,pass,-0.1072,3.0
full_ols_av,pass,1.8359,7.0
full_ols_av,pass,-0.1937,0.0
full_ols_av,pass,-0.3656,5.0
full_ols_av,pass,-0.7757,2.0
full_ols_av,pass,1.948,6.0
full_ols_av,pass,-0.1223,4.0
full_ols_av,pass,0.0973,0.0
full_ols_av,pass,-1.6913,5.0
full_ols_av,pass,-1.7868,1.0
full_ols_av,pass,-0.7389,3.0
full_ols_av,pass,0.4511,0.0
full_ols_av,pass,0.899,9.0
full_ols_av,pass,-2.0627,3.0
full_ols_av,pass,-0.7283,0.0
full_ols_av,pass,1.3321,8.0
full_ols_av,pass,-0.2841,3.0
full_ols_av,pass,-0.9775,0.0
full_ols_av,pass,-0.7694,1.0
full_ols_av,pass,-0.7642,8.0
full_ols_av,pass,-1.2722,4.0
full_ols_av,pass,-0.8295,0.0
full_ols_av,pass,-1.99,3.0
full_ols_av,pass,2.7247,7.0
full_ols_av,pass,0.383,3.0
full_ols_av,pass,1.3695,7.0
full_ols_av,pass,1.4192,4.0
full_ols_av,pass,-0.336,4.0
full_ols_av,pass,1.6063,0.0
full_ols_av,pass,-1.7627,1.0
full_ols_av,pass,-0.2715,4.0
full_ols_av,pass,-2.1871,4.0
full_ols_av,pass,-0.242,0.0
full_ols_av,pass,-0.3966,4.0
full_ols_av,pass,0.5428,4.0
full_ols_av,pass,1.7026,9.0
full_ols_av,pass,1.7835,0.0
full_ols_av,pass,0.3244,5.0
full_ols_av,pass,-0.3628,7.0
full_ols_av,pass,1.1132,7.0
full_ols_av,pass,0.7273,0.0
full_ols_av,pass,0.3989,0.0
full_ols_av,pass,-3.5467,5.0
full_ols_av,pass,-0.6239,0.0
full_ols_av,pass,-0.3631,0.0
full_ols_av,pass,-0.7149,4.0
full_ols_av,pass,-1.5675,2.0
full_ols_av,pass,-0.9831,8.0
full_ols_av,pass,-1.0989,5.0
full_ols_av,pass,-1.101,6.0
full_ols_av,pass,-1.3422,1.0
full_ols_av,pass,-1.6614,5.0
full_ols_av,pass,-1.6432,8.0
full_ols_av,pass,-0.4616,5.0
full_ols_av,pass,0.7192,5.0
full_ols_av,pass,-0.2526,0.0
full_ols_av,pass,-1.007,7.0
full_ols_av,pass,-0.7224,4.0
full_ols_av,pass,-0.2917,4.0
full_ols_av,pass,-1.2328,2.0
full_ols_av,pass,-1.8385,5.0
full_ols_av,pass,-0.8749,2.0
full_ols_av,pass,0.0415,0.0
full_ols_av,pass,-2.9499,2.0
full_ols_av,pass,-0.9133,4.0
full_ols_av,pass,-0.8461,4.0
full_ols_av,pass,-0.7216,0.0
full_ols_av,pass,-1.9588,4.0
full_ols_av,pass,-0.9802,0.0
full_ols_av,pass,-0.238,8.0
full_ols_av,pass,0.573,0.0
full_ols_av,pass,-0.9313,4.0
full_ols_av,pass,0.3962,0.0
full_ols_av,pass,-0.5623,6.0
full_ols_av,pass,-0.6456,0.0
full_ols_av,pass,0.1662,0.0
full_ols_av,pass,-1.2224,0.0
full_ols_av,pass,-2.5596,4.0
full_ols_av,pass,2.0113,8.0
full_ols_av,pass,0.3679,3.0
full_ols_av,pass,-0.3531,8.0
full_ols_av,pass,-0.7347,9.0
full_ols_av,pass,-2.423,4.0
full_ols_av,pass,1.3824,9.0
full_ols_av,pass,1.7778,7.0
full_ols_av,pass,-0.2657,2.0
full_ols_av,pass,-1.7194,1.0
full_ols_av,pass,0.1996,7.0
full_ols_av,pass,-2.1337,2.0
full_ols_av,pass,-1.2804,2.0
full_ols_av,pass,-1.7528,5.0
full_ols_av,pass,2.1152,0.0
full_ols_av,pass,2.38,8.0
full_ols_av,pass,1.5006,7.0
full_ols_av,pass,-0.0938,0.0
full_ols_av,pass,-0.1903,5.0
full_ols_av,pass,0.104,4.0
full_ols_av,pass,-1.5462,2.0
full_ols_av,pass,1.1944,5.0
full_ols_av,pass,-0.2044,1.0
full_ols_av,pass,-1.1264,5.0
full_ols_av,pass,-0.0732,1.0
full_ols_av,pass,-0.5186,5.0
full_ols_av,pass,0.199,0.0
full_ols_av,pass,1.1827,0.0
full_ols_av,pass,0.9749,0.0
full_ols_av,pass,-1.5193,1.0
full_ols_av,pass,-1.0377,1.0
full_ols_av,pass,-3.2318,5.0
full_ols_av,pass,-1.0027,4.0
full_ols_av,pass,-0.0488,5.0
full_ols_av,pass,-1.2471,5.0
full_ols_av,pass,-2.9629,1.0
full_ols_av,pass,2.1674,5.0
full_ols_av,pass,1.4706,7.0
full_ols_av,pass,1.4081,7.0
full_ols_av,pass,-1.0985,5.0
full_ols_av,pass,0.9867,9.0
full_ols_av,pass,-0.2832,7.0
full_ols_av,pass,0.5833,0.0
full_ols_av,pass,0.0489,6.0
full_ols_av,pass,-0.9947,4.0
full_ols_av,pass,0.7976,4.0
full_ols_av,pass,2.5949,6.0
full_ols_av,pass,-1.1337,6.0
full_ols_av,pass,0.9021,5.0
full_ols_av,pass,-0.7172,5.0
full_ols_av,pass,-1.9127,4.0
full_ols_av,pass,0.4382,0.0
full_ols_av,pass,1.7562,7.0
full_ols_av,pass,0.2279,5.0
full_ols_av,pass,-0.9414,3.0
full_ols_av,pass,-0.2953,8.0
full_ols_av,pass,-0.7258,8.0
full_ols_av,pass,-0.7663,2.0
full_ols_av,pass,-0.5715,2.0
full_ols_av,pass,0.9902,6.0
full_ols_av,pass,1.4293,6.0
full_ols_av,pass,-0.7643,5.0
full_ols_av,pass,-0.1372,6.0
full_ols_av,pass,-0.3769,10.0
full_ols_av,pass,-1.2766,4.0
full_ols_av,pass,-1.1629,7.0
full_ols_av,pass,0.4035,9.0
full_ols_av,pass,-0.5633,0.0
full_ols_av,pass,-1.8543,6.0
full_ols_av,pass,-0.7249,0.0
full_ols_av,pass,-1.1297,3.0
full_ols_av,pass,-1.0823,1.0
full_ols_av,pass,-0.1016,0.0
full_ols_av,pass,-1.1028,5.0
full_ols_av,pass,-2.6181,1.0
full_ols_av,pass,-0.969,5.0
full_ols_av,pass,2.9439,8.0
full_ols_av,pass,-2.6967,7.0
full_ols_av,pass,-0.2417,3.0
full_ols_av,pass,0.0421,0.0
full_ols_av,pass,-1.1464,5.0
full_ols_av,pass,-0.4996,8.0
full_ols_av,pass,2.0235,8.0
full_ols_av,pass,-3.2154,4.0
full_ols_av,pass,-0.3618,0.0
full_ols_av,pass,0.3359,6.0
full_ols_av,pass,-0.0305,0.0
full_ols_av,pass,-1.4061,0.0
full_ols_av,pass,-0.6459,4.0
full_ols_av,pass,-0.6141,5.0
full_ols_av,pass,-1.6053,4.0
full_ols_av,pass,-1.2598,1.0
full_ols_av,pass,-1.3565,3.0
full_ols_av,pass,-0.243,0.0
full_ols_av,pass,1.3449,5.0
full_ols_av,pass,-0.0908,5.0
full_ols_av,pass,0.0917,7.0
full_ols_av,pass,0.4533,7.0
full_ols_av,pass,0.2707,0.0
full_ols_av,pass,-1.0283,4.0
full_ols_av,pass,-1.8277,5.0
full_ols_av,pass,0.0056,0.0
full_ols_av,pass,1.7215,7.0
full_ols_av,pass,-0.691,3.0
full_ols_av,pass,-2.4851,1.0
full_ols_av,pass,-1.4437,8.0
full_ols_av,pass,-0.7471,4.0
full_ols_av,pass,-2.0419,2.0
full_ols_av,pass,0.3588,0.0
full_ols_av,pass,-0.9412,0.0
full_ols_av,pass,-2.4432,4.0
full_ols_av,pass,-1.1997,0.0
full_ols_av,pass,-0.1427,0.0
full_ols_av,pass,-1.2764,0.0
full_ols_av,pass,-0.3108,0.0
full_ols_av,pass,-0.7953,0.0
full_ols_av,pass,-2.5365,4.0
full_ols_av,pass,-0.6454,3.0
full_ols_av,pass,-2.2723,2.0
full_ols_av,pass,-0.8191,7.0
full_ols_av,pass,-1.0483,0.0
full_ols_av,pass,-1.4055,3.0
full_ols_av,pass,-0.2623,0.0
full_ols_av,pass,-1.7375,3.0
full_ols_av,pass,-0.5346,4.0
full_ols_av,pass,0.9675,7.0
full_ols_av,pass,-2.1258,3.0
full_ols_av,pass,-0.6086,0.0
full_ols_av,pass,-2.489,4.0
full_ols_av,pass,-1.292,4.0
full_ols_av,pass,0.1845,0.0
full_ols_av,pass,-2.9651,4.0
full_ols_av,pass,-1.1965,1.0
full_ols_av,pass,-1.4673,5.0
full_ols_av,pass,-0.24,0.0
full_ols_av,pass,-0.3843,3.0
full_ols_av,pass,-0.6955,2.0
full_ols_av,pass,-0.6909,0.0
full_ols_av,pass,-1.5566,7.0
full_ols_av,pass,-1.1751,0.0
full_ols_av,pass,1.3157,3.0
full_ols_av,pass,-1.1136,0.0
full_ols_av,pass,-1.3398,3.0
full_ols_av,pass,0.4129,0.0
full_ols_av,pass,-1.4383,2.0
full_ols_av,pass,2.4085,6.0
full_ols_av,pass,-0.4784,5.0
full_ols_av,pass,-0.402,3.0
full_ols_av,pass,0.3323,0.0
full_ols_av,pass,0.2988,3.0
full_ols_av,pass,-1.4232,6.0
full_ols_av,pass,0.8141,7.0
full_ols_av,pass,0.8274,2.0
full_ols_av,pass,0.6453,5.0
full_ols_av,pass,-1.4724,3.0
full_ols_av,pass,-0.1683,5.0
full_ols_av,pass,-0.2598,0.0
full_ols_av,pass,1.4752,6.0
full_ols_av,pass,-1.7771,2.0
full_ols_av,pass,-0.4257,0.0
full_ols_av,pass,-3.2376,2.0
full_ols_av,pass,-3.072,1.0
full_ols_av,pass,0.3127,5.0
full_ols_av,pass,-1.3038,4.0
full_ols_av,pass,0.9478,8.0
full_ols_av,pass,-1.83,4.0
full_ols_av,pass,0.0046,7.0
full_ols_av,pass,0.9726,6.0
full_ols_av,pass,-0.5065,6.0
full_ols_av,pass,2.0209,5.0
full_ols_av,pass,-1.4433,4.0
full_ols_av,pass,-0.0016,4.0
full_ols_av,pass,1.6906,7.0
full_ols_av,pass,-1.5717,2.0
full_ols_av,pass,1.6855,6.0
full_ols_av,pass,-0.044,3.0
full_ols_av,pass,-1.0199,2.0
full_ols_av,pass,-2.4937,3.0
full_ols_av,pass,0.1378,0.0
full_ols_av,pass,-0.5765,3.0
full_ols_av,pass,-1.0482,1.0
full_ols_av,pass,1.0768,6.0
full_ols_av,pass,-1.5059,2.0
full_ols_av,pass,1.2564,5.0
full_ols_av,pass,-1.8682,2.0
full_ols_av,pass,-0.7,3.0
full_ols_av,pass,0.9314,7.0
full_ols_av,pass,-0.4133,4.0
full_ols_av,pass,0.5891,4.0
full_ols_av,pass,-1.4205,3.0
full_ols_av,pass,-0.2982,5.0
full_ols_av,pass,0.7216,4.0
full_ols_av,pass,0.1841,0.0
full_ols_av,pass,-0.23,6.0
full_ols_av,pass,-0.3301,5.0
full_ols_av,pass,0.7903,4.0
full_ols_av,pass,2.0444,7.0
full_ols_av,pass,-1.242,6.0
full_ols_av,pass,-2.1991,4.0
full_ols_av,pass,-0.9662,3.0
full_ols_av,pass,-1.1276,4.0
full_ols_av,pass,-2.1876,4.0
full_ols_av,pass,-0.1086,0.0
full_ols_av,pass,-0.9696,3.0
full_ols_av,pass,-0.761,0.0
full_ols_av,pass,-0.9611,3.0
full_ols_av,pass,0.1371,0.0
full_ols_av,pass,-0.4777,4.0
full_ols_av,pass,-0.1362,6.0
full_ols_av,pass,-0.0307,8.0
full_ols_av,pass,-1.3201,4.0
full_ols_av,pass,0.8688,3.0
full_ols_av,pass,-0.7135,6.0
full_ols_av,pass,2.0593,9.0
full_ols_av,pass,-0.377,0.0
full_ols_av,pass,-1.7936,4.0
full_ols_av,pass,-0.3765,0.0
full_ols_av,pass,0.2698,0.0
full_ols_av,pass,1.1742,0.0
full_ols_av,pass,0.0462,2.0
full_ols_av,pass,0.2903,0.0
full_ols_av,pass,0.3107,0.0
full_ols_av,pass,-1.1143,4.0
full_ols_av,pass,1.9265,8.0
full_ols_av,pass,-0.5977,0.0
full_ols_av,pass,-1.289,2.0
full_ols_av,pass,0.6905,6.0
full_ols_av,pass,-0.5348,3.0
full_ols_av,pass,-0.5261,4.0
full_ols_av,pass,-2.5613,4.0
full_ols_av,pass,-1.6387,4.0
full_ols_av,pass,1.57,7.0
full_ols_av,pass,-1.2546,0.0
full_ols_av,pass,1.8705,8.0
full_ols_av,pass,0.1512,4.0
full_ols_av,pass,-1.9241,5.0
full_ols_av,pass,0.0702,0.0
full_ols_av,pass,0.8695,6.0
full_ols_av,pass,-1.1402,0.0
full_ols_av,pass,0.443,0.0
full_ols_av,pass,-0.8812,3.0
full_ols_av,pass,-0.5934,6.0
full_ols_av,pass,-0.4336,2.0
full_ols_av,pass,-0.4616,6.0
full_ols_av,pass,0.3536,5.0
full_ols_av,pass,-0.3051,0.0
full_ols_av,pass,1.8542,6.0
full_ols_av,pass,-1.3815,4.0
full_ols_av,pass,-1.7357,4.0
full_ols_av,pass,-1.4974,5.0
full_ols_av,pass,-1.8791,3.0
full_ols_av,pass,-0.1992,7.0
full_ols_av,pass,-0.0148,0.0
full_ols_av,pass,-1.8379,5.0
full_ols_av,pass,-2.7009,4.0
full_ols_av,pass,-0.9992,0.0
full_ols_av,pass,2.2165,5.0
full_ols_av,pass,0.1169,0.0
full_ols_av,pass,0.4134,3.0
full_ols_av,pass,-0.6733,0.0
full_ols_av,pass,2.7235,8.0
full_ols_av,pass,-1.093,0.0
full_ols_av,pass,-0.1515,7.0
full_ols_av,pass,-0.0153,5.0
full_ols_av,pass,-2.2766,6.0
full_ols_av,pass,0.0218,2.0
full_ols_av,pass,-1.3898,1.0
full_ols_av,pass,-0.626,6.0
full_ols_av,pass,-1.1261,4.0
full_ols_av,pass,0.3874,0.0
full_ols_av,pass,0.4191,0.0
full_ols_av,pass,0.1113,4.0
full_ols_av,pass,-1.7019,7.0
full_ols_av,pass,-1.0944,0.0
full_ols_av,pass,0.0216,0.0
full_ols_av,pass,-1.3095,4.0
full_ols_av,pass,-1.0009,0.0
full_ols_av,pass,0.964,9.0
full_ols_av,pass,0.6918,2.0
full_ols_av,pass,-0.7032,0.0
full_ols_av,pass,-0.8669,4.0
full_ols_av,pass,-2.4464,0.0
full_ols_av,pass,-1.4693,7.0
full_ols_av,pass,2.2751,5.0
full_ols_av,pass,-0.7943,0.0
full_ols_av,pass,-0.4682,0.0
full_ols_av,pass,-0.3874,6.0
full_ols_av,pass,-0.1738,0.0
full_ols_av,pass,0.1162,0.0
full_ols_av,pass,-0.7305,3.0
full_ols_av,pass,-1.79,2.0
full_ols_av,pass,-0.3701,6.0
full_ols_av,pass,-0.0612,5.0
full_ols_av,pass,0.0758,4.0
full_ols_av,pass,-1.5206,1.0
full_ols_av,pass,-0.8354,1.0
full_ols_av,pass,-0.1902,5.0
full_ols_av,pass,1.0518,2.0
full_ols_av,pass,-1.5126,4.0
full_ols_av,pass,-0.4232,2.0
full_ols_av,pass,-2.8637,4.0
full_ols_av,pass,-0.4128,5.0
full_ols_av,pass,1.3676,5.0
full_ols_av,pass,-2.5597,4.0
full_ols_av,pass,1.7449,8.0
full_ols_av,pass,0.1327,0.0
full_ols_av,pass,-0.5324,0.0
full_ols_av,pass,-0.5523,0.0
full_ols_av,pass,-0.3085,4.0
full_ols_av,pass,-0.6055,0.0
full_ols_av,pass,-0.633,6.0
full_ols_av,pass,-2.5191,4.0
full_ols_av,pass,-1.3109,4.0
full_ols_av,pass,-0.26,7.0
full_ols_av,pass,-0.9127,1.0
full_ols_av,pass,1.9195,7.0
full_ols_av,pass,-2.4907,3.0
full_ols_av,pass,-0.8056,0.0
full_ols_av,pass,1.6482,6.0
full_ols_av,pass,0.2041,4.0
full_ols_av,pass,-1.2699,2.0
full_ols_av,pass,-1.8101,3.0
full_ols_av,pass,-1.1042,4.0
full_ols_av,pass,-2.1675,3.0
full_ols_av,pass,-0.2497,0.0
full_ols_av,pass,-0.608,0.0
full_ols_av,pass,-1.7675,4.0
full_ols_av,pass,0.1958,3.0
full_ols_av,pass,-0.1902,0.0
full_ols_av,pass,-1.0286,1.0
full_ols_av,pass,-1.022,1.0
full_ols_av,pass,-0.6686,0.0
full_ols_av,pass,0.6124,3.0
full_ols_av,pass,1.6316,5.0
full_ols_av,pass,2.4105,9.0
full_ols_av,pass,0.3872,5.0
full_ols_av,pass,0.3352,0.0
full_ols_av,pass,-0.4396,1.0
full_ols_av,pass,-1.6543,3.0
full_ols_av,pass,-0.3268,0.0
full_ols_av,pass,-2.3497,4.0
full_ols_av,pass,-0.0757,0.0
full_ols_av,pass,-1.8999,6.0
full_ols_av,pass,-2.5548,2.0
full_ols_av,pass,2.2776,5.0
full_ols_av,pass,-1.8707,3.0
full_ols_av,pass,-0.5172,3.0
full_ols_av,pass,-1.6242,5.0
full_ols_av,pass,0.8884,3.0
full_ols_av,pass,-1.3739,0.0
full_ols_av,pass,-0.2096,0.0
full_ols_av,pass,-0.5782,0.0
full_ols_av,pass,-0.4837,6.0
full_ols_av,pass,-3.2668,4.0
full_ols_av,pass,0.0273,2.0
full_ols_av,pass,-0.3868,0.0
full_ols_av,pass,-0.2396,1.0
full_ols_av,pass,-1.2991,3.0
full_ols_av,pass,-0.5699,0.0
full_ols_av,pass,-0.9795,0.0
full_ols_av,pass,-0.8599,8.0
full_ols_av,pass,1.4286,2.0
full_ols_av,pass,-1.4515,0.0
full_ols_av,pass,-0.346,2.0
full_ols_av,pass,0.105,7.0
full_ols_av,pass,-1.5578,0.0
full_ols_av,pass,0.6884,2.0
full_ols_av,pass,-1.8202,0.0
full_ols_av,pass,-0.6437,6.0
full_ols_av,pass,-0.3957,7.0
full_ols_av,pass,-2.8393,1.0
full_ols_av,pass,-1.388,2.0
full_ols_av,pass,-2.7933,2.0
full_ols_av,pass,-3.4358,4.0
full_ols_av,pass,-0.0653,6.0
full_ols_av,pass,-0.7756,2.0
full_ols_av,pass,-2.2496,6.0
full_ols_av,pass,-1.9611,3.0
full_ols_av,pass,-0.8346,4.0
full_ols_av,pass,0.764,0.0
full_ols_av,pass,0.6296,0.0
full_ols_av,pass,-0.6322,0.0
full_ols_av,pass,-1.437,3.0
full_ols_av,pass,-0.7111,3.0
full_ols_av,pass,-1.5785,0.0
full_ols_av,pass,-1.6141,1.0
full_ols_av,pass,-1.4233,2.0
full_ols_av,pass,-2.5366,3.0
full_ols_av,pass,-0.0484,0.0
full_ols_av,pass,-0.6171,3.0
full_ols_av,pass,0.8571,0.0
full_ols_av,pass,0.3287,0.0
full_ols_av,pass,-0.3577,3.0
full_ols_av,pass,-0.905,0.0
full_ols_av,pass,0.6103,4.0
full_ols_av,pass,-0.931,5.0
full_ols_av,pass,-2.3865,1.0
full_ols_av,pass,-0.5513,0.0
full_ols_av,pass,1.5967,8.0
full_ols_av,pass,1.7127,5.0
full_ols_av,pass,0.1123,2.0
full_ols_av,pass,0.1519,0.0
full_ols_av,pass,-0.0437,0.0
full_ols_av,pass,-0.773,3.0
full_ols_av,pass,-1.9084,0.0
full_ols_av,pass,-1.337,0.0
full_ols_av,pass,1.2055,4.0
full_ols_av,pass,-1.2985,2.0
full_ols_av,pass,-0.4632,0.0
full_ols_av,pass,0.3248,0.0
full_ols_av,pass,-1.0682,3.0
full_ols_av,pass,0.2778,7.0
full_ols_av,pass,-0.2406,3.0
full_ols_av,pass,-2.3115,2.0
full_ols_av,pass,-0.4119,4.0
full_ols_av,pass,0.2009,3.0
full_ols_av,pass,-3.1059,5.0
full_ols_av,pass,-0.9006,3.0
full_ols_av,pass,-2.4176,3.0
full_ols_av,pass,-0.1902,3.0
full_ols_av,pass,2.2811,7.0
full_ols_av,pass,-1.8299,5.0
full_ols_av,pass,-0.9921,1.0
full_ols_av,pass,-1.4957,5.0
full_ols_av,pass,-0.073,7.0
full_ols_av,pass,-3.0342,2.0
full_ols_av,pass,-0.314,4.0
full_ols_av,pass,-1.5167,5.0
full_ols_av,pass,-0.1351,0.0
full_ols_av,pass,-0.8726,5.0
full_ols_av,pass,-2.6059,3.0
full_ols_av,pass,-0.0315,5.0
full_ols_av,pass,-0.4775,6.0
full_ols_av,pass,-0.2699,0.0
full_ols_av,pass,-0.4668,0.0
full_ols_av,pass,-2.1773,5.0
full_ols_av,pass,-2.2044,4.0
full_ols_av,pass,-0.2217,3.0
full_ols_av,pass,0.2056,3.0
full_ols_av,pass,1.763,8.0
full_ols_av,pass,2.711,7.0
full_ols_av,pass,1.2246,8.0
full_ols_av,pass,-1.6703,2.0
full_ols_av,pass,2.3379,7.0
full_ols_av,pass,-0.8218,2.0
full_ols_av,pass,0.6319,0.0
full_ols_av,pass,-0.6984,3.0
full_ols_av,pass,0.8843,5.0
full_ols_av,pass,-0.5586,3.0
full_ols_av,pass,-0.4103,6.0
full_ols_av,pass,-0.4269,7.0
full_ols_av,pass,1.2288,8.0
full_ols_av,pass,-0.2693,0.0
full_ols_av,pass,-0.5085,0.0
full_ols_av,pass,-0.7708,0.0
full_ols_av,pass,-2.2658,4.0
full_ols_av,pass,0.0686,0.0
full_ols_av,pass,-0.4581,0.0
full_ols_av,pass,-0.4733,2.0
full_ols_av,pass,-0.7053,6.0
full_ols_av,pass,-0.0508,0.0
full_ols_av,pass,-1.0117,0.0
full_ols_av,pass,-2.9889,6.0
full_ols_av,pass,1.2818,0.0
full_ols_av,pass,-1.796,2.0
full_ols_av,pass,2.3675,6.0
full_ols_av,pass,0.5395,0.0
full_ols_av,pass,-0.7193,3.0
full_ols_av,pass,-1.8045,2.0
full_ols_av,pass,-0.2165,0.0
full_ols_av,pass,-1.8861,7.0
full_ols_av,pass,0.3641,6.0
full_ols_av,pass,0.4719,8.0
full_ols_av,pass,0.1025,8.0
full_ols_av,pass,-0.1724,2.0
full_ols_av,pass,0.0602,2.0
full_ols_av,pass,-1.3606,4.0
full_ols_av,pass,-2.7369,2.0
full_ols_av,pass,-1.5539,5.0
full_ols_av,pass,1.5409,9.0
full_ols_av,pass,-1.5916,3.0
full_ols_av,pass,0.456,4.0
full_ols_av,pass,-1.3092,2.0
full_ols_av,pass,0.0063,9.0
full_ols_av,pass,-1.0825,7.0
full_ols_av,pass,-0.1403,0.0
full_ols_av,pass,-0.015,4.0
full_ols_av,pass,-1.1131,5.0
full_ols_av,pass,0.2399,0.0
full_ols_av,pass,-0.2747,4.0
full_ols_av,pass,1.7526,8.0
full_ols_av,pass,1.7267,8.0
full_ols_av,pass,0.9808,7.0
full_ols_av,pass,0.232,4.0
full_ols_av,pass,-0.0256,0.0
full_ols_av,pass,1.2949,8.0
full_ols_av,pass,0.0838,3.0
full_ols_av,pass,-1.5485,4.0
full_ols_av,pass,1.3016,6.0
full_ols_av,pass,0.3783,2.0
full_ols_av,pass,-1.2315,7.0
full_ols_av,pass,-1.8191,6.0
full_ols_av,pass,0.7356,3.0
full_ols_av,pass,2.5856,6.0
full_ols_av,pass,-0.7242,6.0
full_ols_av,pass,0.4559,0.0
full_ols_av,pass,0.3435,2.0
full_ols_av,pass,-1.2869,5.0
full_ols_av,pass,-0.5386,5.0
full_ols_av,pass,-0.8859,0.0
full_ols_av,pass,-1.3026,0.0
full_ols_av,pass,0.5354,7.0
full_ols_av,pass,-2.636,2.0
full_ols_av,pass,-0.4077,4.0
full_ols_av,pass,-0.687,4.0
full_ols_av,pass,-2.5311,2.0
full_ols_av,pass,0.6061,7.0
full_ols_av,pass,-0.3148,1.0
full_ols_av,pass,-0.7856,3.0
full_ols_av,pass,-1.1332,1.0
full_ols_av,pass,0.7747,6.0
full_ols_av,pass,-0.8543,0.0
full_ols_av,pass,-0.9472,2.0
full_ols_av,pass,0.2341,0.0
full_ols_av,pass,-1.2414,6.0
full_ols_av,pass,2.0363,8.0
full_ols_av,pass,-0.1264,0.0
full_ols_av,pass,-0.9915,3.0
full_ols_av,pass,-1.5671,5.0
full_ols_av,pass,-0.2157,2.0
full_ols_av,pass,1.4197,0.0
full_ols_av,pass,0.3965,2.0
full_ols_av,pass,-1.2503,2.0
full_ols_av,pass,-1.4048,2.0
full_ols_av,pass,0.3596,5.0
full_ols_av,pass,-0.4212,0.0
full_ols_av,pass,-1.9139,2.0
full_ols_av,pass,-1.7542,3.0
full_ols_av,pass,-1.2336,6.0
full_ols_av,pass,-1.4943,3.0
full_ols_av,pass,-0.3695,2.0
full_ols_av,pass,-3.0358,2.0
full_ols_av,pass,-0.1458,0.0
full_ols_av,pass,-0.2162,0.0
full_ols_av,pass,-0.5102,7.0
full_ols_av,pass,1.4385,7.0
full_ols_av,pass,-1.5079,6.0
full_ols_av,pass,0.1019,0.0
full_ols_av,pass,-1.1032,0.0
full_ols_av,pass,-1.0935,4.0
full_ols_av,pass,-0.5316,5.0
full_ols_av,pass,0.4023,8.0
full_ols_av,pass,-1.6632,3.0
full_ols_av,pass,-1.8473,0.0
full_ols_av,pass,-0.4647,5.0
full_ols_av,pass,-0.0668,0.0
full_ols_av,pass,0.7498,7.0
full_ols_av,pass,-0.3407,0.0
full_ols_av,pass,-0.8607,0.0
full_ols_av,pass,-2.5442,2.0
full_ols_av,pass,-1.2545,0.0
full_ols_av,pass,0.2321,0.0
full_ols_av,pass,-0.4215,8.0
full_ols_av,pass,-0.2904,3.0
full_ols_av,pass,-0.4869,3.0
full_ols_av,pass,-1.5163,3.0
full_ols_av,pass,-1.5486,1.0
full_ols_av,pass,-2.9494,3.0
full_ols_av,pass,-1.8696,2.0
full_ols_av,pass,-0.8863,1.0
full_ols_av,pass,0.1712,6.0
full_ols_av,pass,-2.2679,4.0
full_ols_av,pass,-0.3837,6.0
full_ols_av,pass,-0.6427,0.0
full_ols_av,pass,-1.3318,0.0
full_ols_av,pass,0.3766,0.0
full_ols_av,pass,-0.3158,8.0
full_ols_av,pass,-1.1935,0.0
full_ols_av,pass,-0.1275,4.0
full_ols_av,pass,-0.2603,0.0
full_ols_av,pass,-1.2003,1.0
full_ols_av,pass,-1.281,3.0
full_ols_av,pass,0.4004,4.0
full_ols_av,pass,-0.8696,7.0
full_ols_av,pass,-0.0631,0.0
full_ols_av,pass,-0.607,5.0
full_ols_av,pass,2.7444,7.0
full_ols_av,pass,0.8071,4.0
full_ols_av,pass,-0.0071,8.0
full_ols_av,pass,-0.5469,0.0
full_ols_av,pass,-0.8519,0.0
full_ols_av,pass,-0.7462,4.0
full_ols_av,pass,-0.4591,0.0
full_ols_av,pass,-2.0979,4.0
full_ols_av,pass,-0.7772,3.0
full_ols_av,pass,-0.8529,4.0
full_ols_av,pass,0.1281,0.0
full_ols_av,pass,0.1774,6.0
full_ols_av,pass,-0.0907,6.0
full_ols_av,pass,-2.1126,5.0
full_ols_av,pass,1.3099,8.0
full_ols_av,pass,-0.6408,9.0
full_ols_av,pass,-2.1503,1.0
full_ols_av,pass,-0.6284,2.0
full_ols_av,pass,2.386,9.0
full_ols_av,pass,1.2973,8.0
full_ols_av,pass,-0.1951,1.0
full_ols_av,pass,-2.4445,4.0
full_ols_av,pass,-1.7837,2.0
full_ols_av,pass,2.0254,3.0
full_ols_av,pass,-0.0397,0.0
full_ols_av,pass,0.7585,4.0
full_ols_av,pass,0.109,0.0
full_ols_av,pass,-1.8006,6.0
full_ols_av,pass,-0.4811,0.0
full_ols_av,pass,0.0598,7.0
full_ols_av,pass,-0.324,0.0
full_ols_av,pass,-2.6494,3.0
full_ols_av,pass,0.2159,0.0
full_ols_av,pass,1.7058,5.0
full_ols_av,pass,-0.4646,0.0
full_ols_av,pass,1.1821,6.0
full_ols_av,pass,-1.8402,5.0
full_ols_av,pass,-1.602,4.0
full_ols_av,pass,-0.6287,0.0
full_ols_av,pass,-2.4544,5.0
full_ols_av,pass,-1.1269,2.0
full_ols_av,pass,-1.6623,1.0
full_ols_av,pass,1.1878,9.0
full_ols_av,pass,-1.862,3.0
full_ols_av,pass,-0.6494,0.0
full_ols_av,pass,-0.1252,0.0
full_ols_av,pass,0.0944,0.0
full_ols_av,pass,-0.4844,4.0
full_ols_av,pass,-1.3907,0.0
full_ols_av,pass,-1.6037,1.0
full_ols_av,pass,-0.6951,4.0
full_ols_av,pass,-0.7988,4.0
full_ols_av,pass,-0.1097,0.0
full_ols_av,pass,-0.4632,0.0
full_ols_av,pass,-2.0783,0.0
full_ols_av,pass,-1.7992,3.0
full_ols_av,pass,-1.5039,3.0
full_ols_av,pass,0.5676,5.0
full_ols_av,pass,-1.7716,5.0
full_ols_av,pass,-0.3211,2.0
full_ols_av,pass,1.053,0.0
full_ols_av,pass,1.8353,7.0
full_ols_av,pass,-1.0783,0.0
full_ols_av,pass,-0.233,5.0
full_ols_av,pass,-1.9002,3.0
full_ols_av,pass,0.0468,3.0
full_ols_av,pass,-0.5958,4.0
full_ols_av,pass,-0.7435,4.0
full_ols_av,pass,-0.3241,0.0
full_ols_av,pass,-2.42,3.0
full_ols_av,pass,-2.5232,4.0
full_ols_av,pass,-1.5228,3.0
full_ols_av,pass,-0.1522,1.0
full_ols_av,pass,0.8084,0.0
full_ols_av,pass,-0.0277,6.0
full_ols_av,pass,1.1568,4.0
full_ols_av,pass,-0.3687,0.0
full_ols_av,pass,-0.7952,0.0
full_ols_av,pass,-1.169,0.0
full_ols_av,pass,-2.4002,1.0
full_ols_av,pass,0.1776,0.0
full_ols_av,pass,1.9313,6.0
full_ols_av,pass,0.9778,0.0
full_ols_av,pass,1.4531,8.0
full_ols_av,pass,-1.0804,2.0
full_ols_av,pass,1.3222,5.0
full_ols_av,pass,-1.4807,3.0
full_ols_av,pass,0.5211,0.0
full_ols_av,pass,-1.0683,0.0
full_ols_av,pass,-1.7174,5.0
full_ols_av,pass,-0.248,7.0
full_ols_av,pass,-0.0722,0.0
full_ols_av,pass,-0.4128,6.0
full_ols_av,pass,-0.407,7.0
full_ols_av,pass,-1.7256,4.0
full_ols_av,pass,-0.3441,0.0
full_ols_av,pass,-2.0313,5.0
full_ols_av,pass,-0.1768,0.0
full_ols_av,pass,-1.0741,5.0
full_ols_av,pass,-0.6649,0.0
full_ols_av,pass,-0.2785,4.0
full_ols_av,pass,-2.3131,3.0
full_ols_av,pass,-0.8031,5.0
full_ols_av,pass,-0.8932,0.0
full_ols_av,pass,-1.5402,3.0
full_ols_av,pass,-0.3377,3.0
full_ols_av,pass,0.3237,2.0
full_ols_av,pass,1.2927,9.0
full_ols_av,pass,-0.3795,3.0
full_ols_av,pass,2.7227,8.0
full_ols_av,pass,-2.3287,5.0
full_ols_av,pass,-1.1954,6.0
full_ols_av,pass,-0.7377,0.0
full_ols_av,pass,-1.6762,5.0
full_ols_av,pass,0.8129,0.0
full_ols_av,pass,-0.3164,4.0
full_ols_av,pass,-0.0096,0.0
full_ols_av,pass,2.7787,8.0
full_ols_av,pass,-0.6029,2.0
full_ols_av,pass,0.2351,7.0
full_ols_av,pass,-1.8792,1.0
full_ols_av,pass,-0.9114,7.0
full_ols_av,pass,-0.0181,0.0
full_ols_av,pass,-0.1681,6.0
full_ols_av,pass,-0.8367,2.0
full_ols_av,pass,-0.6476,2.0
full_ols_av,pass,-0.738,2.0
full_ols_av,pass,-0.3503,0.0
full_ols_av,pass,-2.1272,4.0
full_ols_av,pass,0.5413,0.0
full_ols_av,pass,-0.9316,4.0
full_ols_av,pass,0.6445,3.0
full_ols_av,pass,-0.754,6.0
full_ols_av,pass,-0.709,4.0
full_ols_av,pass,-1.7917,7.0
full_ols_av,pass,0.5549,5.0
full_ols_av,pass,-1.3532,3.0
full_ols_av,pass,-0.2896,5.0
full_ols_av,pass,-1.2293,7.0
full_ols_av,pass,-0.7833,2.0
full_ols_av,pass,-3.2113,4.0
full_ols_av,pass,-1.8455,4.0
full_ols_av,pass,-1.0757,0.0
full_ols_av,pass,-0.6722,6.0
full_ols_av,pass,1.7995,7.0
full_ols_av,pass,-1.3693,4.0
full_ols_av,pass,0.5686,5.0
full_ols_av,pass,-1.8356,3.0
full_ols_av,pass,-2.1288,0.0
full_ols_av,pass,-0.8918,5.0
full_ols_av,pass,-0.8888,2.0
full_ols_av,pass,-1.544,4.0
full_ols_av,pass,-0.4421,0.0
full_ols_av,pass,-0.8177,4.0
full_ols_av,pass,-0.8317,6.0
full_ols_av,pass,-1.2723,3.0
full_ols_av,pass,-2.0764,4.0
full_ols_av,pass,-2.5943,2.0
full_ols_av,pass,-0.5371,5.0
full_ols_av,pass,-1.5693,6.0
full_ols_av,pass,-0.9327,0.0
full_ols_av,pass,-2.1271,2.0
full_ols_av,pass,-3.5208,3.0
full_ols_av,pass,0.4714,0.0
full_ols_av,pass,0.1152,6.0
full_ols_av,pass,-1.9464,2.0
full_ols_av,pass,0.2275,3.0
full_ols_av,pass,-0.6119,0.0
full_ols_av,pass,-0.5876,8.0
full_ols_av,pass,1.7118,8.0
full_ols_av,pass,-0.7109,0.0
full_ols_av,pass,-2.1573,3.0
full_ols_av,pass,1.2329,5.0
full_ols_av,pass,-0.9755,3.0
full_ols_av,pass,-1.6579,5.0
full_ols_av,pass,-0.7377,7.0
full_ols_av,pass,-3.4384,3.0
full_ols_av,pass,0.1941,0.0
full_ols_av,pass,-1.4281,5.0
full_ols_av,pass,-0.7605,0.0
full_ols_av,pass,-2.555,3.0
full_ols_av,pass,-0.7113,4.0
full_ols_av,pass,-1.0126,0.0
full_ols_av,pass,-0.3846,0.0
full_ols_av,pass,1.5336,7.0
full_ols_av,pass,-1.1006,2.0
full_ols_av,pass,-2.5413,0.0
full_ols_av,pass,1.6829,7.0
full_ols_av,pass,0.1701,4.0
full_ols_av,pass,-0.7801,4.0
full_ols_av,pass,-1.7478,3.0
full_ols_av,pass,-0.4763,4.0
full_ols_av,pass,-0.5439,1.0
full_ols_av,pass,-2.1682,5.0
full_ols_av,pass,-1.1085,1.0
full_ols_av,pass,-0.4103,0.0
full_ols_av,pass,-1.6434,0.0
full_ols_av,pass,-0.811,0.0
full_ols_av,pass,-2.9869,1.0
full_ols_av,pass,1.3765,0.0
full_ols_av,pass,-2.5602,1.0
full_ols_av,pass,-0.9831,2.0
full_ols_av,pass,-1.1185,0.0
full_ols_av,pass,-0.6477,7.0
full_ols_av,pass,-0.168,0.0
full_ols_av,pass,-0.3019,0.0
full_ols_av,pass,-1.5282,4.0
full_ols_av,pass,-0.1653,0.0
full_ols_av,pass,-2.1265,3.0
full_ols_av,pass,-0.1694,4.0
full_ols_av,pass,0.4681,8.0
full_ols_av,pass,-0.3683,0.0
full_ols_av,pass,1.4337,9.0
full_ols_av,pass,0.8826,0.0
full_ols_av,pass,1.4775,6.0
full_ols_av,pass,1.1836,1.0
full_ols_av,pass,0.4419,0.0
full_ols_av,pass,0.3821,0.0
full_ols_av,pass,0.0085,4.0
full_ols_av,pass,-0.2695,5.0
full_ols_av,pass,-1.4612,4.0
full_ols_av,pass,-0.1342,0.0
full_ols_av,pass,-0.047,8.0
full_ols_av,pass,-1.2486,8.0
full_ols_av,pass,0.3745,0.0
full_ols_av,pass,0.0203,2.0
full_ols_av,pass,-1.2159,5.0
full_ols_av,pass,-1.9147,3.0
full_ols_av,pass,-1.8139,2.0
full_ols_av,pass,-2.6552,3.0
full_ols_av,pass,2.2239,8.0
full_ols_av,pass,-1.0125,6.0
full_ols_av,pass,-3.8795,4.0
full_ols_av,pass,0.7108,7.0
full_ols_av,pass,-0.36,5.0
full_ols_av,pass,-2.047,3.0
full_ols_av,pass,-1.9515,0.0
full_ols_av,pass,0.2252,4.0
full_ols_av,pass,-0.1458,5.0
full_ols_av,pass,0.8395,0.0
full_ols_av,pass,0.6884,0.0
full_ols_av,pass,0.4797,3.0
full_ols_av,pass,-1.9253,3.0
full_ols_av,pass,-1.1211,0.0
full_ols_av,pass,-0.1938,4.0
full_ols_av,pass,-1.2582,3.0
full_ols_av,pass,-0.8825,0.0
full_ols_av,pass,-0.7831,2.0
full_ols_av,pass,1.5799,4.0
full_ols_av,pass,-1.2285,2.0
full_ols_av,pass,-0.9125,9.0
full_ols_av,pass,-0.4066,0.0
full_ols_av,pass,0.7883,5.0
full_ols_av,pass,-0.5093,0.0
full_ols_av,pass,0.841,0.0
full_ols_av,pass,-0.6489,3.0
full_ols_av,pass,-0.8058,2.0
full_ols_av,pass,-2.4619,2.0
full_ols_av,pass,0.0922,0.0
full_ols_av,pass,-1.4397,3.0
full_ols_av,pass,1.0225,2.0
full_ols_av,pass,-1.2353,0.0
full_ols_av,pass,1.3714,6.0
full_ols_av,pass,0.9783,0.0
full_ols_av,pass,-2.1767,1.0
full_ols_av,pass,-0.6919,2.0
full_ols_av,pass,-3.058,4.0
full_ols_av,pass,-1.3802,0.0
full_ols_av,pass,-0.0837,8.0
full_ols_av,pass,-0.452,0.0
full_ols_av,pass,-1.7718,4.0
full_ols_av,pass,0.3246,6.0
full_ols_av,pass,1.2999,8.0
full_ols_av,pass,-0.2791,0.0
full_ols_av,pass,-1.1354,0.0
full_ols_av,pass,-0.9161,1.0
full_ols_av,pass,0.0096,1.0
full_ols_av,pass,-1.5835,2.0
full_ols_av,pass,0.223,6.0
full_ols_av,pass,-0.5125,2.0
full_ols_av,pass,1.1346,0.0
full_ols_av,pass,-0.1989,0.0
full_ols_av,pass,-1.2908,3.0
full_ols_av,pass,-0.8312,6.0
full_ols_av,pass,-1.8898,5.0
full_ols_av,pass,0.1672,3.0
full_ols_av,pass,-1.4803,3.0
full_ols_av,pass,-0.9356,4.0
full_ols_av,pass,0.322,7.0
full_ols_av,pass,2.4197,6.0
full_ols_av,pass,-0.5692,0.0
full_ols_av,pass,-0.3589,4.0
full_ols_av,pass,-0.7631,4.0
full_ols_av,pass,-0.704,4.0
full_ols_av,pass,-1.0315,2.0
full_ols_av,pass,-0.4096,4.0
full_ols_av,pass,-0.1436,0.0
full_ols_av,pass,-0.0058,7.0
full_ols_av,pass,-1.8771,2.0
full_ols_av,pass,-1.0435,3.0
full_ols_av,pass,0.1488,5.0
full_ols_av,pass,-0.6591,6.0
full_ols_av,pass,1.6055,8.0
full_ols_av,pass,0.1096,3.0
full_ols_av,pass,0.6094,6.0
full_ols_av,pass,-2.3426,2.0
full_ols_av,pass,-0.348,0.0
full_ols_av,pass,-1.7272,1.0
full_ols_av,pass,-0.8,2.0
full_ols_av,pass,-0.0157,7.0
full_ols_av,pass,-1.9857,4.0
full_ols_av,pass,-0.1831,5.0
full_ols_av,pass,0.7016,3.0
full_ols_av,pass,-2.3776,3.0
full_ols_av,pass,-1.0359,3.0
full_ols_av,pass,-1.0846,1.0
full_ols_av,pass,-1.8073,3.0
full_ols_av,pass,-1.7055,3.0
full_ols_av,pass,-1.5164,8.0
full_ols_av,pass,-0.2586,4.0
full_ols_av,pass,-1.4823,9.0
full_ols_av,pass,-1.0003,3.0
full_ols_av,pass,-1.1325,0.0
full_ols_av,pass,0.8548,0.0
full_ols_av,pass,-1.4947,0.0
full_ols_av,pass,-2.0297,4.0
full_ols_av,pass,-0.2633,0.0
full_ols_av,pass,-3.4435,2.0
full_ols_av,pass,-1.5454,5.0
full_ols_av,pass,-0.8015,5.0
full_ols_av,pass,1.065,7.0
full_ols_av,pass,1.1007,0.0
full_ols_av,pass,-1.1809,3.0
full_ols_av,pass,0.7466,4.0
full_ols_av,pass,2.0859,7.0
full_ols_av,pass,-0.7065,6.0
full_ols_av,pass,-0.8441,1.0
full_ols_av,pass,1.1388,5.0
full_ols_av,pass,-0.4342,3.0
full_ols_av,pass,-0.1199,0.0
full_ols_av,pass,1.5845,9.0
full_ols_av,pass,0.3505,0.0
full_ols_av,pass,0.0149,0.0
full_ols_av,pass,0.7615,7.0
full_ols_av,pass,0.1057,0.0
full_ols_av,pass,-0.9834,3.0
full_ols_av,pass,-2.0177,5.0
full_ols_av,pass,-2.9308,6.0
full_ols_av,pass,-1.5029,4.0
full_ols_av,pass,-0.5189,7.0
full_ols_av,pass,0.2205,9.0
full_ols_av,pass,-0.7112,6.0
full_ols_av,pass,0.7842,0.0
full_ols_av,pass,-1.0506,0.0
full_ols_av,pass,-0.278,7.0
full_ols_av,pass,-0.9094,4.0
full_ols_av,pass,-0.9331,5.0
full_ols_av,pass,-0.9143,2.0
full_ols_av,pass,-1.0886,1.0
full_ols_av,pass,0.7527,6.0
full_ols_av,pass,-2.2713,3.0
full_ols_av,pass,-0.1077,0.0
full_ols_av,pass,-1.7147,5.0
full_ols_av,pass,0.0607,4.0
full_ols_av,pass,0.2475,0.0
full_ols_av,pass,0.2024,6.0
full_ols_av,pass,0.4907,3.0
full_ols_av,pass,-0.1079,6.0
full_ols_av,pass,-0.0921,2.0
full_ols_av,pass,0.1043,5.0
full_ols_av,pass,0.1674,4.0
full_ols_av,pass,-0.5535,6.0
full_ols_av,pass,-2.3223,5.0
full_ols_av,pass,-1.4581,3.0
full_ols_av,pass,-0.2421,0.0
full_ols_av,pass,-0.6099,0.0
full_ols_av,pass,0.0384,6.0
full_ols_av,pass,-2.486,2.0
full_ols_av,pass,-2.3681,0.0
full_ols_av,pass,0.3003,2.0
full_ols_av,pass,-1.3732,4.0
full_ols_av,pass,1.4845,0.0
full_ols_av,pass,0.6603,4.0
full_ols_av,pass,1.807,7.0
full_ols_av,pass,-0.5605,1.0
full_ols_av,pass,-1.4183,4.0
full_ols_av,pass,-1.7943,3.0
full_ols_av,pass,0.0639,0.0
full_ols_av,pass,-2.0194,2.0
full_ols_av,pass,0.7132,4.0
full_ols_av,pass,-2.2063,4.0
full_ols_av,pass,-1.485,0.0
full_ols_av,pass,-0.8752,3.0
full_ols_av,pass,1.7227,7.0
full_ols_av,pass,-1.5334,4.0
full_ols_av,pass,1.0945,6.0
full_ols_av,pass,0.0311,0.0
full_ols_av,pass,-0.091,0.0
full_ols_av,pass,1.065,2.0
full_ols_av,pass,-0.8986,3.0
full_ols_av,pass,-1.904,4.0
full_ols_av,pass,-3.4768,3.0
full_ols_av,pass,-0.0505,0.0
full_ols_av,pass,-0.9607,4.0
full_ols_av,pass,0.1462,7.0
full_ols_av,pass,-0.9594,4.0
full_ols_av,pass,-2.4315,5.0
full_ols_av,pass,-2.2255,3.0
full_ols_av,pass,-0.4203,0.0
full_ols_av,pass,-0.5022,0.0
full_ols_av,pass,0.0328,0.0
full_ols_av,pass,1.7358,6.0
full_ols_av,pass,-3.5827,2.0
full_ols_av,pass,-0.2697,0.0
full_ols_av,pass,1.1838,7.0
full_ols_av,pass,-1.9147,3.0
full_ols_av,pass,-0.4717,8.0
full_ols_av,pass,0.6043,5.0
full_ols_av,pass,-3.0281,1.0
full_ols_av,pass,-0.0687,0.0
full_ols_av,pass,-2.3438,1.0
full_ols_av,pass,0.3438,6.0
full_ols_av,pass,-0.8813,5.0
full_ols_av,pass,-1.4782,4.0
full_ols_av,pass,-1.6554,0.0
full_ols_av,pass,0.4469,0.0
full_ols_av,pass,-2.1488,5.0
full_ols_av,pass,-0.3524,7.0
full_ols_av,pass,-1.8729,2.0
full_ols_av,pass,0.6333,4.0
full_ols_av,pass,2.9571,8.0
full_ols_av,pass,0.478,4.0
full_ols_av,pass,-0.3151,7.0
full_ols_av,pass,-2.846,3.0
full_ols_av,pass,-0.46,9.0
full_ols_av,pass,0.1703,5.0
full_ols_av,pass,-0.2767,8.0
full_ols_av,pass,0.6385,8.0
full_ols_av,pass,1.1904,6.0
full_ols_av,pass,0.0676,0.0
full_ols_av,pass,-1.1469,0.0
full_ols_av,pass,1.4947,8.0
full_ols_av,pass,-2.0529,2.0
full_ols_av,pass,-1.9374,3.0
full_ols_av,pass,1.5519,6.0
full_ols_av,pass,-1.6166,4.0
full_ols_av,pass,-2.0705,4.0
full_ols_av,pass,-0.5461,5.0
full_ols_av,pass,-0.3094,0.0
full_ols_av,pass,-2.0316,2.0
full_ols_av,pass,0.0932,0.0
full_ols_av,pass,-0.5211,7.0
full_ols_av,pass,-0.0932,0.0
full_ols_av,pass,-1.321,3.0
full_ols_av,pass,-0.2098,3.0
full_ols_av,pass,-1.9165,2.0
full_ols_av,pass,0.3792,0.0
full_ols_av,pass,-1.6252,4.0
full_ols_av,pass,-1.8804,2.0
full_ols_av,pass,0.0579,0.0
full_ols_av,pass,0.0017,7.0
full_ols_av,pass,-1.6549,4.0
full_ols_av,pass,0.697,4.0
full_ols_av,pass,0.2713,9.0
full_ols_av,pass,2.0798,7.0
full_ols_av,pass,-1.0444,7.0
full_ols_av,pass,-0.0703,8.0
full_ols_av,pass,0.5531,0.0
full_ols_av,pass,-2.569,0.0
full_ols_av,pass,0.0714,7.0
full_ols_av,pass,-0.2534,4.0
full_ols_av,pass,0.6562,8.0
full_ols_av,pass,-0.3169,5.0
full_ols_av,pass,-1.2896,0.0
full_ols_av,pass,0.4944,0.0
full_ols_av,pass,-0.8604,0.0
full_ols_av,pass,-0.349,5.0
full_ols_av,pass,-0.1662,3.0
full_ols_av,pass,1.7771,8.0
full_ols_av,pass,-1.1399,5.0
full_ols_av,pass,-0.5122,3.0
full_ols_av,pass,1.3259,0.0
full_ols_av,pass,-3.4698,2.0
full_ols_av,pass,-2.8961,5.0
full_ols_av,pass,-0.7261,7.0
full_ols_av,pass,-1.0558,3.0
full_ols_av,pass,0.0326,0.0
full_ols_av,pass,-0.4344,0.0
full_ols_av,pass,-0.0233,5.0
full_ols_av,pass,-0.0825,0.0
full_ols_av,pass,-0.3461,0.0
full_ols_av,pass,0.7204,9.0
full_ols_av,pass,0.9838,2.0
full_ols_av,pass,-2.2831,1.0
full_ols_av,pass,2.6044,9.0
full_ols_av,pass,-1.2304,0.0
full_ols_av,pass,-2.3741,3.0
full_ols_av,pass,-1.2722,0.0
full_ols_av,pass,-0.8172,7.0
full_ols_av,pass,-0.2429,0.0
full_ols_av,pass,1.0995,5.0
full_ols_av,pass,0.0626,4.0
full_ols_av,pass,-0.0786,0.0
full_ols_av,pass,-1.7362,5.0
full_ols_av,pass,-0.8051,4.0
full_ols_av,pass,-1.1609,5.0
full_ols_av,pass,-0.73,0.0
full_ols_av,pass,0.8187,0.0
full_ols_av,pass,1.3123,6.0
full_ols_av,pass,-2.2828,2.0
full_ols_av,pass,1.0801,6.0
full_ols_av,pass,-0.2943,0.0
full_ols_av,pass,-2.5849,1.0
full_ols_av,pass,-3.0394,2.0
full_ols_av,pass,-0.6941,0.0
full_ols_av,pass,0.5797,5.0
full_ols_av,pass,1.6554,5.0
full_ols_av,pass,0.3707,0.0
full_ols_av,pass,0.2481,3.0
full_ols_av,pass,1.4369,0.0
full_ols_av,pass,0.3355,7.0
full_ols_av,pass,-1.4776,3.0
full_ols_av,pass,-0.1966,4.0
full_ols_av,pass,-1.1028,4.0
full_ols_av,pass,-0.66,0.0
full_ols_av,pass,-0.0252,0.0
full_ols_av,pass,0.4468,5.0
full_ols_av,pass,-0.6615,3.0
full_ols_av,pass,-2.789,3.0
full_ols_av,pass,-3.0936,5.0
full_ols_av,pass,-0.1386,3.0
full_ols_av,pass,0.082,3.0
full_ols_av,pass,-0.7232,5.0
full_ols_av,pass,-1.3936,4.0
full_ols_av,pass,-1.7093,3.0
full_ols_av,pass,0.0252,0.0
full_ols_av,pass,-1.304,3.0
full_ols_av,pass,0.4784,4.0
full_ols_av,pass,-0.0681,5.0
full_ols_av,pass,-1.1791,0.0
full_ols_av,pass,-1.638,5.0
full_ols_av,pass,0.1267,7.0
full_ols_av,pass,-0.0726,5.0
full_ols_av,pass,1.7999,6.0
full_ols_av,pass,0.0199,0.0
full_ols_av,pass,-1.4899,2.0
full_ols_av,pass,-1.5511,3.0
full_ols_av,pass,2.101,8.0
full_ols_av,pass,-1.3094,2.0
full_ols_av,pass,-1.4138,0.0
full_ols_av,pass,-2.6567,4.0
full_ols_av,pass,0.0637,0.0
full_ols_av,pass,-0.4189,9.0
full_ols_av,pass,-0.6742,2.0
full_ols_av,pass,-0.6869,0.0
full_ols_av,pass,-2.0138,3.0
full_ols_av,pass,-2.8966,1.0
full_ols_av,pass,-0.3242,4.0
full_ols_av,pass,0.2086,0.0
full_ols_av,pass,-0.296,0.0
full_ols_av,pass,-0.5428,5.0
full_ols_av,pass,-1.7502,6.0
full_ols_av,pass,1.4323,7.0
full_ols_av,pass,-1.4185,4.0
full_ols_av,pass,-0.7384,0.0
full_ols_av,pass,0.6596,0.0
full_ols_av,pass,-1.0861,2.0
full_ols_av,pass,-1.2063,0.0
full_ols_av,pass,0.9707,0.0
full_ols_av,pass,-0.4537,2.0
full_ols_av,pass,-0.2985,4.0
full_ols_av,pass,0.0753,4.0
full_ols_av,pass,1.3918,10.0
full_ols_av,pass,-0.4888,0.0
full_ols_av,pass,0.2618,10.0
full_ols_av,pass,-0.6826,7.0
full_ols_av,pass,0.0808,0.0
full_ols_av,pass,1.204,5.0
full_ols_av,pass,-0.7999,0.0
full_ols_av,pass,-0.7887,4.0
full_ols_av,pass,-1.1327,5.0
full_ols_av,pass,-1.6982,4.0
full_ols_av,pass,0.1221,0.0
full_ols_av,pass,-0.4352,0.0
full_ols_av,pass,0.2811,0.0
full_ols_av,pass,-0.34,0.0
full_ols_av,pass,0.2875,4.0
full_ols_av,pass,-1.7648,2.0
full_ols_av,pass,-0.5058,9.0
full_ols_av,pass,1.985,6.0
full_ols_av,pass,-0.4139,0.0
full_ols_av,pass,-1.5084,8.0
full_ols_av,pass,1.3084,7.0
full_ols_av,pass,-1.7232,3.0
full_ols_av,pass,-2.4152,2.0
full_ols_av,pass,-0.3496,3.0
full_ols_av,pass,-0.1085,0.0
full_ols_av,pass,-1.0726,2.0
full_ols_av,pass,-1.5528,5.0
full_ols_av,pass,-2.4934,3.0
full_ols_av,pass,0.5429,9.0
full_ols_av,pass,-0.6018,3.0
full_ols_av,pass,-1.9131,4.0
full_ols_av,pass,-1.1814,0.0
full_ols_av,pass,-0.0397,0.0
full_ols_av,pass,1.8253,6.0
full_ols_av,pass,-2.1792,5.0
full_ols_av,pass,-2.1904,2.0
full_ols_av,pass,-2.012,5.0
full_ols_av,pass,0.7057,0.0
full_ols_av,pass,-0.5133,8.0
full_ols_av,pass,-0.1014,0.0
full_ols_av,pass,-0.8643,4.0
full_ols_av,pass,-0.9418,5.0
full_ols_av,pass,-1.6308,5.0
full_ols_av,pass,-1.061,3.0
full_ols_av,pass,-0.087,6.0
full_ols_av,pass,-0.3593,4.0
full_ols_av,pass,-1.8955,2.0
full_ols_av,pass,0.8985,0.0
full_ols_av,pass,2.3611,4.0
full_ols_av,pass,1.6216,6.0
full_ols_av,pass,1.3282,7.0
full_ols_av,pass,0.2144,5.0
full_ols_av,pass,1.1231,10.0
full_ols_av,pass,-1.1706,2.0
full_ols_av,pass,1.2555,7.0
full_ols_av,pass,0.1742,5.0
full_ols_av,pass,0.6547,0.0
full_ols_av,pass,1.617,8.0
full_ols_av,pass,-0.8734,3.0
full_ols_av,pass,-1.1412,7.0
full_ols_av,pass,-2.4073,5.0
full_ols_av,pass,-0.6243,0.0
full_ols_av,pass,0.4712,8.0
full_ols_av,pass,0.6301,7.0
full_ols_av,pass,-1.2733,4.0
full_ols_av,pass,-1.2211,3.0
full_ols_av,pass,1.253,0.0
full_ols_av,pass,-0.1883,0.0
full_ols_av,pass,-2.3489,3.0
full_ols_av,pass,-0.8042,0.0
full_ols_av,pass,-1.225,3.0
full_ols_av,pass,1.108,6.0
full_ols_av,pass,0.1438,7.0
full_ols_av,pass,-0.2885,7.0
full_ols_av,pass,-0.7221,10.0
full_ols_av,pass,-0.8681,8.0
full_ols_av,pass,-1.219,6.0
full_ols_av,pass,-1.4143,3.0
full_ols_av,pass,0.6475,8.0
full_ols_av,pass,-0.0119,5.0
full_ols_av,pass,0.2887,0.0
full_ols_av,pass,-0.2968,0.0
full_ols_av,pass,-0.2016,1.0
full_ols_av,pass,-0.9115,5.0
full_ols_av,pass,1.2659,4.0
full_ols_av,pass,-2.318,1.0
full_ols_av,pass,-2.0605,4.0
full_ols_av,pass,0.405,0.0
full_ols_av,pass,-0.5891,0.0
full_ols_av,pass,-1.2197,4.0
full_ols_av,pass,-1.0869,5.0
full_ols_av,pass,0.1901,2.0
full_ols_av,pass,1.7145,7.0
full_ols_av,pass,1.925,3.0
full_ols_av,pass,-1.2716,3.0
full_ols_av,pass,-2.1147,4.0
full_ols_av,pass,1.1745,0.0
full_ols_av,pass,0.0106,0.0
full_ols_av,pass,-0.3704,6.0
full_ols_av,pass,-0.434,4.0
full_ols_av,pass,-0.0641,0.0
full_ols_av,pass,0.2662,0.0
full_ols_av,pass,2.5611,8.0
full_ols_av,pass,0.1433,1.0
full_ols_av,pass,-0.7494,4.0
full_ols_av,pass,2.0656,7.0
full_ols_av,pass,-1.2229,4.0
full_ols_av,pass,0.109,0.0
full_ols_av,pass,-1.4905,2.0
full_ols_av,pass,-1.6541,7.0
full_ols_av,pass,-0.3922,0.0
full_ols_av,pass,-0.2227,0.0
full_ols_av,pass,-0.6431,4.0
full_ols_av,pass,0.3599,0.0
full_ols_av,pass,0.5336,0.0
full_ols_av,pass,-0.8598,5.0
full_ols_av,pass,-0.7977,2.0
full_ols_av,pass,-0.2788,9.0
full_ols_av,pass,0.177,7.0
full_ols_av,pass,-1.1384,0.0
full_ols_av,pass,-0.9146,5.0
full_ols_av,pass,-1.6706,6.0
full_ols_av,pass,-1.1803,0.0
full_ols_av,pass,-1.0516,3.0
full_ols_av,pass,-1.2772,1.0
full_ols_av,pass,0.9409,0.0
full_ols_av,pass,0.103,2.0
full_ols_av,pass,-2.5446,2.0
full_ols_av,pass,-0.3109,8.0
full_ols_av,pass,-1.0543,5.0
full_ols_av,pass,-0.1386,0.0
full_ols_av,pass,0.4368,0.0
full_ols_av,pass,-0.4101,3.0
full_ols_av,pass,-2.4649,2.0
full_ols_av,pass,-0.7346,4.0
full_ols_av,pass,0.2175,4.0
full_ols_av,pass,-0.5161,0.0
full_ols_av,pass,-3.6125,5.0
full_ols_av,pass,0.8444,0.0
full_ols_av,pass,1.373,7.0
full_ols_av,pass,0.0838,7.0
full_ols_av,pass,-0.0346,0.0
full_ols_av,pass,1.4384,6.0
full_ols_av,pass,-1.3377,5.0
full_ols_av,pass,2.4663,3.0
full_ols_av,pass,-0.3338,0.0
full_ols_av,pass,-2.8918,4.0
full_ols_av,pass,-1.5651,4.0
full_ols_av,pass,1.4528,9.0
full_ols_av,pass,-0.7705,3.0
full_ols_av,pass,1.5707,5.0
full_ols_av,pass,-1.2452,2.0
full_ols_av,pass,0.7107,4.0
full_ols_av,pass,-2.0251,4.0
full_ols_av,pass,1.4106,8.0
full_ols_av,pass,0.2512,6.0
full_ols_av,pass,0.5782,3.0
full_ols_av,pass,0.76,0.0
full_ols_av,pass,-2.0975,7.0
full_ols_av,pass,-1.003,0.0
full_ols_av,pass,-0.3727,0.0
full_ols_av,pass,0.6979,0.0
full_ols_av,pass,-0.7307,3.0
full_ols_av,pass,0.1301,5.0
full_ols_av,pass,-2.4468,5.0
full_ols_av,pass,-2.6142,2.0
full_ols_av,pass,-1.0126,0.0
full_ols_av,pass,-0.4357,0.0
full_ols_av,pass,-1.882,1.0
full_ols_av,pass,-0.4142,2.0
full_ols_av,pass,-2.3406,4.0
full_ols_av,pass,-0.8768,8.0
full_ols_av,pass,-3.2535,4.0
full_ols_av,pass,-2.0462,2.0
full_ols_av,pass,0.7594,8.0
full_ols_av,pass,0.0615,0.0
full_ols_av,pass,-1.5767,0.0
full_ols_av,pass,0.664,7.0
full_ols_av,pass,0.6569,0.0
full_ols_av,pass,-0.8915,4.0
full_ols_av,pass,-0.9859,1.0
full_ols_av,pass,-0.5298,0.0
full_ols_av,pass,-0.8917,0.0
full_ols_av,pass,-0.4692,4.0
full_ols_av,pass,-0.614,6.0
full_ols_av,pass,0.8089,9.0
full_ols_av,pass,-0.6463,5.0
full_ols_av,pass,-1.0602,3.0
full_ols_av,pass,-0.8118,0.0
full_ols_av,pass,0.8284,5.0
full_ols_av,pass,-0.8123,4.0
full_ols_av,pass,-1.0254,2.0
full_ols_av,pass,-0.7731,0.0
full_ols_av,pass,-0.3681,5.0
full_ols_av,pass,1.2055,5.0
full_ols_av,pass,-0.16,4.0
full_ols_av,pass,-2.0829,4.0
full_ols_av,pass,-0.9745,0.0
full_ols_av,pass,2.6941,6.0
full_ols_av,pass,2.0401,10.0
full_ols_av,pass,-0.2385,6.0
full_ols_av,pass,-1.5925,4.0
full_ols_av,pass,0.0356,2.0
full_ols_av,pass,-2.3625,4.0
full_ols_av,pass,0.7121,0.0
full_ols_av,pass,-2.7953,4.0
full_ols_av,pass,-0.1627,0.0
full_ols_av,pass,-1.1637,0.0
full_ols_av,pass,-0.3604,6.0
full_ols_av,pass,0.6289,0.0
full_ols_av,pass,-1.7909,2.0
full_ols_av,pass,-1.4187,5.0
full_ols_av,pass,-1.0682,3.0
full_ols_av,pass,-1.3962,3.0
full_ols_av,pass,-1.679,2.0
full_ols_av,pass,-1.9666,6.0
full_ols_av,pass,-0.1345,7.0
full_ols_av,pass,-0.6368,0.0
full_ols_av,pass,-1.1291,0.0
full_ols_av,pass,-0.9158,0.0
full_ols_av,pass,-0.4014,0.0
full_ols_av,pass,-1.9654,0.0
full_ols_av,pass,0.9784,0.0
full_ols_av,pass,-0.8921,0.0
full_ols_av,pass,2.2551,8.0
full_ols_av,pass,-0.748,3.0
full_ols_av,pass,-1.0325,0.0
full_ols_av,pass,-1.5622,4.0
full_ols_av,pass,0.3293,10.0
full_ols_av,pass,0.4916,0.0
full_ols_av,pass,-1.1209,3.0
full_ols_av,pass,-1.8663,4.0
full_ols_av,pass,-0.0536,0.0
full_ols_av,pass,-1.9191,0.0
full_ols_av,pass,-0.7146,4.0
full_ols_av,pass,-0.0402,4.0
full_ols_av,pass,-0.0119,0.0
full_ols_av,pass,-2.0733,4.0
full_ols_av,pass,-0.8052,0.0
full_ols_av,pass,-0.4079,2.0
full_ols_av,pass,-0.187,4.0
full_ols_av,pass,-0.9748,2.0
full_ols_av,pass,0.7049,4.0
full_ols_av,pass,-0.1734,8.0
full_ols_av,pass,-0.1789,0.0
full_ols_av,pass,-1.983,2.0
full_ols_av,pass,1.1899,0.0
full_ols_av,pass,0.1024,9.0
full_ols_av,pass,0.0345,4.0
full_ols_av,pass,-0.2582,3.0
full_ols_av,pass,-1.6474,4.0
full_ols_av,pass,-0.1598,5.0
full_ols_av,pass,0.4018,0.0
full_ols_av,pass,-0.3022,0.0
full_ols_av,pass,-0.5045,4.0
full_ols_av,pass,-1.3559,4.0
full_ols_av,pass,0.0528,0.0
full_ols_av,pass,-1.3497,0.0
full_ols_av,pass,0.1579,6.0
full_ols_av,pass,1.2007,6.0
full_ols_av,pass,0.5039,0.0
full_ols_av,pass,-3.4094,2.0
full_ols_av,pass,1.2766,8.0
full_ols_av,pass,-1.3974,7.0
full_ols_av,pass,0.1067,0.0
full_ols_av,pass,-1.9002,4.0
full_ols_av,pass,-0.8632,4.0
full_ols_av,pass,-0.6159,0.0
full_ols_av,pass,1.1579,0.0
full_ols_av,pass,1.0777,7.0
full_ols_av,pass,-0.7425,7.0
full_ols_av,pass,-1.6389,5.0
full_ols_av,pass,-2.2933,2.0
full_ols_av,pass,2.4022,7.0
full_ols_av,pass,0.2647,9.0
full_ols_av,pass,-0.5166,0.0
full_ols_av,pass,-3.4333,2.0
full_ols_av,pass,-2.117,3.0
full_ols_av,pass,0.9106,4.0
full_ols_av,pass,0.3028,0.0
full_ols_av,pass,-1.7997,3.0
full_ols_av,pass,-0.9536,0.0
full_ols_av,pass,-1.8603,5.0
full_ols_av,pass,0.6938,5.0
full_ols_av,pass,-1.9012,5.0
full_ols_av,pass,0.5163,3.0
full_ols_av,pass,-0.8949,2.0
full_ols_av,pass,1.1342,8.0
full_ols_av,pass,-0.8108,2.0
full_ols_av,pass,-0.3616,5.0
full_ols_av,pass,1.2795,9.0
full_ols_av,pass,0.5909,4.0
full_ols_av,pass,-0.7849,0.0
full_ols_av,pass,0.4187,2.0
full_ols_av,pass,-1.622,0.0
full_ols_av,pass,0.4138,6.0
full_ols_av,pass,-2.1354,2.0
full_ols_av,pass,-0.3075,3.0
full_ols_av,pass,-0.9506,3.0
full_ols_av,pass,-1.0258,5.0
full_ols_av,pass,-0.7309,3.0
full_ols_av,pass,-1.5892,8.0
full_ols_av,pass,1.2145,5.0
full_ols_av,pass,-0.8768,2.0
full_ols_av,pass,-1.0737,5.0
full_ols_av,pass,-1.2365,7.0
full_ols_av,pass,1.1179,0.0
full_ols_av,pass,-1.3597,0.0
full_ols_av,pass,1.1866,6.0
full_ols_av,pass,-1.4469,9.0
full_ols_av,pass,2.1209,7.0
full_ols_av,pass,-0.8195,1.0
full_ols_av,pass,0.3434,5.0
full_ols_av,pass,1.7939,7.0
full_ols_av,pass,1.9592,8.0
full_ols_av,pass,-0.853,3.0
full_ols_av,pass,-3.0962,5.0
full_ols_av,pass,1.8006,9.0
full_ols_av,pass,-0.9523,0.0
full_ols_av,pass,-1.2932,4.0
full_ols_av,pass,-0.5822,5.0
full_ols_av,pass,-0.0127,0.0
full_ols_av,pass,-0.4769,0.0
full_ols_av,pass,-0.8523,8.0
full_ols_av,pass,-0.9646,3.0
full_ols_av,pass,0.1377,2.0
full_ols_av,pass,-1.4437,0.0
full_ols_av,pass,0.0149,6.0
full_ols_av,pass,-0.8771,4.0
full_ols_av,pass,-1.4734,4.0
full_ols_av,pass,0.0564,4.0
full_ols_av,pass,-0.6725,5.0
full_ols_av,pass,-0.371,5.0
full_ols_av,pass,-0.5184,7.0
full_ols_av,pass,-0.092,0.0
full_ols_av,pass,-0.0625,6.0
full_ols_av,pass,0.0712,0.0
full_ols_av,pass,1.3432,3.0
full_ols_av,pass,-0.6965,5.0
full_ols_av,pass,2.317,6.0
full_ols_av,pass,-0.9779,1.0
full_ols_av,pass,-0.7351,3.0
full_ols_av,pass,-0.8886,6.0
full_ols_av,pass,0.2079,0.0
full_ols_av,pass,-2.1023,2.0
full_ols_av,pass,-2.1379,2.0
full_ols_av,pass,-2.0292,4.0
full_ols_av,pass,-0.4903,3.0
full_ols_av,pass,1.5066,6.0
full_ols_av,pass,-3.1515,3.0
full_ols_av,pass,-0.6124,0.0
full_ols_av,pass,1.6969,6.0
full_ols_av,pass,-0.0045,0.0
full_ols_av,pass,-0.6016,0.0
full_ols_av,pass,-0.083,3.0
full_ols_av,pass,-0.7631,5.0
full_ols_av,pass,-0.9512,0.0
full_ols_av,pass,-0.4487,6.0
full_ols_av,pass,-0.3657,3.0
full_ols_av,pass,-0.8704,8.0
full_ols_av,pass,1.8513,9.0
full_ols_av,pass,0.4116,0.0
full_ols_av,pass,-1.3791,3.0
full_ols_av,pass,-0.0209,3.0
full_ols_av,pass,-1.0996,0.0
full_ols_av,pass,0.9822,7.0
full_ols_av,pass,0.7515,0.0
full_ols_av,pass,-2.5979,2.0
full_ols_av,pass,-1.288,5.0
full_ols_av,pass,-0.9944,2.0
full_ols_av,pass,0.1138,0.0
full_ols_av,pass,-0.0923,3.0
full_ols_av,pass,-3.0845,3.0
full_ols_av,pass,-1.1988,3.0
full_ols_av,pass,0.8359,0.0
full_ols_av,pass,0.7661,0.0
full_ols_av,pass,-0.6944,0.0
full_ols_av,pass,-0.7253,6.0
full_ols_av,pass,-0.9023,5.0
full_ols_av,pass,0.912,5.0
full_ols_av,pass,-1.5635,2.0
full_ols_av,pass,-0.5226,2.0
full_ols_av,pass,-0.9556,3.0
full_ols_av,pass,0.8271,6.0
full_ols_av,pass,-1.3771,5.0
full_ols_av,pass,-0.9159,5.0
full_ols_av,pass,-0.4296,0.0
full_ols_av,pass,-1.5243,0.0
full_ols_av,pass,-0.5402,0.0
full_ols_av,pass,0.7172,2.0
full_ols_av,pass,0.1876,0.0
full_ols_av,pass,2.3501,8.0
full_ols_av,pass,-0.06,3.0
full_ols_av,pass,-1.2074,0.0
full_ols_av,pass,0.742,5.0
full_ols_av,pass,0.0603,0.0
full_ols_av,pass,-0.066,7.0
full_ols_av,pass,-0.9087,2.0
full_ols_av,pass,-0.372,0.0
full_ols_av,pass,-0.1768,6.0
full_ols_av,pass,-2.0585,5.0
full_ols_av,pass,-0.6251,4.0
full_ols_av,pass,-1.9726,4.0
full_ols_av,pass,0.1033,2.0
full_ols_av,pass,-0.8197,0.0
full_ols_av,pass,2.3996,7.0
full_ols_av,pass,-0.5393,0.0
full_ols_av,pass,-0.1614,4.0
full_ols_av,pass,-0.4689,4.0
full_ols_av,pass,-2.4759,4.0
full_ols_av,pass,0.1753,0.0
full_ols_av,pass,-0.7852,4.0
full_ols_av,pass,0.2475,0.0
full_ols_av,pass,-0.9746,0.0
full_ols_av,pass,-0.0567,0.0
full_ols_av,pass,-1.5568,3.0
full_ols_av,pass,-0.1885,2.0
full_ols_av,pass,-0.8717,2.0
full_ols_av,pass,-0.1181,0.0
full_ols_av,pass,-2.4325,2.0
full_ols_av,pass,-1.0402,2.0
full_ols_av,pass,-0.0138,0.0
full_ols_av,pass,-1.434,6.0
full_ols_av,pass,-0.12,0.0
full_ols_av,pass,0.6165,0.0
full_ols_av,pass,-3.5839,3.0
full_ols_av,pass,-0.9606,0.0
full_ols_av,pass,0.5838,10.0
full_ols_av,pass,2.4107,5.0
full_ols_av,pass,-0.4538,0.0
full_ols_av,pass,-0.3286,0.0
full_ols_av,pass,0.6902,6.0
full_ols_av,pass,-0.3698,0.0
full_ols_av,pass,-2.6938,3.0
full_ols_av,pass,0.822,5.0
full_ols_av,pass,1.5598,4.0
full_ols_av,pass,-0.0024,1.0
full_ols_av,pass,1.3096,9.0
full_ols_av,pass,-1.3115,0.0
full_ols_av,pass,-0.74,4.0
full_ols_av,pass,-1.5313,5.0
full_ols_av,pass,-2.6312,3.0
full_ols_av,pass,-0.9921,4.0
full_ols_av,pass,0.452,8.0
full_ols_av,pass,-1.0108,3.0
full_ols_av,pass,-2.0696,7.0
full_ols_av,pass,-1.3466,0.0
full_ols_av,pass,-0.2225,3.0
full_ols_av,pass,-0.353,0.0
full_ols_av,pass,2.4975,9.0
full_ols_av,pass,0.9674,0.0
full_ols_av,pass,-1.1858,4.0
full_ols_av,pass,2.8154,5.0
full_ols_av,pass,-0.4061,3.0
full_ols_av,pass,0.198,0.0
full_ols_av,pass,-1.5218,3.0
full_ols_av,pass,-0.4858,4.0
full_ols_av,pass,1.0158,4.0
full_ols_av,pass,0.7325,5.0
full_ols_av,pass,0.2927,0.0
full_ols_av,pass,1.0962,0.0
full_ols_av,pass,-0.5671,2.0
full_ols_av,pass,-0.9803,0.0
full_ols_av,pass,1.3057,5.0
full_ols_av,pass,0.3136,0.0
full_ols_av,pass,-1.3944,5.0
full_ols_av,pass,-0.6917,0.0
full_ols_av,pass,-2.2544,2.0
full_ols_av,pass,-0.3335,6.0
full_ols_av,pass,0.5751,7.0
full_ols_av,pass,0.0467,0.0
full_ols_av,pass,-0.8936,0.0
full_ols_av,pass,-1.2955,0.0
full_ols_av,pass,-1.4254,4.0
full_ols_av,pass,-2.8116,4.0
full_ols_av,pass,-0.7544,3.0
full_ols_av,pass,-1.5335,5.0
full_ols_av,pass,-1.0483,3.0
full_ols_av,pass,-0.0812,0.0
full_ols_av,pass,1.0675,0.0
full_ols_av,pass,-1.0456,0.0
full_ols_av,pass,-2.9513,4.0
full_ols_av,pass,-0.455,2.0
full_ols_av,pass,-1.4176,2.0
full_ols_av,pass,0.9129,0.0
full_ols_av,pass,-0.3884,2.0
full_ols_av,pass,-0.6799,5.0
full_ols_av,pass,-1.3223,0.0
full_ols_av,pass,-3.981,2.0
full_ols_av,pass,-0.622,3.0
full_ols_av,pass,0.9118,0.0
full_ols_av,pass,-0.7034,0.0
full_ols_av,pass,0.8731,7.0
full_ols_av,pass,-0.9092,0.0
full_ols_av,pass,-1.7052,0.0
full_ols_av,pass,-1.8133,0.0
full_ols_av,pass,-2.3732,2.0
full_ols_av,pass,-1.1348,5.0
full_ols_av,pass,1.8361,8.0
full_ols_av,pass,-0.4976,0.0
full_ols_av,pass,-1.7444,5.0
full_ols_av,pass,-0.8084,7.0
full_ols_av,pass,0.0449,0.0
full_ols_av,pass,-2.6208,4.0
full_ols_av,pass,-2.3079,1.0
full_ols_av,pass,-0.1361,6.0
full_ols_av,pass,-1.6695,4.0
full_ols_av,pass,-2.3232,2.0
full_ols_av,pass,-0.1479,5.0
full_ols_av,pass,-0.7375,0.0
full_ols_av,pass,-1.5616,3.0
full_ols_av,pass,-1.5195,1.0
full_ols_av,pass,-0.2419,0.0
full_ols_av,pass,1.1438,4.0
full_ols_av,pass,-0.4967,0.0
full_ols_av,pass,0.0007,7.0
full_ols_av,pass,1.1882,6.0
full_ols_av,pass,-0.4039,0.0
full_ols_av,pass,-0.8254,4.0
full_ols_av,pass,-0.6002,0.0
full_ols_av,pass,-0.6278,0.0
full_ols_av,pass,2.934,6.0
full_ols_av,pass,-0.3804,2.0
full_ols_av,pass,-0.0207,0.0
full_ols_av,pass,-1.2593,8.0
full_ols_av,pass,1.0734,8.0
full_ols_av,pass,-0.7527,5.0
full_ols_av,pass,-0.4664,1.0
full_ols_av,pass,0.0532,0.0
full_ols_av,pass,1.7596,6.0
full_ols_av,pass,-0.0937,4.0
full_ols_av,pass,-1.1419,2.0
full_ols_av,pass,0.4943,6.0
full_ols_av,pass,-0.7937,1.0
full_ols_av,pass,1.2028,8.0
full_ols_av,pass,1.3378,4.0
full_ols_av,pass,-0.7584,3.0
full_ols_av,pass,1.5419,7.0
full_ols_av,pass,1.7722,6.0
full_ols_av,pass,0.5269,7.0
full_ols_av,pass,-0.0751,0.0
full_ols_av,pass,-0.1795,0.0
full_ols_av,pass,-0.4202,1.0
full_ols_av,pass,-1.3304,1.0
full_ols_av,pass,-0.8544,0.0
full_ols_av,pass,-2.0332,5.0
full_ols_av,pass,-0.8503,3.0
full_ols_av,pass,-1.5179,1.0
full_ols_av,pass,-0.6783,0.0
full_ols_av,pass,1.7938,0.0
full_ols_av,pass,-1.5066,5.0
full_ols_av,pass,-3.1446,3.0
full_ols_av,pass,0.1118,0.0
full_ols_av,pass,3.1072,8.0
full_ols_av,pass,0.6376,0.0
full_ols_av,pass,1.8746,6.0
full_ols_av,pass,-0.8039,2.0
full_ols_av,pass,-0.0007,0.0
full_ols_av,pass,-0.0378,0.0
full_ols_av,pass,3.1409,7.0
full_ols_av,pass,-1.3669,4.0
full_ols_av,pass,-0.5495,7.0
full_ols_av,pass,-0.3413,0.0
full_ols_av,pass,0.9636,7.0
full_ols_av,pass,-1.4373,4.0
full_ols_av,pass,-0.3754,2.0
full_ols_av,pass,0.575,3.0
full_ols_av,pass,-2.4964,3.0
full_ols_av,pass,-0.7915,1.0
full_ols_av,pass,-1.8411,4.0
full_ols_av,pass,0.0136,2.0
full_ols_av,pass,-2.4548,2.0
full_ols_av,pass,-1.2414,4.0
full_ols_av,pass,-2.0403,3.0
full_ols_av,pass,0.5745,5.0
full_ols_av,pass,-1.2341,3.0
full_ols_av,pass,-1.8017,4.0
full_ols_av,pass,-0.7269,0.0
full_ols_av,pass,-0.9835,0.0
full_ols_av,pass,-0.3198,3.0
full_ols_av,pass,0.7273,9.0
full_ols_av,pass,0.2362,4.0
full_ols_av,pass,-0.0695,2.0
full_ols_av,pass,0.0347,6.0
full_ols_av,pass,-2.38,3.0
full_ols_av,pass,0.6277,0.0
full_ols_av,pass,-0.0027,5.0
full_ols_av,pass,0.6437,6.0
full_ols_av,pass,1.768,6.0
full_ols_av,pass,-0.1412,8.0
full_ols_av,pass,-2.6468,1.0
full_ols_av,pass,1.0253,5.0
full_ols_av,pass,-0.363,3.0
full_ols_av,pass,-0.8783,0.0
full_ols_av,pass,0.9085,7.0
full_ols_av,pass,-0.6208,5.0
full_ols_av,pass,-0.1328,6.0
full_ols_av,pass,1.0646,0.0
full_ols_av,pass,-1.3483,0.0
full_ols_av,pass,1.1795,0.0
full_ols_av,pass,-0.921,5.0
full_ols_av,pass,1.156,7.0
full_ols_av,pass,-1.4003,6.0
full_ols_av,pass,2.3243,8.0
full_ols_av,pass,-2.1406,6.0
full_ols_av,pass,0.4407,7.0
full_ols_av,pass,0.2837,6.0
full_ols_av,pass,-0.2416,0.0
full_ols_av,pass,-0.2266,0.0
full_ols_av,pass,0.0062,0.0
full_ols_av,pass,-1.7109,3.0
full_ols_av,pass,-0.8038,0.0
full_ols_av,pass,2.919,6.0
full_ols_av,pass,2.8831,6.0
full_ols_av,pass,-0.4861,0.0
full_ols_av,pass,1.6449,0.0
full_ols_av,pass,0.5463,3.0
full_ols_av,pass,-1.4903,6.0
full_ols_av,pass,-0.9484,3.0
full_ols_av,pass,-1.3744,3.0
full_ols_av,pass,-1.2536,0.0
full_ols_av,pass,0.4467,7.0
full_ols_av,pass,0.1453,3.0
full_ols_av,pass,-1.494,4.0
full_ols_av,pass,0.4949,6.0
full_ols_av,pass,0.5097,0.0
full_ols_av,pass,-3.2848,5.0
full_ols_av,pass,-0.2402,4.0
full_ols_av,pass,-0.8292,4.0
full_ols_av,pass,0.4405,0.0
full_ols_av,pass,0.0077,3.0
full_ols_av,pass,-0.238,0.0
full_ols_av,pass,-0.2535,9.0
full_ols_av,pass,0.1425,5.0
full_ols_av,pass,-1.8099,4.0
full_ols_av,pass,-0.2562,7.0
full_ols_av,pass,-0.0725,5.0
full_ols_av,pass,0.3224,0.0
full_ols_av,pass,-1.0232,5.0
full_ols_av,pass,0.1792,0.0
full_ols_av,pass,0.1848,0.0
full_ols_av,pass,0.2356,0.0
full_ols_av,pass,-0.2335,2.0
full_ols_av,pass,-1.6555,7.0
full_ols_av,pass,0.1918,4.0
full_ols_av,pass,-2.0384,3.0
full_ols_av,pass,-1.0225,3.0
full_ols_av,pass,0.7495,4.0
full_ols_av,pass,-1.9173,4.0
full_ols_av,pass,-0.1738,0.0
full_ols_av,pass,1.0104,7.0
full_ols_av,pass,-0.356,0.0
full_ols_av,pass,-0.9616,4.0
full_ols_av,pass,-1.5454,0.0
full_ols_av,pass,-0.9321,2.0
full_ols_av,pass,-0.8424,6.0
full_ols_av,pass,-0.6271,5.0
full_ols_av,pass,-0.44,3.0
full_ols_av,pass,-2.0149,5.0
full_ols_av,pass,0.3847,0.0
full_ols_av,pass,-1.4736,2.0
full_ols_av,pass,-0.914,7.0
full_ols_av,pass,-0.5847,0.0
full_ols_av,pass,-1.2801,1.0
full_ols_av,pass,-1.9004,2.0
full_ols_av,pass,-0.1082,3.0
full_ols_av,pass,-3.2406,5.0
full_ols_av,pass,-1.3176,4.0
full_ols_av,pass,-0.2963,0.0
full_ols_av,pass,-0.4956,4.0
full_ols_av,pass,0.0282,5.0
full_ols_av,pass,0.4888,4.0
full_ols_av,pass,0.3,0.0
full_ols_av,pass,-0.5328,9.0
full_ols_av,pass,-1.2942,3.0
full_ols_av,pass,-1.3981,2.0
full_ols_av,pass,0.1053,6.0
full_ols_av,pass,-1.8818,1.0
full_ols_av,pass,0.2739,5.0
full_ols_av,pass,-2.2291,2.0
full_ols_av,pass,0.1165,2.0
full_ols_av,pass,-1.7918,4.0
full_ols_av,pass,-2.3446,5.0
full_ols_av,pass,-0.1299,0.0
full_ols_av,pass,-1.8662,4.0
full_ols_av,pass,-0.3576,0.0
full_ols_av,pass,0.1758,0.0
full_ols_av,pass,2.1693,6.0
full_ols_av,pass,-1.5552,4.0
full_ols_av,pass,-1.8589,4.0
full_ols_av,pass,1.6105,0.0
full_ols_av,pass,-1.1017,5.0
full_ols_av,pass,0.0319,0.0
full_ols_av,pass,-1.6657,0.0
full_ols_av,pass,-0.3179,0.0
full_ols_av,pass,-1.6807,5.0
full_ols_av,pass,-1.5374,4.0
full_ols_av,pass,0.1638,7.0
full_ols_av,pass,-0.2855,6.0
full_ols_av,pass,-1.6037,5.0
full_ols_av,pass,2.0144,7.0
full_ols_av,pass,-0.594,4.0
full_ols_av,pass,-0.2351,5.0
full_ols_av,pass,0.7601,5.0
full_ols_av,pass,-0.0147,0.0
full_ols_av,pass,-2.7675,4.0
full_ols_av,pass,0.2556,0.0
full_ols_av,pass,0.0785,4.0
full_ols_av,pass,2.0738,7.0
full_ols_av,pass,0.7595,5.0
full_ols_av,pass,3.0429,5.0
full_ols_av,pass,0.6379,5.0
full_ols_av,pass,-2.2345,3.0
full_ols_av,pass,-0.0869,0.0
full_ols_av,pass,0.084,0.0
full_ols_av,pass,0.5486,0.0
full_ols_av,pass,-0.2668,5.0
full_ols_av,pass,-1.8118,2.0
full_ols_av,pass,-0.9787,0.0
full_ols_av,pass,1.0955,5.0
full_ols_av,pass,-1.3412,0.0
full_ols_av,pass,-0.2209,0.0
full_ols_av,pass,0.17,7.0
full_ols_av,pass,0.4257,0.0
full_ols_av,pass,-0.4563,4.0
full_ols_av,pass,-0.6026,0.0
full_ols_av,pass,-1.6989,5.0
full_ols_av,pass,-0.8709,3.0
full_ols_av,pass,-1.8284,1.0
full_ols_av,pass,1.8551,6.0
full_ols_av,pass,-0.5665,4.0
full_ols_av,pass,-0.4525,4.0
full_ols_av,pass,0.3569,7.0
full_ols_av,pass,-0.3253,0.0
full_ols_av,pass,1.547,7.0
full_ols_av,pass,-0.1603,0.0
full_ols_av,pass,-1.7293,5.0
full_ols_av,pass,-1.132,4.0
full_ols_av,pass,-0.5481,0.0
full_ols_av,pass,0.8559,0.0
full_ols_av,pass,-1.4462,3.0
full_ols_av,pass,-1.8714,3.0
full_ols_av,pass,-1.1148,4.0
full_ols_av,pass,-0.9846,7.0
full_ols_av,pass,0.2799,6.0
full_ols_av,pass,-0.6962,2.0
full_ols_av,pass,0.5713,0.0
full_ols_av,pass,-1.7606,0.0
full_ols_av,pass,-0.4268,4.0
full_ols_av,pass,0.2337,0.0
full_ols_av,pass,-1.2273,0.0
full_ols_av,pass,-0.129,9.0
full_ols_av,pass,0.3989,8.0
full_ols_av,pass,-0.3498,0.0
full_ols_av,pass,-0.9468,0.0
full_ols_av,pass,0.2229,3.0
full_ols_av,pass,-0.9177,3.0
full_ols_av,pass,2.8264,8.0
full_ols_av,pass,-1.1284,4.0
full_ols_av,pass,-0.4196,6.0
full_ols_av,pass,-0.3288,0.0
full_ols_av,pass,-1.4891,0.0
full_ols_av,pass,-1.9139,4.0
full_ols_av,pass,-0.8911,4.0
full_ols_av,pass,-0.238,0.0
full_ols_av,pass,-0.5481,0.0
full_ols_av,pass,-1.336,0.0
full_ols_av,pass,-2.1307,2.0
full_ols_av,pass,0.8539,4.0
full_ols_av,pass,0.6493,0.0
full_ols_av,pass,2.0483,8.0
full_ols_av,pass,0.247,3.0
full_ols_av,pass,1.6884,4.0
full_ols_av,pass,-1.1496,4.0
full_ols_av,pass,-1.3618,4.0
full_ols_av,pass,-0.5681,0.0
full_ols_av,pass,-0.1112,6.0
full_ols_av,pass,-1.3561,7.0
full_ols_av,pass,0.6445,6.0
full_ols_av,pass,-0.6456,6.0
full_ols_av,pass,-0.377,0.0
full_ols_av,pass,-0.1829,2.0
full_ols_av,pass,-0.4315,2.0
full_ols_av,pass,0.2551,0.0
full_ols_av,pass,0.8757,0.0
full_ols_av,pass,2.3902,6.0
full_ols_av,pass,-0.8986,5.0
full_ols_av,pass,-2.3343,2.0
full_ols_av,pass,0.2162,6.0
full_ols_av,pass,-0.5123,0.0
full_ols_av,pass,-0.3023,3.0
full_ols_av,pass,-0.6512,3.0
full_ols_av,pass,-0.4608,2.0
full_ols_av,pass,-1.4178,2.0
full_ols_av,pass,0.3062,4.0
full_ols_av,pass,-2.3123,1.0
full_ols_av,pass,-0.6974,0.0
full_ols_av,pass,-1.4991,8.0
full_ols_av,pass,-3.4991,5.0
full_ols_av,pass,-0.0667,4.0
full_ols_av,pass,0.3253,9.0
full_ols_av,pass,-1.3417,5.0
full_ols_av,pass,-0.9275,5.0
full_ols_av,pass,-0.6613,3.0
full_ols_av,pass,0.1949,4.0
full_ols_av,pass,-0.6674,3.0
full_ols_av,pass,1.0888,6.0
full_ols_av,pass,-1.4091,4.0
full_ols_av,pass,0.0411,0.0
full_ols_av,pass,-1.2246,3.0
full_ols_av,pass,-0.5431,0.0
full_ols_av,pass,-1.0088,7.0
full_ols_av,pass,0.7616,0.0
full_ols_av,pass,0.0401,3.0
full_ols_av,pass,-2.7593,3.0
full_ols_av,pass,0.6103,6.0
full_ols_av,pass,0.4813,8.0
full_ols_av,pass,0.5939,6.0
full_ols_av,pass,-1.1009,6.0
full_ols_av,pass,-1.3484,2.0
full_ols_av,pass,0.4512,6.0
full_ols_av,pass,-0.8902,0.0
full_ols_av,pass,0.6694,8.0
full_ols_av,pass,-0.8192,7.0
full_ols_av,pass,-1.05,3.0
full_ols_av,pass,0.1343,3.0
full_ols_av,pass,-0.2798,3.0
full_ols_av,pass,0.0263,7.0
full_ols_av,pass,0.1881,7.0
full_ols_av,pass,0.3722,4.0
full_ols_av,pass,-0.5099,0.0
full_ols_av,pass,-0.1016,4.0
full_ols_av,pass,-3.3573,4.0
full_ols_av,pass,0.4075,8.0
full_ols_av,pass,0.7888,7.0
full_ols_av,pass,-1.1097,4.0
full_ols_av,pass,-0.5223,0.0
full_ols_av,pass,-0.4831,0.0
full_ols_av,pass,0.9153,0.0
full_ols_av,pass,-0.7013,3.0
full_ols_av,pass,0.2326,0.0
full_ols_av,pass,-2.4373,2.0
full_ols_av,pass,-2.0228,4.0
full_ols_av,pass,-1.9661,7.0
full_ols_av,pass,-0.2554,0.0
full_ols_av,pass,-0.2013,10.0
full_ols_av,pass,-2.0667,6.0
full_ols_av,pass,-0.0327,0.0
full_ols_av,pass,-2.5155,5.0
full_ols_av,pass,0.3863,7.0
full_ols_av,pass,-2.5701,1.0
full_ols_av,pass,-0.8317,2.0
full_ols_av,pass,0.509,0.0
full_ols_av,pass,-0.3784,0.0
full_ols_av,pass,-1.3767,0.0
full_ols_av,pass,0.1212,0.0
full_ols_av,pass,-0.5517,0.0
full_ols_av,pass,-0.8487,0.0
full_ols_av,pass,0.2209,0.0
full_ols_av,pass,-0.4524,0.0
full_ols_av,pass,-1.2287,0.0
full_ols_av,pass,-0.4965,0.0
full_ols_av,pass,-0.1149,7.0
full_ols_av,pass,-0.8263,6.0
full_ols_av,pass,-0.5917,0.0
full_ols_av,pass,-0.6099,1.0
full_ols_av,pass,-0.8435,2.0
full_ols_av,pass,2.3627,6.0
full_ols_av,pass,-0.5983,3.0
full_ols_av,pass,2.2117,6.0
full_ols_av,pass,-2.2017,7.0
full_ols_av,pass,-3.0047,1.0
full_ols_av,pass,0.874,7.0
full_ols_av,pass,0.2395,4.0
full_ols_av,pass,1.2089,0.0
full_ols_av,pass,1.0324,4.0
full_ols_av,pass,-0.8614,2.0
full_ols_av,pass,-0.5872,0.0
full_ols_av,pass,0.3123,8.0
full_ols_av,pass,-0.666,0.0
full_ols_av,pass,0.3329,8.0
full_ols_av,pass,-0.7658,4.0
full_ols_av,pass,-0.6589,1.0
full_ols_av,pass,0.1836,3.0
full_ols_av,pass,-0.4143,3.0
full_ols_av,pass,0.2137,3.0
full_ols_av,pass,1.4004,8.0
full_ols_av,pass,-0.3968,0.0
full_ols_av,pass,-2.52,1.0
full_ols_av,pass,-2.8316,2.0
full_ols_av,pass,0.5723,9.0
full_ols_av,pass,-1.4141,3.0
full_ols_av,pass,0.6904,5.0
full_ols_av,pass,0.465,7.0
full_ols_av,pass,-1.4077,0.0
full_ols_av,pass,-0.3603,0.0
full_ols_av,pass,-2.0125,3.0
full_ols_av,pass,-0.5954,3.0
full_ols_av,pass,-0.9176,3.0
full_ols_av,pass,-2.4414,4.0
full_ols_av,pass,-2.4068,3.0
full_ols_av,pass,-1.573,2.0
full_ols_av,pass,1.5433,8.0
full_ols_av,pass,-0.2527,7.0
full_ols_av,pass,-0.2289,6.0
full_ols_av,pass,-0.0157,2.0
full_ols_av,pass,-1.9244,0.0
full_ols_av,pass,-0.5774,3.0
full_ols_av,pass,0.0323,0.0
full_ols_av,pass,-1.7868,2.0
full_ols_av,pass,0.2964,6.0
full_ols_av,pass,-0.8531,7.0
full_ols_av,pass,-1.0649,3.0
full_ols_av,pass,-1.3286,0.0
full_ols_av,pass,-1.3461,4.0
full_ols_av,pass,2.6606,7.0
full_ols_av,pass,-0.362,4.0
full_ols_av,pass,-1.2561,2.0
full_ols_av,pass,0.9561,0.0
full_ols_av,pass,-1.2187,0.0
full_ols_av,pass,-0.8875,0.0
full_ols_av,pass,1.4401,7.0
full_ols_av,pass,-1.5779,1.0
full_ols_av,pass,-1.2303,4.0
full_ols_av,pass,-0.07,0.0
full_ols_av,pass,-2.053,3.0
full_ols_av,pass,-1.9987,1.0
full_ols_av,pass,-1.643,3.0
full_ols_av,pass,0.1933,5.0
full_ols_av,pass,-2.155,3.0
full_ols_av,pass,2.7718,6.0
full_ols_av,pass,0.4545,4.0
full_ols_av,pass,-1.7682,7.0
full_ols_av,pass,-1.6242,4.0
full_ols_av,pass,-1.9059,4.0
full_ols_av,pass,0.9505,0.0
full_ols_av,pass,-1.2726,6.0
full_ols_av,pass,0.8187,0.0
full_ols_av,pass,0.3532,3.0
full_ols_av,pass,-1.3413,0.0
full_ols_av,pass,-1.4819,3.0
full_ols_av,pass,-0.6854,0.0
full_ols_av,pass,0.6522,8.0
full_ols_av,pass,-0.8218,3.0
full_ols_av,pass,0.377,0.0
full_ols_av,pass,0.3159,4.0
full_ols_av,pass,-2.7395,2.0
full_ols_av,pass,-0.1035,0.0
full_ols_av,pass,0.6539,3.0
full_ols_av,pass,-1.6408,6.0
full_ols_av,pass,-1.555,6.0
full_ols_av,pass,-0.1528,0.0
full_ols_av,pass,-0.3064,0.0
full_ols_av,pass,-0.5207,0.0
full_ols_av,pass,-1.3446,0.0
full_ols_av,pass,-0.0613,0.0
full_ols_av,pass,-1.6637,6.0
full_ols_av,pass,0.1829,2.0
full_ols_av,pass,-1.2677,4.0
full_ols_av,pass,-1.2128,2.0
full_ols_av,pass,-0.74,0.0
full_ols_av,pass,1.2214,8.0
full_ols_av,pass,-0.7216,6.0
full_ols_av,pass,-1.984,3.0
full_ols_av,pass,-2.0674,3.0
full_ols_av,pass,-0.8509,0.0
full_ols_av,pass,-1.3868,0.0
full_ols_av,pass,-0.0248,4.0
full_ols_av,pass,1.1633,6.0
full_ols_av,pass,-1.4857,3.0
full_ols_av,pass,-1.3669,5.0
full_ols_av,pass,0.8319,0.0
full_ols_av,pass,1.6486,9.0
full_ols_av,pass,-1.1943,2.0
full_ols_av,pass,0.2422,8.0
full_ols_av,pass,0.5132,0.0
full_ols_av,pass,-1.2974,1.0
full_ols_av,pass,2.3203,7.0
full_ols_av,pass,-1.3953,4.0
full_ols_av,pass,0.8258,0.0
full_ols_av,pass,2.0684,7.0
full_ols_av,pass,-0.1661,5.0
full_ols_av,pass,-0.0206,5.0
full_ols_av,pass,0.437,0.0
full_ols_av,pass,1.8738,4.0
full_ols_av,pass,-0.1741,0.0
full_ols_av,pass,-2.8796,2.0
full_ols_av,pass,-2.0649,3.0
full_ols_av,pass,-1.3524,4.0
full_ols_av,pass,0.8496,0.0
full_ols_av,pass,-2.0012,1.0
full_ols_av,pass,2.4767,5.0
full_ols_av,pass,-0.9902,2.0
full_ols_av,pass,0.7473,0.0
full_ols_av,pass,-0.2051,0.0
full_ols_av,pass,-2.4069,6.0
full_ols_av,pass,0.0865,8.0
full_ols_av,pass,-0.8353,8.0
full_ols_av,pass,-0.6044,0.0
full_ols_av,pass,-0.8395,3.0
full_ols_av,pass,-2.0089,5.0
full_ols_av,pass,-0.2373,2.0
full_ols_av,pass,-0.1044,8.0
full_ols_av,pass,-2.9324,4.0
full_ols_av,pass,-1.0091,2.0
full_ols_av,pass,0.9449,0.0
full_ols_av,pass,2.8369,7.0
full_ols_av,pass,-1.3021,5.0
full_ols_av,pass,-0.454,3.0
full_ols_av,pass,-0.8207,4.0
full_ols_av,pass,-1.3856,3.0
full_ols_av,pass,-0.1966,0.0
full_ols_av,pass,0.5427,0.0
full_ols_av,pass,-0.8737,0.0
full_ols_av,pass,0.9834,4.0
full_ols_av,pass,-0.5969,0.0
full_ols_av,pass,0.0981,0.0
full_ols_av,pass,-0.7033,7.0
full_ols_av,pass,0.1974,0.0
full_ols_av,pass,-1.8006,10.0
full_ols_av,pass,0.1757,2.0
full_ols_av,pass,-0.6206,0.0
full_ols_av,pass,0.1389,0.0
full_ols_av,pass,-1.7553,3.0
full_ols_av,pass,0.2224,0.0
full_ols_av,pass,-0.6472,0.0
full_ols_av,pass,0.0665,6.0
full_ols_av,pass,-1.8897,2.0
full_ols_av,pass,-0.2569,3.0
full_ols_av,pass,-1.143,0.0
full_ols_av,pass,-1.082,0.0
full_ols_av,pass,-0.7191,1.0
full_ols_av,pass,0.7508,4.0
full_ols_av,pass,0.6785,0.0
full_ols_av,pass,-1.5239,5.0
full_ols_av,pass,-0.7532,0.0
full_ols_av,pass,-1.0536,8.0
full_ols_av,pass,1.0681,7.0
full_ols_av,pass,-0.0152,6.0
full_ols_av,pass,-0.2343,8.0
full_ols_av,pass,-0.8112,0.0
full_ols_av,pass,0.5249,0.0
full_ols_av,pass,-1.6793,6.0
full_ols_av,pass,-0.8232,4.0
full_ols_av,pass,-1.6664,4.0
full_ols_av,pass,0.2389,4.0
full_ols_av,pass,-0.7037,0.0
full_ols_av,pass,-0.1793,5.0
full_ols_av,pass,-2.3942,5.0
full_ols_av,pass,-1.0312,0.0
full_ols_av,pass,0.2938,5.0
full_ols_av,pass,-1.4399,5.0
full_ols_av,pass,0.1049,0.0
full_ols_av,pass,0.2364,0.0
full_ols_av,pass,0.229,2.0
full_ols_av,pass,-0.9345,5.0
full_ols_av,pass,-0.4285,6.0
full_ols_av,pass,-0.2409,2.0
full_ols_av,pass,-1.6521,0.0
full_ols_av,pass,0.9563,3.0
full_ols_av,pass,-0.6387,2.0
full_ols_av,pass,-1.7569,5.0
full_ols_av,pass,0.4561,0.0
full_ols_av,pass,-1.6262,4.0
full_ols_av,pass,0.1863,4.0
full_ols_av,pass,-3.0405,3.0
full_ols_av,pass,1.7906,6.0
full_ols_av,pass,-0.9413,3.0
full_ols_av,pass,-1.4101,9.0
full_ols_av,pass,0.3707,0.0
full_ols_av,pass,-1.294,4.0
full_ols_av,pass,1.7637,7.0
full_ols_av,pass,0.0346,3.0
full_ols_av,pass,0.5806,0.0
full_ols_av,pass,-0.9633,0.0
full_ols_av,pass,-2.426,4.0
full_ols_av,pass,1.105,0.0
full_ols_av,pass,0.2356,0.0
full_ols_av,pass,-0.2066,0.0
full_ols_av,pass,-0.5198,1.0
full_ols_av,pass,0.9378,0.0
full_ols_av,pass,-0.0401,5.0
full_ols_av,pass,-0.2721,8.0
full_ols_av,pass,-0.26,1.0
full_ols_av,pass,-0.027,6.0
full_ols_av,pass,-0.2137,6.0
full_ols_av,pass,1.2444,3.0
full_ols_av,pass,-0.9611,5.0
full_ols_av,pass,-1.7248,7.0
full_ols_av,pass,1.7094,9.0
full_ols_av,pass,-0.4429,3.0
full_ols_av,pass,-1.3907,1.0
full_ols_av,pass,2.0404,7.0
full_ols_av,pass,-0.6375,1.0
full_ols_av,pass,-3.673,1.0
full_ols_av,pass,-0.6766,3.0
full_ols_av,pass,0.0581,0.0
full_ols_av,pass,-1.4118,0.0
full_ols_av,pass,1.4992,4.0
full_ols_av,pass,1.5466,8.0
full_ols_av,pass,-1.0868,1.0
full_ols_av,pass,0.195,5.0
full_ols_av,pass,1.1583,0.0
full_ols_av,pass,-0.7669,0.0
full_ols_av,pass,-0.0177,0.0
full_ols_av,pass,-0.3982,6.0
full_ols_av,pass,0.065,0.0
full_ols_av,pass,1.9851,5.0
full_ols_av,pass,-0.8523,5.0
full_ols_av,pass,-2.0059,7.0
full_ols_av,pass,-1.8465,3.0
full_ols_av,pass,0.512,0.0
full_ols_av,pass,-0.5907,4.0
full_ols_av,pass,0.4468,3.0
full_ols_av,pass,-0.1683,3.0
full_ols_av,pass,-1.7382,4.0
full_ols_av,pass,-1.0165,0.0
full_ols_av,pass,-0.8102,0.0
full_ols_av,pass,2.1039,7.0
full_ols_av,pass,1.0107,0.0
full_ols_av,pass,-1.3031,4.0
full_ols_av,pass,-0.3713,5.0
full_ols_av,pass,-1.3114,0.0
full_ols_av,pass,-1.7452,2.0
full_ols_av,pass,1.8112,6.0
full_ols_av,pass,-0.9853,0.0
full_ols_av,pass,-0.1953,0.0
full_ols_av,pass,-0.1647,0.0
full_ols_av,pass,-1.0105,0.0
full_ols_av,pass,-0.549,4.0
full_ols_av,pass,-2.0015,0.0
full_ols_av,pass,-1.0291,4.0
full_ols_av,pass,-1.838,2.0
full_ols_av,pass,-1.6142,0.0
full_ols_av,pass,2.2545,6.0
full_ols_av,pass,-0.5186,2.0
full_ols_av,pass,-0.8817,3.0
full_ols_av,pass,-0.1565,8.0
full_ols_av,pass,-0.6893,2.0
full_ols_av,pass,-0.288,6.0
full_ols_av,pass,0.8901,9.0
full_ols_av,pass,0.3633,0.0
full_ols_av,pass,0.6398,6.0
full_ols_av,pass,0.6884,5.0
full_ols_av,pass,0.6381,6.0
full_ols_av,pass,-0.2697,4.0
full_ols_av,pass,-1.2187,4.0
full_ols_av,pass,1.3112,0.0
full_ols_av,pass,2.0583,7.0
full_ols_av,pass,-1.0832,2.0
full_ols_av,pass,-2.5617,5.0
full_ols_av,pass,-0.4365,6.0
full_ols_av,pass,-0.6263,0.0
full_ols_av,pass,-1.0668,2.0
full_ols_av,pass,-2.243,1.0
full_ols_av,pass,-0.7708,7.0
full_ols_av,pass,0.3353,5.0
full_ols_av,pass,-0.0547,0.0
full_ols_av,pass,-0.0166,0.0
full_ols_av,pass,0.3032,0.0
full_ols_av,pass,-1.4149,0.0
full_ols_av,pass,-1.0889,7.0
full_ols_av,pass,-0.5869,2.0
full_ols_av,pass,-2.2591,2.0
full_ols_av,pass,-1.8752,5.0
full_ols_av,pass,-3.7102,2.0
full_ols_av,pass,-2.0457,3.0
full_ols_av,pass,0.92,7.0
full_ols_av,pass,-0.4218,2.0
full_ols_av,pass,2.0801,7.0
full_ols_av,pass,-0.3582,0.0
full_ols_av,pass,-0.017,0.0
full_ols_av,pass,-2.8145,4.0
full_ols_av,pass,-0.9043,5.0
full_ols_av,pass,-0.2815,0.0
full_ols_av,pass,0.5393,7.0
full_ols_av,pass,0.6669,0.0
full_ols_av,pass,-0.724,4.0
full_ols_av,pass,-0.1549,4.0
full_ols_av,pass,-0.763,6.0
full_ols_av,pass,0.0978,1.0
full_ols_av,pass,0.3252,4.0
full_ols_av,pass,-0.3932,5.0
full_ols_av,pass,-0.8536,3.0
full_ols_av,pass,-0.4057,4.0
full_ols_av,pass,-2.226,5.0
full_ols_av,pass,0.0636,5.0
full_ols_av,pass,-1.5028,6.0
full_ols_av,pass,1.1908,5.0
full_ols_av,pass,-0.9444,7.0
full_ols_av,pass,0.2998,0.0
full_ols_av,pass,-1.321,6.0
full_ols_av,pass,-2.8276,3.0
full_ols_av,pass,-0.8575,0.0
full_ols_av,pass,-0.1705,9.0
full_ols_av,pass,-0.4655,7.0
full_ols_av,pass,-0.7406,0.0
full_ols_av,pass,0.6807,4.0
full_ols_av,pass,-2.8422,3.0
full_ols_av,pass,-0.4639,0.0
full_ols_av,pass,0.2904,0.0
full_ols_av,pass,-2.3687,4.0
full_ols_av,pass,-0.3594,2.0
full_ols_av,pass,0.3989,0.0
full_ols_av,pass,-1.477,3.0
full_ols_av,pass,-1.2424,2.0
full_ols_av,pass,-0.3173,0.0
full_ols_av,pass,-0.5408,6.0
full_ols_av,pass,-0.3444,0.0
full_ols_av,pass,-2.5647,5.0
full_ols_av,pass,-1.5488,5.0
full_ols_av,pass,-2.0985,2.0
full_ols_av,pass,-0.9574,5.0
full_ols_av,pass,-0.0177,0.0
full_ols_av,pass,-1.6722,5.0
full_ols_av,pass,-1.0206,0.0
full_ols_av,pass,-1.8579,5.0
full_ols_av,pass,-1.3486,2.0
full_ols_av,pass,-0.9708,5.0
full_ols_av,pass,-0.6841,0.0
full_ols_av,pass,2.0834,6.0
full_ols_av,pass,-0.6112,6.0
full_ols_av,pass,0.3252,6.0
full_ols_av,pass,0.3283,0.0
full_ols_av,pass,-2.2468,9.0
full_ols_av,pass,1.1216,6.0
full_ols_av,pass,0.1891,2.0
full_ols_av,pass,-0.3232,0.0
full_ols_av,pass,2.2585,8.0
full_ols_av,pass,0.7504,9.0
full_ols_av,pass,-1.7901,4.0
full_ols_av,pass,-1.4589,6.0
full_ols_av,pass,0.7953,3.0
full_ols_av,pass,0.6069,8.0
full_ols_av,pass,-2.2016,3.0
full_ols_av,pass,-0.94,0.0
full_ols_av,pass,0.5722,0.0
full_ols_av,pass,-0.7009,0.0
full_ols_av,pass,-1.4978,3.0
full_ols_av,pass,0.9403,6.0
full_ols_av,pass,-2.6372,4.0
full_ols_av,pass,2.8401,8.0
full_ols_av,pass,2.2928,7.0
full_ols_av,pass,1.8326,6.0
full_ols_av,pass,-0.1754,2.0
full_ols_av,pass,-0.8541,0.0
full_ols_av,pass,-0.2489,6.0
full_ols_av,pass,-2.5241,3.0
full_ols_av,pass,0.0392,0.0
full_ols_av,pass,0.7263,0.0
full_ols_av,pass,-0.4797,8.0
full_ols_av,pass,1.6382,6.0
full_ols_av,pass,-0.9775,6.0
full_ols_av,pass,0.6351,4.0
full_ols_av,pass,-0.5712,0.0
full_ols_av,pass,0.4539,4.0
full_ols_av,pass,0.3758,8.0
full_ols_av,pass,1.8071,6.0
full_ols_av,pass,-0.6718,7.0
full_ols_av,pass,-0.9397,0.0
full_ols_av,pass,-1.1507,4.0
full_ols_av,pass,-0.6832,0.0
full_ols_av,pass,-0.8816,3.0
full_ols_av,pass,1.0893,0.0
full_ols_av,pass,-2.49,3.0
full_ols_av,pass,0.2989,7.0
full_ols_av,pass,-1.3993,0.0
full_ols_av,pass,0.0914,0.0
full_ols_av,pass,-1.1258,4.0
full_ols_av,pass,-1.7223,4.0
full_ols_av,pass,0.6976,4.0
full_ols_av,pass,1.6383,7.0
full_ols_av,pass,-1.3303,2.0
full_ols_av,pass,-1.0208,1.0
full_ols_av,pass,-2.166,1.0
full_ols_av,pass,-1.4658,5.0
full_ols_av,pass,0.372,2.0
full_ols_av,pass,0.6684,0.0
full_ols_av,pass,-1.1726,0.0
full_ols_av,pass,-1.6116,6.0
full_ols_av,pass,-1.6459,2.0
full_ols_av,pass,1.3086,8.0
full_ols_av,pass,-0.4605,4.0
full_ols_av,pass,1.8574,4.0
full_ols_av,pass,-1.4009,4.0
full_ols_av,pass,-2.064,2.0
full_ols_av,pass,0.619,0.0
gbt_av,pass,-2.2239,7.0
gbt_av,pass,-0.538,0.0
gbt_av,pass,-0.9355,5.0
gbt_av,pass,-0.9856,1.0
gbt_av,pass,-1.9217,4.0
gbt_av,pass,-0.8261,4.0
gbt_av,pass,-1.238,3.0
gbt_av,pass,-0.507,0.0
gbt_av,pass,0.4879,0.0
gbt_av,pass,-0.4503,0.0
gbt_av,pass,1.9998,0.0
gbt_av,pass,0.1407,0.0
gbt_av,pass,2.8055,8.0
gbt_av,pass,-2.0341,2.0
gbt_av,pass,0.4674,0.0
gbt_av,pass,0.7625,7.0
gbt_av,pass,1.9379,6.0
gbt_av,pass,0.5482,0.0
gbt_av,pass,-3.6937,5.0
gbt_av,pass,-2.7796,1.0
gbt_av,pass,1.1414,0.0
gbt_av,pass,0.7315,6.0
gbt_av,pass,0.6524,4.0
gbt_av,pass,-1.0219,0.0
gbt_av,pass,-0.1622,2.0
gbt_av,pass,0.7208,0.0
gbt_av,pass,-1.1354,2.0
gbt_av,pass,-2.5048,2.0
gbt_av,pass,-1.8865,3.0
gbt_av,pass,0.8507,0.0
gbt_av,pass,-1.6096,1.0
gbt_av,pass,2.8427,3.0
gbt_av,pass,-1.3553,4.0
gbt_av,pass,-0.1645,5.0
gbt_av,pass,-0.5994,0.0
gbt_av,pass,-1.9399,0.0
gbt_av,pass,-1.2455,5.0
gbt_av,pass,2.5693,9.0
gbt_av,pass,1.8398,7.0
gbt_av,pass,-0.239,0.0
gbt_av,pass,-0.4515,9.0
gbt_av,pass,0.4378,0.0
gbt_av,pass,-1.039,5.0
gbt_av,pass,0.9604,6.0
gbt_av,pass,-0.3481,2.0
gbt_av,pass,-0.6545,0.0
gbt_av,pass,-1.0156,4.0
gbt_av,pass,0.1329,1.0
gbt_av,pass,-0.0315,4.0
gbt_av,pass,0.7171,0.0
gbt_av,pass,0.0674,3.0
gbt_av,pass,-0.7483,5.0
gbt_av,pass,0.0144,4.0
gbt_av,pass,-2.1013,4.0
gbt_av,pass,0.1284,2.0
gbt_av,pass,-1.8056,5.0
gbt_av,pass,-0.3031,0.0
gbt_av,pass,-0.3826,4.0
gbt_av,pass,2.0766,6.0
gbt_av,pass,-0.2881,1.0
gbt_av,pass,1.5744,3.0
gbt_av,pass,0.057,3.0
gbt_av,pass,2.0393,1.0
gbt_av,pass,-1.5408,6.0
gbt_av,pass,-0.0857,3.0
gbt_av,pass,1.1457,9.0
gbt_av,pass,-2.1646,2.0
gbt_av,pass,0.0512,4.0
gbt_av,pass,-0.9346,4.0
gbt_av,pass,-1.6408,4.0
gbt_av,pass,-0.6532,0.0
gbt_av,pass,0.5592,9.0
gbt_av,pass,-0.4373,4.0
gbt_av,pass,-2.8294,3.0
gbt_av,pass,-3.5007,2.0
gbt_av,pass,-1.2965,0.0
gbt_av,pass,3.0827,8.0
gbt_av,pass,-2.2997,2.0
gbt_av,pass,-0.2511,0.0
gbt_av,pass,-1.0508,3.0
gbt_av,pass,-0.5662,0.0
gbt_av,pass,-0.2775,2.0
gbt_av,pass,-1.0005,4.0
gbt_av,pass,-0.6115,5.0
gbt_av,pass,-1.1525,4.0
gbt_av,pass,-0.1002,4.0
gbt_av,pass,-4.8029,4.0
gbt_av,pass,-1.3969,3.0
gbt_av,pass,-0.0767,6.0
gbt_av,pass,0.5562,4.0
gbt_av,pass,-0.0375,0.0
gbt_av,pass,1.8071,8.0
gbt_av,pass,1.7005,4.0
gbt_av,pass,-1.1726,0.0
gbt_av,pass,-0.2047,0.0
gbt_av,pass,0.8708,6.0
gbt_av,pass,-0.5062,0.0
gbt_av,pass,1.754,0.0
gbt_av,pass,0.5035,8.0
gbt_av,pass,-0.7187,0.0
gbt_av,pass,-2.1627,3.0
gbt_av,pass,-2.3917,5.0
gbt_av,pass,-1.2019,3.0
gbt_av,pass,0.096,3.0
gbt_av,pass,0.5722,3.0
gbt_av,pass,-0.1495,0.0
gbt_av,pass,-3.9791,7.0
gbt_av,pass,2.0825,7.0
gbt_av,pass,-1.2383,1.0
gbt_av,pass,-3.1646,4.0
gbt_av,pass,-0.4541,0.0
gbt_av,pass,-0.6397,5.0
gbt_av,pass,-2.7812,2.0
gbt_av,pass,3.508,5.0
gbt_av,pass,0.3521,3.0
gbt_av,pass,-0.2602,3.0
gbt_av,pass,0.0849,4.0
gbt_av,pass,-1.2167,2.0
gbt_av,pass,-0.0751,0.0
gbt_av,pass,-1.7947,3.0
gbt_av,pass,-0.7218,10.0
gbt_av,pass,0.002,0.0
gbt_av,pass,-0.7788,3.0
gbt_av,pass,-1.5942,0.0
gbt_av,pass,-1.4901,3.0
gbt_av,pass,-0.3826,5.0
gbt_av,pass,-6.6828,1.0
gbt_av,pass,-0.4819,0.0
gbt_av,pass,-0.0947,5.0
gbt_av,pass,-3.3463,5.0
gbt_av,pass,2.7801,6.0
gbt_av,pass,-0.1638,0.0
gbt_av,pass,3.027,0.0
gbt_av,pass,0.3997,1.0
gbt_av,pass,-1.772,8.0
gbt_av,pass,2.0191,6.0
gbt_av,pass,-2.9219,5.0
gbt_av,pass,-1.1289,3.0
gbt_av,pass,-1.0461,2.0
gbt_av,pass,-0.4664,6.0
gbt_av,pass,0.707,0.0
gbt_av,pass,0.1343,0.0
gbt_av,pass,-1.0956,5.0
gbt_av,pass,-1.8702,0.0
gbt_av,pass,0.3918,8.0
gbt_av,pass,-0.1403,0.0
gbt_av,pass,0.5817,6.0
gbt_av,pass,2.5439,3.0
gbt_av,pass,0.2185,0.0
gbt_av,pass,2.8639,8.0
gbt_av,pass,-0.5248,2.0
gbt_av,pass,0.3048,3.0
gbt_av,pass,-0.1863,0.0
gbt_av,pass,-0.3428,2.0
gbt_av,pass,1.0722,0.0
gbt_av,pass,-3.5342,3.0
gbt_av,pass,-0.1216,1.0
gbt_av,pass,-2.4182,6.0
gbt_av,pass,0.4277,5.0
gbt_av,pass,-1.5643,1.0
gbt_av,pass,-1.6095,3.0
gbt_av,pass,-0.0656,0.0
gbt_av,pass,-5.6438,2.0
gbt_av,pass,0.7463,4.0
gbt_av,pass,-0.0632,4.0
gbt_av,pass,-0.863,0.0
gbt_av,pass,0.0816,0.0
gbt_av,pass,-0.5848,2.0
gbt_av,pass,-1.5033,3.0
gbt_av,pass,-2.7199,7.0
gbt_av,pass,-2.0936,4.0
gbt_av,pass,-1.0368,0.0
gbt_av,pass,-1.0156,0.0
gbt_av,pass,-0.2303,0.0
gbt_av,pass,-0.6197,3.0
gbt_av,pass,-4.2184,1.0
gbt_av,pass,-0.3139,0.0
gbt_av,pass,2.1205,3.0
gbt_av,pass,2.3159,4.0
gbt_av,pass,0.3983,3.0
gbt_av,pass,-2.4215,2.0
gbt_av,pass,-3.2461,3.0
gbt_av,pass,0.3234,2.0
gbt_av,pass,1.0829,5.0
gbt_av,pass,-2.141,3.0
gbt_av,pass,-1.6931,6.0
gbt_av,pass,-2.36,5.0
gbt_av,pass,0.6469,0.0
gbt_av,pass,-1.6622,5.0
gbt_av,pass,-2.4268,5.0
gbt_av,pass,0.8279,0.0
gbt_av,pass,0.146,3.0
gbt_av,pass,-3.179,2.0
gbt_av,pass,1.1757,7.0
gbt_av,pass,-2.7437,7.0
gbt_av,pass,2.2612,4.0
gbt_av,pass,0.2317,0.0
gbt_av,pass,-0.057,6.0
gbt_av,pass,-0.9449,0.0
gbt_av,pass,0.2337,3.0
gbt_av,pass,-1.5649,4.0
gbt_av,pass,-0.9706,2.0
gbt_av,pass,-4.7445,4.0
gbt_av,pass,-2.1092,5.0
gbt_av,pass,0.1366,8.0
gbt_av,pass,-0.5484,8.0
gbt_av,pass,-0.1199,2.0
gbt_av,pass,0.0053,3.0
gbt_av,pass,-1.3463,3.0
gbt_av,pass,-3.6771,3.0
gbt_av,pass,0.5425,0.0
gbt_av,pass,-0.5713,6.0
gbt_av,pass,-0.8246,2.0
gbt_av,pass,0.8036,3.0
gbt_av,pass,-3.5099,2.0
gbt_av,pass,-3.1843,3.0
gbt_av,pass,3.3622,9.0
gbt_av,pass,-0.5246,3.0
gbt_av,pass,-2.1213,3.0
gbt_av,pass,-5.3279,4.0
gbt_av,pass,-3.8841,2.0
gbt_av,pass,0.777,4.0
gbt_av,pass,-2.5906,1.0
gbt_av,pass,0.0568,0.0
gbt_av,pass,0.4585,3.0
gbt_av,pass,-0.2666,0.0
gbt_av,pass,-0.4951,2.0
gbt_av,pass,-1.6071,7.0
gbt_av,pass,-0.0217,0.0
gbt_av,pass,-2.3709,4.0
gbt_av,pass,1.209,3.0
gbt_av,pass,3.0522,8.0
gbt_av,pass,-0.1627,4.0
gbt_av,pass,-1.3065,4.0
gbt_av,pass,0.8241,5.0
gbt_av,pass,-1.3264,6.0
gbt_av,pass,-0.654,5.0
gbt_av,pass,-2.3497,3.0
gbt_av,pass,0.5848,0.0
gbt_av,pass,-1.6574,5.0
gbt_av,pass,0.3191,0.0
gbt_av,pass,1.1919,0.0
gbt_av,pass,-2.172,5.0
gbt_av,pass,2.6311,7.0
gbt_av,pass,-0.1839,5.0
gbt_av,pass,-2.0385,5.0
gbt_av,pass,-4.0484,3.0
gbt_av,pass,-0.9344,0.0
gbt_av,pass,-0.6857,4.0
gbt_av,pass,-0.5711,1.0
gbt_av,pass,0.9662,0.0
gbt_av,pass,-0.6187,0.0
gbt_av,pass,-3.7296,0.0
gbt_av,pass,-0.5156,5.0
gbt_av,pass,-1.7372,5.0
gbt_av,pass,-0.2185,3.0
gbt_av,pass,1.0431,6.0
gbt_av,pass,-1.7754,4.0
gbt_av,pass,5.5931,0.0
gbt_av,pass,-1.075,4.0
gbt_av,pass,1.9441,7.0
gbt_av,pass,0.2707,0.0
gbt_av,pass,-2.1589,4.0
gbt_av,pass,-0.1207,0.0
gbt_av,pass,-2.0158,5.0
gbt_av,pass,-0.2496,0.0
gbt_av,pass,-0.3437,5.0
gbt_av,pass,-1.8788,1.0
gbt_av,pass,0.0378,6.0
gbt_av,pass,0.7133,6.0
gbt_av,pass,-2.6977,3.0
gbt_av,pass,-0.2673,0.0
gbt_av,pass,-0.2312,0.0
gbt_av,pass,-2.8022,4.0
gbt_av,pass,0.3885,4.0
gbt_av,pass,-0.0196,0.0
gbt_av,pass,0.562,4.0
gbt_av,pass,-0.1676,7.0
gbt_av,pass,-2.84,7.0
gbt_av,pass,-0.6803,2.0
gbt_av,pass,-0.9996,3.0
gbt_av,pass,-1.7938,4.0
gbt_av,pass,-1.4325,4.0
gbt_av,pass,4.9197,7.0
gbt_av,pass,0.03,6.0
gbt_av,pass,0.2123,5.0
gbt_av,pass,-1.407,3.0
gbt_av,pass,-0.4766,1.0
gbt_av,pass,3.04,3.0
gbt_av,pass,0.2615,0.0
gbt_av,pass,-3.0919,3.0
gbt_av,pass,-1.8886,4.0
gbt_av,pass,-3.1971,3.0
gbt_av,pass,0.7926,0.0
gbt_av,pass,-1.8625,0.0
gbt_av,pass,-0.9551,2.0
gbt_av,pass,-0.2811,7.0
gbt_av,pass,-1.0162,0.0
gbt_av,pass,-3.8359,2.0
gbt_av,pass,3.6266,6.0
gbt_av,pass,-0.9949,0.0
gbt_av,pass,-0.1481,0.0
gbt_av,pass,-0.9223,4.0
gbt_av,pass,-1.5447,6.0
gbt_av,pass,0.0043,3.0
gbt_av,pass,-2.0545,3.0
gbt_av,pass,-3.5877,5.0
gbt_av,pass,-1.5736,5.0
gbt_av,pass,-1.9755,4.0
gbt_av,pass,1.164,4.0
gbt_av,pass,-0.2685,4.0
gbt_av,pass,-0.5876,0.0
gbt_av,pass,-4.4936,0.0
gbt_av,pass,-2.662,1.0
gbt_av,pass,-0.9334,4.0
gbt_av,pass,-0.945,0.0
gbt_av,pass,-0.8804,6.0
gbt_av,pass,-0.0324,8.0
gbt_av,pass,-1.9996,1.0
gbt_av,pass,2.1758,10.0
gbt_av,pass,-0.6022,3.0
gbt_av,pass,1.2072,0.0
gbt_av,pass,1.3689,6.0
gbt_av,pass,-0.6346,1.0
gbt_av,pass,-2.7735,4.0
gbt_av,pass,-1.5887,0.0
gbt_av,pass,-1.1674,6.0
gbt_av,pass,0.8574,2.0
gbt_av,pass,-1.6369,6.0
gbt_av,pass,6.3547,9.0
gbt_av,pass,0.5266,2.0
gbt_av,pass,-1.8964,5.0
gbt_av,pass,-1.0687,5.0
gbt_av,pass,-0.7971,5.0
gbt_av,pass,0.3169,5.0
gbt_av,pass,-2.9651,6.0
gbt_av,pass,1.4369,4.0
gbt_av,pass,1.6767,6.0
gbt_av,pass,0.3909,0.0
gbt_av,pass,-2.0115,3.0
gbt_av,pass,0.0678,0.0
gbt_av,pass,0.0953,5.0
gbt_av,pass,0.9951,8.0
gbt_av,pass,-3.065,3.0
gbt_av,pass,-1.3594,0.0
gbt_av,pass,-3.4049,3.0
gbt_av,pass,0.6823,0.0
gbt_av,pass,0.6454,0.0
gbt_av,pass,-2.7236,4.0
gbt_av,pass,-0.1816,5.0
gbt_av,pass,0.0236,0.0
gbt_av,pass,-2.602,4.0
gbt_av,pass,-0.6586,0.0
gbt_av,pass,-1.668,4.0
gbt_av,pass,1.3706,5.0
gbt_av,pass,0.5206,2.0
gbt_av,pass,0.6409,0.0
gbt_av,pass,-1.0802,4.0
gbt_av,pass,0.4595,3.0
gbt_av,pass,0.0688,0.0
gbt_av,pass,-0.5422,8.0
gbt_av,pass,-3.0103,5.0
gbt_av,pass,-0.0117,0.0
gbt_av,pass,-1.4271,6.0
gbt_av,pass,0.162,0.0
gbt_av,pass,-1.3766,3.0
gbt_av,pass,-0.1248,8.0
gbt_av,pass,-0.4035,2.0
gbt_av,pass,-3.783,2.0
gbt_av,pass,-0.5132,6.0
gbt_av,pass,-0.8362,3.0
gbt_av,pass,-0.315,3.0
gbt_av,pass,2.6023,7.0
gbt_av,pass,0.4171,4.0
gbt_av,pass,0.5259,0.0
gbt_av,pass,-0.7634,0.0
gbt_av,pass,-1.024,7.0
gbt_av,pass,-1.4329,2.0
gbt_av,pass,-0.6996,4.0
gbt_av,pass,0.3788,0.0
gbt_av,pass,0.1573,4.0
gbt_av,pass,-4.1231,4.0
gbt_av,pass,-2.344,3.0
gbt_av,pass,-3.0338,4.0
gbt_av,pass,3.3783,8.0
gbt_av,pass,0.5487,5.0
gbt_av,pass,0.3248,4.0
gbt_av,pass,-3.381,2.0
gbt_av,pass,3.1308,7.0
gbt_av,pass,-2.1467,1.0
gbt_av,pass,-0.8476,5.0
gbt_av,pass,0.4984,0.0
gbt_av,pass,-0.9389,5.0
gbt_av,pass,-3.7838,4.0
gbt_av,pass,-1.147,3.0
gbt_av,pass,-0.4973,5.0
gbt_av,pass,3.5651,4.0
gbt_av,pass,1.3647,6.0
gbt_av,pass,-0.3929,0.0
gbt_av,pass,-0.208,0.0
gbt_av,pass,-1.7967,2.0
gbt_av,pass,-2.1385,2.0
gbt_av,pass,-0.5271,4.0
gbt_av,pass,-3.117,3.0
gbt_av,pass,5.2989,5.0
gbt_av,pass,-0.5011,4.0
gbt_av,pass,0.152,0.0
gbt_av,pass,1.3782,0.0
gbt_av,pass,-0.2671,6.0
gbt_av,pass,0.5836,3.0
gbt_av,pass,-2.804,3.0
gbt_av,pass,-2.3292,1.0
gbt_av,pass,0.3327,6.0
gbt_av,pass,-0.1023,10.0
gbt_av,pass,-0.854,7.0
gbt_av,pass,0.282,7.0
gbt_av,pass,-0.0902,0.0
gbt_av,pass,2.5033,10.0
gbt_av,pass,-0.9505,0.0
gbt_av,pass,-5.6439,3.0
gbt_av,pass,0.0901,0.0
gbt_av,pass,-0.1378,0.0
gbt_av,pass,0.2638,0.0
gbt_av,pass,1.2127,5.0
gbt_av,pass,-0.4817,0.0
gbt_av,pass,0.017,4.0
gbt_av,pass,0.3252,1.0
gbt_av,pass,-0.0533,0.0
gbt_av,pass,1.3833,6.0
gbt_av,pass,-0.6044,0.0
gbt_av,pass,-0.874,8.0
gbt_av,pass,0.0076,2.0
gbt_av,pass,-0.7663,2.0
gbt_av,pass,0.1613,4.0
gbt_av,pass,-0.5993,0.0
gbt_av,pass,0.7652,3.0
gbt_av,pass,0.1209,0.0
gbt_av,pass,-0.355,3.0
gbt_av,pass,-0.0468,7.0
gbt_av,pass,-0.0265,6.0
gbt_av,pass,-0.0001,0.0
gbt_av,pass,3.4301,6.0
gbt_av,pass,1.7711,7.0
gbt_av,pass,1.1444,7.0
gbt_av,pass,-0.7791,0.0
gbt_av,pass,-1.1192,0.0
gbt_av,pass,0.3085,0.0
gbt_av,pass,-0.1142,2.0
gbt_av,pass,-0.7632,0.0
gbt_av,pass,0.6787,0.0
gbt_av,pass,-0.6769,6.0
gbt_av,pass,3.2168,0.0
gbt_av,pass,-2.0114,2.0
gbt_av,pass,-3.6389,3.0
gbt_av,pass,0.3049,0.0
gbt_av,pass,1.2777,7.0
gbt_av,pass,0.1539,0.0
gbt_av,pass,-0.265,0.0
gbt_av,pass,0.5478,7.0
gbt_av,pass,-0.5149,4.0
gbt_av,pass,0.1646,0.0
gbt_av,pass,-2.7524,5.0
gbt_av,pass,-4.1398,1.0
gbt_av,pass,0.6908,0.0
gbt_av,pass,-0.4865,0.0
gbt_av,pass,-0.9826,0.0
gbt_av,pass,-1.1377,3.0
gbt_av,pass,-5.4272,3.0
gbt_av,pass,-2.4082,4.0
gbt_av,pass,2.3019,4.0
gbt_av,pass,-0.2511,3.0
gbt_av,pass,0.7671,7.0
gbt_av,pass,1.6478,9.0
gbt_av,pass,-0.9808,4.0
gbt_av,pass,-0.7743,6.0
gbt_av,pass,0.6087,2.0
gbt_av,pass,0.7322,9.0
gbt_av,pass,0.634,7.0
gbt_av,pass,0.5154,4.0
gbt_av,pass,-0.6407,4.0
gbt_av,pass,-0.6412,0.0
gbt_av,pass,-1.3772,3.0
gbt_av,pass,-1.5497,4.0
gbt_av,pass,-0.4492,8.0
gbt_av,pass,-0.0601,0.0
gbt_av,pass,-3.0632,4.0
gbt_av,pass,-2.6638,3.0
gbt_av,pass,0.1012,0.0
gbt_av,pass,-1.0082,0.0
gbt_av,pass,-0.0671,0.0
gbt_av,pass,0.4135,5.0
gbt_av,pass,0.579,3.0
gbt_av,pass,-1.2754,3.0
gbt_av,pass,3.191,8.0
gbt_av,pass,-1.5559,2.0
gbt_av,pass,-3.3074,4.0
gbt_av,pass,-0.4038,0.0
gbt_av,pass,-2.3532,4.0
gbt_av,pass,1.2578,3.0
gbt_av,pass,-0.0035,6.0
gbt_av,pass,-0.1979,0.0
gbt_av,pass,-0.1559,3.0
gbt_av,pass,-3.1008,3.0
gbt_av,pass,-0.5856,0.0
gbt_av,pass,0.3333,5.0
gbt_av,pass,0.9424,6.0
gbt_av,pass,-6.0468,2.0
gbt_av,pass,-0.0977,7.0
gbt_av,pass,-4.9143,1.0
gbt_av,pass,1.0385,6.0
gbt_av,pass,-0.002,0.0
gbt_av,pass,-3.5512,4.0
gbt_av,pass,-2.2784,2.0
gbt_av,pass,-1.5705,0.0
gbt_av,pass,-1.3202,3.0
gbt_av,pass,-0.6253,3.0
gbt_av,pass,0.0429,7.0
gbt_av,pass,-0.3813,1.0
gbt_av,pass,-0.7266,3.0
gbt_av,pass,1.1252,5.0
gbt_av,pass,-0.0414,2.0
gbt_av,pass,-0.9003,7.0
gbt_av,pass,0.2114,0.0
gbt_av,pass,-1.0207,5.0
gbt_av,pass,-6.2077,2.0
gbt_av,pass,0.5561,2.0
gbt_av,pass,-1.855,4.0
gbt_av,pass,-1.1353,0.0
gbt_av,pass,0.1175,6.0
gbt_av,pass,-0.3233,0.0
gbt_av,pass,-2.1495,6.0
gbt_av,pass,0.1821,0.0
gbt_av,pass,-0.0265,3.0
gbt_av,pass,-0.7646,3.0
gbt_av,pass,0.075,0.0
gbt_av,pass,0.3664,0.0
gbt_av,pass,0.3759,8.0
gbt_av,pass,-0.8925,0.0
gbt_av,pass,-1.6755,5.0
gbt_av,pass,-3.1473,3.0
gbt_av,pass,0.2796,6.0
gbt_av,pass,-1.436,4.0
gbt_av,pass,1.0101,0.0
gbt_av,pass,3.6396,7.0
gbt_av,pass,-0.8661,3.0
gbt_av,pass,0.0867,0.0
gbt_av,pass,-2.722,3.0
gbt_av,pass,-1.4258,2.0
gbt_av,pass,-3.1383,2.0
gbt_av,pass,-0.1176,0.0
gbt_av,pass,0.0004,3.0
gbt_av,pass,-0.4062,0.0
gbt_av,pass,1.8917,9.0
gbt_av,pass,1.0594,3.0
gbt_av,pass,-0.4716,0.0
gbt_av,pass,0.1756,0.0
gbt_av,pass,0.2192,3.0
gbt_av,pass,-4.3326,2.0
gbt_av,pass,2.8268,8.0
gbt_av,pass,-0.4761,0.0
gbt_av,pass,4.2582,5.0
gbt_av,pass,-1.1612,4.0
gbt_av,pass,2.8354,5.0
gbt_av,pass,-0.0983,6.0
gbt_av,pass,-1.3417,2.0
gbt_av,pass,0.8518,0.0
gbt_av,pass,-1.1833,2.0
gbt_av,pass,-2.9143,0.0
gbt_av,pass,-1.1954,4.0
gbt_av,pass,-1.7409,6.0
gbt_av,pass,-0.356,7.0
gbt_av,pass,-0.9677,6.0
gbt_av,pass,-0.8707,0.0
gbt_av,pass,-0.0967,4.0
gbt_av,pass,-0.042,6.0
gbt_av,pass,0.0541,0.0
gbt_av,pass,-4.0932,0.0
gbt_av,pass,3.0298,9.0
gbt_av,pass,-0.2418,4.0
gbt_av,pass,-2.8324,5.0
gbt_av,pass,0.3925,0.0
gbt_av,pass,0.4732,0.0
gbt_av,pass,0.0137,0.0
gbt_av,pass,-3.573,3.0
gbt_av,pass,1.2968,4.0
gbt_av,pass,-0.499,4.0
gbt_av,pass,0.5075,0.0
gbt_av,pass,-0.3119,0.0
gbt_av,pass,-0.4916,6.0
gbt_av,pass,2.8218,9.0
gbt_av,pass,-1.4007,3.0
gbt_av,pass,0.7531,4.0
gbt_av,pass,-2.8302,3.0
gbt_av,pass,1.7803,3.0
gbt_av,pass,-0.8552,0.0
gbt_av,pass,0.1523,3.0
gbt_av,pass,6.4888,10.0
gbt_av,pass,-0.0827,5.0
gbt_av,pass,3.4676,7.0
gbt_av,pass,-3.5434,0.0
gbt_av,pass,0.5521,3.0
gbt_av,pass,-0.9639,0.0
gbt_av,pass,-1.2914,0.0
gbt_av,pass,-0.2849,0.0
gbt_av,pass,-0.9883,3.0
gbt_av,pass,2.3301,6.0
gbt_av,pass,-1.2738,5.0
gbt_av,pass,-0.9124,5.0
gbt_av,pass,-0.5471,0.0
gbt_av,pass,-1.2584,0.0
gbt_av,pass,-1.8204,3.0
gbt_av,pass,-0.4751,0.0
gbt_av,pass,0.4131,8.0
gbt_av,pass,-0.2033,3.0
gbt_av,pass,9.1752,5.0
gbt_av,pass,-3.046,5.0
gbt_av,pass,2.627,5.0
gbt_av,pass,4.4788,8.0
gbt_av,pass,6.0349,9.0
gbt_av,pass,-3.3881,2.0
gbt_av,pass,-2.7439,1.0
gbt_av,pass,1.1195,4.0
gbt_av,pass,-0.8406,2.0
gbt_av,pass,-1.9839,0.0
gbt_av,pass,-0.2434,0.0
gbt_av,pass,-2.0597,6.0
gbt_av,pass,0.1787,7.0
gbt_av,pass,0.7855,0.0
gbt_av,pass,0.6388,5.0
gbt_av,pass,-4.6689,2.0
gbt_av,pass,1.8953,4.0
gbt_av,pass,-0.5596,0.0
gbt_av,pass,0.9513,10.0
gbt_av,pass,-2.2778,5.0
gbt_av,pass,0.2441,1.0
gbt_av,pass,-0.3769,3.0
gbt_av,pass,-0.0754,0.0
gbt_av,pass,0.1604,3.0
gbt_av,pass,2.5994,6.0
gbt_av,pass,-0.5726,0.0
gbt_av,pass,-0.7638,0.0
gbt_av,pass,-0.2803,4.0
gbt_av,pass,0.8139,0.0
gbt_av,pass,-2.6783,3.0
gbt_av,pass,-5.5048,2.0
gbt_av,pass,-5.5374,0.0
gbt_av,pass,-4.5495,3.0
gbt_av,pass,-0.0296,0.0
gbt_av,pass,-0.2674,2.0
gbt_av,pass,-1.2898,3.0
gbt_av,pass,-1.1793,0.0
gbt_av,pass,-3.7264,2.0
gbt_av,pass,-2.0516,3.0
gbt_av,pass,-1.8953,4.0
gbt_av,pass,-2.018,3.0
gbt_av,pass,-0.8123,5.0
gbt_av,pass,-0.4539,0.0
gbt_av,pass,-1.6525,2.0
gbt_av,pass,-0.6348,0.0
gbt_av,pass,-2.5723,1.0
gbt_av,pass,-3.4797,3.0
gbt_av,pass,0.6037,8.0
gbt_av,pass,-0.5831,6.0
gbt_av,pass,0.1193,0.0
gbt_av,pass,3.2006,2.0
gbt_av,pass,0.9398,7.0
gbt_av,pass,-0.7581,5.0
gbt_av,pass,-0.7389,8.0
gbt_av,pass,-1.5383,3.0
gbt_av,pass,-0.1534,2.0
gbt_av,pass,-0.7224,7.0
gbt_av,pass,-0.7645,4.0
gbt_av,pass,1.7474,6.0
gbt_av,pass,5.6815,9.0
gbt_av,pass,-0.0095,4.0
gbt_av,pass,-2.7617,3.0
gbt_av,pass,-0.2084,5.0
gbt_av,pass,-0.609,0.0
gbt_av,pass,-2.2825,4.0
gbt_av,pass,0.2394,0.0
gbt_av,pass,0.6123,0.0
gbt_av,pass,-0.045,2.0
gbt_av,pass,-5.0155,2.0
gbt_av,pass,-0.4011,0.0
gbt_av,pass,0.1845,0.0
gbt_av,pass,2.1936,0.0
gbt_av,pass,0.1192,4.0
gbt_av,pass,-2.1751,0.0
gbt_av,pass,-0.0068,7.0
gbt_av,pass,0.0582,7.0
gbt_av,pass,0.0675,0.0
gbt_av,pass,-0.2551,0.0
gbt_av,pass,-2.1332,5.0
gbt_av,pass,0.291,3.0
gbt_av,pass,-0.3151,0.0
gbt_av,pass,-0.2798,7.0
gbt_av,pass,1.1563,2.0
gbt_av,pass,-1.0841,3.0
gbt_av,pass,-1.5014,5.0
gbt_av,pass,1.4234,0.0
gbt_av,pass,-0.2935,9.0
gbt_av,pass,4.6696,2.0
gbt_av,pass,-1.1288,3.0
gbt_av,pass,0.1426,0.0
gbt_av,pass,5.128,7.0
gbt_av,pass,0.0621,8.0
gbt_av,pass,-0.5578,0.0
gbt_av,pass,-0.0143,0.0
gbt_av,pass,-2.4085,0.0
gbt_av,pass,-0.626,2.0
gbt_av,pass,-1.1898,4.0
gbt_av,pass,-4.7786,2.0
gbt_av,pass,-1.8047,0.0
gbt_av,pass,-0.7154,5.0
gbt_av,pass,1.7885,7.0
gbt_av,pass,-1.892,4.0
gbt_av,pass,-0.1176,10.0
gbt_av,pass,4.0292,1.0
gbt_av,pass,-2.4603,2.0
gbt_av,pass,5.542,7.0
gbt_av,pass,1.9315,7.0
gbt_av,pass,-0.0261,0.0
gbt_av,pass,0.5454,4.0
gbt_av,pass,-0.1916,7.0
gbt_av,pass,-0.8123,0.0
gbt_av,pass,-0.5359,0.0
gbt_av,pass,-0.712,5.0
gbt_av,pass,-0.5546,1.0
gbt_av,pass,-2.0753,2.0
gbt_av,pass,-0.3133,7.0
gbt_av,pass,0.7195,0.0
gbt_av,pass,-1.0206,4.0
gbt_av,pass,-0.4206,4.0
gbt_av,pass,-0.1593,0.0
gbt_av,pass,0.1317,0.0
gbt_av,pass,-0.6589,4.0
gbt_av,pass,1.1861,0.0
gbt_av,pass,-0.722,5.0
gbt_av,pass,-0.7284,0.0
gbt_av,pass,-2.991,2.0
gbt_av,pass,-0.757,0.0
gbt_av,pass,-1.1985,3.0
gbt_av,pass,0.1348,0.0
gbt_av,pass,-0.1622,2.0
gbt_av,pass,1.055,4.0
gbt_av,pass,-0.4801,4.0
gbt_av,pass,-3.019,2.0
gbt_av,pass,6.6753,4.0
gbt_av,pass,-0.6429,0.0
gbt_av,pass,-0.3287,5.0
gbt_av,pass,-0.7492,5.0
gbt_av,pass,0.2887,5.0
gbt_av,pass,-3.4374,2.0
gbt_av,pass,-0.1961,1.0
gbt_av,pass,0.1091,0.0
gbt_av,pass,-4.8642,5.0
gbt_av,pass,-0.7015,0.0
gbt_av,pass,-0.7277,3.0
gbt_av,pass,3.0834,8.0
gbt_av,pass,-1.3054,3.0
gbt_av,pass,-2.4516,4.0
gbt_av,pass,-0.6437,4.0
gbt_av,pass,-2.398,3.0
gbt_av,pass,0.4574,7.0
gbt_av,pass,-3.1559,4.0
gbt_av,pass,2.3622,5.0
gbt_av,pass,-0.5496,4.0
gbt_av,pass,-1.1132,3.0
gbt_av,pass,1.4052,0.0
gbt_av,pass,1.0158,3.0
gbt_av,pass,-0.9038,6.0
gbt_av,pass,-1.2767,1.0
gbt_av,pass,-0.8444,3.0
gbt_av,pass,-0.0618,5.0
gbt_av,pass,-0.8519,0.0
gbt_av,pass,-0.5354,0.0
gbt_av,pass,-3.0565,3.0
gbt_av,pass,-0.064,0.0
gbt_av,pass,-1.7826,2.0
gbt_av,pass,-0.5742,9.0
gbt_av,pass,0.6212,0.0
gbt_av,pass,4.4511,8.0
gbt_av,pass,-0.3736,0.0
gbt_av,pass,-2.0412,2.0
gbt_av,pass,-0.0754,0.0
gbt_av,pass,0.4051,0.0
gbt_av,pass,-1.5815,6.0
gbt_av,pass,-0.5139,0.0
gbt_av,pass,-1.191,0.0
gbt_av,pass,0.0066,4.0
gbt_av,pass,0.4634,0.0
gbt_av,pass,-0.4748,0.0
gbt_av,pass,-1.7006,6.0
gbt_av,pass,-1.2711,8.0
gbt_av,pass,2.0058,0.0
gbt_av,pass,-2.4249,5.0
gbt_av,pass,-0.2701,0.0
gbt_av,pass,1.3918,4.0
gbt_av,pass,-0.4189,0.0
gbt_av,pass,1.1463,6.0
gbt_av,pass,-1.0285,4.0
gbt_av,pass,-0.0156,0.0
gbt_av,pass,0.2833,9.0
gbt_av,pass,-1.8815,4.0
gbt_av,pass,1.241,4.0
gbt_av,pass,-1.5299,0.0
gbt_av,pass,-0.6729,6.0
gbt_av,pass,0.322,0.0
gbt_av,pass,1.2372,6.0
gbt_av,pass,-1.0949,6.0
gbt_av,pass,2.0618,3.0
gbt_av,pass,-0.5665,0.0
gbt_av,pass,-1.9729,2.0
gbt_av,pass,-4.267,3.0
gbt_av,pass,0.9352,6.0
gbt_av,pass,-1.3947,6.0
gbt_av,pass,-3.4627,2.0
gbt_av,pass,-0.388,4.0
gbt_av,pass,-0.1566,4.0
gbt_av,pass,-0.0028,8.0
gbt_av,pass,-0.4062,1.0
gbt_av,pass,3.9066,2.0
gbt_av,pass,-1.4774,2.0
gbt_av,pass,-0.4425,0.0
gbt_av,pass,-1.3885,4.0
gbt_av,pass,-1.5148,4.0
gbt_av,pass,-3.3815,1.0
gbt_av,pass,2.1437,7.0
gbt_av,pass,0.4883,5.0
gbt_av,pass,-2.0318,5.0
gbt_av,pass,-0.2554,4.0
gbt_av,pass,-0.3619,4.0
gbt_av,pass,0.0653,5.0
gbt_av,pass,1.858,6.0
gbt_av,pass,-0.1666,8.0
gbt_av,pass,2.1812,6.0
gbt_av,pass,-0.6064,0.0
gbt_av,pass,-0.525,2.0
gbt_av,pass,0.29,6.0
gbt_av,pass,-0.4959,0.0
gbt_av,pass,0.3555,0.0
gbt_av,pass,-0.4669,4.0
gbt_av,pass,-1.8658,3.0
gbt_av,pass,0.9059,7.0
gbt_av,pass,-0.6761,3.0
gbt_av,pass,0.7275,0.0
gbt_av,pass,-0.983,7.0
gbt_av,pass,3.3489,5.0
gbt_av,pass,1.7357,1.0
gbt_av,pass,0.7235,0.0
gbt_av,pass,-1.5873,7.0
gbt_av,pass,-0.4182,0.0
gbt_av,pass,-0.883,3.0
gbt_av,pass,0.7795,5.0
gbt_av,pass,-0.948,4.0
gbt_av,pass,-0.719,0.0
gbt_av,pass,-0.2837,0.0
gbt_av,pass,-1.7277,4.0
gbt_av,pass,-0.0056,0.0
gbt_av,pass,0.8013,0.0
gbt_av,pass,0.4848,6.0
gbt_av,pass,-1.5828,2.0
gbt_av,pass,0.2451,5.0
gbt_av,pass,-0.2657,0.0
gbt_av,pass,-1.0855,4.0
gbt_av,pass,-0.9108,4.0
gbt_av,pass,-0.3933,0.0
gbt_av,pass,-2.7793,1.0
gbt_av,pass,-0.5227,0.0
gbt_av,pass,-2.4255,3.0
gbt_av,pass,0.0498,4.0
gbt_av,pass,1.0389,7.0
gbt_av,pass,-0.0613,4.0
gbt_av,pass,-1.5349,4.0
gbt_av,pass,3.411,9.0
gbt_av,pass,-1.2901,6.0
gbt_av,pass,-0.0569,5.0
gbt_av,pass,1.7274,3.0
gbt_av,pass,0.7279,9.0
gbt_av,pass,-1.0043,2.0
gbt_av,pass,0.5257,5.0
gbt_av,pass,-2.2188,7.0
gbt_av,pass,0.4189,0.0
gbt_av,pass,0.7982,0.0
gbt_av,pass,-2.2286,5.0
gbt_av,pass,-0.8001,0.0
gbt_av,pass,0.467,4.0
gbt_av,pass,1.0432,8.0
gbt_av,pass,-2.883,1.0
gbt_av,pass,-0.7316,4.0
gbt_av,pass,-4.4403,3.0
gbt_av,pass,1.4023,0.0
gbt_av,pass,-0.802,0.0
gbt_av,pass,-0.1998,7.0
gbt_av,pass,-1.152,0.0
gbt_av,pass,-0.2372,0.0
gbt_av,pass,-3.8543,4.0
gbt_av,pass,-5.0084,4.0
gbt_av,pass,0.7105,8.0
gbt_av,pass,0.2567,9.0
gbt_av,pass,1.5426,6.0
gbt_av,pass,3.3983,8.0
gbt_av,pass,-2.2761,4.0
gbt_av,pass,-0.702,6.0
gbt_av,pass,1.8978,10.0
gbt_av,pass,0.1765,0.0
gbt_av,pass,-0.7495,4.0
gbt_av,pass,-1.0244,3.0
gbt_av,pass,1.331,5.0
gbt_av,pass,0.3231,3.0
gbt_av,pass,-1.637,3.0
gbt_av,pass,-1.9224,2.0
gbt_av,pass,0.3343,7.0
gbt_av,pass,0.6094,2.0
gbt_av,pass,0.357,0.0
gbt_av,pass,-0.2188,3.0
gbt_av,pass,-0.2389,0.0
gbt_av,pass,-0.4265,0.0
gbt_av,pass,-1.9653,4.0
gbt_av,pass,-1.2864,8.0
gbt_av,pass,0.8929,0.0
gbt_av,pass,-0.2846,3.0
gbt_av,pass,-1.0647,0.0
gbt_av,pass,-1.1351,5.0
gbt_av,pass,-1.9243,4.0
gbt_av,pass,-0.3605,1.0
gbt_av,pass,-0.0415,0.0
gbt_av,pass,0.3723,2.0
gbt_av,pass,1.836,7.0
gbt_av,pass,-0.9014,4.0
gbt_av,pass,-0.2765,0.0
gbt_av,pass,-1.6048,0.0
gbt_av,pass,-0.8319,6.0
gbt_av,pass,-0.6154,4.0
gbt_av,pass,1.3501,5.0
gbt_av,pass,0.0864,8.0
gbt_av,pass,0.3213,3.0
gbt_av,pass,0.0009,4.0
gbt_av,pass,-2.1538,5.0
gbt_av,pass,0.9707,3.0
gbt_av,pass,2.7072,7.0
gbt_av,pass,-2.4608,1.0
gbt_av,pass,-0.6657,8.0
gbt_av,pass,-2.1925,3.0
gbt_av,pass,0.5711,5.0
gbt_av,pass,-1.2095,3.0
gbt_av,pass,1.6882,7.0
gbt_av,pass,1.9217,8.0
gbt_av,pass,-1.1039,2.0
gbt_av,pass,4.3245,4.0
gbt_av,pass,-0.3163,2.0
gbt_av,pass,-0.7037,8.0
gbt_av,pass,2.5063,6.0
gbt_av,pass,-1.4688,0.0
gbt_av,pass,0.0111,0.0
gbt_av,pass,-2.4514,7.0
gbt_av,pass,-0.1256,7.0
gbt_av,pass,-2.6266,3.0
gbt_av,pass,-0.5188,0.0
gbt_av,pass,3.9526,9.0
gbt_av,pass,1.2134,8.0
gbt_av,pass,-1.0488,3.0
gbt_av,pass,-2.4712,7.0
gbt_av,pass,-1.7982,6.0
gbt_av,pass,-0.0048,0.0
gbt_av,pass,-1.5869,5.0
gbt_av,pass,-0.9532,0.0
gbt_av,pass,-1.784,0.0
gbt_av,pass,0.6377,6.0
gbt_av,pass,-5.6998,1.0
gbt_av,pass,-0.1085,0.0
gbt_av,pass,-3.2446,4.0
gbt_av,pass,-0.23,0.0
gbt_av,pass,-0.7562,8.0
gbt_av,pass,-0.7783,2.0
gbt_av,pass,-0.2147,4.0
gbt_av,pass,-1.0324,8.0
gbt_av,pass,-3.0946,4.0
gbt_av,pass,0.1792,0.0
gbt_av,pass,0.1315,0.0
gbt_av,pass,1.754,7.0
gbt_av,pass,-3.0682,10.0
gbt_av,pass,-1.7771,4.0
gbt_av,pass,0.1012,5.0
gbt_av,pass,0.332,4.0
gbt_av,pass,-1.1957,5.0
gbt_av,pass,-1.1703,1.0
gbt_av,pass,2.1346,1.0
gbt_av,pass,-0.6046,0.0
gbt_av,pass,-0.6196,0.0
gbt_av,pass,1.4233,5.0
gbt_av,pass,-0.6631,5.0
gbt_av,pass,-2.3268,9.0
gbt_av,pass,0.5483,3.0
gbt_av,pass,-1.0646,6.0
gbt_av,pass,-1.7895,0.0
gbt_av,pass,1.8011,7.0
gbt_av,pass,2.5446,6.0
gbt_av,pass,-0.5485,2.0
gbt_av,pass,0.7795,3.0
gbt_av,pass,3.0284,2.0
gbt_av,pass,-3.7599,3.0
gbt_av,pass,-0.0991,0.0
gbt_av,pass,-0.3842,0.0
gbt_av,pass,0.1708,0.0
gbt_av,pass,-0.7067,0.0
gbt_av,pass,0.69,9.0
gbt_av,pass,-0.3424,3.0
gbt_av,pass,-0.4764,0.0
gbt_av,pass,0.8292,5.0
gbt_av,pass,-0.3311,0.0
gbt_av,pass,-0.3793,0.0
gbt_av,pass,-0.4041,0.0
gbt_av,pass,-4.7274,2.0
gbt_av,pass,-0.2138,0.0
gbt_av,pass,-2.2653,5.0
gbt_av,pass,-2.5675,3.0
gbt_av,pass,2.0824,4.0
gbt_av,pass,0.18,0.0
gbt_av,pass,-1.369,4.0
gbt_av,pass,-0.1554,3.0
gbt_av,pass,0.8406,0.0
gbt_av,pass,-0.4823,3.0
gbt_av,pass,-0.0764,3.0
gbt_av,pass,-0.7185,3.0
gbt_av,pass,-0.7443,0.0
gbt_av,pass,-1.3416,4.0
gbt_av,pass,-3.1765,2.0
gbt_av,pass,1.1683,8.0
gbt_av,pass,-1.0173,4.0
gbt_av,pass,-0.0699,4.0
gbt_av,pass,-0.5944,4.0
gbt_av,pass,-2.7689,1.0
gbt_av,pass,-0.4457,2.0
gbt_av,pass,0.6623,2.0
gbt_av,pass,-0.5254,0.0
gbt_av,pass,-1.1344,3.0
gbt_av,pass,-0.6172,4.0
gbt_av,pass,-2.714,3.0
gbt_av,pass,-0.7583,5.0
gbt_av,pass,-2.3379,2.0
gbt_av,pass,0.2038,4.0
gbt_av,pass,-2.9359,2.0
gbt_av,pass,-0.415,3.0
gbt_av,pass,-0.7781,4.0
gbt_av,pass,-1.2197,3.0
gbt_av,pass,0.5021,0.0
gbt_av,pass,-3.7354,1.0
gbt_av,pass,-1.5354,0.0
gbt_av,pass,-0.1742,9.0
gbt_av,pass,-1.035,0.0
gbt_av,pass,-0.0995,0.0
gbt_av,pass,0.1477,3.0
gbt_av,pass,-2.6407,4.0
gbt_av,pass,-2.1781,2.0
gbt_av,pass,-0.1768,3.0
gbt_av,pass,-0.0883,0.0
gbt_av,pass,-3.2493,6.0
gbt_av,pass,-1.8282,4.0
gbt_av,pass,0.3313,7.0
gbt_av,pass,0.0622,4.0
gbt_av,pass,-1.4515,5.0
gbt_av,pass,-0.1015,2.0
gbt_av,pass,-0.1784,4.0
gbt_av,pass,2.3192,6.0
gbt_av,pass,-3.2313,3.0
gbt_av,pass,-4.2299,7.0
gbt_av,pass,-0.177,6.0
gbt_av,pass,-0.4792,0.0
gbt_av,pass,-2.5824,0.0
gbt_av,pass,1.5084,5.0
gbt_av,pass,-1.1314,4.0
gbt_av,pass,-5.4727,3.0
gbt_av,pass,-1.402,3.0
gbt_av,pass,-1.2845,2.0
gbt_av,pass,-1.1118,0.0
gbt_av,pass,0.2996,2.0
gbt_av,pass,-0.4159,0.0
gbt_av,pass,-0.4338,0.0
gbt_av,pass,-0.5444,4.0
gbt_av,pass,-2.92,4.0
gbt_av,pass,-2.9486,3.0
gbt_av,pass,-0.9028,0.0
gbt_av,pass,2.2953,5.0
gbt_av,pass,-2.3133,2.0
gbt_av,pass,-1.6487,2.0
gbt_av,pass,2.1357,0.0
gbt_av,pass,2.9848,7.0
gbt_av,pass,-0.3838,0.0
gbt_av,pass,0.6386,0.0
gbt_av,pass,-1.6182,4.0
gbt_av,pass,-0.4322,8.0
gbt_av,pass,-0.6896,6.0
gbt_av,pass,-1.5381,6.0
gbt_av,pass,-0.8982,2.0
gbt_av,pass,0.1362,0.0
gbt_av,pass,-0.2768,0.0
gbt_av,pass,-4.1406,3.0
gbt_av,pass,-0.8011,2.0
gbt_av,pass,-1.7752,4.0
gbt_av,pass,-0.146,5.0
gbt_av,pass,-0.4374,0.0
gbt_av,pass,-0.6059,0.0
gbt_av,pass,-2.2667,4.0
gbt_av,pass,-3.0929,3.0
gbt_av,pass,0.4247,5.0
gbt_av,pass,0.0924,3.0
gbt_av,pass,-1.2778,1.0
gbt_av,pass,0.5432,0.0
gbt_av,pass,2.2196,6.0
gbt_av,pass,-0.7094,0.0
gbt_av,pass,0.4453,1.0
gbt_av,pass,3.667,6.0
gbt_av,pass,-0.0773,2.0
gbt_av,pass,0.6156,0.0
gbt_av,pass,-1.9163,4.0
gbt_av,pass,-2.7615,7.0
gbt_av,pass,-0.9568,7.0
gbt_av,pass,-1.6605,2.0
gbt_av,pass,0.6202,0.0
gbt_av,pass,-2.0901,4.0
gbt_av,pass,1.7737,7.0
gbt_av,pass,-0.5788,0.0
gbt_av,pass,-0.2669,7.0
gbt_av,pass,0.4201,3.0
gbt_av,pass,0.0218,5.0
gbt_av,pass,-0.9611,3.0
gbt_av,pass,-0.9373,5.0
gbt_av,pass,-0.3778,3.0
gbt_av,pass,-2.8385,2.0
gbt_av,pass,2.8712,4.0
gbt_av,pass,-2.8017,4.0
gbt_av,pass,-0.3238,0.0
gbt_av,pass,-0.9909,0.0
gbt_av,pass,-1.1552,6.0
gbt_av,pass,-3.6482,5.0
gbt_av,pass,-1.5882,3.0
gbt_av,pass,0.8673,6.0
gbt_av,pass,0.0904,0.0
gbt_av,pass,-0.1024,3.0
gbt_av,pass,-1.12,6.0
gbt_av,pass,0.1004,3.0
gbt_av,pass,0.1549,0.0
gbt_av,pass,1.2766,6.0
gbt_av,pass,-0.2237,0.0
gbt_av,pass,0.0453,0.0
gbt_av,pass,0.5646,8.0
gbt_av,pass,-0.9371,5.0
gbt_av,pass,-1.986,0.0
gbt_av,pass,-1.8594,3.0
gbt_av,pass,-1.4935,8.0
gbt_av,pass,-2.5995,0.0
gbt_av,pass,1.534,7.0
gbt_av,pass,-1.3476,8.0
gbt_av,pass,1.5285,8.0
gbt_av,pass,-0.5537,4.0
gbt_av,pass,-3.591,3.0
gbt_av,pass,3.0034,4.0
gbt_av,pass,0.328,0.0
gbt_av,pass,-0.1113,7.0
gbt_av,pass,0.2644,4.0
gbt_av,pass,-0.0645,0.0
gbt_av,pass,-1.3898,4.0
gbt_av,pass,0.4013,0.0
gbt_av,pass,-3.6028,0.0
gbt_av,pass,-2.1728,4.0
gbt_av,pass,-0.7793,6.0
gbt_av,pass,-1.8257,4.0
gbt_av,pass,0.2619,0.0
gbt_av,pass,-0.1872,5.0
gbt_av,pass,-0.9027,2.0
gbt_av,pass,-1.8363,1.0
gbt_av,pass,-0.157,4.0
gbt_av,pass,-0.7942,0.0
gbt_av,pass,-0.2132,0.0
gbt_av,pass,-0.4715,6.0
gbt_av,pass,0.7544,0.0
gbt_av,pass,-0.0871,1.0
gbt_av,pass,-1.963,3.0
gbt_av,pass,-0.0948,5.0
gbt_av,pass,-0.2279,0.0
gbt_av,pass,-0.0402,7.0
gbt_av,pass,-0.1131,3.0
gbt_av,pass,0.1445,0.0
gbt_av,pass,1.3256,5.0
gbt_av,pass,-0.7843,0.0
gbt_av,pass,-2.6861,4.0
gbt_av,pass,-2.7955,0.0
gbt_av,pass,0.7021,0.0
gbt_av,pass,-1.5012,0.0
gbt_av,pass,-0.1631,0.0
gbt_av,pass,-0.3974,3.0
gbt_av,pass,1.8606,5.0
gbt_av,pass,-2.0218,2.0
gbt_av,pass,-0.242,8.0
gbt_av,pass,-0.5701,2.0
gbt_av,pass,1.2541,6.0
gbt_av,pass,-1.883,7.0
gbt_av,pass,0.3832,7.0
gbt_av,pass,0.0259,1.0
gbt_av,pass,-0.9097,3.0
gbt_av,pass,-0.2165,0.0
gbt_av,pass,-3.291,4.0
gbt_av,pass,2.5305,6.0
gbt_av,pass,-0.5919,0.0
gbt_av,pass,-0.3091,0.0
gbt_av,pass,-5.9195,3.0
gbt_av,pass,0.3847,0.0
gbt_av,pass,-0.3701,4.0
gbt_av,pass,-1.1225,3.0
gbt_av,pass,-6.0185,8.0
gbt_av,pass,-1.403,5.0
gbt_av,pass,-1.386,5.0
gbt_av,pass,-1.6778,7.0
gbt_av,pass,-1.7948,8.0
gbt_av,pass,0.0303,0.0
gbt_av,pass,-3.6867,2.0
gbt_av,pass,2.3426,8.0
gbt_av,pass,-0.2983,7.0
gbt_av,pass,-0.0869,3.0
gbt_av,pass,0.6725,2.0
gbt_av,pass,-0.3314,4.0
gbt_av,pass,1.5887,9.0
gbt_av,pass,-6.0318,3.0
gbt_av,pass,-0.7197,2.0
gbt_av,pass,0.042,0.0
gbt_av,pass,-2.2942,7.0
gbt_av,pass,-0.4805,3.0
gbt_av,pass,-1.6971,0.0
gbt_av,pass,-0.0577,3.0
gbt_av,pass,-2.194,6.0
gbt_av,pass,2.0683,6.0
gbt_av,pass,-2.409,4.0
gbt_av,pass,-0.496,3.0
gbt_av,pass,-3.0874,2.0
gbt_av,pass,-0.6489,0.0
gbt_av,pass,-1.9125,3.0
gbt_av,pass,-2.9488,0.0
gbt_av,pass,2.4974,8.0
gbt_av,pass,-3.4663,3.0
gbt_av,pass,-0.3593,0.0
gbt_av,pass,-1.8019,3.0
gbt_av,pass,0.7388,4.0
gbt_av,pass,-2.2587,4.0
gbt_av,pass,-1.6425,4.0
gbt_av,pass,0.604,0.0
gbt_av,pass,-0.1662,0.0
gbt_av,pass,-0.6092,4.0
gbt_av,pass,1.0605,0.0
gbt_av,pass,2.004,7.0
gbt_av,pass,-5.0481,2.0
gbt_av,pass,-0.9172,3.0
gbt_av,pass,2.5083,8.0
gbt_av,pass,-2.5084,2.0
gbt_av,pass,1.4814,7.0
gbt_av,pass,-0.3489,6.0
gbt_av,pass,-0.3967,0.0
gbt_av,pass,-3.1306,4.0
gbt_av,pass,1.9828,6.0
gbt_av,pass,5.0213,9.0
gbt_av,pass,-0.2625,2.0
gbt_av,pass,0.1718,0.0
gbt_av,pass,-3.3529,3.0
gbt_av,pass,-2.6433,4.0
gbt_av,pass,0.2121,4.0
gbt_av,pass,-2.6194,4.0
gbt_av,pass,4.7491,5.0
gbt_av,pass,-3.1412,4.0
gbt_av,pass,1.0122,0.0
gbt_av,pass,0.5868,0.0
gbt_av,pass,-1.3588,3.0
gbt_av,pass,0.7072,6.0
gbt_av,pass,-4.6323,7.0
gbt_av,pass,0.8408,5.0
gbt_av,pass,-1.609,3.0
gbt_av,pass,-2.5304,3.0
gbt_av,pass,-0.3086,7.0
gbt_av,pass,0.0407,0.0
gbt_av,pass,-0.2222,4.0
gbt_av,pass,2.3745,0.0
gbt_av,pass,-4.7627,6.0
gbt_av,pass,-0.0165,0.0
gbt_av,pass,0.6012,7.0
gbt_av,pass,-4.3801,4.0
gbt_av,pass,3.3684,7.0
gbt_av,pass,0.4632,3.0
gbt_av,pass,-0.194,2.0
gbt_av,pass,-1.6984,0.0
gbt_av,pass,-0.1039,0.0
gbt_av,pass,-0.2964,0.0
gbt_av,pass,-2.0047,4.0
gbt_av,pass,-0.3577,0.0
gbt_av,pass,2.9691,9.0
gbt_av,pass,-2.7837,3.0
gbt_av,pass,-0.0512,0.0
gbt_av,pass,-0.8079,3.0
gbt_av,pass,0.0913,8.0
gbt_av,pass,-0.2392,0.0
gbt_av,pass,-0.2107,0.0
gbt_av,pass,-1.1384,0.0
gbt_av,pass,0.149,0.0
gbt_av,pass,-0.3795,0.0
gbt_av,pass,1.2929,0.0
gbt_av,pass,-0.7524,8.0
gbt_av,pass,-2.1345,8.0
gbt_av,pass,-4.0755,5.0
gbt_av,pass,-1.1159,0.0
gbt_av,pass,-3.1938,2.0
gbt_av,pass,-3.1604,4.0
gbt_av,pass,-0.6157,0.0
gbt_av,pass,0.5643,0.0
gbt_av,pass,0.1569,0.0
gbt_av,pass,-5.1462,2.0
gbt_av,pass,-0.1301,0.0
gbt_av,pass,-0.9751,2.0
gbt_av,pass,-2.9049,3.0
gbt_av,pass,-1.0573,0.0
gbt_av,pass,0.9253,3.0
gbt_av,pass,-6.8216,8.0
gbt_av,pass,4.6973,8.0
gbt_av,pass,-0.769,0.0
gbt_av,pass,-0.171,6.0
gbt_av,pass,-1.3794,4.0
gbt_av,pass,-3.0605,1.0
gbt_av,pass,0.2831,0.0
gbt_av,pass,-0.5971,3.0
gbt_av,pass,-0.8135,6.0
gbt_av,pass,-0.5024,5.0
gbt_av,pass,-3.7092,2.0
gbt_av,pass,1.0263,4.0
gbt_av,pass,1.869,7.0
gbt_av,pass,3.2052,6.0
gbt_av,pass,0.1023,3.0
gbt_av,pass,0.1558,5.0
gbt_av,pass,-3.3545,5.0
gbt_av,pass,1.0866,0.0
gbt_av,pass,-0.4797,4.0
gbt_av,pass,0.5326,0.0
gbt_av,pass,-0.6457,0.0
gbt_av,pass,0.4906,1.0
gbt_av,pass,-0.289,0.0
gbt_av,pass,-1.2024,4.0
gbt_av,pass,-0.3892,6.0
gbt_av,pass,-1.9988,0.0
gbt_av,pass,-0.6425,5.0
gbt_av,pass,-0.2984,6.0
gbt_av,pass,0.005,0.0
gbt_av,pass,1.063,4.0
gbt_av,pass,-1.1582,5.0
gbt_av,pass,-1.4589,2.0
gbt_av,pass,-0.9221,6.0
gbt_av,pass,-1.5188,0.0
gbt_av,pass,-0.4599,2.0
gbt_av,pass,-2.4598,3.0
gbt_av,pass,2.6238,6.0
gbt_av,pass,-0.5745,4.0
gbt_av,pass,0.1549,0.0
gbt_av,pass,-0.1147,0.0
gbt_av,pass,-0.1724,0.0
gbt_av,pass,-0.0569,4.0
gbt_av,pass,-3.7893,2.0
gbt_av,pass,-0.5998,0.0
gbt_av,pass,-2.377,2.0
gbt_av,pass,-0.8131,4.0
gbt_av,pass,-0.8066,0.0
gbt_av,pass,-0.1511,0.0
gbt_av,pass,-0.1404,0.0
gbt_av,pass,-0.7358,4.0
gbt_av,pass,-0.8296,0.0
gbt_av,pass,-1.2298,0.0
gbt_av,pass,1.8027,7.0
gbt_av,pass,0.2683,8.0
gbt_av,pass,-0.2336,2.0
gbt_av,pass,-3.9808,3.0
gbt_av,pass,0.728,0.0
gbt_av,pass,-0.0902,4.0
gbt_av,pass,0.1238,4.0
gbt_av,pass,-2.2629,4.0
gbt_av,pass,-1.2513,2.0
gbt_av,pass,0.1621,0.0
gbt_av,pass,-1.5969,2.0
gbt_av,pass,-2.8692,2.0
gbt_av,pass,-0.1604,3.0
gbt_av,pass,-1.233,9.0
gbt_av,pass,-0.1967,3.0
gbt_av,pass,-1.1776,6.0
gbt_av,pass,0.7982,0.0
gbt_av,pass,0.1304,0.0
gbt_av,pass,0.1976,0.0
gbt_av,pass,0.3567,0.0
gbt_av,pass,-4.0604,5.0
gbt_av,pass,-0.2874,0.0
gbt_av,pass,0.9214,7.0
gbt_av,pass,-0.1951,4.0
gbt_av,pass,-3.1338,4.0
gbt_av,pass,0.0735,4.0
gbt_av,pass,-2.4592,6.0
gbt_av,pass,-0.0389,0.0
gbt_av,pass,-3.5632,4.0
gbt_av,pass,-2.8557,1.0
gbt_av,pass,0.8454,6.0
gbt_av,pass,0.3354,4.0
gbt_av,pass,-4.5914,4.0
gbt_av,pass,-1.1127,5.0
gbt_av,pass,-0.4578,3.0
gbt_av,pass,-0.7566,5.0
gbt_av,pass,-1.3484,0.0
gbt_av,pass,-0.8626,6.0
gbt_av,pass,0.5745,0.0
gbt_av,pass,-3.7886,4.0
gbt_av,pass,-0.6827,0.0
gbt_av,pass,-0.0378,0.0
gbt_av,pass,-0.6906,0.0
gbt_av,pass,1.3879,5.0
gbt_av,pass,0.0474,3.0
gbt_av,pass,-0.9821,5.0
gbt_av,pass,-0.7733,9.0
gbt_av,pass,2.762,8.0
gbt_av,pass,0.0771,0.0
gbt_av,pass,-3.181,7.0
gbt_av,pass,2.2448,7.0
gbt_av,pass,-0.9123,8.0
gbt_av,pass,0.9562,6.0
gbt_av,pass,-3.3704,0.0
gbt_av,pass,-1.8226,2.0
gbt_av,pass,-0.4546,2.0
gbt_av,pass,0.6945,4.0
gbt_av,pass,-2.0796,4.0
gbt_av,pass,-1.8989,8.0
gbt_av,pass,-1.7367,6.0
gbt_av,pass,1.1486,4.0
gbt_av,pass,0.0494,0.0
gbt_av,pass,1.1891,2.0
gbt_av,pass,0.3156,5.0
gbt_av,pass,-0.7687,0.0
gbt_av,pass,-1.8443,4.0
gbt_av,pass,-0.6205,0.0
gbt_av,pass,-2.5939,2.0
gbt_av,pass,0.0872,5.0
gbt_av,pass,-3.1105,4.0
gbt_av,pass,-1.8363,4.0
gbt_av,pass,-0.7754,5.0
gbt_av,pass,1.3457,0.0
gbt_av,pass,-3.8201,2.0
gbt_av,pass,0.1142,6.0
gbt_av,pass,-0.741,3.0
gbt_av,pass,0.3524,3.0
gbt_av,pass,-0.9092,7.0
gbt_av,pass,-0.1267,0.0
gbt_av,pass,-1.1038,0.0
gbt_av,pass,0.0538,3.0
gbt_av,pass,-0.367,0.0
gbt_av,pass,-1.5698,0.0
gbt_av,pass,0.4495,6.0
gbt_av,pass,0.5034,9.0
gbt_av,pass,0.1798,2.0
gbt_av,pass,-0.5706,0.0
gbt_av,pass,2.3695,8.0
gbt_av,pass,-0.0865,3.0
gbt_av,pass,-1.6904,0.0
gbt_av,pass,-0.2655,4.0
gbt_av,pass,-1.2511,0.0
gbt_av,pass,-1.5917,0.0
gbt_av,pass,-4.0625,4.0
gbt_av,pass,-0.8267,8.0
gbt_av,pass,-3.2345,1.0
gbt_av,pass,0.7175,2.0
gbt_av,pass,0.2957,6.0
gbt_av,pass,-0.5428,5.0
gbt_av,pass,0.05,4.0
gbt_av,pass,-1.2347,0.0
gbt_av,pass,-0.4727,0.0
gbt_av,pass,-0.7838,0.0
gbt_av,pass,-1.131,4.0
gbt_av,pass,-0.6431,0.0
gbt_av,pass,0.3026,0.0
gbt_av,pass,-0.8407,0.0
gbt_av,pass,-0.9392,3.0
gbt_av,pass,-0.0929,2.0
gbt_av,pass,-1.3657,4.0
gbt_av,pass,-2.282,2.0
gbt_av,pass,-1.6061,1.0
gbt_av,pass,-2.0145,4.0
gbt_av,pass,-0.6444,0.0
gbt_av,pass,0.2162,0.0
gbt_av,pass,2.2265,7.0
gbt_av,pass,0.3519,4.0
gbt_av,pass,-0.1994,0.0
gbt_av,pass,0.408,3.0
gbt_av,pass,1.0825,0.0
gbt_av,pass,0.5528,0.0
gbt_av,pass,-0.6908,5.0
gbt_av,pass,0.0809,1.0
gbt_av,pass,-0.748,4.0
gbt_av,pass,-1.5182,4.0
gbt_av,pass,-0.5949,1.0
gbt_av,pass,-3.2743,2.0
gbt_av,pass,2.9081,9.0
gbt_av,pass,-1.2829,5.0
gbt_av,pass,0.3804,6.0
gbt_av,pass,-2.3946,4.0
gbt_av,pass,-2.8659,3.0
gbt_av,pass,-1.0906,3.0
gbt_av,pass,-0.8852,3.0
gbt_av,pass,1.0246,0.0
gbt_av,pass,-0.6635,7.0
gbt_av,pass,0.4535,0.0
gbt_av,pass,3.7569,6.0
gbt_av,pass,0.7772,2.0
gbt_av,pass,-0.3973,6.0
gbt_av,pass,-2.4535,5.0
gbt_av,pass,0.2601,0.0
gbt_av,pass,-0.1348,5.0
gbt_av,pass,2.2047,3.0
gbt_av,pass,-3.6289,3.0
gbt_av,pass,-0.6682,4.0
gbt_av,pass,-2.73,4.0
gbt_av,pass,-1.7147,4.0
gbt_av,pass,3.4094,7.0
gbt_av,pass,-0.2538,6.0
gbt_av,pass,-0.2164,3.0
gbt_av,pass,0.2563,0.0
gbt_av,pass,-0.4408,7.0
gbt_av,pass,0.4048,0.0
gbt_av,pass,-1.0373,4.0
gbt_av,pass,-0.1889,0.0
gbt_av,pass,0.3589,2.0
gbt_av,pass,1.553,8.0
gbt_av,pass,-1.0248,4.0
gbt_av,pass,-0.2163,5.0
gbt_av,pass,1.1692,2.0
gbt_av,pass,0.3807,2.0
gbt_av,pass,0.0648,0.0
gbt_av,pass,-1.7168,2.0
gbt_av,pass,-3.4224,4.0
gbt_av,pass,0.2127,0.0
gbt_av,pass,-1.9729,4.0
gbt_av,pass,-0.0738,0.0
gbt_av,pass,-0.2924,0.0
gbt_av,pass,0.4692,3.0
gbt_av,pass,-3.2649,3.0
gbt_av,pass,-1.6835,3.0
gbt_av,pass,-2.7376,5.0
gbt_av,pass,-0.311,0.0
gbt_av,pass,0.1488,8.0
gbt_av,pass,-0.1954,0.0
gbt_av,pass,0.7136,0.0
gbt_av,pass,-1.3596,2.0
gbt_av,pass,-1.0439,5.0
gbt_av,pass,0.0164,0.0
gbt_av,pass,0.1177,0.0
gbt_av,pass,2.4885,8.0
gbt_av,pass,-0.7558,2.0
gbt_av,pass,-1.5496,2.0
gbt_av,pass,0.0198,0.0
gbt_av,pass,-4.8994,2.0
gbt_av,pass,4.2901,8.0
gbt_av,pass,0.7631,5.0
gbt_av,pass,-0.2005,0.0
gbt_av,pass,-1.1554,3.0
gbt_av,pass,-0.3372,0.0
gbt_av,pass,0.1852,3.0
gbt_av,pass,3.8677,9.0
gbt_av,pass,-1.2827,10.0
gbt_av,pass,0.488,0.0
gbt_av,pass,0.8871,3.0
gbt_av,pass,-2.024,4.0
gbt_av,pass,0.1666,7.0
gbt_av,pass,0.222,0.0
gbt_av,pass,-1.3769,10.0
gbt_av,pass,-0.5077,3.0
gbt_av,pass,0.5919,0.0
gbt_av,pass,-3.8143,4.0
gbt_av,pass,-1.5243,2.0
gbt_av,pass,-0.4579,1.0
gbt_av,pass,-1.8503,4.0
gbt_av,pass,-0.1411,1.0
gbt_av,pass,0.0014,0.0
gbt_av,pass,-1.8259,3.0
gbt_av,pass,-1.5819,3.0
gbt_av,pass,-0.3326,0.0
gbt_av,pass,0.9502,0.0
gbt_av,pass,0.4085,7.0
gbt_av,pass,-3.7642,3.0
gbt_av,pass,-1.217,0.0
gbt_av,pass,1.4821,8.0
gbt_av,pass,0.3054,0.0
gbt_av,pass,1.9572,8.0
gbt_av,pass,-1.4074,0.0
gbt_av,pass,-0.29,5.0
gbt_av,pass,-1.0449,7.0
gbt_av,pass,0.5113,3.0
gbt_av,pass,-0.739,2.0
gbt_av,pass,3.6831,7.0
gbt_av,pass,-0.3899,0.0
gbt_av,pass,1.7654,0.0
gbt_av,pass,-1.0621,0.0
gbt_av,pass,-3.1326,1.0
gbt_av,pass,-0.0584,0.0
gbt_av,pass,-1.8775,3.0
gbt_av,pass,-0.819,6.0
gbt_av,pass,0.1464,0.0
gbt_av,pass,-5.1027,3.0
gbt_av,pass,-2.2791,5.0
gbt_av,pass,-0.7781,0.0
gbt_av,pass,-0.9958,7.0
gbt_av,pass,2.0726,7.0
gbt_av,pass,-0.3728,0.0
gbt_av,pass,1.1497,0.0
gbt_av,pass,0.336,0.0
gbt_av,pass,-1.409,0.0
gbt_av,pass,-1.6653,3.0
gbt_av,pass,-2.0112,5.0
gbt_av,pass,0.1727,2.0
gbt_av,pass,-7.3478,3.0
gbt_av,pass,-0.4149,0.0
gbt_av,pass,-0.4781,0.0
gbt_av,pass,-2.3423,3.0
gbt_av,pass,3.175,9.0
gbt_av,pass,-1.2593,0.0
gbt_av,pass,0.5544,2.0
gbt_av,pass,-3.0966,4.0
gbt_av,pass,2.0518,8.0
gbt_av,pass,0.8736,0.0
gbt_av,pass,-2.0314,2.0
gbt_av,pass,-0.2332,5.0
gbt_av,pass,2.9382,6.0
gbt_av,pass,-0.5727,0.0
gbt_av,pass,0.5051,2.0
gbt_av,pass,-0.1252,3.0
gbt_av,pass,0.2573,0.0
gbt_av,pass,-3.1992,4.0
gbt_av,pass,-0.803,4.0
gbt_av,pass,5.3878,5.0
gbt_av,pass,0.9596,6.0
gbt_av,pass,-2.7095,3.0
gbt_av,pass,-1.8894,3.0
gbt_av,pass,-0.4824,5.0
gbt_av,pass,-0.4306,3.0
gbt_av,pass,-4.4437,1.0
gbt_av,pass,0.1183,1.0
gbt_av,pass,3.2676,7.0
gbt_av,pass,-0.4727,6.0
gbt_av,pass,-0.4993,0.0
gbt_av,pass,0.102,0.0
gbt_av,pass,0.3362,0.0
gbt_av,pass,0.02,0.0
gbt_av,pass,1.9744,9.0
gbt_av,pass,-3.2492,3.0
gbt_av,pass,1.0503,6.0
gbt_av,pass,-1.3514,4.0
gbt_av,pass,-0.538,0.0
gbt_av,pass,0.094,0.0
gbt_av,pass,-0.7347,3.0
gbt_av,pass,-0.7454,3.0
gbt_av,pass,0.0469,2.0
gbt_av,pass,-4.3259,3.0
gbt_av,pass,-0.1883,2.0
gbt_av,pass,0.018,0.0
gbt_av,pass,1.3076,6.0
gbt_av,pass,-1.1652,5.0
gbt_av,pass,-0.7763,5.0
gbt_av,pass,-0.8258,0.0
gbt_av,pass,0.65,0.0
gbt_av,pass,0.9668,2.0
gbt_av,pass,-0.3697,0.0
gbt_av,pass,-1.0249,0.0
gbt_av,pass,2.4724,2.0
gbt_av,pass,1.2836,7.0
gbt_av,pass,6.7139,9.0
gbt_av,pass,1.1607,6.0
gbt_av,pass,1.1852,5.0
gbt_av,pass,-0.3551,1.0
gbt_av,pass,-0.9197,7.0
gbt_av,pass,-0.3608,0.0
gbt_av,pass,0.6321,3.0
gbt_av,pass,-0.512,3.0
gbt_av,pass,0.3227,3.0
gbt_av,pass,-0.6372,3.0
gbt_av,pass,-1.4636,3.0
gbt_av,pass,0.1641,0.0
gbt_av,pass,-0.0798,4.0
gbt_av,pass,-0.5828,4.0
gbt_av,pass,-1.7131,3.0
gbt_av,pass,-6.7872,2.0
gbt_av,pass,-0.0516,0.0
gbt_av,pass,-6.5019,3.0
gbt_av,pass,0.4344,4.0
gbt_av,pass,0.5125,0.0
gbt_av,pass,-2.1173,3.0
gbt_av,pass,-1.2561,0.0
gbt_av,pass,0.4683,4.0
gbt_av,pass,-0.6591,7.0
gbt_av,pass,3.6577,1.0
gbt_av,pass,-0.1614,0.0
gbt_av,pass,-2.3955,4.0
gbt_av,pass,-1.508,3.0
gbt_av,pass,-1.1918,4.0
gbt_av,pass,0.7102,2.0
gbt_av,pass,-1.1675,0.0
gbt_av,pass,-0.532,7.0
gbt_av,pass,3.5358,8.0
gbt_av,pass,-1.1234,7.0
gbt_av,pass,-0.9505,2.0
gbt_av,pass,0.0576,3.0
gbt_av,pass,-0.1694,0.0
gbt_av,pass,-2.4481,0.0
gbt_av,pass,3.1372,6.0
gbt_av,pass,-0.5523,6.0
gbt_av,pass,0.3781,0.0
gbt_av,pass,-0.0466,5.0
gbt_av,pass,-0.553,5.0
gbt_av,pass,-0.4531,2.0
gbt_av,pass,-0.6643,4.0
gbt_av,pass,0.0937,0.0
gbt_av,pass,-0.4591,0.0
gbt_av,pass,4.1497,9.0
gbt_av,pass,1.7902,6.0
gbt_av,pass,-0.0574,9.0
gbt_av,pass,-2.142,5.0
gbt_av,pass,-1.2391,5.0
gbt_av,pass,-1.0729,2.0
gbt_av,pass,-1.8033,1.0
gbt_av,pass,2.6792,6.0
gbt_av,pass,0.1126,0.0
gbt_av,pass,-2.387,0.0
gbt_av,pass,-2.5218,1.0
gbt_av,pass,-0.4844,8.0
gbt_av,pass,-0.9569,7.0
gbt_av,pass,0.0083,0.0
gbt_av,pass,0.8414,0.0
gbt_av,pass,-0.0382,0.0
gbt_av,pass,-0.1807,5.0
gbt_av,pass,0.7862,10.0
gbt_av,pass,0.3513,3.0
gbt_av,pass,-2.9288,2.0
gbt_av,pass,0.1368,6.0
gbt_av,pass,3.1446,8.0
gbt_av,pass,-1.0075,4.0
gbt_av,pass,3.7988,8.0
gbt_av,pass,-1.342,5.0
gbt_av,pass,-0.7637,0.0
gbt_av,pass,-2.2278,0.0
gbt_av,pass,-2.3137,2.0
gbt_av,pass,1.5081,5.0
gbt_av,pass,-1.108,0.0
gbt_av,pass,-0.0025,3.0
gbt_av,pass,0.2683,5.0
gbt_av,pass,0.5168,5.0
gbt_av,pass,1.1091,5.0
gbt_av,pass,-0.7053,0.0
gbt_av,pass,-0.1733,2.0
gbt_av,pass,-2.7166,1.0
gbt_av,pass,0.0343,0.0
gbt_av,pass,-1.8023,2.0
gbt_av,pass,1.6898,4.0
gbt_av,pass,0.217,0.0
gbt_av,pass,-1.7597,9.0
gbt_av,pass,-0.6693,5.0
gbt_av,pass,0.5854,0.0
gbt_av,pass,-0.5745,0.0
gbt_av,pass,-1.2601,4.0
gbt_av,pass,-0.3733,0.0
gbt_av,pass,-0.1571,6.0
gbt_av,pass,-0.5154,4.0
gbt_av,pass,0.2455,0.0
gbt_av,pass,-3.5593,2.0
gbt_av,pass,-1.2233,2.0
gbt_av,pass,-1.4285,4.0
gbt_av,pass,1.1001,0.0
gbt_av,pass,0.6002,2.0
gbt_av,pass,-0.7381,4.0
gbt_av,pass,0.1781,2.0
gbt_av,pass,-1.8547,3.0
gbt_av,pass,-1.6331,5.0
gbt_av,pass,0.6815,0.0
gbt_av,pass,-2.4632,4.0
gbt_av,pass,-2.4549,5.0
gbt_av,pass,5.331,7.0
gbt_av,pass,0.9045,3.0
gbt_av,pass,-0.0632,5.0
gbt_av,pass,0.4756,1.0
gbt_av,pass,-0.5631,6.0
gbt_av,pass,-1.0316,3.0
gbt_av,pass,1.4495,0.0
gbt_av,pass,1.7227,6.0
gbt_av,pass,0.3178,10.0
gbt_av,pass,2.5649,6.0
gbt_av,pass,-0.2199,0.0
gbt_av,pass,-3.0581,1.0
gbt_av,pass,-0.4385,8.0
gbt_av,pass,0.1013,0.0
gbt_av,pass,1.1567,7.0
gbt_av,pass,-0.096,3.0
gbt_av,pass,1.7634,4.0
gbt_av,pass,1.0258,0.0
gbt_av,pass,0.2419,0.0
gbt_av,pass,4.3662,8.0
gbt_av,pass,-1.1197,2.0
gbt_av,pass,2.1394,6.0
gbt_av,pass,0.327,0.0
gbt_av,pass,-0.7698,4.0
gbt_av,pass,-1.7269,4.0
gbt_av,pass,2.6006,7.0
gbt_av,pass,-0.1295,0.0
gbt_av,pass,-0.3388,6.0
gbt_av,pass,0.2107,0.0
gbt_av,pass,-0.4867,5.0
gbt_av,pass,-3.2229,4.0
gbt_av,pass,2.8152,6.0
gbt_av,pass,-0.1521,3.0
gbt_av,pass,-0.1028,0.0
gbt_av,pass,-0.2304,5.0
gbt_av,pass,0.4659,0.0
gbt_av,pass,-2.3043,3.0
gbt_av,pass,-0.3145,6.0
gbt_av,pass,-0.0849,0.0
gbt_av,pass,-2.9074,2.0
gbt_av,pass,2.4829,7.0
gbt_av,pass,-1.2419,4.0
gbt_av,pass,-0.5191,0.0
gbt_av,pass,-1.6076,3.0
gbt_av,pass,-3.4141,3.0
gbt_av,pass,-4.3182,1.0
gbt_av,pass,-1.0737,2.0
gbt_av,pass,-0.4814,0.0
gbt_av,pass,4.252,9.0
gbt_av,pass,1.3316,7.0
gbt_av,pass,7.0196,8.0
gbt_av,pass,2.972,8.0
gbt_av,pass,0.3421,7.0
gbt_av,pass,-0.3315,0.0
gbt_av,pass,-0.7392,5.0
gbt_av,pass,-0.0779,5.0
gbt_av,pass,-0.9709,5.0
gbt_av,pass,-3.5939,4.0
gbt_av,pass,-1.2297,5.0
gbt_av,pass,0.6939,7.0
gbt_av,pass,0.369,8.0
gbt_av,pass,4.7937,9.0
gbt_av,pass,-3.0864,3.0
gbt_av,pass,0.6424,2.0
gbt_av,pass,-7.2282,5.0
gbt_av,pass,0.5104,2.0
gbt_av,pass,2.3341,5.0
gbt_av,pass,-3.2616,5.0
gbt_av,pass,0.1498,0.0
gbt_av,pass,-4.1603,2.0
gbt_av,pass,0.3572,5.0
gbt_av,pass,-0.4304,0.0
gbt_av,pass,2.0393,8.0
gbt_av,pass,1.7466,4.0
gbt_av,pass,2.1333,7.0
gbt_av,pass,0.3059,0.0
gbt_av,pass,-0.4396,9.0
gbt_av,pass,-0.2344,0.0
gbt_av,pass,-1.3484,1.0
gbt_av,pass,2.6702,7.0
gbt_av,pass,0.3366,0.0
gbt_av,pass,-3.3233,2.0
gbt_av,pass,2.4767,10.0
gbt_av,pass,-3.0417,3.0
gbt_av,pass,-1.1047,3.0
gbt_av,pass,0.2482,0.0
gbt_av,pass,-2.2247,4.0
gbt_av,pass,1.9299,0.0
gbt_av,pass,-4.0982,3.0
gbt_av,pass,-3.4173,3.0
gbt_av,pass,0.5988,8.0
gbt_av,pass,-1.3746,0.0
gbt_av,pass,-0.6447,2.0
gbt_av,pass,0.8093,7.0
gbt_av,pass,-0.6931,4.0
gbt_av,pass,-0.9134,0.0
gbt_av,pass,0.9792,6.0
gbt_av,pass,-0.9848,5.0
gbt_av,pass,-1.1539,0.0
gbt_av,pass,-2.6353,2.0
gbt_av,pass,0.4489,2.0
gbt_av,pass,-3.9088,5.0
gbt_av,pass,3.8037,5.0
gbt_av,pass,-3.4848,4.0
gbt_av,pass,-1.9365,2.0
gbt_av,pass,2.1412,8.0
gbt_av,pass,-0.4817,5.0
gbt_av,pass,-0.8256,6.0
gbt_av,pass,-1.7298,4.0
gbt_av,pass,-4.1882,3.0
gbt_av,pass,-0.7067,4.0
gbt_av,pass,0.7041,0.0
gbt_av,pass,-2.7758,3.0
gbt_av,pass,-0.3138,7.0
gbt_av,pass,1.4526,7.0
gbt_av,pass,-0.0998,0.0
gbt_av,pass,-0.6678,3.0
gbt_av,pass,-0.4155,0.0
gbt_av,pass,-0.7989,6.0
gbt_av,pass,-1.4657,2.0
gbt_av,pass,-1.6045,3.0
gbt_av,pass,-0.3254,5.0
gbt_av,pass,-1.4145,1.0
gbt_av,pass,-1.391,3.0
gbt_av,pass,-1.1461,4.0
gbt_av,pass,-1.6594,7.0
gbt_av,pass,2.4084,7.0
gbt_av,pass,-1.1773,2.0
gbt_av,pass,0.2104,2.0
gbt_av,pass,-4.7942,0.0
gbt_av,pass,-2.0901,5.0
gbt_av,pass,-0.6771,0.0
gbt_av,pass,1.4761,7.0
gbt_av,pass,-0.7021,3.0
gbt_av,pass,-2.504,3.0
gbt_av,pass,-0.5112,3.0
gbt_av,pass,-1.3288,1.0
gbt_av,pass,0.7138,9.0
gbt_av,pass,-1.7564,4.0
gbt_av,pass,0.191,0.0
gbt_av,pass,-1.9645,4.0
gbt_av,pass,0.0405,0.0
gbt_av,pass,-0.1092,0.0
gbt_av,pass,-0.6438,0.0
gbt_av,pass,-2.0464,2.0
gbt_av,pass,1.1343,3.0
gbt_av,pass,0.4389,0.0
gbt_av,pass,-0.9122,6.0
gbt_av,pass,-2.8167,4.0
gbt_av,pass,-0.0549,0.0
gbt_av,pass,0.2003,4.0
gbt_av,pass,-0.8852,6.0
gbt_av,pass,-2.9097,2.0
gbt_av,pass,0.0982,8.0
gbt_av,pass,-1.1557,6.0
gbt_av,pass,-0.0785,0.0
gbt_av,pass,-0.641,0.0
gbt_av,pass,-2.9742,2.0
gbt_av,pass,-0.5199,1.0
gbt_av,pass,-4.2372,4.0
gbt_av,pass,0.8891,2.0
gbt_av,pass,1.4208,8.0
gbt_av,pass,1.2948,5.0
gbt_av,pass,-2.1275,3.0
gbt_av,pass,-1.0323,5.0
gbt_av,pass,-0.198,2.0
gbt_av,pass,-1.1814,3.0
gbt_av,pass,2.1462,7.0
gbt_av,pass,-0.3547,8.0
gbt_av,pass,0.3599,7.0
gbt_av,pass,3.416,7.0
gbt_av,pass,-0.746,0.0
gbt_av,pass,-1.2206,4.0
gbt_av,pass,-1.5415,0.0
gbt_av,pass,-2.5663,5.0
gbt_av,pass,-1.5538,6.0
gbt_av,pass,-1.1152,4.0
gbt_av,pass,-0.2574,0.0
gbt_av,pass,0.2189,6.0
gbt_av,pass,-2.1024,0.0
gbt_av,pass,1.8355,8.0
gbt_av,pass,-1.3287,3.0
gbt_av,pass,-1.0651,4.0
gbt_av,pass,0.2146,2.0
gbt_av,pass,0.2661,3.0
gbt_av,pass,2.513,7.0
gbt_av,pass,0.5328,0.0
gbt_av,pass,-1.969,2.0
gbt_av,pass,-0.839,0.0
gbt_av,pass,4.9871,7.0
gbt_av,pass,-1.0228,0.0
gbt_av,pass,-3.1411,1.0
gbt_av,pass,-0.895,0.0
gbt_av,pass,0.1286,2.0
gbt_av,pass,0.451,5.0
gbt_av,pass,0.1748,0.0
gbt_av,pass,-2.389,4.0
gbt_av,pass,0.2316,3.0
gbt_av,pass,-3.2931,6.0
gbt_av,pass,-3.3165,3.0
gbt_av,pass,1.9931,6.0
gbt_av,pass,-0.9493,1.0
gbt_av,pass,-0.26,3.0
gbt_av,pass,-0.1264,3.0
gbt_av,pass,2.9426,5.0
gbt_av,pass,1.9344,6.0
gbt_av,pass,0.557,6.0
gbt_av,pass,0.884,6.0
gbt_av,pass,-4.1926,1.0
gbt_av,pass,0.8905,0.0
gbt_av,pass,-0.3476,4.0
gbt_av,pass,2.2574,8.0
gbt_av,pass,1.8655,3.0
gbt_av,pass,0.9625,6.0
gbt_av,pass,1.494,2.0
gbt_av,pass,-0.5109,0.0
gbt_av,pass,-0.058,0.0
gbt_av,pass,0.3142,0.0
gbt_av,pass,-0.0521,0.0
gbt_av,pass,-0.4427,0.0
gbt_av,pass,-1.5251,7.0
gbt_av,pass,-2.0696,4.0
gbt_av,pass,-1.6179,3.0
gbt_av,pass,-1.7127,0.0
gbt_av,pass,0.9552,7.0
gbt_av,pass,-0.5975,0.0
gbt_av,pass,-2.7392,1.0
gbt_av,pass,1.9182,7.0
gbt_av,pass,-1.6755,2.0
gbt_av,pass,-0.679,7.0
gbt_av,pass,1.0757,0.0
gbt_av,pass,0.0377,0.0
gbt_av,pass,3.042,7.0
gbt_av,pass,-0.1632,0.0
gbt_av,pass,0.1121,7.0
gbt_av,pass,0.6254,4.0
gbt_av,pass,-0.0416,5.0
gbt_av,pass,-1.3479,2.0
gbt_av,pass,-0.0395,7.0
gbt_av,pass,-0.4978,5.0
gbt_av,pass,-1.9734,2.0
gbt_av,pass,-1.4589,1.0
gbt_av,pass,-0.6288,5.0
gbt_av,pass,-0.0105,5.0
gbt_av,pass,-2.3046,4.0
gbt_av,pass,-0.7347,0.0
gbt_av,pass,4.4718,7.0
gbt_av,pass,-0.7318,2.0
gbt_av,pass,-2.786,0.0
gbt_av,pass,-0.1052,6.0
gbt_av,pass,-0.5413,4.0
gbt_av,pass,-0.2336,3.0
gbt_av,pass,-0.3667,7.0
gbt_av,pass,0.1852,0.0
gbt_av,pass,-0.1705,4.0
gbt_av,pass,-0.0148,3.0
gbt_av,pass,0.6416,0.0
gbt_av,pass,0.3901,7.0
gbt_av,pass,-2.5645,3.0
gbt_av,pass,-0.0801,6.0
gbt_av,pass,-2.6944,3.0
gbt_av,pass,-0.0846,0.0
gbt_av,pass,-0.6423,1.0
gbt_av,pass,-0.3265,0.0
gbt_av,pass,0.1446,0.0
gbt_av,pass,-0.5691,1.0
gbt_av,pass,-1.6645,4.0
gbt_av,pass,-0.8274,7.0
gbt_av,pass,-0.5872,0.0
gbt_av,pass,1.6123,7.0
gbt_av,pass,6.2195,7.0
gbt_av,pass,-1.0569,0.0
gbt_av,pass,2.353,4.0
gbt_av,pass,-0.2748,4.0
gbt_av,pass,0.2371,0.0
gbt_av,pass,0.874,0.0
gbt_av,pass,6.2172,7.0
gbt_av,pass,-0.6335,0.0
gbt_av,pass,-0.5658,0.0
gbt_av,pass,-0.5345,2.0
gbt_av,pass,-4.4725,1.0
gbt_av,pass,-1.056,0.0
gbt_av,pass,-1.2975,9.0
gbt_av,pass,-0.3503,0.0
gbt_av,pass,-0.8164,0.0
gbt_av,pass,1.0046,4.0
gbt_av,pass,0.4373,0.0
gbt_av,pass,2.9925,0.0
gbt_av,pass,-5.015,3.0
gbt_av,pass,-0.1616,5.0
gbt_av,pass,1.617,4.0
gbt_av,pass,-5.6979,1.0
gbt_av,pass,2.9474,8.0
gbt_av,pass,2.5036,6.0
gbt_av,pass,-0.4841,3.0
gbt_av,pass,1.5251,7.0
gbt_av,pass,-0.5072,0.0
gbt_av,pass,-1.2181,0.0
gbt_av,pass,-7.3474,4.0
gbt_av,pass,0.8215,3.0
gbt_av,pass,-0.4843,3.0
gbt_av,pass,4.165,7.0
gbt_av,pass,-0.1225,2.0
gbt_av,pass,-2.7252,2.0
gbt_av,pass,-0.5155,0.0
gbt_av,pass,1.1161,0.0
gbt_av,pass,-0.186,6.0
gbt_av,pass,-0.804,4.0
gbt_av,pass,-0.6754,0.0
gbt_av,pass,0.1185,2.0
gbt_av,pass,1.5692,9.0
gbt_av,pass,-0.9465,1.0
gbt_av,pass,2.4884,7.0
gbt_av,pass,-0.3995,0.0
gbt_av,pass,0.4285,5.0
gbt_av,pass,0.5282,5.0
gbt_av,pass,-1.2535,4.0
gbt_av,pass,-2.0224,4.0
gbt_av,pass,-0.7574,0.0
gbt_av,pass,-0.3224,0.0
gbt_av,pass,0.1853,6.0
gbt_av,pass,2.5076,7.0
gbt_av,pass,-0.7211,1.0
gbt_av,pass,0.9075,0.0
gbt_av,pass,0.1748,8.0
gbt_av,pass,0.2487,0.0
gbt_av,pass,-1.3542,8.0
gbt_av,pass,0.0082,0.0
gbt_av,pass,2.4111,4.0
gbt_av,pass,2.2756,6.0
gbt_av,pass,1.6181,5.0
gbt_av,pass,-1.4169,4.0
gbt_av,pass,-0.5425,1.0
gbt_av,pass,-1.2662,4.0
gbt_av,pass,1.7851,7.0
gbt_av,pass,-0.2481,4.0
gbt_av,pass,0.3787,0.0
gbt_av,pass,-0.3291,5.0
gbt_av,pass,-0.1778,6.0
gbt_av,pass,-0.2041,0.0
gbt_av,pass,0.6002,0.0
gbt_av,pass,2.3146,5.0
gbt_av,pass,-1.1575,3.0
gbt_av,pass,0.791,6.0
gbt_av,pass,-0.532,4.0
gbt_av,pass,0.2568,6.0
gbt_av,pass,-3.0111,5.0
gbt_av,pass,1.6658,4.0
gbt_av,pass,-1.3663,3.0
gbt_av,pass,0.669,5.0
gbt_av,pass,0.4003,4.0
gbt_av,pass,1.6346,5.0
gbt_av,pass,0.1065,0.0
gbt_av,pass,-0.1536,8.0
gbt_av,pass,0.423,2.0
gbt_av,pass,-3.7761,4.0
gbt_av,pass,-0.6349,5.0
gbt_av,pass,-2.0323,6.0
gbt_av,pass,0.4126,7.0
gbt_av,pass,-2.2935,5.0
gbt_av,pass,-1.7276,5.0
gbt_av,pass,-1.4958,4.0
gbt_av,pass,2.1496,7.0
gbt_av,pass,1.3884,5.0
gbt_av,pass,0.5646,4.0
gbt_av,pass,1.211,9.0
gbt_av,pass,-0.1819,3.0
gbt_av,pass,-0.05,3.0
gbt_av,pass,-0.9362,5.0
gbt_av,pass,6.499,2.0
gbt_av,pass,-0.416,4.0
gbt_av,pass,1.8139,5.0
gbt_av,pass,-1.3934,0.0
gbt_av,pass,-2.4896,2.0
gbt_av,pass,0.6576,0.0
gbt_av,pass,-1.0574,4.0
gbt_av,pass,-0.6528,0.0
gbt_av,pass,0.119,0.0
gbt_av,pass,-0.6298,4.0
gbt_av,pass,-2.2679,1.0
gbt_av,pass,0.2836,0.0
gbt_av,pass,-0.2954,3.0
gbt_av,pass,-0.9912,10.0
gbt_av,pass,-1.4517,4.0
gbt_av,pass,-0.5444,0.0
gbt_av,pass,1.3332,9.0
gbt_av,pass,-1.2818,5.0
gbt_av,pass,-2.1655,2.0
gbt_av,pass,-0.1435,4.0
gbt_av,pass,-0.3187,6.0
gbt_av,pass,-0.5055,2.0
gbt_av,pass,-0.1665,5.0
gbt_av,pass,-0.0294,2.0
gbt_av,pass,-1.0808,7.0
gbt_av,pass,0.4735,0.0
gbt_av,pass,0.2564,0.0
gbt_av,pass,-0.4633,0.0
gbt_av,pass,-1.4849,3.0
gbt_av,pass,-3.8263,0.0
gbt_av,pass,-1.0771,1.0
gbt_av,pass,2.0416,8.0
gbt_av,pass,0.4227,0.0
gbt_av,pass,-1.9044,4.0
gbt_av,pass,-0.2053,0.0
gbt_av,pass,-3.6,1.0
gbt_av,pass,-1.3194,0.0
gbt_av,pass,-1.2895,4.0
gbt_av,pass,1.3895,7.0
gbt_av,pass,-0.0459,4.0
gbt_av,pass,-1.8025,4.0
gbt_av,pass,-2.3019,3.0
gbt_av,pass,0.881,0.0
gbt_av,pass,-0.993,4.0
gbt_av,pass,-0.2116,3.0
gbt_av,pass,0.1346,5.0
gbt_av,pass,0.3445,0.0
gbt_av,pass,0.8185,0.0
gbt_av,pass,-3.8105,3.0
gbt_av,pass,-2.0545,3.0
gbt_av,pass,0.2337,6.0
gbt_av,pass,-1.0028,4.0
gbt_av,pass,-2.0892,2.0
gbt_av,pass,-2.6129,4.0
gbt_av,pass,1.937,7.0
gbt_av,pass,-6.5579,3.0
gbt_av,pass,-2.4249,0.0
gbt_av,pass,-1.9267,4.0
gbt_av,pass,0.7772,0.0
gbt_av,pass,-0.8867,0.0
gbt_av,pass,0.0703,4.0
gbt_av,pass,-0.7181,2.0
gbt_av,pass,0.2221,0.0
gbt_av,pass,-2.5811,0.0
gbt_av,pass,1.9862,3.0
gbt_av,pass,-2.3065,4.0
gbt_av,pass,-2.0366,2.0
gbt_av,pass,-0.2343,0.0
gbt_av,pass,-1.7291,2.0
gbt_av,pass,0.4299,0.0
gbt_av,pass,-1.145,5.0
gbt_av,pass,-2.1692,3.0
gbt_av,pass,0.1443,5.0
gbt_av,pass,1.8149,0.0
gbt_av,pass,-1.2508,0.0
gbt_av,pass,-1.1986,4.0
gbt_av,pass,1.4769,7.0
gbt_av,pass,-5.386,2.0
gbt_av,pass,-1.246,0.0
gbt_av,pass,0.3039,0.0
gbt_av,pass,-0.2652,5.0
gbt_av,pass,4.0275,7.0
gbt_av,pass,-0.0234,0.0
gbt_av,pass,0.6894,8.0
gbt_av,pass,-1.1888,4.0
gbt_av,pass,-0.195,3.0
gbt_av,pass,-0.399,0.0
gbt_av,pass,0.1324,4.0
gbt_av,pass,-2.1697,3.0
gbt_av,pass,-0.8445,0.0
gbt_av,pass,2.9736,8.0
gbt_av,pass,-0.1283,4.0
gbt_av,pass,-0.4288,6.0
gbt_av,pass,5.5817,4.0
gbt_av,pass,-0.2899,5.0
gbt_av,pass,-1.6904,4.0
gbt_av,pass,-3.1379,5.0
gbt_av,pass,-1.7487,3.0
gbt_av,pass,0.2768,0.0
gbt_av,pass,0.3092,0.0
gbt_av,pass,-0.0575,0.0
gbt_av,pass,0.3187,5.0
gbt_av,pass,-0.0858,6.0
gbt_av,pass,-0.8428,0.0
gbt_av,pass,-2.396,3.0
gbt_av,pass,-1.2126,3.0
gbt_av,pass,-0.9651,4.0
gbt_av,pass,-1.3511,0.0
gbt_av,pass,-0.8224,0.0
gbt_av,pass,-0.0968,0.0
gbt_av,pass,0.6318,0.0
gbt_av,pass,2.8664,7.0
gbt_av,pass,-1.4938,5.0
gbt_av,pass,-0.009,0.0
gbt_av,pass,-0.0589,4.0
gbt_av,pass,-1.3218,2.0
gbt_av,pass,-0.546,5.0
gbt_av,pass,0.0476,3.0
gbt_av,pass,-0.5,5.0
gbt_av,pass,3.0136,7.0
gbt_av,pass,0.2224,6.0
gbt_av,pass,-0.158,6.0
gbt_av,pass,-0.0095,0.0
gbt_av,pass,-1.2832,0.0
gbt_av,pass,-0.3708,4.0
gbt_av,pass,-0.9263,4.0
gbt_av,pass,-3.099,4.0
gbt_av,pass,0.0197,8.0
gbt_av,pass,-0.0794,8.0
gbt_av,pass,-2.008,0.0
gbt_av,pass,0.271,0.0
gbt_av,pass,-3.4953,1.0
gbt_av,pass,-2.1633,4.0
gbt_av,pass,-2.8271,2.0
gbt_av,pass,-0.649,0.0
gbt_av,pass,-2.015,5.0
gbt_av,pass,0.4066,0.0
gbt_av,pass,3.0087,5.0
gbt_av,pass,0.3836,3.0
gbt_av,pass,0.1313,0.0
gbt_av,pass,0.292,0.0
gbt_av,pass,-1.0424,5.0
gbt_av,pass,0.6446,0.0
gbt_av,pass,-0.3347,0.0
gbt_av,pass,-0.6958,2.0
gbt_av,pass,3.1225,10.0
gbt_av,pass,-0.3411,7.0
gbt_av,pass,-0.4232,0.0
gbt_av,pass,-2.7816,3.0
gbt_av,pass,-0.7764,3.0
gbt_av,pass,-2.0528,2.0
gbt_av,pass,-0.015,4.0
gbt_av,pass,0.7883,5.0
gbt_av,pass,-0.9004,0.0
gbt_av,pass,-0.194,0.0
gbt_av,pass,-0.6917,3.0
gbt_av,pass,-0.715,0.0
gbt_av,pass,1.3087,4.0
gbt_av,pass,2.1899,0.0
gbt_av,pass,0.4868,0.0
gbt_av,pass,-1.6983,4.0
gbt_av,pass,-1.808,4.0
gbt_av,pass,7.4412,5.0
gbt_av,pass,1.3818,5.0
gbt_av,pass,-3.2379,3.0
gbt_av,pass,2.3012,6.0
gbt_av,pass,-0.0554,3.0
gbt_av,pass,-2.1953,7.0
gbt_av,pass,-1.2826,2.0
gbt_av,pass,0.1204,8.0
gbt_av,pass,-2.9415,2.0
gbt_av,pass,-0.0798,0.0
gbt_av,pass,-1.7474,0.0
gbt_av,pass,3.0189,7.0
gbt_av,pass,-1.5108,4.0
gbt_av,pass,-0.3725,4.0
gbt_av,pass,0.0661,4.0
gbt_av,pass,-2.1188,3.0
gbt_av,pass,0.6792,2.0
gbt_av,pass,-0.0495,0.0
gbt_av,pass,1.5481,4.0
gbt_av,pass,1.3742,6.0
gbt_av,pass,-0.8583,0.0
gbt_av,pass,0.278,0.0
gbt_av,pass,-2.2281,5.0
gbt_av,pass,-0.8183,0.0
gbt_av,pass,0.3102,6.0
gbt_av,pass,-0.313,5.0
gbt_av,pass,-0.1757,4.0
gbt_av,pass,2.6253,7.0
gbt_av,pass,-0.0484,0.0
gbt_av,pass,-1.6533,2.0
gbt_av,pass,0.8529,3.0
gbt_av,pass,-1.5819,2.0
gbt_av,pass,0.1685,0.0
gbt_av,pass,-1.5788,3.0
gbt_av,pass,-0.8278,2.0
gbt_av,pass,-0.5775,1.0
gbt_av,pass,-0.3758,2.0
gbt_av,pass,-0.2447,0.0
gbt_av,pass,1.5674,8.0
gbt_av,pass,0.9337,4.0
gbt_av,pass,-3.5495,5.0
gbt_av,pass,0.5631,9.0
gbt_av,pass,0.7155,2.0
gbt_av,pass,1.1894,5.0
gbt_av,pass,-0.5912,3.0
gbt_av,pass,-0.0005,2.0
gbt_av,pass,-0.7368,0.0
gbt_av,pass,2.8077,3.0
gbt_av,pass,0.0414,3.0
gbt_av,pass,0.0298,8.0
gbt_av,pass,-0.7421,4.0
gbt_av,pass,0.2345,9.0
gbt_av,pass,1.8738,6.0
gbt_av,pass,0.1472,0.0
gbt_av,pass,0.1555,0.0
gbt_av,pass,0.2229,0.0
gbt_av,pass,2.6118,4.0
gbt_av,pass,-0.4562,2.0
gbt_av,pass,-1.1696,2.0
gbt_av,pass,0.6133,6.0
gbt_av,pass,-2.0509,7.0
gbt_av,pass,-1.4321,4.0
gbt_av,pass,-0.0151,8.0
gbt_av,pass,-3.8721,3.0
gbt_av,pass,0.1123,0.0
gbt_av,pass,-1.1402,7.0
gbt_av,pass,-0.5215,0.0
gbt_av,pass,0.8046,4.0
gbt_av,pass,-0.1717,0.0
gbt_av,pass,1.0452,6.0
gbt_av,pass,-0.8352,0.0
gbt_av,pass,-0.3089,0.0
gbt_av,pass,-2.5405,4.0
gbt_av,pass,1.1728,6.0
gbt_av,pass,0.2815,0.0
gbt_av,pass,0.3329,5.0
gbt_av,pass,-0.0842,4.0
gbt_av,pass,-2.7486,10.0
gbt_av,pass,0.8931,0.0
gbt_av,pass,-1.1818,3.0
gbt_av,pass,-0.5664,0.0
gbt_av,pass,0.6765,6.0
gbt_av,pass,0.5886,0.0
gbt_av,pass,0.0046,0.0
gbt_av,pass,-2.0604,3.0
gbt_av,pass,-1.522,3.0
gbt_av,pass,-2.2934,5.0
gbt_av,pass,0.0839,0.0
gbt_av,pass,-1.4227,3.0
gbt_av,pass,-3.8948,3.0
gbt_av,pass,-1.63,1.0
gbt_av,pass,-1.2438,2.0
gbt_av,pass,0.3339,1.0
gbt_av,pass,-0.5833,3.0
gbt_av,pass,1.7382,0.0
gbt_av,pass,1.3985,0.0
gbt_av,pass,2.655,9.0
gbt_av,pass,-1.937,3.0
gbt_av,pass,-2.1015,2.0
gbt_av,pass,0.2172,0.0
gbt_av,pass,-0.3247,0.0
gbt_av,pass,-0.2521,7.0
gbt_av,pass,-0.3011,4.0
gbt_av,pass,-0.4343,0.0
gbt_av,pass,2.3632,5.0
gbt_av,pass,0.3971,8.0
gbt_av,pass,0.6494,0.0
gbt_av,pass,-0.1496,4.0
gbt_av,pass,-0.5371,0.0
gbt_av,pass,-0.2397,7.0
gbt_av,pass,0.5562,2.0
gbt_av,pass,0.1868,0.0
gbt_av,pass,0.2292,5.0
gbt_av,pass,-1.49,4.0
gbt_av,pass,3.5435,8.0
gbt_av,pass,-2.4948,1.0
gbt_av,pass,-1.1521,5.0
gbt_av,pass,-0.0452,3.0
gbt_av,pass,0.0821,0.0
gbt_av,pass,1.3554,0.0
gbt_av,pass,1.3529,4.0
gbt_av,pass,-4.1372,2.0
gbt_av,pass,-6.2871,4.0
gbt_av,pass,1.3167,7.0
gbt_av,pass,0.5936,0.0
gbt_av,pass,-3.4153,6.0
gbt_av,pass,-2.177,3.0
gbt_av,pass,-0.5564,4.0
gbt_av,pass,-2.857,4.0
gbt_av,pass,-4.8336,3.0
gbt_av,pass,-2.2918,4.0
gbt_av,pass,-1.4297,4.0
gbt_av,pass,-0.7208,0.0
gbt_av,pass,1.6473,5.0
gbt_av,pass,0.9332,3.0
gbt_av,pass,4.1791,7.0
gbt_av,pass,-0.6371,0.0
gbt_av,pass,0.6443,0.0
gbt_av,pass,-1.8372,7.0
gbt_av,pass,0.232,0.0
gbt_av,pass,-1.4363,0.0
gbt_av,pass,3.0147,7.0
gbt_av,pass,-1.7471,5.0
gbt_av,pass,-6.0306,2.0
gbt_av,pass,-0.6509,0.0
gbt_av,pass,0.4388,3.0
gbt_av,pass,1.1048,9.0
gbt_av,pass,0.5642,7.0
gbt_av,pass,-0.3489,6.0
gbt_av,pass,1.2604,5.0
gbt_av,pass,-4.3426,4.0
gbt_av,pass,-4.5088,1.0
gbt_av,pass,-2.0968,6.0
gbt_av,pass,-2.1704,1.0
gbt_av,pass,-3.4447,2.0
gbt_av,pass,0.3851,8.0
gbt_av,pass,-1.2721,6.0
gbt_av,pass,0.2699,5.0
gbt_av,pass,0.7136,0.0
gbt_av,pass,0.4185,7.0
gbt_av,pass,-1.5757,4.0
gbt_av,pass,-2.2717,4.0
gbt_av,pass,-0.08,0.0
gbt_av,pass,-1.1755,2.0
gbt_av,pass,0.616,0.0
gbt_av,pass,0.6478,8.0
gbt_av,pass,0.0035,4.0
gbt_av,pass,-1.9543,3.0
gbt_av,pass,-1.4435,5.0
gbt_av,pass,-0.2711,3.0
gbt_av,pass,0.5034,7.0
gbt_av,pass,-0.1792,0.0
gbt_av,pass,-1.9337,5.0
gbt_av,pass,-0.0978,2.0
gbt_av,pass,2.427,6.0
gbt_av,pass,-0.9513,4.0
gbt_av,pass,-1.9087,0.0
gbt_av,pass,-0.8663,5.0
gbt_av,pass,-1.4352,1.0
gbt_av,pass,-1.326,3.0
gbt_av,pass,0.4233,0.0
gbt_av,pass,3.065,9.0
gbt_av,pass,1.2364,3.0
gbt_av,pass,0.0127,0.0
gbt_av,pass,7.1939,8.0
gbt_av,pass,-0.781,3.0
gbt_av,pass,-0.2251,0.0
gbt_av,pass,0.4737,1.0
gbt_av,pass,-0.1934,8.0
gbt_av,pass,-1.9091,4.0
gbt_av,pass,-0.2056,0.0
gbt_av,pass,-1.8901,3.0
gbt_av,pass,3.4001,7.0
gbt_av,pass,0.8139,3.0
gbt_av,pass,1.1353,7.0
gbt_av,pass,1.4704,4.0
gbt_av,pass,-0.7349,4.0
gbt_av,pass,0.7807,0.0
gbt_av,pass,-1.8364,1.0
gbt_av,pass,1.1927,4.0
gbt_av,pass,-3.8209,4.0
gbt_av,pass,-0.2193,0.0
gbt_av,pass,-2.3295,4.0
gbt_av,pass,1.2184,4.0
gbt_av,pass,3.4442,9.0
gbt_av,pass,0.2888,0.0
gbt_av,pass,-0.39,5.0
gbt_av,pass,-1.0743,7.0
gbt_av,pass,2.7375,7.0
gbt_av,pass,1.2571,0.0
gbt_av,pass,-0.2407,0.0
gbt_av,pass,-2.9477,5.0
gbt_av,pass,-0.9974,0.0
gbt_av,pass,0.3374,0.0
gbt_av,pass,-0.3229,4.0
gbt_av,pass,-0.3439,2.0
gbt_av,pass,-2.5081,8.0
gbt_av,pass,-1.2281,5.0
gbt_av,pass,-1.3253,6.0
gbt_av,pass,-3.1569,1.0
gbt_av,pass,-2.3115,5.0
gbt_av,pass,-1.1522,8.0
gbt_av,pass,0.6573,5.0
gbt_av,pass,-0.0076,5.0
gbt_av,pass,0.0452,0.0
gbt_av,pass,-0.5869,7.0
gbt_av,pass,-0.4461,4.0
gbt_av,pass,-0.4185,4.0
gbt_av,pass,0.4229,2.0
gbt_av,pass,-1.8898,5.0
gbt_av,pass,-3.7198,2.0
gbt_av,pass,0.8361,0.0
gbt_av,pass,-3.8226,2.0
gbt_av,pass,-0.0749,4.0
gbt_av,pass,-1.0811,4.0
gbt_av,pass,-1.4066,0.0
gbt_av,pass,-2.9316,4.0
gbt_av,pass,-1.5452,0.0
gbt_av,pass,-0.8752,8.0
gbt_av,pass,0.3569,0.0
gbt_av,pass,-0.023,4.0
gbt_av,pass,0.4057,0.0
gbt_av,pass,-0.3983,6.0
gbt_av,pass,-0.5908,0.0
gbt_av,pass,-0.1566,0.0
gbt_av,pass,-1.0329,0.0
gbt_av,pass,-2.1865,4.0
gbt_av,pass,1.5297,8.0
gbt_av,pass,0.3626,3.0
gbt_av,pass,-1.0678,8.0
gbt_av,pass,-0.9675,9.0
gbt_av,pass,-1.7612,4.0
gbt_av,pass,7.0466,9.0
gbt_av,pass,3.9875,7.0
gbt_av,pass,0.5488,2.0
gbt_av,pass,1.1167,1.0
gbt_av,pass,-0.6862,7.0
gbt_av,pass,-2.5285,2.0
gbt_av,pass,-2.748,2.0
gbt_av,pass,-0.8552,5.0
gbt_av,pass,0.7973,0.0
gbt_av,pass,3.3304,8.0
gbt_av,pass,4.047,7.0
gbt_av,pass,-0.2385,0.0
gbt_av,pass,-0.1413,5.0
gbt_av,pass,-3.1545,4.0
gbt_av,pass,-2.9298,2.0
gbt_av,pass,-0.2309,5.0
gbt_av,pass,-0.7598,1.0
gbt_av,pass,-1.4825,5.0
gbt_av,pass,0.2869,1.0
gbt_av,pass,-0.3083,5.0
gbt_av,pass,0.1566,0.0
gbt_av,pass,1.1994,0.0
gbt_av,pass,0.2207,0.0
gbt_av,pass,-1.2811,1.0
gbt_av,pass,-2.4495,1.0
gbt_av,pass,-4.5577,5.0
gbt_av,pass,-1.9268,4.0
gbt_av,pass,-1.0287,5.0
gbt_av,pass,0.2061,5.0
gbt_av,pass,-4.7322,1.0
gbt_av,pass,3.7898,5.0
gbt_av,pass,2.3392,7.0
gbt_av,pass,1.4648,7.0
gbt_av,pass,-0.9776,5.0
gbt_av,pass,2.979,9.0
gbt_av,pass,2.8971,7.0
gbt_av,pass,0.1469,0.0
gbt_av,pass,0.1613,6.0
gbt_av,pass,-1.3031,4.0
gbt_av,pass,-0.291,4.0
gbt_av,pass,0.0819,6.0
gbt_av,pass,-1.5128,6.0
gbt_av,pass,-0.537,5.0
gbt_av,pass,-2.4463,5.0
gbt_av,pass,-2.1409,4.0
gbt_av,pass,0.641,0.0
gbt_av,pass,1.4152,7.0
gbt_av,pass,-0.0352,5.0
gbt_av,pass,-0.742,3.0
gbt_av,pass,0.1944,8.0
gbt_av,pass,-2.9989,8.0
gbt_av,pass,-1.7475,2.0
gbt_av,pass,-0.4242,2.0
gbt_av,pass,0.4873,6.0
gbt_av,pass,2.9249,6.0
gbt_av,pass,-1.1298,5.0
gbt_av,pass,-0.2872,6.0
gbt_av,pass,-0.8335,10.0
gbt_av,pass,-1.6826,4.0
gbt_av,pass,-1.0994,7.0
gbt_av,pass,0.2783,9.0
gbt_av,pass,-0.11,0.0
gbt_av,pass,-1.8071,6.0
gbt_av,pass,-0.9567,0.0
gbt_av,pass,-1.196,3.0
gbt_av,pass,-2.8535,1.0
gbt_av,pass,-0.7057,0.0
gbt_av,pass,-0.8306,5.0
gbt_av,pass,-2.6963,1.0
gbt_av,pass,-0.8959,5.0
gbt_av,pass,2.8626,8.0
gbt_av,pass,-1.5408,7.0
gbt_av,pass,-0.2528,3.0
gbt_av,pass,0.4952,0.0
gbt_av,pass,-2.2268,5.0
gbt_av,pass,-0.4855,8.0
gbt_av,pass,2.4946,8.0
gbt_av,pass,-2.7886,4.0
gbt_av,pass,0.0097,0.0
gbt_av,pass,1.8675,6.0
gbt_av,pass,-0.0028,0.0
gbt_av,pass,-0.6682,0.0
gbt_av,pass,-1.8058,4.0
gbt_av,pass,-0.0557,5.0
gbt_av,pass,-0.4295,4.0
gbt_av,pass,2.4013,1.0
gbt_av,pass,-0.7494,3.0
gbt_av,pass,-0.5402,0.0
gbt_av,pass,0.5,5.0
gbt_av,pass,-4.8491,5.0
gbt_av,pass,0.5903,7.0
gbt_av,pass,-0.3597,7.0
gbt_av,pass,0.18,0.0
gbt_av,pass,-0.8357,4.0
gbt_av,pass,-1.2578,5.0
gbt_av,pass,-0.1041,0.0
gbt_av,pass,2.1564,7.0
gbt_av,pass,-0.118,3.0
gbt_av,pass,-1.9947,1.0
gbt_av,pass,0.1783,8.0
gbt_av,pass,-1.6905,4.0
gbt_av,pass,-3.5753,2.0
gbt_av,pass,0.1345,0.0
gbt_av,pass,-0.9035,0.0
gbt_av,pass,-3.9998,4.0
gbt_av,pass,-0.1935,0.0
gbt_av,pass,-0.1085,0.0
gbt_av,pass,-1.5401,0.0
gbt_av,pass,-0.7067,0.0
gbt_av,pass,-0.5646,0.0
gbt_av,pass,-4.8805,4.0
gbt_av,pass,-1.8293,3.0
gbt_av,pass,-4.2869,2.0
gbt_av,pass,0.7962,7.0
gbt_av,pass,-1.6625,0.0
gbt_av,pass,-0.8872,3.0
gbt_av,pass,-0.8563,0.0
gbt_av,pass,0.4107,3.0
gbt_av,pass,-3.2415,4.0
gbt_av,pass,1.8498,7.0
gbt_av,pass,0.3346,3.0
gbt_av,pass,-0.3629,0.0
gbt_av,pass,-1.8948,4.0
gbt_av,pass,-1.8842,4.0
gbt_av,pass,-0.2692,0.0
gbt_av,pass,-2.5234,4.0
gbt_av,pass,-0.7236,1.0
gbt_av,pass,-1.7741,5.0
gbt_av,pass,0.109,0.0
gbt_av,pass,0.4881,3.0
gbt_av,pass,-0.201,2.0
gbt_av,pass,-0.5815,0.0
gbt_av,pass,-1.5452,7.0
gbt_av,pass,-1.6779,0.0
gbt_av,pass,1.5314,3.0
gbt_av,pass,-1.1951,0.0
gbt_av,pass,0.3727,3.0
gbt_av,pass,0.0392,0.0
gbt_av,pass,-0.7756,2.0
gbt_av,pass,2.4211,6.0
gbt_av,pass,1.7712,5.0
gbt_av,pass,-1.1004,3.0
gbt_av,pass,-0.1478,0.0
gbt_av,pass,-2.2971,3.0
gbt_av,pass,-2.1526,6.0
gbt_av,pass,0.8993,7.0
gbt_av,pass,-2.8508,2.0
gbt_av,pass,0.2049,5.0
gbt_av,pass,-1.0982,3.0
gbt_av,pass,0.058,5.0
gbt_av,pass,-0.8802,0.0
gbt_av,pass,1.0026,6.0
gbt_av,pass,-0.0289,2.0
gbt_av,pass,-0.8579,0.0
gbt_av,pass,-3.5197,2.0
gbt_av,pass,-2.3224,1.0
gbt_av,pass,0.6847,5.0
gbt_av,pass,-4.8479,4.0
gbt_av,pass,0.5107,8.0
gbt_av,pass,-3.0661,4.0
gbt_av,pass,-0.291,7.0
gbt_av,pass,0.3488,6.0
gbt_av,pass,-0.0936,6.0
gbt_av,pass,0.2444,5.0
gbt_av,pass,-2.692,4.0
gbt_av,pass,0.6694,4.0
gbt_av,pass,3.4094,7.0
gbt_av,pass,-1.0586,2.0
gbt_av,pass,2.8489,6.0
gbt_av,pass,-1.0372,3.0
gbt_av,pass,-1.0953,2.0
gbt_av,pass,-1.7234,3.0
gbt_av,pass,0.0044,0.0
gbt_av,pass,-0.6681,3.0
gbt_av,pass,-2.3133,1.0
gbt_av,pass,1.1973,6.0
gbt_av,pass,-2.0858,2.0
gbt_av,pass,0.1152,5.0
gbt_av,pass,-7.7959,2.0
gbt_av,pass,-2.4286,3.0
gbt_av,pass,2.3107,7.0
gbt_av,pass,-0.2861,4.0
gbt_av,pass,1.3619,4.0
gbt_av,pass,-0.246,3.0
gbt_av,pass,0.462,5.0
gbt_av,pass,0.8697,4.0
gbt_av,pass,-0.8076,0.0
gbt_av,pass,-0.0992,6.0
gbt_av,pass,0.6436,5.0
gbt_av,pass,-1.3166,4.0
gbt_av,pass,3.154,7.0
gbt_av,pass,2.1223,6.0
gbt_av,pass,-1.9677,4.0
gbt_av,pass,-2.5472,3.0
gbt_av,pass,-0.817,4.0
gbt_av,pass,-2.4849,4.0
gbt_av,pass,-0.8273,0.0
gbt_av,pass,-0.791,3.0
gbt_av,pass,-0.8922,0.0
gbt_av,pass,-2.6423,3.0
gbt_av,pass,-0.7639,0.0
gbt_av,pass,-0.9023,4.0
gbt_av,pass,-0.5113,6.0
gbt_av,pass,-0.1775,8.0
gbt_av,pass,-1.9976,4.0
gbt_av,pass,1.2768,3.0
gbt_av,pass,-1.3405,6.0
gbt_av,pass,2.6718,9.0
gbt_av,pass,0.0551,0.0
gbt_av,pass,-3.1396,4.0
gbt_av,pass,0.3119,0.0
gbt_av,pass,-1.0531,0.0
gbt_av,pass,-0.07,0.0
gbt_av,pass,0.0755,2.0
gbt_av,pass,0.2056,0.0
gbt_av,pass,-0.0564,0.0
gbt_av,pass,0.7118,4.0
gbt_av,pass,3.0061,8.0
gbt_av,pass,-0.4146,0.0
gbt_av,pass,-1.5046,2.0
gbt_av,pass,3.9945,6.0
gbt_av,pass,0.3831,3.0
gbt_av,pass,0.6529,4.0
gbt_av,pass,-3.1933,4.0
gbt_av,pass,-1.7639,4.0
gbt_av,pass,3.0857,7.0
gbt_av,pass,-0.756,0.0
gbt_av,pass,0.3603,8.0
gbt_av,pass,-0.091,4.0
gbt_av,pass,-0.3257,5.0
gbt_av,pass,-0.3149,0.0
gbt_av,pass,3.554,6.0
gbt_av,pass,-1.1806,0.0
gbt_av,pass,0.2841,0.0
gbt_av,pass,-0.3824,3.0
gbt_av,pass,0.6334,6.0
gbt_av,pass,-1.7188,2.0
gbt_av,pass,-0.7063,6.0
gbt_av,pass,0.0781,5.0
gbt_av,pass,0.3921,0.0
gbt_av,pass,3.9097,6.0
gbt_av,pass,-0.7947,4.0
gbt_av,pass,-0.4261,4.0
gbt_av,pass,0.4124,5.0
gbt_av,pass,-1.1916,3.0
gbt_av,pass,0.5362,7.0
gbt_av,pass,-0.2407,0.0
gbt_av,pass,-2.1101,5.0
gbt_av,pass,-2.3198,4.0
gbt_av,pass,-0.9579,0.0
gbt_av,pass,1.8504,5.0
gbt_av,pass,-0.3496,0.0
gbt_av,pass,-0.2156,3.0
gbt_av,pass,-0.2427,0.0
gbt_av,pass,3.979,8.0
gbt_av,pass,-0.7686,0.0
gbt_av,pass,1.3315,7.0
gbt_av,pass,-0.2877,5.0
gbt_av,pass,-1.3262,6.0
gbt_av,pass,0.1352,2.0
gbt_av,pass,-1.2065,1.0
gbt_av,pass,-1.5055,6.0
gbt_av,pass,-1.0062,4.0
gbt_av,pass,0.7134,0.0
gbt_av,pass,-0.0127,0.0
gbt_av,pass,-1.7978,4.0
gbt_av,pass,-2.3603,7.0
gbt_av,pass,-0.9933,0.0
gbt_av,pass,-0.6339,0.0
gbt_av,pass,-1.331,4.0
gbt_av,pass,-0.4427,0.0
gbt_av,pass,0.8843,9.0
gbt_av,pass,1.3898,2.0
gbt_av,pass,-1.0832,0.0
gbt_av,pass,-0.4463,4.0
gbt_av,pass,-4.7605,0.0
gbt_av,pass,-1.0144,7.0
gbt_av,pass,0.5333,5.0
gbt_av,pass,0.2002,0.0
gbt_av,pass,-0.9387,0.0
gbt_av,pass,-0.5686,6.0
gbt_av,pass,0.9184,0.0
gbt_av,pass,3.8161,0.0
gbt_av,pass,-0.0988,3.0
gbt_av,pass,-1.5096,2.0
gbt_av,pass,1.646,6.0
gbt_av,pass,-1.7284,5.0
gbt_av,pass,0.9785,4.0
gbt_av,pass,-0.3943,1.0
gbt_av,pass,-2.0922,1.0
gbt_av,pass,0.4812,5.0
gbt_av,pass,0.7904,2.0
gbt_av,pass,-0.5728,4.0
gbt_av,pass,4.8969,2.0
gbt_av,pass,-2.4266,4.0
gbt_av,pass,0.0334,5.0
gbt_av,pass,1.9568,5.0
gbt_av,pass,-3.1254,4.0
gbt_av,pass,4.0583,8.0
gbt_av,pass,-0.0996,0.0
gbt_av,pass,-0.8955,0.0
gbt_av,pass,-0.7472,0.0
gbt_av,pass,5.5335,4.0
gbt_av,pass,-1.804,0.0
gbt_av,pass,0.0713,6.0
gbt_av,pass,-0.8747,4.0
gbt_av,pass,-2.2118,4.0
gbt_av,pass,-0.2926,7.0
gbt_av,pass,-3.5147,1.0
gbt_av,pass,2.1152,7.0
gbt_av,pass,-1.6316,3.0
gbt_av,pass,-1.6703,0.0
gbt_av,pass,1.1992,6.0
gbt_av,pass,-0.0064,4.0
gbt_av,pass,-2.3412,2.0
gbt_av,pass,-4.0375,3.0
gbt_av,pass,-1.1917,4.0
gbt_av,pass,-2.3612,3.0
gbt_av,pass,-0.4088,0.0
gbt_av,pass,-0.419,0.0
gbt_av,pass,-1.5883,4.0
gbt_av,pass,-0.0454,3.0
gbt_av,pass,0.065,0.0
gbt_av,pass,-0.6621,1.0
gbt_av,pass,-0.5054,1.0
gbt_av,pass,-0.4261,0.0
gbt_av,pass,-0.0217,3.0
gbt_av,pass,1.9744,5.0
gbt_av,pass,6.3283,9.0
gbt_av,pass,-0.8819,5.0
gbt_av,pass,0.2429,0.0
gbt_av,pass,-0.1196,1.0
gbt_av,pass,-2.4185,3.0
gbt_av,pass,-1.2199,0.0
gbt_av,pass,-1.0206,4.0
gbt_av,pass,-0.0754,0.0
gbt_av,pass,-1.6132,6.0
gbt_av,pass,-3.3438,2.0
gbt_av,pass,4.0763,5.0
gbt_av,pass,-2.4353,3.0
gbt_av,pass,-0.6563,3.0
gbt_av,pass,-0.7345,5.0
gbt_av,pass,-4.491,3.0
gbt_av,pass,-2.604,0.0
gbt_av,pass,1.4407,0.0
gbt_av,pass,-0.5902,0.0
gbt_av,pass,-0.8791,6.0
gbt_av,pass,-5.4235,4.0
gbt_av,pass,-0.0987,2.0
gbt_av,pass,-1.2832,0.0
gbt_av,pass,1.6829,1.0
gbt_av,pass,-0.1702,3.0
gbt_av,pass,-0.1734,0.0
gbt_av,pass,-0.56,0.0
gbt_av,pass,-0.2292,8.0
gbt_av,pass,0.2392,2.0
gbt_av,pass,-0.6634,0.0
gbt_av,pass,0.1504,2.0
gbt_av,pass,1.76,7.0
gbt_av,pass,-2.0542,0.0
gbt_av,pass,-1.3367,2.0
gbt_av,pass,-0.5725,0.0
gbt_av,pass,-0.785,6.0
gbt_av,pass,-0.6983,7.0
gbt_av,pass,-3.5517,1.0
gbt_av,pass,-1.7403,2.0
gbt_av,pass,-3.288,2.0
gbt_av,pass,-3.6596,4.0
gbt_av,pass,0.1246,6.0
gbt_av,pass,-1.5251,2.0
gbt_av,pass,-3.3585,6.0
gbt_av,pass,-0.7429,3.0
gbt_av,pass,-1.285,4.0
gbt_av,pass,0.3539,0.0
gbt_av,pass,0.6067,0.0
gbt_av,pass,-0.555,0.0
gbt_av,pass,-2.4936,3.0
gbt_av,pass,-0.5384,3.0
gbt_av,pass,-1.3801,0.0
gbt_av,pass,-2.2161,1.0
gbt_av,pass,-1.1042,2.0
gbt_av,pass,-2.5753,3.0
gbt_av,pass,-0.5483,0.0
gbt_av,pass,-1.9279,3.0
gbt_av,pass,0.2453,0.0
gbt_av,pass,0.2311,0.0
gbt_av,pass,-1.6865,3.0
gbt_av,pass,-0.6438,0.0
gbt_av,pass,0.3999,4.0
gbt_av,pass,-4.2419,5.0
gbt_av,pass,-1.1691,1.0
gbt_av,pass,-0.1229,0.0
gbt_av,pass,1.2111,8.0
gbt_av,pass,2.0948,5.0
gbt_av,pass,-0.3526,2.0
gbt_av,pass,0.4766,0.0
gbt_av,pass,0.1942,0.0
gbt_av,pass,-1.2897,3.0
gbt_av,pass,-0.4352,0.0
gbt_av,pass,0.5502,0.0
gbt_av,pass,-1.0608,4.0
gbt_av,pass,2.2692,2.0
gbt_av,pass,-0.5618,0.0
gbt_av,pass,0.1376,0.0
gbt_av,pass,-1.7911,3.0
gbt_av,pass,3.4926,7.0
gbt_av,pass,-0.894,3.0
gbt_av,pass,-0.2783,2.0
gbt_av,pass,0.2678,4.0
gbt_av,pass,0.5911,3.0
gbt_av,pass,-3.6846,5.0
gbt_av,pass,-1.041,3.0
gbt_av,pass,-1.7476,3.0
gbt_av,pass,-0.5401,3.0
gbt_av,pass,4.244,7.0
gbt_av,pass,-1.1539,5.0
gbt_av,pass,1.1101,1.0
gbt_av,pass,-1.2831,5.0
gbt_av,pass,0.3301,7.0
gbt_av,pass,-4.3805,2.0
gbt_av,pass,-0.5047,4.0
gbt_av,pass,-0.8544,5.0
gbt_av,pass,-1.8516,0.0
gbt_av,pass,-1.4271,5.0
gbt_av,pass,-2.923,3.0
gbt_av,pass,-0.8463,5.0
gbt_av,pass,0.0284,6.0
gbt_av,pass,-0.132,0.0
gbt_av,pass,-0.3692,0.0
gbt_av,pass,-2.5665,5.0
gbt_av,pass,-1.048,4.0
gbt_av,pass,-4.3786,3.0
gbt_av,pass,1.1741,3.0
gbt_av,pass,3.9393,8.0
gbt_av,pass,1.26,7.0
gbt_av,pass,2.1437,8.0
gbt_av,pass,-1.6775,2.0
gbt_av,pass,3.8879,7.0
gbt_av,pass,-0.6309,2.0
gbt_av,pass,0.3767,0.0
gbt_av,pass,-0.7264,3.0
gbt_av,pass,0.4245,5.0
gbt_av,pass,0.1166,3.0
gbt_av,pass,1.3518,6.0
gbt_av,pass,-0.6172,7.0
gbt_av,pass,0.2222,8.0
gbt_av,pass,-0.4132,0.0
gbt_av,pass,-0.2619,0.0
gbt_av,pass,-1.0504,0.0
gbt_av,pass,-4.4334,4.0
gbt_av,pass,-0.0288,0.0
gbt_av,pass,-0.0874,0.0
gbt_av,pass,-0.2671,2.0
gbt_av,pass,-1.8855,6.0
gbt_av,pass,0.2015,0.0
gbt_av,pass,-1.1496,0.0
gbt_av,pass,-2.3393,6.0
gbt_av,pass,0.8873,0.0
gbt_av,pass,-1.0154,2.0
gbt_av,pass,2.2178,6.0
gbt_av,pass,-0.3073,0.0
gbt_av,pass,2.5905,3.0
gbt_av,pass,-2.9655,2.0
gbt_av,pass,-0.2693,0.0
gbt_av,pass,-1.0345,7.0
gbt_av,pass,-0.6632,6.0
gbt_av,pass,4.4983,8.0
gbt_av,pass,0.2993,8.0
gbt_av,pass,0.2511,2.0
gbt_av,pass,-0.351,2.0
gbt_av,pass,-1.987,4.0
gbt_av,pass,0.6524,2.0
gbt_av,pass,-2.2027,5.0
gbt_av,pass,2.011,9.0
gbt_av,pass,-2.1333,3.0
gbt_av,pass,0.395,4.0
gbt_av,pass,-2.0971,2.0
gbt_av,pass,0.3362,9.0
gbt_av,pass,-1.2275,7.0
gbt_av,pass,0.3216,0.0
gbt_av,pass,-0.0021,4.0
gbt_av,pass,-0.0867,5.0
gbt_av,pass,0.2269,0.0
gbt_av,pass,0.4283,4.0
gbt_av,pass,3.5117,8.0
gbt_av,pass,3.3141,8.0
gbt_av,pass,1.8053,7.0
gbt_av,pass,-3.2696,4.0
gbt_av,pass,-1.0993,0.0
gbt_av,pass,1.8212,8.0
gbt_av,pass,0.0504,3.0
gbt_av,pass,-1.3535,4.0
gbt_av,pass,1.4878,6.0
gbt_av,pass,0.3306,2.0
gbt_av,pass,-0.6681,7.0
gbt_av,pass,-2.0982,6.0
gbt_av,pass,0.0571,3.0
gbt_av,pass,3.5858,6.0
gbt_av,pass,-0.2073,6.0
gbt_av,pass,0.3518,0.0
gbt_av,pass,0.5088,2.0
gbt_av,pass,-0.3218,5.0
gbt_av,pass,-0.4189,5.0
gbt_av,pass,-0.2421,0.0
gbt_av,pass,-0.7558,0.0
gbt_av,pass,2.2441,7.0
gbt_av,pass,-0.3557,2.0
gbt_av,pass,-0.0441,4.0
gbt_av,pass,0.5459,4.0
gbt_av,pass,-0.3446,2.0
gbt_av,pass,1.0106,7.0
gbt_av,pass,-1.5761,1.0
gbt_av,pass,-0.1394,3.0
gbt_av,pass,-1.8384,1.0
gbt_av,pass,-0.2822,6.0
gbt_av,pass,-2.9619,0.0
gbt_av,pass,-1.2163,2.0
gbt_av,pass,0.1567,0.0
gbt_av,pass,-1.9586,6.0
gbt_av,pass,1.8838,8.0
gbt_av,pass,0.1082,0.0
gbt_av,pass,-0.8314,3.0
gbt_av,pass,-1.5806,5.0
gbt_av,pass,0.5941,2.0
gbt_av,pass,0.6668,0.0
gbt_av,pass,0.2865,2.0
gbt_av,pass,-1.6791,2.0
gbt_av,pass,-5.8039,2.0
gbt_av,pass,0.4886,5.0
gbt_av,pass,0.1647,0.0
gbt_av,pass,-2.4694,2.0
gbt_av,pass,-3.5751,3.0
gbt_av,pass,-0.9917,6.0
gbt_av,pass,-2.0095,3.0
gbt_av,pass,-0.322,2.0
gbt_av,pass,-3.1714,2.0
gbt_av,pass,0.1993,0.0
gbt_av,pass,0.7694,0.0
gbt_av,pass,-0.7297,7.0
gbt_av,pass,1.8714,7.0
gbt_av,pass,0.7921,6.0
gbt_av,pass,0.2655,0.0
gbt_av,pass,0.8518,0.0
gbt_av,pass,-2.7191,4.0
gbt_av,pass,-0.6482,5.0
gbt_av,pass,0.6656,8.0
gbt_av,pass,-1.2343,3.0
gbt_av,pass,-0.6903,0.0
gbt_av,pass,-0.4562,5.0
gbt_av,pass,0.3225,0.0
gbt_av,pass,0.1435,7.0
gbt_av,pass,0.2402,0.0
gbt_av,pass,-0.1506,0.0
gbt_av,pass,-2.474,2.0
gbt_av,pass,-0.0806,0.0
gbt_av,pass,-1.228,0.0
gbt_av,pass,0.2166,8.0
gbt_av,pass,1.9297,3.0
gbt_av,pass,-0.6013,3.0
gbt_av,pass,-1.633,3.0
gbt_av,pass,-0.898,1.0
gbt_av,pass,-1.9352,3.0
gbt_av,pass,-3.2179,2.0
gbt_av,pass,-0.8607,1.0
gbt_av,pass,-0.1689,6.0
gbt_av,pass,-1.1344,4.0
gbt_av,pass,-0.7454,6.0
gbt_av,pass,-0.4193,0.0
gbt_av,pass,-1.8563,0.0
gbt_av,pass,0.7107,0.0
gbt_av,pass,-0.0124,8.0
gbt_av,pass,1.032,0.0
gbt_av,pass,-0.1654,4.0
gbt_av,pass,-0.8007,0.0
gbt_av,pass,-1.2157,1.0
gbt_av,pass,0.7794,3.0
gbt_av,pass,-1.7183,4.0
gbt_av,pass,-0.6662,7.0
gbt_av,pass,-1.1395,0.0
gbt_av,pass,0.1572,5.0
gbt_av,pass,2.2768,7.0
gbt_av,pass,0.5758,4.0
gbt_av,pass,1.7638,8.0
gbt_av,pass,0.1604,0.0
gbt_av,pass,0.1088,0.0
gbt_av,pass,-0.9262,4.0
gbt_av,pass,0.1517,0.0
gbt_av,pass,-0.2531,4.0
gbt_av,pass,-1.6555,3.0
gbt_av,pass,-4.588,4.0
gbt_av,pass,-0.8618,0.0
gbt_av,pass,-0.094,6.0
gbt_av,pass,0.1531,6.0
gbt_av,pass,-1.3246,5.0
gbt_av,pass,2.7276,8.0
gbt_av,pass,-0.7015,9.0
gbt_av,pass,-1.3008,1.0
gbt_av,pass,1.3133,2.0
gbt_av,pass,-1.7497,9.0
gbt_av,pass,5.093,8.0
gbt_av,pass,-0.277,1.0
gbt_av,pass,-0.7835,4.0
gbt_av,pass,-7.2089,2.0
gbt_av,pass,1.5062,3.0
gbt_av,pass,0.6739,0.0
gbt_av,pass,-0.3803,4.0
gbt_av,pass,-0.0147,0.0
gbt_av,pass,-1.3247,6.0
gbt_av,pass,-0.8159,0.0
gbt_av,pass,-1.3622,7.0
gbt_av,pass,-0.6398,0.0
gbt_av,pass,-2.237,3.0
gbt_av,pass,-0.3358,0.0
gbt_av,pass,-0.0807,5.0
gbt_av,pass,-1.3708,0.0
gbt_av,pass,0.9208,6.0
gbt_av,pass,-3.1263,5.0
gbt_av,pass,0.0175,4.0
gbt_av,pass,-0.9982,0.0
gbt_av,pass,-4.2265,5.0
gbt_av,pass,-1.316,2.0
gbt_av,pass,-2.1435,1.0
gbt_av,pass,0.4264,9.0
gbt_av,pass,-0.6754,3.0
gbt_av,pass,-0.5218,0.0
gbt_av,pass,0.3311,0.0
gbt_av,pass,0.8522,0.0
gbt_av,pass,-0.3524,4.0
gbt_av,pass,-0.7648,0.0
gbt_av,pass,-1.3303,1.0
gbt_av,pass,-0.9998,4.0
gbt_av,pass,-0.5734,4.0
gbt_av,pass,-0.0105,0.0
gbt_av,pass,-0.3173,0.0
gbt_av,pass,-0.5241,0.0
gbt_av,pass,-0.2677,3.0
gbt_av,pass,-0.7705,3.0
gbt_av,pass,0.5554,5.0
gbt_av,pass,-1.0901,5.0
gbt_av,pass,-0.3396,2.0
gbt_av,pass,1.6995,0.0
gbt_av,pass,3.0633,7.0
gbt_av,pass,-0.7885,0.0
gbt_av,pass,0.3611,5.0
gbt_av,pass,-4.1039,3.0
gbt_av,pass,0.811,3.0
gbt_av,pass,-0.0025,4.0
gbt_av,pass,-0.5692,4.0
gbt_av,pass,0.0449,0.0
gbt_av,pass,-2.8522,3.0
gbt_av,pass,-2.666,4.0
gbt_av,pass,-2.2035,3.0
gbt_av,pass,-1.0327,1.0
gbt_av,pass,0.2317,0.0
gbt_av,pass,0.0455,6.0
gbt_av,pass,-3.6374,4.0
gbt_av,pass,-1.1003,0.0
gbt_av,pass,-1.0859,0.0
gbt_av,pass,-1.212,0.0
gbt_av,pass,-2.8641,1.0
gbt_av,pass,-0.2927,0.0
gbt_av,pass,0.7823,6.0
gbt_av,pass,0.9965,0.0
gbt_av,pass,3.3245,8.0
gbt_av,pass,-1.7351,2.0
gbt_av,pass,-0.1008,5.0
gbt_av,pass,-3.0669,3.0
gbt_av,pass,0.3466,0.0
gbt_av,pass,0.2036,0.0
gbt_av,pass,-0.5437,5.0
gbt_av,pass,0.4461,7.0
gbt_av,pass,-0.2268,0.0
gbt_av,pass,0.0334,6.0
gbt_av,pass,-0.49,7.0
gbt_av,pass,-2.535,4.0
gbt_av,pass,0.1463,0.0
gbt_av,pass,-1.549,5.0
gbt_av,pass,0.269,0.0
gbt_av,pass,-0.7942,5.0
gbt_av,pass,-0.3851,0.0
gbt_av,pass,-0.0465,4.0
gbt_av,pass,-3.4722,3.0
gbt_av,pass,-0.3036,5.0
gbt_av,pass,-0.8039,0.0
gbt_av,pass,-0.2867,3.0
gbt_av,pass,-1.4675,3.0
gbt_av,pass,0.1429,2.0
gbt_av,pass,3.8261,9.0
gbt_av,pass,0.049,3.0
gbt_av,pass,1.5599,8.0
gbt_av,pass,-1.5463,5.0
gbt_av,pass,-0.002,6.0
gbt_av,pass,-1.2456,0.0
gbt_av,pass,-1.859,5.0
gbt_av,pass,-0.3945,0.0
gbt_av,pass,-1.2526,4.0
gbt_av,pass,0.2181,0.0
gbt_av,pass,3.3789,8.0
gbt_av,pass,-0.9317,2.0
gbt_av,pass,0.0663,7.0
gbt_av,pass,-1.7193,1.0
gbt_av,pass,-0.6308,7.0
gbt_av,pass,-0.182,0.0
gbt_av,pass,-0.2683,6.0
gbt_av,pass,-1.0897,2.0
gbt_av,pass,-1.4011,2.0
gbt_av,pass,-2.7952,2.0
gbt_av,pass,0.254,0.0
gbt_av,pass,-3.6553,4.0
gbt_av,pass,0.0617,0.0
gbt_av,pass,-2.2294,4.0
gbt_av,pass,-1.5344,3.0
gbt_av,pass,0.447,6.0
gbt_av,pass,-0.1089,4.0
gbt_av,pass,-2.4607,7.0
gbt_av,pass,-0.4343,5.0
gbt_av,pass,-1.8515,3.0
gbt_av,pass,-0.4629,5.0
gbt_av,pass,-1.2561,7.0
gbt_av,pass,-1.9694,2.0
gbt_av,pass,-3.4074,4.0
gbt_av,pass,1.7232,4.0
gbt_av,pass,-0.7575,0.0
gbt_av,pass,0.2232,6.0
gbt_av,pass,1.1961,7.0
gbt_av,pass,-0.5762,4.0
gbt_av,pass,1.5573,5.0
gbt_av,pass,-0.8711,3.0
gbt_av,pass,-2.3531,0.0
gbt_av,pass,-1.0018,5.0
gbt_av,pass,-3.908,2.0
gbt_av,pass,-0.9911,4.0
gbt_av,pass,-0.3785,0.0
gbt_av,pass,-0.1548,4.0
gbt_av,pass,-3.6403,6.0
gbt_av,pass,0.3381,3.0
gbt_av,pass,-1.3051,4.0
gbt_av,pass,-2.3003,2.0
gbt_av,pass,-0.495,5.0
gbt_av,pass,-2.2833,6.0
gbt_av,pass,-0.3272,0.0
gbt_av,pass,-4.3893,2.0
gbt_av,pass,-3.7801,3.0
gbt_av,pass,0.7958,0.0
gbt_av,pass,0.1681,6.0
gbt_av,pass,-1.9266,2.0
gbt_av,pass,-0.2428,3.0
gbt_av,pass,-0.5794,0.0
gbt_av,pass,-0.5104,8.0
gbt_av,pass,3.3412,8.0
gbt_av,pass,-0.2832,0.0
gbt_av,pass,-1.8633,3.0
gbt_av,pass,1.4511,5.0
gbt_av,pass,-0.5929,3.0
gbt_av,pass,-1.4568,5.0
gbt_av,pass,-1.0369,7.0
gbt_av,pass,-1.498,3.0
gbt_av,pass,0.5646,0.0
gbt_av,pass,-0.8911,5.0
gbt_av,pass,-0.3159,0.0
gbt_av,pass,-2.3007,3.0
gbt_av,pass,-0.1702,4.0
gbt_av,pass,-0.532,0.0
gbt_av,pass,2.181,0.0
gbt_av,pass,3.2893,7.0
gbt_av,pass,-1.8438,2.0
gbt_av,pass,-2.8688,0.0
gbt_av,pass,3.1417,7.0
gbt_av,pass,-0.1228,4.0
gbt_av,pass,-3.0514,4.0
gbt_av,pass,-2.2288,3.0
gbt_av,pass,-0.1682,4.0
gbt_av,pass,-0.6031,1.0
gbt_av,pass,-3.1641,5.0
gbt_av,pass,-1.3984,1.0
gbt_av,pass,-0.2984,0.0
gbt_av,pass,-1.9908,0.0
gbt_av,pass,-0.7416,0.0
gbt_av,pass,-1.549,1.0
gbt_av,pass,0.6102,0.0
gbt_av,pass,-5.3804,1.0
gbt_av,pass,1.5318,2.0
gbt_av,pass,-0.8234,0.0
gbt_av,pass,-0.9761,7.0
gbt_av,pass,0.75,0.0
gbt_av,pass,-0.6151,0.0
gbt_av,pass,-1.3664,4.0
gbt_av,pass,-0.5074,0.0
gbt_av,pass,0.8966,3.0
gbt_av,pass,-0.6017,4.0
gbt_av,pass,0.2152,8.0
gbt_av,pass,-0.3426,0.0
gbt_av,pass,3.0644,9.0
gbt_av,pass,0.6158,0.0
gbt_av,pass,2.0406,6.0
gbt_av,pass,-1.1822,1.0
gbt_av,pass,0.4101,0.0
gbt_av,pass,0.0008,0.0
gbt_av,pass,-6.927,4.0
gbt_av,pass,7.8176,5.0
gbt_av,pass,-0.5511,4.0
gbt_av,pass,-0.0214,0.0
gbt_av,pass,0.1814,8.0
gbt_av,pass,-1.8763,8.0
gbt_av,pass,1.6842,0.0
gbt_av,pass,0.0936,2.0
gbt_av,pass,-1.2007,5.0
gbt_av,pass,-0.8066,3.0
gbt_av,pass,-3.3242,2.0
gbt_av,pass,-4.1528,3.0
gbt_av,pass,1.5215,8.0
gbt_av,pass,-0.2459,6.0
gbt_av,pass,-4.5108,4.0
gbt_av,pass,-0.0044,7.0
gbt_av,pass,0.4625,5.0
gbt_av,pass,-2.8837,3.0
gbt_av,pass,-1.3072,0.0
gbt_av,pass,-0.3428,4.0
gbt_av,pass,0.2826,5.0
gbt_av,pass,0.0708,0.0
gbt_av,pass,0.0138,0.0
gbt_av,pass,0.443,3.0
gbt_av,pass,0.0065,3.0
gbt_av,pass,-1.2753,0.0
gbt_av,pass,0.0794,4.0
gbt_av,pass,1.8879,3.0
gbt_av,pass,-0.13,0.0
gbt_av,pass,-2.0275,2.0
gbt_av,pass,0.9092,4.0
gbt_av,pass,-1.3309,2.0
gbt_av,pass,-0.6119,9.0
gbt_av,pass,0.4446,0.0
gbt_av,pass,-0.2418,5.0
gbt_av,pass,0.4014,0.0
gbt_av,pass,0.397,0.0
gbt_av,pass,-0.1348,3.0
gbt_av,pass,-4.1687,2.0
gbt_av,pass,-1.6138,2.0
gbt_av,pass,0.6194,0.0
gbt_av,pass,-1.5199,3.0
gbt_av,pass,1.2877,2.0
gbt_av,pass,-1.2047,0.0
gbt_av,pass,0.7154,6.0
gbt_av,pass,-0.4734,0.0
gbt_av,pass,-3.9143,1.0
gbt_av,pass,-1.2268,2.0
gbt_av,pass,-3.1893,4.0
gbt_av,pass,-1.0344,0.0
gbt_av,pass,0.2845,8.0
gbt_av,pass,0.2248,0.0
gbt_av,pass,-1.5443,4.0
gbt_av,pass,0.5534,6.0
gbt_av,pass,0.6224,8.0
gbt_av,pass,1.3538,0.0
gbt_av,pass,-2.5225,0.0
gbt_av,pass,-0.7404,1.0
gbt_av,pass,-0.5986,1.0
gbt_av,pass,-1.9787,2.0
gbt_av,pass,0.0623,6.0
gbt_av,pass,0.4095,2.0
gbt_av,pass,0.6864,0.0
gbt_av,pass,0.3291,0.0
gbt_av,pass,-2.4978,3.0
gbt_av,pass,-0.7224,6.0
gbt_av,pass,0.0207,5.0
gbt_av,pass,0.6053,3.0
gbt_av,pass,-2.0673,3.0
gbt_av,pass,-1.795,4.0
gbt_av,pass,1.1423,7.0
gbt_av,pass,5.721,6.0
gbt_av,pass,-3.3595,0.0
gbt_av,pass,-0.4528,4.0
gbt_av,pass,-0.5983,4.0
gbt_av,pass,-0.8501,4.0
gbt_av,pass,0.4864,2.0
gbt_av,pass,0.2646,4.0
gbt_av,pass,-0.7496,0.0
gbt_av,pass,-1.9525,7.0
gbt_av,pass,-0.7067,2.0
gbt_av,pass,-4.7422,3.0
gbt_av,pass,0.0012,5.0
gbt_av,pass,-0.3761,6.0
gbt_av,pass,1.0356,8.0
gbt_av,pass,0.4543,3.0
gbt_av,pass,1.8936,6.0
gbt_av,pass,-4.9635,2.0
gbt_av,pass,-0.4666,0.0
gbt_av,pass,-0.5294,1.0
gbt_av,pass,-1.0466,2.0
gbt_av,pass,-0.2806,7.0
gbt_av,pass,-0.5408,4.0
gbt_av,pass,0.3472,5.0
gbt_av,pass,1.3139,3.0
gbt_av,pass,-2.1018,3.0
gbt_av,pass,-0.7523,3.0
gbt_av,pass,-0.412,1.0
gbt_av,pass,1.4936,3.0
gbt_av,pass,-1.6392,3.0
gbt_av,pass,-0.384,8.0
gbt_av,pass,-3.4375,4.0
gbt_av,pass,-1.5516,9.0
gbt_av,pass,-1.6189,3.0
gbt_av,pass,1.8217,0.0
gbt_av,pass,0.0562,0.0
gbt_av,pass,-0.9959,0.0
gbt_av,pass,-1.2942,4.0
gbt_av,pass,0.0516,0.0
gbt_av,pass,-3.2504,2.0
gbt_av,pass,-1.1493,5.0
gbt_av,pass,-1.509,5.0
gbt_av,pass,2.3033,7.0
gbt_av,pass,0.4493,0.0
gbt_av,pass,-1.2484,3.0
gbt_av,pass,0.7068,4.0
gbt_av,pass,3.9363,7.0
gbt_av,pass,-0.4518,6.0
gbt_av,pass,-1.1495,1.0
gbt_av,pass,-0.0001,5.0
gbt_av,pass,-1.5497,3.0
gbt_av,pass,-0.6403,0.0
gbt_av,pass,1.7075,9.0
gbt_av,pass,0.422,0.0
gbt_av,pass,0.3092,0.0
gbt_av,pass,1.4748,7.0
gbt_av,pass,0.9445,0.0
gbt_av,pass,-0.6348,3.0
gbt_av,pass,-0.5921,5.0
gbt_av,pass,-1.9951,6.0
gbt_av,pass,-1.7501,4.0
gbt_av,pass,-1.3118,7.0
gbt_av,pass,4.4574,9.0
gbt_av,pass,-0.2319,6.0
gbt_av,pass,0.8282,0.0
gbt_av,pass,-1.5478,0.0
gbt_av,pass,-2.1593,7.0
gbt_av,pass,2.1559,4.0
gbt_av,pass,-1.0092,5.0
gbt_av,pass,-0.0308,2.0
gbt_av,pass,-0.9905,1.0
gbt_av,pass,3.6577,6.0
gbt_av,pass,-3.605,3.0
gbt_av,pass,-0.0831,0.0
gbt_av,pass,-1.9391,5.0
gbt_av,pass,-1.1041,4.0
gbt_av,pass,-1.1086,0.0
gbt_av,pass,0.0075,6.0
gbt_av,pass,0.0875,3.0
gbt_av,pass,0.488,6.0
gbt_av,pass,1.0001,2.0
gbt_av,pass,-0.0361,5.0
gbt_av,pass,0.3735,4.0
gbt_av,pass,-0.0227,6.0
gbt_av,pass,-2.2378,5.0
gbt_av,pass,-2.1668,3.0
gbt_av,pass,-0.2384,0.0
gbt_av,pass,-0.662,0.0
gbt_av,pass,0.5176,6.0
gbt_av,pass,-3.4187,2.0
gbt_av,pass,-0.71,0.0
gbt_av,pass,0.4733,2.0
gbt_av,pass,-1.0881,4.0
gbt_av,pass,1.5562,0.0
gbt_av,pass,0.6278,4.0
gbt_av,pass,1.5831,7.0
gbt_av,pass,0.3976,1.0
gbt_av,pass,-1.5822,4.0
gbt_av,pass,-2.7891,3.0
gbt_av,pass,0.0426,0.0
gbt_av,pass,-2.9951,2.0
gbt_av,pass,1.3143,4.0
gbt_av,pass,-1.5946,4.0
gbt_av,pass,-1.4901,0.0
gbt_av,pass,-0.9404,3.0
gbt_av,pass,1.4045,7.0
gbt_av,pass,-1.8965,4.0
gbt_av,pass,0.8062,6.0
gbt_av,pass,-1.1195,0.0
gbt_av,pass,-0.0841,0.0
gbt_av,pass,-0.2507,2.0
gbt_av,pass,-0.6748,3.0
gbt_av,pass,1.5339,4.0
gbt_av,pass,-3.4305,3.0
gbt_av,pass,0.3334,0.0
gbt_av,pass,-1.1928,4.0
gbt_av,pass,1.2657,7.0
gbt_av,pass,-4.1556,4.0
gbt_av,pass,-1.1329,5.0
gbt_av,pass,-2.1438,3.0
gbt_av,pass,-0.2903,0.0
gbt_av,pass,-0.1565,0.0
gbt_av,pass,0.7167,0.0
gbt_av,pass,-0.3046,6.0
gbt_av,pass,-4.2584,2.0
gbt_av,pass,0.3221,0.0
gbt_av,pass,1.1302,7.0
gbt_av,pass,-4.9118,3.0
gbt_av,pass,-0.8525,8.0
gbt_av,pass,0.3518,5.0
gbt_av,pass,-4.1314,1.0
gbt_av,pass,-0.21,0.0
gbt_av,pass,-2.1143,1.0
gbt_av,pass,-0.3102,6.0
gbt_av,pass,-1.173,5.0
gbt_av,pass,-2.0639,4.0
gbt_av,pass,-1.1451,0.0
gbt_av,pass,1.3025,0.0
gbt_av,pass,-0.9908,5.0
gbt_av,pass,-0.7389,7.0
gbt_av,pass,-0.7483,2.0
gbt_av,pass,1.7818,4.0
gbt_av,pass,3.0611,8.0
gbt_av,pass,-0.051,4.0
gbt_av,pass,-0.5665,7.0
gbt_av,pass,-1.8241,3.0
gbt_av,pass,-1.3306,9.0
gbt_av,pass,0.1649,5.0
gbt_av,pass,0.9574,8.0
gbt_av,pass,0.4764,8.0
gbt_av,pass,-1.998,6.0
gbt_av,pass,0.6674,0.0
gbt_av,pass,-3.3579,0.0
gbt_av,pass,0.8479,8.0
gbt_av,pass,-2.5968,2.0
gbt_av,pass,-3.7351,3.0
gbt_av,pass,1.6949,6.0
gbt_av,pass,0.3929,4.0
gbt_av,pass,-1.9116,4.0
gbt_av,pass,-2.791,5.0
gbt_av,pass,-0.8444,0.0
gbt_av,pass,-2.5687,2.0
gbt_av,pass,0.0542,0.0
gbt_av,pass,-0.828,7.0
gbt_av,pass,-0.1603,0.0
gbt_av,pass,-1.7006,3.0
gbt_av,pass,-0.4261,3.0
gbt_av,pass,-1.9052,2.0
gbt_av,pass,2.4288,0.0
gbt_av,pass,-0.019,4.0
gbt_av,pass,-1.4895,2.0
gbt_av,pass,0.2068,0.0
gbt_av,pass,0.583,7.0
gbt_av,pass,-1.8417,4.0
gbt_av,pass,0.1448,4.0
gbt_av,pass,0.3991,9.0
gbt_av,pass,1.5286,7.0
gbt_av,pass,-0.6975,7.0
gbt_av,pass,0.2958,8.0
gbt_av,pass,0.5975,0.0
gbt_av,pass,-5.4521,0.0
gbt_av,pass,0.6893,7.0
gbt_av,pass,-1.2783,4.0
gbt_av,pass,1.3892,8.0
gbt_av,pass,-0.4427,5.0
gbt_av,pass,-1.1463,0.0
gbt_av,pass,0.1562,0.0
gbt_av,pass,0.3132,0.0
gbt_av,pass,-1.468,5.0
gbt_av,pass,-0.2637,3.0
gbt_av,pass,1.3579,8.0
gbt_av,pass,-0.0748,5.0
gbt_av,pass,0.0164,3.0
gbt_av,pass,-0.0592,0.0
gbt_av,pass,-3.1799,2.0
gbt_av,pass,-2.1236,5.0
gbt_av,pass,-1.5909,7.0
gbt_av,pass,-1.3873,3.0
gbt_av,pass,0.2906,0.0
gbt_av,pass,0.1206,0.0
gbt_av,pass,0.8024,5.0
gbt_av,pass,0.1312,0.0
gbt_av,pass,-0.3827,0.0
gbt_av,pass,2.0662,9.0
gbt_av,pass,-0.2348,2.0
gbt_av,pass,-3.396,1.0
gbt_av,pass,3.6405,9.0
gbt_av,pass,-0.4719,0.0
gbt_av,pass,-3.9076,3.0
gbt_av,pass,-0.6582,0.0
gbt_av,pass,-1.8539,7.0
gbt_av,pass,0.5988,0.0
gbt_av,pass,0.7632,5.0
gbt_av,pass,0.2044,4.0
gbt_av,pass,-0.1165,0.0
gbt_av,pass,-2.1304,5.0
gbt_av,pass,5.0959,4.0
gbt_av,pass,-1.186,5.0
gbt_av,pass,-0.8805,0.0
gbt_av,pass,0.1146,0.0
gbt_av,pass,1.5198,6.0
gbt_av,pass,-2.1935,2.0
gbt_av,pass,3.3923,6.0
gbt_av,pass,-0.0867,0.0
gbt_av,pass,-4.357,1.0
gbt_av,pass,-5.2492,2.0
gbt_av,pass,-0.5529,0.0
gbt_av,pass,-0.4471,5.0
gbt_av,pass,3.1638,5.0
gbt_av,pass,-0.4308,0.0
gbt_av,pass,3.3145,3.0
gbt_av,pass,-0.2717,0.0
gbt_av,pass,0.0214,7.0
gbt_av,pass,-0.4638,3.0
gbt_av,pass,-0.3516,4.0
gbt_av,pass,-0.2215,4.0
gbt_av,pass,-0.7415,0.0
gbt_av,pass,-0.7773,0.0
gbt_av,pass,0.8449,5.0
gbt_av,pass,-1.0188,3.0
gbt_av,pass,3.8735,3.0
gbt_av,pass,-3.0209,5.0
gbt_av,pass,0.1114,3.0
gbt_av,pass,-0.5688,3.0
gbt_av,pass,-1.1202,5.0
gbt_av,pass,-0.0688,4.0
gbt_av,pass,-2.0761,3.0
gbt_av,pass,-0.5679,0.0
gbt_av,pass,-3.1567,3.0
gbt_av,pass,-0.0655,4.0
gbt_av,pass,-0.0632,5.0
gbt_av,pass,-0.2151,0.0
gbt_av,pass,-0.9943,5.0
gbt_av,pass,0.2484,7.0
gbt_av,pass,-0.6723,5.0
gbt_av,pass,0.823,6.0
gbt_av,pass,-0.0039,0.0
gbt_av,pass,-3.5989,2.0
gbt_av,pass,0.3527,3.0
gbt_av,pass,3.504,8.0
gbt_av,pass,-2.295,2.0
gbt_av,pass,-0.727,0.0
gbt_av,pass,-2.6531,4.0
gbt_av,pass,0.3283,0.0
gbt_av,pass,-1.0092,9.0
gbt_av,pass,1.5517,2.0
gbt_av,pass,-1.0134,0.0
gbt_av,pass,2.877,3.0
gbt_av,pass,-3.9599,1.0
gbt_av,pass,-0.3925,4.0
gbt_av,pass,0.4149,0.0
gbt_av,pass,-0.9096,0.0
gbt_av,pass,0.4108,5.0
gbt_av,pass,-1.1672,6.0
gbt_av,pass,0.7861,7.0
gbt_av,pass,0.2156,4.0
gbt_av,pass,-0.1581,0.0
gbt_av,pass,-0.4101,0.0
gbt_av,pass,-1.5374,2.0
gbt_av,pass,-0.9951,0.0
gbt_av,pass,0.4499,0.0
gbt_av,pass,1.2093,2.0
gbt_av,pass,0.7494,4.0
gbt_av,pass,-0.6525,4.0
gbt_av,pass,4.8571,10.0
gbt_av,pass,2.7613,0.0
gbt_av,pass,3.5124,10.0
gbt_av,pass,-0.5831,7.0
gbt_av,pass,-0.1972,0.0
gbt_av,pass,-0.4773,5.0
gbt_av,pass,-0.052,0.0
gbt_av,pass,-2.704,4.0
gbt_av,pass,-0.0703,5.0
gbt_av,pass,-4.8412,4.0
gbt_av,pass,0.528,0.0
gbt_av,pass,0.3723,0.0
gbt_av,pass,0.2549,0.0
gbt_av,pass,0.1839,0.0
gbt_av,pass,0.4974,4.0
gbt_av,pass,-0.8637,2.0
gbt_av,pass,-0.7135,9.0
gbt_av,pass,0.7579,6.0
gbt_av,pass,-2.2679,0.0
gbt_av,pass,-3.4295,8.0
gbt_av,pass,1.6647,7.0
gbt_av,pass,-4.254,3.0
gbt_av,pass,-2.5645,2.0
gbt_av,pass,-0.5332,3.0
gbt_av,pass,0.4938,0.0
gbt_av,pass,-1.0572,2.0
gbt_av,pass,-2.1664,5.0
gbt_av,pass,-3.4722,3.0
gbt_av,pass,3.93,9.0
gbt_av,pass,-0.8205,3.0
gbt_av,pass,-1.1517,4.0
gbt_av,pass,-0.8013,0.0
gbt_av,pass,-0.4942,0.0
gbt_av,pass,2.8779,6.0
gbt_av,pass,-3.0642,5.0
gbt_av,pass,-4.4087,2.0
gbt_av,pass,-0.9635,5.0
gbt_av,pass,0.1924,0.0
gbt_av,pass,1.0974,8.0
gbt_av,pass,-0.4221,0.0
gbt_av,pass,-1.7281,4.0
gbt_av,pass,-0.7945,5.0
gbt_av,pass,-0.5497,5.0
gbt_av,pass,-1.6993,3.0
gbt_av,pass,-0.6123,6.0
gbt_av,pass,0.344,4.0
gbt_av,pass,-0.5568,2.0
gbt_av,pass,0.2244,0.0
gbt_av,pass,1.4737,4.0
gbt_av,pass,0.2213,6.0
gbt_av,pass,2.6439,7.0
gbt_av,pass,2.3239,5.0
gbt_av,pass,4.2224,10.0
gbt_av,pass,-1.0148,2.0
gbt_av,pass,1.0511,7.0
gbt_av,pass,3.1566,5.0
gbt_av,pass,0.8954,0.0
gbt_av,pass,-0.6288,8.0
gbt_av,pass,-0.8598,3.0
gbt_av,pass,-0.2221,7.0
gbt_av,pass,-3.3299,5.0
gbt_av,pass,-0.9255,0.0
gbt_av,pass,-0.3726,8.0
gbt_av,pass,1.5432,7.0
gbt_av,pass,-3.2045,4.0
gbt_av,pass,-0.5719,3.0
gbt_av,pass,0.7538,0.0
gbt_av,pass,-0.3832,0.0
gbt_av,pass,-2.8331,3.0
gbt_av,pass,-0.6558,0.0
gbt_av,pass,0.2371,3.0
gbt_av,pass,1.9022,6.0
gbt_av,pass,0.7946,7.0
gbt_av,pass,0.6958,7.0
gbt_av,pass,-1.7417,10.0
gbt_av,pass,0.6489,8.0
gbt_av,pass,-2.5648,6.0
gbt_av,pass,0.069,3.0
gbt_av,pass,1.0714,8.0
gbt_av,pass,-0.2623,5.0
gbt_av,pass,0.1426,0.0
gbt_av,pass,-0.5543,0.0
gbt_av,pass,0.0236,1.0
gbt_av,pass,1.4545,5.0
gbt_av,pass,1.3711,4.0
gbt_av,pass,-3.3882,1.0
gbt_av,pass,-0.9402,4.0
gbt_av,pass,0.3646,0.0
gbt_av,pass,-0.7326,0.0
gbt_av,pass,-0.5714,4.0
gbt_av,pass,-0.4358,5.0
gbt_av,pass,0.6109,2.0
gbt_av,pass,1.4305,7.0
gbt_av,pass,1.154,3.0
gbt_av,pass,-1.145,3.0
gbt_av,pass,-3.3604,4.0
gbt_av,pass,-0.5493,0.0
gbt_av,pass,-0.215,0.0
gbt_av,pass,0.5566,6.0
gbt_av,pass,-0.7884,4.0
gbt_av,pass,-0.0684,0.0
gbt_av,pass,0.5198,0.0
gbt_av,pass,4.9118,8.0
gbt_av,pass,-0.0723,1.0
gbt_av,pass,-0.6372,4.0
gbt_av,pass,6.4965,7.0
gbt_av,pass,-0.5427,4.0
gbt_av,pass,-0.2423,0.0
gbt_av,pass,-2.6068,2.0
gbt_av,pass,-1.8181,7.0
gbt_av,pass,0.0962,0.0
gbt_av,pass,-0.2975,0.0
gbt_av,pass,-0.7596,4.0
gbt_av,pass,0.3094,0.0
gbt_av,pass,0.4111,0.0
gbt_av,pass,-2.4307,5.0
gbt_av,pass,-0.3689,2.0
gbt_av,pass,-0.3144,9.0
gbt_av,pass,0.189,7.0
gbt_av,pass,-2.1633,0.0
gbt_av,pass,0.4022,5.0
gbt_av,pass,-1.2623,6.0
gbt_av,pass,-0.6246,0.0
gbt_av,pass,-0.9172,3.0
gbt_av,pass,-0.9121,1.0
gbt_av,pass,0.1778,0.0
gbt_av,pass,-1.0179,2.0
gbt_av,pass,-4.7878,2.0
gbt_av,pass,-0.3495,8.0
gbt_av,pass,-1.0784,5.0
gbt_av,pass,0.5142,0.0
gbt_av,pass,1.6014,0.0
gbt_av,pass,-0.8994,3.0
gbt_av,pass,-3.2478,2.0
gbt_av,pass,-1.0755,4.0
gbt_av,pass,-0.0036,4.0
gbt_av,pass,-0.5842,0.0
gbt_av,pass,-4.1076,5.0
gbt_av,pass,-0.0558,0.0
gbt_av,pass,-0.8841,7.0
gbt_av,pass,-0.6974,7.0
gbt_av,pass,-0.2112,0.0
gbt_av,pass,-0.6296,6.0
gbt_av,pass,-0.3762,5.0
gbt_av,pass,1.9704,3.0
gbt_av,pass,-0.4049,0.0
gbt_av,pass,-4.9668,4.0
gbt_av,pass,-0.8578,4.0
gbt_av,pass,3.992,9.0
gbt_av,pass,1.3889,3.0
gbt_av,pass,1.3633,5.0
gbt_av,pass,-1.6695,2.0
gbt_av,pass,-0.0096,4.0
gbt_av,pass,-1.7521,4.0
gbt_av,pass,1.7945,8.0
gbt_av,pass,1.0582,6.0
gbt_av,pass,-0.0512,3.0
gbt_av,pass,1.0231,0.0
gbt_av,pass,-0.8489,7.0
gbt_av,pass,-1.0322,0.0
gbt_av,pass,-0.4152,0.0
gbt_av,pass,0.2565,0.0
gbt_av,pass,-3.823,3.0
gbt_av,pass,-0.8647,5.0
gbt_av,pass,-2.4136,5.0
gbt_av,pass,-1.8294,2.0
gbt_av,pass,-1.6884,0.0
gbt_av,pass,-0.9636,0.0
gbt_av,pass,-2.0848,1.0
gbt_av,pass,-1.8442,2.0
gbt_av,pass,-2.2796,4.0
gbt_av,pass,-1.3832,8.0
gbt_av,pass,-2.8519,4.0
gbt_av,pass,-4.5377,2.0
gbt_av,pass,-0.0164,8.0
gbt_av,pass,-0.0345,0.0
gbt_av,pass,-1.239,0.0
gbt_av,pass,0.7125,7.0
gbt_av,pass,-0.6124,0.0
gbt_av,pass,-2.5994,4.0
gbt_av,pass,-0.8894,1.0
gbt_av,pass,1.5427,0.0
gbt_av,pass,-0.7478,0.0
gbt_av,pass,-0.8095,4.0
gbt_av,pass,-0.0549,6.0
gbt_av,pass,2.1068,9.0
gbt_av,pass,-0.9296,5.0
gbt_av,pass,-0.3243,3.0
gbt_av,pass,-0.697,0.0
gbt_av,pass,-0.3955,5.0
gbt_av,pass,-0.7431,4.0
gbt_av,pass,-1.1047,2.0
gbt_av,pass,-0.1935,0.0
gbt_av,pass,0.34,5.0
gbt_av,pass,-0.1557,5.0
gbt_av,pass,-0.6379,4.0
gbt_av,pass,-2.8762,4.0
gbt_av,pass,-1.2321,0.0
gbt_av,pass,2.749,6.0
gbt_av,pass,3.9013,10.0
gbt_av,pass,-0.5602,6.0
gbt_av,pass,-1.1934,4.0
gbt_av,pass,-0.0805,2.0
gbt_av,pass,-3.5097,4.0
gbt_av,pass,0.536,0.0
gbt_av,pass,-1.9928,4.0
gbt_av,pass,-0.0009,0.0
gbt_av,pass,-0.3094,0.0
gbt_av,pass,0.2567,6.0
gbt_av,pass,0.3011,0.0
gbt_av,pass,-1.7087,2.0
gbt_av,pass,-1.7764,5.0
gbt_av,pass,-1.7911,3.0
gbt_av,pass,-2.5675,3.0
gbt_av,pass,-4.8958,2.0
gbt_av,pass,-4.7149,6.0
gbt_av,pass,0.5535,7.0
gbt_av,pass,-0.531,0.0
gbt_av,pass,-1.0683,0.0
gbt_av,pass,-0.7547,0.0
gbt_av,pass,0.3464,0.0
gbt_av,pass,-3.45,0.0
gbt_av,pass,0.8935,0.0
gbt_av,pass,-1.1908,0.0
gbt_av,pass,3.1579,8.0
gbt_av,pass,-0.7718,3.0
gbt_av,pass,-0.8907,0.0
gbt_av,pass,-1.9634,4.0
gbt_av,pass,-0.4702,10.0
gbt_av,pass,0.0621,0.0
gbt_av,pass,-0.9452,3.0
gbt_av,pass,-3.8448,4.0
gbt_av,pass,-0.0495,0.0
gbt_av,pass,-1.2317,0.0
gbt_av,pass,-1.7462,4.0
gbt_av,pass,-1.3294,4.0
gbt_av,pass,-0.1659,0.0
gbt_av,pass,-3.0817,4.0
gbt_av,pass,-0.5649,0.0
gbt_av,pass,-0.2494,2.0
gbt_av,pass,-0.8417,4.0
gbt_av,pass,-0.5172,2.0
gbt_av,pass,0.1656,4.0
gbt_av,pass,-0.3775,8.0
gbt_av,pass,-0.183,0.0
gbt_av,pass,-3.0236,2.0
gbt_av,pass,0.8687,0.0
gbt_av,pass,-0.8034,9.0
gbt_av,pass,-2.3929,4.0
gbt_av,pass,0.7144,3.0
gbt_av,pass,-1.8771,4.0
gbt_av,pass,0.6104,5.0
gbt_av,pass,-0.4101,0.0
gbt_av,pass,0.2319,0.0
gbt_av,pass,-1.8616,4.0
gbt_av,pass,-1.0884,4.0
gbt_av,pass,-0.3758,0.0
gbt_av,pass,-1.6664,0.0
gbt_av,pass,-0.0373,6.0
gbt_av,pass,2.783,6.0
gbt_av,pass,0.3015,0.0
gbt_av,pass,-4.0667,2.0
gbt_av,pass,0.0913,8.0
gbt_av,pass,-2.2277,7.0
gbt_av,pass,0.5598,0.0
gbt_av,pass,-1.877,4.0
gbt_av,pass,-0.3735,4.0
gbt_av,pass,-0.5722,0.0
gbt_av,pass,0.7407,0.0
gbt_av,pass,0.8986,7.0
gbt_av,pass,-1.4933,7.0
gbt_av,pass,1.2119,5.0
gbt_av,pass,-1.657,2.0
gbt_av,pass,3.7366,7.0
gbt_av,pass,0.0559,9.0
gbt_av,pass,-0.1264,0.0
gbt_av,pass,-4.8001,2.0
gbt_av,pass,0.0686,3.0
gbt_av,pass,0.3137,4.0
gbt_av,pass,0.4981,0.0
gbt_av,pass,-1.2354,3.0
gbt_av,pass,-0.6476,0.0
gbt_av,pass,-0.5403,5.0
gbt_av,pass,2.8818,5.0
gbt_av,pass,0.3393,5.0
gbt_av,pass,0.4228,3.0
gbt_av,pass,-1.6212,2.0
gbt_av,pass,0.0659,8.0
gbt_av,pass,-2.8118,2.0
gbt_av,pass,-2.2987,5.0
gbt_av,pass,0.3935,9.0
gbt_av,pass,0.2131,4.0
gbt_av,pass,1.601,0.0
gbt_av,pass,0.3613,2.0
gbt_av,pass,-1.3635,0.0
gbt_av,pass,2.2653,6.0
gbt_av,pass,2.7935,2.0
gbt_av,pass,0.0908,3.0
gbt_av,pass,-0.0218,3.0
gbt_av,pass,-0.7111,5.0
gbt_av,pass,-1.1381,3.0
gbt_av,pass,-0.9451,8.0
gbt_av,pass,0.0525,5.0
gbt_av,pass,-0.9523,2.0
gbt_av,pass,0.6868,5.0
gbt_av,pass,-0.873,7.0
gbt_av,pass,0.4825,0.0
gbt_av,pass,-1.1773,0.0
gbt_av,pass,0.4223,6.0
gbt_av,pass,-5.325,9.0
gbt_av,pass,4.5694,7.0
gbt_av,pass,1.2871,1.0
gbt_av,pass,0.4345,5.0
gbt_av,pass,3.2319,7.0
gbt_av,pass,3.3563,8.0
gbt_av,pass,0.6801,3.0
gbt_av,pass,-3.2734,5.0
gbt_av,pass,2.8821,9.0
gbt_av,pass,-0.7132,0.0
gbt_av,pass,0.0772,4.0
gbt_av,pass,-0.4303,5.0
gbt_av,pass,-0.276,0.0
gbt_av,pass,-1.1276,0.0
gbt_av,pass,0.5822,8.0
gbt_av,pass,-0.8669,3.0
gbt_av,pass,-0.0631,2.0
gbt_av,pass,0.1783,0.0
gbt_av,pass,0.7509,6.0
gbt_av,pass,-1.0471,4.0
gbt_av,pass,-1.5539,4.0
gbt_av,pass,0.1403,4.0
gbt_av,pass,0.2643,5.0
gbt_av,pass,-0.2451,5.0
gbt_av,pass,-0.242,7.0
gbt_av,pass,-0.6432,0.0
gbt_av,pass,0.4717,6.0
gbt_av,pass,-1.2367,0.0
gbt_av,pass,1.4493,3.0
gbt_av,pass,-1.4402,5.0
gbt_av,pass,4.0727,6.0
gbt_av,pass,-1.3708,1.0
gbt_av,pass,-2.0514,3.0
gbt_av,pass,-0.7265,6.0
gbt_av,pass,0.3817,0.0
gbt_av,pass,-3.2393,2.0
gbt_av,pass,-3.4375,2.0
gbt_av,pass,-1.6117,4.0
gbt_av,pass,-0.9669,3.0
gbt_av,pass,2.1267,6.0
gbt_av,pass,-2.3087,3.0
gbt_av,pass,0.2256,0.0
gbt_av,pass,2.2347,6.0
gbt_av,pass,-0.2554,0.0
gbt_av,pass,-2.34,0.0
gbt_av,pass,-0.2138,3.0
gbt_av,pass,-0.3466,5.0
gbt_av,pass,-0.8398,0.0
gbt_av,pass,-0.6834,6.0
gbt_av,pass,-0.7282,3.0
gbt_av,pass,-1.0374,8.0
gbt_av,pass,3.684,9.0
gbt_av,pass,0.1441,0.0
gbt_av,pass,-1.2878,3.0
gbt_av,pass,0.3864,3.0
gbt_av,pass,-1.153,0.0
gbt_av,pass,0.7463,7.0
gbt_av,pass,1.0525,0.0
gbt_av,pass,-4.0287,2.0
gbt_av,pass,-0.1883,5.0
gbt_av,pass,-0.7101,2.0
gbt_av,pass,-0.0587,0.0
gbt_av,pass,-0.1039,3.0
gbt_av,pass,-3.1174,3.0
gbt_av,pass,-0.5072,3.0
gbt_av,pass,0.7225,0.0
gbt_av,pass,1.4201,0.0
gbt_av,pass,0.4488,0.0
gbt_av,pass,0.1501,6.0
gbt_av,pass,-1.166,5.0
gbt_av,pass,0.9306,5.0
gbt_av,pass,0.9506,2.0
gbt_av,pass,-2.8896,2.0
gbt_av,pass,-1.1252,3.0
gbt_av,pass,1.885,6.0
gbt_av,pass,-0.2968,5.0
gbt_av,pass,0.5706,5.0
gbt_av,pass,-1.0916,0.0
gbt_av,pass,4.1845,0.0
gbt_av,pass,-2.8602,0.0
gbt_av,pass,-0.3224,2.0
gbt_av,pass,0.0911,0.0
gbt_av,pass,1.9437,8.0
gbt_av,pass,-0.7393,3.0
gbt_av,pass,-0.3876,0.0
gbt_av,pass,0.7824,5.0
gbt_av,pass,-0.3348,0.0
gbt_av,pass,-0.2163,7.0
gbt_av,pass,0.0176,2.0
gbt_av,pass,-1.7343,0.0
gbt_av,pass,0.0105,6.0
gbt_av,pass,-1.3247,5.0
gbt_av,pass,-0.7856,4.0
gbt_av,pass,-1.3737,4.0
gbt_av,pass,0.2114,2.0
gbt_av,pass,-0.4706,0.0
gbt_av,pass,2.2056,7.0
gbt_av,pass,-0.4672,0.0
gbt_av,pass,-2.1164,4.0
gbt_av,pass,0.9346,4.0
gbt_av,pass,-4.1794,4.0
gbt_av,pass,0.2443,0.0
gbt_av,pass,-0.6917,4.0
gbt_av,pass,0.0126,0.0
gbt_av,pass,-0.667,0.0
gbt_av,pass,-0.1724,0.0
gbt_av,pass,-2.5906,3.0
gbt_av,pass,-6.001,2.0
gbt_av,pass,-1.4622,2.0
gbt_av,pass,-0.8272,0.0
gbt_av,pass,-1.4758,2.0
gbt_av,pass,-2.0326,2.0
gbt_av,pass,-1.8803,0.0
gbt_av,pass,-2.5369,6.0
gbt_av,pass,-0.4662,0.0
gbt_av,pass,0.5156,0.0
gbt_av,pass,-4.5006,3.0
gbt_av,pass,-0.439,0.0
gbt_av,pass,3.8427,10.0
gbt_av,pass,2.5563,5.0
gbt_av,pass,0.1931,0.0
gbt_av,pass,-0.7073,0.0
gbt_av,pass,-0.9735,6.0
gbt_av,pass,-0.409,0.0
gbt_av,pass,-3.4395,3.0
gbt_av,pass,0.1365,5.0
gbt_av,pass,-0.6845,4.0
gbt_av,pass,-0.4543,1.0
gbt_av,pass,0.6183,9.0
gbt_av,pass,-1.1313,0.0
gbt_av,pass,-0.8762,4.0
gbt_av,pass,-0.9899,5.0
gbt_av,pass,-2.7463,3.0
gbt_av,pass,-1.3294,4.0
gbt_av,pass,-0.4947,8.0
gbt_av,pass,-0.098,3.0
gbt_av,pass,-1.2835,7.0
gbt_av,pass,-0.4172,0.0
gbt_av,pass,0.548,3.0
gbt_av,pass,0.1834,0.0
gbt_av,pass,12.6463,9.0
gbt_av,pass,0.5796,0.0
gbt_av,pass,-3.5624,4.0
gbt_av,pass,1.9541,5.0
gbt_av,pass,5.2747,3.0
gbt_av,pass,0.5431,0.0
gbt_av,pass,-0.6847,3.0
gbt_av,pass,-0.7863,4.0
gbt_av,pass,-0.1834,4.0
gbt_av,pass,0.65,5.0
gbt_av,pass,0.5502,0.0
gbt_av,pass,0.2484,0.0
gbt_av,pass,-5.8966,2.0
gbt_av,pass,-0.6391,0.0
gbt_av,pass,2.2255,5.0
gbt_av,pass,-2.2825,0.0
gbt_av,pass,0.8308,5.0
gbt_av,pass,0.1518,0.0
gbt_av,pass,-3.971,2.0
gbt_av,pass,-0.5835,6.0
gbt_av,pass,0.3571,7.0
gbt_av,pass,0.2326,0.0
gbt_av,pass,-0.5533,0.0
gbt_av,pass,-0.5105,0.0
gbt_av,pass,-1.6299,4.0
gbt_av,pass,-1.8654,4.0
gbt_av,pass,-3.007,3.0
gbt_av,pass,2.5685,5.0
gbt_av,pass,-1.6625,3.0
gbt_av,pass,0.0106,0.0
gbt_av,pass,0.8475,0.0
gbt_av,pass,-0.8805,0.0
gbt_av,pass,-1.3177,4.0
gbt_av,pass,-0.5635,2.0
gbt_av,pass,-0.3637,2.0
gbt_av,pass,0.6425,0.0
gbt_av,pass,-1.3197,2.0
gbt_av,pass,-0.9926,5.0
gbt_av,pass,-1.4448,0.0
gbt_av,pass,-2.2098,2.0
gbt_av,pass,0.8945,3.0
gbt_av,pass,-0.0389,0.0
gbt_av,pass,-1.1509,0.0
gbt_av,pass,0.7663,7.0
gbt_av,pass,-1.5686,0.0
gbt_av,pass,0.4963,0.0
gbt_av,pass,-1.0269,0.0
gbt_av,pass,-1.2408,2.0
gbt_av,pass,-3.0401,5.0
gbt_av,pass,4.3382,8.0
gbt_av,pass,-0.4959,0.0
gbt_av,pass,-2.3157,5.0
gbt_av,pass,-1.4176,7.0
gbt_av,pass,-0.0934,0.0
gbt_av,pass,-2.7716,4.0
gbt_av,pass,3.231,1.0
gbt_av,pass,0.9431,6.0
gbt_av,pass,-1.235,4.0
gbt_av,pass,-1.6748,2.0
gbt_av,pass,-0.7169,5.0
gbt_av,pass,0.2864,0.0
gbt_av,pass,-1.9923,3.0
gbt_av,pass,0.2682,1.0
gbt_av,pass,0.605,0.0
gbt_av,pass,-0.6113,4.0
gbt_av,pass,-0.0654,0.0
gbt_av,pass,-0.4023,7.0
gbt_av,pass,3.3067,6.0
gbt_av,pass,1.4977,0.0
gbt_av,pass,-0.0291,4.0
gbt_av,pass,-0.6892,0.0
gbt_av,pass,-0.6839,0.0
gbt_av,pass,0.7499,6.0
gbt_av,pass,-3.9672,2.0
gbt_av,pass,-0.295,0.0
gbt_av,pass,-2.3742,8.0
gbt_av,pass,1.1867,8.0
gbt_av,pass,1.3803,5.0
gbt_av,pass,-1.0989,1.0
gbt_av,pass,0.2336,0.0
gbt_av,pass,3.3694,6.0
gbt_av,pass,0.5358,4.0
gbt_av,pass,-4.006,2.0
gbt_av,pass,1.9131,6.0
gbt_av,pass,-0.8369,1.0
gbt_av,pass,-1.2111,8.0
gbt_av,pass,1.3172,4.0
gbt_av,pass,2.6923,3.0
gbt_av,pass,3.1905,7.0
gbt_av,pass,1.6636,6.0
gbt_av,pass,0.6737,7.0
gbt_av,pass,-0.0148,0.0
gbt_av,pass,-0.5088,0.0
gbt_av,pass,-0.7965,1.0
gbt_av,pass,-2.7847,1.0
gbt_av,pass,-1.3706,0.0
gbt_av,pass,-3.8303,5.0
gbt_av,pass,-4.3749,3.0
gbt_av,pass,-2.7086,1.0
gbt_av,pass,-0.613,0.0
gbt_av,pass,0.911,0.0
gbt_av,pass,-1.3164,5.0
gbt_av,pass,-5.5725,3.0
gbt_av,pass,-0.0072,0.0
gbt_av,pass,3.4092,8.0
gbt_av,pass,0.6777,0.0
gbt_av,pass,3.2644,6.0
gbt_av,pass,-3.3497,2.0
gbt_av,pass,-0.0879,0.0
gbt_av,pass,0.5521,0.0
gbt_av,pass,1.8539,7.0
gbt_av,pass,-2.0963,4.0
gbt_av,pass,-0.1536,7.0
gbt_av,pass,-0.9273,0.0
gbt_av,pass,-0.313,7.0
gbt_av,pass,-1.141,4.0
gbt_av,pass,-0.4248,2.0
gbt_av,pass,-0.059,3.0
gbt_av,pass,-4.0321,3.0
gbt_av,pass,-0.0404,1.0
gbt_av,pass,-3.6344,4.0
gbt_av,pass,-0.2015,2.0
gbt_av,pass,-2.9156,2.0
gbt_av,pass,-3.3055,4.0
gbt_av,pass,-4.2982,3.0
gbt_av,pass,-0.1053,5.0
gbt_av,pass,-1.9167,3.0
gbt_av,pass,-1.932,4.0
gbt_av,pass,-0.1846,0.0
gbt_av,pass,-0.5906,0.0
gbt_av,pass,0.4542,3.0
gbt_av,pass,1.2571,9.0
gbt_av,pass,-2.394,4.0
gbt_av,pass,1.1215,2.0
gbt_av,pass,-0.6702,6.0
gbt_av,pass,-3.0422,3.0
gbt_av,pass,-0.0877,0.0
gbt_av,pass,6.1796,5.0
gbt_av,pass,-0.0323,6.0
gbt_av,pass,1.2533,6.0
gbt_av,pass,0.3506,8.0
gbt_av,pass,-2.7034,1.0
gbt_av,pass,0.7242,5.0
gbt_av,pass,-0.4287,3.0
gbt_av,pass,-0.6474,0.0
gbt_av,pass,0.5785,7.0
gbt_av,pass,-0.8997,5.0
gbt_av,pass,0.4791,6.0
gbt_av,pass,0.0442,0.0
gbt_av,pass,-0.6301,0.0
gbt_av,pass,0.584,0.0
gbt_av,pass,-0.099,5.0
gbt_av,pass,1.6032,7.0
gbt_av,pass,-0.3539,6.0
gbt_av,pass,2.8483,8.0
gbt_av,pass,-2.0014,6.0
gbt_av,pass,0.1164,7.0
gbt_av,pass,-1.7164,6.0
gbt_av,pass,0.5845,0.0
gbt_av,pass,-0.1821,0.0
gbt_av,pass,0.4365,0.0
gbt_av,pass,-1.4611,3.0
gbt_av,pass,-0.9169,0.0
gbt_av,pass,1.6358,6.0
gbt_av,pass,2.9272,6.0
gbt_av,pass,-0.8733,0.0
gbt_av,pass,0.8007,0.0
gbt_av,pass,0.1923,3.0
gbt_av,pass,-3.227,6.0
gbt_av,pass,-1.3693,3.0
gbt_av,pass,-2.2648,3.0
gbt_av,pass,-0.7462,0.0
gbt_av,pass,-1.011,7.0
gbt_av,pass,0.4392,3.0
gbt_av,pass,-3.1076,4.0
gbt_av,pass,0.2429,6.0
gbt_av,pass,-0.1765,0.0
gbt_av,pass,-3.661,5.0
gbt_av,pass,1.3608,4.0
gbt_av,pass,-0.0857,4.0
gbt_av,pass,0.0192,0.0
gbt_av,pass,1.2351,3.0
gbt_av,pass,-0.4282,0.0
gbt_av,pass,0.5213,9.0
gbt_av,pass,-1.8819,5.0
gbt_av,pass,-4.0677,4.0
gbt_av,pass,-0.3979,7.0
gbt_av,pass,-0.0603,5.0
gbt_av,pass,0.3026,0.0
gbt_av,pass,-0.1772,5.0
gbt_av,pass,0.1353,0.0
gbt_av,pass,-0.0065,0.0
gbt_av,pass,-0.6353,0.0
gbt_av,pass,-0.5246,2.0
gbt_av,pass,-1.0276,7.0
gbt_av,pass,0.2557,4.0
gbt_av,pass,-0.0366,3.0
gbt_av,pass,-2.8368,3.0
gbt_av,pass,0.7552,4.0
gbt_av,pass,-4.8094,4.0
gbt_av,pass,-0.5046,0.0
gbt_av,pass,0.6516,7.0
gbt_av,pass,-0.2335,0.0
gbt_av,pass,0.3034,4.0
gbt_av,pass,-1.5401,0.0
gbt_av,pass,-0.644,2.0
gbt_av,pass,-0.3337,6.0
gbt_av,pass,-1.5885,5.0
gbt_av,pass,-1.0609,3.0
gbt_av,pass,-1.506,5.0
gbt_av,pass,0.2534,0.0
gbt_av,pass,-1.2708,2.0
gbt_av,pass,-0.1868,7.0
gbt_av,pass,-0.8026,0.0
gbt_av,pass,-2.641,1.0
gbt_av,pass,-0.8761,2.0
gbt_av,pass,-0.6923,3.0
gbt_av,pass,-0.9388,5.0
gbt_av,pass,-0.5118,4.0
gbt_av,pass,-0.5385,0.0
gbt_av,pass,-0.0444,4.0
gbt_av,pass,-0.0137,5.0
gbt_av,pass,0.3918,4.0
gbt_av,pass,-0.3055,0.0
gbt_av,pass,-0.2336,9.0
gbt_av,pass,-4.4965,3.0
gbt_av,pass,-2.1776,2.0
gbt_av,pass,-0.008,6.0
gbt_av,pass,-3.2181,1.0
gbt_av,pass,-2.6601,5.0
gbt_av,pass,-2.6565,2.0
gbt_av,pass,0.9133,2.0
gbt_av,pass,-4.2531,4.0
gbt_av,pass,-1.5788,5.0
gbt_av,pass,-0.7367,0.0
gbt_av,pass,-1.9502,4.0
gbt_av,pass,-0.0357,0.0
gbt_av,pass,-1.2961,0.0
gbt_av,pass,2.8653,6.0
gbt_av,pass,-1.9343,4.0
gbt_av,pass,-0.8815,4.0
gbt_av,pass,-0.1794,0.0
gbt_av,pass,-1.4547,5.0
gbt_av,pass,0.1321,0.0
gbt_av,pass,-1.0718,0.0
gbt_av,pass,-0.1573,0.0
gbt_av,pass,-4.0479,5.0
gbt_av,pass,-0.4081,4.0
gbt_av,pass,0.2956,7.0
gbt_av,pass,0.161,6.0
gbt_av,pass,-2.2426,5.0
gbt_av,pass,2.0316,7.0
gbt_av,pass,-0.9155,4.0
gbt_av,pass,0.3155,5.0
gbt_av,pass,1.7987,5.0
gbt_av,pass,0.1359,0.0
gbt_av,pass,0.1659,4.0
gbt_av,pass,0.7758,0.0
gbt_av,pass,0.0027,4.0
gbt_av,pass,4.0098,7.0
gbt_av,pass,1.5637,5.0
gbt_av,pass,1.854,5.0
gbt_av,pass,-0.2917,5.0
gbt_av,pass,-1.9942,3.0
gbt_av,pass,0.604,0.0
gbt_av,pass,-0.1509,0.0
gbt_av,pass,0.2032,0.0
gbt_av,pass,-0.2554,5.0
gbt_av,pass,-4.237,2.0
gbt_av,pass,-1.4711,0.0
gbt_av,pass,2.9518,5.0
gbt_av,pass,-2.3773,0.0
gbt_av,pass,-0.3892,0.0
gbt_av,pass,1.1498,7.0
gbt_av,pass,-0.0554,0.0
gbt_av,pass,0.153,4.0
gbt_av,pass,-1.8428,0.0
gbt_av,pass,-0.6907,5.0
gbt_av,pass,-0.5219,3.0
gbt_av,pass,-2.3478,1.0
gbt_av,pass,2.5422,6.0
gbt_av,pass,-0.1024,4.0
gbt_av,pass,0.3188,4.0
gbt_av,pass,-0.121,7.0
gbt_av,pass,0.543,0.0
gbt_av,pass,2.1109,7.0
gbt_av,pass,-0.104,0.0
gbt_av,pass,-0.5328,5.0
gbt_av,pass,-1.7111,4.0
gbt_av,pass,-0.1273,0.0
gbt_av,pass,0.2357,0.0
gbt_av,pass,-0.0387,3.0
gbt_av,pass,0.8551,3.0
gbt_av,pass,-5.1965,4.0
gbt_av,pass,-0.5238,7.0
gbt_av,pass,0.3722,6.0
gbt_av,pass,-2.3715,2.0
gbt_av,pass,0.7266,0.0
gbt_av,pass,-4.2276,0.0
gbt_av,pass,-0.5718,4.0
gbt_av,pass,-0.3549,0.0
gbt_av,pass,-3.1439,0.0
gbt_av,pass,-0.1646,9.0
gbt_av,pass,-0.0489,8.0
gbt_av,pass,0.115,0.0
gbt_av,pass,-2.7008,0.0
gbt_av,pass,0.0838,3.0
gbt_av,pass,-0.8127,3.0
gbt_av,pass,7.7209,8.0
gbt_av,pass,-2.8643,4.0
gbt_av,pass,-0.0127,6.0
gbt_av,pass,0.3506,0.0
gbt_av,pass,-3.981,0.0
gbt_av,pass,-1.3579,4.0
gbt_av,pass,-0.234,4.0
gbt_av,pass,0.4054,0.0
gbt_av,pass,-0.3143,0.0
gbt_av,pass,-1.51,0.0
gbt_av,pass,-2.9548,2.0
gbt_av,pass,0.3213,4.0
gbt_av,pass,0.3338,0.0
gbt_av,pass,3.4566,8.0
gbt_av,pass,-0.602,3.0
gbt_av,pass,-1.192,4.0
gbt_av,pass,-0.8065,4.0
gbt_av,pass,0.3669,4.0
gbt_av,pass,-0.2468,0.0
gbt_av,pass,-2.0862,6.0
gbt_av,pass,1.3873,7.0
gbt_av,pass,-0.1531,6.0
gbt_av,pass,0.8778,6.0
gbt_av,pass,-0.5155,0.0
gbt_av,pass,-0.85,2.0
gbt_av,pass,-0.4801,2.0
gbt_av,pass,0.4133,0.0
gbt_av,pass,0.9418,0.0
gbt_av,pass,3.4424,6.0
gbt_av,pass,-0.3838,5.0
gbt_av,pass,-2.6852,2.0
gbt_av,pass,0.2572,6.0
gbt_av,pass,0.2004,0.0
gbt_av,pass,-0.0655,3.0
gbt_av,pass,-2.0979,3.0
gbt_av,pass,0.2533,2.0
gbt_av,pass,-1.2649,2.0
gbt_av,pass,-0.4958,4.0
gbt_av,pass,-2.6367,1.0
gbt_av,pass,-0.6936,0.0
gbt_av,pass,-1.5322,8.0
gbt_av,pass,-4.3339,5.0
gbt_av,pass,-0.24,4.0
gbt_av,pass,0.2782,9.0
gbt_av,pass,-0.5217,5.0
gbt_av,pass,0.3193,5.0
gbt_av,pass,-0.4631,3.0
gbt_av,pass,-0.0058,4.0
gbt_av,pass,0.2707,3.0
gbt_av,pass,3.3623,6.0
gbt_av,pass,0.3423,4.0
gbt_av,pass,0.4285,0.0
gbt_av,pass,-2.1783,3.0
gbt_av,pass,-0.1852,0.0
gbt_av,pass,-0.3185,7.0
gbt_av,pass,0.6454,0.0
gbt_av,pass,0.5735,3.0
gbt_av,pass,-3.2773,3.0
gbt_av,pass,0.5093,6.0
gbt_av,pass,0.3224,8.0
gbt_av,pass,1.0126,6.0
gbt_av,pass,-0.0825,6.0
gbt_av,pass,-0.0834,2.0
gbt_av,pass,0.0413,6.0
gbt_av,pass,-0.3863,0.0
gbt_av,pass,2.8409,8.0
gbt_av,pass,-0.8745,7.0
gbt_av,pass,-1.0535,3.0
gbt_av,pass,-0.0734,3.0
gbt_av,pass,-0.1169,3.0
gbt_av,pass,5.5063,7.0
gbt_av,pass,0.7671,7.0
gbt_av,pass,0.2765,4.0
gbt_av,pass,-1.4987,0.0
gbt_av,pass,0.4942,4.0
gbt_av,pass,-1.7413,4.0
gbt_av,pass,0.8895,8.0
gbt_av,pass,0.7611,7.0
gbt_av,pass,-0.6374,4.0
gbt_av,pass,0.4704,0.0
gbt_av,pass,0.5082,0.0
gbt_av,pass,0.2657,0.0
gbt_av,pass,-0.5093,3.0
gbt_av,pass,0.3401,0.0
gbt_av,pass,-1.9596,2.0
gbt_av,pass,-1.0647,4.0
gbt_av,pass,-3.0429,7.0
gbt_av,pass,0.9756,0.0
gbt_av,pass,2.5266,10.0
gbt_av,pass,-4.757,6.0
gbt_av,pass,-1.0413,0.0
gbt_av,pass,0.142,5.0
gbt_av,pass,-0.0905,7.0
gbt_av,pass,-0.6119,1.0
gbt_av,pass,-0.5158,2.0
gbt_av,pass,1.1719,0.0
gbt_av,pass,-0.6453,0.0
gbt_av,pass,-0.7933,0.0
gbt_av,pass,-0.094,0.0
gbt_av,pass,-0.3466,0.0
gbt_av,pass,-0.2724,0.0
gbt_av,pass,0.1016,0.0
gbt_av,pass,0.921,0.0
gbt_av,pass,-0.9586,0.0
gbt_av,pass,-0.1134,0.0
gbt_av,pass,-0.2026,7.0
gbt_av,pass,-1.0942,6.0
gbt_av,pass,-1.0906,0.0
gbt_av,pass,-0.1464,1.0
gbt_av,pass,-1.5001,2.0
gbt_av,pass,3.017,6.0
gbt_av,pass,-0.9802,3.0
gbt_av,pass,1.3819,6.0
gbt_av,pass,-2.5569,7.0
gbt_av,pass,-5.8722,1.0
gbt_av,pass,1.5818,7.0
gbt_av,pass,0.504,4.0
gbt_av,pass,-0.5934,0.0
gbt_av,pass,-0.0036,4.0
gbt_av,pass,-1.4756,2.0
gbt_av,pass,-0.843,0.0
gbt_av,pass,1.0571,8.0
gbt_av,pass,-1.1124,0.0
gbt_av,pass,-0.0648,8.0
gbt_av,pass,-0.6379,4.0
gbt_av,pass,-0.267,1.0
gbt_av,pass,0.2239,3.0
gbt_av,pass,-0.6532,3.0
gbt_av,pass,-0.2124,3.0
gbt_av,pass,2.1668,8.0
gbt_av,pass,-0.1987,0.0
gbt_av,pass,-2.6227,1.0
gbt_av,pass,-2.7492,2.0
gbt_av,pass,0.7728,9.0
gbt_av,pass,-1.2538,3.0
gbt_av,pass,-13.0022,5.0
gbt_av,pass,1.7807,7.0
gbt_av,pass,-1.9,0.0
gbt_av,pass,0.3075,0.0
gbt_av,pass,-2.2564,3.0
gbt_av,pass,-0.6094,3.0
gbt_av,pass,-0.9181,3.0
gbt_av,pass,-2.8191,4.0
gbt_av,pass,-3.0594,3.0
gbt_av,pass,0.2168,2.0
gbt_av,pass,2.9394,8.0
gbt_av,pass,-0.4616,7.0
gbt_av,pass,0.3436,6.0
gbt_av,pass,-1.0581,2.0
gbt_av,pass,-1.2902,0.0
gbt_av,pass,0.16,3.0
gbt_av,pass,1.0224,0.0
gbt_av,pass,-0.9567,2.0
gbt_av,pass,0.1721,6.0
gbt_av,pass,-0.6684,7.0
gbt_av,pass,-0.3599,3.0
gbt_av,pass,-1.3383,0.0
gbt_av,pass,-1.6951,4.0
gbt_av,pass,1.8542,7.0
gbt_av,pass,-1.2202,4.0
gbt_av,pass,-1.1386,2.0
gbt_av,pass,1.123,0.0
gbt_av,pass,-1.1084,0.0
gbt_av,pass,-0.1696,0.0
gbt_av,pass,1.8713,7.0
gbt_av,pass,-4.1312,1.0
gbt_av,pass,-1.0026,4.0
gbt_av,pass,-0.111,0.0
gbt_av,pass,-0.7737,3.0
gbt_av,pass,-2.731,1.0
gbt_av,pass,-2.4794,3.0
gbt_av,pass,-1.4977,5.0
gbt_av,pass,-0.424,3.0
gbt_av,pass,0.5347,6.0
gbt_av,pass,-2.576,4.0
gbt_av,pass,-0.4869,7.0
gbt_av,pass,-0.9154,4.0
gbt_av,pass,-1.6836,4.0
gbt_av,pass,-0.2673,0.0
gbt_av,pass,-0.425,6.0
gbt_av,pass,0.8558,0.0
gbt_av,pass,-0.1892,3.0
gbt_av,pass,-0.9519,0.0
gbt_av,pass,-2.1045,3.0
gbt_av,pass,-1.2177,0.0
gbt_av,pass,2.4643,8.0
gbt_av,pass,-0.9251,3.0
gbt_av,pass,-0.6185,0.0
gbt_av,pass,0.6585,4.0
gbt_av,pass,-4.6213,2.0
gbt_av,pass,0.0911,0.0
gbt_av,pass,0.8301,3.0
gbt_av,pass,-1.0096,6.0
gbt_av,pass,-1.0015,6.0
gbt_av,pass,0.1078,0.0
gbt_av,pass,-0.1085,0.0
gbt_av,pass,-0.974,0.0
gbt_av,pass,-0.5441,0.0
gbt_av,pass,-0.6214,0.0
gbt_av,pass,-6.8059,6.0
gbt_av,pass,0.2173,2.0
gbt_av,pass,-0.7834,4.0
gbt_av,pass,0.3695,2.0
gbt_av,pass,-3.9447,0.0
gbt_av,pass,-0.2579,8.0
gbt_av,pass,-0.2825,6.0
gbt_av,pass,-0.5125,3.0
gbt_av,pass,-2.4013,3.0
gbt_av,pass,-0.3594,0.0
gbt_av,pass,-0.5623,0.0
gbt_av,pass,-0.2855,4.0
gbt_av,pass,1.7122,6.0
gbt_av,pass,-0.9893,3.0
gbt_av,pass,-1.2453,5.0
gbt_av,pass,0.6665,0.0
gbt_av,pass,2.9446,9.0
gbt_av,pass,0.9358,2.0
gbt_av,pass,0.4485,8.0
gbt_av,pass,0.148,0.0
gbt_av,pass,-2.1633,1.0
gbt_av,pass,3.9969,7.0
gbt_av,pass,-1.8891,4.0
gbt_av,pass,-2.9303,0.0
gbt_av,pass,1.3661,7.0
gbt_av,pass,-3.2087,5.0
gbt_av,pass,2.7809,5.0
gbt_av,pass,-0.1194,0.0
gbt_av,pass,-0.1383,4.0
gbt_av,pass,-0.8582,0.0
gbt_av,pass,-2.5146,2.0
gbt_av,pass,-2.473,3.0
gbt_av,pass,-0.9671,4.0
gbt_av,pass,-2.7101,0.0
gbt_av,pass,-4.159,1.0
gbt_av,pass,2.2643,5.0
gbt_av,pass,-0.8828,2.0
gbt_av,pass,0.2868,0.0
gbt_av,pass,0.4072,0.0
gbt_av,pass,-4.5414,6.0
gbt_av,pass,-1.0439,8.0
gbt_av,pass,-1.5051,8.0
gbt_av,pass,-0.5683,0.0
gbt_av,pass,-2.7892,3.0
gbt_av,pass,-3.2369,5.0
gbt_av,pass,-0.0074,2.0
gbt_av,pass,0.5358,8.0
gbt_av,pass,0.7096,4.0
gbt_av,pass,1.5514,2.0
gbt_av,pass,0.0881,0.0
gbt_av,pass,3.5945,7.0
gbt_av,pass,-2.1843,5.0
gbt_av,pass,-0.4175,3.0
gbt_av,pass,-0.1181,4.0
gbt_av,pass,-0.4926,3.0
gbt_av,pass,-0.4629,0.0
gbt_av,pass,0.1724,0.0
gbt_av,pass,-1.5591,0.0
gbt_av,pass,-0.388,4.0
gbt_av,pass,-0.5508,0.0
gbt_av,pass,-0.3038,0.0
gbt_av,pass,-0.4076,7.0
gbt_av,pass,0.0414,0.0
gbt_av,pass,-1.3247,10.0
gbt_av,pass,0.0586,2.0
gbt_av,pass,-0.3517,0.0
gbt_av,pass,0.1477,0.0
gbt_av,pass,-1.3069,3.0
gbt_av,pass,0.0308,0.0
gbt_av,pass,0.0529,0.0
gbt_av,pass,-0.056,6.0
gbt_av,pass,-2.9261,2.0
gbt_av,pass,-0.2051,3.0
gbt_av,pass,-1.1592,0.0
gbt_av,pass,-0.8379,0.0
gbt_av,pass,-1.3642,1.0
gbt_av,pass,-0.0278,4.0
gbt_av,pass,0.9337,0.0
gbt_av,pass,-1.0732,5.0
gbt_av,pass,-0.1238,0.0
gbt_av,pass,-0.8929,8.0
gbt_av,pass,3.0579,7.0
gbt_av,pass,0.0457,6.0
gbt_av,pass,-0.4018,8.0
gbt_av,pass,-0.2499,0.0
gbt_av,pass,0.7839,0.0
gbt_av,pass,-0.6842,6.0
gbt_av,pass,-0.6977,4.0
gbt_av,pass,-0.0622,4.0
gbt_av,pass,3.6165,4.0
gbt_av,pass,-4.1605,0.0
gbt_av,pass,-1.1117,5.0
gbt_av,pass,-1.4428,5.0
gbt_av,pass,-1.2458,0.0
gbt_av,pass,0.0378,5.0
gbt_av,pass,-0.1462,5.0
gbt_av,pass,0.1625,0.0
gbt_av,pass,0.3523,0.0
gbt_av,pass,0.8098,2.0
gbt_av,pass,-0.0385,5.0
gbt_av,pass,-0.0394,6.0
gbt_av,pass,-0.0912,2.0
gbt_av,pass,-0.7646,0.0
gbt_av,pass,-0.9545,3.0
gbt_av,pass,0.1341,2.0
gbt_av,pass,-1.3413,5.0
gbt_av,pass,0.1318,0.0
gbt_av,pass,-1.3468,4.0
gbt_av,pass,0.7141,4.0
gbt_av,pass,-1.382,3.0
gbt_av,pass,1.4718,6.0
gbt_av,pass,-1.5247,3.0
gbt_av,pass,-2.1976,9.0
gbt_av,pass,-5.6506,0.0
gbt_av,pass,-4.3569,4.0
gbt_av,pass,2.6029,7.0
gbt_av,pass,-1.2469,3.0
gbt_av,pass,0.1428,0.0
gbt_av,pass,-1.0226,0.0
gbt_av,pass,-1.5235,4.0
gbt_av,pass,0.6557,0.0
gbt_av,pass,-0.6353,0.0
gbt_av,pass,-0.1111,0.0
gbt_av,pass,-0.0431,1.0
gbt_av,pass,0.6779,0.0
gbt_av,pass,0.5718,5.0
gbt_av,pass,-0.481,8.0
gbt_av,pass,1.5528,1.0
gbt_av,pass,0.0678,6.0
gbt_av,pass,0.1388,6.0
gbt_av,pass,0.2346,3.0
gbt_av,pass,-1.8642,5.0
gbt_av,pass,-2.2178,7.0
gbt_av,pass,2.967,9.0
gbt_av,pass,-0.425,3.0
gbt_av,pass,0.4707,1.0
gbt_av,pass,2.6478,7.0
gbt_av,pass,-0.9199,1.0
gbt_av,pass,-4.3623,1.0
gbt_av,pass,-0.4387,3.0
gbt_av,pass,-0.1544,0.0
gbt_av,pass,-0.8065,0.0
gbt_av,pass,-0.5523,4.0
gbt_av,pass,2.8009,8.0
gbt_av,pass,-1.904,1.0
gbt_av,pass,0.5086,5.0
gbt_av,pass,0.2698,0.0
gbt_av,pass,-0.4771,0.0
gbt_av,pass,-3.4812,0.0
gbt_av,pass,-0.446,6.0
gbt_av,pass,-0.3085,0.0
gbt_av,pass,1.4393,5.0
gbt_av,pass,-0.6824,5.0
gbt_av,pass,-1.2572,7.0
gbt_av,pass,-3.1717,3.0
gbt_av,pass,0.0773,0.0
gbt_av,pass,-0.4253,4.0
gbt_av,pass,1.3304,3.0
gbt_av,pass,-0.1878,3.0
gbt_av,pass,-2.9882,4.0
gbt_av,pass,-0.961,0.0
gbt_av,pass,-0.5979,0.0
gbt_av,pass,1.9094,7.0
gbt_av,pass,1.0265,0.0
gbt_av,pass,-2.3371,4.0
gbt_av,pass,-1.3197,5.0
gbt_av,pass,-0.9751,0.0
gbt_av,pass,-2.5441,2.0
gbt_av,pass,1.1533,6.0
gbt_av,pass,-0.143,0.0
gbt_av,pass,-0.4351,0.0
gbt_av,pass,0.0765,0.0
gbt_av,pass,0.2434,0.0
gbt_av,pass,1.4809,4.0
gbt_av,pass,-1.7266,0.0
gbt_av,pass,-0.8234,4.0
gbt_av,pass,-3.3178,2.0
gbt_av,pass,-1.4679,0.0
gbt_av,pass,3.022,6.0
gbt_av,pass,-0.5076,2.0
gbt_av,pass,-0.8301,3.0
gbt_av,pass,-0.0978,8.0
gbt_av,pass,-0.289,2.0
gbt_av,pass,0.3571,6.0
gbt_av,pass,2.0674,9.0
gbt_av,pass,0.428,0.0
gbt_av,pass,0.1838,6.0
gbt_av,pass,0.6924,5.0
gbt_av,pass,0.6041,6.0
gbt_av,pass,-2.1902,4.0
gbt_av,pass,-1.1907,4.0
gbt_av,pass,0.1167,0.0
gbt_av,pass,3.3611,7.0
gbt_av,pass,-1.1747,2.0
gbt_av,pass,-3.5864,5.0
gbt_av,pass,0.0407,6.0
gbt_av,pass,-0.8624,0.0
gbt_av,pass,-1.3232,2.0
gbt_av,pass,-2.2806,1.0
gbt_av,pass,0.9892,7.0
gbt_av,pass,0.025,5.0
gbt_av,pass,-0.1043,0.0
gbt_av,pass,-0.0467,0.0
gbt_av,pass,0.005,0.0
gbt_av,pass,-1.4297,0.0
gbt_av,pass,-1.3687,7.0
gbt_av,pass,-0.6819,2.0
gbt_av,pass,-4.3829,2.0
gbt_av,pass,-3.6412,5.0
gbt_av,pass,-3.0712,2.0
gbt_av,pass,-1.8868,3.0
gbt_av,pass,2.619,7.0
gbt_av,pass,0.6526,2.0
gbt_av,pass,3.3286,7.0
gbt_av,pass,-0.217,0.0
gbt_av,pass,0.1014,0.0
gbt_av,pass,-2.2591,4.0
gbt_av,pass,-0.9126,5.0
gbt_av,pass,1.8897,0.0
gbt_av,pass,0.6889,7.0
gbt_av,pass,0.7271,0.0
gbt_av,pass,-0.7346,4.0
gbt_av,pass,0.1604,4.0
gbt_av,pass,-0.5162,6.0
gbt_av,pass,-4.0543,1.0
gbt_av,pass,0.5295,4.0
gbt_av,pass,-0.3344,5.0
gbt_av,pass,-0.3132,3.0
gbt_av,pass,-0.4626,4.0
gbt_av,pass,-1.184,5.0
gbt_av,pass,1.7436,5.0
gbt_av,pass,-1.5116,6.0
gbt_av,pass,4.9595,5.0
gbt_av,pass,-0.8957,7.0
gbt_av,pass,0.5686,0.0
gbt_av,pass,-0.4006,6.0
gbt_av,pass,-1.789,3.0
gbt_av,pass,-0.9785,0.0
gbt_av,pass,-0.177,9.0
gbt_av,pass,-0.943,7.0
gbt_av,pass,0.2824,0.0
gbt_av,pass,-0.4896,4.0
gbt_av,pass,-3.438,3.0
gbt_av,pass,-0.3906,0.0
gbt_av,pass,0.3994,0.0
gbt_av,pass,-2.0519,4.0
gbt_av,pass,-0.4228,2.0
gbt_av,pass,0.3377,0.0
gbt_av,pass,-2.43,3.0
gbt_av,pass,-1.4079,2.0
gbt_av,pass,-0.6592,0.0
gbt_av,pass,-0.1837,6.0
gbt_av,pass,-0.4642,0.0
gbt_av,pass,-1.5203,5.0
gbt_av,pass,-1.4617,5.0
gbt_av,pass,-2.6208,2.0
gbt_av,pass,-0.3054,5.0
gbt_av,pass,-0.0342,0.0
gbt_av,pass,-0.2996,5.0
gbt_av,pass,-0.4224,0.0
gbt_av,pass,-1.9447,5.0
gbt_av,pass,-0.0312,2.0
gbt_av,pass,-1.1818,5.0
gbt_av,pass,-0.3411,0.0
gbt_av,pass,3.2385,6.0
gbt_av,pass,-0.4325,6.0
gbt_av,pass,0.5295,6.0
gbt_av,pass,-0.1613,0.0
gbt_av,pass,-5.2651,9.0
gbt_av,pass,2.7511,6.0
gbt_av,pass,6.4759,2.0
gbt_av,pass,-0.3554,0.0
gbt_av,pass,3.7557,8.0
gbt_av,pass,-0.0618,9.0
gbt_av,pass,-1.3868,4.0
gbt_av,pass,-1.6253,6.0
gbt_av,pass,0.3129,3.0
gbt_av,pass,-0.0561,8.0
gbt_av,pass,-2.2393,3.0
gbt_av,pass,-0.3228,0.0
gbt_av,pass,-0.2246,0.0
gbt_av,pass,0.8072,0.0
gbt_av,pass,-0.6843,3.0
gbt_av,pass,1.1305,6.0
gbt_av,pass,0.0929,4.0
gbt_av,pass,3.4307,8.0
gbt_av,pass,3.5417,7.0
gbt_av,pass,2.2642,6.0
gbt_av,pass,-0.4697,2.0
gbt_av,pass,-0.9227,0.0
gbt_av,pass,0.2557,6.0
gbt_av,pass,-1.6242,3.0
gbt_av,pass,0.7448,0.0
gbt_av,pass,0.2785,0.0
gbt_av,pass,-0.1818,8.0
gbt_av,pass,1.4222,6.0
gbt_av,pass,-1.0892,6.0
gbt_av,pass,0.601,4.0
gbt_av,pass,-0.7331,0.0
gbt_av,pass,0.7213,4.0
gbt_av,pass,-0.3398,8.0
gbt_av,pass,2.5751,6.0
gbt_av,pass,-0.0556,7.0
gbt_av,pass,-0.8398,0.0
gbt_av,pass,-0.6779,4.0
gbt_av,pass,-0.243,0.0
gbt_av,pass,-0.044,3.0
gbt_av,pass,0.4359,0.0
gbt_av,pass,-1.5731,3.0
gbt_av,pass,1.9877,7.0
gbt_av,pass,-3.165,0.0
gbt_av,pass,-0.1131,0.0
gbt_av,pass,-0.8782,4.0
gbt_av,pass,-1.5683,4.0
gbt_av,pass,1.2471,4.0
gbt_av,pass,3.594,7.0
gbt_av,pass,-1.6056,2.0
gbt_av,pass,-0.3409,1.0
gbt_av,pass,-4.0959,1.0
gbt_av,pass,-1.6763,5.0
gbt_av,pass,2.0706,2.0
gbt_av,pass,2.2,0.0
gbt_av,pass,-0.451,0.0
gbt_av,pass,-0.7506,6.0
gbt_av,pass,-0.9996,2.0
gbt_av,pass,0.2,8.0
gbt_av,pass,-2.1554,4.0
gbt_av,pass,1.7789,4.0
gbt_av,pass,1.1819,4.0
gbt_av,pass,-0.7222,2.0
gbt_av,pass,1.6411,0.0
selected_ols_av,pass,-1.2699,7.0
selected_ols_av,pass,-1.5786,0.0
selected_ols_av,pass,-0.8126,5.0
selected_ols_av,pass,-2.2855,1.0
selected_ols_av,pass,-0.3554,4.0
selected_ols_av,pass,-1.8282,4.0
selected_ols_av,pass,-2.0688,3.0
selected_ols_av,pass,0.0098,0.0
selected_ols_av,pass,0.0098,0.0
selected_ols_av,pass,0.9243,0.0
selected_ols_av,pass,-0.4475,0.0
selected_ols_av,pass,-1.1214,0.0
selected_ols_av,pass,2.1805,8.0
selected_ols_av,pass,-2.2855,2.0
selected_ols_av,pass,0.0098,0.0
selected_ols_av,pass,1.266,7.0
selected_ols_av,pass,0.8087,6.0
selected_ols_av,pass,-0.3554,0.0
selected_ols_av,pass,-1.2699,5.0
selected_ols_av,pass,-2.7427,1.0
selected_ols_av,pass,0.1019,0.0
selected_ols_av,pass,-1.1543,6.0
selected_ols_av,pass,-0.3554,4.0
selected_ols_av,pass,0.0098,0.0
selected_ols_av,pass,-0.6641,2.0
selected_ols_av,pass,-0.4475,0.0
selected_ols_av,pass,-1.5786,2.0
selected_ols_av,pass,-2.7427,2.0
selected_ols_av,pass,-1.6116,3.0
selected_ols_av,pass,0.0098,0.0
selected_ols_av,pass,-2.2855,1.0
selected_ols_av,pass,1.266,3.0
selected_ols_av,pass,-0.8126,4.0
selected_ols_av,pass,-0.4475,5.0
selected_ols_av,pass,-0.9047,0.0
selected_ols_av,pass,-0.8126,0.0
selected_ols_av,pass,-1.8282,5.0
selected_ols_av,pass,0.8087,9.0
selected_ols_av,pass,0.8087,7.0
selected_ols_av,pass,-0.2069,0.0
selected_ols_av,pass,-0.8126,9.0
selected_ols_av,pass,0.1019,0.0
selected_ols_av,pass,-0.2069,5.0
selected_ols_av,pass,-0.3554,6.0
selected_ols_av,pass,-0.3554,2.0
selected_ols_av,pass,0.7076,0.0
selected_ols_av,pass,-0.6641,4.0
selected_ols_av,pass,0.1019,1.0
selected_ols_av,pass,0.1019,4.0
selected_ols_av,pass,0.467,0.0
selected_ols_av,pass,0.1019,3.0
selected_ols_av,pass,-1.1543,5.0
selected_ols_av,pass,0.1019,4.0
selected_ols_av,pass,-0.6641,4.0
selected_ols_av,pass,-0.3554,2.0
selected_ols_av,pass,-0.6641,5.0
selected_ols_av,pass,0.0098,0.0
selected_ols_av,pass,0.0098,4.0
selected_ols_av,pass,0.8087,6.0
selected_ols_av,pass,-0.3554,1.0
selected_ols_av,pass,-0.6641,3.0
selected_ols_av,pass,-0.3554,3.0
selected_ols_av,pass,-0.3554,1.0
selected_ols_av,pass,-2.0688,6.0
selected_ols_av,pass,0.0098,3.0
selected_ols_av,pass,0.8087,9.0
selected_ols_av,pass,-1.6116,2.0
selected_ols_av,pass,-0.3554,4.0
selected_ols_av,pass,-1.1543,4.0
selected_ols_av,pass,-1.8282,4.0
selected_ols_av,pass,-0.6641,0.0
selected_ols_av,pass,0.5591,9.0
selected_ols_av,pass,-2.2855,4.0
selected_ols_av,pass,-2.7427,3.0
selected_ols_av,pass,-3.2,2.0
selected_ols_av,pass,-0.6641,0.0
selected_ols_av,pass,1.266,8.0
selected_ols_av,pass,-1.1214,2.0
selected_ols_av,pass,-0.6641,0.0
selected_ols_av,pass,-0.6641,3.0
selected_ols_av,pass,-0.3554,0.0
selected_ols_av,pass,-0.3554,2.0
selected_ols_av,pass,0.2504,4.0
selected_ols_av,pass,-0.6641,5.0
selected_ols_av,pass,-1.2699,4.0
selected_ols_av,pass,-0.2069,4.0
selected_ols_av,pass,-0.8126,4.0
selected_ols_av,pass,-0.8126,3.0
selected_ols_av,pass,-0.4475,6.0
selected_ols_av,pass,-0.6641,4.0
selected_ols_av,pass,-0.2069,0.0
selected_ols_av,pass,1.266,8.0
selected_ols_av,pass,-1.1543,4.0
selected_ols_av,pass,-1.5786,0.0
selected_ols_av,pass,-1.1214,0.0
selected_ols_av,pass,1.7232,6.0
selected_ols_av,pass,-1.1214,0.0
selected_ols_av,pass,-0.6641,0.0
selected_ols_av,pass,1.7232,8.0
selected_ols_av,pass,-1.1214,0.0
selected_ols_av,pass,-1.8282,3.0
selected_ols_av,pass,-0.8126,5.0
selected_ols_av,pass,-0.3554,3.0
selected_ols_av,pass,0.0098,3.0
selected_ols_av,pass,-0.4475,3.0
selected_ols_av,pass,-0.6641,0.0
selected_ols_av,pass,1.7232,7.0
selected_ols_av,pass,1.266,7.0
selected_ols_av,pass,-1.1214,1.0
selected_ols_av,pass,-2.2855,4.0
selected_ols_av,pass,-0.6641,0.0
selected_ols_av,pass,-0.9047,5.0
selected_ols_av,pass,-2.0688,2.0
selected_ols_av,pass,2.6377,5.0
selected_ols_av,pass,0.0098,3.0
selected_ols_av,pass,-0.9047,3.0
selected_ols_av,pass,-1.6116,4.0
selected_ols_av,pass,-0.8126,2.0
selected_ols_av,pass,0.9243,0.0
selected_ols_av,pass,-2.7427,3.0
selected_ols_av,pass,0.9243,10.0
selected_ols_av,pass,-1.1214,0.0
selected_ols_av,pass,-0.3554,3.0
selected_ols_av,pass,-0.6641,0.0
selected_ols_av,pass,-0.3554,3.0
selected_ols_av,pass,0.0098,5.0
selected_ols_av,pass,-2.5261,1.0
selected_ols_av,pass,-1.1214,0.0
selected_ols_av,pass,-0.8126,5.0
selected_ols_av,pass,-1.1214,5.0
selected_ols_av,pass,2.1805,6.0
selected_ols_av,pass,-0.2069,0.0
selected_ols_av,pass,-1.1214,0.0
selected_ols_av,pass,-1.8282,1.0
selected_ols_av,pass,-0.8126,8.0
selected_ols_av,pass,1.266,6.0
selected_ols_av,pass,-1.1214,5.0
selected_ols_av,pass,-1.1214,3.0
selected_ols_av,pass,-0.4475,2.0
selected_ols_av,pass,-0.4475,6.0
selected_ols_av,pass,0.1019,0.0
selected_ols_av,pass,0.1019,0.0
selected_ols_av,pass,-0.9047,5.0
selected_ols_av,pass,-0.4475,0.0
selected_ols_av,pass,-0.3554,8.0
selected_ols_av,pass,-0.2069,0.0
selected_ols_av,pass,0.8087,6.0
selected_ols_av,pass,0.3515,3.0
selected_ols_av,pass,0.1019,0.0
selected_ols_av,pass,1.266,8.0
selected_ols_av,pass,-1.6116,2.0
selected_ols_av,pass,0.467,3.0
selected_ols_av,pass,-1.1214,0.0
selected_ols_av,pass,-1.6116,2.0
selected_ols_av,pass,-0.4475,0.0
selected_ols_av,pass,-0.6641,3.0
selected_ols_av,pass,0.8087,1.0
selected_ols_av,pass,-1.2699,6.0
selected_ols_av,pass,-0.8126,5.0
selected_ols_av,pass,-1.1543,1.0
selected_ols_av,pass,-2.2855,3.0
selected_ols_av,pass,0.1019,0.0
selected_ols_av,pass,-2.7427,2.0
selected_ols_av,pass,-1.1543,4.0
selected_ols_av,pass,0.1019,4.0
selected_ols_av,pass,-1.1214,0.0
selected_ols_av,pass,0.1019,0.0
selected_ols_av,pass,-0.3554,2.0
selected_ols_av,pass,-0.8126,3.0
selected_ols_av,pass,0.3515,7.0
selected_ols_av,pass,-1.6116,4.0
selected_ols_av,pass,-0.3554,0.0
selected_ols_av,pass,-0.6641,0.0
selected_ols_av,pass,-0.2069,0.0
selected_ols_av,pass,-0.4475,3.0
selected_ols_av,pass,-2.2855,1.0
selected_ols_av,pass,-0.8126,0.0
selected_ols_av,pass,-2.2855,3.0
selected_ols_av,pass,1.7232,4.0
selected_ols_av,pass,0.9243,3.0
selected_ols_av,pass,-1.2699,2.0
selected_ols_av,pass,-2.2855,3.0
selected_ols_av,pass,-0.8126,2.0
selected_ols_av,pass,1.266,5.0
selected_ols_av,pass,-2.5261,3.0
selected_ols_av,pass,-1.6116,6.0
selected_ols_av,pass,-1.5786,5.0
selected_ols_av,pass,0.7076,0.0
selected_ols_av,pass,-0.8126,5.0
selected_ols_av,pass,0.3515,5.0
selected_ols_av,pass,0.1019,0.0
selected_ols_av,pass,-2.0688,3.0
selected_ols_av,pass,-2.7427,2.0
selected_ols_av,pass,0.467,7.0
selected_ols_av,pass,-1.2699,7.0
selected_ols_av,pass,-1.371,4.0
selected_ols_av,pass,-0.2069,0.0
selected_ols_av,pass,0.0098,6.0
selected_ols_av,pass,-0.3554,0.0
selected_ols_av,pass,-0.3554,3.0
selected_ols_av,pass,-1.6116,4.0
selected_ols_av,pass,-2.7427,2.0
selected_ols_av,pass,-2.5261,4.0
selected_ols_av,pass,-3.2,5.0
selected_ols_av,pass,1.7232,8.0
selected_ols_av,pass,-0.8126,8.0
selected_ols_av,pass,-0.6641,2.0
selected_ols_av,pass,0.1019,3.0
selected_ols_av,pass,0.5591,3.0
selected_ols_av,pass,0.5591,3.0
selected_ols_av,pass,-0.2069,0.0
selected_ols_av,pass,-0.2069,6.0
selected_ols_av,pass,-0.6641,2.0
selected_ols_av,pass,0.1019,3.0
selected_ols_av,pass,-1.8282,2.0
selected_ols_av,pass,-2.5261,3.0
selected_ols_av,pass,1.266,9.0
selected_ols_av,pass,0.5591,3.0
selected_ols_av,pass,-2.7427,3.0
selected_ols_av,pass,-2.2855,4.0
selected_ols_av,pass,-1.6116,2.0
selected_ols_av,pass,1.266,4.0
selected_ols_av,pass,-2.7427,1.0
selected_ols_av,pass,0.0098,0.0
selected_ols_av,pass,-0.4475,3.0
selected_ols_av,pass,0.1019,0.0
selected_ols_av,pass,-2.7427,2.0
selected_ols_av,pass,-1.6116,7.0
selected_ols_av,pass,-0.4475,0.0
selected_ols_av,pass,-1.8282,4.0
selected_ols_av,pass,-0.3554,3.0
selected_ols_av,pass,0.8087,8.0
selected_ols_av,pass,0.5591,4.0
selected_ols_av,pass,-1.6116,4.0
selected_ols_av,pass,0.1019,5.0
selected_ols_av,pass,-2.2855,6.0
selected_ols_av,pass,-0.9047,5.0
selected_ols_av,pass,-1.1214,3.0
selected_ols_av,pass,0.0098,0.0
selected_ols_av,pass,-2.2855,5.0
selected_ols_av,pass,0.1019,0.0
selected_ols_av,pass,0.1019,0.0
selected_ols_av,pass,-2.2855,5.0
selected_ols_av,pass,0.3515,7.0
selected_ols_av,pass,-0.4475,5.0
selected_ols_av,pass,-0.4475,5.0
selected_ols_av,pass,-3.2,3.0
selected_ols_av,pass,-0.6641,0.0
selected_ols_av,pass,-0.6641,4.0
selected_ols_av,pass,-0.3554,1.0
selected_ols_av,pass,0.467,0.0
selected_ols_av,pass,-0.2069,0.0
selected_ols_av,pass,-2.2855,0.0
selected_ols_av,pass,0.8087,5.0
selected_ols_av,pass,-2.5261,5.0
selected_ols_av,pass,-0.3554,3.0
selected_ols_av,pass,1.266,6.0
selected_ols_av,pass,-0.8126,4.0
selected_ols_av,pass,-1.1214,0.0
selected_ols_av,pass,-2.7427,4.0
selected_ols_av,pass,0.8087,7.0
selected_ols_av,pass,0.467,0.0
selected_ols_av,pass,-0.6641,4.0
selected_ols_av,pass,-0.3554,0.0
selected_ols_av,pass,-1.6116,5.0
selected_ols_av,pass,0.9243,0.0
selected_ols_av,pass,0.0098,5.0
selected_ols_av,pass,-1.5786,1.0
selected_ols_av,pass,0.467,6.0
selected_ols_av,pass,-0.4475,6.0
selected_ols_av,pass,-1.1214,3.0
selected_ols_av,pass,0.0098,0.0
selected_ols_av,pass,-1.1214,0.0
selected_ols_av,pass,-2.0688,4.0
selected_ols_av,pass,0.1019,4.0
selected_ols_av,pass,1.3815,0.0
selected_ols_av,pass,-0.3554,4.0
selected_ols_av,pass,0.9243,7.0
selected_ols_av,pass,-1.371,7.0
selected_ols_av,pass,-1.8282,2.0
selected_ols_av,pass,-1.1214,3.0
selected_ols_av,pass,-2.7427,4.0
selected_ols_av,pass,-2.2855,4.0
selected_ols_av,pass,-0.6971,7.0
selected_ols_av,pass,0.1019,6.0
selected_ols_av,pass,0.1019,5.0
selected_ols_av,pass,-2.0688,3.0
selected_ols_av,pass,0.0098,1.0
selected_ols_av,pass,-0.6641,3.0
selected_ols_av,pass,1.0163,0.0
selected_ols_av,pass,-1.1543,3.0
selected_ols_av,pass,-2.7427,4.0
selected_ols_av,pass,1.7232,3.0
selected_ols_av,pass,0.0098,0.0
selected_ols_av,pass,-1.1214,0.0
selected_ols_av,pass,-0.3554,2.0
selected_ols_av,pass,-0.3554,7.0
selected_ols_av,pass,0.2504,0.0
selected_ols_av,pass,-1.2699,2.0
selected_ols_av,pass,1.266,6.0
selected_ols_av,pass,-0.2069,0.0
selected_ols_av,pass,-0.6641,0.0
selected_ols_av,pass,-0.3554,4.0
selected_ols_av,pass,-0.6971,6.0
selected_ols_av,pass,0.1019,3.0
selected_ols_av,pass,-1.371,3.0
selected_ols_av,pass,0.3515,5.0
selected_ols_av,pass,-1.8282,5.0
selected_ols_av,pass,-1.1543,4.0
selected_ols_av,pass,1.266,4.0
selected_ols_av,pass,0.1019,4.0
selected_ols_av,pass,-0.6641,0.0
selected_ols_av,pass,-1.1214,0.0
selected_ols_av,pass,-1.1214,1.0
selected_ols_av,pass,-1.8282,4.0
selected_ols_av,pass,-0.8126,0.0
selected_ols_av,pass,0.8087,6.0
selected_ols_av,pass,-0.4475,8.0
selected_ols_av,pass,-2.0688,1.0
selected_ols_av,pass,1.7232,10.0
selected_ols_av,pass,-0.3554,3.0
selected_ols_av,pass,0.1019,0.0
selected_ols_av,pass,0.8087,6.0
selected_ols_av,pass,-1.8282,1.0
selected_ols_av,pass,-2.7427,4.0
selected_ols_av,pass,-0.8126,0.0
selected_ols_av,pass,-1.1214,6.0
selected_ols_av,pass,-2.7427,2.0
selected_ols_av,pass,-1.1214,6.0
selected_ols_av,pass,1.266,9.0
selected_ols_av,pass,0.1019,2.0
selected_ols_av,pass,-1.6116,5.0
selected_ols_av,pass,-0.8126,5.0
selected_ols_av,pass,-2.0688,5.0
selected_ols_av,pass,0.0098,5.0
selected_ols_av,pass,1.266,6.0
selected_ols_av,pass,-1.1543,4.0
selected_ols_av,pass,0.8087,6.0
selected_ols_av,pass,-0.3554,0.0
selected_ols_av,pass,-0.8126,3.0
selected_ols_av,pass,-1.5786,0.0
selected_ols_av,pass,-0.3554,5.0
selected_ols_av,pass,1.7232,8.0
selected_ols_av,pass,0.7076,3.0
selected_ols_av,pass,-0.8126,0.0
selected_ols_av,pass,-1.2699,3.0
selected_ols_av,pass,-0.2069,0.0
selected_ols_av,pass,0.5591,0.0
selected_ols_av,pass,-1.6116,4.0
selected_ols_av,pass,-0.3554,5.0
selected_ols_av,pass,-1.1214,0.0
selected_ols_av,pass,-2.7427,4.0
selected_ols_av,pass,-1.1214,0.0
selected_ols_av,pass,-1.6116,4.0
selected_ols_av,pass,-0.9047,5.0
selected_ols_av,pass,-1.8282,2.0
selected_ols_av,pass,0.467,0.0
selected_ols_av,pass,-2.2855,4.0
selected_ols_av,pass,-0.3554,3.0
selected_ols_av,pass,-0.2069,0.0
selected_ols_av,pass,-0.3554,8.0
selected_ols_av,pass,-3.2,5.0
selected_ols_av,pass,-0.4475,0.0
selected_ols_av,pass,-0.3554,6.0
selected_ols_av,pass,-0.2069,0.0
selected_ols_av,pass,-0.3554,3.0
selected_ols_av,pass,-0.9047,8.0
selected_ols_av,pass,0.2504,2.0
selected_ols_av,pass,-2.2855,2.0
selected_ols_av,pass,-0.2069,6.0
selected_ols_av,pass,-0.3554,3.0
selected_ols_av,pass,-0.3554,3.0
selected_ols_av,pass,1.266,7.0
selected_ols_av,pass,-1.6116,4.0
selected_ols_av,pass,0.0098,0.0
selected_ols_av,pass,-1.1214,0.0
selected_ols_av,pass,-0.8126,7.0
selected_ols_av,pass,-0.6641,2.0
selected_ols_av,pass,-0.6641,4.0
selected_ols_av,pass,0.2504,0.0
selected_ols_av,pass,0.467,4.0
selected_ols_av,pass,-1.8282,4.0
selected_ols_av,pass,-1.6116,3.0
selected_ols_av,pass,-1.6116,4.0
selected_ols_av,pass,2.1805,8.0
selected_ols_av,pass,1.266,5.0
selected_ols_av,pass,-2.2855,4.0
selected_ols_av,pass,-1.1543,2.0
selected_ols_av,pass,0.8087,7.0
selected_ols_av,pass,-2.7427,1.0
selected_ols_av,pass,-0.8126,5.0
selected_ols_av,pass,-0.6641,0.0
selected_ols_av,pass,-0.3554,5.0
selected_ols_av,pass,-2.0688,4.0
selected_ols_av,pass,-1.8282,3.0
selected_ols_av,pass,-2.0688,5.0
selected_ols_av,pass,-0.2069,4.0
selected_ols_av,pass,-1.1214,6.0
selected_ols_av,pass,0.2504,0.0
selected_ols_av,pass,0.0098,0.0
selected_ols_av,pass,-0.3554,2.0
selected_ols_av,pass,-1.6116,2.0
selected_ols_av,pass,-1.8282,4.0
selected_ols_av,pass,-2.2855,3.0
selected_ols_av,pass,0.2504,5.0
selected_ols_av,pass,-0.3554,4.0
selected_ols_av,pass,-0.2069,0.0
selected_ols_av,pass,0.467,0.0
selected_ols_av,pass,-0.3554,6.0
selected_ols_av,pass,0.8087,3.0
selected_ols_av,pass,-2.2855,3.0
selected_ols_av,pass,-1.6116,1.0
selected_ols_av,pass,-0.3554,6.0
selected_ols_av,pass,0.1019,10.0
selected_ols_av,pass,0.467,7.0
selected_ols_av,pass,-0.3554,7.0
selected_ols_av,pass,0.2504,0.0
selected_ols_av,pass,1.266,10.0
selected_ols_av,pass,-0.6641,0.0
selected_ols_av,pass,-2.5261,3.0
selected_ols_av,pass,-0.8126,0.0
selected_ols_av,pass,-0.2069,0.0
selected_ols_av,pass,-0.2069,0.0
selected_ols_av,pass,1.7232,5.0
selected_ols_av,pass,0.0098,0.0
selected_ols_av,pass,0.9243,4.0
selected_ols_av,pass,-0.3554,1.0
selected_ols_av,pass,-0.4475,0.0
selected_ols_av,pass,0.8087,6.0
selected_ols_av,pass,-0.8126,0.0
selected_ols_av,pass,-1.1543,8.0
selected_ols_av,pass,-0.6971,2.0
selected_ols_av,pass,-0.3554,2.0
selected_ols_av,pass,0.1019,4.0
selected_ols_av,pass,-1.1214,0.0
selected_ols_av,pass,0.1019,3.0
selected_ols_av,pass,-0.2069,0.0
selected_ols_av,pass,0.1019,3.0
selected_ols_av,pass,0.1019,7.0
selected_ols_av,pass,0.0098,6.0
selected_ols_av,pass,0.0098,0.0
selected_ols_av,pass,1.266,6.0
selected_ols_av,pass,0.8087,7.0
selected_ols_av,pass,-1.1543,7.0
selected_ols_av,pass,-0.6641,0.0
selected_ols_av,pass,-1.1214,0.0
selected_ols_av,pass,0.467,0.0
selected_ols_av,pass,-0.4475,2.0
selected_ols_av,pass,-0.6641,0.0
selected_ols_av,pass,-0.3554,0.0
selected_ols_av,pass,-0.3554,6.0
selected_ols_av,pass,-0.4475,0.0
selected_ols_av,pass,-0.6641,2.0
selected_ols_av,pass,-2.5261,3.0
selected_ols_av,pass,0.2504,0.0
selected_ols_av,pass,1.266,7.0
selected_ols_av,pass,0.0098,0.0
selected_ols_av,pass,-0.6641,0.0
selected_ols_av,pass,0.467,7.0
selected_ols_av,pass,-1.1543,4.0
selected_ols_av,pass,-0.4475,0.0
selected_ols_av,pass,-2.2855,5.0
selected_ols_av,pass,-0.6971,1.0
selected_ols_av,pass,-0.4475,0.0
selected_ols_av,pass,-1.1214,0.0
selected_ols_av,pass,-0.3554,0.0
selected_ols_av,pass,-0.6641,3.0
selected_ols_av,pass,-1.8282,3.0
selected_ols_av,pass,-1.6116,4.0
selected_ols_av,pass,-1.1543,4.0
selected_ols_av,pass,-0.6971,3.0
selected_ols_av,pass,0.8087,7.0
selected_ols_av,pass,0.8087,9.0
selected_ols_av,pass,-1.8282,4.0
selected_ols_av,pass,-0.3554,6.0
selected_ols_av,pass,0.0098,2.0
selected_ols_av,pass,0.8087,9.0
selected_ols_av,pass,0.5591,7.0
selected_ols_av,pass,0.467,4.0
selected_ols_av,pass,-0.8126,4.0
selected_ols_av,pass,-0.2069,0.0
selected_ols_av,pass,-2.0688,3.0
selected_ols_av,pass,-0.6641,4.0
selected_ols_av,pass,-0.4475,8.0
selected_ols_av,pass,0.467,0.0
selected_ols_av,pass,-2.0688,4.0
selected_ols_av,pass,-1.2699,3.0
selected_ols_av,pass,0.2504,0.0
selected_ols_av,pass,-1.5786,0.0
selected_ols_av,pass,-0.3554,0.0
selected_ols_av,pass,1.266,5.0
selected_ols_av,pass,0.1019,3.0
selected_ols_av,pass,-0.8126,3.0
selected_ols_av,pass,1.266,8.0
selected_ols_av,pass,-2.2855,2.0
selected_ols_av,pass,-0.6971,4.0
selected_ols_av,pass,-0.6641,0.0
selected_ols_av,pass,-2.2855,4.0
selected_ols_av,pass,-1.6116,3.0
selected_ols_av,pass,0.0098,6.0
selected_ols_av,pass,-0.6641,0.0
selected_ols_av,pass,-0.6641,3.0
selected_ols_av,pass,-3.2,3.0
selected_ols_av,pass,0.0098,0.0
selected_ols_av,pass,0.5591,5.0
selected_ols_av,pass,-1.1214,6.0
selected_ols_av,pass,-2.7427,2.0
selected_ols_av,pass,0.8087,7.0
selected_ols_av,pass,-2.0688,1.0
selected_ols_av,pass,1.266,6.0
selected_ols_av,pass,-0.8126,0.0
selected_ols_av,pass,-1.1214,4.0
selected_ols_av,pass,-1.8282,2.0
selected_ols_av,pass,0.0098,0.0
selected_ols_av,pass,-0.6641,3.0
selected_ols_av,pass,-0.3554,3.0
selected_ols_av,pass,0.0098,7.0
selected_ols_av,pass,-0.8126,1.0
selected_ols_av,pass,0.1019,3.0
selected_ols_av,pass,0.8087,5.0
selected_ols_av,pass,0.0098,2.0
selected_ols_av,pass,-2.2855,7.0
selected_ols_av,pass,-0.3554,0.0
selected_ols_av,pass,-2.2855,5.0
selected_ols_av,pass,-0.8126,2.0
selected_ols_av,pass,0.1019,2.0
selected_ols_av,pass,-0.6971,4.0
selected_ols_av,pass,0.2504,0.0
selected_ols_av,pass,0.8087,6.0
selected_ols_av,pass,-0.2069,0.0
selected_ols_av,pass,-1.1214,6.0
selected_ols_av,pass,0.0098,0.0
selected_ols_av,pass,0.0098,3.0
selected_ols_av,pass,-1.1543,3.0
selected_ols_av,pass,0.1019,0.0
selected_ols_av,pass,0.0098,0.0
selected_ols_av,pass,0.3515,8.0
selected_ols_av,pass,-0.6641,0.0
selected_ols_av,pass,-0.9047,5.0
selected_ols_av,pass,-0.9047,3.0
selected_ols_av,pass,-0.8126,6.0
selected_ols_av,pass,-2.2855,4.0
selected_ols_av,pass,-0.9047,0.0
selected_ols_av,pass,1.266,7.0
selected_ols_av,pass,-2.0688,3.0
selected_ols_av,pass,-0.2069,0.0
selected_ols_av,pass,-2.7427,3.0
selected_ols_av,pass,-0.2069,2.0
selected_ols_av,pass,-2.7427,2.0
selected_ols_av,pass,0.7076,0.0
selected_ols_av,pass,-0.8126,3.0
selected_ols_av,pass,-1.5786,0.0
selected_ols_av,pass,1.266,9.0
selected_ols_av,pass,-0.2069,3.0
selected_ols_av,pass,0.0098,0.0
selected_ols_av,pass,-0.8126,0.0
selected_ols_av,pass,0.0098,3.0
selected_ols_av,pass,-2.7427,2.0
selected_ols_av,pass,0.8087,8.0
selected_ols_av,pass,0.0098,0.0
selected_ols_av,pass,1.266,5.0
selected_ols_av,pass,-2.2855,4.0
selected_ols_av,pass,1.7232,5.0
selected_ols_av,pass,0.0098,6.0
selected_ols_av,pass,-1.2699,2.0
selected_ols_av,pass,0.5591,0.0
selected_ols_av,pass,-0.8126,2.0
selected_ols_av,pass,0.0098,0.0
selected_ols_av,pass,-0.2069,4.0
selected_ols_av,pass,0.3515,6.0
selected_ols_av,pass,1.266,7.0
selected_ols_av,pass,-0.8126,6.0
selected_ols_av,pass,-0.8126,0.0
selected_ols_av,pass,0.1019,4.0
selected_ols_av,pass,0.467,6.0
selected_ols_av,pass,-1.1214,0.0
selected_ols_av,pass,-2.2855,0.0
selected_ols_av,pass,1.266,9.0
selected_ols_av,pass,-0.3554,4.0
selected_ols_av,pass,-2.2855,5.0
selected_ols_av,pass,-0.8126,0.0
selected_ols_av,pass,-0.6641,0.0
selected_ols_av,pass,0.9243,0.0
selected_ols_av,pass,-1.6116,3.0
selected_ols_av,pass,1.266,4.0
selected_ols_av,pass,-1.1214,4.0
selected_ols_av,pass,0.9243,0.0
selected_ols_av,pass,0.0098,0.0
selected_ols_av,pass,-2.2855,6.0
selected_ols_av,pass,1.7232,9.0
selected_ols_av,pass,-2.7427,3.0
selected_ols_av,pass,0.9243,4.0
selected_ols_av,pass,-2.2855,3.0
selected_ols_av,pass,0.8087,3.0
selected_ols_av,pass,-1.1214,0.0
selected_ols_av,pass,0.5591,3.0
selected_ols_av,pass,2.1805,10.0
selected_ols_av,pass,-0.6971,5.0
selected_ols_av,pass,1.266,7.0
selected_ols_av,pass,0.0098,0.0
selected_ols_av,pass,-0.2069,3.0
selected_ols_av,pass,-1.1214,0.0
selected_ols_av,pass,-0.4475,0.0
selected_ols_av,pass,-0.3554,0.0
selected_ols_av,pass,-0.3554,3.0
selected_ols_av,pass,1.266,6.0
selected_ols_av,pass,-1.2699,5.0
selected_ols_av,pass,-0.3554,5.0
selected_ols_av,pass,-1.1214,0.0
selected_ols_av,pass,-0.2069,0.0
selected_ols_av,pass,-2.2855,3.0
selected_ols_av,pass,-0.6641,0.0
selected_ols_av,pass,-0.3554,8.0
selected_ols_av,pass,-0.8126,3.0
selected_ols_av,pass,-0.2069,5.0
selected_ols_av,pass,-2.5261,5.0
selected_ols_av,pass,1.266,5.0
selected_ols_av,pass,1.7232,8.0
selected_ols_av,pass,0.8087,9.0
selected_ols_av,pass,-0.3554,2.0
selected_ols_av,pass,-1.6116,1.0
selected_ols_av,pass,1.266,4.0
selected_ols_av,pass,-0.3554,2.0
selected_ols_av,pass,-1.1214,0.0
selected_ols_av,pass,0.0098,0.0
selected_ols_av,pass,0.8087,6.0
selected_ols_av,pass,0.5591,7.0
selected_ols_av,pass,0.467,0.0
selected_ols_av,pass,1.7232,5.0
selected_ols_av,pass,0.5591,2.0
selected_ols_av,pass,-0.3554,4.0
selected_ols_av,pass,-0.6641,0.0
selected_ols_av,pass,0.5591,10.0
selected_ols_av,pass,-1.8282,5.0
selected_ols_av,pass,1.266,1.0
selected_ols_av,pass,-0.4475,3.0
selected_ols_av,pass,-0.2069,0.0
selected_ols_av,pass,-0.4475,3.0
selected_ols_av,pass,1.266,6.0
selected_ols_av,pass,-0.6641,0.0
selected_ols_av,pass,-1.1214,0.0
selected_ols_av,pass,0.0098,4.0
selected_ols_av,pass,-1.1214,0.0
selected_ols_av,pass,-1.8282,3.0
selected_ols_av,pass,-2.7427,2.0
selected_ols_av,pass,-2.7427,0.0
selected_ols_av,pass,-3.2,3.0
selected_ols_av,pass,-0.2069,0.0
selected_ols_av,pass,0.0098,2.0
selected_ols_av,pass,-0.6641,3.0
selected_ols_av,pass,-0.6641,0.0
selected_ols_av,pass,-2.7427,2.0
selected_ols_av,pass,-2.5261,3.0
selected_ols_av,pass,-0.3554,4.0
selected_ols_av,pass,-0.6641,3.0
selected_ols_av,pass,-0.3554,5.0
selected_ols_av,pass,-1.1214,0.0
selected_ols_av,pass,-1.1543,2.0
selected_ols_av,pass,-1.1214,0.0
selected_ols_av,pass,-1.1214,1.0
selected_ols_av,pass,-1.2699,3.0
selected_ols_av,pass,0.0098,8.0
selected_ols_av,pass,-0.3554,6.0
selected_ols_av,pass,0.1019,0.0
selected_ols_av,pass,0.2504,2.0
selected_ols_av,pass,1.266,7.0
selected_ols_av,pass,-0.8126,5.0
selected_ols_av,pass,-0.4475,8.0
selected_ols_av,pass,-2.7427,3.0
selected_ols_av,pass,0.9243,2.0
selected_ols_av,pass,0.467,7.0
selected_ols_av,pass,-0.3554,4.0
selected_ols_av,pass,0.8087,6.0
selected_ols_av,pass,0.8087,9.0
selected_ols_av,pass,-1.5786,4.0
selected_ols_av,pass,-2.7427,3.0
selected_ols_av,pass,-0.8126,5.0
selected_ols_av,pass,-0.3554,0.0
selected_ols_av,pass,-2.2855,4.0
selected_ols_av,pass,0.2504,0.0
selected_ols_av,pass,0.467,0.0
selected_ols_av,pass,-0.3554,2.0
selected_ols_av,pass,-2.7427,2.0
selected_ols_av,pass,0.7076,0.0
selected_ols_av,pass,-0.2069,0.0
selected_ols_av,pass,-0.6641,0.0
selected_ols_av,pass,0.0098,4.0
selected_ols_av,pass,-0.2069,0.0
selected_ols_av,pass,-0.4475,7.0
selected_ols_av,pass,0.5591,7.0
selected_ols_av,pass,-0.8126,0.0
selected_ols_av,pass,-1.1214,0.0
selected_ols_av,pass,-0.9047,5.0
selected_ols_av,pass,0.1019,3.0
selected_ols_av,pass,-0.6641,0.0
selected_ols_av,pass,-0.4475,7.0
selected_ols_av,pass,0.1019,2.0
selected_ols_av,pass,-0.3554,3.0
selected_ols_av,pass,-1.371,5.0
selected_ols_av,pass,0.1019,0.0
selected_ols_av,pass,-0.4475,9.0
selected_ols_av,pass,-0.6641,2.0
selected_ols_av,pass,-0.8126,3.0
selected_ols_av,pass,0.0098,0.0
selected_ols_av,pass,2.1805,7.0
selected_ols_av,pass,0.8087,8.0
selected_ols_av,pass,-0.6641,0.0
selected_ols_av,pass,-0.6641,0.0
selected_ols_av,pass,0.9243,0.0
selected_ols_av,pass,0.2504,2.0
selected_ols_av,pass,-0.6641,4.0
selected_ols_av,pass,-2.5261,2.0
selected_ols_av,pass,-0.8126,0.0
selected_ols_av,pass,-1.1214,5.0
selected_ols_av,pass,1.266,7.0
selected_ols_av,pass,-0.6641,4.0
selected_ols_av,pass,0.1019,10.0
selected_ols_av,pass,-1.5786,1.0
selected_ols_av,pass,-2.0688,2.0
selected_ols_av,pass,1.266,7.0
selected_ols_av,pass,0.8087,7.0
selected_ols_av,pass,-1.5786,0.0
selected_ols_av,pass,0.0098,4.0
selected_ols_av,pass,0.0098,7.0
selected_ols_av,pass,-0.8126,0.0
selected_ols_av,pass,-0.3554,0.0
selected_ols_av,pass,-0.8126,5.0
selected_ols_av,pass,-0.4475,1.0
selected_ols_av,pass,0.3515,2.0
selected_ols_av,pass,0.9243,7.0
selected_ols_av,pass,0.467,0.0
selected_ols_av,pass,-0.9047,4.0
selected_ols_av,pass,0.3515,4.0
selected_ols_av,pass,-1.1214,0.0
selected_ols_av,pass,-0.6641,0.0
selected_ols_av,pass,0.467,4.0
selected_ols_av,pass,0.1019,0.0
selected_ols_av,pass,0.0098,5.0
selected_ols_av,pass,-1.1214,0.0
selected_ols_av,pass,-0.6641,2.0
selected_ols_av,pass,-0.8126,0.0
selected_ols_av,pass,-0.3554,3.0
selected_ols_av,pass,-0.2069,0.0
selected_ols_av,pass,0.0098,2.0
selected_ols_av,pass,0.5591,4.0
selected_ols_av,pass,-2.2855,4.0
selected_ols_av,pass,-2.2855,2.0
selected_ols_av,pass,-3.2,4.0
selected_ols_av,pass,0.467,0.0
selected_ols_av,pass,0.3515,5.0
selected_ols_av,pass,-0.2069,5.0
selected_ols_av,pass,-0.3554,5.0
selected_ols_av,pass,-3.2,2.0
selected_ols_av,pass,-0.2069,1.0
selected_ols_av,pass,-1.5786,0.0
selected_ols_av,pass,1.266,5.0
selected_ols_av,pass,-0.6641,0.0
selected_ols_av,pass,-1.1543,3.0
selected_ols_av,pass,2.1805,8.0
selected_ols_av,pass,-0.8126,3.0
selected_ols_av,pass,-2.5261,4.0
selected_ols_av,pass,-1.1543,4.0
selected_ols_av,pass,-0.6641,3.0
selected_ols_av,pass,0.1019,7.0
selected_ols_av,pass,-2.0688,4.0
selected_ols_av,pass,2.1805,5.0
selected_ols_av,pass,0.8087,4.0
selected_ols_av,pass,-0.3554,3.0
selected_ols_av,pass,0.467,0.0
selected_ols_av,pass,-0.2069,3.0
selected_ols_av,pass,-0.3554,6.0
selected_ols_av,pass,-0.3554,1.0
selected_ols_av,pass,-0.3554,3.0
selected_ols_av,pass,0.1019,5.0
selected_ols_av,pass,-0.3554,0.0
selected_ols_av,pass,-0.6641,0.0
selected_ols_av,pass,-1.5786,3.0
selected_ols_av,pass,-0.6641,0.0
selected_ols_av,pass,-1.1543,2.0
selected_ols_av,pass,0.8087,9.0
selected_ols_av,pass,-0.4475,0.0
selected_ols_av,pass,1.7232,8.0
selected_ols_av,pass,-0.3554,0.0
selected_ols_av,pass,-0.6641,2.0
selected_ols_av,pass,-0.6641,0.0
selected_ols_av,pass,-0.6641,0.0
selected_ols_av,pass,-0.3554,6.0
selected_ols_av,pass,-0.4475,0.0
selected_ols_av,pass,-0.6641,0.0
selected_ols_av,pass,0.1019,4.0
selected_ols_av,pass,-1.1214,0.0
selected_ols_av,pass,-0.6641,0.0
selected_ols_av,pass,-0.8126,6.0
selected_ols_av,pass,-0.3554,8.0
selected_ols_av,pass,0.467,0.0
selected_ols_av,pass,-0.6641,5.0
selected_ols_av,pass,-0.3554,0.0
selected_ols_av,pass,1.7232,4.0
selected_ols_av,pass,-0.6641,0.0
selected_ols_av,pass,0.8087,6.0
selected_ols_av,pass,-0.8126,4.0
selected_ols_av,pass,-0.2069,0.0
selected_ols_av,pass,-0.8126,9.0
selected_ols_av,pass,-0.6641,4.0
selected_ols_av,pass,-2.7427,4.0
selected_ols_av,pass,-0.8126,0.0
selected_ols_av,pass,0.9243,6.0
selected_ols_av,pass,0.467,0.0
selected_ols_av,pass,1.266,6.0
selected_ols_av,pass,-0.6971,6.0
selected_ols_av,pass,-0.4475,3.0
selected_ols_av,pass,-0.3554,0.0
selected_ols_av,pass,1.7232,2.0
selected_ols_av,pass,-1.1214,3.0
selected_ols_av,pass,-0.3554,6.0
selected_ols_av,pass,0.8087,6.0
selected_ols_av,pass,-2.0688,2.0
selected_ols_av,pass,-1.1214,4.0
selected_ols_av,pass,-0.2069,4.0
selected_ols_av,pass,0.1019,8.0
selected_ols_av,pass,-0.6641,1.0
selected_ols_av,pass,-1.5786,2.0
selected_ols_av,pass,-0.6641,2.0
selected_ols_av,pass,-0.6641,0.0
selected_ols_av,pass,-2.2855,4.0
selected_ols_av,pass,-0.8126,4.0
selected_ols_av,pass,-1.2699,1.0
selected_ols_av,pass,0.8087,7.0
selected_ols_av,pass,-1.1214,5.0
selected_ols_av,pass,-1.2699,5.0
selected_ols_av,pass,-0.6641,4.0
selected_ols_av,pass,-0.6641,4.0
selected_ols_av,pass,-0.4475,5.0
selected_ols_av,pass,0.8087,6.0
selected_ols_av,pass,-0.4475,8.0
selected_ols_av,pass,0.5591,6.0
selected_ols_av,pass,-0.2069,0.0
selected_ols_av,pass,-0.8126,2.0
selected_ols_av,pass,-1.1214,6.0
selected_ols_av,pass,-0.3554,0.0
selected_ols_av,pass,-0.2069,0.0
selected_ols_av,pass,0.1019,4.0
selected_ols_av,pass,-0.2069,3.0
selected_ols_av,pass,1.7232,7.0
selected_ols_av,pass,0.0098,3.0
selected_ols_av,pass,0.1019,0.0
selected_ols_av,pass,-1.6116,7.0
selected_ols_av,pass,-1.1214,5.0
selected_ols_av,pass,-1.5786,1.0
selected_ols_av,pass,0.0098,0.0
selected_ols_av,pass,-0.4475,7.0
selected_ols_av,pass,-0.8126,0.0
selected_ols_av,pass,-2.0688,3.0
selected_ols_av,pass,0.1019,5.0
selected_ols_av,pass,-0.8126,4.0
selected_ols_av,pass,-0.2069,0.0
selected_ols_av,pass,-0.3554,0.0
selected_ols_av,pass,-0.6641,4.0
selected_ols_av,pass,-1.5786,0.0
selected_ols_av,pass,0.5591,0.0
selected_ols_av,pass,0.0098,6.0
selected_ols_av,pass,-1.1214,2.0
selected_ols_av,pass,-0.3554,5.0
selected_ols_av,pass,0.467,0.0
selected_ols_av,pass,-0.6641,4.0
selected_ols_av,pass,-0.3554,4.0
selected_ols_av,pass,-0.2069,0.0
selected_ols_av,pass,-2.2855,1.0
selected_ols_av,pass,-1.1214,0.0
selected_ols_av,pass,-3.2,3.0
selected_ols_av,pass,0.8087,4.0
selected_ols_av,pass,-1.1543,7.0
selected_ols_av,pass,-0.3554,4.0
selected_ols_av,pass,-1.1214,4.0
selected_ols_av,pass,1.7232,9.0
selected_ols_av,pass,-0.3554,6.0
selected_ols_av,pass,0.1019,5.0
selected_ols_av,pass,-0.6971,3.0
selected_ols_av,pass,-1.1543,9.0
selected_ols_av,pass,-0.8126,2.0
selected_ols_av,pass,-0.3554,5.0
selected_ols_av,pass,-0.6641,7.0
selected_ols_av,pass,0.0098,0.0
selected_ols_av,pass,0.5591,0.0
selected_ols_av,pass,-0.6971,5.0
selected_ols_av,pass,-0.8126,0.0
selected_ols_av,pass,0.1019,4.0
selected_ols_av,pass,0.3515,8.0
selected_ols_av,pass,-2.7427,1.0
selected_ols_av,pass,0.1019,4.0
selected_ols_av,pass,-1.6116,3.0
selected_ols_av,pass,0.1019,0.0
selected_ols_av,pass,-0.6641,0.0
selected_ols_av,pass,0.1019,7.0
selected_ols_av,pass,-1.1214,0.0
selected_ols_av,pass,-0.4475,0.0
selected_ols_av,pass,-1.6116,4.0
selected_ols_av,pass,0.7076,4.0
selected_ols_av,pass,0.0098,8.0
selected_ols_av,pass,-1.1543,9.0
selected_ols_av,pass,0.8087,6.0
selected_ols_av,pass,2.1805,8.0
selected_ols_av,pass,-1.8282,4.0
selected_ols_av,pass,-1.1543,6.0
selected_ols_av,pass,1.7232,10.0
selected_ols_av,pass,-0.6641,0.0
selected_ols_av,pass,-1.1214,4.0
selected_ols_av,pass,-2.2855,3.0
selected_ols_av,pass,1.266,5.0
selected_ols_av,pass,0.5591,3.0
selected_ols_av,pass,-0.8126,3.0
selected_ols_av,pass,-0.6641,2.0
selected_ols_av,pass,0.0098,7.0
selected_ols_av,pass,-0.3554,2.0
selected_ols_av,pass,-1.1214,0.0
selected_ols_av,pass,-0.6971,3.0
selected_ols_av,pass,-0.4475,0.0
selected_ols_av,pass,-0.2069,0.0
selected_ols_av,pass,-1.1214,4.0
selected_ols_av,pass,-0.3554,8.0
selected_ols_av,pass,0.2504,0.0
selected_ols_av,pass,0.467,3.0
selected_ols_av,pass,-1.1214,0.0
selected_ols_av,pass,-1.371,5.0
selected_ols_av,pass,-2.7427,4.0
selected_ols_av,pass,-1.8282,1.0
selected_ols_av,pass,-1.1214,0.0
selected_ols_av,pass,-0.8126,2.0
selected_ols_av,pass,-1.6116,7.0
selected_ols_av,pass,-1.6116,4.0
selected_ols_av,pass,-1.1214,0.0
selected_ols_av,pass,-1.1214,0.0
selected_ols_av,pass,0.0098,6.0
selected_ols_av,pass,-0.6641,4.0
selected_ols_av,pass,1.3815,5.0
selected_ols_av,pass,0.9243,8.0
selected_ols_av,pass,0.7076,3.0
selected_ols_av,pass,0.1019,4.0
selected_ols_av,pass,-2.2855,5.0
selected_ols_av,pass,0.1019,3.0
selected_ols_av,pass,1.7232,7.0
selected_ols_av,pass,-1.6116,1.0
selected_ols_av,pass,0.5591,8.0
selected_ols_av,pass,-1.6116,3.0
selected_ols_av,pass,0.0098,5.0
selected_ols_av,pass,-1.1214,3.0
selected_ols_av,pass,0.8087,7.0
selected_ols_av,pass,1.266,8.0
selected_ols_av,pass,-1.1214,2.0
selected_ols_av,pass,-0.9138,4.0
selected_ols_av,pass,-0.8126,2.0
selected_ols_av,pass,-0.8126,8.0
selected_ols_av,pass,0.8087,6.0
selected_ols_av,pass,0.1019,0.0
selected_ols_av,pass,-1.1214,0.0
selected_ols_av,pass,-2.0688,7.0
selected_ols_av,pass,0.0098,7.0
selected_ols_av,pass,-2.2855,3.0
selected_ols_av,pass,-0.2069,0.0
selected_ols_av,pass,1.7232,9.0
selected_ols_av,pass,1.7232,8.0
selected_ols_av,pass,-1.6116,3.0
selected_ols_av,pass,-1.2699,7.0
selected_ols_av,pass,-2.7427,6.0
selected_ols_av,pass,-0.4475,0.0
selected_ols_av,pass,-0.3554,5.0
selected_ols_av,pass,-0.6641,0.0
selected_ols_av,pass,-1.5786,0.0
selected_ols_av,pass,0.9243,6.0
selected_ols_av,pass,-0.2069,1.0
selected_ols_av,pass,-0.8126,0.0
selected_ols_av,pass,-1.1214,4.0
selected_ols_av,pass,-0.2069,0.0
selected_ols_av,pass,-0.3554,8.0
selected_ols_av,pass,-2.2855,2.0
selected_ols_av,pass,0.467,4.0
selected_ols_av,pass,-0.3554,8.0
selected_ols_av,pass,-2.7427,4.0
selected_ols_av,pass,-0.2069,0.0
selected_ols_av,pass,-1.5786,0.0
selected_ols_av,pass,1.266,7.0
selected_ols_av,pass,-2.5261,10.0
selected_ols_av,pass,-1.1214,4.0
selected_ols_av,pass,1.3815,5.0
selected_ols_av,pass,0.0098,4.0
selected_ols_av,pass,-0.6641,5.0
selected_ols_av,pass,-1.6116,1.0
selected_ols_av,pass,1.266,1.0
selected_ols_av,pass,-1.1214,0.0
selected_ols_av,pass,-1.5786,0.0
selected_ols_av,pass,1.266,5.0
selected_ols_av,pass,-0.3554,5.0
selected_ols_av,pass,-0.8126,9.0
selected_ols_av,pass,0.0098,3.0
selected_ols_av,pass,-0.6641,6.0
selected_ols_av,pass,-0.6641,0.0
selected_ols_av,pass,1.7232,7.0
selected_ols_av,pass,2.1805,6.0
selected_ols_av,pass,-0.3554,2.0
selected_ols_av,pass,-0.3554,3.0
selected_ols_av,pass,-2.0688,2.0
selected_ols_av,pass,-1.8282,3.0
selected_ols_av,pass,-0.8126,0.0
selected_ols_av,pass,-0.3554,0.0
selected_ols_av,pass,-0.4475,0.0
selected_ols_av,pass,-1.1214,0.0
selected_ols_av,pass,0.5591,9.0
selected_ols_av,pass,-0.2069,3.0
selected_ols_av,pass,0.1019,0.0
selected_ols_av,pass,-0.6641,5.0
selected_ols_av,pass,-0.6641,0.0
selected_ols_av,pass,-0.6641,0.0
selected_ols_av,pass,-0.6641,0.0
selected_ols_av,pass,-1.1214,2.0
selected_ols_av,pass,0.2504,0.0
selected_ols_av,pass,-0.3554,5.0
selected_ols_av,pass,-2.0688,3.0
selected_ols_av,pass,-0.3554,4.0
selected_ols_av,pass,0.0098,0.0
selected_ols_av,pass,-1.1214,4.0
selected_ols_av,pass,0.1019,3.0
selected_ols_av,pass,-0.3554,0.0
selected_ols_av,pass,-0.6641,3.0
selected_ols_av,pass,-1.6116,3.0
selected_ols_av,pass,-0.6641,3.0
selected_ols_av,pass,-1.1214,0.0
selected_ols_av,pass,-1.6116,4.0
selected_ols_av,pass,-0.3554,2.0
selected_ols_av,pass,1.266,8.0
selected_ols_av,pass,-0.6641,4.0
selected_ols_av,pass,-0.6641,4.0
selected_ols_av,pass,-0.3554,4.0
selected_ols_av,pass,0.1019,1.0
selected_ols_av,pass,-0.3554,2.0
selected_ols_av,pass,-0.9138,2.0
selected_ols_av,pass,-0.6641,0.0
selected_ols_av,pass,0.2504,3.0
selected_ols_av,pass,-2.2855,4.0
selected_ols_av,pass,-2.0688,3.0
selected_ols_av,pass,-0.8126,5.0
selected_ols_av,pass,-3.2,2.0
selected_ols_av,pass,-0.3554,4.0
selected_ols_av,pass,-1.6116,2.0
selected_ols_av,pass,-0.6641,3.0
selected_ols_av,pass,-1.8282,4.0
selected_ols_av,pass,-1.1214,3.0
selected_ols_av,pass,0.9243,0.0
selected_ols_av,pass,-0.2069,1.0
selected_ols_av,pass,-1.1214,0.0
selected_ols_av,pass,0.5591,9.0
selected_ols_av,pass,-0.3554,0.0
selected_ols_av,pass,-1.1214,0.0
selected_ols_av,pass,0.1019,3.0
selected_ols_av,pass,0.8087,4.0
selected_ols_av,pass,-1.8282,2.0
selected_ols_av,pass,-0.3554,3.0
selected_ols_av,pass,-0.2069,0.0
selected_ols_av,pass,-1.5786,6.0
selected_ols_av,pass,-0.2069,4.0
selected_ols_av,pass,-0.3554,7.0
selected_ols_av,pass,-0.8126,4.0
selected_ols_av,pass,-1.1214,5.0
selected_ols_av,pass,0.7076,2.0
selected_ols_av,pass,0.0098,4.0
selected_ols_av,pass,-2.0688,6.0
selected_ols_av,pass,0.1019,3.0
selected_ols_av,pass,-1.6116,7.0
selected_ols_av,pass,-0.6641,6.0
selected_ols_av,pass,-0.6641,0.0
selected_ols_av,pass,0.2504,0.0
selected_ols_av,pass,-1.1543,5.0
selected_ols_av,pass,-1.6116,4.0
selected_ols_av,pass,-2.7427,3.0
selected_ols_av,pass,-1.6116,3.0
selected_ols_av,pass,-1.5786,2.0
selected_ols_av,pass,-0.2069,0.0
selected_ols_av,pass,0.1019,2.0
selected_ols_av,pass,-0.4475,0.0
selected_ols_av,pass,-0.2069,0.0
selected_ols_av,pass,-1.6116,4.0
selected_ols_av,pass,-2.7427,4.0
selected_ols_av,pass,-2.0688,3.0
selected_ols_av,pass,-0.6641,0.0
selected_ols_av,pass,1.7232,5.0
selected_ols_av,pass,-1.2699,2.0
selected_ols_av,pass,-2.0688,2.0
selected_ols_av,pass,-0.6641,0.0
selected_ols_av,pass,1.7232,7.0
selected_ols_av,pass,-0.6641,0.0
selected_ols_av,pass,-0.2069,0.0
selected_ols_av,pass,-2.2855,4.0
selected_ols_av,pass,-0.3554,8.0
selected_ols_av,pass,0.1019,6.0
selected_ols_av,pass,-1.1543,6.0
selected_ols_av,pass,-0.3554,2.0
selected_ols_av,pass,-0.2069,0.0
selected_ols_av,pass,-0.2069,0.0
selected_ols_av,pass,-2.0688,3.0
selected_ols_av,pass,-1.8282,2.0
selected_ols_av,pass,-1.1543,4.0
selected_ols_av,pass,1.266,5.0
selected_ols_av,pass,-0.6641,0.0
selected_ols_av,pass,-0.6641,0.0
selected_ols_av,pass,-2.7427,4.0
selected_ols_av,pass,-3.2,3.0
selected_ols_av,pass,0.2504,5.0
selected_ols_av,pass,0.1019,3.0
selected_ols_av,pass,-0.8126,1.0
selected_ols_av,pass,0.0098,0.0
selected_ols_av,pass,1.7232,6.0
selected_ols_av,pass,-0.8126,0.0
selected_ols_av,pass,0.0098,1.0
selected_ols_av,pass,1.266,6.0
selected_ols_av,pass,-0.3554,2.0
selected_ols_av,pass,-0.2069,0.0
selected_ols_av,pass,-0.3554,4.0
selected_ols_av,pass,0.8087,7.0
selected_ols_av,pass,-0.8126,7.0
selected_ols_av,pass,-1.1543,2.0
selected_ols_av,pass,0.467,0.0
selected_ols_av,pass,-0.8126,4.0
selected_ols_av,pass,1.266,7.0
selected_ols_av,pass,-0.2069,0.0
selected_ols_av,pass,0.467,7.0
selected_ols_av,pass,-0.6971,3.0
selected_ols_av,pass,1.266,5.0
selected_ols_av,pass,-1.1543,3.0
selected_ols_av,pass,-1.2699,5.0
selected_ols_av,pass,-0.2069,3.0
selected_ols_av,pass,-2.2855,2.0
selected_ols_av,pass,-1.1214,4.0
selected_ols_av,pass,-2.2855,4.0
selected_ols_av,pass,-0.6641,0.0
selected_ols_av,pass,-0.8126,0.0
selected_ols_av,pass,0.3515,6.0
selected_ols_av,pass,-2.7427,5.0
selected_ols_av,pass,-0.6971,3.0
selected_ols_av,pass,0.8087,6.0
selected_ols_av,pass,-0.2069,0.0
selected_ols_av,pass,-0.2069,3.0
selected_ols_av,pass,-2.7427,6.0
selected_ols_av,pass,-0.3554,3.0
selected_ols_av,pass,-0.2069,0.0
selected_ols_av,pass,0.5591,6.0
selected_ols_av,pass,-0.2069,0.0
selected_ols_av,pass,0.467,0.0
selected_ols_av,pass,-0.4475,8.0
selected_ols_av,pass,-0.8126,5.0
selected_ols_av,pass,-1.5786,0.0
selected_ols_av,pass,-0.6971,3.0
selected_ols_av,pass,1.3815,8.0
selected_ols_av,pass,-0.9047,0.0
selected_ols_av,pass,0.8087,7.0
selected_ols_av,pass,-0.3554,8.0
selected_ols_av,pass,0.8087,8.0
selected_ols_av,pass,-0.2069,4.0
selected_ols_av,pass,-0.6641,3.0
selected_ols_av,pass,2.6377,4.0
selected_ols_av,pass,-0.3554,0.0
selected_ols_av,pass,0.1019,7.0
selected_ols_av,pass,-0.3554,4.0
selected_ols_av,pass,-0.2069,0.0
selected_ols_av,pass,0.0098,4.0
selected_ols_av,pass,0.7076,0.0
selected_ols_av,pass,-0.8126,0.0
selected_ols_av,pass,0.2504,4.0
selected_ols_av,pass,-0.8126,6.0
selected_ols_av,pass,-0.9047,4.0
selected_ols_av,pass,-0.2069,0.0
selected_ols_av,pass,-1.6116,5.0
selected_ols_av,pass,-1.6116,2.0
selected_ols_av,pass,-1.1214,1.0
selected_ols_av,pass,0.0098,4.0
selected_ols_av,pass,-1.1214,0.0
selected_ols_av,pass,-0.6641,0.0
selected_ols_av,pass,-1.1543,6.0
selected_ols_av,pass,0.1019,0.0
selected_ols_av,pass,-0.3554,1.0
selected_ols_av,pass,-0.8126,3.0
selected_ols_av,pass,0.2504,5.0
selected_ols_av,pass,0.467,0.0
selected_ols_av,pass,0.0098,7.0
selected_ols_av,pass,-0.2069,3.0
selected_ols_av,pass,-0.2069,0.0
selected_ols_av,pass,0.8087,5.0
selected_ols_av,pass,-0.6641,0.0
selected_ols_av,pass,-1.6116,4.0
selected_ols_av,pass,0.0098,0.0
selected_ols_av,pass,-0.8126,0.0
selected_ols_av,pass,-0.3554,0.0
selected_ols_av,pass,-0.2069,0.0
selected_ols_av,pass,-0.8126,3.0
selected_ols_av,pass,1.7232,5.0
selected_ols_av,pass,-2.2855,2.0
selected_ols_av,pass,0.467,8.0
selected_ols_av,pass,-1.1214,2.0
selected_ols_av,pass,1.266,6.0
selected_ols_av,pass,0.8087,7.0
selected_ols_av,pass,-0.3554,7.0
selected_ols_av,pass,-0.4475,1.0
selected_ols_av,pass,-1.1543,3.0
selected_ols_av,pass,0.0098,0.0
selected_ols_av,pass,-2.2855,4.0
selected_ols_av,pass,1.266,6.0
selected_ols_av,pass,-0.6641,0.0
selected_ols_av,pass,-0.2069,0.0
selected_ols_av,pass,-1.8282,3.0
selected_ols_av,pass,0.2504,0.0
selected_ols_av,pass,0.1019,4.0
selected_ols_av,pass,0.0098,3.0
selected_ols_av,pass,1.266,8.0
selected_ols_av,pass,-0.8126,5.0
selected_ols_av,pass,0.8087,5.0
selected_ols_av,pass,-1.6116,7.0
selected_ols_av,pass,-0.3554,8.0
selected_ols_av,pass,-0.6641,0.0
selected_ols_av,pass,-1.6116,2.0
selected_ols_av,pass,0.8087,8.0
selected_ols_av,pass,0.1019,7.0
selected_ols_av,pass,-1.8282,3.0
selected_ols_av,pass,-0.3554,2.0
selected_ols_av,pass,-0.4475,4.0
selected_ols_av,pass,-0.6971,9.0
selected_ols_av,pass,-1.1214,3.0
selected_ols_av,pass,-0.6641,2.0
selected_ols_av,pass,-0.6641,0.0
selected_ols_av,pass,-0.8126,7.0
selected_ols_av,pass,0.5591,3.0
selected_ols_av,pass,-0.8126,0.0
selected_ols_av,pass,0.467,3.0
selected_ols_av,pass,-2.2855,6.0
selected_ols_av,pass,1.7232,6.0
selected_ols_av,pass,-0.8126,4.0
selected_ols_av,pass,1.0163,3.0
selected_ols_av,pass,-1.1214,2.0
selected_ols_av,pass,-1.1214,0.0
selected_ols_av,pass,-1.8282,3.0
selected_ols_av,pass,-1.2699,0.0
selected_ols_av,pass,0.8087,8.0
selected_ols_av,pass,-2.7427,3.0
selected_ols_av,pass,-1.1214,0.0
selected_ols_av,pass,-0.3554,3.0
selected_ols_av,pass,0.467,4.0
selected_ols_av,pass,-0.6641,4.0
selected_ols_av,pass,-1.1214,4.0
selected_ols_av,pass,-0.4475,0.0
selected_ols_av,pass,0.1019,0.0
selected_ols_av,pass,-1.1214,4.0
selected_ols_av,pass,0.1019,0.0
selected_ols_av,pass,2.6377,7.0
selected_ols_av,pass,-3.2,2.0
selected_ols_av,pass,-0.8126,3.0
selected_ols_av,pass,1.266,8.0
selected_ols_av,pass,-2.0688,2.0
selected_ols_av,pass,0.8087,7.0
selected_ols_av,pass,0.0098,6.0
selected_ols_av,pass,-0.6641,0.0
selected_ols_av,pass,-0.6641,4.0
selected_ols_av,pass,1.266,6.0
selected_ols_av,pass,1.266,9.0
selected_ols_av,pass,-0.4475,2.0
selected_ols_av,pass,0.1019,0.0
selected_ols_av,pass,-2.2855,3.0
selected_ols_av,pass,-2.2855,4.0
selected_ols_av,pass,-2.0688,4.0
selected_ols_av,pass,-1.2699,4.0
selected_ols_av,pass,-2.2855,5.0
selected_ols_av,pass,-2.2855,4.0
selected_ols_av,pass,-0.6641,0.0
selected_ols_av,pass,0.1019,0.0
selected_ols_av,pass,-2.2855,3.0
selected_ols_av,pass,0.1019,6.0
selected_ols_av,pass,1.266,7.0
selected_ols_av,pass,1.266,5.0
selected_ols_av,pass,-0.3554,3.0
selected_ols_av,pass,0.2504,3.0
selected_ols_av,pass,0.8087,7.0
selected_ols_av,pass,0.2504,0.0
selected_ols_av,pass,-0.3554,4.0
selected_ols_av,pass,-0.8126,0.0
selected_ols_av,pass,1.7232,6.0
selected_ols_av,pass,0.0098,0.0
selected_ols_av,pass,0.1019,7.0
selected_ols_av,pass,-2.7427,4.0
selected_ols_av,pass,1.7232,7.0
selected_ols_av,pass,0.8087,3.0
selected_ols_av,pass,-0.3554,2.0
selected_ols_av,pass,-0.6641,0.0
selected_ols_av,pass,-0.2069,0.0
selected_ols_av,pass,-1.5786,0.0
selected_ols_av,pass,-0.8126,4.0
selected_ols_av,pass,0.1019,0.0
selected_ols_av,pass,2.6377,9.0
selected_ols_av,pass,-2.5261,3.0
selected_ols_av,pass,-0.4475,0.0
selected_ols_av,pass,-0.8126,3.0
selected_ols_av,pass,0.0098,8.0
selected_ols_av,pass,-0.4475,0.0
selected_ols_av,pass,-0.6641,0.0
selected_ols_av,pass,-0.6641,0.0
selected_ols_av,pass,0.467,0.0
selected_ols_av,pass,0.1019,0.0
selected_ols_av,pass,0.5591,0.0
selected_ols_av,pass,-0.3554,8.0
selected_ols_av,pass,0.5591,8.0
selected_ols_av,pass,1.266,5.0
selected_ols_av,pass,-1.1214,0.0
selected_ols_av,pass,-2.7427,2.0
selected_ols_av,pass,-1.1214,4.0
selected_ols_av,pass,0.5591,0.0
selected_ols_av,pass,1.0163,0.0
selected_ols_av,pass,-0.2069,0.0
selected_ols_av,pass,-2.5261,2.0
selected_ols_av,pass,-0.6641,0.0
selected_ols_av,pass,-0.8126,2.0
selected_ols_av,pass,-1.6116,3.0
selected_ols_av,pass,0.0098,0.0
selected_ols_av,pass,-1.6116,3.0
selected_ols_av,pass,1.7232,8.0
selected_ols_av,pass,1.7232,8.0
selected_ols_av,pass,-1.1214,0.0
selected_ols_av,pass,-0.4475,6.0
selected_ols_av,pass,-1.6116,4.0
selected_ols_av,pass,-1.2699,1.0
selected_ols_av,pass,-0.3554,0.0
selected_ols_av,pass,0.5591,3.0
selected_ols_av,pass,-0.3554,6.0
selected_ols_av,pass,-0.2069,5.0
selected_ols_av,pass,-0.3554,2.0
selected_ols_av,pass,-1.1543,4.0
selected_ols_av,pass,0.3515,7.0
selected_ols_av,pass,0.8087,6.0
selected_ols_av,pass,0.0098,3.0
selected_ols_av,pass,-1.1543,5.0
selected_ols_av,pass,-3.2,5.0
selected_ols_av,pass,-0.6641,0.0
selected_ols_av,pass,-0.3554,4.0
selected_ols_av,pass,-0.6641,0.0
selected_ols_av,pass,0.0098,0.0
selected_ols_av,pass,-0.3554,1.0
selected_ols_av,pass,0.0098,0.0
selected_ols_av,pass,-0.4475,4.0
selected_ols_av,pass,0.0098,6.0
selected_ols_av,pass,-0.8126,0.0
selected_ols_av,pass,-1.1543,5.0
selected_ols_av,pass,-1.6116,6.0
selected_ols_av,pass,-0.6641,0.0
selected_ols_av,pass,0.0098,4.0
selected_ols_av,pass,-1.1214,5.0
selected_ols_av,pass,-1.371,2.0
selected_ols_av,pass,-0.3554,6.0
selected_ols_av,pass,-1.1214,0.0
selected_ols_av,pass,-0.4475,2.0
selected_ols_av,pass,-2.7427,3.0
selected_ols_av,pass,1.7232,6.0
selected_ols_av,pass,-0.8126,4.0
selected_ols_av,pass,0.2504,0.0
selected_ols_av,pass,0.0098,0.0
selected_ols_av,pass,-0.3554,0.0
selected_ols_av,pass,-1.6116,4.0
selected_ols_av,pass,-2.2855,2.0
selected_ols_av,pass,-0.3554,0.0
selected_ols_av,pass,-2.7427,2.0
selected_ols_av,pass,-0.6641,4.0
selected_ols_av,pass,-0.3554,0.0
selected_ols_av,pass,0.2504,0.0
selected_ols_av,pass,0.467,0.0
selected_ols_av,pass,-1.1214,4.0
selected_ols_av,pass,-1.1214,0.0
selected_ols_av,pass,-1.1214,0.0
selected_ols_av,pass,1.266,7.0
selected_ols_av,pass,0.5591,8.0
selected_ols_av,pass,0.1019,2.0
selected_ols_av,pass,-2.0688,3.0
selected_ols_av,pass,-1.1214,0.0
selected_ols_av,pass,-0.3554,4.0
selected_ols_av,pass,-0.3554,4.0
selected_ols_av,pass,-0.6641,4.0
selected_ols_av,pass,-1.1214,2.0
selected_ols_av,pass,0.467,0.0
selected_ols_av,pass,-0.3554,2.0
selected_ols_av,pass,-1.6116,2.0
selected_ols_av,pass,0.0098,3.0
selected_ols_av,pass,0.9243,9.0
selected_ols_av,pass,0.2504,3.0
selected_ols_av,pass,-0.8126,6.0
selected_ols_av,pass,1.3815,0.0
selected_ols_av,pass,0.0098,0.0
selected_ols_av,pass,0.0098,0.0
selected_ols_av,pass,0.467,0.0
selected_ols_av,pass,-1.1214,5.0
selected_ols_av,pass,-0.3554,0.0
selected_ols_av,pass,1.7232,7.0
selected_ols_av,pass,-0.3554,4.0
selected_ols_av,pass,-1.2699,4.0
selected_ols_av,pass,-0.8126,4.0
selected_ols_av,pass,1.7232,6.0
selected_ols_av,pass,0.2504,0.0
selected_ols_av,pass,-1.2699,4.0
selected_ols_av,pass,-3.2,1.0
selected_ols_av,pass,0.467,6.0
selected_ols_av,pass,-1.1543,4.0
selected_ols_av,pass,-2.2855,4.0
selected_ols_av,pass,-1.2699,5.0
selected_ols_av,pass,-0.3554,3.0
selected_ols_av,pass,-0.2069,5.0
selected_ols_av,pass,-0.9047,0.0
selected_ols_av,pass,-0.6641,6.0
selected_ols_av,pass,-0.4475,0.0
selected_ols_av,pass,-1.8282,4.0
selected_ols_av,pass,0.2504,0.0
selected_ols_av,pass,0.7076,0.0
selected_ols_av,pass,-0.6641,0.0
selected_ols_av,pass,1.266,5.0
selected_ols_av,pass,-0.4475,3.0
selected_ols_av,pass,-0.3554,5.0
selected_ols_av,pass,-1.1543,9.0
selected_ols_av,pass,1.266,8.0
selected_ols_av,pass,0.467,0.0
selected_ols_av,pass,0.0098,7.0
selected_ols_av,pass,0.8087,7.0
selected_ols_av,pass,-1.8282,8.0
selected_ols_av,pass,0.8087,6.0
selected_ols_av,pass,-1.5786,0.0
selected_ols_av,pass,-2.0688,2.0
selected_ols_av,pass,-0.6641,2.0
selected_ols_av,pass,-0.3554,4.0
selected_ols_av,pass,-0.8126,4.0
selected_ols_av,pass,-1.2699,8.0
selected_ols_av,pass,-1.2699,6.0
selected_ols_av,pass,0.8087,4.0
selected_ols_av,pass,-0.2069,0.0
selected_ols_av,pass,0.3515,2.0
selected_ols_av,pass,1.266,5.0
selected_ols_av,pass,0.2504,0.0
selected_ols_av,pass,-2.2855,4.0
selected_ols_av,pass,-0.3554,0.0
selected_ols_av,pass,-2.7427,2.0
selected_ols_av,pass,0.0098,5.0
selected_ols_av,pass,-1.8282,4.0
selected_ols_av,pass,-2.2855,4.0
selected_ols_av,pass,-0.6971,5.0
selected_ols_av,pass,0.0098,0.0
selected_ols_av,pass,-2.7427,2.0
selected_ols_av,pass,0.1019,6.0
selected_ols_av,pass,-0.6641,3.0
selected_ols_av,pass,1.266,3.0
selected_ols_av,pass,-1.1214,7.0
selected_ols_av,pass,0.0098,0.0
selected_ols_av,pass,-1.1214,0.0
selected_ols_av,pass,0.8087,3.0
selected_ols_av,pass,-0.6641,0.0
selected_ols_av,pass,-2.0688,0.0
selected_ols_av,pass,0.5591,6.0
selected_ols_av,pass,0.1019,9.0
selected_ols_av,pass,0.1019,2.0
selected_ols_av,pass,-0.2069,0.0
selected_ols_av,pass,0.8087,8.0
selected_ols_av,pass,-1.6116,3.0
selected_ols_av,pass,-1.5786,0.0
selected_ols_av,pass,-2.7427,4.0
selected_ols_av,pass,-0.8126,0.0
selected_ols_av,pass,-1.5786,0.0
selected_ols_av,pass,0.2504,4.0
selected_ols_av,pass,-0.8126,8.0
selected_ols_av,pass,-3.2,1.0
selected_ols_av,pass,0.0098,2.0
selected_ols_av,pass,1.266,6.0
selected_ols_av,pass,-1.2699,5.0
selected_ols_av,pass,-0.6641,4.0
selected_ols_av,pass,-0.6641,0.0
selected_ols_av,pass,-0.8126,0.0
selected_ols_av,pass,-0.8126,0.0
selected_ols_av,pass,-2.0688,4.0
selected_ols_av,pass,-0.6641,0.0
selected_ols_av,pass,0.1019,0.0
selected_ols_av,pass,-0.2069,0.0
selected_ols_av,pass,0.9243,3.0
selected_ols_av,pass,-0.6641,2.0
selected_ols_av,pass,-0.6641,4.0
selected_ols_av,pass,-2.0688,2.0
selected_ols_av,pass,-1.1214,1.0
selected_ols_av,pass,-0.6641,4.0
selected_ols_av,pass,-0.6641,0.0
selected_ols_av,pass,0.0098,0.0
selected_ols_av,pass,2.1805,7.0
selected_ols_av,pass,-0.2069,4.0
selected_ols_av,pass,0.0098,0.0
selected_ols_av,pass,1.266,3.0
selected_ols_av,pass,-1.5786,0.0
selected_ols_av,pass,0.467,0.0
selected_ols_av,pass,-1.1543,5.0
selected_ols_av,pass,-0.8126,1.0
selected_ols_av,pass,-0.2069,4.0
selected_ols_av,pass,-2.7427,4.0
selected_ols_av,pass,-0.4475,1.0
selected_ols_av,pass,-2.5261,2.0
selected_ols_av,pass,1.266,9.0
selected_ols_av,pass,-2.2855,5.0
selected_ols_av,pass,0.8087,6.0
selected_ols_av,pass,-2.7427,4.0
selected_ols_av,pass,-2.7427,3.0
selected_ols_av,pass,-0.3554,3.0
selected_ols_av,pass,-0.8126,3.0
selected_ols_av,pass,0.467,0.0
selected_ols_av,pass,-2.0688,7.0
selected_ols_av,pass,0.467,0.0
selected_ols_av,pass,1.266,6.0
selected_ols_av,pass,-0.8126,2.0
selected_ols_av,pass,-0.6641,6.0
selected_ols_av,pass,-1.2699,5.0
selected_ols_av,pass,-0.3554,0.0
selected_ols_av,pass,-0.8126,5.0
selected_ols_av,pass,-2.2855,3.0
selected_ols_av,pass,-1.1543,3.0
selected_ols_av,pass,0.467,4.0
selected_ols_av,pass,-0.6641,4.0
selected_ols_av,pass,-1.2699,4.0
selected_ols_av,pass,1.7232,7.0
selected_ols_av,pass,-0.6641,6.0
selected_ols_av,pass,-0.4475,3.0
selected_ols_av,pass,-0.4475,0.0
selected_ols_av,pass,-0.4475,7.0
selected_ols_av,pass,-0.2069,0.0
selected_ols_av,pass,-0.8126,4.0
selected_ols_av,pass,-1.1214,0.0
selected_ols_av,pass,0.467,2.0
selected_ols_av,pass,1.266,8.0
selected_ols_av,pass,-0.8126,4.0
selected_ols_av,pass,-1.6116,5.0
selected_ols_av,pass,-0.2069,2.0
selected_ols_av,pass,-0.3554,2.0
selected_ols_av,pass,0.1019,0.0
selected_ols_av,pass,-2.0688,2.0
selected_ols_av,pass,-1.1214,4.0
selected_ols_av,pass,-0.6641,0.0
selected_ols_av,pass,-1.8282,4.0
selected_ols_av,pass,-0.2069,0.0
selected_ols_av,pass,-0.2069,0.0
selected_ols_av,pass,0.5591,3.0
selected_ols_av,pass,-2.7427,3.0
selected_ols_av,pass,-1.6116,3.0
selected_ols_av,pass,-1.5786,5.0
selected_ols_av,pass,0.467,0.0
selected_ols_av,pass,0.467,8.0
selected_ols_av,pass,0.0098,0.0
selected_ols_av,pass,-0.4475,0.0
selected_ols_av,pass,-2.2855,2.0
selected_ols_av,pass,-2.2855,5.0
selected_ols_av,pass,0.467,0.0
selected_ols_av,pass,0.7076,0.0
selected_ols_av,pass,1.266,8.0
selected_ols_av,pass,-0.8126,2.0
selected_ols_av,pass,-1.6116,2.0
selected_ols_av,pass,-1.1214,0.0
selected_ols_av,pass,-2.7427,2.0
selected_ols_av,pass,1.7232,8.0
selected_ols_av,pass,-0.9047,5.0
selected_ols_av,pass,0.1019,0.0
selected_ols_av,pass,-0.3554,3.0
selected_ols_av,pass,-0.6641,0.0
selected_ols_av,pass,0.5591,3.0
selected_ols_av,pass,1.7232,9.0
selected_ols_av,pass,-0.8126,10.0
selected_ols_av,pass,-0.2069,0.0
selected_ols_av,pass,0.1019,3.0
selected_ols_av,pass,-0.6641,4.0
selected_ols_av,pass,0.9243,7.0
selected_ols_av,pass,-0.4475,0.0
selected_ols_av,pass,0.0098,10.0
selected_ols_av,pass,0.0098,3.0
selected_ols_av,pass,-0.3554,0.0
selected_ols_av,pass,-2.5261,4.0
selected_ols_av,pass,-2.2855,2.0
selected_ols_av,pass,-0.2069,1.0
selected_ols_av,pass,-2.2855,4.0
selected_ols_av,pass,-1.1543,1.0
selected_ols_av,pass,-0.2069,0.0
selected_ols_av,pass,-0.8126,3.0
selected_ols_av,pass,-1.8282,3.0
selected_ols_av,pass,0.2504,0.0
selected_ols_av,pass,-0.3554,0.0
selected_ols_av,pass,0.3515,7.0
selected_ols_av,pass,-1.8282,3.0
selected_ols_av,pass,-1.1214,0.0
selected_ols_av,pass,1.266,8.0
selected_ols_av,pass,-0.3554,0.0
selected_ols_av,pass,0.8087,8.0
selected_ols_av,pass,0.2504,0.0
selected_ols_av,pass,0.2504,5.0
selected_ols_av,pass,-0.4475,7.0
selected_ols_av,pass,1.0163,3.0
selected_ols_av,pass,-1.1543,2.0
selected_ols_av,pass,1.7232,7.0
selected_ols_av,pass,-0.6641,0.0
selected_ols_av,pass,-0.6641,0.0
selected_ols_av,pass,-1.1214,0.0
selected_ols_av,pass,-1.6116,1.0
selected_ols_av,pass,-0.2069,0.0
selected_ols_av,pass,-2.7427,3.0
selected_ols_av,pass,-0.6641,6.0
selected_ols_av,pass,0.1019,0.0
selected_ols_av,pass,-3.2,3.0
selected_ols_av,pass,-1.371,5.0
selected_ols_av,pass,-0.6641,0.0
selected_ols_av,pass,-0.9047,7.0
selected_ols_av,pass,1.266,7.0
selected_ols_av,pass,-0.6641,0.0
selected_ols_av,pass,0.467,0.0
selected_ols_av,pass,0.2504,0.0
selected_ols_av,pass,-0.8126,0.0
selected_ols_av,pass,-1.8282,3.0
selected_ols_av,pass,0.8087,5.0
selected_ols_av,pass,0.467,2.0
selected_ols_av,pass,-1.2699,3.0
selected_ols_av,pass,-0.8126,0.0
selected_ols_av,pass,-1.5786,0.0
selected_ols_av,pass,-1.371,3.0
selected_ols_av,pass,0.8087,9.0
selected_ols_av,pass,-1.1214,0.0
selected_ols_av,pass,-0.4475,2.0
selected_ols_av,pass,-1.6116,4.0
selected_ols_av,pass,0.8087,8.0
selected_ols_av,pass,0.1019,0.0
selected_ols_av,pass,-0.4475,2.0
selected_ols_av,pass,-0.8126,5.0
selected_ols_av,pass,2.1805,6.0
selected_ols_av,pass,-0.6641,0.0
selected_ols_av,pass,0.0098,2.0
selected_ols_av,pass,-0.4475,3.0
selected_ols_av,pass,0.467,0.0
selected_ols_av,pass,-2.0688,4.0
selected_ols_av,pass,-2.0688,4.0
selected_ols_av,pass,0.5591,5.0
selected_ols_av,pass,0.8087,6.0
selected_ols_av,pass,-3.2,3.0
selected_ols_av,pass,-2.2855,3.0
selected_ols_av,pass,0.5591,5.0
selected_ols_av,pass,-0.3554,3.0
selected_ols_av,pass,-3.2,1.0
selected_ols_av,pass,-2.0688,1.0
selected_ols_av,pass,1.7232,7.0
selected_ols_av,pass,0.467,6.0
selected_ols_av,pass,-0.6641,0.0
selected_ols_av,pass,-0.2069,0.0
selected_ols_av,pass,0.1019,0.0
selected_ols_av,pass,-0.8126,0.0
selected_ols_av,pass,0.8087,9.0
selected_ols_av,pass,-2.7427,3.0
selected_ols_av,pass,0.0098,6.0
selected_ols_av,pass,-0.8126,4.0
selected_ols_av,pass,0.0098,0.0
selected_ols_av,pass,0.467,0.0
selected_ols_av,pass,-0.3554,3.0
selected_ols_av,pass,-1.6116,3.0
selected_ols_av,pass,-1.8282,2.0
selected_ols_av,pass,0.8087,3.0
selected_ols_av,pass,-0.8126,2.0
selected_ols_av,pass,-0.4475,0.0
selected_ols_av,pass,1.266,6.0
selected_ols_av,pass,-2.2855,5.0
selected_ols_av,pass,-1.8282,5.0
selected_ols_av,pass,-1.1214,0.0
selected_ols_av,pass,-1.1214,0.0
selected_ols_av,pass,-2.7427,2.0
selected_ols_av,pass,-0.6641,0.0
selected_ols_av,pass,0.467,0.0
selected_ols_av,pass,-1.1543,2.0
selected_ols_av,pass,0.1019,7.0
selected_ols_av,pass,1.7232,9.0
selected_ols_av,pass,-0.3554,6.0
selected_ols_av,pass,0.467,5.0
selected_ols_av,pass,-0.6641,1.0
selected_ols_av,pass,-0.3554,7.0
selected_ols_av,pass,-0.6641,0.0
selected_ols_av,pass,0.467,3.0
selected_ols_av,pass,-0.8126,3.0
selected_ols_av,pass,0.5591,3.0
selected_ols_av,pass,-1.1543,3.0
selected_ols_av,pass,-2.2855,3.0
selected_ols_av,pass,-0.6641,0.0
selected_ols_av,pass,0.1019,4.0
selected_ols_av,pass,-0.2069,4.0
selected_ols_av,pass,-1.2699,3.0
selected_ols_av,pass,-2.5261,2.0
selected_ols_av,pass,-0.2069,0.0
selected_ols_av,pass,-3.2,3.0
selected_ols_av,pass,-1.6116,4.0
selected_ols_av,pass,0.467,0.0
selected_ols_av,pass,-2.7427,3.0
selected_ols_av,pass,0.0098,0.0
selected_ols_av,pass,0.1019,4.0
selected_ols_av,pass,0.0098,7.0
selected_ols_av,pass,0.1019,1.0
selected_ols_av,pass,-0.2069,0.0
selected_ols_av,pass,-2.2855,4.0
selected_ols_av,pass,-2.0688,3.0
selected_ols_av,pass,-1.8282,4.0
selected_ols_av,pass,0.0098,2.0
selected_ols_av,pass,-0.2069,0.0
selected_ols_av,pass,-0.9047,7.0
selected_ols_av,pass,1.266,8.0
selected_ols_av,pass,-0.8126,7.0
selected_ols_av,pass,-1.1543,2.0
selected_ols_av,pass,-0.8126,3.0
selected_ols_av,pass,-0.3554,0.0
selected_ols_av,pass,-1.2699,0.0
selected_ols_av,pass,0.8087,6.0
selected_ols_av,pass,-0.8126,6.0
selected_ols_av,pass,-0.2069,0.0
selected_ols_av,pass,-0.3554,5.0
selected_ols_av,pass,0.3515,5.0
selected_ols_av,pass,-2.2855,2.0
selected_ols_av,pass,-0.3554,4.0
selected_ols_av,pass,0.467,0.0
selected_ols_av,pass,-0.6641,0.0
selected_ols_av,pass,2.1805,9.0
selected_ols_av,pass,0.8087,6.0
selected_ols_av,pass,0.467,9.0
selected_ols_av,pass,-2.7427,5.0
selected_ols_av,pass,-0.6641,5.0
selected_ols_av,pass,-1.6116,2.0
selected_ols_av,pass,-2.0688,1.0
selected_ols_av,pass,1.266,6.0
selected_ols_av,pass,-0.2069,0.0
selected_ols_av,pass,-1.2699,0.0
selected_ols_av,pass,-1.6116,1.0
selected_ols_av,pass,-0.3554,8.0
selected_ols_av,pass,0.0098,7.0
selected_ols_av,pass,0.2504,0.0
selected_ols_av,pass,0.467,0.0
selected_ols_av,pass,-0.3554,0.0
selected_ols_av,pass,-0.3554,5.0
selected_ols_av,pass,0.1019,10.0
selected_ols_av,pass,-1.1543,3.0
selected_ols_av,pass,-2.2855,2.0
selected_ols_av,pass,0.467,6.0
selected_ols_av,pass,1.7232,8.0
selected_ols_av,pass,-0.3554,4.0
selected_ols_av,pass,1.266,8.0
selected_ols_av,pass,-0.2069,5.0
selected_ols_av,pass,-0.3554,0.0
selected_ols_av,pass,-0.9047,0.0
selected_ols_av,pass,-2.2855,2.0
selected_ols_av,pass,-2.0688,5.0
selected_ols_av,pass,-0.6641,0.0
selected_ols_av,pass,-1.371,3.0
selected_ols_av,pass,-0.3554,5.0
selected_ols_av,pass,0.0098,5.0
selected_ols_av,pass,1.266,5.0
selected_ols_av,pass,-0.6641,0.0
selected_ols_av,pass,-0.8126,2.0
selected_ols_av,pass,-1.1214,1.0
selected_ols_av,pass,-0.2069,0.0
selected_ols_av,pass,-1.6116,2.0
selected_ols_av,pass,-2.0688,4.0
selected_ols_av,pass,-0.2069,0.0
selected_ols_av,pass,-1.1543,9.0
selected_ols_av,pass,0.3515,5.0
selected_ols_av,pass,-0.6641,0.0
selected_ols_av,pass,-0.8126,0.0
selected_ols_av,pass,-1.8282,4.0
selected_ols_av,pass,-1.1214,0.0
selected_ols_av,pass,-1.8282,6.0
selected_ols_av,pass,-1.8282,4.0
selected_ols_av,pass,0.467,0.0
selected_ols_av,pass,-2.2855,2.0
selected_ols_av,pass,-0.6641,2.0
selected_ols_av,pass,-0.4475,4.0
selected_ols_av,pass,-1.1214,0.0
selected_ols_av,pass,0.467,2.0
selected_ols_av,pass,0.1019,4.0
selected_ols_av,pass,0.467,2.0
selected_ols_av,pass,-2.2855,3.0
selected_ols_av,pass,0.1019,5.0
selected_ols_av,pass,0.5591,0.0
selected_ols_av,pass,-1.1543,4.0
selected_ols_av,pass,-0.6641,5.0
selected_ols_av,pass,1.266,7.0
selected_ols_av,pass,-0.4475,3.0
selected_ols_av,pass,1.266,5.0
selected_ols_av,pass,0.1019,1.0
selected_ols_av,pass,-0.8126,6.0
selected_ols_av,pass,-1.1214,3.0
selected_ols_av,pass,0.9243,0.0
selected_ols_av,pass,0.8087,6.0
selected_ols_av,pass,0.5591,10.0
selected_ols_av,pass,1.266,6.0
selected_ols_av,pass,0.2504,0.0
selected_ols_av,pass,-1.1214,1.0
selected_ols_av,pass,0.9243,8.0
selected_ols_av,pass,0.2504,0.0
selected_ols_av,pass,1.266,7.0
selected_ols_av,pass,-0.4475,3.0
selected_ols_av,pass,0.5591,4.0
selected_ols_av,pass,-0.2069,0.0
selected_ols_av,pass,0.7076,0.0
selected_ols_av,pass,2.1805,8.0
selected_ols_av,pass,-0.6641,2.0
selected_ols_av,pass,1.7232,6.0
selected_ols_av,pass,-0.6641,0.0
selected_ols_av,pass,0.0098,4.0
selected_ols_av,pass,-0.8126,4.0
selected_ols_av,pass,2.1805,7.0
selected_ols_av,pass,-0.2069,0.0
selected_ols_av,pass,-0.2069,6.0
selected_ols_av,pass,-0.8126,0.0
selected_ols_av,pass,0.0098,5.0
selected_ols_av,pass,-2.7427,4.0
selected_ols_av,pass,1.7232,6.0
selected_ols_av,pass,-0.6641,3.0
selected_ols_av,pass,-0.3554,0.0
selected_ols_av,pass,0.467,5.0
selected_ols_av,pass,0.0098,0.0
selected_ols_av,pass,-1.6116,3.0
selected_ols_av,pass,1.266,6.0
selected_ols_av,pass,0.5591,0.0
selected_ols_av,pass,-0.6641,2.0
selected_ols_av,pass,1.266,7.0
selected_ols_av,pass,0.5591,4.0
selected_ols_av,pass,-0.6641,0.0
selected_ols_av,pass,-0.8126,3.0
selected_ols_av,pass,-0.6641,3.0
selected_ols_av,pass,-2.0688,1.0
selected_ols_av,pass,-0.8126,2.0
selected_ols_av,pass,-0.2069,0.0
selected_ols_av,pass,1.7232,9.0
selected_ols_av,pass,0.8087,7.0
selected_ols_av,pass,1.266,8.0
selected_ols_av,pass,1.7232,8.0
selected_ols_av,pass,1.3815,7.0
selected_ols_av,pass,-1.1214,0.0
selected_ols_av,pass,0.0098,5.0
selected_ols_av,pass,0.0098,5.0
selected_ols_av,pass,-2.0688,5.0
selected_ols_av,pass,-2.2855,4.0
selected_ols_av,pass,-1.1543,5.0
selected_ols_av,pass,-0.3554,7.0
selected_ols_av,pass,1.266,8.0
selected_ols_av,pass,1.266,9.0
selected_ols_av,pass,-2.2855,3.0
selected_ols_av,pass,-0.2069,2.0
selected_ols_av,pass,-2.5261,5.0
selected_ols_av,pass,-0.3554,2.0
selected_ols_av,pass,1.266,5.0
selected_ols_av,pass,-1.1214,5.0
selected_ols_av,pass,-0.3554,0.0
selected_ols_av,pass,-2.2855,2.0
selected_ols_av,pass,-0.3554,5.0
selected_ols_av,pass,-0.6641,0.0
selected_ols_av,pass,0.8087,8.0
selected_ols_av,pass,1.7232,4.0
selected_ols_av,pass,0.8087,7.0
selected_ols_av,pass,-0.2069,0.0
selected_ols_av,pass,0.467,9.0
selected_ols_av,pass,-0.6641,0.0
selected_ols_av,pass,-0.2069,1.0
selected_ols_av,pass,1.266,7.0
selected_ols_av,pass,-1.1214,0.0
selected_ols_av,pass,-1.2699,2.0
selected_ols_av,pass,0.3515,10.0
selected_ols_av,pass,-1.5786,3.0
selected_ols_av,pass,-0.8126,3.0
selected_ols_av,pass,-0.2069,0.0
selected_ols_av,pass,-2.2855,4.0
selected_ols_av,pass,0.467,0.0
selected_ols_av,pass,-0.9047,3.0
selected_ols_av,pass,-0.9047,3.0
selected_ols_av,pass,1.266,8.0
selected_ols_av,pass,-0.6641,0.0
selected_ols_av,pass,-0.2069,2.0
selected_ols_av,pass,1.3815,7.0
selected_ols_av,pass,-0.8126,4.0
selected_ols_av,pass,-1.5786,0.0
selected_ols_av,pass,0.467,6.0
selected_ols_av,pass,-0.8126,5.0
selected_ols_av,pass,-0.3554,0.0
selected_ols_av,pass,-2.7427,2.0
selected_ols_av,pass,0.0098,2.0
selected_ols_av,pass,-2.2855,5.0
selected_ols_av,pass,0.8087,5.0
selected_ols_av,pass,-2.7427,4.0
selected_ols_av,pass,-1.1543,2.0
selected_ols_av,pass,0.8087,8.0
selected_ols_av,pass,0.0098,5.0
selected_ols_av,pass,-1.1214,6.0
selected_ols_av,pass,-1.1543,4.0
selected_ols_av,pass,-2.0688,3.0
selected_ols_av,pass,-0.2069,4.0
selected_ols_av,pass,0.1019,0.0
selected_ols_av,pass,-1.1214,3.0
selected_ols_av,pass,0.0098,7.0
selected_ols_av,pass,2.1805,7.0
selected_ols_av,pass,-0.3554,0.0
selected_ols_av,pass,0.1019,3.0
selected_ols_av,pass,-0.6641,0.0
selected_ols_av,pass,-0.4475,6.0
selected_ols_av,pass,-1.1214,2.0
selected_ols_av,pass,-1.6116,3.0
selected_ols_av,pass,0.1019,5.0
selected_ols_av,pass,0.1019,1.0
selected_ols_av,pass,-2.7427,3.0
selected_ols_av,pass,-0.3554,4.0
selected_ols_av,pass,1.266,7.0
selected_ols_av,pass,1.266,7.0
selected_ols_av,pass,-0.6641,2.0
selected_ols_av,pass,-0.4475,2.0
selected_ols_av,pass,-1.2699,0.0
selected_ols_av,pass,0.2504,5.0
selected_ols_av,pass,0.0098,0.0
selected_ols_av,pass,1.266,7.0
selected_ols_av,pass,-0.2069,3.0
selected_ols_av,pass,-1.2699,3.0
selected_ols_av,pass,-0.2069,3.0
selected_ols_av,pass,-0.8126,1.0
selected_ols_av,pass,1.266,9.0
selected_ols_av,pass,-0.6971,4.0
selected_ols_av,pass,0.1019,0.0
selected_ols_av,pass,-1.1214,4.0
selected_ols_av,pass,-0.3554,0.0
selected_ols_av,pass,-1.1214,0.0
selected_ols_av,pass,0.9243,0.0
selected_ols_av,pass,-2.7427,2.0
selected_ols_av,pass,0.0098,3.0
selected_ols_av,pass,-1.1214,0.0
selected_ols_av,pass,-0.3554,6.0
selected_ols_av,pass,-1.6116,4.0
selected_ols_av,pass,-0.6641,0.0
selected_ols_av,pass,0.1019,4.0
selected_ols_av,pass,-0.8126,6.0
selected_ols_av,pass,-2.7427,2.0
selected_ols_av,pass,-0.4475,8.0
selected_ols_av,pass,0.3515,6.0
selected_ols_av,pass,-0.2069,0.0
selected_ols_av,pass,-0.2069,0.0
selected_ols_av,pass,-2.7427,2.0
selected_ols_av,pass,-0.3554,1.0
selected_ols_av,pass,-1.2699,4.0
selected_ols_av,pass,-1.371,2.0
selected_ols_av,pass,1.7232,8.0
selected_ols_av,pass,1.7232,5.0
selected_ols_av,pass,-1.1214,3.0
selected_ols_av,pass,-2.0688,5.0
selected_ols_av,pass,0.1019,2.0
selected_ols_av,pass,-0.8126,3.0
selected_ols_av,pass,1.266,7.0
selected_ols_av,pass,-0.4475,8.0
selected_ols_av,pass,-0.4475,7.0
selected_ols_av,pass,1.266,7.0
selected_ols_av,pass,-1.5786,0.0
selected_ols_av,pass,0.2504,4.0
selected_ols_av,pass,-0.2069,0.0
selected_ols_av,pass,-1.5786,5.0
selected_ols_av,pass,0.3515,6.0
selected_ols_av,pass,-1.1214,4.0
selected_ols_av,pass,-1.1214,0.0
selected_ols_av,pass,-0.4475,6.0
selected_ols_av,pass,-0.2399,0.0
selected_ols_av,pass,1.266,8.0
selected_ols_av,pass,-0.8126,3.0
selected_ols_av,pass,-0.3554,4.0
selected_ols_av,pass,0.0098,2.0
selected_ols_av,pass,-0.4475,3.0
selected_ols_av,pass,1.266,7.0
selected_ols_av,pass,0.1019,0.0
selected_ols_av,pass,-2.7427,2.0
selected_ols_av,pass,-0.4475,0.0
selected_ols_av,pass,1.266,7.0
selected_ols_av,pass,0.0098,0.0
selected_ols_av,pass,-3.2,1.0
selected_ols_av,pass,-1.1214,0.0
selected_ols_av,pass,0.5591,2.0
selected_ols_av,pass,-1.1543,5.0
selected_ols_av,pass,0.1019,0.0
selected_ols_av,pass,-0.8126,4.0
selected_ols_av,pass,-0.3554,3.0
selected_ols_av,pass,1.266,6.0
selected_ols_av,pass,-1.1214,3.0
selected_ols_av,pass,1.266,6.0
selected_ols_av,pass,-0.8126,1.0
selected_ols_av,pass,-1.1543,3.0
selected_ols_av,pass,-0.3554,3.0
selected_ols_av,pass,0.5591,5.0
selected_ols_av,pass,-0.2069,6.0
selected_ols_av,pass,0.5591,6.0
selected_ols_av,pass,0.0098,6.0
selected_ols_av,pass,-1.2699,1.0
selected_ols_av,pass,0.5591,0.0
selected_ols_av,pass,0.467,4.0
selected_ols_av,pass,0.8087,8.0
selected_ols_av,pass,1.7232,3.0
selected_ols_av,pass,1.266,6.0
selected_ols_av,pass,-2.0688,2.0
selected_ols_av,pass,-0.6641,0.0
selected_ols_av,pass,-0.3554,0.0
selected_ols_av,pass,0.0098,0.0
selected_ols_av,pass,0.1019,0.0
selected_ols_av,pass,0.1019,0.0
selected_ols_av,pass,-0.3554,7.0
selected_ols_av,pass,-2.2855,4.0
selected_ols_av,pass,-0.2069,3.0
selected_ols_av,pass,-0.8126,0.0
selected_ols_av,pass,0.3515,7.0
selected_ols_av,pass,0.0098,0.0
selected_ols_av,pass,-3.2,1.0
selected_ols_av,pass,0.8087,7.0
selected_ols_av,pass,-1.5786,2.0
selected_ols_av,pass,0.3515,7.0
selected_ols_av,pass,0.1019,0.0
selected_ols_av,pass,0.467,0.0
selected_ols_av,pass,1.266,7.0
selected_ols_av,pass,-0.9047,0.0
selected_ols_av,pass,1.266,7.0
selected_ols_av,pass,0.5591,4.0
selected_ols_av,pass,0.9243,5.0
selected_ols_av,pass,-0.6971,2.0
selected_ols_av,pass,0.1019,7.0
selected_ols_av,pass,-0.3554,5.0
selected_ols_av,pass,-2.7427,2.0
selected_ols_av,pass,0.8087,1.0
selected_ols_av,pass,0.467,5.0
selected_ols_av,pass,1.266,5.0
selected_ols_av,pass,-1.6116,4.0
selected_ols_av,pass,-0.2069,0.0
selected_ols_av,pass,2.1805,7.0
selected_ols_av,pass,-0.3554,2.0
selected_ols_av,pass,-0.2069,0.0
selected_ols_av,pass,-1.2699,6.0
selected_ols_av,pass,-0.8126,4.0
selected_ols_av,pass,0.467,3.0
selected_ols_av,pass,-1.6116,7.0
selected_ols_av,pass,-0.2069,0.0
selected_ols_av,pass,-0.3554,4.0
selected_ols_av,pass,-0.3554,3.0
selected_ols_av,pass,0.0098,0.0
selected_ols_av,pass,0.0098,7.0
selected_ols_av,pass,-1.8282,3.0
selected_ols_av,pass,1.7232,6.0
selected_ols_av,pass,-3.2,3.0
selected_ols_av,pass,-0.2069,0.0
selected_ols_av,pass,-1.371,1.0
selected_ols_av,pass,1.0163,0.0
selected_ols_av,pass,0.467,0.0
selected_ols_av,pass,-1.8282,1.0
selected_ols_av,pass,-2.2855,4.0
selected_ols_av,pass,0.0098,7.0
selected_ols_av,pass,-0.2069,0.0
selected_ols_av,pass,0.8087,7.0
selected_ols_av,pass,2.6377,7.0
selected_ols_av,pass,-0.6641,0.0
selected_ols_av,pass,-1.1543,4.0
selected_ols_av,pass,-0.4475,4.0
selected_ols_av,pass,1.3815,0.0
selected_ols_av,pass,0.1019,0.0
selected_ols_av,pass,1.7232,7.0
selected_ols_av,pass,-0.6641,0.0
selected_ols_av,pass,-0.6641,0.0
selected_ols_av,pass,0.467,2.0
selected_ols_av,pass,-2.7427,1.0
selected_ols_av,pass,-0.6641,0.0
selected_ols_av,pass,-1.6116,9.0
selected_ols_av,pass,-0.2069,0.0
selected_ols_av,pass,-0.2069,0.0
selected_ols_av,pass,0.1019,4.0
selected_ols_av,pass,0.467,0.0
selected_ols_av,pass,1.0163,0.0
selected_ols_av,pass,-1.2699,3.0
selected_ols_av,pass,-0.6971,5.0
selected_ols_av,pass,-0.8126,4.0
selected_ols_av,pass,-2.7427,1.0
selected_ols_av,pass,1.7232,8.0
selected_ols_av,pass,1.266,6.0
selected_ols_av,pass,-0.6641,3.0
selected_ols_av,pass,1.7232,7.0
selected_ols_av,pass,-0.9047,0.0
selected_ols_av,pass,-0.8126,0.0
selected_ols_av,pass,-3.2,4.0
selected_ols_av,pass,-0.3554,3.0
selected_ols_av,pass,-2.0688,3.0
selected_ols_av,pass,1.7232,7.0
selected_ols_av,pass,-0.4475,2.0
selected_ols_av,pass,-0.6641,2.0
selected_ols_av,pass,-0.6641,0.0
selected_ols_av,pass,-1.1214,0.0
selected_ols_av,pass,-2.2855,6.0
selected_ols_av,pass,-0.6641,4.0
selected_ols_av,pass,-0.6641,0.0
selected_ols_av,pass,0.5591,2.0
selected_ols_av,pass,-1.6116,9.0
selected_ols_av,pass,-0.8126,1.0
selected_ols_av,pass,1.266,7.0
selected_ols_av,pass,-0.3554,0.0
selected_ols_av,pass,0.0098,5.0
selected_ols_av,pass,-0.6971,5.0
selected_ols_av,pass,-0.6641,4.0
selected_ols_av,pass,-0.6641,4.0
selected_ols_av,pass,-1.1214,0.0
selected_ols_av,pass,0.5591,0.0
selected_ols_av,pass,0.0098,6.0
selected_ols_av,pass,1.266,7.0
selected_ols_av,pass,0.0098,1.0
selected_ols_av,pass,0.1019,0.0
selected_ols_av,pass,0.5591,8.0
selected_ols_av,pass,-0.6641,0.0
selected_ols_av,pass,-0.3554,8.0
selected_ols_av,pass,-0.4475,0.0
selected_ols_av,pass,0.5591,4.0
selected_ols_av,pass,1.266,6.0
selected_ols_av,pass,1.266,5.0
selected_ols_av,pass,-1.2699,4.0
selected_ols_av,pass,-0.3554,1.0
selected_ols_av,pass,-0.8126,4.0
selected_ols_av,pass,1.266,7.0
selected_ols_av,pass,0.0098,4.0
selected_ols_av,pass,-1.1214,0.0
selected_ols_av,pass,-1.371,5.0
selected_ols_av,pass,-0.8126,6.0
selected_ols_av,pass,-0.8126,0.0
selected_ols_av,pass,0.9243,0.0
selected_ols_av,pass,-2.0688,5.0
selected_ols_av,pass,-1.6116,3.0
selected_ols_av,pass,0.0098,6.0
selected_ols_av,pass,-0.6641,4.0
selected_ols_av,pass,-1.8282,6.0
selected_ols_av,pass,-1.2699,5.0
selected_ols_av,pass,1.7232,4.0
selected_ols_av,pass,-0.8126,3.0
selected_ols_av,pass,0.1019,5.0
selected_ols_av,pass,0.467,4.0
selected_ols_av,pass,-0.6641,5.0
selected_ols_av,pass,-0.3554,0.0
selected_ols_av,pass,0.1019,8.0
selected_ols_av,pass,-0.6641,2.0
selected_ols_av,pass,-0.6641,4.0
selected_ols_av,pass,0.0098,5.0
selected_ols_av,pass,-0.3554,6.0
selected_ols_av,pass,1.7232,7.0
selected_ols_av,pass,-2.7427,5.0
selected_ols_av,pass,0.8087,5.0
selected_ols_av,pass,0.5591,4.0
selected_ols_av,pass,1.266,7.0
selected_ols_av,pass,0.1019,5.0
selected_ols_av,pass,0.1019,4.0
selected_ols_av,pass,0.467,9.0
selected_ols_av,pass,-0.9047,3.0
selected_ols_av,pass,-0.6641,3.0
selected_ols_av,pass,-0.8126,5.0
selected_ols_av,pass,-0.6641,2.0
selected_ols_av,pass,-1.6116,4.0
selected_ols_av,pass,0.8087,5.0
selected_ols_av,pass,0.5591,0.0
selected_ols_av,pass,-1.1214,2.0
selected_ols_av,pass,-0.6641,0.0
selected_ols_av,pass,-0.3554,4.0
selected_ols_av,pass,-0.6641,0.0
selected_ols_av,pass,0.467,0.0
selected_ols_av,pass,-0.6641,4.0
selected_ols_av,pass,-0.6641,1.0
selected_ols_av,pass,0.0098,0.0
selected_ols_av,pass,-0.3554,3.0
selected_ols_av,pass,-0.3554,10.0
selected_ols_av,pass,-0.2069,4.0
selected_ols_av,pass,-0.4475,0.0
selected_ols_av,pass,-0.3554,9.0
selected_ols_av,pass,-0.6641,5.0
selected_ols_av,pass,-2.2855,2.0
selected_ols_av,pass,0.0098,4.0
selected_ols_av,pass,-0.3554,6.0
selected_ols_av,pass,-0.3554,2.0
selected_ols_av,pass,0.0098,5.0
selected_ols_av,pass,0.9243,2.0
selected_ols_av,pass,-0.9047,7.0
selected_ols_av,pass,-0.2069,0.0
selected_ols_av,pass,0.9243,0.0
selected_ols_av,pass,-0.2069,0.0
selected_ols_av,pass,-0.3554,3.0
selected_ols_av,pass,-1.2699,0.0
selected_ols_av,pass,-2.0688,1.0
selected_ols_av,pass,0.8087,8.0
selected_ols_av,pass,0.2504,0.0
selected_ols_av,pass,-1.1214,4.0
selected_ols_av,pass,0.467,0.0
selected_ols_av,pass,-1.6116,1.0
selected_ols_av,pass,-1.8282,0.0
selected_ols_av,pass,-1.8282,4.0
selected_ols_av,pass,0.3515,7.0
selected_ols_av,pass,-0.6641,4.0
selected_ols_av,pass,-1.8282,4.0
selected_ols_av,pass,-0.3554,3.0
selected_ols_av,pass,0.1019,0.0
selected_ols_av,pass,-1.8282,4.0
selected_ols_av,pass,-0.8126,3.0
selected_ols_av,pass,-0.3554,5.0
selected_ols_av,pass,0.0098,0.0
selected_ols_av,pass,0.0098,0.0
selected_ols_av,pass,-1.371,3.0
selected_ols_av,pass,0.1019,3.0
selected_ols_av,pass,-0.3554,6.0
selected_ols_av,pass,-0.6641,4.0
selected_ols_av,pass,-1.2699,2.0
selected_ols_av,pass,-1.6116,4.0
selected_ols_av,pass,1.266,7.0
selected_ols_av,pass,-0.2069,3.0
selected_ols_av,pass,-0.6641,0.0
selected_ols_av,pass,-1.8282,4.0
selected_ols_av,pass,-0.8126,0.0
selected_ols_av,pass,-0.2069,0.0
selected_ols_av,pass,-1.8282,4.0
selected_ols_av,pass,-0.4475,2.0
selected_ols_av,pass,0.9243,0.0
selected_ols_av,pass,-1.2699,0.0
selected_ols_av,pass,-1.6116,3.0
selected_ols_av,pass,-2.7427,4.0
selected_ols_av,pass,-1.1214,2.0
selected_ols_av,pass,0.0098,0.0
selected_ols_av,pass,-1.6116,2.0
selected_ols_av,pass,0.0098,0.0
selected_ols_av,pass,-0.3554,5.0
selected_ols_av,pass,-2.2855,3.0
selected_ols_av,pass,0.467,5.0
selected_ols_av,pass,1.1648,0.0
selected_ols_av,pass,-0.3554,0.0
selected_ols_av,pass,-0.6641,4.0
selected_ols_av,pass,0.467,7.0
selected_ols_av,pass,-1.1214,2.0
selected_ols_av,pass,-0.8126,0.0
selected_ols_av,pass,-2.2855,0.0
selected_ols_av,pass,0.0098,5.0
selected_ols_av,pass,1.7232,7.0
selected_ols_av,pass,0.467,0.0
selected_ols_av,pass,1.266,8.0
selected_ols_av,pass,-2.0688,4.0
selected_ols_av,pass,-0.8126,3.0
selected_ols_av,pass,-0.6641,0.0
selected_ols_av,pass,-0.8126,4.0
selected_ols_av,pass,-0.6641,3.0
selected_ols_av,pass,-1.1214,0.0
selected_ols_av,pass,1.266,8.0
selected_ols_av,pass,0.1019,4.0
selected_ols_av,pass,1.7232,6.0
selected_ols_av,pass,0.1019,4.0
selected_ols_av,pass,-0.6641,5.0
selected_ols_av,pass,-1.6116,4.0
selected_ols_av,pass,0.3515,5.0
selected_ols_av,pass,0.1019,3.0
selected_ols_av,pass,-0.2069,0.0
selected_ols_av,pass,0.0098,0.0
selected_ols_av,pass,-1.1214,0.0
selected_ols_av,pass,0.1019,5.0
selected_ols_av,pass,-0.3554,6.0
selected_ols_av,pass,0.1019,0.0
selected_ols_av,pass,-2.7427,3.0
selected_ols_av,pass,-0.6641,3.0
selected_ols_av,pass,0.2504,4.0
selected_ols_av,pass,-0.8126,0.0
selected_ols_av,pass,-1.1214,0.0
selected_ols_av,pass,-0.2069,0.0
selected_ols_av,pass,0.467,0.0
selected_ols_av,pass,0.8087,7.0
selected_ols_av,pass,-1.6116,5.0
selected_ols_av,pass,-0.6641,0.0
selected_ols_av,pass,-1.8282,4.0
selected_ols_av,pass,-1.6116,2.0
selected_ols_av,pass,-0.6641,5.0
selected_ols_av,pass,-0.3554,3.0
selected_ols_av,pass,-1.1543,5.0
selected_ols_av,pass,1.7232,7.0
selected_ols_av,pass,-0.4475,6.0
selected_ols_av,pass,-0.4475,6.0
selected_ols_av,pass,-1.1214,0.0
selected_ols_av,pass,-0.8126,0.0
selected_ols_av,pass,0.1019,4.0
selected_ols_av,pass,-0.6641,4.0
selected_ols_av,pass,-1.8282,4.0
selected_ols_av,pass,-0.3554,8.0
selected_ols_av,pass,-0.4475,8.0
selected_ols_av,pass,-0.8126,0.0
selected_ols_av,pass,0.5591,0.0
selected_ols_av,pass,-2.5261,1.0
selected_ols_av,pass,-1.2699,4.0
selected_ols_av,pass,-1.2699,2.0
selected_ols_av,pass,-0.3554,0.0
selected_ols_av,pass,0.8087,5.0
selected_ols_av,pass,0.5591,0.0
selected_ols_av,pass,-2.5261,5.0
selected_ols_av,pass,0.9243,3.0
selected_ols_av,pass,-0.3554,0.0
selected_ols_av,pass,0.467,0.0
selected_ols_av,pass,0.2504,5.0
selected_ols_av,pass,-1.5786,0.0
selected_ols_av,pass,0.467,0.0
selected_ols_av,pass,-1.6116,2.0
selected_ols_av,pass,0.8087,10.0
selected_ols_av,pass,0.3515,7.0
selected_ols_av,pass,0.7076,0.0
selected_ols_av,pass,0.2504,3.0
selected_ols_av,pass,-1.1214,3.0
selected_ols_av,pass,-0.6641,2.0
selected_ols_av,pass,-1.1543,4.0
selected_ols_av,pass,0.8087,5.0
selected_ols_av,pass,-0.8126,0.0
selected_ols_av,pass,-0.6641,0.0
selected_ols_av,pass,-0.9047,3.0
selected_ols_av,pass,-0.4475,0.0
selected_ols_av,pass,-1.5786,4.0
selected_ols_av,pass,0.5591,0.0
selected_ols_av,pass,0.0098,0.0
selected_ols_av,pass,-2.2855,4.0
selected_ols_av,pass,-0.6641,4.0
selected_ols_av,pass,-2.5261,5.0
selected_ols_av,pass,1.266,5.0
selected_ols_av,pass,-1.6116,3.0
selected_ols_av,pass,1.266,6.0
selected_ols_av,pass,0.1019,3.0
selected_ols_av,pass,-2.2855,7.0
selected_ols_av,pass,-0.8126,2.0
selected_ols_av,pass,0.1019,8.0
selected_ols_av,pass,-1.2699,2.0
selected_ols_av,pass,0.2504,0.0
selected_ols_av,pass,-1.1214,0.0
selected_ols_av,pass,1.266,7.0
selected_ols_av,pass,-2.5261,4.0
selected_ols_av,pass,-0.6641,4.0
selected_ols_av,pass,-0.4475,4.0
selected_ols_av,pass,-2.7427,3.0
selected_ols_av,pass,0.5591,2.0
selected_ols_av,pass,-0.2069,0.0
selected_ols_av,pass,1.266,4.0
selected_ols_av,pass,1.266,6.0
selected_ols_av,pass,-1.1214,0.0
selected_ols_av,pass,0.467,0.0
selected_ols_av,pass,-1.6116,5.0
selected_ols_av,pass,-0.6641,0.0
selected_ols_av,pass,0.0098,6.0
selected_ols_av,pass,0.1019,5.0
selected_ols_av,pass,-1.1214,4.0
selected_ols_av,pass,2.1805,7.0
selected_ols_av,pass,-0.6641,0.0
selected_ols_av,pass,-1.8282,2.0
selected_ols_av,pass,-1.1543,3.0
selected_ols_av,pass,-1.1214,2.0
selected_ols_av,pass,-0.4475,0.0
selected_ols_av,pass,-2.7427,3.0
selected_ols_av,pass,-0.6641,2.0
selected_ols_av,pass,0.0098,1.0
selected_ols_av,pass,-0.8126,2.0
selected_ols_av,pass,0.5591,0.0
selected_ols_av,pass,0.8087,8.0
selected_ols_av,pass,0.0098,4.0
selected_ols_av,pass,-2.0688,5.0
selected_ols_av,pass,0.8087,9.0
selected_ols_av,pass,0.8087,2.0
selected_ols_av,pass,-0.6641,5.0
selected_ols_av,pass,-0.3554,3.0
selected_ols_av,pass,-0.4475,2.0
selected_ols_av,pass,-0.2069,0.0
selected_ols_av,pass,1.7232,3.0
selected_ols_av,pass,-0.3554,3.0
selected_ols_av,pass,0.0098,8.0
selected_ols_av,pass,-0.2069,4.0
selected_ols_av,pass,-0.4475,9.0
selected_ols_av,pass,1.7232,6.0
selected_ols_av,pass,0.467,0.0
selected_ols_av,pass,-0.8126,0.0
selected_ols_av,pass,0.2504,0.0
selected_ols_av,pass,2.6377,4.0
selected_ols_av,pass,0.0098,2.0
selected_ols_av,pass,-0.2069,2.0
selected_ols_av,pass,0.0098,6.0
selected_ols_av,pass,-1.1543,7.0
selected_ols_av,pass,-2.2855,4.0
selected_ols_av,pass,-0.3554,8.0
selected_ols_av,pass,-1.1214,3.0
selected_ols_av,pass,0.2504,0.0
selected_ols_av,pass,1.266,7.0
selected_ols_av,pass,-0.6641,0.0
selected_ols_av,pass,0.0098,4.0
selected_ols_av,pass,-0.3554,0.0
selected_ols_av,pass,0.8087,6.0
selected_ols_av,pass,-0.8126,0.0
selected_ols_av,pass,-1.1214,0.0
selected_ols_av,pass,-1.1214,4.0
selected_ols_av,pass,1.7232,6.0
selected_ols_av,pass,0.0098,0.0
selected_ols_av,pass,0.0098,5.0
selected_ols_av,pass,0.0098,4.0
selected_ols_av,pass,-0.6971,10.0
selected_ols_av,pass,-0.3554,0.0
selected_ols_av,pass,-0.6641,3.0
selected_ols_av,pass,-0.6641,0.0
selected_ols_av,pass,-0.4475,6.0
selected_ols_av,pass,0.9243,0.0
selected_ols_av,pass,-0.2069,0.0
selected_ols_av,pass,-1.8282,3.0
selected_ols_av,pass,-1.1214,3.0
selected_ols_av,pass,-1.371,5.0
selected_ols_av,pass,-0.8126,0.0
selected_ols_av,pass,-1.1214,3.0
selected_ols_av,pass,-2.0688,3.0
selected_ols_av,pass,-1.1214,1.0
selected_ols_av,pass,-0.3554,2.0
selected_ols_av,pass,0.467,1.0
selected_ols_av,pass,-0.6641,3.0
selected_ols_av,pass,0.0098,0.0
selected_ols_av,pass,-0.9047,0.0
selected_ols_av,pass,1.266,9.0
selected_ols_av,pass,-0.6641,3.0
selected_ols_av,pass,-2.2855,2.0
selected_ols_av,pass,-0.3554,0.0
selected_ols_av,pass,-0.6641,0.0
selected_ols_av,pass,0.0098,7.0
selected_ols_av,pass,0.0098,4.0
selected_ols_av,pass,0.0098,0.0
selected_ols_av,pass,0.8087,5.0
selected_ols_av,pass,0.467,8.0
selected_ols_av,pass,0.9243,0.0
selected_ols_av,pass,-0.2069,4.0
selected_ols_av,pass,-0.4475,0.0
selected_ols_av,pass,-0.3554,7.0
selected_ols_av,pass,0.0098,2.0
selected_ols_av,pass,0.467,0.0
selected_ols_av,pass,-0.3554,5.0
selected_ols_av,pass,-1.1543,4.0
selected_ols_av,pass,1.266,8.0
selected_ols_av,pass,-1.1214,1.0
selected_ols_av,pass,-1.8282,5.0
selected_ols_av,pass,-0.2069,3.0
selected_ols_av,pass,0.5591,0.0
selected_ols_av,pass,-1.1214,0.0
selected_ols_av,pass,0.8087,4.0
selected_ols_av,pass,-0.2069,2.0
selected_ols_av,pass,-2.7427,4.0
selected_ols_av,pass,0.8087,7.0
selected_ols_av,pass,0.5591,0.0
selected_ols_av,pass,-2.0688,6.0
selected_ols_av,pass,-0.8126,3.0
selected_ols_av,pass,-1.1543,4.0
selected_ols_av,pass,-2.2855,4.0
selected_ols_av,pass,-1.8282,3.0
selected_ols_av,pass,-1.8282,4.0
selected_ols_av,pass,-1.8282,4.0
selected_ols_av,pass,-0.6641,0.0
selected_ols_av,pass,1.266,5.0
selected_ols_av,pass,-1.8282,3.0
selected_ols_av,pass,2.1805,7.0
selected_ols_av,pass,-0.6641,0.0
selected_ols_av,pass,0.1019,0.0
selected_ols_av,pass,-0.8126,7.0
selected_ols_av,pass,0.0098,0.0
selected_ols_av,pass,-0.4475,0.0
selected_ols_av,pass,0.8087,7.0
selected_ols_av,pass,-1.2699,5.0
selected_ols_av,pass,-2.7427,2.0
selected_ols_av,pass,0.0098,0.0
selected_ols_av,pass,-0.2069,3.0
selected_ols_av,pass,1.266,9.0
selected_ols_av,pass,0.1019,7.0
selected_ols_av,pass,0.0098,6.0
selected_ols_av,pass,2.1805,5.0
selected_ols_av,pass,-1.2699,4.0
selected_ols_av,pass,-1.6116,1.0
selected_ols_av,pass,1.266,6.0
selected_ols_av,pass,-1.6116,1.0
selected_ols_av,pass,-2.0688,2.0
selected_ols_av,pass,0.9243,8.0
selected_ols_av,pass,-0.6641,6.0
selected_ols_av,pass,-1.8282,5.0
selected_ols_av,pass,0.1019,0.0
selected_ols_av,pass,-0.8126,7.0
selected_ols_av,pass,-2.2855,4.0
selected_ols_av,pass,-0.8126,4.0
selected_ols_av,pass,-1.1214,0.0
selected_ols_av,pass,-0.2069,2.0
selected_ols_av,pass,-0.2069,0.0
selected_ols_av,pass,0.5591,8.0
selected_ols_av,pass,0.9243,4.0
selected_ols_av,pass,-2.2855,3.0
selected_ols_av,pass,-0.8126,5.0
selected_ols_av,pass,-0.3554,3.0
selected_ols_av,pass,1.7232,7.0
selected_ols_av,pass,-0.2069,0.0
selected_ols_av,pass,-0.3554,5.0
selected_ols_av,pass,-1.6116,2.0
selected_ols_av,pass,1.7232,6.0
selected_ols_av,pass,0.467,4.0
selected_ols_av,pass,-0.2069,0.0
selected_ols_av,pass,-0.6641,5.0
selected_ols_av,pass,-0.8126,1.0
selected_ols_av,pass,-1.1543,3.0
selected_ols_av,pass,0.0098,0.0
selected_ols_av,pass,1.7232,9.0
selected_ols_av,pass,-2.2855,3.0
selected_ols_av,pass,-1.1214,0.0
selected_ols_av,pass,1.266,8.0
selected_ols_av,pass,-0.3554,3.0
selected_ols_av,pass,-0.3554,0.0
selected_ols_av,pass,-0.9138,1.0
selected_ols_av,pass,-0.4475,8.0
selected_ols_av,pass,-0.6641,4.0
selected_ols_av,pass,-1.1214,0.0
selected_ols_av,pass,-2.0688,3.0
selected_ols_av,pass,2.6377,7.0
selected_ols_av,pass,-0.3554,3.0
selected_ols_av,pass,0.8087,7.0
selected_ols_av,pass,1.266,4.0
selected_ols_av,pass,-1.1543,4.0
selected_ols_av,pass,0.9243,0.0
selected_ols_av,pass,-2.7427,1.0
selected_ols_av,pass,-0.6641,4.0
selected_ols_av,pass,-1.2699,4.0
selected_ols_av,pass,-0.6641,0.0
selected_ols_av,pass,-0.2399,4.0
selected_ols_av,pass,0.1019,4.0
selected_ols_av,pass,1.7232,9.0
selected_ols_av,pass,0.9243,0.0
selected_ols_av,pass,0.5591,5.0
selected_ols_av,pass,0.1019,7.0
selected_ols_av,pass,1.266,7.0
selected_ols_av,pass,0.1019,0.0
selected_ols_av,pass,0.467,0.0
selected_ols_av,pass,-2.7427,5.0
selected_ols_av,pass,-1.1214,0.0
selected_ols_av,pass,-0.4475,0.0
selected_ols_av,pass,0.1019,4.0
selected_ols_av,pass,-1.6116,2.0
selected_ols_av,pass,-0.8126,8.0
selected_ols_av,pass,-0.9047,5.0
selected_ols_av,pass,-0.4475,6.0
selected_ols_av,pass,-1.2699,1.0
selected_ols_av,pass,-1.1214,5.0
selected_ols_av,pass,-0.4475,8.0
selected_ols_av,pass,-0.3554,5.0
selected_ols_av,pass,-0.2069,5.0
selected_ols_av,pass,-0.4475,0.0
selected_ols_av,pass,-0.9047,7.0
selected_ols_av,pass,0.2504,4.0
selected_ols_av,pass,-0.8126,4.0
selected_ols_av,pass,-0.2069,2.0
selected_ols_av,pass,-0.6641,5.0
selected_ols_av,pass,-2.7427,2.0
selected_ols_av,pass,-0.6641,0.0
selected_ols_av,pass,-2.7427,2.0
selected_ols_av,pass,-0.6971,4.0
selected_ols_av,pass,-0.2069,4.0
selected_ols_av,pass,0.0098,0.0
selected_ols_av,pass,-2.2855,4.0
selected_ols_av,pass,-1.2699,0.0
selected_ols_av,pass,0.0098,8.0
selected_ols_av,pass,-0.2069,0.0
selected_ols_av,pass,-0.8126,4.0
selected_ols_av,pass,-1.1214,0.0
selected_ols_av,pass,-0.4475,6.0
selected_ols_av,pass,-0.6641,0.0
selected_ols_av,pass,1.0163,0.0
selected_ols_av,pass,-1.1214,0.0
selected_ols_av,pass,-2.7427,4.0
selected_ols_av,pass,1.266,8.0
selected_ols_av,pass,0.1019,3.0
selected_ols_av,pass,-0.9047,8.0
selected_ols_av,pass,-0.3554,9.0
selected_ols_av,pass,-2.2855,4.0
selected_ols_av,pass,1.7232,9.0
selected_ols_av,pass,2.1805,7.0
selected_ols_av,pass,-0.3554,2.0
selected_ols_av,pass,-2.5261,1.0
selected_ols_av,pass,1.266,7.0
selected_ols_av,pass,-2.0688,2.0
selected_ols_av,pass,-1.5786,2.0
selected_ols_av,pass,-1.2699,5.0
selected_ols_av,pass,1.8387,0.0
selected_ols_av,pass,1.7232,8.0
selected_ols_av,pass,1.266,7.0
selected_ols_av,pass,0.0098,0.0
selected_ols_av,pass,-0.8126,5.0
selected_ols_av,pass,0.3515,4.0
selected_ols_av,pass,-1.1543,2.0
selected_ols_av,pass,1.266,5.0
selected_ols_av,pass,-0.2069,1.0
selected_ols_av,pass,-1.1543,5.0
selected_ols_av,pass,-0.4475,1.0
selected_ols_av,pass,0.0098,5.0
selected_ols_av,pass,-0.6641,0.0
selected_ols_av,pass,0.467,0.0
selected_ols_av,pass,0.467,0.0
selected_ols_av,pass,-2.2855,1.0
selected_ols_av,pass,-2.7427,1.0
selected_ols_av,pass,-1.5786,5.0
selected_ols_av,pass,-1.1543,4.0
selected_ols_av,pass,-0.2069,5.0
selected_ols_av,pass,-0.6641,5.0
selected_ols_av,pass,-2.7427,1.0
selected_ols_av,pass,1.7232,5.0
selected_ols_av,pass,1.266,7.0
selected_ols_av,pass,0.467,7.0
selected_ols_av,pass,-0.8126,5.0
selected_ols_av,pass,0.8087,9.0
selected_ols_av,pass,-0.6641,7.0
selected_ols_av,pass,-0.6641,0.0
selected_ols_av,pass,0.1019,6.0
selected_ols_av,pass,-0.6641,4.0
selected_ols_av,pass,1.3815,4.0
selected_ols_av,pass,1.7232,6.0
selected_ols_av,pass,-1.8282,6.0
selected_ols_av,pass,0.8087,5.0
selected_ols_av,pass,-0.3554,5.0
selected_ols_av,pass,-2.7427,4.0
selected_ols_av,pass,0.467,0.0
selected_ols_av,pass,1.266,7.0
selected_ols_av,pass,0.8087,5.0
selected_ols_av,pass,-0.8126,3.0
selected_ols_av,pass,0.1019,8.0
selected_ols_av,pass,-0.9047,8.0
selected_ols_av,pass,-2.2855,2.0
selected_ols_av,pass,-0.8126,2.0
selected_ols_av,pass,0.8087,6.0
selected_ols_av,pass,1.266,6.0
selected_ols_av,pass,-0.3554,5.0
selected_ols_av,pass,0.0098,6.0
selected_ols_av,pass,0.0098,10.0
selected_ols_av,pass,-0.2069,4.0
selected_ols_av,pass,-0.8126,7.0
selected_ols_av,pass,1.266,9.0
selected_ols_av,pass,-0.6641,0.0
selected_ols_av,pass,-2.2855,6.0
selected_ols_av,pass,-0.3554,0.0
selected_ols_av,pass,-0.8126,3.0
selected_ols_av,pass,-1.2699,1.0
selected_ols_av,pass,-0.2069,0.0
selected_ols_av,pass,-1.1543,5.0
selected_ols_av,pass,-2.0688,1.0
selected_ols_av,pass,-0.3554,5.0
selected_ols_av,pass,1.7232,8.0
selected_ols_av,pass,-2.0688,7.0
selected_ols_av,pass,-0.3554,3.0
selected_ols_av,pass,-0.3554,0.0
selected_ols_av,pass,0.1019,5.0
selected_ols_av,pass,-0.3554,8.0
selected_ols_av,pass,0.8087,8.0
selected_ols_av,pass,-3.2,4.0
selected_ols_av,pass,-0.4475,0.0
selected_ols_av,pass,0.3515,6.0
selected_ols_av,pass,-0.6641,0.0
selected_ols_av,pass,-1.1214,0.0
selected_ols_av,pass,-0.8126,4.0
selected_ols_av,pass,-0.8126,5.0
selected_ols_av,pass,-1.1214,4.0
selected_ols_av,pass,0.3515,1.0
selected_ols_av,pass,-1.1214,3.0
selected_ols_av,pass,-0.6641,0.0
selected_ols_av,pass,1.7232,5.0
selected_ols_av,pass,0.3515,5.0
selected_ols_av,pass,-0.3554,7.0
selected_ols_av,pass,0.467,7.0
selected_ols_av,pass,-0.6641,0.0
selected_ols_av,pass,-1.1543,4.0
selected_ols_av,pass,-1.8282,5.0
selected_ols_av,pass,0.1019,0.0
selected_ols_av,pass,0.8087,7.0
selected_ols_av,pass,0.1019,3.0
selected_ols_av,pass,-1.1214,1.0
selected_ols_av,pass,-1.2699,8.0
selected_ols_av,pass,-0.3554,4.0
selected_ols_av,pass,-1.6116,2.0
selected_ols_av,pass,-0.2069,0.0
selected_ols_av,pass,-0.8126,0.0
selected_ols_av,pass,-2.7427,4.0
selected_ols_av,pass,-1.5786,0.0
selected_ols_av,pass,-0.2069,0.0
selected_ols_av,pass,-0.8126,0.0
selected_ols_av,pass,-0.2069,0.0
selected_ols_av,pass,-0.3554,0.0
selected_ols_av,pass,-3.2,4.0
selected_ols_av,pass,-0.4475,3.0
selected_ols_av,pass,-2.7427,2.0
selected_ols_av,pass,-0.3554,7.0
selected_ols_av,pass,-0.3554,0.0
selected_ols_av,pass,-1.1214,3.0
selected_ols_av,pass,-0.6641,0.0
selected_ols_av,pass,-1.1543,3.0
selected_ols_av,pass,0.2174,4.0
selected_ols_av,pass,0.8087,7.0
selected_ols_av,pass,-1.8282,3.0
selected_ols_av,pass,-0.3554,0.0
selected_ols_av,pass,-2.0688,4.0
selected_ols_av,pass,-1.2699,4.0
selected_ols_av,pass,0.2504,0.0
selected_ols_av,pass,-2.2855,4.0
selected_ols_av,pass,-0.3554,1.0
selected_ols_av,pass,-1.371,5.0
selected_ols_av,pass,-0.4475,0.0
selected_ols_av,pass,-0.4475,3.0
selected_ols_av,pass,0.0098,2.0
selected_ols_av,pass,-0.6641,0.0
selected_ols_av,pass,-0.3554,7.0
selected_ols_av,pass,-1.2699,0.0
selected_ols_av,pass,0.9243,3.0
selected_ols_av,pass,-0.8126,0.0
selected_ols_av,pass,-0.9138,3.0
selected_ols_av,pass,0.467,0.0
selected_ols_av,pass,-1.1543,2.0
selected_ols_av,pass,2.1805,6.0
selected_ols_av,pass,-0.6971,5.0
selected_ols_av,pass,-0.3554,3.0
selected_ols_av,pass,-0.8126,0.0
selected_ols_av,pass,0.1019,3.0
selected_ols_av,pass,-0.2069,6.0
selected_ols_av,pass,0.467,7.0
selected_ols_av,pass,0.467,2.0
selected_ols_av,pass,0.3515,5.0
selected_ols_av,pass,-1.1543,3.0
selected_ols_av,pass,-0.3554,5.0
selected_ols_av,pass,-1.1214,0.0
selected_ols_av,pass,0.8087,6.0
selected_ols_av,pass,-1.371,2.0
selected_ols_av,pass,-0.6641,0.0
selected_ols_av,pass,-1.5786,2.0
selected_ols_av,pass,-2.7427,1.0
selected_ols_av,pass,0.1019,5.0
selected_ols_av,pass,-1.2699,4.0
selected_ols_av,pass,0.8087,8.0
selected_ols_av,pass,-1.6116,4.0
selected_ols_av,pass,0.467,7.0
selected_ols_av,pass,1.266,6.0
selected_ols_av,pass,-0.4475,6.0
selected_ols_av,pass,2.1805,5.0
selected_ols_av,pass,-0.6641,4.0
selected_ols_av,pass,0.1019,4.0
selected_ols_av,pass,0.8087,7.0
selected_ols_av,pass,-1.1543,2.0
selected_ols_av,pass,1.266,6.0
selected_ols_av,pass,-0.3554,3.0
selected_ols_av,pass,-0.2069,2.0
selected_ols_av,pass,-2.2855,3.0
selected_ols_av,pass,-0.2069,0.0
selected_ols_av,pass,-0.3554,3.0
selected_ols_av,pass,-0.2069,1.0
selected_ols_av,pass,1.266,6.0
selected_ols_av,pass,-0.4475,2.0
selected_ols_av,pass,1.266,5.0
selected_ols_av,pass,-2.7427,2.0
selected_ols_av,pass,-1.6116,3.0
selected_ols_av,pass,1.7232,7.0
selected_ols_av,pass,-0.3554,4.0
selected_ols_av,pass,-0.4475,4.0
selected_ols_av,pass,-0.6641,3.0
selected_ols_av,pass,-0.4475,5.0
selected_ols_av,pass,0.8087,4.0
selected_ols_av,pass,0.5591,0.0
selected_ols_av,pass,0.1019,6.0
selected_ols_av,pass,0.8087,5.0
selected_ols_av,pass,0.1019,4.0
selected_ols_av,pass,2.1805,7.0
selected_ols_av,pass,0.3515,6.0
selected_ols_av,pass,-2.0688,4.0
selected_ols_av,pass,-0.2069,3.0
selected_ols_av,pass,-1.1214,4.0
selected_ols_av,pass,-2.0688,4.0
selected_ols_av,pass,-0.3554,0.0
selected_ols_av,pass,-1.5786,3.0
selected_ols_av,pass,-0.6641,0.0
selected_ols_av,pass,-0.8126,3.0
selected_ols_av,pass,0.9243,0.0
selected_ols_av,pass,0.7076,4.0
selected_ols_av,pass,-0.6641,6.0
selected_ols_av,pass,0.1019,8.0
selected_ols_av,pass,-1.8282,4.0
selected_ols_av,pass,0.5591,3.0
selected_ols_av,pass,-0.3554,6.0
selected_ols_av,pass,1.266,9.0
selected_ols_av,pass,0.1019,0.0
selected_ols_av,pass,-2.5261,4.0
selected_ols_av,pass,-0.2069,0.0
selected_ols_av,pass,-0.2069,0.0
selected_ols_av,pass,0.2504,0.0
selected_ols_av,pass,-0.3554,2.0
selected_ols_av,pass,-0.3554,0.0
selected_ols_av,pass,-0.6641,0.0
selected_ols_av,pass,-1.8282,4.0
selected_ols_av,pass,1.7232,8.0
selected_ols_av,pass,0.0098,0.0
selected_ols_av,pass,-0.6641,2.0
selected_ols_av,pass,0.8087,6.0
selected_ols_av,pass,-0.4475,3.0
selected_ols_av,pass,-0.3554,4.0
selected_ols_av,pass,-2.2855,4.0
selected_ols_av,pass,-1.6116,4.0
selected_ols_av,pass,1.266,7.0
selected_ols_av,pass,-0.8126,0.0
selected_ols_av,pass,1.7232,8.0
selected_ols_av,pass,0.5591,4.0
selected_ols_av,pass,-2.2855,5.0
selected_ols_av,pass,-0.4475,0.0
selected_ols_av,pass,2.1805,6.0
selected_ols_av,pass,-1.1214,0.0
selected_ols_av,pass,0.5591,0.0
selected_ols_av,pass,-0.3554,3.0
selected_ols_av,pass,-0.4475,6.0
selected_ols_av,pass,-1.1543,2.0
selected_ols_av,pass,-0.8126,6.0
selected_ols_av,pass,0.8087,5.0
selected_ols_av,pass,-1.1214,0.0
selected_ols_av,pass,1.7232,6.0
selected_ols_av,pass,-1.6116,4.0
selected_ols_av,pass,-2.7427,4.0
selected_ols_av,pass,-2.2855,5.0
selected_ols_av,pass,-2.7427,3.0
selected_ols_av,pass,-0.3554,7.0
selected_ols_av,pass,-0.6641,0.0
selected_ols_av,pass,-1.8282,5.0
selected_ols_av,pass,-2.7427,4.0
selected_ols_av,pass,-1.1214,0.0
selected_ols_av,pass,0.8087,5.0
selected_ols_av,pass,0.467,0.0
selected_ols_av,pass,-1.8282,3.0
selected_ols_av,pass,0.1019,0.0
selected_ols_av,pass,1.7232,8.0
selected_ols_av,pass,-1.5786,0.0
selected_ols_av,pass,1.266,7.0
selected_ols_av,pass,0.0098,5.0
selected_ols_av,pass,-2.0688,6.0
selected_ols_av,pass,-1.1543,2.0
selected_ols_av,pass,-1.1214,1.0
selected_ols_av,pass,-0.2069,6.0
selected_ols_av,pass,-0.3554,4.0
selected_ols_av,pass,0.5591,0.0
selected_ols_av,pass,0.467,0.0
selected_ols_av,pass,0.5591,4.0
selected_ols_av,pass,-1.1214,7.0
selected_ols_av,pass,-0.3554,0.0
selected_ols_av,pass,-0.6641,0.0
selected_ols_av,pass,-0.9047,4.0
selected_ols_av,pass,-0.3554,0.0
selected_ols_av,pass,0.0098,9.0
selected_ols_av,pass,0.0098,2.0
selected_ols_av,pass,-0.6641,0.0
selected_ols_av,pass,-1.1543,4.0
selected_ols_av,pass,-1.2699,0.0
selected_ols_av,pass,-0.9047,7.0
selected_ols_av,pass,1.7232,5.0
selected_ols_av,pass,-0.8126,0.0
selected_ols_av,pass,-0.6641,0.0
selected_ols_av,pass,-0.8126,6.0
selected_ols_av,pass,-0.4475,0.0
selected_ols_av,pass,0.5591,0.0
selected_ols_av,pass,-1.8282,3.0
selected_ols_av,pass,-0.6641,2.0
selected_ols_av,pass,-0.3554,6.0
selected_ols_av,pass,-0.9047,5.0
selected_ols_av,pass,-0.4475,4.0
selected_ols_av,pass,-0.3554,1.0
selected_ols_av,pass,-1.2699,1.0
selected_ols_av,pass,-0.3554,5.0
selected_ols_av,pass,0.9243,2.0
selected_ols_av,pass,-2.0688,4.0
selected_ols_av,pass,-2.7427,2.0
selected_ols_av,pass,-2.7427,4.0
selected_ols_av,pass,0.1019,5.0
selected_ols_av,pass,0.3515,5.0
selected_ols_av,pass,-2.0688,4.0
selected_ols_av,pass,1.7232,8.0
selected_ols_av,pass,0.467,0.0
selected_ols_av,pass,-0.6641,0.0
selected_ols_av,pass,-0.2069,0.0
selected_ols_av,pass,-1.8282,4.0
selected_ols_av,pass,0.0098,0.0
selected_ols_av,pass,0.1019,6.0
selected_ols_av,pass,-2.0688,4.0
selected_ols_av,pass,-1.8282,4.0
selected_ols_av,pass,-0.3554,7.0
selected_ols_av,pass,-1.5786,1.0
selected_ols_av,pass,0.8087,7.0
selected_ols_av,pass,-2.7427,3.0
selected_ols_av,pass,-1.1214,0.0
selected_ols_av,pass,1.266,6.0
selected_ols_av,pass,0.0098,4.0
selected_ols_av,pass,-1.8282,2.0
selected_ols_av,pass,-1.8282,3.0
selected_ols_av,pass,-0.9047,4.0
selected_ols_av,pass,-2.2855,3.0
selected_ols_av,pass,-0.8126,0.0
selected_ols_av,pass,-0.6641,0.0
selected_ols_av,pass,-1.8282,4.0
selected_ols_av,pass,0.467,3.0
selected_ols_av,pass,-0.6641,0.0
selected_ols_av,pass,-0.8126,1.0
selected_ols_av,pass,-1.1214,1.0
selected_ols_av,pass,-0.2069,0.0
selected_ols_av,pass,0.5591,3.0
selected_ols_av,pass,1.266,5.0
selected_ols_av,pass,2.6377,9.0
selected_ols_av,pass,0.8087,5.0
selected_ols_av,pass,0.0098,0.0
selected_ols_av,pass,-0.8126,1.0
selected_ols_av,pass,-1.6116,3.0
selected_ols_av,pass,0.0098,0.0
selected_ols_av,pass,-2.7427,4.0
selected_ols_av,pass,-0.2069,0.0
selected_ols_av,pass,-1.1214,6.0
selected_ols_av,pass,-2.2855,2.0
selected_ols_av,pass,1.266,5.0
selected_ols_av,pass,-1.6116,3.0
selected_ols_av,pass,-0.3554,3.0
selected_ols_av,pass,-2.2855,5.0
selected_ols_av,pass,0.2504,3.0
selected_ols_av,pass,-0.9047,0.0
selected_ols_av,pass,-0.2069,0.0
selected_ols_av,pass,-0.6641,0.0
selected_ols_av,pass,-0.3554,6.0
selected_ols_av,pass,-2.5261,4.0
selected_ols_av,pass,-0.2069,2.0
selected_ols_av,pass,-0.8126,0.0
selected_ols_av,pass,-0.3554,1.0
selected_ols_av,pass,-0.3554,3.0
selected_ols_av,pass,-0.6641,0.0
selected_ols_av,pass,-1.1214,0.0
selected_ols_av,pass,-0.3554,8.0
selected_ols_av,pass,1.7232,2.0
selected_ols_av,pass,-1.1214,0.0
selected_ols_av,pass,-0.3554,2.0
selected_ols_av,pass,0.1019,7.0
selected_ols_av,pass,-0.3554,0.0
selected_ols_av,pass,-0.3554,2.0
selected_ols_av,pass,-1.5786,0.0
selected_ols_av,pass,-0.3554,6.0
selected_ols_av,pass,-0.3554,7.0
selected_ols_av,pass,-2.7427,1.0
selected_ols_av,pass,-1.8282,2.0
selected_ols_av,pass,-2.0688,2.0
selected_ols_av,pass,-2.7427,4.0
selected_ols_av,pass,0.1019,6.0
selected_ols_av,pass,-0.3554,2.0
selected_ols_av,pass,-2.7427,6.0
selected_ols_av,pass,-1.1543,3.0
selected_ols_av,pass,-0.3554,4.0
selected_ols_av,pass,0.9243,0.0
selected_ols_av,pass,-0.6641,0.0
selected_ols_av,pass,-0.6641,0.0
selected_ols_av,pass,-1.371,3.0
selected_ols_av,pass,-1.1214,3.0
selected_ols_av,pass,-0.4475,0.0
selected_ols_av,pass,-1.1214,1.0
selected_ols_av,pass,-1.1214,2.0
selected_ols_av,pass,-2.0688,3.0
selected_ols_av,pass,-1.1214,0.0
selected_ols_av,pass,0.0098,3.0
selected_ols_av,pass,0.467,0.0
selected_ols_av,pass,0.0098,0.0
selected_ols_av,pass,-2.2855,3.0
selected_ols_av,pass,-0.6641,0.0
selected_ols_av,pass,0.5591,4.0
selected_ols_av,pass,-1.371,5.0
selected_ols_av,pass,-2.2855,1.0
selected_ols_av,pass,0.0098,0.0
selected_ols_av,pass,1.266,8.0
selected_ols_av,pass,0.8087,5.0
selected_ols_av,pass,0.467,2.0
selected_ols_av,pass,-0.6641,0.0
selected_ols_av,pass,-0.4475,0.0
selected_ols_av,pass,-0.6641,3.0
selected_ols_av,pass,-1.5786,0.0
selected_ols_av,pass,-1.6116,0.0
selected_ols_av,pass,2.1805,4.0
selected_ols_av,pass,-1.6116,2.0
selected_ols_av,pass,-0.3554,0.0
selected_ols_av,pass,0.467,0.0
selected_ols_av,pass,-0.8126,3.0
selected_ols_av,pass,1.7232,7.0
selected_ols_av,pass,-0.3554,3.0
selected_ols_av,pass,-1.6116,2.0
selected_ols_av,pass,0.1019,4.0
selected_ols_av,pass,0.1019,3.0
selected_ols_av,pass,-2.7427,5.0
selected_ols_av,pass,-0.8126,3.0
selected_ols_av,pass,-2.2855,3.0
selected_ols_av,pass,-0.3554,3.0
selected_ols_av,pass,1.266,7.0
selected_ols_av,pass,-2.2855,5.0
selected_ols_av,pass,-1.8282,1.0
selected_ols_av,pass,-2.0688,5.0
selected_ols_av,pass,0.0098,7.0
selected_ols_av,pass,-2.5261,2.0
selected_ols_av,pass,-0.3554,4.0
selected_ols_av,pass,-1.8282,5.0
selected_ols_av,pass,0.5591,0.0
selected_ols_av,pass,-0.3554,5.0
selected_ols_av,pass,-2.7427,3.0
selected_ols_av,pass,-0.3554,5.0
selected_ols_av,pass,-0.4475,6.0
selected_ols_av,pass,-0.2069,0.0
selected_ols_av,pass,-0.6641,0.0
selected_ols_av,pass,-1.2699,5.0
selected_ols_av,pass,-1.8282,4.0
selected_ols_av,pass,0.7076,3.0
selected_ols_av,pass,-0.3554,3.0
selected_ols_av,pass,1.7232,8.0
selected_ols_av,pass,1.266,7.0
selected_ols_av,pass,0.8087,8.0
selected_ols_av,pass,-0.8126,2.0
selected_ols_av,pass,1.7232,7.0
selected_ols_av,pass,0.0098,2.0
selected_ols_av,pass,0.0098,0.0
selected_ols_av,pass,-1.1214,3.0
selected_ols_av,pass,0.467,5.0
selected_ols_av,pass,-0.8126,3.0
selected_ols_av,pass,0.1019,6.0
selected_ols_av,pass,0.0098,7.0
selected_ols_av,pass,0.9243,8.0
selected_ols_av,pass,-0.6641,0.0
selected_ols_av,pass,0.0098,0.0
selected_ols_av,pass,-1.1214,0.0
selected_ols_av,pass,-2.5261,4.0
selected_ols_av,pass,-0.2069,0.0
selected_ols_av,pass,-0.3554,0.0
selected_ols_av,pass,-0.3554,2.0
selected_ols_av,pass,0.8087,6.0
selected_ols_av,pass,0.1019,0.0
selected_ols_av,pass,-0.4475,0.0
selected_ols_av,pass,-2.7427,6.0
selected_ols_av,pass,0.467,0.0
selected_ols_av,pass,-0.6641,2.0
selected_ols_av,pass,1.7232,6.0
selected_ols_av,pass,0.5591,0.0
selected_ols_av,pass,-2.2855,3.0
selected_ols_av,pass,-1.371,2.0
selected_ols_av,pass,0.467,0.0
selected_ols_av,pass,-0.6641,7.0
selected_ols_av,pass,0.8087,6.0
selected_ols_av,pass,0.8087,8.0
selected_ols_av,pass,-0.3554,8.0
selected_ols_av,pass,0.1019,2.0
selected_ols_av,pass,-0.2069,2.0
selected_ols_av,pass,-2.2855,4.0
selected_ols_av,pass,-2.2855,2.0
selected_ols_av,pass,-0.8126,5.0
selected_ols_av,pass,1.266,9.0
selected_ols_av,pass,-0.2069,3.0
selected_ols_av,pass,0.9243,4.0
selected_ols_av,pass,-3.2,2.0
selected_ols_av,pass,0.1019,9.0
selected_ols_av,pass,-0.4475,7.0
selected_ols_av,pass,0.0098,0.0
selected_ols_av,pass,0.1019,4.0
selected_ols_av,pass,-0.4475,5.0
selected_ols_av,pass,0.0098,0.0
selected_ols_av,pass,-0.3554,4.0
selected_ols_av,pass,1.266,8.0
selected_ols_av,pass,2.1805,8.0
selected_ols_av,pass,1.266,7.0
selected_ols_av,pass,-1.2699,4.0
selected_ols_av,pass,0.0098,0.0
selected_ols_av,pass,1.7232,8.0
selected_ols_av,pass,0.5591,3.0
selected_ols_av,pass,-0.6641,4.0
selected_ols_av,pass,1.266,6.0
selected_ols_av,pass,0.5591,2.0
selected_ols_av,pass,-0.8126,7.0
selected_ols_av,pass,-0.9047,6.0
selected_ols_av,pass,0.1019,3.0
selected_ols_av,pass,1.7232,6.0
selected_ols_av,pass,-0.9047,6.0
selected_ols_av,pass,0.0098,0.0
selected_ols_av,pass,-0.6641,2.0
selected_ols_av,pass,-0.8126,5.0
selected_ols_av,pass,-0.6641,5.0
selected_ols_av,pass,-0.8126,0.0
selected_ols_av,pass,-0.8126,0.0
selected_ols_av,pass,0.8087,7.0
selected_ols_av,pass,-2.7427,2.0
selected_ols_av,pass,0.0098,4.0
selected_ols_av,pass,0.1019,4.0
selected_ols_av,pass,-2.2855,2.0
selected_ols_av,pass,0.8087,7.0
selected_ols_av,pass,-0.3554,1.0
selected_ols_av,pass,-0.6641,3.0
selected_ols_av,pass,-0.8126,1.0
selected_ols_av,pass,0.8087,6.0
selected_ols_av,pass,-0.2069,0.0
selected_ols_av,pass,-1.1543,2.0
selected_ols_av,pass,-0.2069,0.0
selected_ols_av,pass,-0.8126,6.0
selected_ols_av,pass,0.8087,8.0
selected_ols_av,pass,0.1019,0.0
selected_ols_av,pass,-1.1543,3.0
selected_ols_av,pass,-1.1214,5.0
selected_ols_av,pass,0.1019,2.0
selected_ols_av,pass,0.9243,0.0
selected_ols_av,pass,0.0098,2.0
selected_ols_av,pass,-0.2069,2.0
selected_ols_av,pass,-1.6116,2.0
selected_ols_av,pass,0.3515,5.0
selected_ols_av,pass,-1.1214,0.0
selected_ols_av,pass,-1.371,2.0
selected_ols_av,pass,-2.0688,3.0
selected_ols_av,pass,-0.9047,6.0
selected_ols_av,pass,-1.371,3.0
selected_ols_av,pass,-0.8126,2.0
selected_ols_av,pass,-3.2,2.0
selected_ols_av,pass,-0.4475,0.0
selected_ols_av,pass,0.1019,0.0
selected_ols_av,pass,0.0098,7.0
selected_ols_av,pass,0.8087,7.0
selected_ols_av,pass,-2.2855,6.0
selected_ols_av,pass,0.0098,0.0
selected_ols_av,pass,-0.3554,0.0
selected_ols_av,pass,-0.6641,4.0
selected_ols_av,pass,0.1019,5.0
selected_ols_av,pass,0.5591,8.0
selected_ols_av,pass,-1.371,3.0
selected_ols_av,pass,-1.5786,0.0
selected_ols_av,pass,0.0098,5.0
selected_ols_av,pass,0.0098,0.0
selected_ols_av,pass,0.8087,7.0
selected_ols_av,pass,0.5591,0.0
selected_ols_av,pass,-1.1214,0.0
selected_ols_av,pass,-2.0688,2.0
selected_ols_av,pass,-1.5786,0.0
selected_ols_av,pass,-0.3554,0.0
selected_ols_av,pass,-0.4475,8.0
selected_ols_av,pass,0.1019,3.0
selected_ols_av,pass,-0.3554,3.0
selected_ols_av,pass,-1.1214,3.0
selected_ols_av,pass,-2.0688,1.0
selected_ols_av,pass,-2.7427,3.0
selected_ols_av,pass,-0.9047,2.0
selected_ols_av,pass,-2.2855,1.0
selected_ols_av,pass,-0.2069,6.0
selected_ols_av,pass,-1.8282,4.0
selected_ols_av,pass,-0.8126,6.0
selected_ols_av,pass,-1.1214,0.0
selected_ols_av,pass,-0.3554,0.0
selected_ols_av,pass,0.1019,0.0
selected_ols_av,pass,0.1019,8.0
selected_ols_av,pass,-1.1214,0.0
selected_ols_av,pass,-0.3554,4.0
selected_ols_av,pass,0.1019,0.0
selected_ols_av,pass,-0.6641,1.0
selected_ols_av,pass,-2.0688,3.0
selected_ols_av,pass,0.1019,4.0
selected_ols_av,pass,-0.8126,7.0
selected_ols_av,pass,-1.1214,0.0
selected_ols_av,pass,0.1019,5.0
selected_ols_av,pass,1.7232,7.0
selected_ols_av,pass,0.8087,4.0
selected_ols_av,pass,0.8087,8.0
selected_ols_av,pass,-0.4475,0.0
selected_ols_av,pass,-0.6641,0.0
selected_ols_av,pass,-0.2069,4.0
selected_ols_av,pass,-0.4475,0.0
selected_ols_av,pass,-2.5261,4.0
selected_ols_av,pass,-1.371,3.0
selected_ols_av,pass,-0.3554,4.0
selected_ols_av,pass,0.0098,0.0
selected_ols_av,pass,1.266,6.0
selected_ols_av,pass,-0.3554,6.0
selected_ols_av,pass,-2.0688,5.0
selected_ols_av,pass,1.7232,8.0
selected_ols_av,pass,0.1019,9.0
selected_ols_av,pass,-2.0688,1.0
selected_ols_av,pass,-0.2069,2.0
selected_ols_av,pass,2.6377,9.0
selected_ols_av,pass,1.266,8.0
selected_ols_av,pass,-0.6641,1.0
selected_ols_av,pass,-1.1214,4.0
selected_ols_av,pass,-0.6641,2.0
selected_ols_av,pass,1.7232,3.0
selected_ols_av,pass,-0.4475,0.0
selected_ols_av,pass,0.8087,4.0
selected_ols_av,pass,0.2504,0.0
selected_ols_av,pass,-0.8126,6.0
selected_ols_av,pass,0.0098,0.0
selected_ols_av,pass,0.3515,7.0
selected_ols_av,pass,-0.3554,0.0
selected_ols_av,pass,-2.7427,3.0
selected_ols_av,pass,-0.2069,0.0
selected_ols_av,pass,1.266,5.0
selected_ols_av,pass,-0.8126,0.0
selected_ols_av,pass,0.8087,6.0
selected_ols_av,pass,-2.2855,5.0
selected_ols_av,pass,-1.1214,4.0
selected_ols_av,pass,-0.2069,0.0
selected_ols_av,pass,-3.2,5.0
selected_ols_av,pass,-0.6971,2.0
selected_ols_av,pass,-0.8126,1.0
selected_ols_av,pass,1.7232,9.0
selected_ols_av,pass,-1.1214,3.0
selected_ols_av,pass,-0.3554,0.0
selected_ols_av,pass,-0.4475,0.0
selected_ols_av,pass,-0.2069,0.0
selected_ols_av,pass,-0.4475,4.0
selected_ols_av,pass,-0.6641,0.0
selected_ols_av,pass,-0.2069,1.0
selected_ols_av,pass,-0.2069,4.0
selected_ols_av,pass,-0.2069,4.0
selected_ols_av,pass,-0.3554,0.0
selected_ols_av,pass,-0.3554,0.0
selected_ols_av,pass,-1.5786,0.0
selected_ols_av,pass,-0.8126,3.0
selected_ols_av,pass,-2.7427,3.0
selected_ols_av,pass,-0.3554,5.0
selected_ols_av,pass,-1.6116,5.0
selected_ols_av,pass,-0.3554,2.0
selected_ols_av,pass,-0.2069,0.0
selected_ols_av,pass,1.266,7.0
selected_ols_av,pass,-1.1214,0.0
selected_ols_av,pass,-0.3554,5.0
selected_ols_av,pass,-1.1214,3.0
selected_ols_av,pass,0.0098,3.0
selected_ols_av,pass,-0.3554,4.0
selected_ols_av,pass,0.0098,4.0
selected_ols_av,pass,-0.6641,0.0
selected_ols_av,pass,-2.2855,3.0
selected_ols_av,pass,-2.7427,4.0
selected_ols_av,pass,-0.8126,3.0
selected_ols_av,pass,0.467,1.0
selected_ols_av,pass,0.2504,0.0
selected_ols_av,pass,0.1019,6.0
selected_ols_av,pass,0.8087,4.0
selected_ols_av,pass,-1.1214,0.0
selected_ols_av,pass,0.0098,0.0
selected_ols_av,pass,-0.6641,0.0
selected_ols_av,pass,-2.7427,1.0
selected_ols_av,pass,0.1019,0.0
selected_ols_av,pass,1.266,6.0
selected_ols_av,pass,0.467,0.0
selected_ols_av,pass,0.8087,8.0
selected_ols_av,pass,-1.8282,2.0
selected_ols_av,pass,1.266,5.0
selected_ols_av,pass,-0.2069,3.0
selected_ols_av,pass,-0.6641,0.0
selected_ols_av,pass,-0.6641,0.0
selected_ols_av,pass,-0.6641,5.0
selected_ols_av,pass,-0.8126,7.0
selected_ols_av,pass,-0.2069,0.0
selected_ols_av,pass,0.1019,6.0
selected_ols_av,pass,-0.3554,7.0
selected_ols_av,pass,-1.2699,4.0
selected_ols_av,pass,-1.1214,0.0
selected_ols_av,pass,-2.2855,5.0
selected_ols_av,pass,-0.6641,0.0
selected_ols_av,pass,-0.6641,5.0
selected_ols_av,pass,-0.4475,0.0
selected_ols_av,pass,0.1019,4.0
selected_ols_av,pass,-2.2855,3.0
selected_ols_av,pass,-0.9047,5.0
selected_ols_av,pass,-0.6641,0.0
selected_ols_av,pass,-0.2069,3.0
selected_ols_av,pass,-0.3554,3.0
selected_ols_av,pass,0.467,2.0
selected_ols_av,pass,1.266,9.0
selected_ols_av,pass,0.1019,3.0
selected_ols_av,pass,1.266,8.0
selected_ols_av,pass,-2.7427,5.0
selected_ols_av,pass,-0.6641,6.0
selected_ols_av,pass,-0.3554,0.0
selected_ols_av,pass,-0.6641,5.0
selected_ols_av,pass,0.7076,0.0
selected_ols_av,pass,-0.3554,4.0
selected_ols_av,pass,0.467,0.0
selected_ols_av,pass,2.1805,8.0
selected_ols_av,pass,-0.3554,2.0
selected_ols_av,pass,0.0098,7.0
selected_ols_av,pass,-2.0688,1.0
selected_ols_av,pass,0.0098,7.0
selected_ols_av,pass,-0.6641,0.0
selected_ols_av,pass,-0.3554,6.0
selected_ols_av,pass,-0.4475,2.0
selected_ols_av,pass,-0.8126,2.0
selected_ols_av,pass,-1.8282,2.0
selected_ols_av,pass,-0.4475,0.0
selected_ols_av,pass,-1.2699,4.0
selected_ols_av,pass,-0.6641,0.0
selected_ols_av,pass,-0.6971,4.0
selected_ols_av,pass,-0.3554,3.0
selected_ols_av,pass,-0.4475,6.0
selected_ols_av,pass,-0.8126,4.0
selected_ols_av,pass,-1.2699,7.0
selected_ols_av,pass,0.467,5.0
selected_ols_av,pass,-2.0688,3.0
selected_ols_av,pass,-1.6116,5.0
selected_ols_av,pass,-0.8126,7.0
selected_ols_av,pass,-1.8282,2.0
selected_ols_av,pass,-2.7427,4.0
selected_ols_av,pass,-2.2855,4.0
selected_ols_av,pass,-1.5786,0.0
selected_ols_av,pass,-0.4475,6.0
selected_ols_av,pass,0.8087,7.0
selected_ols_av,pass,-0.6641,4.0
selected_ols_av,pass,0.467,5.0
selected_ols_av,pass,-2.0688,3.0
selected_ols_av,pass,-1.2699,0.0
selected_ols_av,pass,-0.3554,5.0
selected_ols_av,pass,-1.1543,2.0
selected_ols_av,pass,-0.6641,4.0
selected_ols_av,pass,-0.6641,0.0
selected_ols_av,pass,-0.4475,4.0
selected_ols_av,pass,-2.0688,6.0
selected_ols_av,pass,-0.2069,3.0
selected_ols_av,pass,-2.0688,4.0
selected_ols_av,pass,-2.7427,2.0
selected_ols_av,pass,0.1019,5.0
selected_ols_av,pass,-1.2699,6.0
selected_ols_av,pass,-1.1214,0.0
selected_ols_av,pass,-2.0688,2.0
selected_ols_av,pass,-3.2,3.0
selected_ols_av,pass,0.0098,0.0
selected_ols_av,pass,0.8087,6.0
selected_ols_av,pass,-1.5786,2.0
selected_ols_av,pass,0.467,3.0
selected_ols_av,pass,-0.6641,0.0
selected_ols_av,pass,-0.3554,8.0
selected_ols_av,pass,1.266,8.0
selected_ols_av,pass,-0.3554,0.0
selected_ols_av,pass,-1.1214,3.0
selected_ols_av,pass,0.8087,5.0
selected_ols_av,pass,-0.3554,3.0
selected_ols_av,pass,-0.8126,5.0
selected_ols_av,pass,-0.4475,7.0
selected_ols_av,pass,-2.7427,3.0
selected_ols_av,pass,-1.1214,0.0
selected_ols_av,pass,-1.1214,5.0
selected_ols_av,pass,-0.6641,0.0
selected_ols_av,pass,-2.7427,3.0
selected_ols_av,pass,-0.2069,4.0
selected_ols_av,pass,-0.9047,0.0
selected_ols_av,pass,-0.2069,0.0
selected_ols_av,pass,1.266,7.0
selected_ols_av,pass,-0.8126,2.0
selected_ols_av,pass,-2.0688,0.0
selected_ols_av,pass,1.266,7.0
selected_ols_av,pass,0.0098,4.0
selected_ols_av,pass,-0.8126,4.0
selected_ols_av,pass,-2.2855,3.0
selected_ols_av,pass,-0.4475,4.0
selected_ols_av,pass,-0.8126,1.0
selected_ols_av,pass,-2.0688,5.0
selected_ols_av,pass,-0.8126,1.0
selected_ols_av,pass,-0.3554,0.0
selected_ols_av,pass,-0.8126,0.0
selected_ols_av,pass,-0.6641,0.0
selected_ols_av,pass,-1.8282,1.0
selected_ols_av,pass,0.2504,0.0
selected_ols_av,pass,-1.1214,1.0
selected_ols_av,pass,-1.371,2.0
selected_ols_av,pass,-0.8126,0.0
selected_ols_av,pass,-0.3554,7.0
selected_ols_av,pass,-0.4475,0.0
selected_ols_av,pass,-0.6641,0.0
selected_ols_av,pass,-1.6116,4.0
selected_ols_av,pass,0.0098,0.0
selected_ols_av,pass,-1.8282,3.0
selected_ols_av,pass,0.467,4.0
selected_ols_av,pass,-0.3554,8.0
selected_ols_av,pass,0.0098,0.0
selected_ols_av,pass,1.266,9.0
selected_ols_av,pass,0.5591,0.0
selected_ols_av,pass,1.266,6.0
selected_ols_av,pass,0.9243,1.0
selected_ols_av,pass,0.0098,0.0
selected_ols_av,pass,-0.2069,0.0
selected_ols_av,pass,0.8087,4.0
selected_ols_av,pass,-0.3554,5.0
selected_ols_av,pass,-1.6116,4.0
selected_ols_av,pass,-0.8126,0.0
selected_ols_av,pass,0.0098,8.0
selected_ols_av,pass,-1.2699,8.0
selected_ols_av,pass,0.2504,0.0
selected_ols_av,pass,0.1019,2.0
selected_ols_av,pass,-0.8126,5.0
selected_ols_av,pass,-1.1214,3.0
selected_ols_av,pass,-0.8126,2.0
selected_ols_av,pass,-2.7427,3.0
selected_ols_av,pass,1.7232,8.0
selected_ols_av,pass,-1.6116,6.0
selected_ols_av,pass,-2.2855,4.0
selected_ols_av,pass,1.266,7.0
selected_ols_av,pass,0.2504,5.0
selected_ols_av,pass,-2.7427,3.0
selected_ols_av,pass,-1.5786,0.0
selected_ols_av,pass,-1.1543,4.0
selected_ols_av,pass,-0.4475,5.0
selected_ols_av,pass,0.1019,0.0
selected_ols_av,pass,-0.2069,0.0
selected_ols_av,pass,0.5591,3.0
selected_ols_av,pass,-2.2855,3.0
selected_ols_av,pass,-0.8126,0.0
selected_ols_av,pass,-0.3554,4.0
selected_ols_av,pass,-1.8282,3.0
selected_ols_av,pass,-1.5786,0.0
selected_ols_av,pass,-0.6971,2.0
selected_ols_av,pass,1.7232,4.0
selected_ols_av,pass,-0.2069,2.0
selected_ols_av,pass,0.0098,9.0
selected_ols_av,pass,-0.9047,0.0
selected_ols_av,pass,1.7232,5.0
selected_ols_av,pass,-0.3554,0.0
selected_ols_av,pass,0.0098,0.0
selected_ols_av,pass,-0.2069,3.0
selected_ols_av,pass,-2.7427,2.0
selected_ols_av,pass,-2.2855,2.0
selected_ols_av,pass,0.0098,0.0
selected_ols_av,pass,-0.3554,3.0
selected_ols_av,pass,0.9243,2.0
selected_ols_av,pass,-1.1214,0.0
selected_ols_av,pass,0.8087,6.0
selected_ols_av,pass,0.2504,0.0
selected_ols_av,pass,-1.2699,1.0
selected_ols_av,pass,-1.2699,2.0
selected_ols_av,pass,-2.2855,4.0
selected_ols_av,pass,-0.3554,0.0
selected_ols_av,pass,-0.4475,8.0
selected_ols_av,pass,-0.2069,0.0
selected_ols_av,pass,-0.2069,4.0
selected_ols_av,pass,0.0098,6.0
selected_ols_av,pass,0.9243,8.0
selected_ols_av,pass,0.2504,0.0
selected_ols_av,pass,-1.2699,0.0
selected_ols_av,pass,-1.1214,1.0
selected_ols_av,pass,-0.2069,1.0
selected_ols_av,pass,-0.6641,2.0
selected_ols_av,pass,0.5591,6.0
selected_ols_av,pass,-0.3554,2.0
selected_ols_av,pass,0.467,0.0
selected_ols_av,pass,-0.6641,0.0
selected_ols_av,pass,-1.6116,3.0
selected_ols_av,pass,-0.8126,6.0
selected_ols_av,pass,-1.6116,5.0
selected_ols_av,pass,0.0098,3.0
selected_ols_av,pass,-0.8126,3.0
selected_ols_av,pass,-1.2699,4.0
selected_ols_av,pass,0.8087,7.0
selected_ols_av,pass,1.266,6.0
selected_ols_av,pass,-0.3554,0.0
selected_ols_av,pass,-0.3554,4.0
selected_ols_av,pass,-0.3554,4.0
selected_ols_av,pass,-0.3554,4.0
selected_ols_av,pass,-1.8282,2.0
selected_ols_av,pass,0.1019,4.0
selected_ols_av,pass,-0.6641,0.0
selected_ols_av,pass,-0.3554,7.0
selected_ols_av,pass,-1.6116,2.0
selected_ols_av,pass,-1.1214,3.0
selected_ols_av,pass,0.1019,5.0
selected_ols_av,pass,0.1019,6.0
selected_ols_av,pass,1.266,8.0
selected_ols_av,pass,0.0098,3.0
selected_ols_av,pass,0.8087,6.0
selected_ols_av,pass,-2.7427,2.0
selected_ols_av,pass,-0.3554,0.0
selected_ols_av,pass,-2.2855,1.0
selected_ols_av,pass,-0.3554,2.0
selected_ols_av,pass,0.0098,7.0
selected_ols_av,pass,-2.7427,4.0
selected_ols_av,pass,-0.4475,5.0
selected_ols_av,pass,1.0163,3.0
selected_ols_av,pass,-2.2855,3.0
selected_ols_av,pass,-0.8126,3.0
selected_ols_av,pass,-0.6641,1.0
selected_ols_av,pass,-3.2,3.0
selected_ols_av,pass,-2.7427,3.0
selected_ols_av,pass,-0.4475,8.0
selected_ols_av,pass,-0.6641,4.0
selected_ols_av,pass,-0.8126,9.0
selected_ols_av,pass,-1.8282,3.0
selected_ols_av,pass,-1.1214,0.0
selected_ols_av,pass,0.2504,0.0
selected_ols_av,pass,-1.5786,0.0
selected_ols_av,pass,-0.6641,4.0
selected_ols_av,pass,0.0098,0.0
selected_ols_av,pass,-2.7427,2.0
selected_ols_av,pass,-2.2855,5.0
selected_ols_av,pass,-1.1543,5.0
selected_ols_av,pass,0.3515,7.0
selected_ols_av,pass,0.467,0.0
selected_ols_av,pass,-0.8126,3.0
selected_ols_av,pass,1.266,4.0
selected_ols_av,pass,1.7232,7.0
selected_ols_av,pass,-0.8126,6.0
selected_ols_av,pass,-0.3554,1.0
selected_ols_av,pass,1.266,5.0
selected_ols_av,pass,-0.3554,3.0
selected_ols_av,pass,-0.6641,0.0
selected_ols_av,pass,1.266,9.0
selected_ols_av,pass,-0.3554,0.0
selected_ols_av,pass,-0.3554,0.0
selected_ols_av,pass,0.3515,7.0
selected_ols_av,pass,0.1019,0.0
selected_ols_av,pass,-0.9047,3.0
selected_ols_av,pass,-0.6641,5.0
selected_ols_av,pass,-2.7427,6.0
selected_ols_av,pass,-1.6116,4.0
selected_ols_av,pass,-1.2699,7.0
selected_ols_av,pass,0.8087,9.0
selected_ols_av,pass,0.8087,6.0
selected_ols_av,pass,0.0098,0.0
selected_ols_av,pass,-0.4475,0.0
selected_ols_av,pass,-0.6641,7.0
selected_ols_av,pass,-0.8126,4.0
selected_ols_av,pass,-0.3554,5.0
selected_ols_av,pass,-0.8126,2.0
selected_ols_av,pass,-0.8126,1.0
selected_ols_av,pass,1.266,6.0
selected_ols_av,pass,-1.1214,3.0
selected_ols_av,pass,-0.4475,0.0
selected_ols_av,pass,-1.1214,5.0
selected_ols_av,pass,0.2504,4.0
selected_ols_av,pass,-0.2069,0.0
selected_ols_av,pass,-0.2069,6.0
selected_ols_av,pass,0.1019,3.0
selected_ols_av,pass,-0.4475,6.0
selected_ols_av,pass,0.1019,2.0
selected_ols_av,pass,0.467,5.0
selected_ols_av,pass,0.0098,4.0
selected_ols_av,pass,-0.4475,6.0
selected_ols_av,pass,-2.7427,5.0
selected_ols_av,pass,-0.8126,3.0
selected_ols_av,pass,-0.6641,0.0
selected_ols_av,pass,-0.6641,0.0
selected_ols_av,pass,0.1019,6.0
selected_ols_av,pass,-2.0688,2.0
selected_ols_av,pass,-2.2855,0.0
selected_ols_av,pass,0.0098,2.0
selected_ols_av,pass,-1.8282,4.0
selected_ols_av,pass,1.3815,0.0
selected_ols_av,pass,0.9243,4.0
selected_ols_av,pass,1.266,7.0
selected_ols_av,pass,-1.1214,1.0
selected_ols_av,pass,-2.0688,4.0
selected_ols_av,pass,-0.8126,3.0
selected_ols_av,pass,-0.3554,0.0
selected_ols_av,pass,-0.6641,2.0
selected_ols_av,pass,0.7076,4.0
selected_ols_av,pass,-1.6116,4.0
selected_ols_av,pass,-0.8126,0.0
selected_ols_av,pass,-0.8126,3.0
selected_ols_av,pass,1.266,7.0
selected_ols_av,pass,-0.6641,4.0
selected_ols_av,pass,0.8087,6.0
selected_ols_av,pass,0.0098,0.0
selected_ols_av,pass,-0.6641,0.0
selected_ols_av,pass,0.467,2.0
selected_ols_av,pass,0.2504,3.0
selected_ols_av,pass,-2.7427,4.0
selected_ols_av,pass,-2.7427,3.0
selected_ols_av,pass,-0.6641,0.0
selected_ols_av,pass,-0.3554,4.0
selected_ols_av,pass,0.8087,7.0
selected_ols_av,pass,-0.8126,4.0
selected_ols_av,pass,-1.5786,5.0
selected_ols_av,pass,-1.1214,3.0
selected_ols_av,pass,-1.1214,0.0
selected_ols_av,pass,-0.4475,0.0
selected_ols_av,pass,-0.4475,0.0
selected_ols_av,pass,0.8087,6.0
selected_ols_av,pass,-3.2,2.0
selected_ols_av,pass,-0.4475,0.0
selected_ols_av,pass,0.8087,7.0
selected_ols_av,pass,-1.2699,3.0
selected_ols_av,pass,-0.3554,8.0
selected_ols_av,pass,0.0098,5.0
selected_ols_av,pass,-2.5261,1.0
selected_ols_av,pass,-0.6641,0.0
selected_ols_av,pass,-2.2855,1.0
selected_ols_av,pass,0.0098,6.0
selected_ols_av,pass,-0.6641,5.0
selected_ols_av,pass,-1.8282,4.0
selected_ols_av,pass,-1.5786,0.0
selected_ols_av,pass,-0.6641,0.0
selected_ols_av,pass,-2.7427,5.0
selected_ols_av,pass,-0.4475,7.0
selected_ols_av,pass,-2.0688,2.0
selected_ols_av,pass,0.3515,4.0
selected_ols_av,pass,2.1805,8.0
selected_ols_av,pass,-0.3554,4.0
selected_ols_av,pass,-0.3554,7.0
selected_ols_av,pass,-2.2855,3.0
selected_ols_av,pass,-0.3554,9.0
selected_ols_av,pass,0.1019,5.0
selected_ols_av,pass,-0.3554,8.0
selected_ols_av,pass,-0.3554,8.0
selected_ols_av,pass,0.8087,6.0
selected_ols_av,pass,0.1019,0.0
selected_ols_av,pass,-0.3554,0.0
selected_ols_av,pass,1.3815,8.0
selected_ols_av,pass,-2.0688,2.0
selected_ols_av,pass,-2.0688,3.0
selected_ols_av,pass,1.266,6.0
selected_ols_av,pass,-1.371,4.0
selected_ols_av,pass,-1.6116,4.0
selected_ols_av,pass,-1.6116,5.0
selected_ols_av,pass,-0.4475,0.0
selected_ols_av,pass,-1.2699,2.0
selected_ols_av,pass,0.467,0.0
selected_ols_av,pass,0.0098,7.0
selected_ols_av,pass,-0.2069,0.0
selected_ols_av,pass,-1.1214,3.0
selected_ols_av,pass,-0.3554,3.0
selected_ols_av,pass,-2.7427,2.0
selected_ols_av,pass,0.7076,0.0
selected_ols_av,pass,-1.1543,4.0
selected_ols_av,pass,-1.6116,2.0
selected_ols_av,pass,0.1019,0.0
selected_ols_av,pass,-0.3554,7.0
selected_ols_av,pass,-0.6641,4.0
selected_ols_av,pass,0.8087,4.0
selected_ols_av,pass,0.0098,9.0
selected_ols_av,pass,2.1805,7.0
selected_ols_av,pass,0.0098,7.0
selected_ols_av,pass,0.1019,8.0
selected_ols_av,pass,0.0098,0.0
selected_ols_av,pass,-2.2855,0.0
selected_ols_av,pass,0.1019,7.0
selected_ols_av,pass,-0.6641,4.0
selected_ols_av,pass,0.8087,8.0
selected_ols_av,pass,0.0098,5.0
selected_ols_av,pass,-1.1214,0.0
selected_ols_av,pass,0.2504,0.0
selected_ols_av,pass,-0.6641,0.0
selected_ols_av,pass,-0.4475,5.0
selected_ols_av,pass,0.1019,3.0
selected_ols_av,pass,1.7232,8.0
selected_ols_av,pass,-0.2069,5.0
selected_ols_av,pass,-0.6641,3.0
selected_ols_av,pass,1.3815,0.0
selected_ols_av,pass,-2.2855,2.0
selected_ols_av,pass,-2.7427,5.0
selected_ols_av,pass,-1.1214,7.0
selected_ols_av,pass,-0.9047,3.0
selected_ols_av,pass,-1.1214,0.0
selected_ols_av,pass,0.1019,0.0
selected_ols_av,pass,0.1019,5.0
selected_ols_av,pass,-0.6641,0.0
selected_ols_av,pass,-0.3554,0.0
selected_ols_av,pass,0.3515,9.0
selected_ols_av,pass,1.266,2.0
selected_ols_av,pass,-2.2855,1.0
selected_ols_av,pass,1.266,9.0
selected_ols_av,pass,-0.6641,0.0
selected_ols_av,pass,-2.0688,3.0
selected_ols_av,pass,-0.8126,0.0
selected_ols_av,pass,-0.3554,7.0
selected_ols_av,pass,-0.6641,0.0
selected_ols_av,pass,0.1019,5.0
selected_ols_av,pass,-0.3554,4.0
selected_ols_av,pass,-0.6641,0.0
selected_ols_av,pass,-1.6116,5.0
selected_ols_av,pass,-0.8126,4.0
selected_ols_av,pass,-0.8126,5.0
selected_ols_av,pass,-0.3554,0.0
selected_ols_av,pass,0.467,0.0
selected_ols_av,pass,0.8087,6.0
selected_ols_av,pass,-2.0688,2.0
selected_ols_av,pass,1.7232,6.0
selected_ols_av,pass,-0.6641,0.0
selected_ols_av,pass,-2.7427,1.0
selected_ols_av,pass,-2.5261,2.0
selected_ols_av,pass,-1.1214,0.0
selected_ols_av,pass,0.8087,5.0
selected_ols_av,pass,1.7232,5.0
selected_ols_av,pass,0.2504,0.0
selected_ols_av,pass,0.1019,3.0
selected_ols_av,pass,0.2504,0.0
selected_ols_av,pass,0.5591,7.0
selected_ols_av,pass,-2.0688,3.0
selected_ols_av,pass,-0.3554,4.0
selected_ols_av,pass,-0.9047,4.0
selected_ols_av,pass,-0.6641,0.0
selected_ols_av,pass,0.2504,0.0
selected_ols_av,pass,0.1019,5.0
selected_ols_av,pass,-0.8126,3.0
selected_ols_av,pass,-2.0688,3.0
selected_ols_av,pass,-2.7427,5.0
selected_ols_av,pass,0.3515,3.0
selected_ols_av,pass,-0.3554,3.0
selected_ols_av,pass,-0.2069,5.0
selected_ols_av,pass,-1.6116,4.0
selected_ols_av,pass,-1.1214,3.0
selected_ols_av,pass,0.467,0.0
selected_ols_av,pass,-3.2,3.0
selected_ols_av,pass,1.3815,4.0
selected_ols_av,pass,0.1019,5.0
selected_ols_av,pass,-0.4475,0.0
selected_ols_av,pass,-1.6116,5.0
selected_ols_av,pass,0.8087,7.0
selected_ols_av,pass,-0.6641,5.0
selected_ols_av,pass,1.7232,6.0
selected_ols_av,pass,-0.6641,0.0
selected_ols_av,pass,-1.8282,2.0
selected_ols_av,pass,-2.7427,3.0
selected_ols_av,pass,1.7232,8.0
selected_ols_av,pass,-0.3554,2.0
selected_ols_av,pass,-0.6641,0.0
selected_ols_av,pass,-2.7427,4.0
selected_ols_av,pass,-0.3554,0.0
selected_ols_av,pass,-1.8282,9.0
selected_ols_av,pass,-0.6641,2.0
selected_ols_av,pass,-0.3554,0.0
selected_ols_av,pass,-1.8282,3.0
selected_ols_av,pass,-2.2855,1.0
selected_ols_av,pass,0.0098,4.0
selected_ols_av,pass,0.0098,0.0
selected_ols_av,pass,-1.1214,0.0
selected_ols_av,pass,0.1019,5.0
selected_ols_av,pass,-2.0688,6.0
selected_ols_av,pass,1.266,7.0
selected_ols_av,pass,-2.0688,4.0
selected_ols_av,pass,-0.4475,0.0
selected_ols_av,pass,0.5591,0.0
selected_ols_av,pass,-2.0688,2.0
selected_ols_av,pass,-0.6641,0.0
selected_ols_av,pass,-0.2069,0.0
selected_ols_av,pass,0.2504,2.0
selected_ols_av,pass,0.1019,4.0
selected_ols_av,pass,-0.6641,4.0
selected_ols_av,pass,1.7232,10.0
selected_ols_av,pass,-0.4475,0.0
selected_ols_av,pass,1.266,10.0
selected_ols_av,pass,-0.3554,7.0
selected_ols_av,pass,-0.2069,0.0
selected_ols_av,pass,0.3515,5.0
selected_ols_av,pass,-0.6641,0.0
selected_ols_av,pass,-0.3554,4.0
selected_ols_av,pass,-0.8126,5.0
selected_ols_av,pass,-0.2069,4.0
selected_ols_av,pass,-0.4475,0.0
selected_ols_av,pass,-1.1214,0.0
selected_ols_av,pass,-0.3554,0.0
selected_ols_av,pass,-1.1214,0.0
selected_ols_av,pass,0.1019,4.0
selected_ols_av,pass,-1.8282,2.0
selected_ols_av,pass,-0.3554,9.0
selected_ols_av,pass,1.266,6.0
selected_ols_av,pass,0.467,0.0
selected_ols_av,pass,-1.2699,8.0
selected_ols_av,pass,1.266,7.0
selected_ols_av,pass,-1.8282,3.0
selected_ols_av,pass,-2.0688,2.0
selected_ols_av,pass,-0.2069,3.0
selected_ols_av,pass,-1.1214,0.0
selected_ols_av,pass,-0.3554,2.0
selected_ols_av,pass,-0.8126,5.0
selected_ols_av,pass,-2.0688,3.0
selected_ols_av,pass,1.7232,9.0
selected_ols_av,pass,-0.6641,3.0
selected_ols_av,pass,-1.8282,4.0
selected_ols_av,pass,-0.9047,0.0
selected_ols_av,pass,0.467,0.0
selected_ols_av,pass,1.266,6.0
selected_ols_av,pass,-2.2855,5.0
selected_ols_av,pass,-1.6116,2.0
selected_ols_av,pass,-0.8126,5.0
selected_ols_av,pass,0.1019,0.0
selected_ols_av,pass,-0.3554,8.0
selected_ols_av,pass,-0.2069,0.0
selected_ols_av,pass,-0.6641,4.0
selected_ols_av,pass,0.3515,5.0
selected_ols_av,pass,-1.371,5.0
selected_ols_av,pass,-2.7427,3.0
selected_ols_av,pass,0.2504,6.0
selected_ols_av,pass,-0.2069,4.0
selected_ols_av,pass,-1.1214,2.0
selected_ols_av,pass,0.2504,0.0
selected_ols_av,pass,1.7232,4.0
selected_ols_av,pass,1.266,6.0
selected_ols_av,pass,0.8087,7.0
selected_ols_av,pass,-1.8282,5.0
selected_ols_av,pass,1.266,10.0
selected_ols_av,pass,-0.4475,2.0
selected_ols_av,pass,0.9243,7.0
selected_ols_av,pass,-0.2069,5.0
selected_ols_av,pass,0.0098,0.0
selected_ols_av,pass,1.266,8.0
selected_ols_av,pass,-0.3554,3.0
selected_ols_av,pass,-0.4475,7.0
selected_ols_av,pass,-1.1214,5.0
selected_ols_av,pass,-0.8126,0.0
selected_ols_av,pass,0.0098,8.0
selected_ols_av,pass,0.8087,7.0
selected_ols_av,pass,-0.6641,4.0
selected_ols_av,pass,-0.3554,3.0
selected_ols_av,pass,0.467,0.0
selected_ols_av,pass,-0.6641,0.0
selected_ols_av,pass,-2.2855,3.0
selected_ols_av,pass,-0.8126,0.0
selected_ols_av,pass,-1.1543,3.0
selected_ols_av,pass,1.266,6.0
selected_ols_av,pass,0.1019,7.0
selected_ols_av,pass,-0.3554,7.0
selected_ols_av,pass,-1.2699,10.0
selected_ols_av,pass,-0.3554,8.0
selected_ols_av,pass,-2.7427,6.0
selected_ols_av,pass,-2.2855,3.0
selected_ols_av,pass,0.8087,8.0
selected_ols_av,pass,-0.4475,5.0
selected_ols_av,pass,-0.2069,0.0
selected_ols_av,pass,-0.3554,0.0
selected_ols_av,pass,-0.8126,1.0
selected_ols_av,pass,-1.8282,5.0
selected_ols_av,pass,0.8087,4.0
selected_ols_av,pass,-0.6641,1.0
selected_ols_av,pass,-1.6116,4.0
selected_ols_av,pass,-1.1214,0.0
selected_ols_av,pass,-0.6641,0.0
selected_ols_av,pass,-0.2069,4.0
selected_ols_av,pass,-2.0688,5.0
selected_ols_av,pass,0.1019,2.0
selected_ols_av,pass,0.3515,7.0
selected_ols_av,pass,1.7232,3.0
selected_ols_av,pass,-0.6971,3.0
selected_ols_av,pass,-2.7427,4.0
selected_ols_av,pass,1.3815,0.0
selected_ols_av,pass,0.467,0.0
selected_ols_av,pass,0.1019,6.0
selected_ols_av,pass,-0.3554,4.0
selected_ols_av,pass,-0.4475,0.0
selected_ols_av,pass,0.2504,0.0
selected_ols_av,pass,1.7232,8.0
selected_ols_av,pass,0.0098,1.0
selected_ols_av,pass,-0.8126,4.0
selected_ols_av,pass,1.7232,7.0
selected_ols_av,pass,-1.1543,4.0
selected_ols_av,pass,0.0098,0.0
selected_ols_av,pass,-0.2069,2.0
selected_ols_av,pass,-1.2699,7.0
selected_ols_av,pass,0.1019,0.0
selected_ols_av,pass,0.0098,0.0
selected_ols_av,pass,-0.3554,4.0
selected_ols_av,pass,0.1019,0.0
selected_ols_av,pass,0.1019,0.0
selected_ols_av,pass,-0.6641,5.0
selected_ols_av,pass,-0.2069,2.0
selected_ols_av,pass,-0.8126,9.0
selected_ols_av,pass,0.0098,7.0
selected_ols_av,pass,-1.2699,0.0
selected_ols_av,pass,-1.6116,5.0
selected_ols_av,pass,-1.8282,6.0
selected_ols_av,pass,-0.8126,0.0
selected_ols_av,pass,-0.8126,3.0
selected_ols_av,pass,-1.8282,1.0
selected_ols_av,pass,0.9243,0.0
selected_ols_av,pass,-0.2069,2.0
selected_ols_av,pass,-1.6116,2.0
selected_ols_av,pass,0.0098,8.0
selected_ols_av,pass,-0.3554,5.0
selected_ols_av,pass,-0.6641,0.0
selected_ols_av,pass,-0.2069,0.0
selected_ols_av,pass,-0.4475,3.0
selected_ols_av,pass,-2.7427,2.0
selected_ols_av,pass,-0.3554,4.0
selected_ols_av,pass,-0.6641,4.0
selected_ols_av,pass,-0.3554,0.0
selected_ols_av,pass,-3.2,5.0
selected_ols_av,pass,0.5591,0.0
selected_ols_av,pass,1.7232,7.0
selected_ols_av,pass,0.1019,7.0
selected_ols_av,pass,-0.3554,0.0
selected_ols_av,pass,1.7232,6.0
selected_ols_av,pass,-1.8282,5.0
selected_ols_av,pass,1.7232,3.0
selected_ols_av,pass,-0.4475,0.0
selected_ols_av,pass,-1.5786,4.0
selected_ols_av,pass,-0.6641,4.0
selected_ols_av,pass,1.7232,9.0
selected_ols_av,pass,0.2504,3.0
selected_ols_av,pass,1.266,5.0
selected_ols_av,pass,-0.2069,2.0
selected_ols_av,pass,1.0163,4.0
selected_ols_av,pass,-2.2855,4.0
selected_ols_av,pass,0.8087,8.0
selected_ols_av,pass,0.5591,6.0
selected_ols_av,pass,0.8087,3.0
selected_ols_av,pass,0.9243,0.0
selected_ols_av,pass,-2.0688,7.0
selected_ols_av,pass,-0.8126,0.0
selected_ols_av,pass,-0.6641,0.0
selected_ols_av,pass,-0.2069,0.0
selected_ols_av,pass,-0.6971,3.0
selected_ols_av,pass,0.467,5.0
selected_ols_av,pass,-1.5786,5.0
selected_ols_av,pass,-1.1214,2.0
selected_ols_av,pass,-0.6641,0.0
selected_ols_av,pass,0.2504,0.0
selected_ols_av,pass,-1.5786,1.0
selected_ols_av,pass,-0.6641,2.0
selected_ols_av,pass,-2.2855,4.0
selected_ols_av,pass,-0.3554,8.0
selected_ols_av,pass,-2.2855,4.0
selected_ols_av,pass,-1.8282,2.0
selected_ols_av,pass,0.3515,8.0
selected_ols_av,pass,0.467,0.0
selected_ols_av,pass,-1.1214,0.0
selected_ols_av,pass,0.8087,7.0
selected_ols_av,pass,0.0098,0.0
selected_ols_av,pass,-0.2069,4.0
selected_ols_av,pass,-0.3554,1.0
selected_ols_av,pass,-1.1214,0.0
selected_ols_av,pass,-0.6641,0.0
selected_ols_av,pass,0.0098,4.0
selected_ols_av,pass,-0.4475,6.0
selected_ols_av,pass,0.8087,9.0
selected_ols_av,pass,-0.8126,5.0
selected_ols_av,pass,-0.8126,3.0
selected_ols_av,pass,-0.3554,0.0
selected_ols_av,pass,1.266,5.0
selected_ols_av,pass,-0.8126,4.0
selected_ols_av,pass,-0.8126,2.0
selected_ols_av,pass,-1.1214,0.0
selected_ols_av,pass,-0.8126,5.0
selected_ols_av,pass,1.266,5.0
selected_ols_av,pass,-0.3554,4.0
selected_ols_av,pass,-1.5786,4.0
selected_ols_av,pass,-0.6641,0.0
selected_ols_av,pass,1.266,6.0
selected_ols_av,pass,1.7232,10.0
selected_ols_av,pass,-0.2069,6.0
selected_ols_av,pass,-0.6641,4.0
selected_ols_av,pass,0.1019,2.0
selected_ols_av,pass,-1.6116,4.0
selected_ols_av,pass,0.5591,0.0
selected_ols_av,pass,-2.0688,4.0
selected_ols_av,pass,-1.1214,0.0
selected_ols_av,pass,-0.2069,0.0
selected_ols_av,pass,-0.3554,6.0
selected_ols_av,pass,0.467,0.0
selected_ols_av,pass,-1.1214,2.0
selected_ols_av,pass,-1.1214,5.0
selected_ols_av,pass,-0.8126,3.0
selected_ols_av,pass,-1.8282,3.0
selected_ols_av,pass,-2.2855,2.0
selected_ols_av,pass,-1.2699,6.0
selected_ols_av,pass,-0.4475,7.0
selected_ols_av,pass,-0.8126,0.0
selected_ols_av,pass,-0.9047,0.0
selected_ols_av,pass,-0.6641,0.0
selected_ols_av,pass,-0.4475,0.0
selected_ols_av,pass,-1.2699,0.0
selected_ols_av,pass,0.1019,0.0
selected_ols_av,pass,-0.3554,0.0
selected_ols_av,pass,2.1805,8.0
selected_ols_av,pass,-0.3554,3.0
selected_ols_av,pass,-0.6641,0.0
selected_ols_av,pass,-2.7427,4.0
selected_ols_av,pass,0.1019,10.0
selected_ols_av,pass,0.2504,0.0
selected_ols_av,pass,-1.8282,3.0
selected_ols_av,pass,-1.2699,4.0
selected_ols_av,pass,-0.6641,0.0
selected_ols_av,pass,-0.9047,0.0
selected_ols_av,pass,-2.2855,4.0
selected_ols_av,pass,0.5591,4.0
selected_ols_av,pass,0.1019,0.0
selected_ols_av,pass,-2.2855,4.0
selected_ols_av,pass,-1.1214,0.0
selected_ols_av,pass,-0.4475,2.0
selected_ols_av,pass,-0.8126,4.0
selected_ols_av,pass,-0.8126,2.0
selected_ols_av,pass,0.5591,4.0
selected_ols_av,pass,0.5591,8.0
selected_ols_av,pass,-0.6641,0.0
selected_ols_av,pass,-2.2855,2.0
selected_ols_av,pass,0.0098,0.0
selected_ols_av,pass,0.5591,9.0
selected_ols_av,pass,-0.8126,4.0
selected_ols_av,pass,0.7076,3.0
selected_ols_av,pass,-1.5786,4.0
selected_ols_av,pass,-0.3554,5.0
selected_ols_av,pass,-0.2069,0.0
selected_ols_av,pass,-0.8126,0.0
selected_ols_av,pass,-0.3554,4.0
selected_ols_av,pass,-0.9047,4.0
selected_ols_av,pass,-0.6641,0.0
selected_ols_av,pass,-1.5786,0.0
selected_ols_av,pass,0.1019,6.0
selected_ols_av,pass,1.7232,6.0
selected_ols_av,pass,0.467,0.0
selected_ols_av,pass,-2.7427,2.0
selected_ols_av,pass,2.1805,8.0
selected_ols_av,pass,-1.1543,7.0
selected_ols_av,pass,0.2504,0.0
selected_ols_av,pass,-1.8282,4.0
selected_ols_av,pass,-0.3554,4.0
selected_ols_av,pass,-0.8126,0.0
selected_ols_av,pass,-0.2069,0.0
selected_ols_av,pass,0.467,7.0
selected_ols_av,pass,-0.4475,7.0
selected_ols_av,pass,-2.2855,5.0
selected_ols_av,pass,-2.7427,2.0
selected_ols_av,pass,1.7232,7.0
selected_ols_av,pass,0.1019,9.0
selected_ols_av,pass,0.0098,0.0
selected_ols_av,pass,-2.2855,2.0
selected_ols_av,pass,-1.8282,3.0
selected_ols_av,pass,1.3815,4.0
selected_ols_av,pass,-0.9047,0.0
selected_ols_av,pass,-1.6116,3.0
selected_ols_av,pass,-1.2699,0.0
selected_ols_av,pass,-2.2855,5.0
selected_ols_av,pass,0.2504,5.0
selected_ols_av,pass,-2.7427,5.0
selected_ols_av,pass,1.0163,3.0
selected_ols_av,pass,-0.3554,2.0
selected_ols_av,pass,0.8087,8.0
selected_ols_av,pass,-1.1543,2.0
selected_ols_av,pass,-0.3554,5.0
selected_ols_av,pass,1.266,9.0
selected_ols_av,pass,1.266,4.0
selected_ols_av,pass,-0.6641,0.0
selected_ols_av,pass,0.1019,2.0
selected_ols_av,pass,-0.6641,0.0
selected_ols_av,pass,1.7232,6.0
selected_ols_av,pass,-2.0688,2.0
selected_ols_av,pass,-0.3554,3.0
selected_ols_av,pass,-1.1543,3.0
selected_ols_av,pass,-1.371,5.0
selected_ols_av,pass,-0.2069,3.0
selected_ols_av,pass,-1.6116,8.0
selected_ols_av,pass,0.8087,5.0
selected_ols_av,pass,-1.8282,2.0
selected_ols_av,pass,-1.8282,5.0
selected_ols_av,pass,-0.8126,7.0
selected_ols_av,pass,-0.2069,0.0
selected_ols_av,pass,-0.8126,0.0
selected_ols_av,pass,1.266,6.0
selected_ols_av,pass,-1.2699,9.0
selected_ols_av,pass,1.7232,7.0
selected_ols_av,pass,-0.3554,1.0
selected_ols_av,pass,0.0098,5.0
selected_ols_av,pass,1.266,7.0
selected_ols_av,pass,1.266,8.0
selected_ols_av,pass,-1.1543,3.0
selected_ols_av,pass,-3.2,5.0
selected_ols_av,pass,1.266,9.0
selected_ols_av,pass,-0.2069,0.0
selected_ols_av,pass,-1.371,4.0
selected_ols_av,pass,-0.4475,5.0
selected_ols_av,pass,-0.3554,0.0
selected_ols_av,pass,-0.2069,0.0
selected_ols_av,pass,0.1019,8.0
selected_ols_av,pass,-1.1214,3.0
selected_ols_av,pass,-0.3554,2.0
selected_ols_av,pass,-1.2699,0.0
selected_ols_av,pass,-0.4475,6.0
selected_ols_av,pass,-1.1543,4.0
selected_ols_av,pass,-1.8282,4.0
selected_ols_av,pass,0.0098,4.0
selected_ols_av,pass,-0.9047,5.0
selected_ols_av,pass,0.467,5.0
selected_ols_av,pass,0.0098,7.0
selected_ols_av,pass,0.2504,0.0
selected_ols_av,pass,0.8087,6.0
selected_ols_av,pass,-0.8126,0.0
selected_ols_av,pass,0.8087,3.0
selected_ols_av,pass,-0.3554,5.0
selected_ols_av,pass,1.266,6.0
selected_ols_av,pass,-0.8126,1.0
selected_ols_av,pass,-0.6641,3.0
selected_ols_av,pass,-0.3554,6.0
selected_ols_av,pass,-0.3554,0.0
selected_ols_av,pass,-1.1214,2.0
selected_ols_av,pass,-1.2699,2.0
selected_ols_av,pass,-1.1214,4.0
selected_ols_av,pass,-0.8126,3.0
selected_ols_av,pass,1.266,6.0
selected_ols_av,pass,-2.5261,3.0
selected_ols_av,pass,-0.2069,0.0
selected_ols_av,pass,1.266,6.0
selected_ols_av,pass,-0.6641,0.0
selected_ols_av,pass,-0.3554,0.0
selected_ols_av,pass,-0.4475,3.0
selected_ols_av,pass,-0.8126,5.0
selected_ols_av,pass,-1.1214,0.0
selected_ols_av,pass,0.0098,6.0
selected_ols_av,pass,-0.6641,3.0
selected_ols_av,pass,-0.8126,8.0
selected_ols_av,pass,1.7232,9.0
selected_ols_av,pass,0.9243,0.0
selected_ols_av,pass,-2.7427,3.0
selected_ols_av,pass,0.1019,3.0
selected_ols_av,pass,-1.2699,0.0
selected_ols_av,pass,1.266,7.0
selected_ols_av,pass,0.467,0.0
selected_ols_av,pass,-2.0688,2.0
selected_ols_av,pass,-0.9047,5.0
selected_ols_av,pass,-0.8126,2.0
selected_ols_av,pass,-0.8126,0.0
selected_ols_av,pass,-0.3554,3.0
selected_ols_av,pass,-2.0688,3.0
selected_ols_av,pass,-0.9047,3.0
selected_ols_av,pass,0.467,0.0
selected_ols_av,pass,0.9243,0.0
selected_ols_av,pass,-0.6641,0.0
selected_ols_av,pass,-1.371,6.0
selected_ols_av,pass,0.0098,5.0
selected_ols_av,pass,0.8087,5.0
selected_ols_av,pass,-0.6641,2.0
selected_ols_av,pass,-0.2069,2.0
selected_ols_av,pass,-0.8126,3.0
selected_ols_av,pass,0.3515,6.0
selected_ols_av,pass,-0.6641,5.0
selected_ols_av,pass,0.1019,5.0
selected_ols_av,pass,-0.4475,0.0
selected_ols_av,pass,-2.7427,0.0
selected_ols_av,pass,-0.6641,0.0
selected_ols_av,pass,0.5591,2.0
selected_ols_av,pass,-0.2069,0.0
selected_ols_av,pass,1.7232,8.0
selected_ols_av,pass,-0.2069,3.0
selected_ols_av,pass,-1.1214,0.0
selected_ols_av,pass,0.8087,5.0
selected_ols_av,pass,-0.3554,0.0
selected_ols_av,pass,-0.3554,7.0
selected_ols_av,pass,-0.6641,2.0
selected_ols_av,pass,-1.5786,0.0
selected_ols_av,pass,0.0098,6.0
selected_ols_av,pass,-0.8126,5.0
selected_ols_av,pass,-0.3554,4.0
selected_ols_av,pass,-1.8282,4.0
selected_ols_av,pass,-0.3554,2.0
selected_ols_av,pass,-0.6641,0.0
selected_ols_av,pass,1.7232,7.0
selected_ols_av,pass,-0.6641,0.0
selected_ols_av,pass,0.0098,4.0
selected_ols_av,pass,-0.3554,4.0
selected_ols_av,pass,-2.2855,4.0
selected_ols_av,pass,0.0098,0.0
selected_ols_av,pass,-0.8126,4.0
selected_ols_av,pass,-0.6641,0.0
selected_ols_av,pass,-0.6641,0.0
selected_ols_av,pass,-1.1214,0.0
selected_ols_av,pass,-1.2699,3.0
selected_ols_av,pass,-0.3554,2.0
selected_ols_av,pass,-0.3554,2.0
selected_ols_av,pass,0.467,0.0
selected_ols_av,pass,-2.2855,2.0
selected_ols_av,pass,-1.1543,2.0
selected_ols_av,pass,-0.2069,0.0
selected_ols_av,pass,-0.2069,6.0
selected_ols_av,pass,-0.3554,0.0
selected_ols_av,pass,0.8087,0.0
selected_ols_av,pass,-1.5786,3.0
selected_ols_av,pass,-0.6641,0.0
selected_ols_av,pass,1.266,10.0
selected_ols_av,pass,1.7232,5.0
selected_ols_av,pass,0.1019,0.0
selected_ols_av,pass,-0.2069,0.0
selected_ols_av,pass,1.7232,6.0
selected_ols_av,pass,-0.6641,0.0
selected_ols_av,pass,-2.2855,3.0
selected_ols_av,pass,0.9243,5.0
selected_ols_av,pass,2.6377,4.0
selected_ols_av,pass,-0.8126,1.0
selected_ols_av,pass,0.3515,9.0
selected_ols_av,pass,-1.1214,0.0
selected_ols_av,pass,-0.6641,4.0
selected_ols_av,pass,-0.6641,5.0
selected_ols_av,pass,-1.5786,3.0
selected_ols_av,pass,-0.8126,4.0
selected_ols_av,pass,0.8087,8.0
selected_ols_av,pass,-0.8126,3.0
selected_ols_av,pass,-2.0688,7.0
selected_ols_av,pass,-1.5786,0.0
selected_ols_av,pass,-0.4475,3.0
selected_ols_av,pass,0.0098,0.0
selected_ols_av,pass,1.7232,9.0
selected_ols_av,pass,0.1019,0.0
selected_ols_av,pass,-1.2699,4.0
selected_ols_av,pass,2.1805,5.0
selected_ols_av,pass,-1.1214,3.0
selected_ols_av,pass,0.1019,0.0
selected_ols_av,pass,-1.5786,3.0
selected_ols_av,pass,0.0098,4.0
selected_ols_av,pass,0.8087,4.0
selected_ols_av,pass,0.8087,5.0
selected_ols_av,pass,-0.2069,0.0
selected_ols_av,pass,0.5591,0.0
selected_ols_av,pass,-0.6641,2.0
selected_ols_av,pass,-1.1214,0.0
selected_ols_av,pass,1.266,5.0
selected_ols_av,pass,0.1019,0.0
selected_ols_av,pass,-0.2069,5.0
selected_ols_av,pass,-0.3554,0.0
selected_ols_av,pass,-0.6641,2.0
selected_ols_av,pass,0.467,6.0
selected_ols_av,pass,0.0098,7.0
selected_ols_av,pass,-0.6641,0.0
selected_ols_av,pass,-1.1214,0.0
selected_ols_av,pass,-1.1214,0.0
selected_ols_av,pass,-0.2069,4.0
selected_ols_av,pass,-2.7427,4.0
selected_ols_av,pass,0.7076,3.0
selected_ols_av,pass,-0.8126,5.0
selected_ols_av,pass,-0.3554,3.0
selected_ols_av,pass,0.0098,0.0
selected_ols_av,pass,0.467,0.0
selected_ols_av,pass,-0.8126,0.0
selected_ols_av,pass,-2.2855,4.0
selected_ols_av,pass,-0.3554,2.0
selected_ols_av,pass,-0.6641,2.0
selected_ols_av,pass,0.0098,0.0
selected_ols_av,pass,-0.3554,2.0
selected_ols_av,pass,0.8087,5.0
selected_ols_av,pass,-0.8126,0.0
selected_ols_av,pass,-2.7427,2.0
selected_ols_av,pass,-1.1214,3.0
selected_ols_av,pass,0.9243,0.0
selected_ols_av,pass,-0.6641,0.0
selected_ols_av,pass,0.467,7.0
selected_ols_av,pass,-0.4475,0.0
selected_ols_av,pass,-1.5786,0.0
selected_ols_av,pass,-1.5786,0.0
selected_ols_av,pass,-2.0688,2.0
selected_ols_av,pass,-0.8126,5.0
selected_ols_av,pass,1.7232,8.0
selected_ols_av,pass,-0.6641,0.0
selected_ols_av,pass,-1.6116,5.0
selected_ols_av,pass,-0.3554,7.0
selected_ols_av,pass,-0.8126,0.0
selected_ols_av,pass,-1.1214,4.0
selected_ols_av,pass,-1.5786,1.0
selected_ols_av,pass,0.1019,6.0
selected_ols_av,pass,-1.1214,4.0
selected_ols_av,pass,-2.2855,2.0
selected_ols_av,pass,0.0098,5.0
selected_ols_av,pass,-0.6641,0.0
selected_ols_av,pass,-0.9047,3.0
selected_ols_av,pass,-2.0688,1.0
selected_ols_av,pass,-0.6641,0.0
selected_ols_av,pass,0.9243,4.0
selected_ols_av,pass,0.1019,0.0
selected_ols_av,pass,0.1019,7.0
selected_ols_av,pass,1.0163,6.0
selected_ols_av,pass,-0.6641,0.0
selected_ols_av,pass,-2.2855,4.0
selected_ols_av,pass,-0.3554,0.0
selected_ols_av,pass,-0.2069,0.0
selected_ols_av,pass,2.1805,6.0
selected_ols_av,pass,-0.3554,2.0
selected_ols_av,pass,-0.6641,0.0
selected_ols_av,pass,-0.3554,8.0
selected_ols_av,pass,0.8087,8.0
selected_ols_av,pass,-0.6641,5.0
selected_ols_av,pass,-0.8126,1.0
selected_ols_av,pass,0.0098,0.0
selected_ols_av,pass,1.7232,6.0
selected_ols_av,pass,-0.4475,4.0
selected_ols_av,pass,-2.2855,2.0
selected_ols_av,pass,0.8087,6.0
selected_ols_av,pass,-0.8126,1.0
selected_ols_av,pass,1.7232,8.0
selected_ols_av,pass,1.266,4.0
selected_ols_av,pass,-0.4475,3.0
selected_ols_av,pass,1.266,7.0
selected_ols_av,pass,0.8087,6.0
selected_ols_av,pass,0.8087,7.0
selected_ols_av,pass,0.467,0.0
selected_ols_av,pass,-0.6641,0.0
selected_ols_av,pass,-0.6641,1.0
selected_ols_av,pass,-0.2069,1.0
selected_ols_av,pass,-0.6641,0.0
selected_ols_av,pass,-1.8282,5.0
selected_ols_av,pass,-1.1543,3.0
selected_ols_av,pass,-1.1214,1.0
selected_ols_av,pass,0.0098,0.0
selected_ols_av,pass,0.467,0.0
selected_ols_av,pass,-0.4475,5.0
selected_ols_av,pass,-2.5261,3.0
selected_ols_av,pass,0.0098,0.0
selected_ols_av,pass,1.7232,8.0
selected_ols_av,pass,0.0098,0.0
selected_ols_av,pass,1.266,6.0
selected_ols_av,pass,-1.1543,2.0
selected_ols_av,pass,0.0098,0.0
selected_ols_av,pass,0.1019,0.0
selected_ols_av,pass,2.1805,7.0
selected_ols_av,pass,-2.2855,4.0
selected_ols_av,pass,-0.4475,7.0
selected_ols_av,pass,-0.6641,0.0
selected_ols_av,pass,0.3515,7.0
selected_ols_av,pass,-1.1214,4.0
selected_ols_av,pass,-0.3554,2.0
selected_ols_av,pass,0.1019,3.0
selected_ols_av,pass,-3.2,3.0
selected_ols_av,pass,-0.3554,1.0
selected_ols_av,pass,-2.0688,4.0
selected_ols_av,pass,0.0098,2.0
selected_ols_av,pass,-1.1214,2.0
selected_ols_av,pass,-0.2069,4.0
selected_ols_av,pass,-2.0688,3.0
selected_ols_av,pass,1.3815,5.0
selected_ols_av,pass,-1.371,3.0
selected_ols_av,pass,-1.6116,4.0
selected_ols_av,pass,-1.1214,0.0
selected_ols_av,pass,-1.1214,0.0
selected_ols_av,pass,0.1019,3.0
selected_ols_av,pass,0.1019,9.0
selected_ols_av,pass,0.467,4.0
selected_ols_av,pass,-0.3554,2.0
selected_ols_av,pass,0.1019,6.0
selected_ols_av,pass,-1.1214,3.0
selected_ols_av,pass,0.2504,0.0
selected_ols_av,pass,-0.6641,5.0
selected_ols_av,pass,0.5591,6.0
selected_ols_av,pass,1.266,6.0
selected_ols_av,pass,0.8087,8.0
selected_ols_av,pass,-1.1214,1.0
selected_ols_av,pass,0.467,5.0
selected_ols_av,pass,-0.6641,3.0
selected_ols_av,pass,-1.1214,0.0
selected_ols_av,pass,0.8087,7.0
selected_ols_av,pass,-0.8126,5.0
selected_ols_av,pass,-0.4475,6.0
selected_ols_av,pass,0.2504,0.0
selected_ols_av,pass,-1.5786,0.0
selected_ols_av,pass,-0.2069,0.0
selected_ols_av,pass,-0.3554,5.0
selected_ols_av,pass,0.9243,7.0
selected_ols_av,pass,-1.2699,6.0
selected_ols_av,pass,2.6377,8.0
selected_ols_av,pass,-1.6116,6.0
selected_ols_av,pass,0.0098,7.0
selected_ols_av,pass,0.8087,6.0
selected_ols_av,pass,-0.2069,0.0
selected_ols_av,pass,-0.6641,0.0
selected_ols_av,pass,-0.3554,0.0
selected_ols_av,pass,-0.8126,3.0
selected_ols_av,pass,-1.1214,0.0
selected_ols_av,pass,1.7232,6.0
selected_ols_av,pass,1.7232,6.0
selected_ols_av,pass,-0.4475,0.0
selected_ols_av,pass,0.9243,0.0
selected_ols_av,pass,0.467,3.0
selected_ols_av,pass,-1.2699,6.0
selected_ols_av,pass,-0.3554,3.0
selected_ols_av,pass,-2.2855,3.0
selected_ols_av,pass,-1.6116,0.0
selected_ols_av,pass,0.8087,7.0
selected_ols_av,pass,0.1019,3.0
selected_ols_av,pass,-1.371,4.0
selected_ols_av,pass,0.467,6.0
selected_ols_av,pass,-0.6641,0.0
selected_ols_av,pass,-2.7427,5.0
selected_ols_av,pass,-0.8126,4.0
selected_ols_av,pass,-0.3554,4.0
selected_ols_av,pass,-0.2069,0.0
selected_ols_av,pass,-0.4475,3.0
selected_ols_av,pass,-0.2069,0.0
selected_ols_av,pass,-0.3554,9.0
selected_ols_av,pass,0.0098,5.0
selected_ols_av,pass,-2.2855,4.0
selected_ols_av,pass,-0.8126,7.0
selected_ols_av,pass,0.0098,5.0
selected_ols_av,pass,0.0098,0.0
selected_ols_av,pass,0.1019,5.0
selected_ols_av,pass,0.1019,0.0
selected_ols_av,pass,0.1019,0.0
selected_ols_av,pass,-0.2069,0.0
selected_ols_av,pass,0.0098,2.0
selected_ols_av,pass,-2.0688,7.0
selected_ols_av,pass,-0.3554,4.0
selected_ols_av,pass,-2.5261,3.0
selected_ols_av,pass,-1.371,3.0
selected_ols_av,pass,1.4736,4.0
selected_ols_av,pass,-1.1543,4.0
selected_ols_av,pass,-0.6641,0.0
selected_ols_av,pass,0.467,7.0
selected_ols_av,pass,-0.6641,0.0
selected_ols_av,pass,-0.6971,4.0
selected_ols_av,pass,-1.1214,0.0
selected_ols_av,pass,-0.3554,2.0
selected_ols_av,pass,-0.3554,6.0
selected_ols_av,pass,-0.6641,5.0
selected_ols_av,pass,-1.1543,3.0
selected_ols_av,pass,-2.0688,5.0
selected_ols_av,pass,-0.6641,0.0
selected_ols_av,pass,-2.2855,2.0
selected_ols_av,pass,-0.4475,7.0
selected_ols_av,pass,-0.3554,0.0
selected_ols_av,pass,-1.1543,1.0
selected_ols_av,pass,-1.1214,2.0
selected_ols_av,pass,0.5591,3.0
selected_ols_av,pass,-2.2855,5.0
selected_ols_av,pass,-0.2069,4.0
selected_ols_av,pass,-0.3554,0.0
selected_ols_av,pass,-0.8126,4.0
selected_ols_av,pass,0.1019,5.0
selected_ols_av,pass,-0.3554,4.0
selected_ols_av,pass,-0.2069,0.0
selected_ols_av,pass,0.0098,9.0
selected_ols_av,pass,-1.6116,3.0
selected_ols_av,pass,-0.6641,2.0
selected_ols_av,pass,0.0098,6.0
selected_ols_av,pass,-1.6116,1.0
selected_ols_av,pass,0.3515,5.0
selected_ols_av,pass,-2.2855,2.0
selected_ols_av,pass,0.1019,2.0
selected_ols_av,pass,-1.6116,4.0
selected_ols_av,pass,-2.2855,5.0
selected_ols_av,pass,-0.2069,0.0
selected_ols_av,pass,-1.2699,4.0
selected_ols_av,pass,-0.2069,0.0
selected_ols_av,pass,0.0098,0.0
selected_ols_av,pass,2.1805,6.0
selected_ols_av,pass,-0.6641,4.0
selected_ols_av,pass,-1.8282,4.0
selected_ols_av,pass,1.3815,0.0
selected_ols_av,pass,-0.3554,5.0
selected_ols_av,pass,-0.6641,0.0
selected_ols_av,pass,-1.1214,0.0
selected_ols_av,pass,-0.2069,0.0
selected_ols_av,pass,-1.1214,5.0
selected_ols_av,pass,-2.0688,4.0
selected_ols_av,pass,0.1019,7.0
selected_ols_av,pass,-0.4475,6.0
selected_ols_av,pass,-1.6116,5.0
selected_ols_av,pass,1.7232,7.0
selected_ols_av,pass,-0.3554,4.0
selected_ols_av,pass,0.7076,5.0
selected_ols_av,pass,0.8087,5.0
selected_ols_av,pass,-0.2069,0.0
selected_ols_av,pass,-2.0688,4.0
selected_ols_av,pass,-0.4475,0.0
selected_ols_av,pass,0.0098,4.0
selected_ols_av,pass,1.7232,7.0
selected_ols_av,pass,0.5591,5.0
selected_ols_av,pass,2.1805,5.0
selected_ols_av,pass,0.467,5.0
selected_ols_av,pass,-1.8282,3.0
selected_ols_av,pass,-0.4475,0.0
selected_ols_av,pass,0.467,0.0
selected_ols_av,pass,-0.6641,0.0
selected_ols_av,pass,0.1019,5.0
selected_ols_av,pass,-1.371,2.0
selected_ols_av,pass,-1.1214,0.0
selected_ols_av,pass,1.266,5.0
selected_ols_av,pass,-1.1214,0.0
selected_ols_av,pass,-0.6641,0.0
selected_ols_av,pass,0.0098,7.0
selected_ols_av,pass,0.2504,0.0
selected_ols_av,pass,-0.3554,4.0
selected_ols_av,pass,-0.2069,0.0
selected_ols_av,pass,-1.1543,5.0
selected_ols_av,pass,-1.1214,3.0
selected_ols_av,pass,-1.2699,1.0
selected_ols_av,pass,1.266,6.0
selected_ols_av,pass,-0.6641,4.0
selected_ols_av,pass,-0.6971,4.0
selected_ols_av,pass,0.5591,7.0
selected_ols_av,pass,-0.9047,0.0
selected_ols_av,pass,0.8087,7.0
selected_ols_av,pass,-1.1214,0.0
selected_ols_av,pass,-1.8282,5.0
selected_ols_av,pass,-1.1214,4.0
selected_ols_av,pass,-0.6641,0.0
selected_ols_av,pass,0.9243,0.0
selected_ols_av,pass,-2.0688,3.0
selected_ols_av,pass,-2.2855,3.0
selected_ols_av,pass,-1.5786,4.0
selected_ols_av,pass,-0.3554,7.0
selected_ols_av,pass,0.1019,6.0
selected_ols_av,pass,0.467,2.0
selected_ols_av,pass,0.467,0.0
selected_ols_av,pass,-1.2699,0.0
selected_ols_av,pass,-0.6641,4.0
selected_ols_av,pass,-0.2069,0.0
selected_ols_av,pass,-0.9047,0.0
selected_ols_av,pass,-0.3554,9.0
selected_ols_av,pass,0.9243,8.0
selected_ols_av,pass,-1.1214,0.0
selected_ols_av,pass,-2.7427,0.0
selected_ols_av,pass,0.467,3.0
selected_ols_av,pass,-0.3554,3.0
selected_ols_av,pass,2.1805,8.0
selected_ols_av,pass,-1.2699,4.0
selected_ols_av,pass,0.0098,6.0
selected_ols_av,pass,-0.2069,0.0
selected_ols_av,pass,-1.2699,0.0
selected_ols_av,pass,-0.6641,4.0
selected_ols_av,pass,-0.8126,4.0
selected_ols_av,pass,-0.8126,0.0
selected_ols_av,pass,-1.1214,0.0
selected_ols_av,pass,-1.1214,0.0
selected_ols_av,pass,-2.2855,2.0
selected_ols_av,pass,0.5591,4.0
selected_ols_av,pass,0.467,0.0
selected_ols_av,pass,1.266,8.0
selected_ols_av,pass,0.0098,3.0
selected_ols_av,pass,1.7232,4.0
selected_ols_av,pass,-1.6116,4.0
selected_ols_av,pass,-1.6116,4.0
selected_ols_av,pass,0.0098,0.0
selected_ols_av,pass,-1.6116,6.0
selected_ols_av,pass,-2.2855,7.0
selected_ols_av,pass,1.266,6.0
selected_ols_av,pass,-0.9138,6.0
selected_ols_av,pass,-0.6641,0.0
selected_ols_av,pass,0.2504,2.0
selected_ols_av,pass,-0.3554,2.0
selected_ols_av,pass,-0.3554,0.0
selected_ols_av,pass,0.467,0.0
selected_ols_av,pass,1.266,6.0
selected_ols_av,pass,-1.1543,5.0
selected_ols_av,pass,-2.2855,2.0
selected_ols_av,pass,0.0098,6.0
selected_ols_av,pass,-0.6641,0.0
selected_ols_av,pass,0.0098,3.0
selected_ols_av,pass,-0.6641,3.0
selected_ols_av,pass,-0.4475,2.0
selected_ols_av,pass,-0.4475,2.0
selected_ols_av,pass,-0.8126,4.0
selected_ols_av,pass,-1.1214,1.0
selected_ols_av,pass,-0.3554,0.0
selected_ols_av,pass,-0.8126,8.0
selected_ols_av,pass,-2.7427,5.0
selected_ols_av,pass,0.467,4.0
selected_ols_av,pass,0.1019,9.0
selected_ols_av,pass,-0.3554,5.0
selected_ols_av,pass,-0.3554,5.0
selected_ols_av,pass,-0.4475,3.0
selected_ols_av,pass,0.467,4.0
selected_ols_av,pass,-0.4475,3.0
selected_ols_av,pass,1.266,6.0
selected_ols_av,pass,-1.6116,4.0
selected_ols_av,pass,0.0098,0.0
selected_ols_av,pass,-1.6116,3.0
selected_ols_av,pass,-0.2069,0.0
selected_ols_av,pass,-0.9047,7.0
selected_ols_av,pass,-0.4475,0.0
selected_ols_av,pass,0.1019,3.0
selected_ols_av,pass,-2.7427,3.0
selected_ols_av,pass,0.5591,6.0
selected_ols_av,pass,0.0098,8.0
selected_ols_av,pass,0.3515,6.0
selected_ols_av,pass,-0.4475,6.0
selected_ols_av,pass,-1.6116,2.0
selected_ols_av,pass,0.467,6.0
selected_ols_av,pass,-1.1214,0.0
selected_ols_av,pass,0.8087,8.0
selected_ols_av,pass,-0.4475,7.0
selected_ols_av,pass,-0.8126,3.0
selected_ols_av,pass,0.0098,3.0
selected_ols_av,pass,-0.4475,3.0
selected_ols_av,pass,1.7232,7.0
selected_ols_av,pass,0.467,7.0
selected_ols_av,pass,0.2504,4.0
selected_ols_av,pass,-0.9047,0.0
selected_ols_av,pass,0.0098,4.0
selected_ols_av,pass,-2.0688,4.0
selected_ols_av,pass,0.8087,8.0
selected_ols_av,pass,0.5591,7.0
selected_ols_av,pass,-1.6116,4.0
selected_ols_av,pass,-0.8126,0.0
selected_ols_av,pass,0.1019,0.0
selected_ols_av,pass,-0.2069,0.0
selected_ols_av,pass,-0.6641,3.0
selected_ols_av,pass,-0.9047,0.0
selected_ols_av,pass,-0.6641,2.0
selected_ols_av,pass,-1.1543,4.0
selected_ols_av,pass,-1.2699,7.0
selected_ols_av,pass,0.1019,0.0
selected_ols_av,pass,0.8087,10.0
selected_ols_av,pass,-1.2699,6.0
selected_ols_av,pass,-0.3554,0.0
selected_ols_av,pass,-2.5261,5.0
selected_ols_av,pass,0.8087,7.0
selected_ols_av,pass,-2.2855,1.0
selected_ols_av,pass,-1.6116,2.0
selected_ols_av,pass,0.0098,0.0
selected_ols_av,pass,-0.6641,0.0
selected_ols_av,pass,-1.1214,0.0
selected_ols_av,pass,0.2504,0.0
selected_ols_av,pass,-0.8126,0.0
selected_ols_av,pass,-0.6641,0.0
selected_ols_av,pass,0.1019,0.0
selected_ols_av,pass,-0.9047,0.0
selected_ols_av,pass,-1.1214,0.0
selected_ols_av,pass,-0.9047,0.0
selected_ols_av,pass,-0.4475,7.0
selected_ols_av,pass,-0.3554,6.0
selected_ols_av,pass,-0.6641,0.0
selected_ols_av,pass,-0.2069,1.0
selected_ols_av,pass,-0.8126,2.0
selected_ols_av,pass,2.1805,6.0
selected_ols_av,pass,0.0098,3.0
selected_ols_av,pass,1.266,6.0
selected_ols_av,pass,-2.5261,7.0
selected_ols_av,pass,-3.2,1.0
selected_ols_av,pass,0.8087,7.0
selected_ols_av,pass,0.0098,4.0
selected_ols_av,pass,0.9243,0.0
selected_ols_av,pass,0.9243,4.0
selected_ols_av,pass,-0.3554,2.0
selected_ols_av,pass,-1.1214,0.0
selected_ols_av,pass,-0.4475,8.0
selected_ols_av,pass,-0.2069,0.0
selected_ols_av,pass,0.467,8.0
selected_ols_av,pass,-0.3554,4.0
selected_ols_av,pass,-0.8126,1.0
selected_ols_av,pass,0.0098,3.0
selected_ols_av,pass,-0.3554,3.0
selected_ols_av,pass,0.467,3.0
selected_ols_av,pass,1.7232,8.0
selected_ols_av,pass,-0.4475,0.0
selected_ols_av,pass,-2.0688,1.0
selected_ols_av,pass,-2.7427,2.0
selected_ols_av,pass,-0.3554,9.0
selected_ols_av,pass,-2.2855,3.0
selected_ols_av,pass,1.7232,5.0
selected_ols_av,pass,0.8087,7.0
selected_ols_av,pass,-1.2699,0.0
selected_ols_av,pass,-1.1214,0.0
selected_ols_av,pass,-1.1214,3.0
selected_ols_av,pass,-0.8126,3.0
selected_ols_av,pass,-0.8126,3.0
selected_ols_av,pass,-2.7427,4.0
selected_ols_av,pass,-3.2,3.0
selected_ols_av,pass,-1.6116,2.0
selected_ols_av,pass,1.7232,8.0
selected_ols_av,pass,0.0098,7.0
selected_ols_av,pass,-0.3554,6.0
selected_ols_av,pass,0.1019,2.0
selected_ols_av,pass,-1.5786,0.0
selected_ols_av,pass,-0.4475,3.0
selected_ols_av,pass,-0.8126,0.0
selected_ols_av,pass,-2.2855,2.0
selected_ols_av,pass,0.3515,6.0
selected_ols_av,pass,-0.8126,7.0
selected_ols_av,pass,-0.8126,3.0
selected_ols_av,pass,-1.1214,0.0
selected_ols_av,pass,-1.6116,4.0
selected_ols_av,pass,2.1805,7.0
selected_ols_av,pass,-0.4475,4.0
selected_ols_av,pass,-0.8126,2.0
selected_ols_av,pass,-0.3554,0.0
selected_ols_av,pass,-0.6641,0.0
selected_ols_av,pass,-0.6641,0.0
selected_ols_av,pass,1.266,7.0
selected_ols_av,pass,-0.8126,1.0
selected_ols_av,pass,-0.4475,4.0
selected_ols_av,pass,0.5591,0.0
selected_ols_av,pass,-2.7427,3.0
selected_ols_av,pass,-2.7427,1.0
selected_ols_av,pass,-2.2855,3.0
selected_ols_av,pass,0.8087,5.0
selected_ols_av,pass,-2.0688,3.0
selected_ols_av,pass,1.7232,6.0
selected_ols_av,pass,0.5591,4.0
selected_ols_av,pass,-2.0688,7.0
selected_ols_av,pass,-1.6116,4.0
selected_ols_av,pass,-0.6641,4.0
selected_ols_av,pass,1.0163,0.0
selected_ols_av,pass,-0.8126,6.0
selected_ols_av,pass,0.467,0.0
selected_ols_av,pass,0.1019,3.0
selected_ols_av,pass,-0.6641,0.0
selected_ols_av,pass,-1.6116,3.0
selected_ols_av,pass,-0.3554,0.0
selected_ols_av,pass,0.8087,8.0
selected_ols_av,pass,-0.3554,3.0
selected_ols_av,pass,0.0098,0.0
selected_ols_av,pass,-0.4475,4.0
selected_ols_av,pass,-1.5786,2.0
selected_ols_av,pass,-0.2069,0.0
selected_ols_av,pass,0.1019,3.0
selected_ols_av,pass,-0.8126,6.0
selected_ols_av,pass,-1.6116,6.0
selected_ols_av,pass,-1.1214,0.0
selected_ols_av,pass,-0.2069,0.0
selected_ols_av,pass,0.0098,0.0
selected_ols_av,pass,-1.1214,0.0
selected_ols_av,pass,-0.2069,0.0
selected_ols_av,pass,-1.2699,6.0
selected_ols_av,pass,0.0098,2.0
selected_ols_av,pass,-2.2855,4.0
selected_ols_av,pass,-0.6971,2.0
selected_ols_av,pass,-1.1214,0.0
selected_ols_av,pass,1.266,8.0
selected_ols_av,pass,0.1019,6.0
selected_ols_av,pass,-1.8282,3.0
selected_ols_av,pass,-1.8282,3.0
selected_ols_av,pass,-0.6641,0.0
selected_ols_av,pass,-1.1214,0.0
selected_ols_av,pass,-0.8126,4.0
selected_ols_av,pass,0.8087,6.0
selected_ols_av,pass,-0.6641,3.0
selected_ols_av,pass,-1.8282,5.0
selected_ols_av,pass,0.0098,0.0
selected_ols_av,pass,1.7232,9.0
selected_ols_av,pass,-2.0688,2.0
selected_ols_av,pass,-0.4475,8.0
selected_ols_av,pass,-0.2069,0.0
selected_ols_av,pass,-0.6641,1.0
selected_ols_av,pass,2.1805,7.0
selected_ols_av,pass,-1.8282,4.0
selected_ols_av,pass,0.9243,0.0
selected_ols_av,pass,0.8087,7.0
selected_ols_av,pass,-1.1543,5.0
selected_ols_av,pass,0.3515,5.0
selected_ols_av,pass,-0.6641,0.0
selected_ols_av,pass,2.1805,4.0
selected_ols_av,pass,-1.1214,0.0
selected_ols_av,pass,-2.0688,2.0
selected_ols_av,pass,-1.1543,3.0
selected_ols_av,pass,-0.6641,4.0
selected_ols_av,pass,0.9243,0.0
selected_ols_av,pass,-2.0688,1.0
selected_ols_av,pass,1.266,5.0
selected_ols_av,pass,-0.8126,2.0
selected_ols_av,pass,0.467,0.0
selected_ols_av,pass,-0.4475,0.0
selected_ols_av,pass,-2.5261,6.0
selected_ols_av,pass,0.8087,8.0
selected_ols_av,pass,-0.8126,8.0
selected_ols_av,pass,-0.6641,0.0
selected_ols_av,pass,-0.3554,3.0
selected_ols_av,pass,-2.7427,5.0
selected_ols_av,pass,-0.4475,2.0
selected_ols_av,pass,-0.3554,8.0
selected_ols_av,pass,-3.2,4.0
selected_ols_av,pass,-0.2069,2.0
selected_ols_av,pass,-0.2069,0.0
selected_ols_av,pass,2.1805,7.0
selected_ols_av,pass,-0.6641,5.0
selected_ols_av,pass,-0.8126,3.0
selected_ols_av,pass,0.1019,4.0
selected_ols_av,pass,-1.1543,3.0
selected_ols_av,pass,-0.3554,0.0
selected_ols_av,pass,0.1019,0.0
selected_ols_av,pass,-0.3554,0.0
selected_ols_av,pass,0.8087,4.0
selected_ols_av,pass,0.1019,0.0
selected_ols_av,pass,-0.3554,0.0
selected_ols_av,pass,0.1019,7.0
selected_ols_av,pass,-0.8126,0.0
selected_ols_av,pass,-0.8126,10.0
selected_ols_av,pass,0.1019,2.0
selected_ols_av,pass,-0.6641,0.0
selected_ols_av,pass,-0.2069,0.0
selected_ols_av,pass,-2.2855,3.0
selected_ols_av,pass,-0.6641,0.0
selected_ols_av,pass,-1.5786,0.0
selected_ols_av,pass,-0.3554,6.0
selected_ols_av,pass,-0.6641,2.0
selected_ols_av,pass,-0.3554,3.0
selected_ols_av,pass,-1.1214,0.0
selected_ols_av,pass,-0.6641,0.0
selected_ols_av,pass,-0.3554,1.0
selected_ols_av,pass,0.3515,4.0
selected_ols_av,pass,0.0098,0.0
selected_ols_av,pass,-1.6116,5.0
selected_ols_av,pass,-0.6641,0.0
selected_ols_av,pass,-0.8126,8.0
selected_ols_av,pass,1.266,7.0
selected_ols_av,pass,0.1019,6.0
selected_ols_av,pass,0.3515,8.0
selected_ols_av,pass,-1.1214,0.0
selected_ols_av,pass,-0.3554,0.0
selected_ols_av,pass,-1.2699,6.0
selected_ols_av,pass,-0.2069,4.0
selected_ols_av,pass,-2.2855,4.0
selected_ols_av,pass,0.1019,4.0
selected_ols_av,pass,-0.6641,0.0
selected_ols_av,pass,-1.1214,5.0
selected_ols_av,pass,-2.0688,5.0
selected_ols_av,pass,-1.2699,0.0
selected_ols_av,pass,0.0098,5.0
selected_ols_av,pass,-0.6641,5.0
selected_ols_av,pass,-0.3554,0.0
selected_ols_av,pass,0.467,0.0
selected_ols_av,pass,0.0098,2.0
selected_ols_av,pass,-0.3554,5.0
selected_ols_av,pass,0.0098,6.0
selected_ols_av,pass,-0.8126,2.0
selected_ols_av,pass,-1.1214,0.0
selected_ols_av,pass,0.1019,3.0
selected_ols_av,pass,-0.6641,2.0
selected_ols_av,pass,-0.6641,5.0
selected_ols_av,pass,0.467,0.0
selected_ols_av,pass,-2.2855,4.0
selected_ols_av,pass,0.8087,4.0
selected_ols_av,pass,-3.2,3.0
selected_ols_av,pass,1.266,6.0
selected_ols_av,pass,-1.1543,3.0
selected_ols_av,pass,-0.8126,9.0
selected_ols_av,pass,0.467,0.0
selected_ols_av,pass,-1.1214,4.0
selected_ols_av,pass,2.6377,7.0
selected_ols_av,pass,-0.3554,3.0
selected_ols_av,pass,0.2504,0.0
selected_ols_av,pass,-0.6641,0.0
selected_ols_av,pass,-2.2855,4.0
selected_ols_av,pass,0.2504,0.0
selected_ols_av,pass,-0.2069,0.0
selected_ols_av,pass,-0.3554,0.0
selected_ols_av,pass,-0.4475,1.0
selected_ols_av,pass,0.9243,0.0
selected_ols_av,pass,0.1019,5.0
selected_ols_av,pass,-0.3554,8.0
selected_ols_av,pass,-0.4475,1.0
selected_ols_av,pass,-0.8126,6.0
selected_ols_av,pass,-0.3554,6.0
selected_ols_av,pass,1.266,3.0
selected_ols_av,pass,-0.2069,5.0
selected_ols_av,pass,-0.9047,7.0
selected_ols_av,pass,1.266,9.0
selected_ols_av,pass,-0.3554,3.0
selected_ols_av,pass,-1.2699,1.0
selected_ols_av,pass,1.7232,7.0
selected_ols_av,pass,-0.8126,1.0
selected_ols_av,pass,-2.7427,1.0
selected_ols_av,pass,-0.6641,3.0
selected_ols_av,pass,0.0098,0.0
selected_ols_av,pass,-1.1214,0.0
selected_ols_av,pass,0.9243,4.0
selected_ols_av,pass,1.266,8.0
selected_ols_av,pass,-1.371,1.0
selected_ols_av,pass,-0.4475,5.0
selected_ols_av,pass,-0.2069,0.0
selected_ols_av,pass,-0.6641,0.0
selected_ols_av,pass,0.1019,0.0
selected_ols_av,pass,-0.3554,6.0
selected_ols_av,pass,-0.3554,0.0
selected_ols_av,pass,1.7232,5.0
selected_ols_av,pass,-0.4475,5.0
selected_ols_av,pass,-1.6116,7.0
selected_ols_av,pass,-2.0688,3.0
selected_ols_av,pass,-0.2069,0.0
selected_ols_av,pass,0.0098,4.0
selected_ols_av,pass,-0.3554,3.0
selected_ols_av,pass,-0.3554,3.0
selected_ols_av,pass,-1.2699,4.0
selected_ols_av,pass,-0.3554,0.0
selected_ols_av,pass,-1.1214,0.0
selected_ols_av,pass,2.1805,7.0
selected_ols_av,pass,0.467,0.0
selected_ols_av,pass,-1.8282,4.0
selected_ols_av,pass,-0.6971,5.0
selected_ols_av,pass,-0.8126,0.0
selected_ols_av,pass,-1.6116,2.0
selected_ols_av,pass,1.7232,6.0
selected_ols_av,pass,-1.5786,0.0
selected_ols_av,pass,0.1019,0.0
selected_ols_av,pass,0.1019,0.0
selected_ols_av,pass,-0.8126,0.0
selected_ols_av,pass,-1.1543,4.0
selected_ols_av,pass,-1.5786,0.0
selected_ols_av,pass,-0.6641,4.0
selected_ols_av,pass,-2.2855,2.0
selected_ols_av,pass,-0.4475,0.0
selected_ols_av,pass,1.7232,6.0
selected_ols_av,pass,-0.6971,2.0
selected_ols_av,pass,-0.6641,3.0
selected_ols_av,pass,-0.8126,8.0
selected_ols_av,pass,-0.8126,2.0
selected_ols_av,pass,-0.4475,6.0
selected_ols_av,pass,0.8087,9.0
selected_ols_av,pass,-0.3554,0.0
selected_ols_av,pass,0.8087,6.0
selected_ols_av,pass,1.266,5.0
selected_ols_av,pass,0.3515,6.0
selected_ols_av,pass,-0.8126,4.0
selected_ols_av,pass,-0.3554,4.0
selected_ols_av,pass,0.9243,0.0
selected_ols_av,pass,1.7232,7.0
selected_ols_av,pass,-1.6116,2.0
selected_ols_av,pass,-2.2855,5.0
selected_ols_av,pass,-0.8126,6.0
selected_ols_av,pass,-0.3554,0.0
selected_ols_av,pass,-0.4475,2.0
selected_ols_av,pass,-2.7427,1.0
selected_ols_av,pass,0.1019,7.0
selected_ols_av,pass,0.0098,5.0
selected_ols_av,pass,-0.3554,0.0
selected_ols_av,pass,0.467,0.0
selected_ols_av,pass,-0.2069,0.0
selected_ols_av,pass,-0.8126,0.0
selected_ols_av,pass,-0.3554,7.0
selected_ols_av,pass,-0.3554,2.0
selected_ols_av,pass,-2.0688,2.0
selected_ols_av,pass,-0.6641,5.0
selected_ols_av,pass,-3.2,2.0
selected_ols_av,pass,-2.0688,3.0
selected_ols_av,pass,1.266,7.0
selected_ols_av,pass,-0.4475,2.0
selected_ols_av,pass,1.266,7.0
selected_ols_av,pass,-0.6641,0.0
selected_ols_av,pass,0.0098,0.0
selected_ols_av,pass,-2.2855,4.0
selected_ols_av,pass,-0.6641,5.0
selected_ols_av,pass,0.2504,0.0
selected_ols_av,pass,0.467,7.0
selected_ols_av,pass,-0.6641,0.0
selected_ols_av,pass,-0.8126,4.0
selected_ols_av,pass,0.1019,4.0
selected_ols_av,pass,0.1019,6.0
selected_ols_av,pass,-0.2069,1.0
selected_ols_av,pass,0.1019,4.0
selected_ols_av,pass,0.0098,5.0
selected_ols_av,pass,0.0098,3.0
selected_ols_av,pass,0.0098,4.0
selected_ols_av,pass,-2.7427,5.0
selected_ols_av,pass,0.1019,5.0
selected_ols_av,pass,-2.7427,6.0
selected_ols_av,pass,1.266,5.0
selected_ols_av,pass,-0.3554,7.0
selected_ols_av,pass,0.1019,0.0
selected_ols_av,pass,-2.2855,6.0
selected_ols_av,pass,-2.7427,3.0
selected_ols_av,pass,-1.1214,0.0
selected_ols_av,pass,0.0098,9.0
selected_ols_av,pass,-0.4475,7.0
selected_ols_av,pass,-0.6641,0.0
selected_ols_av,pass,1.266,4.0
selected_ols_av,pass,-2.7427,3.0
selected_ols_av,pass,-1.1214,0.0
selected_ols_av,pass,0.467,0.0
selected_ols_av,pass,-2.0688,4.0
selected_ols_av,pass,-0.9047,2.0
selected_ols_av,pass,-0.6641,0.0
selected_ols_av,pass,-0.6641,3.0
selected_ols_av,pass,-0.6641,2.0
selected_ols_av,pass,-0.6641,0.0
selected_ols_av,pass,-1.1214,6.0
selected_ols_av,pass,-0.3554,0.0
selected_ols_av,pass,-2.2855,5.0
selected_ols_av,pass,-2.2855,5.0
selected_ols_av,pass,-0.6641,2.0
selected_ols_av,pass,-1.1543,5.0
selected_ols_av,pass,0.467,0.0
selected_ols_av,pass,-2.7427,5.0
selected_ols_av,pass,-1.1214,0.0
selected_ols_av,pass,-1.1543,5.0
selected_ols_av,pass,-1.6116,2.0
selected_ols_av,pass,-0.4475,5.0
selected_ols_av,pass,0.1019,0.0
selected_ols_av,pass,1.266,6.0
selected_ols_av,pass,-0.8126,6.0
selected_ols_av,pass,0.1019,6.0
selected_ols_av,pass,-0.3554,0.0
selected_ols_av,pass,-2.0688,9.0
selected_ols_av,pass,1.266,6.0
selected_ols_av,pass,-1.1214,2.0
selected_ols_av,pass,-0.6641,0.0
selected_ols_av,pass,1.7232,8.0
selected_ols_av,pass,1.0163,9.0
selected_ols_av,pass,-1.1214,4.0
selected_ols_av,pass,-1.2699,6.0
selected_ols_av,pass,0.467,3.0
selected_ols_av,pass,0.467,8.0
selected_ols_av,pass,-0.6641,3.0
selected_ols_av,pass,-1.1214,0.0
selected_ols_av,pass,0.2504,0.0
selected_ols_av,pass,-0.6641,0.0
selected_ols_av,pass,-1.1543,3.0
selected_ols_av,pass,0.8087,6.0
selected_ols_av,pass,-2.5261,4.0
selected_ols_av,pass,1.7232,8.0
selected_ols_av,pass,1.7232,7.0
selected_ols_av,pass,1.266,6.0
selected_ols_av,pass,-0.6641,2.0
selected_ols_av,pass,-0.2069,0.0
selected_ols_av,pass,0.1019,6.0
selected_ols_av,pass,-2.7427,3.0
selected_ols_av,pass,-0.6641,0.0
selected_ols_av,pass,-0.6641,0.0
selected_ols_av,pass,-0.3554,8.0
selected_ols_av,pass,1.266,6.0
selected_ols_av,pass,-0.4475,6.0
selected_ols_av,pass,-0.3554,4.0
selected_ols_av,pass,-0.3554,0.0
selected_ols_av,pass,-0.3554,4.0
selected_ols_av,pass,0.9243,8.0
selected_ols_av,pass,1.7232,6.0
selected_ols_av,pass,-0.8126,7.0
selected_ols_av,pass,-0.2069,0.0
selected_ols_av,pass,-0.4475,4.0
selected_ols_av,pass,-1.1214,0.0
selected_ols_av,pass,-1.6116,3.0
selected_ols_av,pass,-0.2069,0.0
selected_ols_av,pass,-2.2855,3.0
selected_ols_av,pass,0.1019,7.0
selected_ols_av,pass,-1.6116,0.0
selected_ols_av,pass,-0.4475,0.0
selected_ols_av,pass,-0.2069,4.0
selected_ols_av,pass,-1.5786,4.0
selected_ols_av,pass,0.467,4.0
selected_ols_av,pass,1.266,7.0
selected_ols_av,pass,-0.3554,2.0
selected_ols_av,pass,-0.8126,1.0
selected_ols_av,pass,-1.2699,1.0
selected_ols_av,pass,-0.6641,5.0
selected_ols_av,pass,0.5591,2.0
selected_ols_av,pass,1.0163,0.0
selected_ols_av,pass,-1.1214,0.0
selected_ols_av,pass,-1.2699,6.0
selected_ols_av,pass,-1.5786,2.0
selected_ols_av,pass,0.3515,8.0
selected_ols_av,pass,0.0098,4.0
selected_ols_av,pass,1.7232,4.0
selected_ols_av,pass,-1.8282,4.0
selected_ols_av,pass,-0.8126,2.0
selected_ols_av,pass,0.5591,0.0
selected_two_stage_av,pass,-1.2699,7.0
selected_two_stage_av,pass,-1.5786,0.0
selected_two_stage_av,pass,-0.8126,5.0
selected_two_stage_av,pass,-2.2855,1.0
selected_two_stage_av,pass,-0.3554,4.0
selected_two_stage_av,pass,-1.8282,4.0
selected_two_stage_av,pass,-2.0688,3.0
selected_two_stage_av,pass,0.0098,0.0
selected_two_stage_av,pass,0.0098,0.0
selected_two_stage_av,pass,0.9243,0.0
selected_two_stage_av,pass,-0.4475,0.0
selected_two_stage_av,pass,-1.1214,0.0
selected_two_stage_av,pass,2.1805,8.0
selected_two_stage_av,pass,-2.2855,2.0
selected_two_stage_av,pass,0.0098,0.0
selected_two_stage_av,pass,1.266,7.0
selected_two_stage_av,pass,0.8087,6.0
selected_two_stage_av,pass,-0.3554,0.0
selected_two_stage_av,pass,-1.2699,5.0
selected_two_stage_av,pass,-2.7427,1.0
selected_two_stage_av,pass,0.1019,0.0
selected_two_stage_av,pass,-1.1543,6.0
selected_two_stage_av,pass,-0.3554,4.0
selected_two_stage_av,pass,0.0098,0.0
selected_two_stage_av,pass,-0.6641,2.0
selected_two_stage_av,pass,-0.4475,0.0
selected_two_stage_av,pass,-1.5786,2.0
selected_two_stage_av,pass,-2.7427,2.0
selected_two_stage_av,pass,-1.6116,3.0
selected_two_stage_av,pass,0.0098,0.0
selected_two_stage_av,pass,-2.2855,1.0
selected_two_stage_av,pass,1.266,3.0
selected_two_stage_av,pass,-0.8126,4.0
selected_two_stage_av,pass,-0.4475,5.0
selected_two_stage_av,pass,-0.9047,0.0
selected_two_stage_av,pass,-0.8126,0.0
selected_two_stage_av,pass,-1.8282,5.0
selected_two_stage_av,pass,0.8087,9.0
selected_two_stage_av,pass,0.8087,7.0
selected_two_stage_av,pass,-0.2069,0.0
selected_two_stage_av,pass,-0.8126,9.0
selected_two_stage_av,pass,0.1019,0.0
selected_two_stage_av,pass,-0.2069,5.0
selected_two_stage_av,pass,-0.3554,6.0
selected_two_stage_av,pass,-0.3554,2.0
selected_two_stage_av,pass,0.7076,0.0
selected_two_stage_av,pass,-0.6641,4.0
selected_two_stage_av,pass,0.1019,1.0
selected_two_stage_av,pass,0.1019,4.0
selected_two_stage_av,pass,0.467,0.0
selected_two_stage_av,pass,0.1019,3.0
selected_two_stage_av,pass,-1.1543,5.0
selected_two_stage_av,pass,0.1019,4.0
selected_two_stage_av,pass,-0.6641,4.0
selected_two_stage_av,pass,-0.3554,2.0
selected_two_stage_av,pass,-0.6641,5.0
selected_two_stage_av,pass,0.0098,0.0
selected_two_stage_av,pass,0.0098,4.0
selected_two_stage_av,pass,0.8087,6.0
selected_two_stage_av,pass,-0.3554,1.0
selected_two_stage_av,pass,-0.6641,3.0
selected_two_stage_av,pass,-0.3554,3.0
selected_two_stage_av,pass,-0.3554,1.0
selected_two_stage_av,pass,-2.0688,6.0
selected_two_stage_av,pass,0.0098,3.0
selected_two_stage_av,pass,0.8087,9.0
selected_two_stage_av,pass,-1.6116,2.0
selected_two_stage_av,pass,-0.3554,4.0
selected_two_stage_av,pass,-1.1543,4.0
selected_two_stage_av,pass,-1.8282,4.0
selected_two_stage_av,pass,-0.6641,0.0
selected_two_stage_av,pass,0.5591,9.0
selected_two_stage_av,pass,-2.2855,4.0
selected_two_stage_av,pass,-2.7427,3.0
selected_two_stage_av,pass,-3.2,2.0
selected_two_stage_av,pass,-0.6641,0.0
selected_two_stage_av,pass,1.266,8.0
selected_two_stage_av,pass,-1.1214,2.0
selected_two_stage_av,pass,-0.6641,0.0
selected_two_stage_av,pass,-0.6641,3.0
selected_two_stage_av,pass,-0.3554,0.0
selected_two_stage_av,pass,-0.3554,2.0
selected_two_stage_av,pass,0.2504,4.0
selected_two_stage_av,pass,-0.6641,5.0
selected_two_stage_av,pass,-1.2699,4.0
selected_two_stage_av,pass,-0.2069,4.0
selected_two_stage_av,pass,-0.8126,4.0
selected_two_stage_av,pass,-0.8126,3.0
selected_two_stage_av,pass,-0.4475,6.0
selected_two_stage_av,pass,-0.6641,4.0
selected_two_stage_av,pass,-0.2069,0.0
selected_two_stage_av,pass,1.266,8.0
selected_two_stage_av,pass,-1.1543,4.0
selected_two_stage_av,pass,-1.5786,0.0
selected_two_stage_av,pass,-1.1214,0.0
selected_two_stage_av,pass,1.7232,6.0
selected_two_stage_av,pass,-1.1214,0.0
selected_two_stage_av,pass,-0.6641,0.0
selected_two_stage_av,pass,1.7232,8.0
selected_two_stage_av,pass,-1.1214,0.0
selected_two_stage_av,pass,-1.8282,3.0
selected_two_stage_av,pass,-0.8126,5.0
selected_two_stage_av,pass,-0.3554,3.0
selected_two_stage_av,pass,0.0098,3.0
selected_two_stage_av,pass,-0.4475,3.0
selected_two_stage_av,pass,-0.6641,0.0
selected_two_stage_av,pass,1.7232,7.0
selected_two_stage_av,pass,1.266,7.0
selected_two_stage_av,pass,-1.1214,1.0
selected_two_stage_av,pass,-2.2855,4.0
selected_two_stage_av,pass,-0.6641,0.0
selected_two_stage_av,pass,-0.9047,5.0
selected_two_stage_av,pass,-2.0688,2.0
selected_two_stage_av,pass,2.6377,5.0
selected_two_stage_av,pass,0.0098,3.0
selected_two_stage_av,pass,-0.9047,3.0
selected_two_stage_av,pass,-1.6116,4.0
selected_two_stage_av,pass,-0.8126,2.0
selected_two_stage_av,pass,0.9243,0.0
selected_two_stage_av,pass,-2.7427,3.0
selected_two_stage_av,pass,0.9243,10.0
selected_two_stage_av,pass,-1.1214,0.0
selected_two_stage_av,pass,-0.3554,3.0
selected_two_stage_av,pass,-0.6641,0.0
selected_two_stage_av,pass,-0.3554,3.0
selected_two_stage_av,pass,0.0098,5.0
selected_two_stage_av,pass,-2.5261,1.0
selected_two_stage_av,pass,-1.1214,0.0
selected_two_stage_av,pass,-0.8126,5.0
selected_two_stage_av,pass,-1.1214,5.0
selected_two_stage_av,pass,2.1805,6.0
selected_two_stage_av,pass,-0.2069,0.0
selected_two_stage_av,pass,-1.1214,0.0
selected_two_stage_av,pass,-1.8282,1.0
selected_two_stage_av,pass,-0.8126,8.0
selected_two_stage_av,pass,1.266,6.0
selected_two_stage_av,pass,-1.1214,5.0
selected_two_stage_av,pass,-1.1214,3.0
selected_two_stage_av,pass,-0.4475,2.0
selected_two_stage_av,pass,-0.4475,6.0
selected_two_stage_av,pass,0.1019,0.0
selected_two_stage_av,pass,0.1019,0.0
selected_two_stage_av,pass,-0.9047,5.0
selected_two_stage_av,pass,-0.4475,0.0
selected_two_stage_av,pass,-0.3554,8.0
selected_two_stage_av,pass,-0.2069,0.0
selected_two_stage_av,pass,0.8087,6.0
selected_two_stage_av,pass,0.3515,3.0
selected_two_stage_av,pass,0.1019,0.0
selected_two_stage_av,pass,1.266,8.0
selected_two_stage_av,pass,-1.6116,2.0
selected_two_stage_av,pass,0.467,3.0
selected_two_stage_av,pass,-1.1214,0.0
selected_two_stage_av,pass,-1.6116,2.0
selected_two_stage_av,pass,-0.4475,0.0
selected_two_stage_av,pass,-0.6641,3.0
selected_two_stage_av,pass,0.8087,1.0
selected_two_stage_av,pass,-1.2699,6.0
selected_two_stage_av,pass,-0.8126,5.0
selected_two_stage_av,pass,-1.1543,1.0
selected_two_stage_av,pass,-2.2855,3.0
selected_two_stage_av,pass,0.1019,0.0
selected_two_stage_av,pass,-2.7427,2.0
selected_two_stage_av,pass,-1.1543,4.0
selected_two_stage_av,pass,0.1019,4.0
selected_two_stage_av,pass,-1.1214,0.0
selected_two_stage_av,pass,0.1019,0.0
selected_two_stage_av,pass,-0.3554,2.0
selected_two_stage_av,pass,-0.8126,3.0
selected_two_stage_av,pass,0.3515,7.0
selected_two_stage_av,pass,-1.6116,4.0
selected_two_stage_av,pass,-0.3554,0.0
selected_two_stage_av,pass,-0.6641,0.0
selected_two_stage_av,pass,-0.2069,0.0
selected_two_stage_av,pass,-0.4475,3.0
selected_two_stage_av,pass,-2.2855,1.0
selected_two_stage_av,pass,-0.8126,0.0
selected_two_stage_av,pass,-2.2855,3.0
selected_two_stage_av,pass,1.7232,4.0
selected_two_stage_av,pass,0.9243,3.0
selected_two_stage_av,pass,-1.2699,2.0
selected_two_stage_av,pass,-2.2855,3.0
selected_two_stage_av,pass,-0.8126,2.0
selected_two_stage_av,pass,1.266,5.0
selected_two_stage_av,pass,-2.5261,3.0
selected_two_stage_av,pass,-1.6116,6.0
selected_two_stage_av,pass,-1.5786,5.0
selected_two_stage_av,pass,0.7076,0.0
selected_two_stage_av,pass,-0.8126,5.0
selected_two_stage_av,pass,0.3515,5.0
selected_two_stage_av,pass,0.1019,0.0
selected_two_stage_av,pass,-2.0688,3.0
selected_two_stage_av,pass,-2.7427,2.0
selected_two_stage_av,pass,0.467,7.0
selected_two_stage_av,pass,-1.2699,7.0
selected_two_stage_av,pass,-1.371,4.0
selected_two_stage_av,pass,-0.2069,0.0
selected_two_stage_av,pass,0.0098,6.0
selected_two_stage_av,pass,-0.3554,0.0
selected_two_stage_av,pass,-0.3554,3.0
selected_two_stage_av,pass,-1.6116,4.0
selected_two_stage_av,pass,-2.7427,2.0
selected_two_stage_av,pass,-2.5261,4.0
selected_two_stage_av,pass,-3.2,5.0
selected_two_stage_av,pass,1.7232,8.0
selected_two_stage_av,pass,-0.8126,8.0
selected_two_stage_av,pass,-0.6641,2.0
selected_two_stage_av,pass,0.1019,3.0
selected_two_stage_av,pass,0.5591,3.0
selected_two_stage_av,pass,0.5591,3.0
selected_two_stage_av,pass,-0.2069,0.0
selected_two_stage_av,pass,-0.2069,6.0
selected_two_stage_av,pass,-0.6641,2.0
selected_two_stage_av,pass,0.1019,3.0
selected_two_stage_av,pass,-1.8282,2.0
selected_two_stage_av,pass,-2.5261,3.0
selected_two_stage_av,pass,1.266,9.0
selected_two_stage_av,pass,0.5591,3.0
selected_two_stage_av,pass,-2.7427,3.0
selected_two_stage_av,pass,-2.2855,4.0
selected_two_stage_av,pass,-1.6116,2.0
selected_two_stage_av,pass,1.266,4.0
selected_two_stage_av,pass,-2.7427,1.0
selected_two_stage_av,pass,0.0098,0.0
selected_two_stage_av,pass,-0.4475,3.0
selected_two_stage_av,pass,0.1019,0.0
selected_two_stage_av,pass,-2.7427,2.0
selected_two_stage_av,pass,-1.6116,7.0
selected_two_stage_av,pass,-0.4475,0.0
selected_two_stage_av,pass,-1.8282,4.0
selected_two_stage_av,pass,-0.3554,3.0
selected_two_stage_av,pass,0.8087,8.0
selected_two_stage_av,pass,0.5591,4.0
selected_two_stage_av,pass,-1.6116,4.0
selected_two_stage_av,pass,0.1019,5.0
selected_two_stage_av,pass,-2.2855,6.0
selected_two_stage_av,pass,-0.9047,5.0
selected_two_stage_av,pass,-1.1214,3.0
selected_two_stage_av,pass,0.0098,0.0
selected_two_stage_av,pass,-2.2855,5.0
selected_two_stage_av,pass,0.1019,0.0
selected_two_stage_av,pass,0.1019,0.0
selected_two_stage_av,pass,-2.2855,5.0
selected_two_stage_av,pass,0.3515,7.0
selected_two_stage_av,pass,-0.4475,5.0
selected_two_stage_av,pass,-0.4475,5.0
selected_two_stage_av,pass,-3.2,3.0
selected_two_stage_av,pass,-0.6641,0.0
selected_two_stage_av,pass,-0.6641,4.0
selected_two_stage_av,pass,-0.3554,1.0
selected_two_stage_av,pass,0.467,0.0
selected_two_stage_av,pass,-0.2069,0.0
selected_two_stage_av,pass,-2.2855,0.0
selected_two_stage_av,pass,0.8087,5.0
selected_two_stage_av,pass,-2.5261,5.0
selected_two_stage_av,pass,-0.3554,3.0
selected_two_stage_av,pass,1.266,6.0
selected_two_stage_av,pass,-0.8126,4.0
selected_two_stage_av,pass,-1.1214,0.0
selected_two_stage_av,pass,-2.7427,4.0
selected_two_stage_av,pass,0.8087,7.0
selected_two_stage_av,pass,0.467,0.0
selected_two_stage_av,pass,-0.6641,4.0
selected_two_stage_av,pass,-0.3554,0.0
selected_two_stage_av,pass,-1.6116,5.0
selected_two_stage_av,pass,0.9243,0.0
selected_two_stage_av,pass,0.0098,5.0
selected_two_stage_av,pass,-1.5786,1.0
selected_two_stage_av,pass,0.467,6.0
selected_two_stage_av,pass,-0.4475,6.0
selected_two_stage_av,pass,-1.1214,3.0
selected_two_stage_av,pass,0.0098,0.0
selected_two_stage_av,pass,-1.1214,0.0
selected_two_stage_av,pass,-2.0688,4.0
selected_two_stage_av,pass,0.1019,4.0
selected_two_stage_av,pass,1.3815,0.0
selected_two_stage_av,pass,-0.3554,4.0
selected_two_stage_av,pass,0.9243,7.0
selected_two_stage_av,pass,-1.371,7.0
selected_two_stage_av,pass,-1.8282,2.0
selected_two_stage_av,pass,-1.1214,3.0
selected_two_stage_av,pass,-2.7427,4.0
selected_two_stage_av,pass,-2.2855,4.0
selected_two_stage_av,pass,-0.6971,7.0
selected_two_stage_av,pass,0.1019,6.0
selected_two_stage_av,pass,0.1019,5.0
selected_two_stage_av,pass,-2.0688,3.0
selected_two_stage_av,pass,0.0098,1.0
selected_two_stage_av,pass,-0.6641,3.0
selected_two_stage_av,pass,1.0163,0.0
selected_two_stage_av,pass,-1.1543,3.0
selected_two_stage_av,pass,-2.7427,4.0
selected_two_stage_av,pass,1.7232,3.0
selected_two_stage_av,pass,0.0098,0.0
selected_two_stage_av,pass,-1.1214,0.0
selected_two_stage_av,pass,-0.3554,2.0
selected_two_stage_av,pass,-0.3554,7.0
selected_two_stage_av,pass,0.2504,0.0
selected_two_stage_av,pass,-1.2699,2.0
selected_two_stage_av,pass,1.266,6.0
selected_two_stage_av,pass,-0.2069,0.0
selected_two_stage_av,pass,-0.6641,0.0
selected_two_stage_av,pass,-0.3554,4.0
selected_two_stage_av,pass,-0.6971,6.0
selected_two_stage_av,pass,0.1019,3.0
selected_two_stage_av,pass,-1.371,3.0
selected_two_stage_av,pass,0.3515,5.0
selected_two_stage_av,pass,-1.8282,5.0
selected_two_stage_av,pass,-1.1543,4.0
selected_two_stage_av,pass,1.266,4.0
selected_two_stage_av,pass,0.1019,4.0
selected_two_stage_av,pass,-0.6641,0.0
selected_two_stage_av,pass,-1.1214,0.0
selected_two_stage_av,pass,-1.1214,1.0
selected_two_stage_av,pass,-1.8282,4.0
selected_two_stage_av,pass,-0.8126,0.0
selected_two_stage_av,pass,0.8087,6.0
selected_two_stage_av,pass,-0.4475,8.0
selected_two_stage_av,pass,-2.0688,1.0
selected_two_stage_av,pass,1.7232,10.0
selected_two_stage_av,pass,-0.3554,3.0
selected_two_stage_av,pass,0.1019,0.0
selected_two_stage_av,pass,0.8087,6.0
selected_two_stage_av,pass,-1.8282,1.0
selected_two_stage_av,pass,-2.7427,4.0
selected_two_stage_av,pass,-0.8126,0.0
selected_two_stage_av,pass,-1.1214,6.0
selected_two_stage_av,pass,-2.7427,2.0
selected_two_stage_av,pass,-1.1214,6.0
selected_two_stage_av,pass,1.266,9.0
selected_two_stage_av,pass,0.1019,2.0
selected_two_stage_av,pass,-1.6116,5.0
selected_two_stage_av,pass,-0.8126,5.0
selected_two_stage_av,pass,-2.0688,5.0
selected_two_stage_av,pass,0.0098,5.0
selected_two_stage_av,pass,1.266,6.0
selected_two_stage_av,pass,-1.1543,4.0
selected_two_stage_av,pass,0.8087,6.0
selected_two_stage_av,pass,-0.3554,0.0
selected_two_stage_av,pass,-0.8126,3.0
selected_two_stage_av,pass,-1.5786,0.0
selected_two_stage_av,pass,-0.3554,5.0
selected_two_stage_av,pass,1.7232,8.0
selected_two_stage_av,pass,0.7076,3.0
selected_two_stage_av,pass,-0.8126,0.0
selected_two_stage_av,pass,-1.2699,3.0
selected_two_stage_av,pass,-0.2069,0.0
selected_two_stage_av,pass,0.5591,0.0
selected_two_stage_av,pass,-1.6116,4.0
selected_two_stage_av,pass,-0.3554,5.0
selected_two_stage_av,pass,-1.1214,0.0
selected_two_stage_av,pass,-2.7427,4.0
selected_two_stage_av,pass,-1.1214,0.0
selected_two_stage_av,pass,-1.6116,4.0
selected_two_stage_av,pass,-0.9047,5.0
selected_two_stage_av,pass,-1.8282,2.0
selected_two_stage_av,pass,0.467,0.0
selected_two_stage_av,pass,-2.2855,4.0
selected_two_stage_av,pass,-0.3554,3.0
selected_two_stage_av,pass,-0.2069,0.0
selected_two_stage_av,pass,-0.3554,8.0
selected_two_stage_av,pass,-3.2,5.0
selected_two_stage_av,pass,-0.4475,0.0
selected_two_stage_av,pass,-0.3554,6.0
selected_two_stage_av,pass,-0.2069,0.0
selected_two_stage_av,pass,-0.3554,3.0
selected_two_stage_av,pass,-0.9047,8.0
selected_two_stage_av,pass,0.2504,2.0
selected_two_stage_av,pass,-2.2855,2.0
selected_two_stage_av,pass,-0.2069,6.0
selected_two_stage_av,pass,-0.3554,3.0
selected_two_stage_av,pass,-0.3554,3.0
selected_two_stage_av,pass,1.266,7.0
selected_two_stage_av,pass,-1.6116,4.0
selected_two_stage_av,pass,0.0098,0.0
selected_two_stage_av,pass,-1.1214,0.0
selected_two_stage_av,pass,-0.8126,7.0
selected_two_stage_av,pass,-0.6641,2.0
selected_two_stage_av,pass,-0.6641,4.0
selected_two_stage_av,pass,0.2504,0.0
selected_two_stage_av,pass,0.467,4.0
selected_two_stage_av,pass,-1.8282,4.0
selected_two_stage_av,pass,-1.6116,3.0
selected_two_stage_av,pass,-1.6116,4.0
selected_two_stage_av,pass,2.1805,8.0
selected_two_stage_av,pass,1.266,5.0
selected_two_stage_av,pass,-2.2855,4.0
selected_two_stage_av,pass,-1.1543,2.0
selected_two_stage_av,pass,0.8087,7.0
selected_two_stage_av,pass,-2.7427,1.0
selected_two_stage_av,pass,-0.8126,5.0
selected_two_stage_av,pass,-0.6641,0.0
selected_two_stage_av,pass,-0.3554,5.0
selected_two_stage_av,pass,-2.0688,4.0
selected_two_stage_av,pass,-1.8282,3.0
selected_two_stage_av,pass,-2.0688,5.0
selected_two_stage_av,pass,-0.2069,4.0
selected_two_stage_av,pass,-1.1214,6.0
selected_two_stage_av,pass,0.2504,0.0
selected_two_stage_av,pass,0.0098,0.0
selected_two_stage_av,pass,-0.3554,2.0
selected_two_stage_av,pass,-1.6116,2.0
selected_two_stage_av,pass,-1.8282,4.0
selected_two_stage_av,pass,-2.2855,3.0
selected_two_stage_av,pass,0.2504,5.0
selected_two_stage_av,pass,-0.3554,4.0
selected_two_stage_av,pass,-0.2069,0.0
selected_two_stage_av,pass,0.467,0.0
selected_two_stage_av,pass,-0.3554,6.0
selected_two_stage_av,pass,0.8087,3.0
selected_two_stage_av,pass,-2.2855,3.0
selected_two_stage_av,pass,-1.6116,1.0
selected_two_stage_av,pass,-0.3554,6.0
selected_two_stage_av,pass,0.1019,10.0
selected_two_stage_av,pass,0.467,7.0
selected_two_stage_av,pass,-0.3554,7.0
selected_two_stage_av,pass,0.2504,0.0
selected_two_stage_av,pass,1.266,10.0
selected_two_stage_av,pass,-0.6641,0.0
selected_two_stage_av,pass,-2.5261,3.0
selected_two_stage_av,pass,-0.8126,0.0
selected_two_stage_av,pass,-0.2069,0.0
selected_two_stage_av,pass,-0.2069,0.0
selected_two_stage_av,pass,1.7232,5.0
selected_two_stage_av,pass,0.0098,0.0
selected_two_stage_av,pass,0.9243,4.0
selected_two_stage_av,pass,-0.3554,1.0
selected_two_stage_av,pass,-0.4475,0.0
selected_two_stage_av,pass,0.8087,6.0
selected_two_stage_av,pass,-0.8126,0.0
selected_two_stage_av,pass,-1.1543,8.0
selected_two_stage_av,pass,-0.6971,2.0
selected_two_stage_av,pass,-0.3554,2.0
selected_two_stage_av,pass,0.1019,4.0
selected_two_stage_av,pass,-1.1214,0.0
selected_two_stage_av,pass,0.1019,3.0
selected_two_stage_av,pass,-0.2069,0.0
selected_two_stage_av,pass,0.1019,3.0
selected_two_stage_av,pass,0.1019,7.0
selected_two_stage_av,pass,0.0098,6.0
selected_two_stage_av,pass,0.0098,0.0
selected_two_stage_av,pass,1.266,6.0
selected_two_stage_av,pass,0.8087,7.0
selected_two_stage_av,pass,-1.1543,7.0
selected_two_stage_av,pass,-0.6641,0.0
selected_two_stage_av,pass,-1.1214,0.0
selected_two_stage_av,pass,0.467,0.0
selected_two_stage_av,pass,-0.4475,2.0
selected_two_stage_av,pass,-0.6641,0.0
selected_two_stage_av,pass,-0.3554,0.0
selected_two_stage_av,pass,-0.3554,6.0
selected_two_stage_av,pass,-0.4475,0.0
selected_two_stage_av,pass,-0.6641,2.0
selected_two_stage_av,pass,-2.5261,3.0
selected_two_stage_av,pass,0.2504,0.0
selected_two_stage_av,pass,1.266,7.0
selected_two_stage_av,pass,0.0098,0.0
selected_two_stage_av,pass,-0.6641,0.0
selected_two_stage_av,pass,0.467,7.0
selected_two_stage_av,pass,-1.1543,4.0
selected_two_stage_av,pass,-0.4475,0.0
selected_two_stage_av,pass,-2.2855,5.0
selected_two_stage_av,pass,-0.6971,1.0
selected_two_stage_av,pass,-0.4475,0.0
selected_two_stage_av,pass,-1.1214,0.0
selected_two_stage_av,pass,-0.3554,0.0
selected_two_stage_av,pass,-0.6641,3.0
selected_two_stage_av,pass,-1.8282,3.0
selected_two_stage_av,pass,-1.6116,4.0
selected_two_stage_av,pass,-1.1543,4.0
selected_two_stage_av,pass,-0.6971,3.0
selected_two_stage_av,pass,0.8087,7.0
selected_two_stage_av,pass,0.8087,9.0
selected_two_stage_av,pass,-1.8282,4.0
selected_two_stage_av,pass,-0.3554,6.0
selected_two_stage_av,pass,0.0098,2.0
selected_two_stage_av,pass,0.8087,9.0
selected_two_stage_av,pass,0.5591,7.0
selected_two_stage_av,pass,0.467,4.0
selected_two_stage_av,pass,-0.8126,4.0
selected_two_stage_av,pass,-0.2069,0.0
selected_two_stage_av,pass,-2.0688,3.0
selected_two_stage_av,pass,-0.6641,4.0
selected_two_stage_av,pass,-0.4475,8.0
selected_two_stage_av,pass,0.467,0.0
selected_two_stage_av,pass,-2.0688,4.0
selected_two_stage_av,pass,-1.2699,3.0
selected_two_stage_av,pass,0.2504,0.0
selected_two_stage_av,pass,-1.5786,0.0
selected_two_stage_av,pass,-0.3554,0.0
selected_two_stage_av,pass,1.266,5.0
selected_two_stage_av,pass,0.1019,3.0
selected_two_stage_av,pass,-0.8126,3.0
selected_two_stage_av,pass,1.266,8.0
selected_two_stage_av,pass,-2.2855,2.0
selected_two_stage_av,pass,-0.6971,4.0
selected_two_stage_av,pass,-0.6641,0.0
selected_two_stage_av,pass,-2.2855,4.0
selected_two_stage_av,pass,-1.6116,3.0
selected_two_stage_av,pass,0.0098,6.0
selected_two_stage_av,pass,-0.6641,0.0
selected_two_stage_av,pass,-0.6641,3.0
selected_two_stage_av,pass,-3.2,3.0
selected_two_stage_av,pass,0.0098,0.0
selected_two_stage_av,pass,0.5591,5.0
selected_two_stage_av,pass,-1.1214,6.0
selected_two_stage_av,pass,-2.7427,2.0
selected_two_stage_av,pass,0.8087,7.0
selected_two_stage_av,pass,-2.0688,1.0
selected_two_stage_av,pass,1.266,6.0
selected_two_stage_av,pass,-0.8126,0.0
selected_two_stage_av,pass,-1.1214,4.0
selected_two_stage_av,pass,-1.8282,2.0
selected_two_stage_av,pass,0.0098,0.0
selected_two_stage_av,pass,-0.6641,3.0
selected_two_stage_av,pass,-0.3554,3.0
selected_two_stage_av,pass,0.0098,7.0
selected_two_stage_av,pass,-0.8126,1.0
selected_two_stage_av,pass,0.1019,3.0
selected_two_stage_av,pass,0.8087,5.0
selected_two_stage_av,pass,0.0098,2.0
selected_two_stage_av,pass,-2.2855,7.0
selected_two_stage_av,pass,-0.3554,0.0
selected_two_stage_av,pass,-2.2855,5.0
selected_two_stage_av,pass,-0.8126,2.0
selected_two_stage_av,pass,0.1019,2.0
selected_two_stage_av,pass,-0.6971,4.0
selected_two_stage_av,pass,0.2504,0.0
selected_two_stage_av,pass,0.8087,6.0
selected_two_stage_av,pass,-0.2069,0.0
selected_two_stage_av,pass,-1.1214,6.0
selected_two_stage_av,pass,0.0098,0.0
selected_two_stage_av,pass,0.0098,3.0
selected_two_stage_av,pass,-1.1543,3.0
selected_two_stage_av,pass,0.1019,0.0
selected_two_stage_av,pass,0.0098,0.0
selected_two_stage_av,pass,0.3515,8.0
selected_two_stage_av,pass,-0.6641,0.0
selected_two_stage_av,pass,-0.9047,5.0
selected_two_stage_av,pass,-0.9047,3.0
selected_two_stage_av,pass,-0.8126,6.0
selected_two_stage_av,pass,-2.2855,4.0
selected_two_stage_av,pass,-0.9047,0.0
selected_two_stage_av,pass,1.266,7.0
selected_two_stage_av,pass,-2.0688,3.0
selected_two_stage_av,pass,-0.2069,0.0
selected_two_stage_av,pass,-2.7427,3.0
selected_two_stage_av,pass,-0.2069,2.0
selected_two_stage_av,pass,-2.7427,2.0
selected_two_stage_av,pass,0.7076,0.0
selected_two_stage_av,pass,-0.8126,3.0
selected_two_stage_av,pass,-1.5786,0.0
selected_two_stage_av,pass,1.266,9.0
selected_two_stage_av,pass,-0.2069,3.0
selected_two_stage_av,pass,0.0098,0.0
selected_two_stage_av,pass,-0.8126,0.0
selected_two_stage_av,pass,0.0098,3.0
selected_two_stage_av,pass,-2.7427,2.0
selected_two_stage_av,pass,0.8087,8.0
selected_two_stage_av,pass,0.0098,0.0
selected_two_stage_av,pass,1.266,5.0
selected_two_stage_av,pass,-2.2855,4.0
selected_two_stage_av,pass,1.7232,5.0
selected_two_stage_av,pass,0.0098,6.0
selected_two_stage_av,pass,-1.2699,2.0
selected_two_stage_av,pass,0.5591,0.0
selected_two_stage_av,pass,-0.8126,2.0
selected_two_stage_av,pass,0.0098,0.0
selected_two_stage_av,pass,-0.2069,4.0
selected_two_stage_av,pass,0.3515,6.0
selected_two_stage_av,pass,1.266,7.0
selected_two_stage_av,pass,-0.8126,6.0
selected_two_stage_av,pass,-0.8126,0.0
selected_two_stage_av,pass,0.1019,4.0
selected_two_stage_av,pass,0.467,6.0
selected_two_stage_av,pass,-1.1214,0.0
selected_two_stage_av,pass,-2.2855,0.0
selected_two_stage_av,pass,1.266,9.0
selected_two_stage_av,pass,-0.3554,4.0
selected_two_stage_av,pass,-2.2855,5.0
selected_two_stage_av,pass,-0.8126,0.0
selected_two_stage_av,pass,-0.6641,0.0
selected_two_stage_av,pass,0.9243,0.0
selected_two_stage_av,pass,-1.6116,3.0
selected_two_stage_av,pass,1.266,4.0
selected_two_stage_av,pass,-1.1214,4.0
selected_two_stage_av,pass,0.9243,0.0
selected_two_stage_av,pass,0.0098,0.0
selected_two_stage_av,pass,-2.2855,6.0
selected_two_stage_av,pass,1.7232,9.0
selected_two_stage_av,pass,-2.7427,3.0
selected_two_stage_av,pass,0.9243,4.0
selected_two_stage_av,pass,-2.2855,3.0
selected_two_stage_av,pass,0.8087,3.0
selected_two_stage_av,pass,-1.1214,0.0
selected_two_stage_av,pass,0.5591,3.0
selected_two_stage_av,pass,2.1805,10.0
selected_two_stage_av,pass,-0.6971,5.0
selected_two_stage_av,pass,1.266,7.0
selected_two_stage_av,pass,0.0098,0.0
selected_two_stage_av,pass,-0.2069,3.0
selected_two_stage_av,pass,-1.1214,0.0
selected_two_stage_av,pass,-0.4475,0.0
selected_two_stage_av,pass,-0.3554,0.0
selected_two_stage_av,pass,-0.3554,3.0
selected_two_stage_av,pass,1.266,6.0
selected_two_stage_av,pass,-1.2699,5.0
selected_two_stage_av,pass,-0.3554,5.0
selected_two_stage_av,pass,-1.1214,0.0
selected_two_stage_av,pass,-0.2069,0.0
selected_two_stage_av,pass,-2.2855,3.0
selected_two_stage_av,pass,-0.6641,0.0
selected_two_stage_av,pass,-0.3554,8.0
selected_two_stage_av,pass,-0.8126,3.0
selected_two_stage_av,pass,-0.2069,5.0
selected_two_stage_av,pass,-2.5261,5.0
selected_two_stage_av,pass,1.266,5.0
selected_two_stage_av,pass,1.7232,8.0
selected_two_stage_av,pass,0.8087,9.0
selected_two_stage_av,pass,-0.3554,2.0
selected_two_stage_av,pass,-1.6116,1.0
selected_two_stage_av,pass,1.266,4.0
selected_two_stage_av,pass,-0.3554,2.0
selected_two_stage_av,pass,-1.1214,0.0
selected_two_stage_av,pass,0.0098,0.0
selected_two_stage_av,pass,0.8087,6.0
selected_two_stage_av,pass,0.5591,7.0
selected_two_stage_av,pass,0.467,0.0
selected_two_stage_av,pass,1.7232,5.0
selected_two_stage_av,pass,0.5591,2.0
selected_two_stage_av,pass,-0.3554,4.0
selected_two_stage_av,pass,-0.6641,0.0
selected_two_stage_av,pass,0.5591,10.0
selected_two_stage_av,pass,-1.8282,5.0
selected_two_stage_av,pass,1.266,1.0
selected_two_stage_av,pass,-0.4475,3.0
selected_two_stage_av,pass,-0.2069,0.0
selected_two_stage_av,pass,-0.4475,3.0
selected_two_stage_av,pass,1.266,6.0
selected_two_stage_av,pass,-0.6641,0.0
selected_two_stage_av,pass,-1.1214,0.0
selected_two_stage_av,pass,0.0098,4.0
selected_two_stage_av,pass,-1.1214,0.0
selected_two_stage_av,pass,-1.8282,3.0
selected_two_stage_av,pass,-2.7427,2.0
selected_two_stage_av,pass,-2.7427,0.0
selected_two_stage_av,pass,-3.2,3.0
selected_two_stage_av,pass,-0.2069,0.0
selected_two_stage_av,pass,0.0098,2.0
selected_two_stage_av,pass,-0.6641,3.0
selected_two_stage_av,pass,-0.6641,0.0
selected_two_stage_av,pass,-2.7427,2.0
selected_two_stage_av,pass,-2.5261,3.0
selected_two_stage_av,pass,-0.3554,4.0
selected_two_stage_av,pass,-0.6641,3.0
selected_two_stage_av,pass,-0.3554,5.0
selected_two_stage_av,pass,-1.1214,0.0
selected_two_stage_av,pass,-1.1543,2.0
selected_two_stage_av,pass,-1.1214,0.0
selected_two_stage_av,pass,-1.1214,1.0
selected_two_stage_av,pass,-1.2699,3.0
selected_two_stage_av,pass,0.0098,8.0
selected_two_stage_av,pass,-0.3554,6.0
selected_two_stage_av,pass,0.1019,0.0
selected_two_stage_av,pass,0.2504,2.0
selected_two_stage_av,pass,1.266,7.0
selected_two_stage_av,pass,-0.8126,5.0
selected_two_stage_av,pass,-0.4475,8.0
selected_two_stage_av,pass,-2.7427,3.0
selected_two_stage_av,pass,0.9243,2.0
selected_two_stage_av,pass,0.467,7.0
selected_two_stage_av,pass,-0.3554,4.0
selected_two_stage_av,pass,0.8087,6.0
selected_two_stage_av,pass,0.8087,9.0
selected_two_stage_av,pass,-1.5786,4.0
selected_two_stage_av,pass,-2.7427,3.0
selected_two_stage_av,pass,-0.8126,5.0
selected_two_stage_av,pass,-0.3554,0.0
selected_two_stage_av,pass,-2.2855,4.0
selected_two_stage_av,pass,0.2504,0.0
selected_two_stage_av,pass,0.467,0.0
selected_two_stage_av,pass,-0.3554,2.0
selected_two_stage_av,pass,-2.7427,2.0
selected_two_stage_av,pass,0.7076,0.0
selected_two_stage_av,pass,-0.2069,0.0
selected_two_stage_av,pass,-0.6641,0.0
selected_two_stage_av,pass,0.0098,4.0
selected_two_stage_av,pass,-0.2069,0.0
selected_two_stage_av,pass,-0.4475,7.0
selected_two_stage_av,pass,0.5591,7.0
selected_two_stage_av,pass,-0.8126,0.0
selected_two_stage_av,pass,-1.1214,0.0
selected_two_stage_av,pass,-0.9047,5.0
selected_two_stage_av,pass,0.1019,3.0
selected_two_stage_av,pass,-0.6641,0.0
selected_two_stage_av,pass,-0.4475,7.0
selected_two_stage_av,pass,0.1019,2.0
selected_two_stage_av,pass,-0.3554,3.0
selected_two_stage_av,pass,-1.371,5.0
selected_two_stage_av,pass,0.1019,0.0
selected_two_stage_av,pass,-0.4475,9.0
selected_two_stage_av,pass,-0.6641,2.0
selected_two_stage_av,pass,-0.8126,3.0
selected_two_stage_av,pass,0.0098,0.0
selected_two_stage_av,pass,2.1805,7.0
selected_two_stage_av,pass,0.8087,8.0
selected_two_stage_av,pass,-0.6641,0.0
selected_two_stage_av,pass,-0.6641,0.0
selected_two_stage_av,pass,0.9243,0.0
selected_two_stage_av,pass,0.2504,2.0
selected_two_stage_av,pass,-0.6641,4.0
selected_two_stage_av,pass,-2.5261,2.0
selected_two_stage_av,pass,-0.8126,0.0
selected_two_stage_av,pass,-1.1214,5.0
selected_two_stage_av,pass,1.266,7.0
selected_two_stage_av,pass,-0.6641,4.0
selected_two_stage_av,pass,0.1019,10.0
selected_two_stage_av,pass,-1.5786,1.0
selected_two_stage_av,pass,-2.0688,2.0
selected_two_stage_av,pass,1.266,7.0
selected_two_stage_av,pass,0.8087,7.0
selected_two_stage_av,pass,-1.5786,0.0
selected_two_stage_av,pass,0.0098,4.0
selected_two_stage_av,pass,0.0098,7.0
selected_two_stage_av,pass,-0.8126,0.0
selected_two_stage_av,pass,-0.3554,0.0
selected_two_stage_av,pass,-0.8126,5.0
selected_two_stage_av,pass,-0.4475,1.0
selected_two_stage_av,pass,0.3515,2.0
selected_two_stage_av,pass,0.9243,7.0
selected_two_stage_av,pass,0.467,0.0
selected_two_stage_av,pass,-0.9047,4.0
selected_two_stage_av,pass,0.3515,4.0
selected_two_stage_av,pass,-1.1214,0.0
selected_two_stage_av,pass,-0.6641,0.0
selected_two_stage_av,pass,0.467,4.0
selected_two_stage_av,pass,0.1019,0.0
selected_two_stage_av,pass,0.0098,5.0
selected_two_stage_av,pass,-1.1214,0.0
selected_two_stage_av,pass,-0.6641,2.0
selected_two_stage_av,pass,-0.8126,0.0
selected_two_stage_av,pass,-0.3554,3.0
selected_two_stage_av,pass,-0.2069,0.0
selected_two_stage_av,pass,0.0098,2.0
selected_two_stage_av,pass,0.5591,4.0
selected_two_stage_av,pass,-2.2855,4.0
selected_two_stage_av,pass,-2.2855,2.0
selected_two_stage_av,pass,-3.2,4.0
selected_two_stage_av,pass,0.467,0.0
selected_two_stage_av,pass,0.3515,5.0
selected_two_stage_av,pass,-0.2069,5.0
selected_two_stage_av,pass,-0.3554,5.0
selected_two_stage_av,pass,-3.2,2.0
selected_two_stage_av,pass,-0.2069,1.0
selected_two_stage_av,pass,-1.5786,0.0
selected_two_stage_av,pass,1.266,5.0
selected_two_stage_av,pass,-0.6641,0.0
selected_two_stage_av,pass,-1.1543,3.0
selected_two_stage_av,pass,2.1805,8.0
selected_two_stage_av,pass,-0.8126,3.0
selected_two_stage_av,pass,-2.5261,4.0
selected_two_stage_av,pass,-1.1543,4.0
selected_two_stage_av,pass,-0.6641,3.0
selected_two_stage_av,pass,0.1019,7.0
selected_two_stage_av,pass,-2.0688,4.0
selected_two_stage_av,pass,2.1805,5.0
selected_two_stage_av,pass,0.8087,4.0
selected_two_stage_av,pass,-0.3554,3.0
selected_two_stage_av,pass,0.467,0.0
selected_two_stage_av,pass,-0.2069,3.0
selected_two_stage_av,pass,-0.3554,6.0
selected_two_stage_av,pass,-0.3554,1.0
selected_two_stage_av,pass,-0.3554,3.0
selected_two_stage_av,pass,0.1019,5.0
selected_two_stage_av,pass,-0.3554,0.0
selected_two_stage_av,pass,-0.6641,0.0
selected_two_stage_av,pass,-1.5786,3.0
selected_two_stage_av,pass,-0.6641,0.0
selected_two_stage_av,pass,-1.1543,2.0
selected_two_stage_av,pass,0.8087,9.0
selected_two_stage_av,pass,-0.4475,0.0
selected_two_stage_av,pass,1.7232,8.0
selected_two_stage_av,pass,-0.3554,0.0
selected_two_stage_av,pass,-0.6641,2.0
selected_two_stage_av,pass,-0.6641,0.0
selected_two_stage_av,pass,-0.6641,0.0
selected_two_stage_av,pass,-0.3554,6.0
selected_two_stage_av,pass,-0.4475,0.0
selected_two_stage_av,pass,-0.6641,0.0
selected_two_stage_av,pass,0.1019,4.0
selected_two_stage_av,pass,-1.1214,0.0
selected_two_stage_av,pass,-0.6641,0.0
selected_two_stage_av,pass,-0.8126,6.0
selected_two_stage_av,pass,-0.3554,8.0
selected_two_stage_av,pass,0.467,0.0
selected_two_stage_av,pass,-0.6641,5.0
selected_two_stage_av,pass,-0.3554,0.0
selected_two_stage_av,pass,1.7232,4.0
selected_two_stage_av,pass,-0.6641,0.0
selected_two_stage_av,pass,0.8087,6.0
selected_two_stage_av,pass,-0.8126,4.0
selected_two_stage_av,pass,-0.2069,0.0
selected_two_stage_av,pass,-0.8126,9.0
selected_two_stage_av,pass,-0.6641,4.0
selected_two_stage_av,pass,-2.7427,4.0
selected_two_stage_av,pass,-0.8126,0.0
selected_two_stage_av,pass,0.9243,6.0
selected_two_stage_av,pass,0.467,0.0
selected_two_stage_av,pass,1.266,6.0
selected_two_stage_av,pass,-0.6971,6.0
selected_two_stage_av,pass,-0.4475,3.0
selected_two_stage_av,pass,-0.3554,0.0
selected_two_stage_av,pass,1.7232,2.0
selected_two_stage_av,pass,-1.1214,3.0
selected_two_stage_av,pass,-0.3554,6.0
selected_two_stage_av,pass,0.8087,6.0
selected_two_stage_av,pass,-2.0688,2.0
selected_two_stage_av,pass,-1.1214,4.0
selected_two_stage_av,pass,-0.2069,4.0
selected_two_stage_av,pass,0.1019,8.0
selected_two_stage_av,pass,-0.6641,1.0
selected_two_stage_av,pass,-1.5786,2.0
selected_two_stage_av,pass,-0.6641,2.0
selected_two_stage_av,pass,-0.6641,0.0
selected_two_stage_av,pass,-2.2855,4.0
selected_two_stage_av,pass,-0.8126,4.0
selected_two_stage_av,pass,-1.2699,1.0
selected_two_stage_av,pass,0.8087,7.0
selected_two_stage_av,pass,-1.1214,5.0
selected_two_stage_av,pass,-1.2699,5.0
selected_two_stage_av,pass,-0.6641,4.0
selected_two_stage_av,pass,-0.6641,4.0
selected_two_stage_av,pass,-0.4475,5.0
selected_two_stage_av,pass,0.8087,6.0
selected_two_stage_av,pass,-0.4475,8.0
selected_two_stage_av,pass,0.5591,6.0
selected_two_stage_av,pass,-0.2069,0.0
selected_two_stage_av,pass,-0.8126,2.0
selected_two_stage_av,pass,-1.1214,6.0
selected_two_stage_av,pass,-0.3554,0.0
selected_two_stage_av,pass,-0.2069,0.0
selected_two_stage_av,pass,0.1019,4.0
selected_two_stage_av,pass,-0.2069,3.0
selected_two_stage_av,pass,1.7232,7.0
selected_two_stage_av,pass,0.0098,3.0
selected_two_stage_av,pass,0.1019,0.0
selected_two_stage_av,pass,-1.6116,7.0
selected_two_stage_av,pass,-1.1214,5.0
selected_two_stage_av,pass,-1.5786,1.0
selected_two_stage_av,pass,0.0098,0.0
selected_two_stage_av,pass,-0.4475,7.0
selected_two_stage_av,pass,-0.8126,0.0
selected_two_stage_av,pass,-2.0688,3.0
selected_two_stage_av,pass,0.1019,5.0
selected_two_stage_av,pass,-0.8126,4.0
selected_two_stage_av,pass,-0.2069,0.0
selected_two_stage_av,pass,-0.3554,0.0
selected_two_stage_av,pass,-0.6641,4.0
selected_two_stage_av,pass,-1.5786,0.0
selected_two_stage_av,pass,0.5591,0.0
selected_two_stage_av,pass,0.0098,6.0
selected_two_stage_av,pass,-1.1214,2.0
selected_two_stage_av,pass,-0.3554,5.0
selected_two_stage_av,pass,0.467,0.0
selected_two_stage_av,pass,-0.6641,4.0
selected_two_stage_av,pass,-0.3554,4.0
selected_two_stage_av,pass,-0.2069,0.0
selected_two_stage_av,pass,-2.2855,1.0
selected_two_stage_av,pass,-1.1214,0.0
selected_two_stage_av,pass,-3.2,3.0
selected_two_stage_av,pass,0.8087,4.0
selected_two_stage_av,pass,-1.1543,7.0
selected_two_stage_av,pass,-0.3554,4.0
selected_two_stage_av,pass,-1.1214,4.0
selected_two_stage_av,pass,1.7232,9.0
selected_two_stage_av,pass,-0.3554,6.0
selected_two_stage_av,pass,0.1019,5.0
selected_two_stage_av,pass,-0.6971,3.0
selected_two_stage_av,pass,-1.1543,9.0
selected_two_stage_av,pass,-0.8126,2.0
selected_two_stage_av,pass,-0.3554,5.0
selected_two_stage_av,pass,-0.6641,7.0
selected_two_stage_av,pass,0.0098,0.0
selected_two_stage_av,pass,0.5591,0.0
selected_two_stage_av,pass,-0.6971,5.0
selected_two_stage_av,pass,-0.8126,0.0
selected_two_stage_av,pass,0.1019,4.0
selected_two_stage_av,pass,0.3515,8.0
selected_two_stage_av,pass,-2.7427,1.0
selected_two_stage_av,pass,0.1019,4.0
selected_two_stage_av,pass,-1.6116,3.0
selected_two_stage_av,pass,0.1019,0.0
selected_two_stage_av,pass,-0.6641,0.0
selected_two_stage_av,pass,0.1019,7.0
selected_two_stage_av,pass,-1.1214,0.0
selected_two_stage_av,pass,-0.4475,0.0
selected_two_stage_av,pass,-1.6116,4.0
selected_two_stage_av,pass,0.7076,4.0
selected_two_stage_av,pass,0.0098,8.0
selected_two_stage_av,pass,-1.1543,9.0
selected_two_stage_av,pass,0.8087,6.0
selected_two_stage_av,pass,2.1805,8.0
selected_two_stage_av,pass,-1.8282,4.0
selected_two_stage_av,pass,-1.1543,6.0
selected_two_stage_av,pass,1.7232,10.0
selected_two_stage_av,pass,-0.6641,0.0
selected_two_stage_av,pass,-1.1214,4.0
selected_two_stage_av,pass,-2.2855,3.0
selected_two_stage_av,pass,1.266,5.0
selected_two_stage_av,pass,0.5591,3.0
selected_two_stage_av,pass,-0.8126,3.0
selected_two_stage_av,pass,-0.6641,2.0
selected_two_stage_av,pass,0.0098,7.0
selected_two_stage_av,pass,-0.3554,2.0
selected_two_stage_av,pass,-1.1214,0.0
selected_two_stage_av,pass,-0.6971,3.0
selected_two_stage_av,pass,-0.4475,0.0
selected_two_stage_av,pass,-0.2069,0.0
selected_two_stage_av,pass,-1.1214,4.0
selected_two_stage_av,pass,-0.3554,8.0
selected_two_stage_av,pass,0.2504,0.0
selected_two_stage_av,pass,0.467,3.0
selected_two_stage_av,pass,-1.1214,0.0
selected_two_stage_av,pass,-1.371,5.0
selected_two_stage_av,pass,-2.7427,4.0
selected_two_stage_av,pass,-1.8282,1.0
selected_two_stage_av,pass,-1.1214,0.0
selected_two_stage_av,pass,-0.8126,2.0
selected_two_stage_av,pass,-1.6116,7.0
selected_two_stage_av,pass,-1.6116,4.0
selected_two_stage_av,pass,-1.1214,0.0
selected_two_stage_av,pass,-1.1214,0.0
selected_two_stage_av,pass,0.0098,6.0
selected_two_stage_av,pass,-0.6641,4.0
selected_two_stage_av,pass,1.3815,5.0
selected_two_stage_av,pass,0.9243,8.0
selected_two_stage_av,pass,0.7076,3.0
selected_two_stage_av,pass,0.1019,4.0
selected_two_stage_av,pass,-2.2855,5.0
selected_two_stage_av,pass,0.1019,3.0
selected_two_stage_av,pass,1.7232,7.0
selected_two_stage_av,pass,-1.6116,1.0
selected_two_stage_av,pass,0.5591,8.0
selected_two_stage_av,pass,-1.6116,3.0
selected_two_stage_av,pass,0.0098,5.0
selected_two_stage_av,pass,-1.1214,3.0
selected_two_stage_av,pass,0.8087,7.0
selected_two_stage_av,pass,1.266,8.0
selected_two_stage_av,pass,-1.1214,2.0
selected_two_stage_av,pass,-0.9138,4.0
selected_two_stage_av,pass,-0.8126,2.0
selected_two_stage_av,pass,-0.8126,8.0
selected_two_stage_av,pass,0.8087,6.0
selected_two_stage_av,pass,0.1019,0.0
selected_two_stage_av,pass,-1.1214,0.0
selected_two_stage_av,pass,-2.0688,7.0
selected_two_stage_av,pass,0.0098,7.0
selected_two_stage_av,pass,-2.2855,3.0
selected_two_stage_av,pass,-0.2069,0.0
selected_two_stage_av,pass,1.7232,9.0
selected_two_stage_av,pass,1.7232,8.0
selected_two_stage_av,pass,-1.6116,3.0
selected_two_stage_av,pass,-1.2699,7.0
selected_two_stage_av,pass,-2.7427,6.0
selected_two_stage_av,pass,-0.4475,0.0
selected_two_stage_av,pass,-0.3554,5.0
selected_two_stage_av,pass,-0.6641,0.0
selected_two_stage_av,pass,-1.5786,0.0
selected_two_stage_av,pass,0.9243,6.0
selected_two_stage_av,pass,-0.2069,1.0
selected_two_stage_av,pass,-0.8126,0.0
selected_two_stage_av,pass,-1.1214,4.0
selected_two_stage_av,pass,-0.2069,0.0
selected_two_stage_av,pass,-0.3554,8.0
selected_two_stage_av,pass,-2.2855,2.0
selected_two_stage_av,pass,0.467,4.0
selected_two_stage_av,pass,-0.3554,8.0
selected_two_stage_av,pass,-2.7427,4.0
selected_two_stage_av,pass,-0.2069,0.0
selected_two_stage_av,pass,-1.5786,0.0
selected_two_stage_av,pass,1.266,7.0
selected_two_stage_av,pass,-2.5261,10.0
selected_two_stage_av,pass,-1.1214,4.0
selected_two_stage_av,pass,1.3815,5.0
selected_two_stage_av,pass,0.0098,4.0
selected_two_stage_av,pass,-0.6641,5.0
selected_two_stage_av,pass,-1.6116,1.0
selected_two_stage_av,pass,1.266,1.0
selected_two_stage_av,pass,-1.1214,0.0
selected_two_stage_av,pass,-1.5786,0.0
selected_two_stage_av,pass,1.266,5.0
selected_two_stage_av,pass,-0.3554,5.0
selected_two_stage_av,pass,-0.8126,9.0
selected_two_stage_av,pass,0.0098,3.0
selected_two_stage_av,pass,-0.6641,6.0
selected_two_stage_av,pass,-0.6641,0.0
selected_two_stage_av,pass,1.7232,7.0
selected_two_stage_av,pass,2.1805,6.0
selected_two_stage_av,pass,-0.3554,2.0
selected_two_stage_av,pass,-0.3554,3.0
selected_two_stage_av,pass,-2.0688,2.0
selected_two_stage_av,pass,-1.8282,3.0
selected_two_stage_av,pass,-0.8126,0.0
selected_two_stage_av,pass,-0.3554,0.0
selected_two_stage_av,pass,-0.4475,0.0
selected_two_stage_av,pass,-1.1214,0.0
selected_two_stage_av,pass,0.5591,9.0
selected_two_stage_av,pass,-0.2069,3.0
selected_two_stage_av,pass,0.1019,0.0
selected_two_stage_av,pass,-0.6641,5.0
selected_two_stage_av,pass,-0.6641,0.0
selected_two_stage_av,pass,-0.6641,0.0
selected_two_stage_av,pass,-0.6641,0.0
selected_two_stage_av,pass,-1.1214,2.0
selected_two_stage_av,pass,0.2504,0.0
selected_two_stage_av,pass,-0.3554,5.0
selected_two_stage_av,pass,-2.0688,3.0
selected_two_stage_av,pass,-0.3554,4.0
selected_two_stage_av,pass,0.0098,0.0
selected_two_stage_av,pass,-1.1214,4.0
selected_two_stage_av,pass,0.1019,3.0
selected_two_stage_av,pass,-0.3554,0.0
selected_two_stage_av,pass,-0.6641,3.0
selected_two_stage_av,pass,-1.6116,3.0
selected_two_stage_av,pass,-0.6641,3.0
selected_two_stage_av,pass,-1.1214,0.0
selected_two_stage_av,pass,-1.6116,4.0
selected_two_stage_av,pass,-0.3554,2.0
selected_two_stage_av,pass,1.266,8.0
selected_two_stage_av,pass,-0.6641,4.0
selected_two_stage_av,pass,-0.6641,4.0
selected_two_stage_av,pass,-0.3554,4.0
selected_two_stage_av,pass,0.1019,1.0
selected_two_stage_av,pass,-0.3554,2.0
selected_two_stage_av,pass,-0.9138,2.0
selected_two_stage_av,pass,-0.6641,0.0
selected_two_stage_av,pass,0.2504,3.0
selected_two_stage_av,pass,-2.2855,4.0
selected_two_stage_av,pass,-2.0688,3.0
selected_two_stage_av,pass,-0.8126,5.0
selected_two_stage_av,pass,-3.2,2.0
selected_two_stage_av,pass,-0.3554,4.0
selected_two_stage_av,pass,-1.6116,2.0
selected_two_stage_av,pass,-0.6641,3.0
selected_two_stage_av,pass,-1.8282,4.0
selected_two_stage_av,pass,-1.1214,3.0
selected_two_stage_av,pass,0.9243,0.0
selected_two_stage_av,pass,-0.2069,1.0
selected_two_stage_av,pass,-1.1214,0.0
selected_two_stage_av,pass,0.5591,9.0
selected_two_stage_av,pass,-0.3554,0.0
selected_two_stage_av,pass,-1.1214,0.0
selected_two_stage_av,pass,0.1019,3.0
selected_two_stage_av,pass,0.8087,4.0
selected_two_stage_av,pass,-1.8282,2.0
selected_two_stage_av,pass,-0.3554,3.0
selected_two_stage_av,pass,-0.2069,0.0
selected_two_stage_av,pass,-1.5786,6.0
selected_two_stage_av,pass,-0.2069,4.0
selected_two_stage_av,pass,-0.3554,7.0
selected_two_stage_av,pass,-0.8126,4.0
selected_two_stage_av,pass,-1.1214,5.0
selected_two_stage_av,pass,0.7076,2.0
selected_two_stage_av,pass,0.0098,4.0
selected_two_stage_av,pass,-2.0688,6.0
selected_two_stage_av,pass,0.1019,3.0
selected_two_stage_av,pass,-1.6116,7.0
selected_two_stage_av,pass,-0.6641,6.0
selected_two_stage_av,pass,-0.6641,0.0
selected_two_stage_av,pass,0.2504,0.0
selected_two_stage_av,pass,-1.1543,5.0
selected_two_stage_av,pass,-1.6116,4.0
selected_two_stage_av,pass,-2.7427,3.0
selected_two_stage_av,pass,-1.6116,3.0
selected_two_stage_av,pass,-1.5786,2.0
selected_two_stage_av,pass,-0.2069,0.0
selected_two_stage_av,pass,0.1019,2.0
selected_two_stage_av,pass,-0.4475,0.0
selected_two_stage_av,pass,-0.2069,0.0
selected_two_stage_av,pass,-1.6116,4.0
selected_two_stage_av,pass,-2.7427,4.0
selected_two_stage_av,pass,-2.0688,3.0
selected_two_stage_av,pass,-0.6641,0.0
selected_two_stage_av,pass,1.7232,5.0
selected_two_stage_av,pass,-1.2699,2.0
selected_two_stage_av,pass,-2.0688,2.0
selected_two_stage_av,pass,-0.6641,0.0
selected_two_stage_av,pass,1.7232,7.0
selected_two_stage_av,pass,-0.6641,0.0
selected_two_stage_av,pass,-0.2069,0.0
selected_two_stage_av,pass,-2.2855,4.0
selected_two_stage_av,pass,-0.3554,8.0
selected_two_stage_av,pass,0.1019,6.0
selected_two_stage_av,pass,-1.1543,6.0
selected_two_stage_av,pass,-0.3554,2.0
selected_two_stage_av,pass,-0.2069,0.0
selected_two_stage_av,pass,-0.2069,0.0
selected_two_stage_av,pass,-2.0688,3.0
selected_two_stage_av,pass,-1.8282,2.0
selected_two_stage_av,pass,-1.1543,4.0
selected_two_stage_av,pass,1.266,5.0
selected_two_stage_av,pass,-0.6641,0.0
selected_two_stage_av,pass,-0.6641,0.0
selected_two_stage_av,pass,-2.7427,4.0
selected_two_stage_av,pass,-3.2,3.0
selected_two_stage_av,pass,0.2504,5.0
selected_two_stage_av,pass,0.1019,3.0
selected_two_stage_av,pass,-0.8126,1.0
selected_two_stage_av,pass,0.0098,0.0
selected_two_stage_av,pass,1.7232,6.0
selected_two_stage_av,pass,-0.8126,0.0
selected_two_stage_av,pass,0.0098,1.0
selected_two_stage_av,pass,1.266,6.0
selected_two_stage_av,pass,-0.3554,2.0
selected_two_stage_av,pass,-0.2069,0.0
selected_two_stage_av,pass,-0.3554,4.0
selected_two_stage_av,pass,0.8087,7.0
selected_two_stage_av,pass,-0.8126,7.0
selected_two_stage_av,pass,-1.1543,2.0
selected_two_stage_av,pass,0.467,0.0
selected_two_stage_av,pass,-0.8126,4.0
selected_two_stage_av,pass,1.266,7.0
selected_two_stage_av,pass,-0.2069,0.0
selected_two_stage_av,pass,0.467,7.0
selected_two_stage_av,pass,-0.6971,3.0
selected_two_stage_av,pass,1.266,5.0
selected_two_stage_av,pass,-1.1543,3.0
selected_two_stage_av,pass,-1.2699,5.0
selected_two_stage_av,pass,-0.2069,3.0
selected_two_stage_av,pass,-2.2855,2.0
selected_two_stage_av,pass,-1.1214,4.0
selected_two_stage_av,pass,-2.2855,4.0
selected_two_stage_av,pass,-0.6641,0.0
selected_two_stage_av,pass,-0.8126,0.0
selected_two_stage_av,pass,0.3515,6.0
selected_two_stage_av,pass,-2.7427,5.0
selected_two_stage_av,pass,-0.6971,3.0
selected_two_stage_av,pass,0.8087,6.0
selected_two_stage_av,pass,-0.2069,0.0
selected_two_stage_av,pass,-0.2069,3.0
selected_two_stage_av,pass,-2.7427,6.0
selected_two_stage_av,pass,-0.3554,3.0
selected_two_stage_av,pass,-0.2069,0.0
selected_two_stage_av,pass,0.5591,6.0
selected_two_stage_av,pass,-0.2069,0.0
selected_two_stage_av,pass,0.467,0.0
selected_two_stage_av,pass,-0.4475,8.0
selected_two_stage_av,pass,-0.8126,5.0
selected_two_stage_av,pass,-1.5786,0.0
selected_two_stage_av,pass,-0.6971,3.0
selected_two_stage_av,pass,1.3815,8.0
selected_two_stage_av,pass,-0.9047,0.0
selected_two_stage_av,pass,0.8087,7.0
selected_two_stage_av,pass,-0.3554,8.0
selected_two_stage_av,pass,0.8087,8.0
selected_two_stage_av,pass,-0.2069,4.0
selected_two_stage_av,pass,-0.6641,3.0
selected_two_stage_av,pass,2.6377,4.0
selected_two_stage_av,pass,-0.3554,0.0
selected_two_stage_av,pass,0.1019,7.0
selected_two_stage_av,pass,-0.3554,4.0
selected_two_stage_av,pass,-0.2069,0.0
selected_two_stage_av,pass,0.0098,4.0
selected_two_stage_av,pass,0.7076,0.0
selected_two_stage_av,pass,-0.8126,0.0
selected_two_stage_av,pass,0.2504,4.0
selected_two_stage_av,pass,-0.8126,6.0
selected_two_stage_av,pass,-0.9047,4.0
selected_two_stage_av,pass,-0.2069,0.0
selected_two_stage_av,pass,-1.6116,5.0
selected_two_stage_av,pass,-1.6116,2.0
selected_two_stage_av,pass,-1.1214,1.0
selected_two_stage_av,pass,0.0098,4.0
selected_two_stage_av,pass,-1.1214,0.0
selected_two_stage_av,pass,-0.6641,0.0
selected_two_stage_av,pass,-1.1543,6.0
selected_two_stage_av,pass,0.1019,0.0
selected_two_stage_av,pass,-0.3554,1.0
selected_two_stage_av,pass,-0.8126,3.0
selected_two_stage_av,pass,0.2504,5.0
selected_two_stage_av,pass,0.467,0.0
selected_two_stage_av,pass,0.0098,7.0
selected_two_stage_av,pass,-0.2069,3.0
selected_two_stage_av,pass,-0.2069,0.0
selected_two_stage_av,pass,0.8087,5.0
selected_two_stage_av,pass,-0.6641,0.0
selected_two_stage_av,pass,-1.6116,4.0
selected_two_stage_av,pass,0.0098,0.0
selected_two_stage_av,pass,-0.8126,0.0
selected_two_stage_av,pass,-0.3554,0.0
selected_two_stage_av,pass,-0.2069,0.0
selected_two_stage_av,pass,-0.8126,3.0
selected_two_stage_av,pass,1.7232,5.0
selected_two_stage_av,pass,-2.2855,2.0
selected_two_stage_av,pass,0.467,8.0
selected_two_stage_av,pass,-1.1214,2.0
selected_two_stage_av,pass,1.266,6.0
selected_two_stage_av,pass,0.8087,7.0
selected_two_stage_av,pass,-0.3554,7.0
selected_two_stage_av,pass,-0.4475,1.0
selected_two_stage_av,pass,-1.1543,3.0
selected_two_stage_av,pass,0.0098,0.0
selected_two_stage_av,pass,-2.2855,4.0
selected_two_stage_av,pass,1.266,6.0
selected_two_stage_av,pass,-0.6641,0.0
selected_two_stage_av,pass,-0.2069,0.0
selected_two_stage_av,pass,-1.8282,3.0
selected_two_stage_av,pass,0.2504,0.0
selected_two_stage_av,pass,0.1019,4.0
selected_two_stage_av,pass,0.0098,3.0
selected_two_stage_av,pass,1.266,8.0
selected_two_stage_av,pass,-0.8126,5.0
selected_two_stage_av,pass,0.8087,5.0
selected_two_stage_av,pass,-1.6116,7.0
selected_two_stage_av,pass,-0.3554,8.0
selected_two_stage_av,pass,-0.6641,0.0
selected_two_stage_av,pass,-1.6116,2.0
selected_two_stage_av,pass,0.8087,8.0
selected_two_stage_av,pass,0.1019,7.0
selected_two_stage_av,pass,-1.8282,3.0
selected_two_stage_av,pass,-0.3554,2.0
selected_two_stage_av,pass,-0.4475,4.0
selected_two_stage_av,pass,-0.6971,9.0
selected_two_stage_av,pass,-1.1214,3.0
selected_two_stage_av,pass,-0.6641,2.0
selected_two_stage_av,pass,-0.6641,0.0
selected_two_stage_av,pass,-0.8126,7.0
selected_two_stage_av,pass,0.5591,3.0
selected_two_stage_av,pass,-0.8126,0.0
selected_two_stage_av,pass,0.467,3.0
selected_two_stage_av,pass,-2.2855,6.0
selected_two_stage_av,pass,1.7232,6.0
selected_two_stage_av,pass,-0.8126,4.0
selected_two_stage_av,pass,1.0163,3.0
selected_two_stage_av,pass,-1.1214,2.0
selected_two_stage_av,pass,-1.1214,0.0
selected_two_stage_av,pass,-1.8282,3.0
selected_two_stage_av,pass,-1.2699,0.0
selected_two_stage_av,pass,0.8087,8.0
selected_two_stage_av,pass,-2.7427,3.0
selected_two_stage_av,pass,-1.1214,0.0
selected_two_stage_av,pass,-0.3554,3.0
selected_two_stage_av,pass,0.467,4.0
selected_two_stage_av,pass,-0.6641,4.0
selected_two_stage_av,pass,-1.1214,4.0
selected_two_stage_av,pass,-0.4475,0.0
selected_two_stage_av,pass,0.1019,0.0
selected_two_stage_av,pass,-1.1214,4.0
selected_two_stage_av,pass,0.1019,0.0
selected_two_stage_av,pass,2.6377,7.0
selected_two_stage_av,pass,-3.2,2.0
selected_two_stage_av,pass,-0.8126,3.0
selected_two_stage_av,pass,1.266,8.0
selected_two_stage_av,pass,-2.0688,2.0
selected_two_stage_av,pass,0.8087,7.0
selected_two_stage_av,pass,0.0098,6.0
selected_two_stage_av,pass,-0.6641,0.0
selected_two_stage_av,pass,-0.6641,4.0
selected_two_stage_av,pass,1.266,6.0
selected_two_stage_av,pass,1.266,9.0
selected_two_stage_av,pass,-0.4475,2.0
selected_two_stage_av,pass,0.1019,0.0
selected_two_stage_av,pass,-2.2855,3.0
selected_two_stage_av,pass,-2.2855,4.0
selected_two_stage_av,pass,-2.0688,4.0
selected_two_stage_av,pass,-1.2699,4.0
selected_two_stage_av,pass,-2.2855,5.0
selected_two_stage_av,pass,-2.2855,4.0
selected_two_stage_av,pass,-0.6641,0.0
selected_two_stage_av,pass,0.1019,0.0
selected_two_stage_av,pass,-2.2855,3.0
selected_two_stage_av,pass,0.1019,6.0
selected_two_stage_av,pass,1.266,7.0
selected_two_stage_av,pass,1.266,5.0
selected_two_stage_av,pass,-0.3554,3.0
selected_two_stage_av,pass,0.2504,3.0
selected_two_stage_av,pass,0.8087,7.0
selected_two_stage_av,pass,0.2504,0.0
selected_two_stage_av,pass,-0.3554,4.0
selected_two_stage_av,pass,-0.8126,0.0
selected_two_stage_av,pass,1.7232,6.0
selected_two_stage_av,pass,0.0098,0.0
selected_two_stage_av,pass,0.1019,7.0
selected_two_stage_av,pass,-2.7427,4.0
selected_two_stage_av,pass,1.7232,7.0
selected_two_stage_av,pass,0.8087,3.0
selected_two_stage_av,pass,-0.3554,2.0
selected_two_stage_av,pass,-0.6641,0.0
selected_two_stage_av,pass,-0.2069,0.0
selected_two_stage_av,pass,-1.5786,0.0
selected_two_stage_av,pass,-0.8126,4.0
selected_two_stage_av,pass,0.1019,0.0
selected_two_stage_av,pass,2.6377,9.0
selected_two_stage_av,pass,-2.5261,3.0
selected_two_stage_av,pass,-0.4475,0.0
selected_two_stage_av,pass,-0.8126,3.0
selected_two_stage_av,pass,0.0098,8.0
selected_two_stage_av,pass,-0.4475,0.0
selected_two_stage_av,pass,-0.6641,0.0
selected_two_stage_av,pass,-0.6641,0.0
selected_two_stage_av,pass,0.467,0.0
selected_two_stage_av,pass,0.1019,0.0
selected_two_stage_av,pass,0.5591,0.0
selected_two_stage_av,pass,-0.3554,8.0
selected_two_stage_av,pass,0.5591,8.0
selected_two_stage_av,pass,1.266,5.0
selected_two_stage_av,pass,-1.1214,0.0
selected_two_stage_av,pass,-2.7427,2.0
selected_two_stage_av,pass,-1.1214,4.0
selected_two_stage_av,pass,0.5591,0.0
selected_two_stage_av,pass,1.0163,0.0
selected_two_stage_av,pass,-0.2069,0.0
selected_two_stage_av,pass,-2.5261,2.0
selected_two_stage_av,pass,-0.6641,0.0
selected_two_stage_av,pass,-0.8126,2.0
selected_two_stage_av,pass,-1.6116,3.0
selected_two_stage_av,pass,0.0098,0.0
selected_two_stage_av,pass,-1.6116,3.0
selected_two_stage_av,pass,1.7232,8.0
selected_two_stage_av,pass,1.7232,8.0
selected_two_stage_av,pass,-1.1214,0.0
selected_two_stage_av,pass,-0.4475,6.0
selected_two_stage_av,pass,-1.6116,4.0
selected_two_stage_av,pass,-1.2699,1.0
selected_two_stage_av,pass,-0.3554,0.0
selected_two_stage_av,pass,0.5591,3.0
selected_two_stage_av,pass,-0.3554,6.0
selected_two_stage_av,pass,-0.2069,5.0
selected_two_stage_av,pass,-0.3554,2.0
selected_two_stage_av,pass,-1.1543,4.0
selected_two_stage_av,pass,0.3515,7.0
selected_two_stage_av,pass,0.8087,6.0
selected_two_stage_av,pass,0.0098,3.0
selected_two_stage_av,pass,-1.1543,5.0
selected_two_stage_av,pass,-3.2,5.0
selected_two_stage_av,pass,-0.6641,0.0
selected_two_stage_av,pass,-0.3554,4.0
selected_two_stage_av,pass,-0.6641,0.0
selected_two_stage_av,pass,0.0098,0.0
selected_two_stage_av,pass,-0.3554,1.0
selected_two_stage_av,pass,0.0098,0.0
selected_two_stage_av,pass,-0.4475,4.0
selected_two_stage_av,pass,0.0098,6.0
selected_two_stage_av,pass,-0.8126,0.0
selected_two_stage_av,pass,-1.1543,5.0
selected_two_stage_av,pass,-1.6116,6.0
selected_two_stage_av,pass,-0.6641,0.0
selected_two_stage_av,pass,0.0098,4.0
selected_two_stage_av,pass,-1.1214,5.0
selected_two_stage_av,pass,-1.371,2.0
selected_two_stage_av,pass,-0.3554,6.0
selected_two_stage_av,pass,-1.1214,0.0
selected_two_stage_av,pass,-0.4475,2.0
selected_two_stage_av,pass,-2.7427,3.0
selected_two_stage_av,pass,1.7232,6.0
selected_two_stage_av,pass,-0.8126,4.0
selected_two_stage_av,pass,0.2504,0.0
selected_two_stage_av,pass,0.0098,0.0
selected_two_stage_av,pass,-0.3554,0.0
selected_two_stage_av,pass,-1.6116,4.0
selected_two_stage_av,pass,-2.2855,2.0
selected_two_stage_av,pass,-0.3554,0.0
selected_two_stage_av,pass,-2.7427,2.0
selected_two_stage_av,pass,-0.6641,4.0
selected_two_stage_av,pass,-0.3554,0.0
selected_two_stage_av,pass,0.2504,0.0
selected_two_stage_av,pass,0.467,0.0
selected_two_stage_av,pass,-1.1214,4.0
selected_two_stage_av,pass,-1.1214,0.0
selected_two_stage_av,pass,-1.1214,0.0
selected_two_stage_av,pass,1.266,7.0
selected_two_stage_av,pass,0.5591,8.0
selected_two_stage_av,pass,0.1019,2.0
selected_two_stage_av,pass,-2.0688,3.0
selected_two_stage_av,pass,-1.1214,0.0
selected_two_stage_av,pass,-0.3554,4.0
selected_two_stage_av,pass,-0.3554,4.0
selected_two_stage_av,pass,-0.6641,4.0
selected_two_stage_av,pass,-1.1214,2.0
selected_two_stage_av,pass,0.467,0.0
selected_two_stage_av,pass,-0.3554,2.0
selected_two_stage_av,pass,-1.6116,2.0
selected_two_stage_av,pass,0.0098,3.0
selected_two_stage_av,pass,0.9243,9.0
selected_two_stage_av,pass,0.2504,3.0
selected_two_stage_av,pass,-0.8126,6.0
selected_two_stage_av,pass,1.3815,0.0
selected_two_stage_av,pass,0.0098,0.0
selected_two_stage_av,pass,0.0098,0.0
selected_two_stage_av,pass,0.467,0.0
selected_two_stage_av,pass,-1.1214,5.0
selected_two_stage_av,pass,-0.3554,0.0
selected_two_stage_av,pass,1.7232,7.0
selected_two_stage_av,pass,-0.3554,4.0
selected_two_stage_av,pass,-1.2699,4.0
selected_two_stage_av,pass,-0.8126,4.0
selected_two_stage_av,pass,1.7232,6.0
selected_two_stage_av,pass,0.2504,0.0
selected_two_stage_av,pass,-1.2699,4.0
selected_two_stage_av,pass,-3.2,1.0
selected_two_stage_av,pass,0.467,6.0
selected_two_stage_av,pass,-1.1543,4.0
selected_two_stage_av,pass,-2.2855,4.0
selected_two_stage_av,pass,-1.2699,5.0
selected_two_stage_av,pass,-0.3554,3.0
selected_two_stage_av,pass,-0.2069,5.0
selected_two_stage_av,pass,-0.9047,0.0
selected_two_stage_av,pass,-0.6641,6.0
selected_two_stage_av,pass,-0.4475,0.0
selected_two_stage_av,pass,-1.8282,4.0
selected_two_stage_av,pass,0.2504,0.0
selected_two_stage_av,pass,0.7076,0.0
selected_two_stage_av,pass,-0.6641,0.0
selected_two_stage_av,pass,1.266,5.0
selected_two_stage_av,pass,-0.4475,3.0
selected_two_stage_av,pass,-0.3554,5.0
selected_two_stage_av,pass,-1.1543,9.0
selected_two_stage_av,pass,1.266,8.0
selected_two_stage_av,pass,0.467,0.0
selected_two_stage_av,pass,0.0098,7.0
selected_two_stage_av,pass,0.8087,7.0
selected_two_stage_av,pass,-1.8282,8.0
selected_two_stage_av,pass,0.8087,6.0
selected_two_stage_av,pass,-1.5786,0.0
selected_two_stage_av,pass,-2.0688,2.0
selected_two_stage_av,pass,-0.6641,2.0
selected_two_stage_av,pass,-0.3554,4.0
selected_two_stage_av,pass,-0.8126,4.0
selected_two_stage_av,pass,-1.2699,8.0
selected_two_stage_av,pass,-1.2699,6.0
selected_two_stage_av,pass,0.8087,4.0
selected_two_stage_av,pass,-0.2069,0.0
selected_two_stage_av,pass,0.3515,2.0
selected_two_stage_av,pass,1.266,5.0
selected_two_stage_av,pass,0.2504,0.0
selected_two_stage_av,pass,-2.2855,4.0
selected_two_stage_av,pass,-0.3554,0.0
selected_two_stage_av,pass,-2.7427,2.0
selected_two_stage_av,pass,0.0098,5.0
selected_two_stage_av,pass,-1.8282,4.0
selected_two_stage_av,pass,-2.2855,4.0
selected_two_stage_av,pass,-0.6971,5.0
selected_two_stage_av,pass,0.0098,0.0
selected_two_stage_av,pass,-2.7427,2.0
selected_two_stage_av,pass,0.1019,6.0
selected_two_stage_av,pass,-0.6641,3.0
selected_two_stage_av,pass,1.266,3.0
selected_two_stage_av,pass,-1.1214,7.0
selected_two_stage_av,pass,0.0098,0.0
selected_two_stage_av,pass,-1.1214,0.0
selected_two_stage_av,pass,0.8087,3.0
selected_two_stage_av,pass,-0.6641,0.0
selected_two_stage_av,pass,-2.0688,0.0
selected_two_stage_av,pass,0.5591,6.0
selected_two_stage_av,pass,0.1019,9.0
selected_two_stage_av,pass,0.1019,2.0
selected_two_stage_av,pass,-0.2069,0.0
selected_two_stage_av,pass,0.8087,8.0
selected_two_stage_av,pass,-1.6116,3.0
selected_two_stage_av,pass,-1.5786,0.0
selected_two_stage_av,pass,-2.7427,4.0
selected_two_stage_av,pass,-0.8126,0.0
selected_two_stage_av,pass,-1.5786,0.0
selected_two_stage_av,pass,0.2504,4.0
selected_two_stage_av,pass,-0.8126,8.0
selected_two_stage_av,pass,-3.2,1.0
selected_two_stage_av,pass,0.0098,2.0
selected_two_stage_av,pass,1.266,6.0
selected_two_stage_av,pass,-1.2699,5.0
selected_two_stage_av,pass,-0.6641,4.0
selected_two_stage_av,pass,-0.6641,0.0
selected_two_stage_av,pass,-0.8126,0.0
selected_two_stage_av,pass,-0.8126,0.0
selected_two_stage_av,pass,-2.0688,4.0
selected_two_stage_av,pass,-0.6641,0.0
selected_two_stage_av,pass,0.1019,0.0
selected_two_stage_av,pass,-0.2069,0.0
selected_two_stage_av,pass,0.9243,3.0
selected_two_stage_av,pass,-0.6641,2.0
selected_two_stage_av,pass,-0.6641,4.0
selected_two_stage_av,pass,-2.0688,2.0
selected_two_stage_av,pass,-1.1214,1.0
selected_two_stage_av,pass,-0.6641,4.0
selected_two_stage_av,pass,-0.6641,0.0
selected_two_stage_av,pass,0.0098,0.0
selected_two_stage_av,pass,2.1805,7.0
selected_two_stage_av,pass,-0.2069,4.0
selected_two_stage_av,pass,0.0098,0.0
selected_two_stage_av,pass,1.266,3.0
selected_two_stage_av,pass,-1.5786,0.0
selected_two_stage_av,pass,0.467,0.0
selected_two_stage_av,pass,-1.1543,5.0
selected_two_stage_av,pass,-0.8126,1.0
selected_two_stage_av,pass,-0.2069,4.0
selected_two_stage_av,pass,-2.7427,4.0
selected_two_stage_av,pass,-0.4475,1.0
selected_two_stage_av,pass,-2.5261,2.0
selected_two_stage_av,pass,1.266,9.0
selected_two_stage_av,pass,-2.2855,5.0
selected_two_stage_av,pass,0.8087,6.0
selected_two_stage_av,pass,-2.7427,4.0
selected_two_stage_av,pass,-2.7427,3.0
selected_two_stage_av,pass,-0.3554,3.0
selected_two_stage_av,pass,-0.8126,3.0
selected_two_stage_av,pass,0.467,0.0
selected_two_stage_av,pass,-2.0688,7.0
selected_two_stage_av,pass,0.467,0.0
selected_two_stage_av,pass,1.266,6.0
selected_two_stage_av,pass,-0.8126,2.0
selected_two_stage_av,pass,-0.6641,6.0
selected_two_stage_av,pass,-1.2699,5.0
selected_two_stage_av,pass,-0.3554,0.0
selected_two_stage_av,pass,-0.8126,5.0
selected_two_stage_av,pass,-2.2855,3.0
selected_two_stage_av,pass,-1.1543,3.0
selected_two_stage_av,pass,0.467,4.0
selected_two_stage_av,pass,-0.6641,4.0
selected_two_stage_av,pass,-1.2699,4.0
selected_two_stage_av,pass,1.7232,7.0
selected_two_stage_av,pass,-0.6641,6.0
selected_two_stage_av,pass,-0.4475,3.0
selected_two_stage_av,pass,-0.4475,0.0
selected_two_stage_av,pass,-0.4475,7.0
selected_two_stage_av,pass,-0.2069,0.0
selected_two_stage_av,pass,-0.8126,4.0
selected_two_stage_av,pass,-1.1214,0.0
selected_two_stage_av,pass,0.467,2.0
selected_two_stage_av,pass,1.266,8.0
selected_two_stage_av,pass,-0.8126,4.0
selected_two_stage_av,pass,-1.6116,5.0
selected_two_stage_av,pass,-0.2069,2.0
selected_two_stage_av,pass,-0.3554,2.0
selected_two_stage_av,pass,0.1019,0.0
selected_two_stage_av,pass,-2.0688,2.0
selected_two_stage_av,pass,-1.1214,4.0
selected_two_stage_av,pass,-0.6641,0.0
selected_two_stage_av,pass,-1.8282,4.0
selected_two_stage_av,pass,-0.2069,0.0
selected_two_stage_av,pass,-0.2069,0.0
selected_two_stage_av,pass,0.5591,3.0
selected_two_stage_av,pass,-2.7427,3.0
selected_two_stage_av,pass,-1.6116,3.0
selected_two_stage_av,pass,-1.5786,5.0
selected_two_stage_av,pass,0.467,0.0
selected_two_stage_av,pass,0.467,8.0
selected_two_stage_av,pass,0.0098,0.0
selected_two_stage_av,pass,-0.4475,0.0
selected_two_stage_av,pass,-2.2855,2.0
selected_two_stage_av,pass,-2.2855,5.0
selected_two_stage_av,pass,0.467,0.0
selected_two_stage_av,pass,0.7076,0.0
selected_two_stage_av,pass,1.266,8.0
selected_two_stage_av,pass,-0.8126,2.0
selected_two_stage_av,pass,-1.6116,2.0
selected_two_stage_av,pass,-1.1214,0.0
selected_two_stage_av,pass,-2.7427,2.0
selected_two_stage_av,pass,1.7232,8.0
selected_two_stage_av,pass,-0.9047,5.0
selected_two_stage_av,pass,0.1019,0.0
selected_two_stage_av,pass,-0.3554,3.0
selected_two_stage_av,pass,-0.6641,0.0
selected_two_stage_av,pass,0.5591,3.0
selected_two_stage_av,pass,1.7232,9.0
selected_two_stage_av,pass,-0.8126,10.0
selected_two_stage_av,pass,-0.2069,0.0
selected_two_stage_av,pass,0.1019,3.0
selected_two_stage_av,pass,-0.6641,4.0
selected_two_stage_av,pass,0.9243,7.0
selected_two_stage_av,pass,-0.4475,0.0
selected_two_stage_av,pass,0.0098,10.0
selected_two_stage_av,pass,0.0098,3.0
selected_two_stage_av,pass,-0.3554,0.0
selected_two_stage_av,pass,-2.5261,4.0
selected_two_stage_av,pass,-2.2855,2.0
selected_two_stage_av,pass,-0.2069,1.0
selected_two_stage_av,pass,-2.2855,4.0
selected_two_stage_av,pass,-1.1543,1.0
selected_two_stage_av,pass,-0.2069,0.0
selected_two_stage_av,pass,-0.8126,3.0
selected_two_stage_av,pass,-1.8282,3.0
selected_two_stage_av,pass,0.2504,0.0
selected_two_stage_av,pass,-0.3554,0.0
selected_two_stage_av,pass,0.3515,7.0
selected_two_stage_av,pass,-1.8282,3.0
selected_two_stage_av,pass,-1.1214,0.0
selected_two_stage_av,pass,1.266,8.0
selected_two_stage_av,pass,-0.3554,0.0
selected_two_stage_av,pass,0.8087,8.0
selected_two_stage_av,pass,0.2504,0.0
selected_two_stage_av,pass,0.2504,5.0
selected_two_stage_av,pass,-0.4475,7.0
selected_two_stage_av,pass,1.0163,3.0
selected_two_stage_av,pass,-1.1543,2.0
selected_two_stage_av,pass,1.7232,7.0
selected_two_stage_av,pass,-0.6641,0.0
selected_two_stage_av,pass,-0.6641,0.0
selected_two_stage_av,pass,-1.1214,0.0
selected_two_stage_av,pass,-1.6116,1.0
selected_two_stage_av,pass,-0.2069,0.0
selected_two_stage_av,pass,-2.7427,3.0
selected_two_stage_av,pass,-0.6641,6.0
selected_two_stage_av,pass,0.1019,0.0
selected_two_stage_av,pass,-3.2,3.0
selected_two_stage_av,pass,-1.371,5.0
selected_two_stage_av,pass,-0.6641,0.0
selected_two_stage_av,pass,-0.9047,7.0
selected_two_stage_av,pass,1.266,7.0
selected_two_stage_av,pass,-0.6641,0.0
selected_two_stage_av,pass,0.467,0.0
selected_two_stage_av,pass,0.2504,0.0
selected_two_stage_av,pass,-0.8126,0.0
selected_two_stage_av,pass,-1.8282,3.0
selected_two_stage_av,pass,0.8087,5.0
selected_two_stage_av,pass,0.467,2.0
selected_two_stage_av,pass,-1.2699,3.0
selected_two_stage_av,pass,-0.8126,0.0
selected_two_stage_av,pass,-1.5786,0.0
selected_two_stage_av,pass,-1.371,3.0
selected_two_stage_av,pass,0.8087,9.0
selected_two_stage_av,pass,-1.1214,0.0
selected_two_stage_av,pass,-0.4475,2.0
selected_two_stage_av,pass,-1.6116,4.0
selected_two_stage_av,pass,0.8087,8.0
selected_two_stage_av,pass,0.1019,0.0
selected_two_stage_av,pass,-0.4475,2.0
selected_two_stage_av,pass,-0.8126,5.0
selected_two_stage_av,pass,2.1805,6.0
selected_two_stage_av,pass,-0.6641,0.0
selected_two_stage_av,pass,0.0098,2.0
selected_two_stage_av,pass,-0.4475,3.0
selected_two_stage_av,pass,0.467,0.0
selected_two_stage_av,pass,-2.0688,4.0
selected_two_stage_av,pass,-2.0688,4.0
selected_two_stage_av,pass,0.5591,5.0
selected_two_stage_av,pass,0.8087,6.0
selected_two_stage_av,pass,-3.2,3.0
selected_two_stage_av,pass,-2.2855,3.0
selected_two_stage_av,pass,0.5591,5.0
selected_two_stage_av,pass,-0.3554,3.0
selected_two_stage_av,pass,-3.2,1.0
selected_two_stage_av,pass,-2.0688,1.0
selected_two_stage_av,pass,1.7232,7.0
selected_two_stage_av,pass,0.467,6.0
selected_two_stage_av,pass,-0.6641,0.0
selected_two_stage_av,pass,-0.2069,0.0
selected_two_stage_av,pass,0.1019,0.0
selected_two_stage_av,pass,-0.8126,0.0
selected_two_stage_av,pass,0.8087,9.0
selected_two_stage_av,pass,-2.7427,3.0
selected_two_stage_av,pass,0.0098,6.0
selected_two_stage_av,pass,-0.8126,4.0
selected_two_stage_av,pass,0.0098,0.0
selected_two_stage_av,pass,0.467,0.0
selected_two_stage_av,pass,-0.3554,3.0
selected_two_stage_av,pass,-1.6116,3.0
selected_two_stage_av,pass,-1.8282,2.0
selected_two_stage_av,pass,0.8087,3.0
selected_two_stage_av,pass,-0.8126,2.0
selected_two_stage_av,pass,-0.4475,0.0
selected_two_stage_av,pass,1.266,6.0
selected_two_stage_av,pass,-2.2855,5.0
selected_two_stage_av,pass,-1.8282,5.0
selected_two_stage_av,pass,-1.1214,0.0
selected_two_stage_av,pass,-1.1214,0.0
selected_two_stage_av,pass,-2.7427,2.0
selected_two_stage_av,pass,-0.6641,0.0
selected_two_stage_av,pass,0.467,0.0
selected_two_stage_av,pass,-1.1543,2.0
selected_two_stage_av,pass,0.1019,7.0
selected_two_stage_av,pass,1.7232,9.0
selected_two_stage_av,pass,-0.3554,6.0
selected_two_stage_av,pass,0.467,5.0
selected_two_stage_av,pass,-0.6641,1.0
selected_two_stage_av,pass,-0.3554,7.0
selected_two_stage_av,pass,-0.6641,0.0
selected_two_stage_av,pass,0.467,3.0
selected_two_stage_av,pass,-0.8126,3.0
selected_two_stage_av,pass,0.5591,3.0
selected_two_stage_av,pass,-1.1543,3.0
selected_two_stage_av,pass,-2.2855,3.0
selected_two_stage_av,pass,-0.6641,0.0
selected_two_stage_av,pass,0.1019,4.0
selected_two_stage_av,pass,-0.2069,4.0
selected_two_stage_av,pass,-1.2699,3.0
selected_two_stage_av,pass,-2.5261,2.0
selected_two_stage_av,pass,-0.2069,0.0
selected_two_stage_av,pass,-3.2,3.0
selected_two_stage_av,pass,-1.6116,4.0
selected_two_stage_av,pass,0.467,0.0
selected_two_stage_av,pass,-2.7427,3.0
selected_two_stage_av,pass,0.0098,0.0
selected_two_stage_av,pass,0.1019,4.0
selected_two_stage_av,pass,0.0098,7.0
selected_two_stage_av,pass,0.1019,1.0
selected_two_stage_av,pass,-0.2069,0.0
selected_two_stage_av,pass,-2.2855,4.0
selected_two_stage_av,pass,-2.0688,3.0
selected_two_stage_av,pass,-1.8282,4.0
selected_two_stage_av,pass,0.0098,2.0
selected_two_stage_av,pass,-0.2069,0.0
selected_two_stage_av,pass,-0.9047,7.0
selected_two_stage_av,pass,1.266,8.0
selected_two_stage_av,pass,-0.8126,7.0
selected_two_stage_av,pass,-1.1543,2.0
selected_two_stage_av,pass,-0.8126,3.0
selected_two_stage_av,pass,-0.3554,0.0
selected_two_stage_av,pass,-1.2699,0.0
selected_two_stage_av,pass,0.8087,6.0
selected_two_stage_av,pass,-0.8126,6.0
selected_two_stage_av,pass,-0.2069,0.0
selected_two_stage_av,pass,-0.3554,5.0
selected_two_stage_av,pass,0.3515,5.0
selected_two_stage_av,pass,-2.2855,2.0
selected_two_stage_av,pass,-0.3554,4.0
selected_two_stage_av,pass,0.467,0.0
selected_two_stage_av,pass,-0.6641,0.0
selected_two_stage_av,pass,2.1805,9.0
selected_two_stage_av,pass,0.8087,6.0
selected_two_stage_av,pass,0.467,9.0
selected_two_stage_av,pass,-2.7427,5.0
selected_two_stage_av,pass,-0.6641,5.0
selected_two_stage_av,pass,-1.6116,2.0
selected_two_stage_av,pass,-2.0688,1.0
selected_two_stage_av,pass,1.266,6.0
selected_two_stage_av,pass,-0.2069,0.0
selected_two_stage_av,pass,-1.2699,0.0
selected_two_stage_av,pass,-1.6116,1.0
selected_two_stage_av,pass,-0.3554,8.0
selected_two_stage_av,pass,0.0098,7.0
selected_two_stage_av,pass,0.2504,0.0
selected_two_stage_av,pass,0.467,0.0
selected_two_stage_av,pass,-0.3554,0.0
selected_two_stage_av,pass,-0.3554,5.0
selected_two_stage_av,pass,0.1019,10.0
selected_two_stage_av,pass,-1.1543,3.0
selected_two_stage_av,pass,-2.2855,2.0
selected_two_stage_av,pass,0.467,6.0
selected_two_stage_av,pass,1.7232,8.0
selected_two_stage_av,pass,-0.3554,4.0
selected_two_stage_av,pass,1.266,8.0
selected_two_stage_av,pass,-0.2069,5.0
selected_two_stage_av,pass,-0.3554,0.0
selected_two_stage_av,pass,-0.9047,0.0
selected_two_stage_av,pass,-2.2855,2.0
selected_two_stage_av,pass,-2.0688,5.0
selected_two_stage_av,pass,-0.6641,0.0
selected_two_stage_av,pass,-1.371,3.0
selected_two_stage_av,pass,-0.3554,5.0
selected_two_stage_av,pass,0.0098,5.0
selected_two_stage_av,pass,1.266,5.0
selected_two_stage_av,pass,-0.6641,0.0
selected_two_stage_av,pass,-0.8126,2.0
selected_two_stage_av,pass,-1.1214,1.0
selected_two_stage_av,pass,-0.2069,0.0
selected_two_stage_av,pass,-1.6116,2.0
selected_two_stage_av,pass,-2.0688,4.0
selected_two_stage_av,pass,-0.2069,0.0
selected_two_stage_av,pass,-1.1543,9.0
selected_two_stage_av,pass,0.3515,5.0
selected_two_stage_av,pass,-0.6641,0.0
selected_two_stage_av,pass,-0.8126,0.0
selected_two_stage_av,pass,-1.8282,4.0
selected_two_stage_av,pass,-1.1214,0.0
selected_two_stage_av,pass,-1.8282,6.0
selected_two_stage_av,pass,-1.8282,4.0
selected_two_stage_av,pass,0.467,0.0
selected_two_stage_av,pass,-2.2855,2.0
selected_two_stage_av,pass,-0.6641,2.0
selected_two_stage_av,pass,-0.4475,4.0
selected_two_stage_av,pass,-1.1214,0.0
selected_two_stage_av,pass,0.467,2.0
selected_two_stage_av,pass,0.1019,4.0
selected_two_stage_av,pass,0.467,2.0
selected_two_stage_av,pass,-2.2855,3.0
selected_two_stage_av,pass,0.1019,5.0
selected_two_stage_av,pass,0.5591,0.0
selected_two_stage_av,pass,-1.1543,4.0
selected_two_stage_av,pass,-0.6641,5.0
selected_two_stage_av,pass,1.266,7.0
selected_two_stage_av,pass,-0.4475,3.0
selected_two_stage_av,pass,1.266,5.0
selected_two_stage_av,pass,0.1019,1.0
selected_two_stage_av,pass,-0.8126,6.0
selected_two_stage_av,pass,-1.1214,3.0
selected_two_stage_av,pass,0.9243,0.0
selected_two_stage_av,pass,0.8087,6.0
selected_two_stage_av,pass,0.5591,10.0
selected_two_stage_av,pass,1.266,6.0
selected_two_stage_av,pass,0.2504,0.0
selected_two_stage_av,pass,-1.1214,1.0
selected_two_stage_av,pass,0.9243,8.0
selected_two_stage_av,pass,0.2504,0.0
selected_two_stage_av,pass,1.266,7.0
selected_two_stage_av,pass,-0.4475,3.0
selected_two_stage_av,pass,0.5591,4.0
selected_two_stage_av,pass,-0.2069,0.0
selected_two_stage_av,pass,0.7076,0.0
selected_two_stage_av,pass,2.1805,8.0
selected_two_stage_av,pass,-0.6641,2.0
selected_two_stage_av,pass,1.7232,6.0
selected_two_stage_av,pass,-0.6641,0.0
selected_two_stage_av,pass,0.0098,4.0
selected_two_stage_av,pass,-0.8126,4.0
selected_two_stage_av,pass,2.1805,7.0
selected_two_stage_av,pass,-0.2069,0.0
selected_two_stage_av,pass,-0.2069,6.0
selected_two_stage_av,pass,-0.8126,0.0
selected_two_stage_av,pass,0.0098,5.0
selected_two_stage_av,pass,-2.7427,4.0
selected_two_stage_av,pass,1.7232,6.0
selected_two_stage_av,pass,-0.6641,3.0
selected_two_stage_av,pass,-0.3554,0.0
selected_two_stage_av,pass,0.467,5.0
selected_two_stage_av,pass,0.0098,0.0
selected_two_stage_av,pass,-1.6116,3.0
selected_two_stage_av,pass,1.266,6.0
selected_two_stage_av,pass,0.5591,0.0
selected_two_stage_av,pass,-0.6641,2.0
selected_two_stage_av,pass,1.266,7.0
selected_two_stage_av,pass,0.5591,4.0
selected_two_stage_av,pass,-0.6641,0.0
selected_two_stage_av,pass,-0.8126,3.0
selected_two_stage_av,pass,-0.6641,3.0
selected_two_stage_av,pass,-2.0688,1.0
selected_two_stage_av,pass,-0.8126,2.0
selected_two_stage_av,pass,-0.2069,0.0
selected_two_stage_av,pass,1.7232,9.0
selected_two_stage_av,pass,0.8087,7.0
selected_two_stage_av,pass,1.266,8.0
selected_two_stage_av,pass,1.7232,8.0
selected_two_stage_av,pass,1.3815,7.0
selected_two_stage_av,pass,-1.1214,0.0
selected_two_stage_av,pass,0.0098,5.0
selected_two_stage_av,pass,0.0098,5.0
selected_two_stage_av,pass,-2.0688,5.0
selected_two_stage_av,pass,-2.2855,4.0
selected_two_stage_av,pass,-1.1543,5.0
selected_two_stage_av,pass,-0.3554,7.0
selected_two_stage_av,pass,1.266,8.0
selected_two_stage_av,pass,1.266,9.0
selected_two_stage_av,pass,-2.2855,3.0
selected_two_stage_av,pass,-0.2069,2.0
selected_two_stage_av,pass,-2.5261,5.0
selected_two_stage_av,pass,-0.3554,2.0
selected_two_stage_av,pass,1.266,5.0
selected_two_stage_av,pass,-1.1214,5.0
selected_two_stage_av,pass,-0.3554,0.0
selected_two_stage_av,pass,-2.2855,2.0
selected_two_stage_av,pass,-0.3554,5.0
selected_two_stage_av,pass,-0.6641,0.0
selected_two_stage_av,pass,0.8087,8.0
selected_two_stage_av,pass,1.7232,4.0
selected_two_stage_av,pass,0.8087,7.0
selected_two_stage_av,pass,-0.2069,0.0
selected_two_stage_av,pass,0.467,9.0
selected_two_stage_av,pass,-0.6641,0.0
selected_two_stage_av,pass,-0.2069,1.0
selected_two_stage_av,pass,1.266,7.0
selected_two_stage_av,pass,-1.1214,0.0
selected_two_stage_av,pass,-1.2699,2.0
selected_two_stage_av,pass,0.3515,10.0
selected_two_stage_av,pass,-1.5786,3.0
selected_two_stage_av,pass,-0.8126,3.0
selected_two_stage_av,pass,-0.2069,0.0
selected_two_stage_av,pass,-2.2855,4.0
selected_two_stage_av,pass,0.467,0.0
selected_two_stage_av,pass,-0.9047,3.0
selected_two_stage_av,pass,-0.9047,3.0
selected_two_stage_av,pass,1.266,8.0
selected_two_stage_av,pass,-0.6641,0.0
selected_two_stage_av,pass,-0.2069,2.0
selected_two_stage_av,pass,1.3815,7.0
selected_two_stage_av,pass,-0.8126,4.0
selected_two_stage_av,pass,-1.5786,0.0
selected_two_stage_av,pass,0.467,6.0
selected_two_stage_av,pass,-0.8126,5.0
selected_two_stage_av,pass,-0.3554,0.0
selected_two_stage_av,pass,-2.7427,2.0
selected_two_stage_av,pass,0.0098,2.0
selected_two_stage_av,pass,-2.2855,5.0
selected_two_stage_av,pass,0.8087,5.0
selected_two_stage_av,pass,-2.7427,4.0
selected_two_stage_av,pass,-1.1543,2.0
selected_two_stage_av,pass,0.8087,8.0
selected_two_stage_av,pass,0.0098,5.0
selected_two_stage_av,pass,-1.1214,6.0
selected_two_stage_av,pass,-1.1543,4.0
selected_two_stage_av,pass,-2.0688,3.0
selected_two_stage_av,pass,-0.2069,4.0
selected_two_stage_av,pass,0.1019,0.0
selected_two_stage_av,pass,-1.1214,3.0
selected_two_stage_av,pass,0.0098,7.0
selected_two_stage_av,pass,2.1805,7.0
selected_two_stage_av,pass,-0.3554,0.0
selected_two_stage_av,pass,0.1019,3.0
selected_two_stage_av,pass,-0.6641,0.0
selected_two_stage_av,pass,-0.4475,6.0
selected_two_stage_av,pass,-1.1214,2.0
selected_two_stage_av,pass,-1.6116,3.0
selected_two_stage_av,pass,0.1019,5.0
selected_two_stage_av,pass,0.1019,1.0
selected_two_stage_av,pass,-2.7427,3.0
selected_two_stage_av,pass,-0.3554,4.0
selected_two_stage_av,pass,1.266,7.0
selected_two_stage_av,pass,1.266,7.0
selected_two_stage_av,pass,-0.6641,2.0
selected_two_stage_av,pass,-0.4475,2.0
selected_two_stage_av,pass,-1.2699,0.0
selected_two_stage_av,pass,0.2504,5.0
selected_two_stage_av,pass,0.0098,0.0
selected_two_stage_av,pass,1.266,7.0
selected_two_stage_av,pass,-0.2069,3.0
selected_two_stage_av,pass,-1.2699,3.0
selected_two_stage_av,pass,-0.2069,3.0
selected_two_stage_av,pass,-0.8126,1.0
selected_two_stage_av,pass,1.266,9.0
selected_two_stage_av,pass,-0.6971,4.0
selected_two_stage_av,pass,0.1019,0.0
selected_two_stage_av,pass,-1.1214,4.0
selected_two_stage_av,pass,-0.3554,0.0
selected_two_stage_av,pass,-1.1214,0.0
selected_two_stage_av,pass,0.9243,0.0
selected_two_stage_av,pass,-2.7427,2.0
selected_two_stage_av,pass,0.0098,3.0
selected_two_stage_av,pass,-1.1214,0.0
selected_two_stage_av,pass,-0.3554,6.0
selected_two_stage_av,pass,-1.6116,4.0
selected_two_stage_av,pass,-0.6641,0.0
selected_two_stage_av,pass,0.1019,4.0
selected_two_stage_av,pass,-0.8126,6.0
selected_two_stage_av,pass,-2.7427,2.0
selected_two_stage_av,pass,-0.4475,8.0
selected_two_stage_av,pass,0.3515,6.0
selected_two_stage_av,pass,-0.2069,0.0
selected_two_stage_av,pass,-0.2069,0.0
selected_two_stage_av,pass,-2.7427,2.0
selected_two_stage_av,pass,-0.3554,1.0
selected_two_stage_av,pass,-1.2699,4.0
selected_two_stage_av,pass,-1.371,2.0
selected_two_stage_av,pass,1.7232,8.0
selected_two_stage_av,pass,1.7232,5.0
selected_two_stage_av,pass,-1.1214,3.0
selected_two_stage_av,pass,-2.0688,5.0
selected_two_stage_av,pass,0.1019,2.0
selected_two_stage_av,pass,-0.8126,3.0
selected_two_stage_av,pass,1.266,7.0
selected_two_stage_av,pass,-0.4475,8.0
selected_two_stage_av,pass,-0.4475,7.0
selected_two_stage_av,pass,1.266,7.0
selected_two_stage_av,pass,-1.5786,0.0
selected_two_stage_av,pass,0.2504,4.0
selected_two_stage_av,pass,-0.2069,0.0
selected_two_stage_av,pass,-1.5786,5.0
selected_two_stage_av,pass,0.3515,6.0
selected_two_stage_av,pass,-1.1214,4.0
selected_two_stage_av,pass,-1.1214,0.0
selected_two_stage_av,pass,-0.4475,6.0
selected_two_stage_av,pass,-0.2399,0.0
selected_two_stage_av,pass,1.266,8.0
selected_two_stage_av,pass,-0.8126,3.0
selected_two_stage_av,pass,-0.3554,4.0
selected_two_stage_av,pass,0.0098,2.0
selected_two_stage_av,pass,-0.4475,3.0
selected_two_stage_av,pass,1.266,7.0
selected_two_stage_av,pass,0.1019,0.0
selected_two_stage_av,pass,-2.7427,2.0
selected_two_stage_av,pass,-0.4475,0.0
selected_two_stage_av,pass,1.266,7.0
selected_two_stage_av,pass,0.0098,0.0
selected_two_stage_av,pass,-3.2,1.0
selected_two_stage_av,pass,-1.1214,0.0
selected_two_stage_av,pass,0.5591,2.0
selected_two_stage_av,pass,-1.1543,5.0
selected_two_stage_av,pass,0.1019,0.0
selected_two_stage_av,pass,-0.8126,4.0
selected_two_stage_av,pass,-0.3554,3.0
selected_two_stage_av,pass,1.266,6.0
selected_two_stage_av,pass,-1.1214,3.0
selected_two_stage_av,pass,1.266,6.0
selected_two_stage_av,pass,-0.8126,1.0
selected_two_stage_av,pass,-1.1543,3.0
selected_two_stage_av,pass,-0.3554,3.0
selected_two_stage_av,pass,0.5591,5.0
selected_two_stage_av,pass,-0.2069,6.0
selected_two_stage_av,pass,0.5591,6.0
selected_two_stage_av,pass,0.0098,6.0
selected_two_stage_av,pass,-1.2699,1.0
selected_two_stage_av,pass,0.5591,0.0
selected_two_stage_av,pass,0.467,4.0
selected_two_stage_av,pass,0.8087,8.0
selected_two_stage_av,pass,1.7232,3.0
selected_two_stage_av,pass,1.266,6.0
selected_two_stage_av,pass,-2.0688,2.0
selected_two_stage_av,pass,-0.6641,0.0
selected_two_stage_av,pass,-0.3554,0.0
selected_two_stage_av,pass,0.0098,0.0
selected_two_stage_av,pass,0.1019,0.0
selected_two_stage_av,pass,0.1019,0.0
selected_two_stage_av,pass,-0.3554,7.0
selected_two_stage_av,pass,-2.2855,4.0
selected_two_stage_av,pass,-0.2069,3.0
selected_two_stage_av,pass,-0.8126,0.0
selected_two_stage_av,pass,0.3515,7.0
selected_two_stage_av,pass,0.0098,0.0
selected_two_stage_av,pass,-3.2,1.0
selected_two_stage_av,pass,0.8087,7.0
selected_two_stage_av,pass,-1.5786,2.0
selected_two_stage_av,pass,0.3515,7.0
selected_two_stage_av,pass,0.1019,0.0
selected_two_stage_av,pass,0.467,0.0
selected_two_stage_av,pass,1.266,7.0
selected_two_stage_av,pass,-0.9047,0.0
selected_two_stage_av,pass,1.266,7.0
selected_two_stage_av,pass,0.5591,4.0
selected_two_stage_av,pass,0.9243,5.0
selected_two_stage_av,pass,-0.6971,2.0
selected_two_stage_av,pass,0.1019,7.0
selected_two_stage_av,pass,-0.3554,5.0
selected_two_stage_av,pass,-2.7427,2.0
selected_two_stage_av,pass,0.8087,1.0
selected_two_stage_av,pass,0.467,5.0
selected_two_stage_av,pass,1.266,5.0
selected_two_stage_av,pass,-1.6116,4.0
selected_two_stage_av,pass,-0.2069,0.0
selected_two_stage_av,pass,2.1805,7.0
selected_two_stage_av,pass,-0.3554,2.0
selected_two_stage_av,pass,-0.2069,0.0
selected_two_stage_av,pass,-1.2699,6.0
selected_two_stage_av,pass,-0.8126,4.0
selected_two_stage_av,pass,0.467,3.0
selected_two_stage_av,pass,-1.6116,7.0
selected_two_stage_av,pass,-0.2069,0.0
selected_two_stage_av,pass,-0.3554,4.0
selected_two_stage_av,pass,-0.3554,3.0
selected_two_stage_av,pass,0.0098,0.0
selected_two_stage_av,pass,0.0098,7.0
selected_two_stage_av,pass,-1.8282,3.0
selected_two_stage_av,pass,1.7232,6.0
selected_two_stage_av,pass,-3.2,3.0
selected_two_stage_av,pass,-0.2069,0.0
selected_two_stage_av,pass,-1.371,1.0
selected_two_stage_av,pass,1.0163,0.0
selected_two_stage_av,pass,0.467,0.0
selected_two_stage_av,pass,-1.8282,1.0
selected_two_stage_av,pass,-2.2855,4.0
selected_two_stage_av,pass,0.0098,7.0
selected_two_stage_av,pass,-0.2069,0.0
selected_two_stage_av,pass,0.8087,7.0
selected_two_stage_av,pass,2.6377,7.0
selected_two_stage_av,pass,-0.6641,0.0
selected_two_stage_av,pass,-1.1543,4.0
selected_two_stage_av,pass,-0.4475,4.0
selected_two_stage_av,pass,1.3815,0.0
selected_two_stage_av,pass,0.1019,0.0
selected_two_stage_av,pass,1.7232,7.0
selected_two_stage_av,pass,-0.6641,0.0
selected_two_stage_av,pass,-0.6641,0.0
selected_two_stage_av,pass,0.467,2.0
selected_two_stage_av,pass,-2.7427,1.0
selected_two_stage_av,pass,-0.6641,0.0
selected_two_stage_av,pass,-1.6116,9.0
selected_two_stage_av,pass,-0.2069,0.0
selected_two_stage_av,pass,-0.2069,0.0
selected_two_stage_av,pass,0.1019,4.0
selected_two_stage_av,pass,0.467,0.0
selected_two_stage_av,pass,1.0163,0.0
selected_two_stage_av,pass,-1.2699,3.0
selected_two_stage_av,pass,-0.6971,5.0
selected_two_stage_av,pass,-0.8126,4.0
selected_two_stage_av,pass,-2.7427,1.0
selected_two_stage_av,pass,1.7232,8.0
selected_two_stage_av,pass,1.266,6.0
selected_two_stage_av,pass,-0.6641,3.0
selected_two_stage_av,pass,1.7232,7.0
selected_two_stage_av,pass,-0.9047,0.0
selected_two_stage_av,pass,-0.8126,0.0
selected_two_stage_av,pass,-3.2,4.0
selected_two_stage_av,pass,-0.3554,3.0
selected_two_stage_av,pass,-2.0688,3.0
selected_two_stage_av,pass,1.7232,7.0
selected_two_stage_av,pass,-0.4475,2.0
selected_two_stage_av,pass,-0.6641,2.0
selected_two_stage_av,pass,-0.6641,0.0
selected_two_stage_av,pass,-1.1214,0.0
selected_two_stage_av,pass,-2.2855,6.0
selected_two_stage_av,pass,-0.6641,4.0
selected_two_stage_av,pass,-0.6641,0.0
selected_two_stage_av,pass,0.5591,2.0
selected_two_stage_av,pass,-1.6116,9.0
selected_two_stage_av,pass,-0.8126,1.0
selected_two_stage_av,pass,1.266,7.0
selected_two_stage_av,pass,-0.3554,0.0
selected_two_stage_av,pass,0.0098,5.0
selected_two_stage_av,pass,-0.6971,5.0
selected_two_stage_av,pass,-0.6641,4.0
selected_two_stage_av,pass,-0.6641,4.0
selected_two_stage_av,pass,-1.1214,0.0
selected_two_stage_av,pass,0.5591,0.0
selected_two_stage_av,pass,0.0098,6.0
selected_two_stage_av,pass,1.266,7.0
selected_two_stage_av,pass,0.0098,1.0
selected_two_stage_av,pass,0.1019,0.0
selected_two_stage_av,pass,0.5591,8.0
selected_two_stage_av,pass,-0.6641,0.0
selected_two_stage_av,pass,-0.3554,8.0
selected_two_stage_av,pass,-0.4475,0.0
selected_two_stage_av,pass,0.5591,4.0
selected_two_stage_av,pass,1.266,6.0
selected_two_stage_av,pass,1.266,5.0
selected_two_stage_av,pass,-1.2699,4.0
selected_two_stage_av,pass,-0.3554,1.0
selected_two_stage_av,pass,-0.8126,4.0
selected_two_stage_av,pass,1.266,7.0
selected_two_stage_av,pass,0.0098,4.0
selected_two_stage_av,pass,-1.1214,0.0
selected_two_stage_av,pass,-1.371,5.0
selected_two_stage_av,pass,-0.8126,6.0
selected_two_stage_av,pass,-0.8126,0.0
selected_two_stage_av,pass,0.9243,0.0
selected_two_stage_av,pass,-2.0688,5.0
selected_two_stage_av,pass,-1.6116,3.0
selected_two_stage_av,pass,0.0098,6.0
selected_two_stage_av,pass,-0.6641,4.0
selected_two_stage_av,pass,-1.8282,6.0
selected_two_stage_av,pass,-1.2699,5.0
selected_two_stage_av,pass,1.7232,4.0
selected_two_stage_av,pass,-0.8126,3.0
selected_two_stage_av,pass,0.1019,5.0
selected_two_stage_av,pass,0.467,4.0
selected_two_stage_av,pass,-0.6641,5.0
selected_two_stage_av,pass,-0.3554,0.0
selected_two_stage_av,pass,0.1019,8.0
selected_two_stage_av,pass,-0.6641,2.0
selected_two_stage_av,pass,-0.6641,4.0
selected_two_stage_av,pass,0.0098,5.0
selected_two_stage_av,pass,-0.3554,6.0
selected_two_stage_av,pass,1.7232,7.0
selected_two_stage_av,pass,-2.7427,5.0
selected_two_stage_av,pass,0.8087,5.0
selected_two_stage_av,pass,0.5591,4.0
selected_two_stage_av,pass,1.266,7.0
selected_two_stage_av,pass,0.1019,5.0
selected_two_stage_av,pass,0.1019,4.0
selected_two_stage_av,pass,0.467,9.0
selected_two_stage_av,pass,-0.9047,3.0
selected_two_stage_av,pass,-0.6641,3.0
selected_two_stage_av,pass,-0.8126,5.0
selected_two_stage_av,pass,-0.6641,2.0
selected_two_stage_av,pass,-1.6116,4.0
selected_two_stage_av,pass,0.8087,5.0
selected_two_stage_av,pass,0.5591,0.0
selected_two_stage_av,pass,-1.1214,2.0
selected_two_stage_av,pass,-0.6641,0.0
selected_two_stage_av,pass,-0.3554,4.0
selected_two_stage_av,pass,-0.6641,0.0
selected_two_stage_av,pass,0.467,0.0
selected_two_stage_av,pass,-0.6641,4.0
selected_two_stage_av,pass,-0.6641,1.0
selected_two_stage_av,pass,0.0098,0.0
selected_two_stage_av,pass,-0.3554,3.0
selected_two_stage_av,pass,-0.3554,10.0
selected_two_stage_av,pass,-0.2069,4.0
selected_two_stage_av,pass,-0.4475,0.0
selected_two_stage_av,pass,-0.3554,9.0
selected_two_stage_av,pass,-0.6641,5.0
selected_two_stage_av,pass,-2.2855,2.0
selected_two_stage_av,pass,0.0098,4.0
selected_two_stage_av,pass,-0.3554,6.0
selected_two_stage_av,pass,-0.3554,2.0
selected_two_stage_av,pass,0.0098,5.0
selected_two_stage_av,pass,0.9243,2.0
selected_two_stage_av,pass,-0.9047,7.0
selected_two_stage_av,pass,-0.2069,0.0
selected_two_stage_av,pass,0.9243,0.0
selected_two_stage_av,pass,-0.2069,0.0
selected_two_stage_av,pass,-0.3554,3.0
selected_two_stage_av,pass,-1.2699,0.0
selected_two_stage_av,pass,-2.0688,1.0
selected_two_stage_av,pass,0.8087,8.0
selected_two_stage_av,pass,0.2504,0.0
selected_two_stage_av,pass,-1.1214,4.0
selected_two_stage_av,pass,0.467,0.0
selected_two_stage_av,pass,-1.6116,1.0
selected_two_stage_av,pass,-1.8282,0.0
selected_two_stage_av,pass,-1.8282,4.0
selected_two_stage_av,pass,0.3515,7.0
selected_two_stage_av,pass,-0.6641,4.0
selected_two_stage_av,pass,-1.8282,4.0
selected_two_stage_av,pass,-0.3554,3.0
selected_two_stage_av,pass,0.1019,0.0
selected_two_stage_av,pass,-1.8282,4.0
selected_two_stage_av,pass,-0.8126,3.0
selected_two_stage_av,pass,-0.3554,5.0
selected_two_stage_av,pass,0.0098,0.0
selected_two_stage_av,pass,0.0098,0.0
selected_two_stage_av,pass,-1.371,3.0
selected_two_stage_av,pass,0.1019,3.0
selected_two_stage_av,pass,-0.3554,6.0
selected_two_stage_av,pass,-0.6641,4.0
selected_two_stage_av,pass,-1.2699,2.0
selected_two_stage_av,pass,-1.6116,4.0
selected_two_stage_av,pass,1.266,7.0
selected_two_stage_av,pass,-0.2069,3.0
selected_two_stage_av,pass,-0.6641,0.0
selected_two_stage_av,pass,-1.8282,4.0
selected_two_stage_av,pass,-0.8126,0.0
selected_two_stage_av,pass,-0.2069,0.0
selected_two_stage_av,pass,-1.8282,4.0
selected_two_stage_av,pass,-0.4475,2.0
selected_two_stage_av,pass,0.9243,0.0
selected_two_stage_av,pass,-1.2699,0.0
selected_two_stage_av,pass,-1.6116,3.0
selected_two_stage_av,pass,-2.7427,4.0
selected_two_stage_av,pass,-1.1214,2.0
selected_two_stage_av,pass,0.0098,0.0
selected_two_stage_av,pass,-1.6116,2.0
selected_two_stage_av,pass,0.0098,0.0
selected_two_stage_av,pass,-0.3554,5.0
selected_two_stage_av,pass,-2.2855,3.0
selected_two_stage_av,pass,0.467,5.0
selected_two_stage_av,pass,1.1648,0.0
selected_two_stage_av,pass,-0.3554,0.0
selected_two_stage_av,pass,-0.6641,4.0
selected_two_stage_av,pass,0.467,7.0
selected_two_stage_av,pass,-1.1214,2.0
selected_two_stage_av,pass,-0.8126,0.0
selected_two_stage_av,pass,-2.2855,0.0
selected_two_stage_av,pass,0.0098,5.0
selected_two_stage_av,pass,1.7232,7.0
selected_two_stage_av,pass,0.467,0.0
selected_two_stage_av,pass,1.266,8.0
selected_two_stage_av,pass,-2.0688,4.0
selected_two_stage_av,pass,-0.8126,3.0
selected_two_stage_av,pass,-0.6641,0.0
selected_two_stage_av,pass,-0.8126,4.0
selected_two_stage_av,pass,-0.6641,3.0
selected_two_stage_av,pass,-1.1214,0.0
selected_two_stage_av,pass,1.266,8.0
selected_two_stage_av,pass,0.1019,4.0
selected_two_stage_av,pass,1.7232,6.0
selected_two_stage_av,pass,0.1019,4.0
selected_two_stage_av,pass,-0.6641,5.0
selected_two_stage_av,pass,-1.6116,4.0
selected_two_stage_av,pass,0.3515,5.0
selected_two_stage_av,pass,0.1019,3.0
selected_two_stage_av,pass,-0.2069,0.0
selected_two_stage_av,pass,0.0098,0.0
selected_two_stage_av,pass,-1.1214,0.0
selected_two_stage_av,pass,0.1019,5.0
selected_two_stage_av,pass,-0.3554,6.0
selected_two_stage_av,pass,0.1019,0.0
selected_two_stage_av,pass,-2.7427,3.0
selected_two_stage_av,pass,-0.6641,3.0
selected_two_stage_av,pass,0.2504,4.0
selected_two_stage_av,pass,-0.8126,0.0
selected_two_stage_av,pass,-1.1214,0.0
selected_two_stage_av,pass,-0.2069,0.0
selected_two_stage_av,pass,0.467,0.0
selected_two_stage_av,pass,0.8087,7.0
selected_two_stage_av,pass,-1.6116,5.0
selected_two_stage_av,pass,-0.6641,0.0
selected_two_stage_av,pass,-1.8282,4.0
selected_two_stage_av,pass,-1.6116,2.0
selected_two_stage_av,pass,-0.6641,5.0
selected_two_stage_av,pass,-0.3554,3.0
selected_two_stage_av,pass,-1.1543,5.0
selected_two_stage_av,pass,1.7232,7.0
selected_two_stage_av,pass,-0.4475,6.0
selected_two_stage_av,pass,-0.4475,6.0
selected_two_stage_av,pass,-1.1214,0.0
selected_two_stage_av,pass,-0.8126,0.0
selected_two_stage_av,pass,0.1019,4.0
selected_two_stage_av,pass,-0.6641,4.0
selected_two_stage_av,pass,-1.8282,4.0
selected_two_stage_av,pass,-0.3554,8.0
selected_two_stage_av,pass,-0.4475,8.0
selected_two_stage_av,pass,-0.8126,0.0
selected_two_stage_av,pass,0.5591,0.0
selected_two_stage_av,pass,-2.5261,1.0
selected_two_stage_av,pass,-1.2699,4.0
selected_two_stage_av,pass,-1.2699,2.0
selected_two_stage_av,pass,-0.3554,0.0
selected_two_stage_av,pass,0.8087,5.0
selected_two_stage_av,pass,0.5591,0.0
selected_two_stage_av,pass,-2.5261,5.0
selected_two_stage_av,pass,0.9243,3.0
selected_two_stage_av,pass,-0.3554,0.0
selected_two_stage_av,pass,0.467,0.0
selected_two_stage_av,pass,0.2504,5.0
selected_two_stage_av,pass,-1.5786,0.0
selected_two_stage_av,pass,0.467,0.0
selected_two_stage_av,pass,-1.6116,2.0
selected_two_stage_av,pass,0.8087,10.0
selected_two_stage_av,pass,0.3515,7.0
selected_two_stage_av,pass,0.7076,0.0
selected_two_stage_av,pass,0.2504,3.0
selected_two_stage_av,pass,-1.1214,3.0
selected_two_stage_av,pass,-0.6641,2.0
selected_two_stage_av,pass,-1.1543,4.0
selected_two_stage_av,pass,0.8087,5.0
selected_two_stage_av,pass,-0.8126,0.0
selected_two_stage_av,pass,-0.6641,0.0
selected_two_stage_av,pass,-0.9047,3.0
selected_two_stage_av,pass,-0.4475,0.0
selected_two_stage_av,pass,-1.5786,4.0
selected_two_stage_av,pass,0.5591,0.0
selected_two_stage_av,pass,0.0098,0.0
selected_two_stage_av,pass,-2.2855,4.0
selected_two_stage_av,pass,-0.6641,4.0
selected_two_stage_av,pass,-2.5261,5.0
selected_two_stage_av,pass,1.266,5.0
selected_two_stage_av,pass,-1.6116,3.0
selected_two_stage_av,pass,1.266,6.0
selected_two_stage_av,pass,0.1019,3.0
selected_two_stage_av,pass,-2.2855,7.0
selected_two_stage_av,pass,-0.8126,2.0
selected_two_stage_av,pass,0.1019,8.0
selected_two_stage_av,pass,-1.2699,2.0
selected_two_stage_av,pass,0.2504,0.0
selected_two_stage_av,pass,-1.1214,0.0
selected_two_stage_av,pass,1.266,7.0
selected_two_stage_av,pass,-2.5261,4.0
selected_two_stage_av,pass,-0.6641,4.0
selected_two_stage_av,pass,-0.4475,4.0
selected_two_stage_av,pass,-2.7427,3.0
selected_two_stage_av,pass,0.5591,2.0
selected_two_stage_av,pass,-0.2069,0.0
selected_two_stage_av,pass,1.266,4.0
selected_two_stage_av,pass,1.266,6.0
selected_two_stage_av,pass,-1.1214,0.0
selected_two_stage_av,pass,0.467,0.0
selected_two_stage_av,pass,-1.6116,5.0
selected_two_stage_av,pass,-0.6641,0.0
selected_two_stage_av,pass,0.0098,6.0
selected_two_stage_av,pass,0.1019,5.0
selected_two_stage_av,pass,-1.1214,4.0
selected_two_stage_av,pass,2.1805,7.0
selected_two_stage_av,pass,-0.6641,0.0
selected_two_stage_av,pass,-1.8282,2.0
selected_two_stage_av,pass,-1.1543,3.0
selected_two_stage_av,pass,-1.1214,2.0
selected_two_stage_av,pass,-0.4475,0.0
selected_two_stage_av,pass,-2.7427,3.0
selected_two_stage_av,pass,-0.6641,2.0
selected_two_stage_av,pass,0.0098,1.0
selected_two_stage_av,pass,-0.8126,2.0
selected_two_stage_av,pass,0.5591,0.0
selected_two_stage_av,pass,0.8087,8.0
selected_two_stage_av,pass,0.0098,4.0
selected_two_stage_av,pass,-2.0688,5.0
selected_two_stage_av,pass,0.8087,9.0
selected_two_stage_av,pass,0.8087,2.0
selected_two_stage_av,pass,-0.6641,5.0
selected_two_stage_av,pass,-0.3554,3.0
selected_two_stage_av,pass,-0.4475,2.0
selected_two_stage_av,pass,-0.2069,0.0
selected_two_stage_av,pass,1.7232,3.0
selected_two_stage_av,pass,-0.3554,3.0
selected_two_stage_av,pass,0.0098,8.0
selected_two_stage_av,pass,-0.2069,4.0
selected_two_stage_av,pass,-0.4475,9.0
selected_two_stage_av,pass,1.7232,6.0
selected_two_stage_av,pass,0.467,0.0
selected_two_stage_av,pass,-0.8126,0.0
selected_two_stage_av,pass,0.2504,0.0
selected_two_stage_av,pass,2.6377,4.0
selected_two_stage_av,pass,0.0098,2.0
selected_two_stage_av,pass,-0.2069,2.0
selected_two_stage_av,pass,0.0098,6.0
selected_two_stage_av,pass,-1.1543,7.0
selected_two_stage_av,pass,-2.2855,4.0
selected_two_stage_av,pass,-0.3554,8.0
selected_two_stage_av,pass,-1.1214,3.0
selected_two_stage_av,pass,0.2504,0.0
selected_two_stage_av,pass,1.266,7.0
selected_two_stage_av,pass,-0.6641,0.0
selected_two_stage_av,pass,0.0098,4.0
selected_two_stage_av,pass,-0.3554,0.0
selected_two_stage_av,pass,0.8087,6.0
selected_two_stage_av,pass,-0.8126,0.0
selected_two_stage_av,pass,-1.1214,0.0
selected_two_stage_av,pass,-1.1214,4.0
selected_two_stage_av,pass,1.7232,6.0
selected_two_stage_av,pass,0.0098,0.0
selected_two_stage_av,pass,0.0098,5.0
selected_two_stage_av,pass,0.0098,4.0
selected_two_stage_av,pass,-0.6971,10.0
selected_two_stage_av,pass,-0.3554,0.0
selected_two_stage_av,pass,-0.6641,3.0
selected_two_stage_av,pass,-0.6641,0.0
selected_two_stage_av,pass,-0.4475,6.0
selected_two_stage_av,pass,0.9243,0.0
selected_two_stage_av,pass,-0.2069,0.0
selected_two_stage_av,pass,-1.8282,3.0
selected_two_stage_av,pass,-1.1214,3.0
selected_two_stage_av,pass,-1.371,5.0
selected_two_stage_av,pass,-0.8126,0.0
selected_two_stage_av,pass,-1.1214,3.0
selected_two_stage_av,pass,-2.0688,3.0
selected_two_stage_av,pass,-1.1214,1.0
selected_two_stage_av,pass,-0.3554,2.0
selected_two_stage_av,pass,0.467,1.0
selected_two_stage_av,pass,-0.6641,3.0
selected_two_stage_av,pass,0.0098,0.0
selected_two_stage_av,pass,-0.9047,0.0
selected_two_stage_av,pass,1.266,9.0
selected_two_stage_av,pass,-0.6641,3.0
selected_two_stage_av,pass,-2.2855,2.0
selected_two_stage_av,pass,-0.3554,0.0
selected_two_stage_av,pass,-0.6641,0.0
selected_two_stage_av,pass,0.0098,7.0
selected_two_stage_av,pass,0.0098,4.0
selected_two_stage_av,pass,0.0098,0.0
selected_two_stage_av,pass,0.8087,5.0
selected_two_stage_av,pass,0.467,8.0
selected_two_stage_av,pass,0.9243,0.0
selected_two_stage_av,pass,-0.2069,4.0
selected_two_stage_av,pass,-0.4475,0.0
selected_two_stage_av,pass,-0.3554,7.0
selected_two_stage_av,pass,0.0098,2.0
selected_two_stage_av,pass,0.467,0.0
selected_two_stage_av,pass,-0.3554,5.0
selected_two_stage_av,pass,-1.1543,4.0
selected_two_stage_av,pass,1.266,8.0
selected_two_stage_av,pass,-1.1214,1.0
selected_two_stage_av,pass,-1.8282,5.0
selected_two_stage_av,pass,-0.2069,3.0
selected_two_stage_av,pass,0.5591,0.0
selected_two_stage_av,pass,-1.1214,0.0
selected_two_stage_av,pass,0.8087,4.0
selected_two_stage_av,pass,-0.2069,2.0
selected_two_stage_av,pass,-2.7427,4.0
selected_two_stage_av,pass,0.8087,7.0
selected_two_stage_av,pass,0.5591,0.0
selected_two_stage_av,pass,-2.0688,6.0
selected_two_stage_av,pass,-0.8126,3.0
selected_two_stage_av,pass,-1.1543,4.0
selected_two_stage_av,pass,-2.2855,4.0
selected_two_stage_av,pass,-1.8282,3.0
selected_two_stage_av,pass,-1.8282,4.0
selected_two_stage_av,pass,-1.8282,4.0
selected_two_stage_av,pass,-0.6641,0.0
selected_two_stage_av,pass,1.266,5.0
selected_two_stage_av,pass,-1.8282,3.0
selected_two_stage_av,pass,2.1805,7.0
selected_two_stage_av,pass,-0.6641,0.0
selected_two_stage_av,pass,0.1019,0.0
selected_two_stage_av,pass,-0.8126,7.0
selected_two_stage_av,pass,0.0098,0.0
selected_two_stage_av,pass,-0.4475,0.0
selected_two_stage_av,pass,0.8087,7.0
selected_two_stage_av,pass,-1.2699,5.0
selected_two_stage_av,pass,-2.7427,2.0
selected_two_stage_av,pass,0.0098,0.0
selected_two_stage_av,pass,-0.2069,3.0
selected_two_stage_av,pass,1.266,9.0
selected_two_stage_av,pass,0.1019,7.0
selected_two_stage_av,pass,0.0098,6.0
selected_two_stage_av,pass,2.1805,5.0
selected_two_stage_av,pass,-1.2699,4.0
selected_two_stage_av,pass,-1.6116,1.0
selected_two_stage_av,pass,1.266,6.0
selected_two_stage_av,pass,-1.6116,1.0
selected_two_stage_av,pass,-2.0688,2.0
selected_two_stage_av,pass,0.9243,8.0
selected_two_stage_av,pass,-0.6641,6.0
selected_two_stage_av,pass,-1.8282,5.0
selected_two_stage_av,pass,0.1019,0.0
selected_two_stage_av,pass,-0.8126,7.0
selected_two_stage_av,pass,-2.2855,4.0
selected_two_stage_av,pass,-0.8126,4.0
selected_two_stage_av,pass,-1.1214,0.0
selected_two_stage_av,pass,-0.2069,2.0
selected_two_stage_av,pass,-0.2069,0.0
selected_two_stage_av,pass,0.5591,8.0
selected_two_stage_av,pass,0.9243,4.0
selected_two_stage_av,pass,-2.2855,3.0
selected_two_stage_av,pass,-0.8126,5.0
selected_two_stage_av,pass,-0.3554,3.0
selected_two_stage_av,pass,1.7232,7.0
selected_two_stage_av,pass,-0.2069,0.0
selected_two_stage_av,pass,-0.3554,5.0
selected_two_stage_av,pass,-1.6116,2.0
selected_two_stage_av,pass,1.7232,6.0
selected_two_stage_av,pass,0.467,4.0
selected_two_stage_av,pass,-0.2069,0.0
selected_two_stage_av,pass,-0.6641,5.0
selected_two_stage_av,pass,-0.8126,1.0
selected_two_stage_av,pass,-1.1543,3.0
selected_two_stage_av,pass,0.0098,0.0
selected_two_stage_av,pass,1.7232,9.0
selected_two_stage_av,pass,-2.2855,3.0
selected_two_stage_av,pass,-1.1214,0.0
selected_two_stage_av,pass,1.266,8.0
selected_two_stage_av,pass,-0.3554,3.0
selected_two_stage_av,pass,-0.3554,0.0
selected_two_stage_av,pass,-0.9138,1.0
selected_two_stage_av,pass,-0.4475,8.0
selected_two_stage_av,pass,-0.6641,4.0
selected_two_stage_av,pass,-1.1214,0.0
selected_two_stage_av,pass,-2.0688,3.0
selected_two_stage_av,pass,2.6377,7.0
selected_two_stage_av,pass,-0.3554,3.0
selected_two_stage_av,pass,0.8087,7.0
selected_two_stage_av,pass,1.266,4.0
selected_two_stage_av,pass,-1.1543,4.0
selected_two_stage_av,pass,0.9243,0.0
selected_two_stage_av,pass,-2.7427,1.0
selected_two_stage_av,pass,-0.6641,4.0
selected_two_stage_av,pass,-1.2699,4.0
selected_two_stage_av,pass,-0.6641,0.0
selected_two_stage_av,pass,-0.2399,4.0
selected_two_stage_av,pass,0.1019,4.0
selected_two_stage_av,pass,1.7232,9.0
selected_two_stage_av,pass,0.9243,0.0
selected_two_stage_av,pass,0.5591,5.0
selected_two_stage_av,pass,0.1019,7.0
selected_two_stage_av,pass,1.266,7.0
selected_two_stage_av,pass,0.1019,0.0
selected_two_stage_av,pass,0.467,0.0
selected_two_stage_av,pass,-2.7427,5.0
selected_two_stage_av,pass,-1.1214,0.0
selected_two_stage_av,pass,-0.4475,0.0
selected_two_stage_av,pass,0.1019,4.0
selected_two_stage_av,pass,-1.6116,2.0
selected_two_stage_av,pass,-0.8126,8.0
selected_two_stage_av,pass,-0.9047,5.0
selected_two_stage_av,pass,-0.4475,6.0
selected_two_stage_av,pass,-1.2699,1.0
selected_two_stage_av,pass,-1.1214,5.0
selected_two_stage_av,pass,-0.4475,8.0
selected_two_stage_av,pass,-0.3554,5.0
selected_two_stage_av,pass,-0.2069,5.0
selected_two_stage_av,pass,-0.4475,0.0
selected_two_stage_av,pass,-0.9047,7.0
selected_two_stage_av,pass,0.2504,4.0
selected_two_stage_av,pass,-0.8126,4.0
selected_two_stage_av,pass,-0.2069,2.0
selected_two_stage_av,pass,-0.6641,5.0
selected_two_stage_av,pass,-2.7427,2.0
selected_two_stage_av,pass,-0.6641,0.0
selected_two_stage_av,pass,-2.7427,2.0
selected_two_stage_av,pass,-0.6971,4.0
selected_two_stage_av,pass,-0.2069,4.0
selected_two_stage_av,pass,0.0098,0.0
selected_two_stage_av,pass,-2.2855,4.0
selected_two_stage_av,pass,-1.2699,0.0
selected_two_stage_av,pass,0.0098,8.0
selected_two_stage_av,pass,-0.2069,0.0
selected_two_stage_av,pass,-0.8126,4.0
selected_two_stage_av,pass,-1.1214,0.0
selected_two_stage_av,pass,-0.4475,6.0
selected_two_stage_av,pass,-0.6641,0.0
selected_two_stage_av,pass,1.0163,0.0
selected_two_stage_av,pass,-1.1214,0.0
selected_two_stage_av,pass,-2.7427,4.0
selected_two_stage_av,pass,1.266,8.0
selected_two_stage_av,pass,0.1019,3.0
selected_two_stage_av,pass,-0.9047,8.0
selected_two_stage_av,pass,-0.3554,9.0
selected_two_stage_av,pass,-2.2855,4.0
selected_two_stage_av,pass,1.7232,9.0
selected_two_stage_av,pass,2.1805,7.0
selected_two_stage_av,pass,-0.3554,2.0
selected_two_stage_av,pass,-2.5261,1.0
selected_two_stage_av,pass,1.266,7.0
selected_two_stage_av,pass,-2.0688,2.0
selected_two_stage_av,pass,-1.5786,2.0
selected_two_stage_av,pass,-1.2699,5.0
selected_two_stage_av,pass,1.8387,0.0
selected_two_stage_av,pass,1.7232,8.0
selected_two_stage_av,pass,1.266,7.0
selected_two_stage_av,pass,0.0098,0.0
selected_two_stage_av,pass,-0.8126,5.0
selected_two_stage_av,pass,0.3515,4.0
selected_two_stage_av,pass,-1.1543,2.0
selected_two_stage_av,pass,1.266,5.0
selected_two_stage_av,pass,-0.2069,1.0
selected_two_stage_av,pass,-1.1543,5.0
selected_two_stage_av,pass,-0.4475,1.0
selected_two_stage_av,pass,0.0098,5.0
selected_two_stage_av,pass,-0.6641,0.0
selected_two_stage_av,pass,0.467,0.0
selected_two_stage_av,pass,0.467,0.0
selected_two_stage_av,pass,-2.2855,1.0
selected_two_stage_av,pass,-2.7427,1.0
selected_two_stage_av,pass,-1.5786,5.0
selected_two_stage_av,pass,-1.1543,4.0
selected_two_stage_av,pass,-0.2069,5.0
selected_two_stage_av,pass,-0.6641,5.0
selected_two_stage_av,pass,-2.7427,1.0
selected_two_stage_av,pass,1.7232,5.0
selected_two_stage_av,pass,1.266,7.0
selected_two_stage_av,pass,0.467,7.0
selected_two_stage_av,pass,-0.8126,5.0
selected_two_stage_av,pass,0.8087,9.0
selected_two_stage_av,pass,-0.6641,7.0
selected_two_stage_av,pass,-0.6641,0.0
selected_two_stage_av,pass,0.1019,6.0
selected_two_stage_av,pass,-0.6641,4.0
selected_two_stage_av,pass,1.3815,4.0
selected_two_stage_av,pass,1.7232,6.0
selected_two_stage_av,pass,-1.8282,6.0
selected_two_stage_av,pass,0.8087,5.0
selected_two_stage_av,pass,-0.3554,5.0
selected_two_stage_av,pass,-2.7427,4.0
selected_two_stage_av,pass,0.467,0.0
selected_two_stage_av,pass,1.266,7.0
selected_two_stage_av,pass,0.8087,5.0
selected_two_stage_av,pass,-0.8126,3.0
selected_two_stage_av,pass,0.1019,8.0
selected_two_stage_av,pass,-0.9047,8.0
selected_two_stage_av,pass,-2.2855,2.0
selected_two_stage_av,pass,-0.8126,2.0
selected_two_stage_av,pass,0.8087,6.0
selected_two_stage_av,pass,1.266,6.0
selected_two_stage_av,pass,-0.3554,5.0
selected_two_stage_av,pass,0.0098,6.0
selected_two_stage_av,pass,0.0098,10.0
selected_two_stage_av,pass,-0.2069,4.0
selected_two_stage_av,pass,-0.8126,7.0
selected_two_stage_av,pass,1.266,9.0
selected_two_stage_av,pass,-0.6641,0.0
selected_two_stage_av,pass,-2.2855,6.0
selected_two_stage_av,pass,-0.3554,0.0
selected_two_stage_av,pass,-0.8126,3.0
selected_two_stage_av,pass,-1.2699,1.0
selected_two_stage_av,pass,-0.2069,0.0
selected_two_stage_av,pass,-1.1543,5.0
selected_two_stage_av,pass,-2.0688,1.0
selected_two_stage_av,pass,-0.3554,5.0
selected_two_stage_av,pass,1.7232,8.0
selected_two_stage_av,pass,-2.0688,7.0
selected_two_stage_av,pass,-0.3554,3.0
selected_two_stage_av,pass,-0.3554,0.0
selected_two_stage_av,pass,0.1019,5.0
selected_two_stage_av,pass,-0.3554,8.0
selected_two_stage_av,pass,0.8087,8.0
selected_two_stage_av,pass,-3.2,4.0
selected_two_stage_av,pass,-0.4475,0.0
selected_two_stage_av,pass,0.3515,6.0
selected_two_stage_av,pass,-0.6641,0.0
selected_two_stage_av,pass,-1.1214,0.0
selected_two_stage_av,pass,-0.8126,4.0
selected_two_stage_av,pass,-0.8126,5.0
selected_two_stage_av,pass,-1.1214,4.0
selected_two_stage_av,pass,0.3515,1.0
selected_two_stage_av,pass,-1.1214,3.0
selected_two_stage_av,pass,-0.6641,0.0
selected_two_stage_av,pass,1.7232,5.0
selected_two_stage_av,pass,0.3515,5.0
selected_two_stage_av,pass,-0.3554,7.0
selected_two_stage_av,pass,0.467,7.0
selected_two_stage_av,pass,-0.6641,0.0
selected_two_stage_av,pass,-1.1543,4.0
selected_two_stage_av,pass,-1.8282,5.0
selected_two_stage_av,pass,0.1019,0.0
selected_two_stage_av,pass,0.8087,7.0
selected_two_stage_av,pass,0.1019,3.0
selected_two_stage_av,pass,-1.1214,1.0
selected_two_stage_av,pass,-1.2699,8.0
selected_two_stage_av,pass,-0.3554,4.0
selected_two_stage_av,pass,-1.6116,2.0
selected_two_stage_av,pass,-0.2069,0.0
selected_two_stage_av,pass,-0.8126,0.0
selected_two_stage_av,pass,-2.7427,4.0
selected_two_stage_av,pass,-1.5786,0.0
selected_two_stage_av,pass,-0.2069,0.0
selected_two_stage_av,pass,-0.8126,0.0
selected_two_stage_av,pass,-0.2069,0.0
selected_two_stage_av,pass,-0.3554,0.0
selected_two_stage_av,pass,-3.2,4.0
selected_two_stage_av,pass,-0.4475,3.0
selected_two_stage_av,pass,-2.7427,2.0
selected_two_stage_av,pass,-0.3554,7.0
selected_two_stage_av,pass,-0.3554,0.0
selected_two_stage_av,pass,-1.1214,3.0
selected_two_stage_av,pass,-0.6641,0.0
selected_two_stage_av,pass,-1.1543,3.0
selected_two_stage_av,pass,0.2174,4.0
selected_two_stage_av,pass,0.8087,7.0
selected_two_stage_av,pass,-1.8282,3.0
selected_two_stage_av,pass,-0.3554,0.0
selected_two_stage_av,pass,-2.0688,4.0
selected_two_stage_av,pass,-1.2699,4.0
selected_two_stage_av,pass,0.2504,0.0
selected_two_stage_av,pass,-2.2855,4.0
selected_two_stage_av,pass,-0.3554,1.0
selected_two_stage_av,pass,-1.371,5.0
selected_two_stage_av,pass,-0.4475,0.0
selected_two_stage_av,pass,-0.4475,3.0
selected_two_stage_av,pass,0.0098,2.0
selected_two_stage_av,pass,-0.6641,0.0
selected_two_stage_av,pass,-0.3554,7.0
selected_two_stage_av,pass,-1.2699,0.0
selected_two_stage_av,pass,0.9243,3.0
selected_two_stage_av,pass,-0.8126,0.0
selected_two_stage_av,pass,-0.9138,3.0
selected_two_stage_av,pass,0.467,0.0
selected_two_stage_av,pass,-1.1543,2.0
selected_two_stage_av,pass,2.1805,6.0
selected_two_stage_av,pass,-0.6971,5.0
selected_two_stage_av,pass,-0.3554,3.0
selected_two_stage_av,pass,-0.8126,0.0
selected_two_stage_av,pass,0.1019,3.0
selected_two_stage_av,pass,-0.2069,6.0
selected_two_stage_av,pass,0.467,7.0
selected_two_stage_av,pass,0.467,2.0
selected_two_stage_av,pass,0.3515,5.0
selected_two_stage_av,pass,-1.1543,3.0
selected_two_stage_av,pass,-0.3554,5.0
selected_two_stage_av,pass,-1.1214,0.0
selected_two_stage_av,pass,0.8087,6.0
selected_two_stage_av,pass,-1.371,2.0
selected_two_stage_av,pass,-0.6641,0.0
selected_two_stage_av,pass,-1.5786,2.0
selected_two_stage_av,pass,-2.7427,1.0
selected_two_stage_av,pass,0.1019,5.0
selected_two_stage_av,pass,-1.2699,4.0
selected_two_stage_av,pass,0.8087,8.0
selected_two_stage_av,pass,-1.6116,4.0
selected_two_stage_av,pass,0.467,7.0
selected_two_stage_av,pass,1.266,6.0
selected_two_stage_av,pass,-0.4475,6.0
selected_two_stage_av,pass,2.1805,5.0
selected_two_stage_av,pass,-0.6641,4.0
selected_two_stage_av,pass,0.1019,4.0
selected_two_stage_av,pass,0.8087,7.0
selected_two_stage_av,pass,-1.1543,2.0
selected_two_stage_av,pass,1.266,6.0
selected_two_stage_av,pass,-0.3554,3.0
selected_two_stage_av,pass,-0.2069,2.0
selected_two_stage_av,pass,-2.2855,3.0
selected_two_stage_av,pass,-0.2069,0.0
selected_two_stage_av,pass,-0.3554,3.0
selected_two_stage_av,pass,-0.2069,1.0
selected_two_stage_av,pass,1.266,6.0
selected_two_stage_av,pass,-0.4475,2.0
selected_two_stage_av,pass,1.266,5.0
selected_two_stage_av,pass,-2.7427,2.0
selected_two_stage_av,pass,-1.6116,3.0
selected_two_stage_av,pass,1.7232,7.0
selected_two_stage_av,pass,-0.3554,4.0
selected_two_stage_av,pass,-0.4475,4.0
selected_two_stage_av,pass,-0.6641,3.0
selected_two_stage_av,pass,-0.4475,5.0
selected_two_stage_av,pass,0.8087,4.0
selected_two_stage_av,pass,0.5591,0.0
selected_two_stage_av,pass,0.1019,6.0
selected_two_stage_av,pass,0.8087,5.0
selected_two_stage_av,pass,0.1019,4.0
selected_two_stage_av,pass,2.1805,7.0
selected_two_stage_av,pass,0.3515,6.0
selected_two_stage_av,pass,-2.0688,4.0
selected_two_stage_av,pass,-0.2069,3.0
selected_two_stage_av,pass,-1.1214,4.0
selected_two_stage_av,pass,-2.0688,4.0
selected_two_stage_av,pass,-0.3554,0.0
selected_two_stage_av,pass,-1.5786,3.0
selected_two_stage_av,pass,-0.6641,0.0
selected_two_stage_av,pass,-0.8126,3.0
selected_two_stage_av,pass,0.9243,0.0
selected_two_stage_av,pass,0.7076,4.0
selected_two_stage_av,pass,-0.6641,6.0
selected_two_stage_av,pass,0.1019,8.0
selected_two_stage_av,pass,-1.8282,4.0
selected_two_stage_av,pass,0.5591,3.0
selected_two_stage_av,pass,-0.3554,6.0
selected_two_stage_av,pass,1.266,9.0
selected_two_stage_av,pass,0.1019,0.0
selected_two_stage_av,pass,-2.5261,4.0
selected_two_stage_av,pass,-0.2069,0.0
selected_two_stage_av,pass,-0.2069,0.0
selected_two_stage_av,pass,0.2504,0.0
selected_two_stage_av,pass,-0.3554,2.0
selected_two_stage_av,pass,-0.3554,0.0
selected_two_stage_av,pass,-0.6641,0.0
selected_two_stage_av,pass,-1.8282,4.0
selected_two_stage_av,pass,1.7232,8.0
selected_two_stage_av,pass,0.0098,0.0
selected_two_stage_av,pass,-0.6641,2.0
selected_two_stage_av,pass,0.8087,6.0
selected_two_stage_av,pass,-0.4475,3.0
selected_two_stage_av,pass,-0.3554,4.0
selected_two_stage_av,pass,-2.2855,4.0
selected_two_stage_av,pass,-1.6116,4.0
selected_two_stage_av,pass,1.266,7.0
selected_two_stage_av,pass,-0.8126,0.0
selected_two_stage_av,pass,1.7232,8.0
selected_two_stage_av,pass,0.5591,4.0
selected_two_stage_av,pass,-2.2855,5.0
selected_two_stage_av,pass,-0.4475,0.0
selected_two_stage_av,pass,2.1805,6.0
selected_two_stage_av,pass,-1.1214,0.0
selected_two_stage_av,pass,0.5591,0.0
selected_two_stage_av,pass,-0.3554,3.0
selected_two_stage_av,pass,-0.4475,6.0
selected_two_stage_av,pass,-1.1543,2.0
selected_two_stage_av,pass,-0.8126,6.0
selected_two_stage_av,pass,0.8087,5.0
selected_two_stage_av,pass,-1.1214,0.0
selected_two_stage_av,pass,1.7232,6.0
selected_two_stage_av,pass,-1.6116,4.0
selected_two_stage_av,pass,-2.7427,4.0
selected_two_stage_av,pass,-2.2855,5.0
selected_two_stage_av,pass,-2.7427,3.0
selected_two_stage_av,pass,-0.3554,7.0
selected_two_stage_av,pass,-0.6641,0.0
selected_two_stage_av,pass,-1.8282,5.0
selected_two_stage_av,pass,-2.7427,4.0
selected_two_stage_av,pass,-1.1214,0.0
selected_two_stage_av,pass,0.8087,5.0
selected_two_stage_av,pass,0.467,0.0
selected_two_stage_av,pass,-1.8282,3.0
selected_two_stage_av,pass,0.1019,0.0
selected_two_stage_av,pass,1.7232,8.0
selected_two_stage_av,pass,-1.5786,0.0
selected_two_stage_av,pass,1.266,7.0
selected_two_stage_av,pass,0.0098,5.0
selected_two_stage_av,pass,-2.0688,6.0
selected_two_stage_av,pass,-1.1543,2.0
selected_two_stage_av,pass,-1.1214,1.0
selected_two_stage_av,pass,-0.2069,6.0
selected_two_stage_av,pass,-0.3554,4.0
selected_two_stage_av,pass,0.5591,0.0
selected_two_stage_av,pass,0.467,0.0
selected_two_stage_av,pass,0.5591,4.0
selected_two_stage_av,pass,-1.1214,7.0
selected_two_stage_av,pass,-0.3554,0.0
selected_two_stage_av,pass,-0.6641,0.0
selected_two_stage_av,pass,-0.9047,4.0
selected_two_stage_av,pass,-0.3554,0.0
selected_two_stage_av,pass,0.0098,9.0
selected_two_stage_av,pass,0.0098,2.0
selected_two_stage_av,pass,-0.6641,0.0
selected_two_stage_av,pass,-1.1543,4.0
selected_two_stage_av,pass,-1.2699,0.0
selected_two_stage_av,pass,-0.9047,7.0
selected_two_stage_av,pass,1.7232,5.0
selected_two_stage_av,pass,-0.8126,0.0
selected_two_stage_av,pass,-0.6641,0.0
selected_two_stage_av,pass,-0.8126,6.0
selected_two_stage_av,pass,-0.4475,0.0
selected_two_stage_av,pass,0.5591,0.0
selected_two_stage_av,pass,-1.8282,3.0
selected_two_stage_av,pass,-0.6641,2.0
selected_two_stage_av,pass,-0.3554,6.0
selected_two_stage_av,pass,-0.9047,5.0
selected_two_stage_av,pass,-0.4475,4.0
selected_two_stage_av,pass,-0.3554,1.0
selected_two_stage_av,pass,-1.2699,1.0
selected_two_stage_av,pass,-0.3554,5.0
selected_two_stage_av,pass,0.9243,2.0
selected_two_stage_av,pass,-2.0688,4.0
selected_two_stage_av,pass,-2.7427,2.0
selected_two_stage_av,pass,-2.7427,4.0
selected_two_stage_av,pass,0.1019,5.0
selected_two_stage_av,pass,0.3515,5.0
selected_two_stage_av,pass,-2.0688,4.0
selected_two_stage_av,pass,1.7232,8.0
selected_two_stage_av,pass,0.467,0.0
selected_two_stage_av,pass,-0.6641,0.0
selected_two_stage_av,pass,-0.2069,0.0
selected_two_stage_av,pass,-1.8282,4.0
selected_two_stage_av,pass,0.0098,0.0
selected_two_stage_av,pass,0.1019,6.0
selected_two_stage_av,pass,-2.0688,4.0
selected_two_stage_av,pass,-1.8282,4.0
selected_two_stage_av,pass,-0.3554,7.0
selected_two_stage_av,pass,-1.5786,1.0
selected_two_stage_av,pass,0.8087,7.0
selected_two_stage_av,pass,-2.7427,3.0
selected_two_stage_av,pass,-1.1214,0.0
selected_two_stage_av,pass,1.266,6.0
selected_two_stage_av,pass,0.0098,4.0
selected_two_stage_av,pass,-1.8282,2.0
selected_two_stage_av,pass,-1.8282,3.0
selected_two_stage_av,pass,-0.9047,4.0
selected_two_stage_av,pass,-2.2855,3.0
selected_two_stage_av,pass,-0.8126,0.0
selected_two_stage_av,pass,-0.6641,0.0
selected_two_stage_av,pass,-1.8282,4.0
selected_two_stage_av,pass,0.467,3.0
selected_two_stage_av,pass,-0.6641,0.0
selected_two_stage_av,pass,-0.8126,1.0
selected_two_stage_av,pass,-1.1214,1.0
selected_two_stage_av,pass,-0.2069,0.0
selected_two_stage_av,pass,0.5591,3.0
selected_two_stage_av,pass,1.266,5.0
selected_two_stage_av,pass,2.6377,9.0
selected_two_stage_av,pass,0.8087,5.0
selected_two_stage_av,pass,0.0098,0.0
selected_two_stage_av,pass,-0.8126,1.0
selected_two_stage_av,pass,-1.6116,3.0
selected_two_stage_av,pass,0.0098,0.0
selected_two_stage_av,pass,-2.7427,4.0
selected_two_stage_av,pass,-0.2069,0.0
selected_two_stage_av,pass,-1.1214,6.0
selected_two_stage_av,pass,-2.2855,2.0
selected_two_stage_av,pass,1.266,5.0
selected_two_stage_av,pass,-1.6116,3.0
selected_two_stage_av,pass,-0.3554,3.0
selected_two_stage_av,pass,-2.2855,5.0
selected_two_stage_av,pass,0.2504,3.0
selected_two_stage_av,pass,-0.9047,0.0
selected_two_stage_av,pass,-0.2069,0.0
selected_two_stage_av,pass,-0.6641,0.0
selected_two_stage_av,pass,-0.3554,6.0
selected_two_stage_av,pass,-2.5261,4.0
selected_two_stage_av,pass,-0.2069,2.0
selected_two_stage_av,pass,-0.8126,0.0
selected_two_stage_av,pass,-0.3554,1.0
selected_two_stage_av,pass,-0.3554,3.0
selected_two_stage_av,pass,-0.6641,0.0
selected_two_stage_av,pass,-1.1214,0.0
selected_two_stage_av,pass,-0.3554,8.0
selected_two_stage_av,pass,1.7232,2.0
selected_two_stage_av,pass,-1.1214,0.0
selected_two_stage_av,pass,-0.3554,2.0
selected_two_stage_av,pass,0.1019,7.0
selected_two_stage_av,pass,-0.3554,0.0
selected_two_stage_av,pass,-0.3554,2.0
selected_two_stage_av,pass,-1.5786,0.0
selected_two_stage_av,pass,-0.3554,6.0
selected_two_stage_av,pass,-0.3554,7.0
selected_two_stage_av,pass,-2.7427,1.0
selected_two_stage_av,pass,-1.8282,2.0
selected_two_stage_av,pass,-2.0688,2.0
selected_two_stage_av,pass,-2.7427,4.0
selected_two_stage_av,pass,0.1019,6.0
selected_two_stage_av,pass,-0.3554,2.0
selected_two_stage_av,pass,-2.7427,6.0
selected_two_stage_av,pass,-1.1543,3.0
selected_two_stage_av,pass,-0.3554,4.0
selected_two_stage_av,pass,0.9243,0.0
selected_two_stage_av,pass,-0.6641,0.0
selected_two_stage_av,pass,-0.6641,0.0
selected_two_stage_av,pass,-1.371,3.0
selected_two_stage_av,pass,-1.1214,3.0
selected_two_stage_av,pass,-0.4475,0.0
selected_two_stage_av,pass,-1.1214,1.0
selected_two_stage_av,pass,-1.1214,2.0
selected_two_stage_av,pass,-2.0688,3.0
selected_two_stage_av,pass,-1.1214,0.0
selected_two_stage_av,pass,0.0098,3.0
selected_two_stage_av,pass,0.467,0.0
selected_two_stage_av,pass,0.0098,0.0
selected_two_stage_av,pass,-2.2855,3.0
selected_two_stage_av,pass,-0.6641,0.0
selected_two_stage_av,pass,0.5591,4.0
selected_two_stage_av,pass,-1.371,5.0
selected_two_stage_av,pass,-2.2855,1.0
selected_two_stage_av,pass,0.0098,0.0
selected_two_stage_av,pass,1.266,8.0
selected_two_stage_av,pass,0.8087,5.0
selected_two_stage_av,pass,0.467,2.0
selected_two_stage_av,pass,-0.6641,0.0
selected_two_stage_av,pass,-0.4475,0.0
selected_two_stage_av,pass,-0.6641,3.0
selected_two_stage_av,pass,-1.5786,0.0
selected_two_stage_av,pass,-1.6116,0.0
selected_two_stage_av,pass,2.1805,4.0
selected_two_stage_av,pass,-1.6116,2.0
selected_two_stage_av,pass,-0.3554,0.0
selected_two_stage_av,pass,0.467,0.0
selected_two_stage_av,pass,-0.8126,3.0
selected_two_stage_av,pass,1.7232,7.0
selected_two_stage_av,pass,-0.3554,3.0
selected_two_stage_av,pass,-1.6116,2.0
selected_two_stage_av,pass,0.1019,4.0
selected_two_stage_av,pass,0.1019,3.0
selected_two_stage_av,pass,-2.7427,5.0
selected_two_stage_av,pass,-0.8126,3.0
selected_two_stage_av,pass,-2.2855,3.0
selected_two_stage_av,pass,-0.3554,3.0
selected_two_stage_av,pass,1.266,7.0
selected_two_stage_av,pass,-2.2855,5.0
selected_two_stage_av,pass,-1.8282,1.0
selected_two_stage_av,pass,-2.0688,5.0
selected_two_stage_av,pass,0.0098,7.0
selected_two_stage_av,pass,-2.5261,2.0
selected_two_stage_av,pass,-0.3554,4.0
selected_two_stage_av,pass,-1.8282,5.0
selected_two_stage_av,pass,0.5591,0.0
selected_two_stage_av,pass,-0.3554,5.0
selected_two_stage_av,pass,-2.7427,3.0
selected_two_stage_av,pass,-0.3554,5.0
selected_two_stage_av,pass,-0.4475,6.0
selected_two_stage_av,pass,-0.2069,0.0
selected_two_stage_av,pass,-0.6641,0.0
selected_two_stage_av,pass,-1.2699,5.0
selected_two_stage_av,pass,-1.8282,4.0
selected_two_stage_av,pass,0.7076,3.0
selected_two_stage_av,pass,-0.3554,3.0
selected_two_stage_av,pass,1.7232,8.0
selected_two_stage_av,pass,1.266,7.0
selected_two_stage_av,pass,0.8087,8.0
selected_two_stage_av,pass,-0.8126,2.0
selected_two_stage_av,pass,1.7232,7.0
selected_two_stage_av,pass,0.0098,2.0
selected_two_stage_av,pass,0.0098,0.0
selected_two_stage_av,pass,-1.1214,3.0
selected_two_stage_av,pass,0.467,5.0
selected_two_stage_av,pass,-0.8126,3.0
selected_two_stage_av,pass,0.1019,6.0
selected_two_stage_av,pass,0.0098,7.0
selected_two_stage_av,pass,0.9243,8.0
selected_two_stage_av,pass,-0.6641,0.0
selected_two_stage_av,pass,0.0098,0.0
selected_two_stage_av,pass,-1.1214,0.0
selected_two_stage_av,pass,-2.5261,4.0
selected_two_stage_av,pass,-0.2069,0.0
selected_two_stage_av,pass,-0.3554,0.0
selected_two_stage_av,pass,-0.3554,2.0
selected_two_stage_av,pass,0.8087,6.0
selected_two_stage_av,pass,0.1019,0.0
selected_two_stage_av,pass,-0.4475,0.0
selected_two_stage_av,pass,-2.7427,6.0
selected_two_stage_av,pass,0.467,0.0
selected_two_stage_av,pass,-0.6641,2.0
selected_two_stage_av,pass,1.7232,6.0
selected_two_stage_av,pass,0.5591,0.0
selected_two_stage_av,pass,-2.2855,3.0
selected_two_stage_av,pass,-1.371,2.0
selected_two_stage_av,pass,0.467,0.0
selected_two_stage_av,pass,-0.6641,7.0
selected_two_stage_av,pass,0.8087,6.0
selected_two_stage_av,pass,0.8087,8.0
selected_two_stage_av,pass,-0.3554,8.0
selected_two_stage_av,pass,0.1019,2.0
selected_two_stage_av,pass,-0.2069,2.0
selected_two_stage_av,pass,-2.2855,4.0
selected_two_stage_av,pass,-2.2855,2.0
selected_two_stage_av,pass,-0.8126,5.0
selected_two_stage_av,pass,1.266,9.0
selected_two_stage_av,pass,-0.2069,3.0
selected_two_stage_av,pass,0.9243,4.0
selected_two_stage_av,pass,-3.2,2.0
selected_two_stage_av,pass,0.1019,9.0
selected_two_stage_av,pass,-0.4475,7.0
selected_two_stage_av,pass,0.0098,0.0
selected_two_stage_av,pass,0.1019,4.0
selected_two_stage_av,pass,-0.4475,5.0
selected_two_stage_av,pass,0.0098,0.0
selected_two_stage_av,pass,-0.3554,4.0
selected_two_stage_av,pass,1.266,8.0
selected_two_stage_av,pass,2.1805,8.0
selected_two_stage_av,pass,1.266,7.0
selected_two_stage_av,pass,-1.2699,4.0
selected_two_stage_av,pass,0.0098,0.0
selected_two_stage_av,pass,1.7232,8.0
selected_two_stage_av,pass,0.5591,3.0
selected_two_stage_av,pass,-0.6641,4.0
selected_two_stage_av,pass,1.266,6.0
selected_two_stage_av,pass,0.5591,2.0
selected_two_stage_av,pass,-0.8126,7.0
selected_two_stage_av,pass,-0.9047,6.0
selected_two_stage_av,pass,0.1019,3.0
selected_two_stage_av,pass,1.7232,6.0
selected_two_stage_av,pass,-0.9047,6.0
selected_two_stage_av,pass,0.0098,0.0
selected_two_stage_av,pass,-0.6641,2.0
selected_two_stage_av,pass,-0.8126,5.0
selected_two_stage_av,pass,-0.6641,5.0
selected_two_stage_av,pass,-0.8126,0.0
selected_two_stage_av,pass,-0.8126,0.0
selected_two_stage_av,pass,0.8087,7.0
selected_two_stage_av,pass,-2.7427,2.0
selected_two_stage_av,pass,0.0098,4.0
selected_two_stage_av,pass,0.1019,4.0
selected_two_stage_av,pass,-2.2855,2.0
selected_two_stage_av,pass,0.8087,7.0
selected_two_stage_av,pass,-0.3554,1.0
selected_two_stage_av,pass,-0.6641,3.0
selected_two_stage_av,pass,-0.8126,1.0
selected_two_stage_av,pass,0.8087,6.0
selected_two_stage_av,pass,-0.2069,0.0
selected_two_stage_av,pass,-1.1543,2.0
selected_two_stage_av,pass,-0.2069,0.0
selected_two_stage_av,pass,-0.8126,6.0
selected_two_stage_av,pass,0.8087,8.0
selected_two_stage_av,pass,0.1019,0.0
selected_two_stage_av,pass,-1.1543,3.0
selected_two_stage_av,pass,-1.1214,5.0
selected_two_stage_av,pass,0.1019,2.0
selected_two_stage_av,pass,0.9243,0.0
selected_two_stage_av,pass,0.0098,2.0
selected_two_stage_av,pass,-0.2069,2.0
selected_two_stage_av,pass,-1.6116,2.0
selected_two_stage_av,pass,0.3515,5.0
selected_two_stage_av,pass,-1.1214,0.0
selected_two_stage_av,pass,-1.371,2.0
selected_two_stage_av,pass,-2.0688,3.0
selected_two_stage_av,pass,-0.9047,6.0
selected_two_stage_av,pass,-1.371,3.0
selected_two_stage_av,pass,-0.8126,2.0
selected_two_stage_av,pass,-3.2,2.0
selected_two_stage_av,pass,-0.4475,0.0
selected_two_stage_av,pass,0.1019,0.0
selected_two_stage_av,pass,0.0098,7.0
selected_two_stage_av,pass,0.8087,7.0
selected_two_stage_av,pass,-2.2855,6.0
selected_two_stage_av,pass,0.0098,0.0
selected_two_stage_av,pass,-0.3554,0.0
selected_two_stage_av,pass,-0.6641,4.0
selected_two_stage_av,pass,0.1019,5.0
selected_two_stage_av,pass,0.5591,8.0
selected_two_stage_av,pass,-1.371,3.0
selected_two_stage_av,pass,-1.5786,0.0
selected_two_stage_av,pass,0.0098,5.0
selected_two_stage_av,pass,0.0098,0.0
selected_two_stage_av,pass,0.8087,7.0
selected_two_stage_av,pass,0.5591,0.0
selected_two_stage_av,pass,-1.1214,0.0
selected_two_stage_av,pass,-2.0688,2.0
selected_two_stage_av,pass,-1.5786,0.0
selected_two_stage_av,pass,-0.3554,0.0
selected_two_stage_av,pass,-0.4475,8.0
selected_two_stage_av,pass,0.1019,3.0
selected_two_stage_av,pass,-0.3554,3.0
selected_two_stage_av,pass,-1.1214,3.0
selected_two_stage_av,pass,-2.0688,1.0
selected_two_stage_av,pass,-2.7427,3.0
selected_two_stage_av,pass,-0.9047,2.0
selected_two_stage_av,pass,-2.2855,1.0
selected_two_stage_av,pass,-0.2069,6.0
selected_two_stage_av,pass,-1.8282,4.0
selected_two_stage_av,pass,-0.8126,6.0
selected_two_stage_av,pass,-1.1214,0.0
selected_two_stage_av,pass,-0.3554,0.0
selected_two_stage_av,pass,0.1019,0.0
selected_two_stage_av,pass,0.1019,8.0
selected_two_stage_av,pass,-1.1214,0.0
selected_two_stage_av,pass,-0.3554,4.0
selected_two_stage_av,pass,0.1019,0.0
selected_two_stage_av,pass,-0.6641,1.0
selected_two_stage_av,pass,-2.0688,3.0
selected_two_stage_av,pass,0.1019,4.0
selected_two_stage_av,pass,-0.8126,7.0
selected_two_stage_av,pass,-1.1214,0.0
selected_two_stage_av,pass,0.1019,5.0
selected_two_stage_av,pass,1.7232,7.0
selected_two_stage_av,pass,0.8087,4.0
selected_two_stage_av,pass,0.8087,8.0
selected_two_stage_av,pass,-0.4475,0.0
selected_two_stage_av,pass,-0.6641,0.0
selected_two_stage_av,pass,-0.2069,4.0
selected_two_stage_av,pass,-0.4475,0.0
selected_two_stage_av,pass,-2.5261,4.0
selected_two_stage_av,pass,-1.371,3.0
selected_two_stage_av,pass,-0.3554,4.0
selected_two_stage_av,pass,0.0098,0.0
selected_two_stage_av,pass,1.266,6.0
selected_two_stage_av,pass,-0.3554,6.0
selected_two_stage_av,pass,-2.0688,5.0
selected_two_stage_av,pass,1.7232,8.0
selected_two_stage_av,pass,0.1019,9.0
selected_two_stage_av,pass,-2.0688,1.0
selected_two_stage_av,pass,-0.2069,2.0
selected_two_stage_av,pass,2.6377,9.0
selected_two_stage_av,pass,1.266,8.0
selected_two_stage_av,pass,-0.6641,1.0
selected_two_stage_av,pass,-1.1214,4.0
selected_two_stage_av,pass,-0.6641,2.0
selected_two_stage_av,pass,1.7232,3.0
selected_two_stage_av,pass,-0.4475,0.0
selected_two_stage_av,pass,0.8087,4.0
selected_two_stage_av,pass,0.2504,0.0
selected_two_stage_av,pass,-0.8126,6.0
selected_two_stage_av,pass,0.0098,0.0
selected_two_stage_av,pass,0.3515,7.0
selected_two_stage_av,pass,-0.3554,0.0
selected_two_stage_av,pass,-2.7427,3.0
selected_two_stage_av,pass,-0.2069,0.0
selected_two_stage_av,pass,1.266,5.0
selected_two_stage_av,pass,-0.8126,0.0
selected_two_stage_av,pass,0.8087,6.0
selected_two_stage_av,pass,-2.2855,5.0
selected_two_stage_av,pass,-1.1214,4.0
selected_two_stage_av,pass,-0.2069,0.0
selected_two_stage_av,pass,-3.2,5.0
selected_two_stage_av,pass,-0.6971,2.0
selected_two_stage_av,pass,-0.8126,1.0
selected_two_stage_av,pass,1.7232,9.0
selected_two_stage_av,pass,-1.1214,3.0
selected_two_stage_av,pass,-0.3554,0.0
selected_two_stage_av,pass,-0.4475,0.0
selected_two_stage_av,pass,-0.2069,0.0
selected_two_stage_av,pass,-0.4475,4.0
selected_two_stage_av,pass,-0.6641,0.0
selected_two_stage_av,pass,-0.2069,1.0
selected_two_stage_av,pass,-0.2069,4.0
selected_two_stage_av,pass,-0.2069,4.0
selected_two_stage_av,pass,-0.3554,0.0
selected_two_stage_av,pass,-0.3554,0.0
selected_two_stage_av,pass,-1.5786,0.0
selected_two_stage_av,pass,-0.8126,3.0
selected_two_stage_av,pass,-2.7427,3.0
selected_two_stage_av,pass,-0.3554,5.0
selected_two_stage_av,pass,-1.6116,5.0
selected_two_stage_av,pass,-0.3554,2.0
selected_two_stage_av,pass,-0.2069,0.0
selected_two_stage_av,pass,1.266,7.0
selected_two_stage_av,pass,-1.1214,0.0
selected_two_stage_av,pass,-0.3554,5.0
selected_two_stage_av,pass,-1.1214,3.0
selected_two_stage_av,pass,0.0098,3.0
selected_two_stage_av,pass,-0.3554,4.0
selected_two_stage_av,pass,0.0098,4.0
selected_two_stage_av,pass,-0.6641,0.0
selected_two_stage_av,pass,-2.2855,3.0
selected_two_stage_av,pass,-2.7427,4.0
selected_two_stage_av,pass,-0.8126,3.0
selected_two_stage_av,pass,0.467,1.0
selected_two_stage_av,pass,0.2504,0.0
selected_two_stage_av,pass,0.1019,6.0
selected_two_stage_av,pass,0.8087,4.0
selected_two_stage_av,pass,-1.1214,0.0
selected_two_stage_av,pass,0.0098,0.0
selected_two_stage_av,pass,-0.6641,0.0
selected_two_stage_av,pass,-2.7427,1.0
selected_two_stage_av,pass,0.1019,0.0
selected_two_stage_av,pass,1.266,6.0
selected_two_stage_av,pass,0.467,0.0
selected_two_stage_av,pass,0.8087,8.0
selected_two_stage_av,pass,-1.8282,2.0
selected_two_stage_av,pass,1.266,5.0
selected_two_stage_av,pass,-0.2069,3.0
selected_two_stage_av,pass,-0.6641,0.0
selected_two_stage_av,pass,-0.6641,0.0
selected_two_stage_av,pass,-0.6641,5.0
selected_two_stage_av,pass,-0.8126,7.0
selected_two_stage_av,pass,-0.2069,0.0
selected_two_stage_av,pass,0.1019,6.0
selected_two_stage_av,pass,-0.3554,7.0
selected_two_stage_av,pass,-1.2699,4.0
selected_two_stage_av,pass,-1.1214,0.0
selected_two_stage_av,pass,-2.2855,5.0
selected_two_stage_av,pass,-0.6641,0.0
selected_two_stage_av,pass,-0.6641,5.0
selected_two_stage_av,pass,-0.4475,0.0
selected_two_stage_av,pass,0.1019,4.0
selected_two_stage_av,pass,-2.2855,3.0
selected_two_stage_av,pass,-0.9047,5.0
selected_two_stage_av,pass,-0.6641,0.0
selected_two_stage_av,pass,-0.2069,3.0
selected_two_stage_av,pass,-0.3554,3.0
selected_two_stage_av,pass,0.467,2.0
selected_two_stage_av,pass,1.266,9.0
selected_two_stage_av,pass,0.1019,3.0
selected_two_stage_av,pass,1.266,8.0
selected_two_stage_av,pass,-2.7427,5.0
selected_two_stage_av,pass,-0.6641,6.0
selected_two_stage_av,pass,-0.3554,0.0
selected_two_stage_av,pass,-0.6641,5.0
selected_two_stage_av,pass,0.7076,0.0
selected_two_stage_av,pass,-0.3554,4.0
selected_two_stage_av,pass,0.467,0.0
selected_two_stage_av,pass,2.1805,8.0
selected_two_stage_av,pass,-0.3554,2.0
selected_two_stage_av,pass,0.0098,7.0
selected_two_stage_av,pass,-2.0688,1.0
selected_two_stage_av,pass,0.0098,7.0
selected_two_stage_av,pass,-0.6641,0.0
selected_two_stage_av,pass,-0.3554,6.0
selected_two_stage_av,pass,-0.4475,2.0
selected_two_stage_av,pass,-0.8126,2.0
selected_two_stage_av,pass,-1.8282,2.0
selected_two_stage_av,pass,-0.4475,0.0
selected_two_stage_av,pass,-1.2699,4.0
selected_two_stage_av,pass,-0.6641,0.0
selected_two_stage_av,pass,-0.6971,4.0
selected_two_stage_av,pass,-0.3554,3.0
selected_two_stage_av,pass,-0.4475,6.0
selected_two_stage_av,pass,-0.8126,4.0
selected_two_stage_av,pass,-1.2699,7.0
selected_two_stage_av,pass,0.467,5.0
selected_two_stage_av,pass,-2.0688,3.0
selected_two_stage_av,pass,-1.6116,5.0
selected_two_stage_av,pass,-0.8126,7.0
selected_two_stage_av,pass,-1.8282,2.0
selected_two_stage_av,pass,-2.7427,4.0
selected_two_stage_av,pass,-2.2855,4.0
selected_two_stage_av,pass,-1.5786,0.0
selected_two_stage_av,pass,-0.4475,6.0
selected_two_stage_av,pass,0.8087,7.0
selected_two_stage_av,pass,-0.6641,4.0
selected_two_stage_av,pass,0.467,5.0
selected_two_stage_av,pass,-2.0688,3.0
selected_two_stage_av,pass,-1.2699,0.0
selected_two_stage_av,pass,-0.3554,5.0
selected_two_stage_av,pass,-1.1543,2.0
selected_two_stage_av,pass,-0.6641,4.0
selected_two_stage_av,pass,-0.6641,0.0
selected_two_stage_av,pass,-0.4475,4.0
selected_two_stage_av,pass,-2.0688,6.0
selected_two_stage_av,pass,-0.2069,3.0
selected_two_stage_av,pass,-2.0688,4.0
selected_two_stage_av,pass,-2.7427,2.0
selected_two_stage_av,pass,0.1019,5.0
selected_two_stage_av,pass,-1.2699,6.0
selected_two_stage_av,pass,-1.1214,0.0
selected_two_stage_av,pass,-2.0688,2.0
selected_two_stage_av,pass,-3.2,3.0
selected_two_stage_av,pass,0.0098,0.0
selected_two_stage_av,pass,0.8087,6.0
selected_two_stage_av,pass,-1.5786,2.0
selected_two_stage_av,pass,0.467,3.0
selected_two_stage_av,pass,-0.6641,0.0
selected_two_stage_av,pass,-0.3554,8.0
selected_two_stage_av,pass,1.266,8.0
selected_two_stage_av,pass,-0.3554,0.0
selected_two_stage_av,pass,-1.1214,3.0
selected_two_stage_av,pass,0.8087,5.0
selected_two_stage_av,pass,-0.3554,3.0
selected_two_stage_av,pass,-0.8126,5.0
selected_two_stage_av,pass,-0.4475,7.0
selected_two_stage_av,pass,-2.7427,3.0
selected_two_stage_av,pass,-1.1214,0.0
selected_two_stage_av,pass,-1.1214,5.0
selected_two_stage_av,pass,-0.6641,0.0
selected_two_stage_av,pass,-2.7427,3.0
selected_two_stage_av,pass,-0.2069,4.0
selected_two_stage_av,pass,-0.9047,0.0
selected_two_stage_av,pass,-0.2069,0.0
selected_two_stage_av,pass,1.266,7.0
selected_two_stage_av,pass,-0.8126,2.0
selected_two_stage_av,pass,-2.0688,0.0
selected_two_stage_av,pass,1.266,7.0
selected_two_stage_av,pass,0.0098,4.0
selected_two_stage_av,pass,-0.8126,4.0
selected_two_stage_av,pass,-2.2855,3.0
selected_two_stage_av,pass,-0.4475,4.0
selected_two_stage_av,pass,-0.8126,1.0
selected_two_stage_av,pass,-2.0688,5.0
selected_two_stage_av,pass,-0.8126,1.0
selected_two_stage_av,pass,-0.3554,0.0
selected_two_stage_av,pass,-0.8126,0.0
selected_two_stage_av,pass,-0.6641,0.0
selected_two_stage_av,pass,-1.8282,1.0
selected_two_stage_av,pass,0.2504,0.0
selected_two_stage_av,pass,-1.1214,1.0
selected_two_stage_av,pass,-1.371,2.0
selected_two_stage_av,pass,-0.8126,0.0
selected_two_stage_av,pass,-0.3554,7.0
selected_two_stage_av,pass,-0.4475,0.0
selected_two_stage_av,pass,-0.6641,0.0
selected_two_stage_av,pass,-1.6116,4.0
selected_two_stage_av,pass,0.0098,0.0
selected_two_stage_av,pass,-1.8282,3.0
selected_two_stage_av,pass,0.467,4.0
selected_two_stage_av,pass,-0.3554,8.0
selected_two_stage_av,pass,0.0098,0.0
selected_two_stage_av,pass,1.266,9.0
selected_two_stage_av,pass,0.5591,0.0
selected_two_stage_av,pass,1.266,6.0
selected_two_stage_av,pass,0.9243,1.0
selected_two_stage_av,pass,0.0098,0.0
selected_two_stage_av,pass,-0.2069,0.0
selected_two_stage_av,pass,0.8087,4.0
selected_two_stage_av,pass,-0.3554,5.0
selected_two_stage_av,pass,-1.6116,4.0
selected_two_stage_av,pass,-0.8126,0.0
selected_two_stage_av,pass,0.0098,8.0
selected_two_stage_av,pass,-1.2699,8.0
selected_two_stage_av,pass,0.2504,0.0
selected_two_stage_av,pass,0.1019,2.0
selected_two_stage_av,pass,-0.8126,5.0
selected_two_stage_av,pass,-1.1214,3.0
selected_two_stage_av,pass,-0.8126,2.0
selected_two_stage_av,pass,-2.7427,3.0
selected_two_stage_av,pass,1.7232,8.0
selected_two_stage_av,pass,-1.6116,6.0
selected_two_stage_av,pass,-2.2855,4.0
selected_two_stage_av,pass,1.266,7.0
selected_two_stage_av,pass,0.2504,5.0
selected_two_stage_av,pass,-2.7427,3.0
selected_two_stage_av,pass,-1.5786,0.0
selected_two_stage_av,pass,-1.1543,4.0
selected_two_stage_av,pass,-0.4475,5.0
selected_two_stage_av,pass,0.1019,0.0
selected_two_stage_av,pass,-0.2069,0.0
selected_two_stage_av,pass,0.5591,3.0
selected_two_stage_av,pass,-2.2855,3.0
selected_two_stage_av,pass,-0.8126,0.0
selected_two_stage_av,pass,-0.3554,4.0
selected_two_stage_av,pass,-1.8282,3.0
selected_two_stage_av,pass,-1.5786,0.0
selected_two_stage_av,pass,-0.6971,2.0
selected_two_stage_av,pass,1.7232,4.0
selected_two_stage_av,pass,-0.2069,2.0
selected_two_stage_av,pass,0.0098,9.0
selected_two_stage_av,pass,-0.9047,0.0
selected_two_stage_av,pass,1.7232,5.0
selected_two_stage_av,pass,-0.3554,0.0
selected_two_stage_av,pass,0.0098,0.0
selected_two_stage_av,pass,-0.2069,3.0
selected_two_stage_av,pass,-2.7427,2.0
selected_two_stage_av,pass,-2.2855,2.0
selected_two_stage_av,pass,0.0098,0.0
selected_two_stage_av,pass,-0.3554,3.0
selected_two_stage_av,pass,0.9243,2.0
selected_two_stage_av,pass,-1.1214,0.0
selected_two_stage_av,pass,0.8087,6.0
selected_two_stage_av,pass,0.2504,0.0
selected_two_stage_av,pass,-1.2699,1.0
selected_two_stage_av,pass,-1.2699,2.0
selected_two_stage_av,pass,-2.2855,4.0
selected_two_stage_av,pass,-0.3554,0.0
selected_two_stage_av,pass,-0.4475,8.0
selected_two_stage_av,pass,-0.2069,0.0
selected_two_stage_av,pass,-0.2069,4.0
selected_two_stage_av,pass,0.0098,6.0
selected_two_stage_av,pass,0.9243,8.0
selected_two_stage_av,pass,0.2504,0.0
selected_two_stage_av,pass,-1.2699,0.0
selected_two_stage_av,pass,-1.1214,1.0
selected_two_stage_av,pass,-0.2069,1.0
selected_two_stage_av,pass,-0.6641,2.0
selected_two_stage_av,pass,0.5591,6.0
selected_two_stage_av,pass,-0.3554,2.0
selected_two_stage_av,pass,0.467,0.0
selected_two_stage_av,pass,-0.6641,0.0
selected_two_stage_av,pass,-1.6116,3.0
selected_two_stage_av,pass,-0.8126,6.0
selected_two_stage_av,pass,-1.6116,5.0
selected_two_stage_av,pass,0.0098,3.0
selected_two_stage_av,pass,-0.8126,3.0
selected_two_stage_av,pass,-1.2699,4.0
selected_two_stage_av,pass,0.8087,7.0
selected_two_stage_av,pass,1.266,6.0
selected_two_stage_av,pass,-0.3554,0.0
selected_two_stage_av,pass,-0.3554,4.0
selected_two_stage_av,pass,-0.3554,4.0
selected_two_stage_av,pass,-0.3554,4.0
selected_two_stage_av,pass,-1.8282,2.0
selected_two_stage_av,pass,0.1019,4.0
selected_two_stage_av,pass,-0.6641,0.0
selected_two_stage_av,pass,-0.3554,7.0
selected_two_stage_av,pass,-1.6116,2.0
selected_two_stage_av,pass,-1.1214,3.0
selected_two_stage_av,pass,0.1019,5.0
selected_two_stage_av,pass,0.1019,6.0
selected_two_stage_av,pass,1.266,8.0
selected_two_stage_av,pass,0.0098,3.0
selected_two_stage_av,pass,0.8087,6.0
selected_two_stage_av,pass,-2.7427,2.0
selected_two_stage_av,pass,-0.3554,0.0
selected_two_stage_av,pass,-2.2855,1.0
selected_two_stage_av,pass,-0.3554,2.0
selected_two_stage_av,pass,0.0098,7.0
selected_two_stage_av,pass,-2.7427,4.0
selected_two_stage_av,pass,-0.4475,5.0
selected_two_stage_av,pass,1.0163,3.0
selected_two_stage_av,pass,-2.2855,3.0
selected_two_stage_av,pass,-0.8126,3.0
selected_two_stage_av,pass,-0.6641,1.0
selected_two_stage_av,pass,-3.2,3.0
selected_two_stage_av,pass,-2.7427,3.0
selected_two_stage_av,pass,-0.4475,8.0
selected_two_stage_av,pass,-0.6641,4.0
selected_two_stage_av,pass,-0.8126,9.0
selected_two_stage_av,pass,-1.8282,3.0
selected_two_stage_av,pass,-1.1214,0.0
selected_two_stage_av,pass,0.2504,0.0
selected_two_stage_av,pass,-1.5786,0.0
selected_two_stage_av,pass,-0.6641,4.0
selected_two_stage_av,pass,0.0098,0.0
selected_two_stage_av,pass,-2.7427,2.0
selected_two_stage_av,pass,-2.2855,5.0
selected_two_stage_av,pass,-1.1543,5.0
selected_two_stage_av,pass,0.3515,7.0
selected_two_stage_av,pass,0.467,0.0
selected_two_stage_av,pass,-0.8126,3.0
selected_two_stage_av,pass,1.266,4.0
selected_two_stage_av,pass,1.7232,7.0
selected_two_stage_av,pass,-0.8126,6.0
selected_two_stage_av,pass,-0.3554,1.0
selected_two_stage_av,pass,1.266,5.0
selected_two_stage_av,pass,-0.3554,3.0
selected_two_stage_av,pass,-0.6641,0.0
selected_two_stage_av,pass,1.266,9.0
selected_two_stage_av,pass,-0.3554,0.0
selected_two_stage_av,pass,-0.3554,0.0
selected_two_stage_av,pass,0.3515,7.0
selected_two_stage_av,pass,0.1019,0.0
selected_two_stage_av,pass,-0.9047,3.0
selected_two_stage_av,pass,-0.6641,5.0
selected_two_stage_av,pass,-2.7427,6.0
selected_two_stage_av,pass,-1.6116,4.0
selected_two_stage_av,pass,-1.2699,7.0
selected_two_stage_av,pass,0.8087,9.0
selected_two_stage_av,pass,0.8087,6.0
selected_two_stage_av,pass,0.0098,0.0
selected_two_stage_av,pass,-0.4475,0.0
selected_two_stage_av,pass,-0.6641,7.0
selected_two_stage_av,pass,-0.8126,4.0
selected_two_stage_av,pass,-0.3554,5.0
selected_two_stage_av,pass,-0.8126,2.0
selected_two_stage_av,pass,-0.8126,1.0
selected_two_stage_av,pass,1.266,6.0
selected_two_stage_av,pass,-1.1214,3.0
selected_two_stage_av,pass,-0.4475,0.0
selected_two_stage_av,pass,-1.1214,5.0
selected_two_stage_av,pass,0.2504,4.0
selected_two_stage_av,pass,-0.2069,0.0
selected_two_stage_av,pass,-0.2069,6.0
selected_two_stage_av,pass,0.1019,3.0
selected_two_stage_av,pass,-0.4475,6.0
selected_two_stage_av,pass,0.1019,2.0
selected_two_stage_av,pass,0.467,5.0
selected_two_stage_av,pass,0.0098,4.0
selected_two_stage_av,pass,-0.4475,6.0
selected_two_stage_av,pass,-2.7427,5.0
selected_two_stage_av,pass,-0.8126,3.0
selected_two_stage_av,pass,-0.6641,0.0
selected_two_stage_av,pass,-0.6641,0.0
selected_two_stage_av,pass,0.1019,6.0
selected_two_stage_av,pass,-2.0688,2.0
selected_two_stage_av,pass,-2.2855,0.0
selected_two_stage_av,pass,0.0098,2.0
selected_two_stage_av,pass,-1.8282,4.0
selected_two_stage_av,pass,1.3815,0.0
selected_two_stage_av,pass,0.9243,4.0
selected_two_stage_av,pass,1.266,7.0
selected_two_stage_av,pass,-1.1214,1.0
selected_two_stage_av,pass,-2.0688,4.0
selected_two_stage_av,pass,-0.8126,3.0
selected_two_stage_av,pass,-0.3554,0.0
selected_two_stage_av,pass,-0.6641,2.0
selected_two_stage_av,pass,0.7076,4.0
selected_two_stage_av,pass,-1.6116,4.0
selected_two_stage_av,pass,-0.8126,0.0
selected_two_stage_av,pass,-0.8126,3.0
selected_two_stage_av,pass,1.266,7.0
selected_two_stage_av,pass,-0.6641,4.0
selected_two_stage_av,pass,0.8087,6.0
selected_two_stage_av,pass,0.0098,0.0
selected_two_stage_av,pass,-0.6641,0.0
selected_two_stage_av,pass,0.467,2.0
selected_two_stage_av,pass,0.2504,3.0
selected_two_stage_av,pass,-2.7427,4.0
selected_two_stage_av,pass,-2.7427,3.0
selected_two_stage_av,pass,-0.6641,0.0
selected_two_stage_av,pass,-0.3554,4.0
selected_two_stage_av,pass,0.8087,7.0
selected_two_stage_av,pass,-0.8126,4.0
selected_two_stage_av,pass,-1.5786,5.0
selected_two_stage_av,pass,-1.1214,3.0
selected_two_stage_av,pass,-1.1214,0.0
selected_two_stage_av,pass,-0.4475,0.0
selected_two_stage_av,pass,-0.4475,0.0
selected_two_stage_av,pass,0.8087,6.0
selected_two_stage_av,pass,-3.2,2.0
selected_two_stage_av,pass,-0.4475,0.0
selected_two_stage_av,pass,0.8087,7.0
selected_two_stage_av,pass,-1.2699,3.0
selected_two_stage_av,pass,-0.3554,8.0
selected_two_stage_av,pass,0.0098,5.0
selected_two_stage_av,pass,-2.5261,1.0
selected_two_stage_av,pass,-0.6641,0.0
selected_two_stage_av,pass,-2.2855,1.0
selected_two_stage_av,pass,0.0098,6.0
selected_two_stage_av,pass,-0.6641,5.0
selected_two_stage_av,pass,-1.8282,4.0
selected_two_stage_av,pass,-1.5786,0.0
selected_two_stage_av,pass,-0.6641,0.0
selected_two_stage_av,pass,-2.7427,5.0
selected_two_stage_av,pass,-0.4475,7.0
selected_two_stage_av,pass,-2.0688,2.0
selected_two_stage_av,pass,0.3515,4.0
selected_two_stage_av,pass,2.1805,8.0
selected_two_stage_av,pass,-0.3554,4.0
selected_two_stage_av,pass,-0.3554,7.0
selected_two_stage_av,pass,-2.2855,3.0
selected_two_stage_av,pass,-0.3554,9.0
selected_two_stage_av,pass,0.1019,5.0
selected_two_stage_av,pass,-0.3554,8.0
selected_two_stage_av,pass,-0.3554,8.0
selected_two_stage_av,pass,0.8087,6.0
selected_two_stage_av,pass,0.1019,0.0
selected_two_stage_av,pass,-0.3554,0.0
selected_two_stage_av,pass,1.3815,8.0
selected_two_stage_av,pass,-2.0688,2.0
selected_two_stage_av,pass,-2.0688,3.0
selected_two_stage_av,pass,1.266,6.0
selected_two_stage_av,pass,-1.371,4.0
selected_two_stage_av,pass,-1.6116,4.0
selected_two_stage_av,pass,-1.6116,5.0
selected_two_stage_av,pass,-0.4475,0.0
selected_two_stage_av,pass,-1.2699,2.0
selected_two_stage_av,pass,0.467,0.0
selected_two_stage_av,pass,0.0098,7.0
selected_two_stage_av,pass,-0.2069,0.0
selected_two_stage_av,pass,-1.1214,3.0
selected_two_stage_av,pass,-0.3554,3.0
selected_two_stage_av,pass,-2.7427,2.0
selected_two_stage_av,pass,0.7076,0.0
selected_two_stage_av,pass,-1.1543,4.0
selected_two_stage_av,pass,-1.6116,2.0
selected_two_stage_av,pass,0.1019,0.0
selected_two_stage_av,pass,-0.3554,7.0
selected_two_stage_av,pass,-0.6641,4.0
selected_two_stage_av,pass,0.8087,4.0
selected_two_stage_av,pass,0.0098,9.0
selected_two_stage_av,pass,2.1805,7.0
selected_two_stage_av,pass,0.0098,7.0
selected_two_stage_av,pass,0.1019,8.0
selected_two_stage_av,pass,0.0098,0.0
selected_two_stage_av,pass,-2.2855,0.0
selected_two_stage_av,pass,0.1019,7.0
selected_two_stage_av,pass,-0.6641,4.0
selected_two_stage_av,pass,0.8087,8.0
selected_two_stage_av,pass,0.0098,5.0
selected_two_stage_av,pass,-1.1214,0.0
selected_two_stage_av,pass,0.2504,0.0
selected_two_stage_av,pass,-0.6641,0.0
selected_two_stage_av,pass,-0.4475,5.0
selected_two_stage_av,pass,0.1019,3.0
selected_two_stage_av,pass,1.7232,8.0
selected_two_stage_av,pass,-0.2069,5.0
selected_two_stage_av,pass,-0.6641,3.0
selected_two_stage_av,pass,1.3815,0.0
selected_two_stage_av,pass,-2.2855,2.0
selected_two_stage_av,pass,-2.7427,5.0
selected_two_stage_av,pass,-1.1214,7.0
selected_two_stage_av,pass,-0.9047,3.0
selected_two_stage_av,pass,-1.1214,0.0
selected_two_stage_av,pass,0.1019,0.0
selected_two_stage_av,pass,0.1019,5.0
selected_two_stage_av,pass,-0.6641,0.0
selected_two_stage_av,pass,-0.3554,0.0
selected_two_stage_av,pass,0.3515,9.0
selected_two_stage_av,pass,1.266,2.0
selected_two_stage_av,pass,-2.2855,1.0
selected_two_stage_av,pass,1.266,9.0
selected_two_stage_av,pass,-0.6641,0.0
selected_two_stage_av,pass,-2.0688,3.0
selected_two_stage_av,pass,-0.8126,0.0
selected_two_stage_av,pass,-0.3554,7.0
selected_two_stage_av,pass,-0.6641,0.0
selected_two_stage_av,pass,0.1019,5.0
selected_two_stage_av,pass,-0.3554,4.0
selected_two_stage_av,pass,-0.6641,0.0
selected_two_stage_av,pass,-1.6116,5.0
selected_two_stage_av,pass,-0.8126,4.0
selected_two_stage_av,pass,-0.8126,5.0
selected_two_stage_av,pass,-0.3554,0.0
selected_two_stage_av,pass,0.467,0.0
selected_two_stage_av,pass,0.8087,6.0
selected_two_stage_av,pass,-2.0688,2.0
selected_two_stage_av,pass,1.7232,6.0
selected_two_stage_av,pass,-0.6641,0.0
selected_two_stage_av,pass,-2.7427,1.0
selected_two_stage_av,pass,-2.5261,2.0
selected_two_stage_av,pass,-1.1214,0.0
selected_two_stage_av,pass,0.8087,5.0
selected_two_stage_av,pass,1.7232,5.0
selected_two_stage_av,pass,0.2504,0.0
selected_two_stage_av,pass,0.1019,3.0
selected_two_stage_av,pass,0.2504,0.0
selected_two_stage_av,pass,0.5591,7.0
selected_two_stage_av,pass,-2.0688,3.0
selected_two_stage_av,pass,-0.3554,4.0
selected_two_stage_av,pass,-0.9047,4.0
selected_two_stage_av,pass,-0.6641,0.0
selected_two_stage_av,pass,0.2504,0.0
selected_two_stage_av,pass,0.1019,5.0
selected_two_stage_av,pass,-0.8126,3.0
selected_two_stage_av,pass,-2.0688,3.0
selected_two_stage_av,pass,-2.7427,5.0
selected_two_stage_av,pass,0.3515,3.0
selected_two_stage_av,pass,-0.3554,3.0
selected_two_stage_av,pass,-0.2069,5.0
selected_two_stage_av,pass,-1.6116,4.0
selected_two_stage_av,pass,-1.1214,3.0
selected_two_stage_av,pass,0.467,0.0
selected_two_stage_av,pass,-3.2,3.0
selected_two_stage_av,pass,1.3815,4.0
selected_two_stage_av,pass,0.1019,5.0
selected_two_stage_av,pass,-0.4475,0.0
selected_two_stage_av,pass,-1.6116,5.0
selected_two_stage_av,pass,0.8087,7.0
selected_two_stage_av,pass,-0.6641,5.0
selected_two_stage_av,pass,1.7232,6.0
selected_two_stage_av,pass,-0.6641,0.0
selected_two_stage_av,pass,-1.8282,2.0
selected_two_stage_av,pass,-2.7427,3.0
selected_two_stage_av,pass,1.7232,8.0
selected_two_stage_av,pass,-0.3554,2.0
selected_two_stage_av,pass,-0.6641,0.0
selected_two_stage_av,pass,-2.7427,4.0
selected_two_stage_av,pass,-0.3554,0.0
selected_two_stage_av,pass,-1.8282,9.0
selected_two_stage_av,pass,-0.6641,2.0
selected_two_stage_av,pass,-0.3554,0.0
selected_two_stage_av,pass,-1.8282,3.0
selected_two_stage_av,pass,-2.2855,1.0
selected_two_stage_av,pass,0.0098,4.0
selected_two_stage_av,pass,0.0098,0.0
selected_two_stage_av,pass,-1.1214,0.0
selected_two_stage_av,pass,0.1019,5.0
selected_two_stage_av,pass,-2.0688,6.0
selected_two_stage_av,pass,1.266,7.0
selected_two_stage_av,pass,-2.0688,4.0
selected_two_stage_av,pass,-0.4475,0.0
selected_two_stage_av,pass,0.5591,0.0
selected_two_stage_av,pass,-2.0688,2.0
selected_two_stage_av,pass,-0.6641,0.0
selected_two_stage_av,pass,-0.2069,0.0
selected_two_stage_av,pass,0.2504,2.0
selected_two_stage_av,pass,0.1019,4.0
selected_two_stage_av,pass,-0.6641,4.0
selected_two_stage_av,pass,1.7232,10.0
selected_two_stage_av,pass,-0.4475,0.0
selected_two_stage_av,pass,1.266,10.0
selected_two_stage_av,pass,-0.3554,7.0
selected_two_stage_av,pass,-0.2069,0.0
selected_two_stage_av,pass,0.3515,5.0
selected_two_stage_av,pass,-0.6641,0.0
selected_two_stage_av,pass,-0.3554,4.0
selected_two_stage_av,pass,-0.8126,5.0
selected_two_stage_av,pass,-0.2069,4.0
selected_two_stage_av,pass,-0.4475,0.0
selected_two_stage_av,pass,-1.1214,0.0
selected_two_stage_av,pass,-0.3554,0.0
selected_two_stage_av,pass,-1.1214,0.0
selected_two_stage_av,pass,0.1019,4.0
selected_two_stage_av,pass,-1.8282,2.0
selected_two_stage_av,pass,-0.3554,9.0
selected_two_stage_av,pass,1.266,6.0
selected_two_stage_av,pass,0.467,0.0
selected_two_stage_av,pass,-1.2699,8.0
selected_two_stage_av,pass,1.266,7.0
selected_two_stage_av,pass,-1.8282,3.0
selected_two_stage_av,pass,-2.0688,2.0
selected_two_stage_av,pass,-0.2069,3.0
selected_two_stage_av,pass,-1.1214,0.0
selected_two_stage_av,pass,-0.3554,2.0
selected_two_stage_av,pass,-0.8126,5.0
selected_two_stage_av,pass,-2.0688,3.0
selected_two_stage_av,pass,1.7232,9.0
selected_two_stage_av,pass,-0.6641,3.0
selected_two_stage_av,pass,-1.8282,4.0
selected_two_stage_av,pass,-0.9047,0.0
selected_two_stage_av,pass,0.467,0.0
selected_two_stage_av,pass,1.266,6.0
selected_two_stage_av,pass,-2.2855,5.0
selected_two_stage_av,pass,-1.6116,2.0
selected_two_stage_av,pass,-0.8126,5.0
selected_two_stage_av,pass,0.1019,0.0
selected_two_stage_av,pass,-0.3554,8.0
selected_two_stage_av,pass,-0.2069,0.0
selected_two_stage_av,pass,-0.6641,4.0
selected_two_stage_av,pass,0.3515,5.0
selected_two_stage_av,pass,-1.371,5.0
selected_two_stage_av,pass,-2.7427,3.0
selected_two_stage_av,pass,0.2504,6.0
selected_two_stage_av,pass,-0.2069,4.0
selected_two_stage_av,pass,-1.1214,2.0
selected_two_stage_av,pass,0.2504,0.0
selected_two_stage_av,pass,1.7232,4.0
selected_two_stage_av,pass,1.266,6.0
selected_two_stage_av,pass,0.8087,7.0
selected_two_stage_av,pass,-1.8282,5.0
selected_two_stage_av,pass,1.266,10.0
selected_two_stage_av,pass,-0.4475,2.0
selected_two_stage_av,pass,0.9243,7.0
selected_two_stage_av,pass,-0.2069,5.0
selected_two_stage_av,pass,0.0098,0.0
selected_two_stage_av,pass,1.266,8.0
selected_two_stage_av,pass,-0.3554,3.0
selected_two_stage_av,pass,-0.4475,7.0
selected_two_stage_av,pass,-1.1214,5.0
selected_two_stage_av,pass,-0.8126,0.0
selected_two_stage_av,pass,0.0098,8.0
selected_two_stage_av,pass,0.8087,7.0
selected_two_stage_av,pass,-0.6641,4.0
selected_two_stage_av,pass,-0.3554,3.0
selected_two_stage_av,pass,0.467,0.0
selected_two_stage_av,pass,-0.6641,0.0
selected_two_stage_av,pass,-2.2855,3.0
selected_two_stage_av,pass,-0.8126,0.0
selected_two_stage_av,pass,-1.1543,3.0
selected_two_stage_av,pass,1.266,6.0
selected_two_stage_av,pass,0.1019,7.0
selected_two_stage_av,pass,-0.3554,7.0
selected_two_stage_av,pass,-1.2699,10.0
selected_two_stage_av,pass,-0.3554,8.0
selected_two_stage_av,pass,-2.7427,6.0
selected_two_stage_av,pass,-2.2855,3.0
selected_two_stage_av,pass,0.8087,8.0
selected_two_stage_av,pass,-0.4475,5.0
selected_two_stage_av,pass,-0.2069,0.0
selected_two_stage_av,pass,-0.3554,0.0
selected_two_stage_av,pass,-0.8126,1.0
selected_two_stage_av,pass,-1.8282,5.0
selected_two_stage_av,pass,0.8087,4.0
selected_two_stage_av,pass,-0.6641,1.0
selected_two_stage_av,pass,-1.6116,4.0
selected_two_stage_av,pass,-1.1214,0.0
selected_two_stage_av,pass,-0.6641,0.0
selected_two_stage_av,pass,-0.2069,4.0
selected_two_stage_av,pass,-2.0688,5.0
selected_two_stage_av,pass,0.1019,2.0
selected_two_stage_av,pass,0.3515,7.0
selected_two_stage_av,pass,1.7232,3.0
selected_two_stage_av,pass,-0.6971,3.0
selected_two_stage_av,pass,-2.7427,4.0
selected_two_stage_av,pass,1.3815,0.0
selected_two_stage_av,pass,0.467,0.0
selected_two_stage_av,pass,0.1019,6.0
selected_two_stage_av,pass,-0.3554,4.0
selected_two_stage_av,pass,-0.4475,0.0
selected_two_stage_av,pass,0.2504,0.0
selected_two_stage_av,pass,1.7232,8.0
selected_two_stage_av,pass,0.0098,1.0
selected_two_stage_av,pass,-0.8126,4.0
selected_two_stage_av,pass,1.7232,7.0
selected_two_stage_av,pass,-1.1543,4.0
selected_two_stage_av,pass,0.0098,0.0
selected_two_stage_av,pass,-0.2069,2.0
selected_two_stage_av,pass,-1.2699,7.0
selected_two_stage_av,pass,0.1019,0.0
selected_two_stage_av,pass,0.0098,0.0
selected_two_stage_av,pass,-0.3554,4.0
selected_two_stage_av,pass,0.1019,0.0
selected_two_stage_av,pass,0.1019,0.0
selected_two_stage_av,pass,-0.6641,5.0
selected_two_stage_av,pass,-0.2069,2.0
selected_two_stage_av,pass,-0.8126,9.0
selected_two_stage_av,pass,0.0098,7.0
selected_two_stage_av,pass,-1.2699,0.0
selected_two_stage_av,pass,-1.6116,5.0
selected_two_stage_av,pass,-1.8282,6.0
selected_two_stage_av,pass,-0.8126,0.0
selected_two_stage_av,pass,-0.8126,3.0
selected_two_stage_av,pass,-1.8282,1.0
selected_two_stage_av,pass,0.9243,0.0
selected_two_stage_av,pass,-0.2069,2.0
selected_two_stage_av,pass,-1.6116,2.0
selected_two_stage_av,pass,0.0098,8.0
selected_two_stage_av,pass,-0.3554,5.0
selected_two_stage_av,pass,-0.6641,0.0
selected_two_stage_av,pass,-0.2069,0.0
selected_two_stage_av,pass,-0.4475,3.0
selected_two_stage_av,pass,-2.7427,2.0
selected_two_stage_av,pass,-0.3554,4.0
selected_two_stage_av,pass,-0.6641,4.0
selected_two_stage_av,pass,-0.3554,0.0
selected_two_stage_av,pass,-3.2,5.0
selected_two_stage_av,pass,0.5591,0.0
selected_two_stage_av,pass,1.7232,7.0
selected_two_stage_av,pass,0.1019,7.0
selected_two_stage_av,pass,-0.3554,0.0
selected_two_stage_av,pass,1.7232,6.0
selected_two_stage_av,pass,-1.8282,5.0
selected_two_stage_av,pass,1.7232,3.0
selected_two_stage_av,pass,-0.4475,0.0
selected_two_stage_av,pass,-1.5786,4.0
selected_two_stage_av,pass,-0.6641,4.0
selected_two_stage_av,pass,1.7232,9.0
selected_two_stage_av,pass,0.2504,3.0
selected_two_stage_av,pass,1.266,5.0
selected_two_stage_av,pass,-0.2069,2.0
selected_two_stage_av,pass,1.0163,4.0
selected_two_stage_av,pass,-2.2855,4.0
selected_two_stage_av,pass,0.8087,8.0
selected_two_stage_av,pass,0.5591,6.0
selected_two_stage_av,pass,0.8087,3.0
selected_two_stage_av,pass,0.9243,0.0
selected_two_stage_av,pass,-2.0688,7.0
selected_two_stage_av,pass,-0.8126,0.0
selected_two_stage_av,pass,-0.6641,0.0
selected_two_stage_av,pass,-0.2069,0.0
selected_two_stage_av,pass,-0.6971,3.0
selected_two_stage_av,pass,0.467,5.0
selected_two_stage_av,pass,-1.5786,5.0
selected_two_stage_av,pass,-1.1214,2.0
selected_two_stage_av,pass,-0.6641,0.0
selected_two_stage_av,pass,0.2504,0.0
selected_two_stage_av,pass,-1.5786,1.0
selected_two_stage_av,pass,-0.6641,2.0
selected_two_stage_av,pass,-2.2855,4.0
selected_two_stage_av,pass,-0.3554,8.0
selected_two_stage_av,pass,-2.2855,4.0
selected_two_stage_av,pass,-1.8282,2.0
selected_two_stage_av,pass,0.3515,8.0
selected_two_stage_av,pass,0.467,0.0
selected_two_stage_av,pass,-1.1214,0.0
selected_two_stage_av,pass,0.8087,7.0
selected_two_stage_av,pass,0.0098,0.0
selected_two_stage_av,pass,-0.2069,4.0
selected_two_stage_av,pass,-0.3554,1.0
selected_two_stage_av,pass,-1.1214,0.0
selected_two_stage_av,pass,-0.6641,0.0
selected_two_stage_av,pass,0.0098,4.0
selected_two_stage_av,pass,-0.4475,6.0
selected_two_stage_av,pass,0.8087,9.0
selected_two_stage_av,pass,-0.8126,5.0
selected_two_stage_av,pass,-0.8126,3.0
selected_two_stage_av,pass,-0.3554,0.0
selected_two_stage_av,pass,1.266,5.0
selected_two_stage_av,pass,-0.8126,4.0
selected_two_stage_av,pass,-0.8126,2.0
selected_two_stage_av,pass,-1.1214,0.0
selected_two_stage_av,pass,-0.8126,5.0
selected_two_stage_av,pass,1.266,5.0
selected_two_stage_av,pass,-0.3554,4.0
selected_two_stage_av,pass,-1.5786,4.0
selected_two_stage_av,pass,-0.6641,0.0
selected_two_stage_av,pass,1.266,6.0
selected_two_stage_av,pass,1.7232,10.0
selected_two_stage_av,pass,-0.2069,6.0
selected_two_stage_av,pass,-0.6641,4.0
selected_two_stage_av,pass,0.1019,2.0
selected_two_stage_av,pass,-1.6116,4.0
selected_two_stage_av,pass,0.5591,0.0
selected_two_stage_av,pass,-2.0688,4.0
selected_two_stage_av,pass,-1.1214,0.0
selected_two_stage_av,pass,-0.2069,0.0
selected_two_stage_av,pass,-0.3554,6.0
selected_two_stage_av,pass,0.467,0.0
selected_two_stage_av,pass,-1.1214,2.0
selected_two_stage_av,pass,-1.1214,5.0
selected_two_stage_av,pass,-0.8126,3.0
selected_two_stage_av,pass,-1.8282,3.0
selected_two_stage_av,pass,-2.2855,2.0
selected_two_stage_av,pass,-1.2699,6.0
selected_two_stage_av,pass,-0.4475,7.0
selected_two_stage_av,pass,-0.8126,0.0
selected_two_stage_av,pass,-0.9047,0.0
selected_two_stage_av,pass,-0.6641,0.0
selected_two_stage_av,pass,-0.4475,0.0
selected_two_stage_av,pass,-1.2699,0.0
selected_two_stage_av,pass,0.1019,0.0
selected_two_stage_av,pass,-0.3554,0.0
selected_two_stage_av,pass,2.1805,8.0
selected_two_stage_av,pass,-0.3554,3.0
selected_two_stage_av,pass,-0.6641,0.0
selected_two_stage_av,pass,-2.7427,4.0
selected_two_stage_av,pass,0.1019,10.0
selected_two_stage_av,pass,0.2504,0.0
selected_two_stage_av,pass,-1.8282,3.0
selected_two_stage_av,pass,-1.2699,4.0
selected_two_stage_av,pass,-0.6641,0.0
selected_two_stage_av,pass,-0.9047,0.0
selected_two_stage_av,pass,-2.2855,4.0
selected_two_stage_av,pass,0.5591,4.0
selected_two_stage_av,pass,0.1019,0.0
selected_two_stage_av,pass,-2.2855,4.0
selected_two_stage_av,pass,-1.1214,0.0
selected_two_stage_av,pass,-0.4475,2.0
selected_two_stage_av,pass,-0.8126,4.0
selected_two_stage_av,pass,-0.8126,2.0
selected_two_stage_av,pass,0.5591,4.0
selected_two_stage_av,pass,0.5591,8.0
selected_two_stage_av,pass,-0.6641,0.0
selected_two_stage_av,pass,-2.2855,2.0
selected_two_stage_av,pass,0.0098,0.0
selected_two_stage_av,pass,0.5591,9.0
selected_two_stage_av,pass,-0.8126,4.0
selected_two_stage_av,pass,0.7076,3.0
selected_two_stage_av,pass,-1.5786,4.0
selected_two_stage_av,pass,-0.3554,5.0
selected_two_stage_av,pass,-0.2069,0.0
selected_two_stage_av,pass,-0.8126,0.0
selected_two_stage_av,pass,-0.3554,4.0
selected_two_stage_av,pass,-0.9047,4.0
selected_two_stage_av,pass,-0.6641,0.0
selected_two_stage_av,pass,-1.5786,0.0
selected_two_stage_av,pass,0.1019,6.0
selected_two_stage_av,pass,1.7232,6.0
selected_two_stage_av,pass,0.467,0.0
selected_two_stage_av,pass,-2.7427,2.0
selected_two_stage_av,pass,2.1805,8.0
selected_two_stage_av,pass,-1.1543,7.0
selected_two_stage_av,pass,0.2504,0.0
selected_two_stage_av,pass,-1.8282,4.0
selected_two_stage_av,pass,-0.3554,4.0
selected_two_stage_av,pass,-0.8126,0.0
selected_two_stage_av,pass,-0.2069,0.0
selected_two_stage_av,pass,0.467,7.0
selected_two_stage_av,pass,-0.4475,7.0
selected_two_stage_av,pass,-2.2855,5.0
selected_two_stage_av,pass,-2.7427,2.0
selected_two_stage_av,pass,1.7232,7.0
selected_two_stage_av,pass,0.1019,9.0
selected_two_stage_av,pass,0.0098,0.0
selected_two_stage_av,pass,-2.2855,2.0
selected_two_stage_av,pass,-1.8282,3.0
selected_two_stage_av,pass,1.3815,4.0
selected_two_stage_av,pass,-0.9047,0.0
selected_two_stage_av,pass,-1.6116,3.0
selected_two_stage_av,pass,-1.2699,0.0
selected_two_stage_av,pass,-2.2855,5.0
selected_two_stage_av,pass,0.2504,5.0
selected_two_stage_av,pass,-2.7427,5.0
selected_two_stage_av,pass,1.0163,3.0
selected_two_stage_av,pass,-0.3554,2.0
selected_two_stage_av,pass,0.8087,8.0
selected_two_stage_av,pass,-1.1543,2.0
selected_two_stage_av,pass,-0.3554,5.0
selected_two_stage_av,pass,1.266,9.0
selected_two_stage_av,pass,1.266,4.0
selected_two_stage_av,pass,-0.6641,0.0
selected_two_stage_av,pass,0.1019,2.0
selected_two_stage_av,pass,-0.6641,0.0
selected_two_stage_av,pass,1.7232,6.0
selected_two_stage_av,pass,-2.0688,2.0
selected_two_stage_av,pass,-0.3554,3.0
selected_two_stage_av,pass,-1.1543,3.0
selected_two_stage_av,pass,-1.371,5.0
selected_two_stage_av,pass,-0.2069,3.0
selected_two_stage_av,pass,-1.6116,8.0
selected_two_stage_av,pass,0.8087,5.0
selected_two_stage_av,pass,-1.8282,2.0
selected_two_stage_av,pass,-1.8282,5.0
selected_two_stage_av,pass,-0.8126,7.0
selected_two_stage_av,pass,-0.2069,0.0
selected_two_stage_av,pass,-0.8126,0.0
selected_two_stage_av,pass,1.266,6.0
selected_two_stage_av,pass,-1.2699,9.0
selected_two_stage_av,pass,1.7232,7.0
selected_two_stage_av,pass,-0.3554,1.0
selected_two_stage_av,pass,0.0098,5.0
selected_two_stage_av,pass,1.266,7.0
selected_two_stage_av,pass,1.266,8.0
selected_two_stage_av,pass,-1.1543,3.0
selected_two_stage_av,pass,-3.2,5.0
selected_two_stage_av,pass,1.266,9.0
selected_two_stage_av,pass,-0.2069,0.0
selected_two_stage_av,pass,-1.371,4.0
selected_two_stage_av,pass,-0.4475,5.0
selected_two_stage_av,pass,-0.3554,0.0
selected_two_stage_av,pass,-0.2069,0.0
selected_two_stage_av,pass,0.1019,8.0
selected_two_stage_av,pass,-1.1214,3.0
selected_two_stage_av,pass,-0.3554,2.0
selected_two_stage_av,pass,-1.2699,0.0
selected_two_stage_av,pass,-0.4475,6.0
selected_two_stage_av,pass,-1.1543,4.0
selected_two_stage_av,pass,-1.8282,4.0
selected_two_stage_av,pass,0.0098,4.0
selected_two_stage_av,pass,-0.9047,5.0
selected_two_stage_av,pass,0.467,5.0
selected_two_stage_av,pass,0.0098,7.0
selected_two_stage_av,pass,0.2504,0.0
selected_two_stage_av,pass,0.8087,6.0
selected_two_stage_av,pass,-0.8126,0.0
selected_two_stage_av,pass,0.8087,3.0
selected_two_stage_av,pass,-0.3554,5.0
selected_two_stage_av,pass,1.266,6.0
selected_two_stage_av,pass,-0.8126,1.0
selected_two_stage_av,pass,-0.6641,3.0
selected_two_stage_av,pass,-0.3554,6.0
selected_two_stage_av,pass,-0.3554,0.0
selected_two_stage_av,pass,-1.1214,2.0
selected_two_stage_av,pass,-1.2699,2.0
selected_two_stage_av,pass,-1.1214,4.0
selected_two_stage_av,pass,-0.8126,3.0
selected_two_stage_av,pass,1.266,6.0
selected_two_stage_av,pass,-2.5261,3.0
selected_two_stage_av,pass,-0.2069,0.0
selected_two_stage_av,pass,1.266,6.0
selected_two_stage_av,pass,-0.6641,0.0
selected_two_stage_av,pass,-0.3554,0.0
selected_two_stage_av,pass,-0.4475,3.0
selected_two_stage_av,pass,-0.8126,5.0
selected_two_stage_av,pass,-1.1214,0.0
selected_two_stage_av,pass,0.0098,6.0
selected_two_stage_av,pass,-0.6641,3.0
selected_two_stage_av,pass,-0.8126,8.0
selected_two_stage_av,pass,1.7232,9.0
selected_two_stage_av,pass,0.9243,0.0
selected_two_stage_av,pass,-2.7427,3.0
selected_two_stage_av,pass,0.1019,3.0
selected_two_stage_av,pass,-1.2699,0.0
selected_two_stage_av,pass,1.266,7.0
selected_two_stage_av,pass,0.467,0.0
selected_two_stage_av,pass,-2.0688,2.0
selected_two_stage_av,pass,-0.9047,5.0
selected_two_stage_av,pass,-0.8126,2.0
selected_two_stage_av,pass,-0.8126,0.0
selected_two_stage_av,pass,-0.3554,3.0
selected_two_stage_av,pass,-2.0688,3.0
selected_two_stage_av,pass,-0.9047,3.0
selected_two_stage_av,pass,0.467,0.0
selected_two_stage_av,pass,0.9243,0.0
selected_two_stage_av,pass,-0.6641,0.0
selected_two_stage_av,pass,-1.371,6.0
selected_two_stage_av,pass,0.0098,5.0
selected_two_stage_av,pass,0.8087,5.0
selected_two_stage_av,pass,-0.6641,2.0
selected_two_stage_av,pass,-0.2069,2.0
selected_two_stage_av,pass,-0.8126,3.0
selected_two_stage_av,pass,0.3515,6.0
selected_two_stage_av,pass,-0.6641,5.0
selected_two_stage_av,pass,0.1019,5.0
selected_two_stage_av,pass,-0.4475,0.0
selected_two_stage_av,pass,-2.7427,0.0
selected_two_stage_av,pass,-0.6641,0.0
selected_two_stage_av,pass,0.5591,2.0
selected_two_stage_av,pass,-0.2069,0.0
selected_two_stage_av,pass,1.7232,8.0
selected_two_stage_av,pass,-0.2069,3.0
selected_two_stage_av,pass,-1.1214,0.0
selected_two_stage_av,pass,0.8087,5.0
selected_two_stage_av,pass,-0.3554,0.0
selected_two_stage_av,pass,-0.3554,7.0
selected_two_stage_av,pass,-0.6641,2.0
selected_two_stage_av,pass,-1.5786,0.0
selected_two_stage_av,pass,0.0098,6.0
selected_two_stage_av,pass,-0.8126,5.0
selected_two_stage_av,pass,-0.3554,4.0
selected_two_stage_av,pass,-1.8282,4.0
selected_two_stage_av,pass,-0.3554,2.0
selected_two_stage_av,pass,-0.6641,0.0
selected_two_stage_av,pass,1.7232,7.0
selected_two_stage_av,pass,-0.6641,0.0
selected_two_stage_av,pass,0.0098,4.0
selected_two_stage_av,pass,-0.3554,4.0
selected_two_stage_av,pass,-2.2855,4.0
selected_two_stage_av,pass,0.0098,0.0
selected_two_stage_av,pass,-0.8126,4.0
selected_two_stage_av,pass,-0.6641,0.0
selected_two_stage_av,pass,-0.6641,0.0
selected_two_stage_av,pass,-1.1214,0.0
selected_two_stage_av,pass,-1.2699,3.0
selected_two_stage_av,pass,-0.3554,2.0
selected_two_stage_av,pass,-0.3554,2.0
selected_two_stage_av,pass,0.467,0.0
selected_two_stage_av,pass,-2.2855,2.0
selected_two_stage_av,pass,-1.1543,2.0
selected_two_stage_av,pass,-0.2069,0.0
selected_two_stage_av,pass,-0.2069,6.0
selected_two_stage_av,pass,-0.3554,0.0
selected_two_stage_av,pass,0.8087,0.0
selected_two_stage_av,pass,-1.5786,3.0
selected_two_stage_av,pass,-0.6641,0.0
selected_two_stage_av,pass,1.266,10.0
selected_two_stage_av,pass,1.7232,5.0
selected_two_stage_av,pass,0.1019,0.0
selected_two_stage_av,pass,-0.2069,0.0
selected_two_stage_av,pass,1.7232,6.0
selected_two_stage_av,pass,-0.6641,0.0
selected_two_stage_av,pass,-2.2855,3.0
selected_two_stage_av,pass,0.9243,5.0
selected_two_stage_av,pass,2.6377,4.0
selected_two_stage_av,pass,-0.8126,1.0
selected_two_stage_av,pass,0.3515,9.0
selected_two_stage_av,pass,-1.1214,0.0
selected_two_stage_av,pass,-0.6641,4.0
selected_two_stage_av,pass,-0.6641,5.0
selected_two_stage_av,pass,-1.5786,3.0
selected_two_stage_av,pass,-0.8126,4.0
selected_two_stage_av,pass,0.8087,8.0
selected_two_stage_av,pass,-0.8126,3.0
selected_two_stage_av,pass,-2.0688,7.0
selected_two_stage_av,pass,-1.5786,0.0
selected_two_stage_av,pass,-0.4475,3.0
selected_two_stage_av,pass,0.0098,0.0
selected_two_stage_av,pass,1.7232,9.0
selected_two_stage_av,pass,0.1019,0.0
selected_two_stage_av,pass,-1.2699,4.0
selected_two_stage_av,pass,2.1805,5.0
selected_two_stage_av,pass,-1.1214,3.0
selected_two_stage_av,pass,0.1019,0.0
selected_two_stage_av,pass,-1.5786,3.0
selected_two_stage_av,pass,0.0098,4.0
selected_two_stage_av,pass,0.8087,4.0
selected_two_stage_av,pass,0.8087,5.0
selected_two_stage_av,pass,-0.2069,0.0
selected_two_stage_av,pass,0.5591,0.0
selected_two_stage_av,pass,-0.6641,2.0
selected_two_stage_av,pass,-1.1214,0.0
selected_two_stage_av,pass,1.266,5.0
selected_two_stage_av,pass,0.1019,0.0
selected_two_stage_av,pass,-0.2069,5.0
selected_two_stage_av,pass,-0.3554,0.0
selected_two_stage_av,pass,-0.6641,2.0
selected_two_stage_av,pass,0.467,6.0
selected_two_stage_av,pass,0.0098,7.0
selected_two_stage_av,pass,-0.6641,0.0
selected_two_stage_av,pass,-1.1214,0.0
selected_two_stage_av,pass,-1.1214,0.0
selected_two_stage_av,pass,-0.2069,4.0
selected_two_stage_av,pass,-2.7427,4.0
selected_two_stage_av,pass,0.7076,3.0
selected_two_stage_av,pass,-0.8126,5.0
selected_two_stage_av,pass,-0.3554,3.0
selected_two_stage_av,pass,0.0098,0.0
selected_two_stage_av,pass,0.467,0.0
selected_two_stage_av,pass,-0.8126,0.0
selected_two_stage_av,pass,-2.2855,4.0
selected_two_stage_av,pass,-0.3554,2.0
selected_two_stage_av,pass,-0.6641,2.0
selected_two_stage_av,pass,0.0098,0.0
selected_two_stage_av,pass,-0.3554,2.0
selected_two_stage_av,pass,0.8087,5.0
selected_two_stage_av,pass,-0.8126,0.0
selected_two_stage_av,pass,-2.7427,2.0
selected_two_stage_av,pass,-1.1214,3.0
selected_two_stage_av,pass,0.9243,0.0
selected_two_stage_av,pass,-0.6641,0.0
selected_two_stage_av,pass,0.467,7.0
selected_two_stage_av,pass,-0.4475,0.0
selected_two_stage_av,pass,-1.5786,0.0
selected_two_stage_av,pass,-1.5786,0.0
selected_two_stage_av,pass,-2.0688,2.0
selected_two_stage_av,pass,-0.8126,5.0
selected_two_stage_av,pass,1.7232,8.0
selected_two_stage_av,pass,-0.6641,0.0
selected_two_stage_av,pass,-1.6116,5.0
selected_two_stage_av,pass,-0.3554,7.0
selected_two_stage_av,pass,-0.8126,0.0
selected_two_stage_av,pass,-1.1214,4.0
selected_two_stage_av,pass,-1.5786,1.0
selected_two_stage_av,pass,0.1019,6.0
selected_two_stage_av,pass,-1.1214,4.0
selected_two_stage_av,pass,-2.2855,2.0
selected_two_stage_av,pass,0.0098,5.0
selected_two_stage_av,pass,-0.6641,0.0
selected_two_stage_av,pass,-0.9047,3.0
selected_two_stage_av,pass,-2.0688,1.0
selected_two_stage_av,pass,-0.6641,0.0
selected_two_stage_av,pass,0.9243,4.0
selected_two_stage_av,pass,0.1019,0.0
selected_two_stage_av,pass,0.1019,7.0
selected_two_stage_av,pass,1.0163,6.0
selected_two_stage_av,pass,-0.6641,0.0
selected_two_stage_av,pass,-2.2855,4.0
selected_two_stage_av,pass,-0.3554,0.0
selected_two_stage_av,pass,-0.2069,0.0
selected_two_stage_av,pass,2.1805,6.0
selected_two_stage_av,pass,-0.3554,2.0
selected_two_stage_av,pass,-0.6641,0.0
selected_two_stage_av,pass,-0.3554,8.0
selected_two_stage_av,pass,0.8087,8.0
selected_two_stage_av,pass,-0.6641,5.0
selected_two_stage_av,pass,-0.8126,1.0
selected_two_stage_av,pass,0.0098,0.0
selected_two_stage_av,pass,1.7232,6.0
selected_two_stage_av,pass,-0.4475,4.0
selected_two_stage_av,pass,-2.2855,2.0
selected_two_stage_av,pass,0.8087,6.0
selected_two_stage_av,pass,-0.8126,1.0
selected_two_stage_av,pass,1.7232,8.0
selected_two_stage_av,pass,1.266,4.0
selected_two_stage_av,pass,-0.4475,3.0
selected_two_stage_av,pass,1.266,7.0
selected_two_stage_av,pass,0.8087,6.0
selected_two_stage_av,pass,0.8087,7.0
selected_two_stage_av,pass,0.467,0.0
selected_two_stage_av,pass,-0.6641,0.0
selected_two_stage_av,pass,-0.6641,1.0
selected_two_stage_av,pass,-0.2069,1.0
selected_two_stage_av,pass,-0.6641,0.0
selected_two_stage_av,pass,-1.8282,5.0
selected_two_stage_av,pass,-1.1543,3.0
selected_two_stage_av,pass,-1.1214,1.0
selected_two_stage_av,pass,0.0098,0.0
selected_two_stage_av,pass,0.467,0.0
selected_two_stage_av,pass,-0.4475,5.0
selected_two_stage_av,pass,-2.5261,3.0
selected_two_stage_av,pass,0.0098,0.0
selected_two_stage_av,pass,1.7232,8.0
selected_two_stage_av,pass,0.0098,0.0
selected_two_stage_av,pass,1.266,6.0
selected_two_stage_av,pass,-1.1543,2.0
selected_two_stage_av,pass,0.0098,0.0
selected_two_stage_av,pass,0.1019,0.0
selected_two_stage_av,pass,2.1805,7.0
selected_two_stage_av,pass,-2.2855,4.0
selected_two_stage_av,pass,-0.4475,7.0
selected_two_stage_av,pass,-0.6641,0.0
selected_two_stage_av,pass,0.3515,7.0
selected_two_stage_av,pass,-1.1214,4.0
selected_two_stage_av,pass,-0.3554,2.0
selected_two_stage_av,pass,0.1019,3.0
selected_two_stage_av,pass,-3.2,3.0
selected_two_stage_av,pass,-0.3554,1.0
selected_two_stage_av,pass,-2.0688,4.0
selected_two_stage_av,pass,0.0098,2.0
selected_two_stage_av,pass,-1.1214,2.0
selected_two_stage_av,pass,-0.2069,4.0
selected_two_stage_av,pass,-2.0688,3.0
selected_two_stage_av,pass,1.3815,5.0
selected_two_stage_av,pass,-1.371,3.0
selected_two_stage_av,pass,-1.6116,4.0
selected_two_stage_av,pass,-1.1214,0.0
selected_two_stage_av,pass,-1.1214,0.0
selected_two_stage_av,pass,0.1019,3.0
selected_two_stage_av,pass,0.1019,9.0
selected_two_stage_av,pass,0.467,4.0
selected_two_stage_av,pass,-0.3554,2.0
selected_two_stage_av,pass,0.1019,6.0
selected_two_stage_av,pass,-1.1214,3.0
selected_two_stage_av,pass,0.2504,0.0
selected_two_stage_av,pass,-0.6641,5.0
selected_two_stage_av,pass,0.5591,6.0
selected_two_stage_av,pass,1.266,6.0
selected_two_stage_av,pass,0.8087,8.0
selected_two_stage_av,pass,-1.1214,1.0
selected_two_stage_av,pass,0.467,5.0
selected_two_stage_av,pass,-0.6641,3.0
selected_two_stage_av,pass,-1.1214,0.0
selected_two_stage_av,pass,0.8087,7.0
selected_two_stage_av,pass,-0.8126,5.0
selected_two_stage_av,pass,-0.4475,6.0
selected_two_stage_av,pass,0.2504,0.0
selected_two_stage_av,pass,-1.5786,0.0
selected_two_stage_av,pass,-0.2069,0.0
selected_two_stage_av,pass,-0.3554,5.0
selected_two_stage_av,pass,0.9243,7.0
selected_two_stage_av,pass,-1.2699,6.0
selected_two_stage_av,pass,2.6377,8.0
selected_two_stage_av,pass,-1.6116,6.0
selected_two_stage_av,pass,0.0098,7.0
selected_two_stage_av,pass,0.8087,6.0
selected_two_stage_av,pass,-0.2069,0.0
selected_two_stage_av,pass,-0.6641,0.0
selected_two_stage_av,pass,-0.3554,0.0
selected_two_stage_av,pass,-0.8126,3.0
selected_two_stage_av,pass,-1.1214,0.0
selected_two_stage_av,pass,1.7232,6.0
selected_two_stage_av,pass,1.7232,6.0
selected_two_stage_av,pass,-0.4475,0.0
selected_two_stage_av,pass,0.9243,0.0
selected_two_stage_av,pass,0.467,3.0
selected_two_stage_av,pass,-1.2699,6.0
selected_two_stage_av,pass,-0.3554,3.0
selected_two_stage_av,pass,-2.2855,3.0
selected_two_stage_av,pass,-1.6116,0.0
selected_two_stage_av,pass,0.8087,7.0
selected_two_stage_av,pass,0.1019,3.0
selected_two_stage_av,pass,-1.371,4.0
selected_two_stage_av,pass,0.467,6.0
selected_two_stage_av,pass,-0.6641,0.0
selected_two_stage_av,pass,-2.7427,5.0
selected_two_stage_av,pass,-0.8126,4.0
selected_two_stage_av,pass,-0.3554,4.0
selected_two_stage_av,pass,-0.2069,0.0
selected_two_stage_av,pass,-0.4475,3.0
selected_two_stage_av,pass,-0.2069,0.0
selected_two_stage_av,pass,-0.3554,9.0
selected_two_stage_av,pass,0.0098,5.0
selected_two_stage_av,pass,-2.2855,4.0
selected_two_stage_av,pass,-0.8126,7.0
selected_two_stage_av,pass,0.0098,5.0
selected_two_stage_av,pass,0.0098,0.0
selected_two_stage_av,pass,0.1019,5.0
selected_two_stage_av,pass,0.1019,0.0
selected_two_stage_av,pass,0.1019,0.0
selected_two_stage_av,pass,-0.2069,0.0
selected_two_stage_av,pass,0.0098,2.0
selected_two_stage_av,pass,-2.0688,7.0
selected_two_stage_av,pass,-0.3554,4.0
selected_two_stage_av,pass,-2.5261,3.0
selected_two_stage_av,pass,-1.371,3.0
selected_two_stage_av,pass,1.4736,4.0
selected_two_stage_av,pass,-1.1543,4.0
selected_two_stage_av,pass,-0.6641,0.0
selected_two_stage_av,pass,0.467,7.0
selected_two_stage_av,pass,-0.6641,0.0
selected_two_stage_av,pass,-0.6971,4.0
selected_two_stage_av,pass,-1.1214,0.0
selected_two_stage_av,pass,-0.3554,2.0
selected_two_stage_av,pass,-0.3554,6.0
selected_two_stage_av,pass,-0.6641,5.0
selected_two_stage_av,pass,-1.1543,3.0
selected_two_stage_av,pass,-2.0688,5.0
selected_two_stage_av,pass,-0.6641,0.0
selected_two_stage_av,pass,-2.2855,2.0
selected_two_stage_av,pass,-0.4475,7.0
selected_two_stage_av,pass,-0.3554,0.0
selected_two_stage_av,pass,-1.1543,1.0
selected_two_stage_av,pass,-1.1214,2.0
selected_two_stage_av,pass,0.5591,3.0
selected_two_stage_av,pass,-2.2855,5.0
selected_two_stage_av,pass,-0.2069,4.0
selected_two_stage_av,pass,-0.3554,0.0
selected_two_stage_av,pass,-0.8126,4.0
selected_two_stage_av,pass,0.1019,5.0
selected_two_stage_av,pass,-0.3554,4.0
selected_two_stage_av,pass,-0.2069,0.0
selected_two_stage_av,pass,0.0098,9.0
selected_two_stage_av,pass,-1.6116,3.0
selected_two_stage_av,pass,-0.6641,2.0
selected_two_stage_av,pass,0.0098,6.0
selected_two_stage_av,pass,-1.6116,1.0
selected_two_stage_av,pass,0.3515,5.0
selected_two_stage_av,pass,-2.2855,2.0
selected_two_stage_av,pass,0.1019,2.0
selected_two_stage_av,pass,-1.6116,4.0
selected_two_stage_av,pass,-2.2855,5.0
selected_two_stage_av,pass,-0.2069,0.0
selected_two_stage_av,pass,-1.2699,4.0
selected_two_stage_av,pass,-0.2069,0.0
selected_two_stage_av,pass,0.0098,0.0
selected_two_stage_av,pass,2.1805,6.0
selected_two_stage_av,pass,-0.6641,4.0
selected_two_stage_av,pass,-1.8282,4.0
selected_two_stage_av,pass,1.3815,0.0
selected_two_stage_av,pass,-0.3554,5.0
selected_two_stage_av,pass,-0.6641,0.0
selected_two_stage_av,pass,-1.1214,0.0
selected_two_stage_av,pass,-0.2069,0.0
selected_two_stage_av,pass,-1.1214,5.0
selected_two_stage_av,pass,-2.0688,4.0
selected_two_stage_av,pass,0.1019,7.0
selected_two_stage_av,pass,-0.4475,6.0
selected_two_stage_av,pass,-1.6116,5.0
selected_two_stage_av,pass,1.7232,7.0
selected_two_stage_av,pass,-0.3554,4.0
selected_two_stage_av,pass,0.7076,5.0
selected_two_stage_av,pass,0.8087,5.0
selected_two_stage_av,pass,-0.2069,0.0
selected_two_stage_av,pass,-2.0688,4.0
selected_two_stage_av,pass,-0.4475,0.0
selected_two_stage_av,pass,0.0098,4.0
selected_two_stage_av,pass,1.7232,7.0
selected_two_stage_av,pass,0.5591,5.0
selected_two_stage_av,pass,2.1805,5.0
selected_two_stage_av,pass,0.467,5.0
selected_two_stage_av,pass,-1.8282,3.0
selected_two_stage_av,pass,-0.4475,0.0
selected_two_stage_av,pass,0.467,0.0
selected_two_stage_av,pass,-0.6641,0.0
selected_two_stage_av,pass,0.1019,5.0
selected_two_stage_av,pass,-1.371,2.0
selected_two_stage_av,pass,-1.1214,0.0
selected_two_stage_av,pass,1.266,5.0
selected_two_stage_av,pass,-1.1214,0.0
selected_two_stage_av,pass,-0.6641,0.0
selected_two_stage_av,pass,0.0098,7.0
selected_two_stage_av,pass,0.2504,0.0
selected_two_stage_av,pass,-0.3554,4.0
selected_two_stage_av,pass,-0.2069,0.0
selected_two_stage_av,pass,-1.1543,5.0
selected_two_stage_av,pass,-1.1214,3.0
selected_two_stage_av,pass,-1.2699,1.0
selected_two_stage_av,pass,1.266,6.0
selected_two_stage_av,pass,-0.6641,4.0
selected_two_stage_av,pass,-0.6971,4.0
selected_two_stage_av,pass,0.5591,7.0
selected_two_stage_av,pass,-0.9047,0.0
selected_two_stage_av,pass,0.8087,7.0
selected_two_stage_av,pass,-1.1214,0.0
selected_two_stage_av,pass,-1.8282,5.0
selected_two_stage_av,pass,-1.1214,4.0
selected_two_stage_av,pass,-0.6641,0.0
selected_two_stage_av,pass,0.9243,0.0
selected_two_stage_av,pass,-2.0688,3.0
selected_two_stage_av,pass,-2.2855,3.0
selected_two_stage_av,pass,-1.5786,4.0
selected_two_stage_av,pass,-0.3554,7.0
selected_two_stage_av,pass,0.1019,6.0
selected_two_stage_av,pass,0.467,2.0
selected_two_stage_av,pass,0.467,0.0
selected_two_stage_av,pass,-1.2699,0.0
selected_two_stage_av,pass,-0.6641,4.0
selected_two_stage_av,pass,-0.2069,0.0
selected_two_stage_av,pass,-0.9047,0.0
selected_two_stage_av,pass,-0.3554,9.0
selected_two_stage_av,pass,0.9243,8.0
selected_two_stage_av,pass,-1.1214,0.0
selected_two_stage_av,pass,-2.7427,0.0
selected_two_stage_av,pass,0.467,3.0
selected_two_stage_av,pass,-0.3554,3.0
selected_two_stage_av,pass,2.1805,8.0
selected_two_stage_av,pass,-1.2699,4.0
selected_two_stage_av,pass,0.0098,6.0
selected_two_stage_av,pass,-0.2069,0.0
selected_two_stage_av,pass,-1.2699,0.0
selected_two_stage_av,pass,-0.6641,4.0
selected_two_stage_av,pass,-0.8126,4.0
selected_two_stage_av,pass,-0.8126,0.0
selected_two_stage_av,pass,-1.1214,0.0
selected_two_stage_av,pass,-1.1214,0.0
selected_two_stage_av,pass,-2.2855,2.0
selected_two_stage_av,pass,0.5591,4.0
selected_two_stage_av,pass,0.467,0.0
selected_two_stage_av,pass,1.266,8.0
selected_two_stage_av,pass,0.0098,3.0
selected_two_stage_av,pass,1.7232,4.0
selected_two_stage_av,pass,-1.6116,4.0
selected_two_stage_av,pass,-1.6116,4.0
selected_two_stage_av,pass,0.0098,0.0
selected_two_stage_av,pass,-1.6116,6.0
selected_two_stage_av,pass,-2.2855,7.0
selected_two_stage_av,pass,1.266,6.0
selected_two_stage_av,pass,-0.9138,6.0
selected_two_stage_av,pass,-0.6641,0.0
selected_two_stage_av,pass,0.2504,2.0
selected_two_stage_av,pass,-0.3554,2.0
selected_two_stage_av,pass,-0.3554,0.0
selected_two_stage_av,pass,0.467,0.0
selected_two_stage_av,pass,1.266,6.0
selected_two_stage_av,pass,-1.1543,5.0
selected_two_stage_av,pass,-2.2855,2.0
selected_two_stage_av,pass,0.0098,6.0
selected_two_stage_av,pass,-0.6641,0.0
selected_two_stage_av,pass,0.0098,3.0
selected_two_stage_av,pass,-0.6641,3.0
selected_two_stage_av,pass,-0.4475,2.0
selected_two_stage_av,pass,-0.4475,2.0
selected_two_stage_av,pass,-0.8126,4.0
selected_two_stage_av,pass,-1.1214,1.0
selected_two_stage_av,pass,-0.3554,0.0
selected_two_stage_av,pass,-0.8126,8.0
selected_two_stage_av,pass,-2.7427,5.0
selected_two_stage_av,pass,0.467,4.0
selected_two_stage_av,pass,0.1019,9.0
selected_two_stage_av,pass,-0.3554,5.0
selected_two_stage_av,pass,-0.3554,5.0
selected_two_stage_av,pass,-0.4475,3.0
selected_two_stage_av,pass,0.467,4.0
selected_two_stage_av,pass,-0.4475,3.0
selected_two_stage_av,pass,1.266,6.0
selected_two_stage_av,pass,-1.6116,4.0
selected_two_stage_av,pass,0.0098,0.0
selected_two_stage_av,pass,-1.6116,3.0
selected_two_stage_av,pass,-0.2069,0.0
selected_two_stage_av,pass,-0.9047,7.0
selected_two_stage_av,pass,-0.4475,0.0
selected_two_stage_av,pass,0.1019,3.0
selected_two_stage_av,pass,-2.7427,3.0
selected_two_stage_av,pass,0.5591,6.0
selected_two_stage_av,pass,0.0098,8.0
selected_two_stage_av,pass,0.3515,6.0
selected_two_stage_av,pass,-0.4475,6.0
selected_two_stage_av,pass,-1.6116,2.0
selected_two_stage_av,pass,0.467,6.0
selected_two_stage_av,pass,-1.1214,0.0
selected_two_stage_av,pass,0.8087,8.0
selected_two_stage_av,pass,-0.4475,7.0
selected_two_stage_av,pass,-0.8126,3.0
selected_two_stage_av,pass,0.0098,3.0
selected_two_stage_av,pass,-0.4475,3.0
selected_two_stage_av,pass,1.7232,7.0
selected_two_stage_av,pass,0.467,7.0
selected_two_stage_av,pass,0.2504,4.0
selected_two_stage_av,pass,-0.9047,0.0
selected_two_stage_av,pass,0.0098,4.0
selected_two_stage_av,pass,-2.0688,4.0
selected_two_stage_av,pass,0.8087,8.0
selected_two_stage_av,pass,0.5591,7.0
selected_two_stage_av,pass,-1.6116,4.0
selected_two_stage_av,pass,-0.8126,0.0
selected_two_stage_av,pass,0.1019,0.0
selected_two_stage_av,pass,-0.2069,0.0
selected_two_stage_av,pass,-0.6641,3.0
selected_two_stage_av,pass,-0.9047,0.0
selected_two_stage_av,pass,-0.6641,2.0
selected_two_stage_av,pass,-1.1543,4.0
selected_two_stage_av,pass,-1.2699,7.0
selected_two_stage_av,pass,0.1019,0.0
selected_two_stage_av,pass,0.8087,10.0
selected_two_stage_av,pass,-1.2699,6.0
selected_two_stage_av,pass,-0.3554,0.0
selected_two_stage_av,pass,-2.5261,5.0
selected_two_stage_av,pass,0.8087,7.0
selected_two_stage_av,pass,-2.2855,1.0
selected_two_stage_av,pass,-1.6116,2.0
selected_two_stage_av,pass,0.0098,0.0
selected_two_stage_av,pass,-0.6641,0.0
selected_two_stage_av,pass,-1.1214,0.0
selected_two_stage_av,pass,0.2504,0.0
selected_two_stage_av,pass,-0.8126,0.0
selected_two_stage_av,pass,-0.6641,0.0
selected_two_stage_av,pass,0.1019,0.0
selected_two_stage_av,pass,-0.9047,0.0
selected_two_stage_av,pass,-1.1214,0.0
selected_two_stage_av,pass,-0.9047,0.0
selected_two_stage_av,pass,-0.4475,7.0
selected_two_stage_av,pass,-0.3554,6.0
selected_two_stage_av,pass,-0.6641,0.0
selected_two_stage_av,pass,-0.2069,1.0
selected_two_stage_av,pass,-0.8126,2.0
selected_two_stage_av,pass,2.1805,6.0
selected_two_stage_av,pass,0.0098,3.0
selected_two_stage_av,pass,1.266,6.0
selected_two_stage_av,pass,-2.5261,7.0
selected_two_stage_av,pass,-3.2,1.0
selected_two_stage_av,pass,0.8087,7.0
selected_two_stage_av,pass,0.0098,4.0
selected_two_stage_av,pass,0.9243,0.0
selected_two_stage_av,pass,0.9243,4.0
selected_two_stage_av,pass,-0.3554,2.0
selected_two_stage_av,pass,-1.1214,0.0
selected_two_stage_av,pass,-0.4475,8.0
selected_two_stage_av,pass,-0.2069,0.0
selected_two_stage_av,pass,0.467,8.0
selected_two_stage_av,pass,-0.3554,4.0
selected_two_stage_av,pass,-0.8126,1.0
selected_two_stage_av,pass,0.0098,3.0
selected_two_stage_av,pass,-0.3554,3.0
selected_two_stage_av,pass,0.467,3.0
selected_two_stage_av,pass,1.7232,8.0
selected_two_stage_av,pass,-0.4475,0.0
selected_two_stage_av,pass,-2.0688,1.0
selected_two_stage_av,pass,-2.7427,2.0
selected_two_stage_av,pass,-0.3554,9.0
selected_two_stage_av,pass,-2.2855,3.0
selected_two_stage_av,pass,1.7232,5.0
selected_two_stage_av,pass,0.8087,7.0
selected_two_stage_av,pass,-1.2699,0.0
selected_two_stage_av,pass,-1.1214,0.0
selected_two_stage_av,pass,-1.1214,3.0
selected_two_stage_av,pass,-0.8126,3.0
selected_two_stage_av,pass,-0.8126,3.0
selected_two_stage_av,pass,-2.7427,4.0
selected_two_stage_av,pass,-3.2,3.0
selected_two_stage_av,pass,-1.6116,2.0
selected_two_stage_av,pass,1.7232,8.0
selected_two_stage_av,pass,0.0098,7.0
selected_two_stage_av,pass,-0.3554,6.0
selected_two_stage_av,pass,0.1019,2.0
selected_two_stage_av,pass,-1.5786,0.0
selected_two_stage_av,pass,-0.4475,3.0
selected_two_stage_av,pass,-0.8126,0.0
selected_two_stage_av,pass,-2.2855,2.0
selected_two_stage_av,pass,0.3515,6.0
selected_two_stage_av,pass,-0.8126,7.0
selected_two_stage_av,pass,-0.8126,3.0
selected_two_stage_av,pass,-1.1214,0.0
selected_two_stage_av,pass,-1.6116,4.0
selected_two_stage_av,pass,2.1805,7.0
selected_two_stage_av,pass,-0.4475,4.0
selected_two_stage_av,pass,-0.8126,2.0
selected_two_stage_av,pass,-0.3554,0.0
selected_two_stage_av,pass,-0.6641,0.0
selected_two_stage_av,pass,-0.6641,0.0
selected_two_stage_av,pass,1.266,7.0
selected_two_stage_av,pass,-0.8126,1.0
selected_two_stage_av,pass,-0.4475,4.0
selected_two_stage_av,pass,0.5591,0.0
selected_two_stage_av,pass,-2.7427,3.0
selected_two_stage_av,pass,-2.7427,1.0
selected_two_stage_av,pass,-2.2855,3.0
selected_two_stage_av,pass,0.8087,5.0
selected_two_stage_av,pass,-2.0688,3.0
selected_two_stage_av,pass,1.7232,6.0
selected_two_stage_av,pass,0.5591,4.0
selected_two_stage_av,pass,-2.0688,7.0
selected_two_stage_av,pass,-1.6116,4.0
selected_two_stage_av,pass,-0.6641,4.0
selected_two_stage_av,pass,1.0163,0.0
selected_two_stage_av,pass,-0.8126,6.0
selected_two_stage_av,pass,0.467,0.0
selected_two_stage_av,pass,0.1019,3.0
selected_two_stage_av,pass,-0.6641,0.0
selected_two_stage_av,pass,-1.6116,3.0
selected_two_stage_av,pass,-0.3554,0.0
selected_two_stage_av,pass,0.8087,8.0
selected_two_stage_av,pass,-0.3554,3.0
selected_two_stage_av,pass,0.0098,0.0
selected_two_stage_av,pass,-0.4475,4.0
selected_two_stage_av,pass,-1.5786,2.0
selected_two_stage_av,pass,-0.2069,0.0
selected_two_stage_av,pass,0.1019,3.0
selected_two_stage_av,pass,-0.8126,6.0
selected_two_stage_av,pass,-1.6116,6.0
selected_two_stage_av,pass,-1.1214,0.0
selected_two_stage_av,pass,-0.2069,0.0
selected_two_stage_av,pass,0.0098,0.0
selected_two_stage_av,pass,-1.1214,0.0
selected_two_stage_av,pass,-0.2069,0.0
selected_two_stage_av,pass,-1.2699,6.0
selected_two_stage_av,pass,0.0098,2.0
selected_two_stage_av,pass,-2.2855,4.0
selected_two_stage_av,pass,-0.6971,2.0
selected_two_stage_av,pass,-1.1214,0.0
selected_two_stage_av,pass,1.266,8.0
selected_two_stage_av,pass,0.1019,6.0
selected_two_stage_av,pass,-1.8282,3.0
selected_two_stage_av,pass,-1.8282,3.0
selected_two_stage_av,pass,-0.6641,0.0
selected_two_stage_av,pass,-1.1214,0.0
selected_two_stage_av,pass,-0.8126,4.0
selected_two_stage_av,pass,0.8087,6.0
selected_two_stage_av,pass,-0.6641,3.0
selected_two_stage_av,pass,-1.8282,5.0
selected_two_stage_av,pass,0.0098,0.0
selected_two_stage_av,pass,1.7232,9.0
selected_two_stage_av,pass,-2.0688,2.0
selected_two_stage_av,pass,-0.4475,8.0
selected_two_stage_av,pass,-0.2069,0.0
selected_two_stage_av,pass,-0.6641,1.0
selected_two_stage_av,pass,2.1805,7.0
selected_two_stage_av,pass,-1.8282,4.0
selected_two_stage_av,pass,0.9243,0.0
selected_two_stage_av,pass,0.8087,7.0
selected_two_stage_av,pass,-1.1543,5.0
selected_two_stage_av,pass,0.3515,5.0
selected_two_stage_av,pass,-0.6641,0.0
selected_two_stage_av,pass,2.1805,4.0
selected_two_stage_av,pass,-1.1214,0.0
selected_two_stage_av,pass,-2.0688,2.0
selected_two_stage_av,pass,-1.1543,3.0
selected_two_stage_av,pass,-0.6641,4.0
selected_two_stage_av,pass,0.9243,0.0
selected_two_stage_av,pass,-2.0688,1.0
selected_two_stage_av,pass,1.266,5.0
selected_two_stage_av,pass,-0.8126,2.0
selected_two_stage_av,pass,0.467,0.0
selected_two_stage_av,pass,-0.4475,0.0
selected_two_stage_av,pass,-2.5261,6.0
selected_two_stage_av,pass,0.8087,8.0
selected_two_stage_av,pass,-0.8126,8.0
selected_two_stage_av,pass,-0.6641,0.0
selected_two_stage_av,pass,-0.3554,3.0
selected_two_stage_av,pass,-2.7427,5.0
selected_two_stage_av,pass,-0.4475,2.0
selected_two_stage_av,pass,-0.3554,8.0
selected_two_stage_av,pass,-3.2,4.0
selected_two_stage_av,pass,-0.2069,2.0
selected_two_stage_av,pass,-0.2069,0.0
selected_two_stage_av,pass,2.1805,7.0
selected_two_stage_av,pass,-0.6641,5.0
selected_two_stage_av,pass,-0.8126,3.0
selected_two_stage_av,pass,0.1019,4.0
selected_two_stage_av,pass,-1.1543,3.0
selected_two_stage_av,pass,-0.3554,0.0
selected_two_stage_av,pass,0.1019,0.0
selected_two_stage_av,pass,-0.3554,0.0
selected_two_stage_av,pass,0.8087,4.0
selected_two_stage_av,pass,0.1019,0.0
selected_two_stage_av,pass,-0.3554,0.0
selected_two_stage_av,pass,0.1019,7.0
selected_two_stage_av,pass,-0.8126,0.0
selected_two_stage_av,pass,-0.8126,10.0
selected_two_stage_av,pass,0.1019,2.0
selected_two_stage_av,pass,-0.6641,0.0
selected_two_stage_av,pass,-0.2069,0.0
selected_two_stage_av,pass,-2.2855,3.0
selected_two_stage_av,pass,-0.6641,0.0
selected_two_stage_av,pass,-1.5786,0.0
selected_two_stage_av,pass,-0.3554,6.0
selected_two_stage_av,pass,-0.6641,2.0
selected_two_stage_av,pass,-0.3554,3.0
selected_two_stage_av,pass,-1.1214,0.0
selected_two_stage_av,pass,-0.6641,0.0
selected_two_stage_av,pass,-0.3554,1.0
selected_two_stage_av,pass,0.3515,4.0
selected_two_stage_av,pass,0.0098,0.0
selected_two_stage_av,pass,-1.6116,5.0
selected_two_stage_av,pass,-0.6641,0.0
selected_two_stage_av,pass,-0.8126,8.0
selected_two_stage_av,pass,1.266,7.0
selected_two_stage_av,pass,0.1019,6.0
selected_two_stage_av,pass,0.3515,8.0
selected_two_stage_av,pass,-1.1214,0.0
selected_two_stage_av,pass,-0.3554,0.0
selected_two_stage_av,pass,-1.2699,6.0
selected_two_stage_av,pass,-0.2069,4.0
selected_two_stage_av,pass,-2.2855,4.0
selected_two_stage_av,pass,0.1019,4.0
selected_two_stage_av,pass,-0.6641,0.0
selected_two_stage_av,pass,-1.1214,5.0
selected_two_stage_av,pass,-2.0688,5.0
selected_two_stage_av,pass,-1.2699,0.0
selected_two_stage_av,pass,0.0098,5.0
selected_two_stage_av,pass,-0.6641,5.0
selected_two_stage_av,pass,-0.3554,0.0
selected_two_stage_av,pass,0.467,0.0
selected_two_stage_av,pass,0.0098,2.0
selected_two_stage_av,pass,-0.3554,5.0
selected_two_stage_av,pass,0.0098,6.0
selected_two_stage_av,pass,-0.8126,2.0
selected_two_stage_av,pass,-1.1214,0.0
selected_two_stage_av,pass,0.1019,3.0
selected_two_stage_av,pass,-0.6641,2.0
selected_two_stage_av,pass,-0.6641,5.0
selected_two_stage_av,pass,0.467,0.0
selected_two_stage_av,pass,-2.2855,4.0
selected_two_stage_av,pass,0.8087,4.0
selected_two_stage_av,pass,-3.2,3.0
selected_two_stage_av,pass,1.266,6.0
selected_two_stage_av,pass,-1.1543,3.0
selected_two_stage_av,pass,-0.8126,9.0
selected_two_stage_av,pass,0.467,0.0
selected_two_stage_av,pass,-1.1214,4.0
selected_two_stage_av,pass,2.6377,7.0
selected_two_stage_av,pass,-0.3554,3.0
selected_two_stage_av,pass,0.2504,0.0
selected_two_stage_av,pass,-0.6641,0.0
selected_two_stage_av,pass,-2.2855,4.0
selected_two_stage_av,pass,0.2504,0.0
selected_two_stage_av,pass,-0.2069,0.0
selected_two_stage_av,pass,-0.3554,0.0
selected_two_stage_av,pass,-0.4475,1.0
selected_two_stage_av,pass,0.9243,0.0
selected_two_stage_av,pass,0.1019,5.0
selected_two_stage_av,pass,-0.3554,8.0
selected_two_stage_av,pass,-0.4475,1.0
selected_two_stage_av,pass,-0.8126,6.0
selected_two_stage_av,pass,-0.3554,6.0
selected_two_stage_av,pass,1.266,3.0
selected_two_stage_av,pass,-0.2069,5.0
selected_two_stage_av,pass,-0.9047,7.0
selected_two_stage_av,pass,1.266,9.0
selected_two_stage_av,pass,-0.3554,3.0
selected_two_stage_av,pass,-1.2699,1.0
selected_two_stage_av,pass,1.7232,7.0
selected_two_stage_av,pass,-0.8126,1.0
selected_two_stage_av,pass,-2.7427,1.0
selected_two_stage_av,pass,-0.6641,3.0
selected_two_stage_av,pass,0.0098,0.0
selected_two_stage_av,pass,-1.1214,0.0
selected_two_stage_av,pass,0.9243,4.0
selected_two_stage_av,pass,1.266,8.0
selected_two_stage_av,pass,-1.371,1.0
selected_two_stage_av,pass,-0.4475,5.0
selected_two_stage_av,pass,-0.2069,0.0
selected_two_stage_av,pass,-0.6641,0.0
selected_two_stage_av,pass,0.1019,0.0
selected_two_stage_av,pass,-0.3554,6.0
selected_two_stage_av,pass,-0.3554,0.0
selected_two_stage_av,pass,1.7232,5.0
selected_two_stage_av,pass,-0.4475,5.0
selected_two_stage_av,pass,-1.6116,7.0
selected_two_stage_av,pass,-2.0688,3.0
selected_two_stage_av,pass,-0.2069,0.0
selected_two_stage_av,pass,0.0098,4.0
selected_two_stage_av,pass,-0.3554,3.0
selected_two_stage_av,pass,-0.3554,3.0
selected_two_stage_av,pass,-1.2699,4.0
selected_two_stage_av,pass,-0.3554,0.0
selected_two_stage_av,pass,-1.1214,0.0
selected_two_stage_av,pass,2.1805,7.0
selected_two_stage_av,pass,0.467,0.0
selected_two_stage_av,pass,-1.8282,4.0
selected_two_stage_av,pass,-0.6971,5.0
selected_two_stage_av,pass,-0.8126,0.0
selected_two_stage_av,pass,-1.6116,2.0
selected_two_stage_av,pass,1.7232,6.0
selected_two_stage_av,pass,-1.5786,0.0
selected_two_stage_av,pass,0.1019,0.0
selected_two_stage_av,pass,0.1019,0.0
selected_two_stage_av,pass,-0.8126,0.0
selected_two_stage_av,pass,-1.1543,4.0
selected_two_stage_av,pass,-1.5786,0.0
selected_two_stage_av,pass,-0.6641,4.0
selected_two_stage_av,pass,-2.2855,2.0
selected_two_stage_av,pass,-0.4475,0.0
selected_two_stage_av,pass,1.7232,6.0
selected_two_stage_av,pass,-0.6971,2.0
selected_two_stage_av,pass,-0.6641,3.0
selected_two_stage_av,pass,-0.8126,8.0
selected_two_stage_av,pass,-0.8126,2.0
selected_two_stage_av,pass,-0.4475,6.0
selected_two_stage_av,pass,0.8087,9.0
selected_two_stage_av,pass,-0.3554,0.0
selected_two_stage_av,pass,0.8087,6.0
selected_two_stage_av,pass,1.266,5.0
selected_two_stage_av,pass,0.3515,6.0
selected_two_stage_av,pass,-0.8126,4.0
selected_two_stage_av,pass,-0.3554,4.0
selected_two_stage_av,pass,0.9243,0.0
selected_two_stage_av,pass,1.7232,7.0
selected_two_stage_av,pass,-1.6116,2.0
selected_two_stage_av,pass,-2.2855,5.0
selected_two_stage_av,pass,-0.8126,6.0
selected_two_stage_av,pass,-0.3554,0.0
selected_two_stage_av,pass,-0.4475,2.0
selected_two_stage_av,pass,-2.7427,1.0
selected_two_stage_av,pass,0.1019,7.0
selected_two_stage_av,pass,0.0098,5.0
selected_two_stage_av,pass,-0.3554,0.0
selected_two_stage_av,pass,0.467,0.0
selected_two_stage_av,pass,-0.2069,0.0
selected_two_stage_av,pass,-0.8126,0.0
selected_two_stage_av,pass,-0.3554,7.0
selected_two_stage_av,pass,-0.3554,2.0
selected_two_stage_av,pass,-2.0688,2.0
selected_two_stage_av,pass,-0.6641,5.0
selected_two_stage_av,pass,-3.2,2.0
selected_two_stage_av,pass,-2.0688,3.0
selected_two_stage_av,pass,1.266,7.0
selected_two_stage_av,pass,-0.4475,2.0
selected_two_stage_av,pass,1.266,7.0
selected_two_stage_av,pass,-0.6641,0.0
selected_two_stage_av,pass,0.0098,0.0
selected_two_stage_av,pass,-2.2855,4.0
selected_two_stage_av,pass,-0.6641,5.0
selected_two_stage_av,pass,0.2504,0.0
selected_two_stage_av,pass,0.467,7.0
selected_two_stage_av,pass,-0.6641,0.0
selected_two_stage_av,pass,-0.8126,4.0
selected_two_stage_av,pass,0.1019,4.0
selected_two_stage_av,pass,0.1019,6.0
selected_two_stage_av,pass,-0.2069,1.0
selected_two_stage_av,pass,0.1019,4.0
selected_two_stage_av,pass,0.0098,5.0
selected_two_stage_av,pass,0.0098,3.0
selected_two_stage_av,pass,0.0098,4.0
selected_two_stage_av,pass,-2.7427,5.0
selected_two_stage_av,pass,0.1019,5.0
selected_two_stage_av,pass,-2.7427,6.0
selected_two_stage_av,pass,1.266,5.0
selected_two_stage_av,pass,-0.3554,7.0
selected_two_stage_av,pass,0.1019,0.0
selected_two_stage_av,pass,-2.2855,6.0
selected_two_stage_av,pass,-2.7427,3.0
selected_two_stage_av,pass,-1.1214,0.0
selected_two_stage_av,pass,0.0098,9.0
selected_two_stage_av,pass,-0.4475,7.0
selected_two_stage_av,pass,-0.6641,0.0
selected_two_stage_av,pass,1.266,4.0
selected_two_stage_av,pass,-2.7427,3.0
selected_two_stage_av,pass,-1.1214,0.0
selected_two_stage_av,pass,0.467,0.0
selected_two_stage_av,pass,-2.0688,4.0
selected_two_stage_av,pass,-0.9047,2.0
selected_two_stage_av,pass,-0.6641,0.0
selected_two_stage_av,pass,-0.6641,3.0
selected_two_stage_av,pass,-0.6641,2.0
selected_two_stage_av,pass,-0.6641,0.0
selected_two_stage_av,pass,-1.1214,6.0
selected_two_stage_av,pass,-0.3554,0.0
selected_two_stage_av,pass,-2.2855,5.0
selected_two_stage_av,pass,-2.2855,5.0
selected_two_stage_av,pass,-0.6641,2.0
selected_two_stage_av,pass,-1.1543,5.0
selected_two_stage_av,pass,0.467,0.0
selected_two_stage_av,pass,-2.7427,5.0
selected_two_stage_av,pass,-1.1214,0.0
selected_two_stage_av,pass,-1.1543,5.0
selected_two_stage_av,pass,-1.6116,2.0
selected_two_stage_av,pass,-0.4475,5.0
selected_two_stage_av,pass,0.1019,0.0
selected_two_stage_av,pass,1.266,6.0
selected_two_stage_av,pass,-0.8126,6.0
selected_two_stage_av,pass,0.1019,6.0
selected_two_stage_av,pass,-0.3554,0.0
selected_two_stage_av,pass,-2.0688,9.0
selected_two_stage_av,pass,1.266,6.0
selected_two_stage_av,pass,-1.1214,2.0
selected_two_stage_av,pass,-0.6641,0.0
selected_two_stage_av,pass,1.7232,8.0
selected_two_stage_av,pass,1.0163,9.0
selected_two_stage_av,pass,-1.1214,4.0
selected_two_stage_av,pass,-1.2699,6.0
selected_two_stage_av,pass,0.467,3.0
selected_two_stage_av,pass,0.467,8.0
selected_two_stage_av,pass,-0.6641,3.0
selected_two_stage_av,pass,-1.1214,0.0
selected_two_stage_av,pass,0.2504,0.0
selected_two_stage_av,pass,-0.6641,0.0
selected_two_stage_av,pass,-1.1543,3.0
selected_two_stage_av,pass,0.8087,6.0
selected_two_stage_av,pass,-2.5261,4.0
selected_two_stage_av,pass,1.7232,8.0
selected_two_stage_av,pass,1.7232,7.0
selected_two_stage_av,pass,1.266,6.0
selected_two_stage_av,pass,-0.6641,2.0
selected_two_stage_av,pass,-0.2069,0.0
selected_two_stage_av,pass,0.1019,6.0
selected_two_stage_av,pass,-2.7427,3.0
selected_two_stage_av,pass,-0.6641,0.0
selected_two_stage_av,pass,-0.6641,0.0
selected_two_stage_av,pass,-0.3554,8.0
selected_two_stage_av,pass,1.266,6.0
selected_two_stage_av,pass,-0.4475,6.0
selected_two_stage_av,pass,-0.3554,4.0
selected_two_stage_av,pass,-0.3554,0.0
selected_two_stage_av,pass,-0.3554,4.0
selected_two_stage_av,pass,0.9243,8.0
selected_two_stage_av,pass,1.7232,6.0
selected_two_stage_av,pass,-0.8126,7.0
selected_two_stage_av,pass,-0.2069,0.0
selected_two_stage_av,pass,-0.4475,4.0
selected_two_stage_av,pass,-1.1214,0.0
selected_two_stage_av,pass,-1.6116,3.0
selected_two_stage_av,pass,-0.2069,0.0
selected_two_stage_av,pass,-2.2855,3.0
selected_two_stage_av,pass,0.1019,7.0
selected_two_stage_av,pass,-1.6116,0.0
selected_two_stage_av,pass,-0.4475,0.0
selected_two_stage_av,pass,-0.2069,4.0
selected_two_stage_av,pass,-1.5786,4.0
selected_two_stage_av,pass,0.467,4.0
selected_two_stage_av,pass,1.266,7.0
selected_two_stage_av,pass,-0.3554,2.0
selected_two_stage_av,pass,-0.8126,1.0
selected_two_stage_av,pass,-1.2699,1.0
selected_two_stage_av,pass,-0.6641,5.0
selected_two_stage_av,pass,0.5591,2.0
selected_two_stage_av,pass,1.0163,0.0
selected_two_stage_av,pass,-1.1214,0.0
selected_two_stage_av,pass,-1.2699,6.0
selected_two_stage_av,pass,-1.5786,2.0
selected_two_stage_av,pass,0.3515,8.0
selected_two_stage_av,pass,0.0098,4.0
selected_two_stage_av,pass,1.7232,4.0
selected_two_stage_av,pass,-1.8282,4.0
selected_two_stage_av,pass,-0.8126,2.0
selected_two_stage_av,pass,0.5591,0.0
