model,contract,prediction,actual
constrained_ols_av,pass,-1.3597,7.0
constrained_ols_av,pass,-1.3597,0.0
constrained_ols_av,pass,-0.9073,5.0
constrained_ols_av,pass,-0.4548,1.0
constrained_ols_av,pass,-0.4548,4.0
constrained_ols_av,pass,-0.0023,4.0
constrained_ols_av,pass,-0.9073,3.0
constrained_ols_av,pass,-0.4548,0.0
constrained_ols_av,pass,-0.4548,0.0
constrained_ols_av,pass,0.4501,0.0
constrained_ols_av,pass,-0.9073,0.0
constrained_ols_av,pass,-0.9073,0.0
constrained_ols_av,pass,0.4501,8.0
constrained_ols_av,pass,-0.4548,2.0
constrained_ols_av,pass,-0.4548,0.0
constrained_ols_av,pass,-0.4548,7.0
constrained_ols_av,pass,-0.9073,6.0
constrained_ols_av,pass,-0.4548,0.0
constrained_ols_av,pass,-1.3597,5.0
constrained_ols_av,pass,-0.9073,1.0
constrained_ols_av,pass,-0.0023,0.0
constrained_ols_av,pass,-0.0023,6.0
constrained_ols_av,pass,-0.4548,4.0
constrained_ols_av,pass,-0.4548,0.0
constrained_ols_av,pass,-0.4548,2.0
constrained_ols_av,pass,-0.9073,0.0
constrained_ols_av,pass,-1.3597,2.0
constrained_ols_av,pass,-0.9073,2.0
constrained_ols_av,pass,-0.4548,3.0
constrained_ols_av,pass,-0.4548,0.0
constrained_ols_av,pass,-0.4548,1.0
constrained_ols_av,pass,-0.4548,3.0
constrained_ols_av,pass,-0.9073,4.0
constrained_ols_av,pass,-0.9073,5.0
constrained_ols_av,pass,-1.3597,0.0
constrained_ols_av,pass,-0.9073,0.0
constrained_ols_av,pass,-0.0023,5.0
constrained_ols_av,pass,-0.9073,9.0
constrained_ols_av,pass,-0.9073,7.0
constrained_ols_av,pass,-0.0023,0.0
constrained_ols_av,pass,-0.9073,9.0
constrained_ols_av,pass,-0.0023,0.0
constrained_ols_av,pass,-0.0023,5.0
constrained_ols_av,pass,-0.4548,6.0
constrained_ols_av,pass,-0.4548,2.0
constrained_ols_av,pass,0.9026,0.0
constrained_ols_av,pass,-0.4548,4.0
constrained_ols_av,pass,-0.0023,1.0
constrained_ols_av,pass,-0.0023,4.0
constrained_ols_av,pass,-0.0023,0.0
constrained_ols_av,pass,-0.0023,3.0
constrained_ols_av,pass,-0.0023,5.0
constrained_ols_av,pass,-0.0023,4.0
constrained_ols_av,pass,-0.4548,4.0
constrained_ols_av,pass,-0.4548,2.0
constrained_ols_av,pass,-0.4548,5.0
constrained_ols_av,pass,-0.4548,0.0
constrained_ols_av,pass,-0.4548,4.0
constrained_ols_av,pass,-0.9073,6.0
constrained_ols_av,pass,-0.4548,1.0
constrained_ols_av,pass,-0.4548,3.0
constrained_ols_av,pass,-0.4548,3.0
constrained_ols_av,pass,-0.4548,1.0
constrained_ols_av,pass,-0.9073,6.0
constrained_ols_av,pass,-0.4548,3.0
constrained_ols_av,pass,-0.9073,9.0
constrained_ols_av,pass,-0.4548,2.0
constrained_ols_av,pass,-0.4548,4.0
constrained_ols_av,pass,-0.0023,4.0
constrained_ols_av,pass,-0.0023,4.0
constrained_ols_av,pass,-0.4548,0.0
constrained_ols_av,pass,0.4501,9.0
constrained_ols_av,pass,-0.4548,4.0
constrained_ols_av,pass,-0.9073,3.0
constrained_ols_av,pass,-1.3597,2.0
constrained_ols_av,pass,-0.4548,0.0
constrained_ols_av,pass,-0.4548,8.0
constrained_ols_av,pass,-0.9073,2.0
constrained_ols_av,pass,-0.4548,0.0
constrained_ols_av,pass,-0.4548,3.0
constrained_ols_av,pass,-0.4548,0.0
constrained_ols_av,pass,-0.4548,2.0
constrained_ols_av,pass,0.4501,4.0
constrained_ols_av,pass,-0.4548,5.0
constrained_ols_av,pass,-1.3597,4.0
constrained_ols_av,pass,-0.0023,4.0
constrained_ols_av,pass,-0.9073,4.0
constrained_ols_av,pass,-0.9073,3.0
constrained_ols_av,pass,-0.9073,6.0
constrained_ols_av,pass,-0.4548,4.0
constrained_ols_av,pass,-0.0023,0.0
constrained_ols_av,pass,-0.4548,8.0
constrained_ols_av,pass,-0.0023,4.0
constrained_ols_av,pass,-1.3597,0.0
constrained_ols_av,pass,-0.9073,0.0
constrained_ols_av,pass,-0.0023,6.0
constrained_ols_av,pass,-0.9073,0.0
constrained_ols_av,pass,-0.4548,0.0
constrained_ols_av,pass,-0.0023,8.0
constrained_ols_av,pass,-0.9073,0.0
constrained_ols_av,pass,-0.0023,3.0
constrained_ols_av,pass,-0.9073,5.0
constrained_ols_av,pass,-0.4548,3.0
constrained_ols_av,pass,-0.4548,3.0
constrained_ols_av,pass,-0.9073,3.0
constrained_ols_av,pass,-0.4548,0.0
constrained_ols_av,pass,-0.0023,7.0
constrained_ols_av,pass,-0.4548,7.0
constrained_ols_av,pass,-0.9073,1.0
constrained_ols_av,pass,-0.4548,4.0
constrained_ols_av,pass,-0.4548,0.0
constrained_ols_av,pass,-1.3597,5.0
constrained_ols_av,pass,-0.9073,2.0
constrained_ols_av,pass,0.9026,5.0
constrained_ols_av,pass,-0.4548,3.0
constrained_ols_av,pass,-1.3597,3.0
constrained_ols_av,pass,-0.4548,4.0
constrained_ols_av,pass,-0.9073,2.0
constrained_ols_av,pass,0.4501,0.0
constrained_ols_av,pass,-0.9073,3.0
constrained_ols_av,pass,0.4501,10.0
constrained_ols_av,pass,-0.9073,0.0
constrained_ols_av,pass,-0.4548,3.0
constrained_ols_av,pass,-0.4548,0.0
constrained_ols_av,pass,-0.4548,3.0
constrained_ols_av,pass,-0.4548,5.0
constrained_ols_av,pass,-1.3597,1.0
constrained_ols_av,pass,-0.9073,0.0
constrained_ols_av,pass,-0.9073,5.0
constrained_ols_av,pass,-0.9073,5.0
constrained_ols_av,pass,0.4501,6.0
constrained_ols_av,pass,-0.0023,0.0
constrained_ols_av,pass,-0.9073,0.0
constrained_ols_av,pass,-0.0023,1.0
constrained_ols_av,pass,-0.9073,8.0
constrained_ols_av,pass,-0.4548,6.0
constrained_ols_av,pass,-0.9073,5.0
constrained_ols_av,pass,-0.9073,3.0
constrained_ols_av,pass,-0.9073,2.0
constrained_ols_av,pass,-0.9073,6.0
constrained_ols_av,pass,-0.0023,0.0
constrained_ols_av,pass,-0.0023,0.0
constrained_ols_av,pass,-1.3597,5.0
constrained_ols_av,pass,-0.9073,0.0
constrained_ols_av,pass,-0.4548,8.0
constrained_ols_av,pass,-0.0023,0.0
constrained_ols_av,pass,-0.9073,6.0
constrained_ols_av,pass,-1.3597,3.0
constrained_ols_av,pass,-0.0023,0.0
constrained_ols_av,pass,-0.4548,8.0
constrained_ols_av,pass,-0.4548,2.0
constrained_ols_av,pass,-0.0023,3.0
constrained_ols_av,pass,-0.9073,0.0
constrained_ols_av,pass,-0.4548,2.0
constrained_ols_av,pass,-0.9073,0.0
constrained_ols_av,pass,-0.4548,3.0
constrained_ols_av,pass,-0.9073,1.0
constrained_ols_av,pass,-1.3597,6.0
constrained_ols_av,pass,-0.9073,5.0
constrained_ols_av,pass,-0.0023,1.0
constrained_ols_av,pass,-0.4548,3.0
constrained_ols_av,pass,-0.0023,0.0
constrained_ols_av,pass,-0.9073,2.0
constrained_ols_av,pass,-0.0023,4.0
constrained_ols_av,pass,-0.0023,4.0
constrained_ols_av,pass,-0.9073,0.0
constrained_ols_av,pass,-0.0023,0.0
constrained_ols_av,pass,-0.4548,2.0
constrained_ols_av,pass,-0.9073,3.0
constrained_ols_av,pass,-1.3597,7.0
constrained_ols_av,pass,-0.4548,4.0
constrained_ols_av,pass,-0.4548,0.0
constrained_ols_av,pass,-0.4548,0.0
constrained_ols_av,pass,-0.0023,0.0
constrained_ols_av,pass,-0.9073,3.0
constrained_ols_av,pass,-0.4548,1.0
constrained_ols_av,pass,-0.9073,0.0
constrained_ols_av,pass,-0.4548,3.0
constrained_ols_av,pass,-0.0023,4.0
constrained_ols_av,pass,0.4501,3.0
constrained_ols_av,pass,-1.3597,2.0
constrained_ols_av,pass,-0.4548,3.0
constrained_ols_av,pass,-0.9073,2.0
constrained_ols_av,pass,-0.4548,5.0
constrained_ols_av,pass,-1.3597,3.0
constrained_ols_av,pass,-0.4548,6.0
constrained_ols_av,pass,-1.3597,5.0
constrained_ols_av,pass,0.9026,0.0
constrained_ols_av,pass,-0.9073,5.0
constrained_ols_av,pass,-1.3597,5.0
constrained_ols_av,pass,-0.0023,0.0
constrained_ols_av,pass,-0.9073,3.0
constrained_ols_av,pass,-0.9073,2.0
constrained_ols_av,pass,-0.0023,7.0
constrained_ols_av,pass,-1.3597,7.0
constrained_ols_av,pass,0.4501,4.0
constrained_ols_av,pass,-0.0023,0.0
constrained_ols_av,pass,-0.4548,6.0
constrained_ols_av,pass,-0.4548,0.0
constrained_ols_av,pass,-0.4548,3.0
constrained_ols_av,pass,-0.4548,4.0
constrained_ols_av,pass,-0.9073,2.0
constrained_ols_av,pass,-1.3597,4.0
constrained_ols_av,pass,-1.3597,5.0
constrained_ols_av,pass,-0.0023,8.0
constrained_ols_av,pass,-0.9073,8.0
constrained_ols_av,pass,-0.4548,2.0
constrained_ols_av,pass,-0.0023,3.0
constrained_ols_av,pass,0.4501,3.0
constrained_ols_av,pass,0.4501,3.0
constrained_ols_av,pass,-0.0023,0.0
constrained_ols_av,pass,-0.0023,6.0
constrained_ols_av,pass,-0.4548,2.0
constrained_ols_av,pass,-0.0023,3.0
constrained_ols_av,pass,-0.0023,2.0
constrained_ols_av,pass,-1.3597,3.0
constrained_ols_av,pass,-0.4548,9.0
constrained_ols_av,pass,0.4501,3.0
constrained_ols_av,pass,-0.9073,3.0
constrained_ols_av,pass,-0.4548,4.0
constrained_ols_av,pass,-0.4548,2.0
constrained_ols_av,pass,-0.4548,4.0
constrained_ols_av,pass,-0.9073,1.0
constrained_ols_av,pass,-0.4548,0.0
constrained_ols_av,pass,-0.9073,3.0
constrained_ols_av,pass,-0.0023,0.0
constrained_ols_av,pass,-0.9073,2.0
constrained_ols_av,pass,-0.4548,7.0
constrained_ols_av,pass,-0.9073,0.0
constrained_ols_av,pass,-0.0023,4.0
constrained_ols_av,pass,-0.4548,3.0
constrained_ols_av,pass,-0.9073,8.0
constrained_ols_av,pass,0.4501,4.0
constrained_ols_av,pass,-0.4548,4.0
constrained_ols_av,pass,-0.0023,5.0
constrained_ols_av,pass,-0.4548,6.0
constrained_ols_av,pass,-1.3597,5.0
constrained_ols_av,pass,-0.9073,3.0
constrained_ols_av,pass,-0.4548,0.0
constrained_ols_av,pass,-0.4548,5.0
constrained_ols_av,pass,-0.0023,0.0
constrained_ols_av,pass,-0.0023,0.0
constrained_ols_av,pass,-0.4548,5.0
constrained_ols_av,pass,-1.3597,7.0
constrained_ols_av,pass,-0.9073,5.0
constrained_ols_av,pass,-0.9073,5.0
constrained_ols_av,pass,-1.3597,3.0
constrained_ols_av,pass,-0.4548,0.0
constrained_ols_av,pass,-0.4548,4.0
constrained_ols_av,pass,-0.4548,1.0
constrained_ols_av,pass,-0.0023,0.0
constrained_ols_av,pass,-0.0023,0.0
constrained_ols_av,pass,-0.4548,0.0
constrained_ols_av,pass,-0.9073,5.0
constrained_ols_av,pass,-1.3597,5.0
constrained_ols_av,pass,-0.4548,3.0
constrained_ols_av,pass,-0.4548,6.0
constrained_ols_av,pass,-0.9073,4.0
constrained_ols_av,pass,-0.9073,0.0
constrained_ols_av,pass,-0.9073,4.0
constrained_ols_av,pass,-0.9073,7.0
constrained_ols_av,pass,-0.0023,0.0
constrained_ols_av,pass,-0.4548,4.0
constrained_ols_av,pass,-0.4548,0.0
constrained_ols_av,pass,-0.4548,5.0
constrained_ols_av,pass,0.4501,0.0
constrained_ols_av,pass,-0.4548,5.0
constrained_ols_av,pass,-1.3597,1.0
constrained_ols_av,pass,-0.0023,6.0
constrained_ols_av,pass,-0.9073,6.0
constrained_ols_av,pass,-0.9073,3.0
constrained_ols_av,pass,-0.4548,0.0
constrained_ols_av,pass,-0.9073,0.0
constrained_ols_av,pass,-0.9073,4.0
constrained_ols_av,pass,-0.0023,4.0
constrained_ols_av,pass,0.9026,0.0
constrained_ols_av,pass,-0.4548,4.0
constrained_ols_av,pass,0.4501,7.0
constrained_ols_av,pass,0.4501,7.0
constrained_ols_av,pass,-0.0023,2.0
constrained_ols_av,pass,-0.9073,3.0
constrained_ols_av,pass,-0.9073,4.0
constrained_ols_av,pass,-0.4548,4.0
constrained_ols_av,pass,0.4501,7.0
constrained_ols_av,pass,-0.0023,6.0
constrained_ols_av,pass,-0.0023,5.0
constrained_ols_av,pass,-0.9073,3.0
constrained_ols_av,pass,-0.4548,1.0
constrained_ols_av,pass,-0.4548,3.0
constrained_ols_av,pass,0.9026,0.0
constrained_ols_av,pass,-0.0023,3.0
constrained_ols_av,pass,-0.9073,4.0
constrained_ols_av,pass,-0.0023,3.0
constrained_ols_av,pass,-0.4548,0.0
constrained_ols_av,pass,-0.9073,0.0
constrained_ols_av,pass,-0.4548,2.0
constrained_ols_av,pass,-0.4548,7.0
constrained_ols_av,pass,0.4501,0.0
constrained_ols_av,pass,-1.3597,2.0
constrained_ols_av,pass,-0.4548,6.0
constrained_ols_av,pass,-0.0023,0.0
constrained_ols_av,pass,-0.4548,0.0
constrained_ols_av,pass,-0.4548,4.0
constrained_ols_av,pass,0.4501,6.0
constrained_ols_av,pass,-0.0023,3.0
constrained_ols_av,pass,0.4501,3.0
constrained_ols_av,pass,-1.3597,5.0
constrained_ols_av,pass,-0.0023,5.0
constrained_ols_av,pass,-0.0023,4.0
constrained_ols_av,pass,-0.4548,4.0
constrained_ols_av,pass,-0.0023,4.0
constrained_ols_av,pass,-0.4548,0.0
constrained_ols_av,pass,-0.9073,0.0
constrained_ols_av,pass,-0.9073,1.0
constrained_ols_av,pass,-0.0023,4.0
constrained_ols_av,pass,-0.9073,0.0
constrained_ols_av,pass,-0.9073,6.0
constrained_ols_av,pass,-0.9073,8.0
constrained_ols_av,pass,-0.9073,1.0
constrained_ols_av,pass,-0.0023,10.0
constrained_ols_av,pass,-0.4548,3.0
constrained_ols_av,pass,-0.0023,0.0
constrained_ols_av,pass,-0.9073,6.0
constrained_ols_av,pass,-0.0023,1.0
constrained_ols_av,pass,-0.9073,4.0
constrained_ols_av,pass,-0.9073,0.0
constrained_ols_av,pass,-0.9073,6.0
constrained_ols_av,pass,-0.9073,2.0
constrained_ols_av,pass,-0.9073,6.0
constrained_ols_av,pass,-0.4548,9.0
constrained_ols_av,pass,-0.0023,2.0
constrained_ols_av,pass,-0.4548,5.0
constrained_ols_av,pass,-0.9073,5.0
constrained_ols_av,pass,-0.9073,5.0
constrained_ols_av,pass,-0.4548,5.0
constrained_ols_av,pass,-0.4548,6.0
constrained_ols_av,pass,-0.0023,4.0
constrained_ols_av,pass,-0.9073,6.0
constrained_ols_av,pass,-0.4548,0.0
constrained_ols_av,pass,-0.9073,3.0
constrained_ols_av,pass,-1.3597,0.0
constrained_ols_av,pass,-0.4548,5.0
constrained_ols_av,pass,-0.0023,8.0
constrained_ols_av,pass,0.9026,3.0
constrained_ols_av,pass,-0.9073,0.0
constrained_ols_av,pass,-1.3597,3.0
constrained_ols_av,pass,-0.0023,0.0
constrained_ols_av,pass,0.4501,0.0
constrained_ols_av,pass,-0.4548,4.0
constrained_ols_av,pass,-0.4548,5.0
constrained_ols_av,pass,-0.9073,0.0
constrained_ols_av,pass,-0.9073,4.0
constrained_ols_av,pass,-0.9073,0.0
constrained_ols_av,pass,-0.4548,4.0
constrained_ols_av,pass,-1.3597,5.0
constrained_ols_av,pass,-0.0023,2.0
constrained_ols_av,pass,-0.0023,0.0
constrained_ols_av,pass,-0.4548,4.0
constrained_ols_av,pass,-0.4548,3.0
constrained_ols_av,pass,-0.0023,0.0
constrained_ols_av,pass,-0.4548,8.0
constrained_ols_av,pass,-1.3597,5.0
constrained_ols_av,pass,-0.9073,0.0
constrained_ols_av,pass,-0.4548,6.0
constrained_ols_av,pass,-0.0023,0.0
constrained_ols_av,pass,-0.4548,3.0
constrained_ols_av,pass,-1.3597,8.0
constrained_ols_av,pass,0.4501,2.0
constrained_ols_av,pass,-0.4548,2.0
constrained_ols_av,pass,-0.0023,6.0
constrained_ols_av,pass,-0.4548,3.0
constrained_ols_av,pass,-0.4548,3.0
constrained_ols_av,pass,-0.4548,7.0
constrained_ols_av,pass,-0.4548,4.0
constrained_ols_av,pass,-0.4548,0.0
constrained_ols_av,pass,-0.9073,0.0
constrained_ols_av,pass,-0.9073,7.0
constrained_ols_av,pass,-0.4548,2.0
constrained_ols_av,pass,-0.4548,4.0
constrained_ols_av,pass,0.4501,0.0
constrained_ols_av,pass,-0.0023,4.0
constrained_ols_av,pass,-0.0023,4.0
constrained_ols_av,pass,-0.4548,3.0
constrained_ols_av,pass,-0.4548,4.0
constrained_ols_av,pass,0.4501,8.0
constrained_ols_av,pass,-0.4548,5.0
constrained_ols_av,pass,-0.4548,4.0
constrained_ols_av,pass,-0.0023,2.0
constrained_ols_av,pass,-0.9073,7.0
constrained_ols_av,pass,-0.9073,1.0
constrained_ols_av,pass,-0.9073,5.0
constrained_ols_av,pass,-0.4548,0.0
constrained_ols_av,pass,-0.4548,5.0
constrained_ols_av,pass,-0.9073,4.0
constrained_ols_av,pass,-0.0023,3.0
constrained_ols_av,pass,-0.9073,5.0
constrained_ols_av,pass,-0.0023,4.0
constrained_ols_av,pass,-0.9073,6.0
constrained_ols_av,pass,0.4501,0.0
constrained_ols_av,pass,-0.4548,0.0
constrained_ols_av,pass,-0.4548,2.0
constrained_ols_av,pass,-0.4548,2.0
constrained_ols_av,pass,-0.0023,4.0
constrained_ols_av,pass,-0.4548,3.0
constrained_ols_av,pass,0.4501,5.0
constrained_ols_av,pass,-0.4548,4.0
constrained_ols_av,pass,-0.0023,0.0
constrained_ols_av,pass,-0.0023,0.0
constrained_ols_av,pass,-0.4548,6.0
constrained_ols_av,pass,-0.9073,3.0
constrained_ols_av,pass,-0.4548,3.0
constrained_ols_av,pass,-0.4548,1.0
constrained_ols_av,pass,-0.4548,6.0
constrained_ols_av,pass,-0.0023,10.0
constrained_ols_av,pass,-0.0023,7.0
constrained_ols_av,pass,-0.4548,7.0
constrained_ols_av,pass,0.4501,0.0
constrained_ols_av,pass,-0.4548,10.0
constrained_ols_av,pass,-0.4548,0.0
constrained_ols_av,pass,-1.3597,3.0
constrained_ols_av,pass,-0.9073,0.0
constrained_ols_av,pass,-0.0023,0.0
constrained_ols_av,pass,-0.0023,0.0
constrained_ols_av,pass,-0.0023,5.0
constrained_ols_av,pass,-0.4548,0.0
constrained_ols_av,pass,0.4501,4.0
constrained_ols_av,pass,-0.4548,1.0
constrained_ols_av,pass,-0.9073,0.0
constrained_ols_av,pass,-0.9073,6.0
constrained_ols_av,pass,-0.9073,0.0
constrained_ols_av,pass,-0.0023,8.0
constrained_ols_av,pass,0.4501,2.0
constrained_ols_av,pass,-0.4548,2.0
constrained_ols_av,pass,-0.0023,4.0
constrained_ols_av,pass,-0.9073,0.0
constrained_ols_av,pass,-0.0023,3.0
constrained_ols_av,pass,-0.0023,0.0
constrained_ols_av,pass,-0.0023,3.0
constrained_ols_av,pass,-0.0023,7.0
constrained_ols_av,pass,-0.4548,6.0
constrained_ols_av,pass,-0.4548,0.0
constrained_ols_av,pass,-0.4548,6.0
constrained_ols_av,pass,-0.9073,7.0
constrained_ols_av,pass,-0.0023,7.0
constrained_ols_av,pass,-0.4548,0.0
constrained_ols_av,pass,-0.9073,0.0
constrained_ols_av,pass,-0.0023,0.0
constrained_ols_av,pass,-0.9073,2.0
constrained_ols_av,pass,-0.4548,0.0
constrained_ols_av,pass,-0.4548,0.0
constrained_ols_av,pass,-0.4548,6.0
constrained_ols_av,pass,-0.9073,0.0
constrained_ols_av,pass,-0.4548,2.0
constrained_ols_av,pass,-1.3597,3.0
constrained_ols_av,pass,0.4501,0.0
constrained_ols_av,pass,-0.4548,7.0
constrained_ols_av,pass,-0.4548,0.0
constrained_ols_av,pass,-0.4548,0.0
constrained_ols_av,pass,-0.0023,7.0
constrained_ols_av,pass,-0.0023,4.0
constrained_ols_av,pass,-0.9073,0.0
constrained_ols_av,pass,-0.4548,5.0
constrained_ols_av,pass,0.4501,1.0
constrained_ols_av,pass,-0.9073,0.0
constrained_ols_av,pass,-0.9073,0.0
constrained_ols_av,pass,-0.4548,0.0
constrained_ols_av,pass,-0.4548,3.0
constrained_ols_av,pass,-0.0023,3.0
constrained_ols_av,pass,-0.4548,4.0
constrained_ols_av,pass,-0.0023,4.0
constrained_ols_av,pass,0.4501,3.0
constrained_ols_av,pass,-0.9073,7.0
constrained_ols_av,pass,-0.9073,9.0
constrained_ols_av,pass,-0.0023,4.0
constrained_ols_av,pass,-0.4548,6.0
constrained_ols_av,pass,-0.4548,2.0
constrained_ols_av,pass,-0.9073,9.0
constrained_ols_av,pass,0.4501,7.0
constrained_ols_av,pass,-0.0023,4.0
constrained_ols_av,pass,-0.9073,4.0
constrained_ols_av,pass,-0.0023,0.0
constrained_ols_av,pass,-0.9073,3.0
constrained_ols_av,pass,-0.4548,4.0
constrained_ols_av,pass,-0.9073,8.0
constrained_ols_av,pass,-0.0023,0.0
constrained_ols_av,pass,-0.9073,4.0
constrained_ols_av,pass,-1.3597,3.0
constrained_ols_av,pass,0.4501,0.0
constrained_ols_av,pass,-1.3597,0.0
constrained_ols_av,pass,-0.4548,0.0
constrained_ols_av,pass,-0.4548,5.0
constrained_ols_av,pass,-0.0023,3.0
constrained_ols_av,pass,-0.9073,3.0
constrained_ols_av,pass,-0.4548,8.0
constrained_ols_av,pass,-0.4548,2.0
constrained_ols_av,pass,0.4501,4.0
constrained_ols_av,pass,-0.4548,0.0
constrained_ols_av,pass,-0.4548,4.0
constrained_ols_av,pass,-0.4548,3.0
constrained_ols_av,pass,-0.4548,6.0
constrained_ols_av,pass,-0.4548,0.0
constrained_ols_av,pass,-0.4548,3.0
constrained_ols_av,pass,-1.3597,3.0
constrained_ols_av,pass,-0.4548,0.0
constrained_ols_av,pass,0.4501,5.0
constrained_ols_av,pass,-0.9073,6.0
constrained_ols_av,pass,-0.9073,2.0
constrained_ols_av,pass,-0.9073,7.0
constrained_ols_av,pass,-0.9073,1.0
constrained_ols_av,pass,-0.4548,6.0
constrained_ols_av,pass,-0.9073,0.0
constrained_ols_av,pass,-0.9073,4.0
constrained_ols_av,pass,-0.0023,2.0
constrained_ols_av,pass,-0.4548,0.0
constrained_ols_av,pass,-0.4548,3.0
constrained_ols_av,pass,-0.4548,3.0
constrained_ols_av,pass,-0.4548,7.0
constrained_ols_av,pass,-0.9073,1.0
constrained_ols_av,pass,-0.0023,3.0
constrained_ols_av,pass,-0.9073,5.0
constrained_ols_av,pass,-0.4548,2.0
constrained_ols_av,pass,-0.4548,7.0
constrained_ols_av,pass,-0.4548,0.0
constrained_ols_av,pass,-0.4548,5.0
constrained_ols_av,pass,-0.9073,2.0
constrained_ols_av,pass,-0.0023,2.0
constrained_ols_av,pass,0.4501,4.0
constrained_ols_av,pass,0.4501,0.0
constrained_ols_av,pass,-0.9073,6.0
constrained_ols_av,pass,-0.0023,0.0
constrained_ols_av,pass,-0.9073,6.0
constrained_ols_av,pass,-0.4548,0.0
constrained_ols_av,pass,-0.4548,3.0
constrained_ols_av,pass,-0.0023,3.0
constrained_ols_av,pass,-0.0023,0.0
constrained_ols_av,pass,-0.4548,0.0
constrained_ols_av,pass,-1.3597,8.0
constrained_ols_av,pass,-0.4548,0.0
constrained_ols_av,pass,-1.3597,5.0
constrained_ols_av,pass,-1.3597,3.0
constrained_ols_av,pass,-0.9073,6.0
constrained_ols_av,pass,-0.4548,4.0
constrained_ols_av,pass,-1.3597,0.0
constrained_ols_av,pass,-0.4548,7.0
constrained_ols_av,pass,-0.9073,3.0
constrained_ols_av,pass,-0.0023,0.0
constrained_ols_av,pass,-0.9073,3.0
constrained_ols_av,pass,-0.0023,2.0
constrained_ols_av,pass,-0.9073,2.0
constrained_ols_av,pass,0.9026,0.0
constrained_ols_av,pass,-0.9073,3.0
constrained_ols_av,pass,-1.3597,0.0
constrained_ols_av,pass,-0.4548,9.0
constrained_ols_av,pass,-0.0023,3.0
constrained_ols_av,pass,-0.4548,0.0
constrained_ols_av,pass,-0.9073,0.0
constrained_ols_av,pass,-0.4548,3.0
constrained_ols_av,pass,-0.9073,2.0
constrained_ols_av,pass,-0.9073,8.0
constrained_ols_av,pass,-0.4548,0.0
constrained_ols_av,pass,-0.4548,5.0
constrained_ols_av,pass,-0.4548,4.0
constrained_ols_av,pass,-0.0023,5.0
constrained_ols_av,pass,-0.4548,6.0
constrained_ols_av,pass,-1.3597,2.0
constrained_ols_av,pass,0.4501,0.0
constrained_ols_av,pass,-0.9073,2.0
constrained_ols_av,pass,-0.4548,0.0
constrained_ols_av,pass,-0.0023,4.0
constrained_ols_av,pass,-1.3597,6.0
constrained_ols_av,pass,-0.4548,7.0
constrained_ols_av,pass,-0.9073,6.0
constrained_ols_av,pass,-0.9073,0.0
constrained_ols_av,pass,-0.0023,4.0
constrained_ols_av,pass,-0.0023,6.0
constrained_ols_av,pass,-0.9073,0.0
constrained_ols_av,pass,-0.4548,0.0
constrained_ols_av,pass,-0.4548,9.0
constrained_ols_av,pass,-0.4548,4.0
constrained_ols_av,pass,-0.4548,5.0
constrained_ols_av,pass,-0.9073,0.0
constrained_ols_av,pass,-0.4548,0.0
constrained_ols_av,pass,0.4501,0.0
constrained_ols_av,pass,-0.4548,3.0
constrained_ols_av,pass,-0.4548,4.0
constrained_ols_av,pass,-0.9073,4.0
constrained_ols_av,pass,0.4501,0.0
constrained_ols_av,pass,-0.4548,0.0
constrained_ols_av,pass,-0.4548,6.0
constrained_ols_av,pass,-0.0023,9.0
constrained_ols_av,pass,-0.9073,3.0
constrained_ols_av,pass,0.4501,4.0
constrained_ols_av,pass,-0.4548,3.0
constrained_ols_av,pass,-0.9073,3.0
constrained_ols_av,pass,-0.9073,0.0
constrained_ols_av,pass,0.4501,3.0
constrained_ols_av,pass,0.4501,10.0
constrained_ols_av,pass,0.4501,5.0
constrained_ols_av,pass,-0.4548,7.0
constrained_ols_av,pass,-0.4548,0.0
constrained_ols_av,pass,-0.0023,3.0
constrained_ols_av,pass,-0.9073,0.0
constrained_ols_av,pass,-0.9073,0.0
constrained_ols_av,pass,-0.4548,0.0
constrained_ols_av,pass,-0.4548,3.0
constrained_ols_av,pass,-0.4548,6.0
constrained_ols_av,pass,-1.3597,5.0
constrained_ols_av,pass,-0.4548,5.0
constrained_ols_av,pass,-0.9073,0.0
constrained_ols_av,pass,-0.0023,0.0
constrained_ols_av,pass,-0.4548,3.0
constrained_ols_av,pass,-0.4548,0.0
constrained_ols_av,pass,-0.4548,8.0
constrained_ols_av,pass,-0.9073,3.0
constrained_ols_av,pass,-0.0023,5.0
constrained_ols_av,pass,-1.3597,5.0
constrained_ols_av,pass,-0.4548,5.0
constrained_ols_av,pass,-0.0023,8.0
constrained_ols_av,pass,-0.9073,9.0
constrained_ols_av,pass,-0.4548,2.0
constrained_ols_av,pass,-0.4548,1.0
constrained_ols_av,pass,-0.4548,4.0
constrained_ols_av,pass,-0.4548,2.0
constrained_ols_av,pass,-0.9073,0.0
constrained_ols_av,pass,-0.4548,0.0
constrained_ols_av,pass,-0.9073,6.0
constrained_ols_av,pass,0.4501,7.0
constrained_ols_av,pass,-0.0023,0.0
constrained_ols_av,pass,-0.0023,5.0
constrained_ols_av,pass,0.4501,2.0
constrained_ols_av,pass,-0.4548,4.0
constrained_ols_av,pass,-0.4548,0.0
constrained_ols_av,pass,0.4501,10.0
constrained_ols_av,pass,-0.0023,5.0
constrained_ols_av,pass,-0.4548,1.0
constrained_ols_av,pass,-0.9073,3.0
constrained_ols_av,pass,-0.0023,0.0
constrained_ols_av,pass,-0.9073,3.0
constrained_ols_av,pass,-0.4548,6.0
constrained_ols_av,pass,-0.4548,0.0
constrained_ols_av,pass,-0.9073,0.0
constrained_ols_av,pass,-0.4548,4.0
constrained_ols_av,pass,-0.9073,0.0
constrained_ols_av,pass,-0.0023,3.0
constrained_ols_av,pass,-0.9073,2.0
constrained_ols_av,pass,-0.9073,0.0
constrained_ols_av,pass,-1.3597,3.0
constrained_ols_av,pass,-0.0023,0.0
constrained_ols_av,pass,-0.4548,2.0
constrained_ols_av,pass,-0.4548,3.0
constrained_ols_av,pass,-0.4548,0.0
constrained_ols_av,pass,-0.9073,2.0
constrained_ols_av,pass,-1.3597,3.0
constrained_ols_av,pass,-0.4548,4.0
constrained_ols_av,pass,-0.4548,3.0
constrained_ols_av,pass,-0.4548,5.0
constrained_ols_av,pass,-0.9073,0.0
constrained_ols_av,pass,-0.0023,2.0
constrained_ols_av,pass,-0.9073,0.0
constrained_ols_av,pass,-0.9073,1.0
constrained_ols_av,pass,-1.3597,3.0
constrained_ols_av,pass,-0.4548,8.0
constrained_ols_av,pass,-0.4548,6.0
constrained_ols_av,pass,-0.0023,0.0
constrained_ols_av,pass,0.4501,2.0
constrained_ols_av,pass,-0.4548,7.0
constrained_ols_av,pass,-0.9073,5.0
constrained_ols_av,pass,-0.9073,8.0
constrained_ols_av,pass,-0.9073,3.0
constrained_ols_av,pass,0.4501,2.0
constrained_ols_av,pass,-0.0023,7.0
constrained_ols_av,pass,-0.4548,4.0
constrained_ols_av,pass,-0.9073,6.0
constrained_ols_av,pass,-0.9073,9.0
constrained_ols_av,pass,-1.3597,4.0
constrained_ols_av,pass,-0.9073,3.0
constrained_ols_av,pass,-0.9073,5.0
constrained_ols_av,pass,-0.4548,0.0
constrained_ols_av,pass,-0.4548,4.0
constrained_ols_av,pass,0.4501,0.0
constrained_ols_av,pass,-0.0023,0.0
constrained_ols_av,pass,-0.4548,2.0
constrained_ols_av,pass,-0.9073,2.0
constrained_ols_av,pass,0.9026,0.0
constrained_ols_av,pass,-0.0023,0.0
constrained_ols_av,pass,-0.4548,0.0
constrained_ols_av,pass,-0.4548,4.0
constrained_ols_av,pass,-0.0023,0.0
constrained_ols_av,pass,-0.9073,7.0
constrained_ols_av,pass,0.4501,7.0
constrained_ols_av,pass,-0.9073,0.0
constrained_ols_av,pass,-0.9073,0.0
constrained_ols_av,pass,-1.3597,5.0
constrained_ols_av,pass,-0.0023,3.0
constrained_ols_av,pass,-0.4548,0.0
constrained_ols_av,pass,-0.9073,7.0
constrained_ols_av,pass,-0.0023,2.0
constrained_ols_av,pass,-0.4548,3.0
constrained_ols_av,pass,0.4501,5.0
constrained_ols_av,pass,-0.0023,0.0
constrained_ols_av,pass,-0.9073,9.0
constrained_ols_av,pass,-0.4548,2.0
constrained_ols_av,pass,-0.9073,3.0
constrained_ols_av,pass,-0.4548,0.0
constrained_ols_av,pass,0.4501,7.0
constrained_ols_av,pass,-0.9073,8.0
constrained_ols_av,pass,-0.4548,0.0
constrained_ols_av,pass,-0.4548,0.0
constrained_ols_av,pass,0.4501,0.0
constrained_ols_av,pass,0.4501,2.0
constrained_ols_av,pass,-0.4548,4.0
constrained_ols_av,pass,-1.3597,2.0
constrained_ols_av,pass,-0.9073,0.0
constrained_ols_av,pass,-0.9073,5.0
constrained_ols_av,pass,-0.4548,7.0
constrained_ols_av,pass,-0.4548,4.0
constrained_ols_av,pass,-0.0023,10.0
constrained_ols_av,pass,-1.3597,1.0
constrained_ols_av,pass,-0.9073,2.0
constrained_ols_av,pass,-0.4548,7.0
constrained_ols_av,pass,-0.9073,7.0
constrained_ols_av,pass,-1.3597,0.0
constrained_ols_av,pass,-0.4548,4.0
constrained_ols_av,pass,-0.4548,7.0
constrained_ols_av,pass,-0.9073,0.0
constrained_ols_av,pass,-0.4548,0.0
constrained_ols_av,pass,-0.9073,5.0
constrained_ols_av,pass,-0.9073,1.0
constrained_ols_av,pass,-1.3597,2.0
constrained_ols_av,pass,0.4501,7.0
constrained_ols_av,pass,-0.0023,0.0
constrained_ols_av,pass,-1.3597,4.0
constrained_ols_av,pass,-1.3597,4.0
constrained_ols_av,pass,-0.9073,0.0
constrained_ols_av,pass,-0.4548,0.0
constrained_ols_av,pass,-0.0023,4.0
constrained_ols_av,pass,-0.0023,0.0
constrained_ols_av,pass,-0.4548,5.0
constrained_ols_av,pass,-0.9073,0.0
constrained_ols_av,pass,-0.4548,2.0
constrained_ols_av,pass,-0.9073,0.0
constrained_ols_av,pass,-0.4548,3.0
constrained_ols_av,pass,-0.0023,0.0
constrained_ols_av,pass,-0.4548,2.0
constrained_ols_av,pass,0.4501,4.0
constrained_ols_av,pass,-0.4548,4.0
constrained_ols_av,pass,-0.4548,2.0
constrained_ols_av,pass,-1.3597,4.0
constrained_ols_av,pass,-0.0023,0.0
constrained_ols_av,pass,-1.3597,5.0
constrained_ols_av,pass,-0.0023,5.0
constrained_ols_av,pass,-0.4548,5.0
constrained_ols_av,pass,-1.3597,2.0
constrained_ols_av,pass,-0.0023,1.0
constrained_ols_av,pass,-1.3597,0.0
constrained_ols_av,pass,-0.4548,5.0
constrained_ols_av,pass,-0.4548,0.0
constrained_ols_av,pass,-0.0023,3.0
constrained_ols_av,pass,0.4501,8.0
constrained_ols_av,pass,-0.9073,3.0
constrained_ols_av,pass,-1.3597,4.0
constrained_ols_av,pass,-0.0023,4.0
constrained_ols_av,pass,-0.4548,3.0
constrained_ols_av,pass,-0.0023,7.0
constrained_ols_av,pass,-0.9073,4.0
constrained_ols_av,pass,0.4501,5.0
constrained_ols_av,pass,-0.9073,4.0
constrained_ols_av,pass,-0.4548,3.0
constrained_ols_av,pass,-0.0023,0.0
constrained_ols_av,pass,-0.0023,3.0
constrained_ols_av,pass,-0.4548,6.0
constrained_ols_av,pass,-0.4548,1.0
constrained_ols_av,pass,-0.4548,3.0
constrained_ols_av,pass,-0.0023,5.0
constrained_ols_av,pass,-0.4548,0.0
constrained_ols_av,pass,-0.4548,0.0
constrained_ols_av,pass,-1.3597,3.0
constrained_ols_av,pass,-0.4548,0.0
constrained_ols_av,pass,-0.0023,2.0
constrained_ols_av,pass,-0.9073,9.0
constrained_ols_av,pass,-0.9073,0.0
constrained_ols_av,pass,-0.0023,8.0
constrained_ols_av,pass,-0.4548,0.0
constrained_ols_av,pass,-0.4548,2.0
constrained_ols_av,pass,-0.4548,0.0
constrained_ols_av,pass,-0.4548,0.0
constrained_ols_av,pass,-0.4548,6.0
constrained_ols_av,pass,-0.9073,0.0
constrained_ols_av,pass,-0.4548,0.0
constrained_ols_av,pass,-0.0023,4.0
constrained_ols_av,pass,-0.9073,0.0
constrained_ols_av,pass,-0.4548,0.0
constrained_ols_av,pass,-0.9073,6.0
constrained_ols_av,pass,-0.4548,8.0
constrained_ols_av,pass,-0.0023,0.0
constrained_ols_av,pass,-0.4548,5.0
constrained_ols_av,pass,-0.4548,0.0
constrained_ols_av,pass,-0.0023,4.0
constrained_ols_av,pass,-0.4548,0.0
constrained_ols_av,pass,-0.9073,6.0
constrained_ols_av,pass,-0.9073,4.0
constrained_ols_av,pass,-0.0023,0.0
constrained_ols_av,pass,-0.9073,9.0
constrained_ols_av,pass,-0.4548,4.0
constrained_ols_av,pass,-0.9073,4.0
constrained_ols_av,pass,-0.9073,0.0
constrained_ols_av,pass,0.4501,6.0
constrained_ols_av,pass,-0.0023,0.0
constrained_ols_av,pass,-0.4548,6.0
constrained_ols_av,pass,0.4501,6.0
constrained_ols_av,pass,-0.9073,3.0
constrained_ols_av,pass,-0.4548,0.0
constrained_ols_av,pass,-0.0023,2.0
constrained_ols_av,pass,-0.9073,3.0
constrained_ols_av,pass,-0.4548,6.0
constrained_ols_av,pass,-0.9073,6.0
constrained_ols_av,pass,-0.9073,2.0
constrained_ols_av,pass,-0.9073,4.0
constrained_ols_av,pass,-0.0023,4.0
constrained_ols_av,pass,-0.0023,8.0
constrained_ols_av,pass,-0.4548,1.0
constrained_ols_av,pass,-1.3597,2.0
constrained_ols_av,pass,-0.4548,2.0
constrained_ols_av,pass,-0.4548,0.0
constrained_ols_av,pass,-0.4548,4.0
constrained_ols_av,pass,-0.9073,4.0
constrained_ols_av,pass,-1.3597,1.0
constrained_ols_av,pass,-0.9073,7.0
constrained_ols_av,pass,-0.9073,5.0
constrained_ols_av,pass,-1.3597,5.0
constrained_ols_av,pass,-0.4548,4.0
constrained_ols_av,pass,-0.4548,4.0
constrained_ols_av,pass,-0.9073,5.0
constrained_ols_av,pass,-0.9073,6.0
constrained_ols_av,pass,-0.9073,8.0
constrained_ols_av,pass,0.4501,6.0
constrained_ols_av,pass,-0.0023,0.0
constrained_ols_av,pass,-0.9073,2.0
constrained_ols_av,pass,-0.9073,6.0
constrained_ols_av,pass,-0.4548,0.0
constrained_ols_av,pass,-0.0023,0.0
constrained_ols_av,pass,-0.0023,4.0
constrained_ols_av,pass,-0.0023,3.0
constrained_ols_av,pass,-0.0023,7.0
constrained_ols_av,pass,-0.4548,3.0
constrained_ols_av,pass,-0.0023,0.0
constrained_ols_av,pass,-0.4548,7.0
constrained_ols_av,pass,-0.9073,5.0
constrained_ols_av,pass,-1.3597,1.0
constrained_ols_av,pass,-0.4548,0.0
constrained_ols_av,pass,-0.9073,7.0
constrained_ols_av,pass,-0.9073,0.0
constrained_ols_av,pass,-0.9073,3.0
constrained_ols_av,pass,-0.0023,5.0
constrained_ols_av,pass,-0.9073,4.0
constrained_ols_av,pass,-0.0023,0.0
constrained_ols_av,pass,-0.4548,0.0
constrained_ols_av,pass,-0.4548,4.0
constrained_ols_av,pass,-1.3597,0.0
constrained_ols_av,pass,0.4501,0.0
constrained_ols_av,pass,-0.4548,6.0
constrained_ols_av,pass,-0.9073,2.0
constrained_ols_av,pass,-0.4548,5.0
constrained_ols_av,pass,-0.0023,0.0
constrained_ols_av,pass,-0.4548,4.0
constrained_ols_av,pass,-0.4548,4.0
constrained_ols_av,pass,-0.0023,0.0
constrained_ols_av,pass,-0.4548,1.0
constrained_ols_av,pass,-0.9073,0.0
constrained_ols_av,pass,-1.3597,3.0
constrained_ols_av,pass,-0.9073,4.0
constrained_ols_av,pass,-0.0023,7.0
constrained_ols_av,pass,-0.4548,4.0
constrained_ols_av,pass,-0.9073,4.0
constrained_ols_av,pass,-0.0023,9.0
constrained_ols_av,pass,-0.4548,6.0
constrained_ols_av,pass,-0.0023,5.0
constrained_ols_av,pass,0.4501,3.0
constrained_ols_av,pass,-0.0023,9.0
constrained_ols_av,pass,-0.9073,2.0
constrained_ols_av,pass,-0.4548,5.0
constrained_ols_av,pass,-0.4548,7.0
constrained_ols_av,pass,-0.4548,0.0
constrained_ols_av,pass,0.4501,0.0
constrained_ols_av,pass,0.4501,5.0
constrained_ols_av,pass,-0.9073,0.0
constrained_ols_av,pass,-0.0023,4.0
constrained_ols_av,pass,-1.3597,8.0
constrained_ols_av,pass,-0.9073,1.0
constrained_ols_av,pass,-0.0023,4.0
constrained_ols_av,pass,-0.4548,3.0
constrained_ols_av,pass,-0.0023,0.0
constrained_ols_av,pass,-0.4548,0.0
constrained_ols_av,pass,-0.0023,7.0
constrained_ols_av,pass,-0.9073,0.0
constrained_ols_av,pass,-0.9073,0.0
constrained_ols_av,pass,-0.4548,4.0
constrained_ols_av,pass,0.9026,4.0
constrained_ols_av,pass,-0.4548,8.0
constrained_ols_av,pass,-0.0023,9.0
constrained_ols_av,pass,-0.9073,6.0
constrained_ols_av,pass,0.4501,8.0
constrained_ols_av,pass,-0.0023,4.0
constrained_ols_av,pass,-0.0023,6.0
constrained_ols_av,pass,-0.0023,10.0
constrained_ols_av,pass,-0.4548,0.0
constrained_ols_av,pass,-0.9073,4.0
constrained_ols_av,pass,-0.4548,3.0
constrained_ols_av,pass,-0.4548,5.0
constrained_ols_av,pass,0.4501,3.0
constrained_ols_av,pass,-0.9073,3.0
constrained_ols_av,pass,-0.4548,2.0
constrained_ols_av,pass,-0.4548,7.0
constrained_ols_av,pass,-0.4548,2.0
constrained_ols_av,pass,-0.9073,0.0
constrained_ols_av,pass,0.4501,3.0
constrained_ols_av,pass,-0.9073,0.0
constrained_ols_av,pass,-0.0023,0.0
constrained_ols_av,pass,-0.9073,4.0
constrained_ols_av,pass,-0.4548,8.0
constrained_ols_av,pass,0.4501,0.0
constrained_ols_av,pass,-0.0023,3.0
constrained_ols_av,pass,-0.9073,0.0
constrained_ols_av,pass,0.4501,5.0
constrained_ols_av,pass,-0.9073,4.0
constrained_ols_av,pass,-0.0023,1.0
constrained_ols_av,pass,-0.9073,0.0
constrained_ols_av,pass,-0.9073,2.0
constrained_ols_av,pass,-0.4548,7.0
constrained_ols_av,pass,-0.4548,4.0
constrained_ols_av,pass,-0.9073,0.0
constrained_ols_av,pass,-0.9073,0.0
constrained_ols_av,pass,-0.4548,6.0
constrained_ols_av,pass,-0.4548,4.0
constrained_ols_av,pass,0.9026,5.0
constrained_ols_av,pass,0.4501,8.0
constrained_ols_av,pass,0.9026,3.0
constrained_ols_av,pass,-0.0023,4.0
constrained_ols_av,pass,-0.4548,5.0
constrained_ols_av,pass,-0.0023,3.0
constrained_ols_av,pass,-0.0023,7.0
constrained_ols_av,pass,-0.4548,1.0
constrained_ols_av,pass,0.4501,8.0
constrained_ols_av,pass,-0.4548,3.0
constrained_ols_av,pass,-0.4548,5.0
constrained_ols_av,pass,-0.9073,3.0
constrained_ols_av,pass,-0.9073,7.0
constrained_ols_av,pass,-0.4548,8.0
constrained_ols_av,pass,-0.9073,2.0
constrained_ols_av,pass,0.9026,4.0
constrained_ols_av,pass,-0.9073,2.0
constrained_ols_av,pass,-0.9073,8.0
constrained_ols_av,pass,-0.9073,6.0
constrained_ols_av,pass,-0.0023,0.0
constrained_ols_av,pass,-0.9073,0.0
constrained_ols_av,pass,-0.9073,7.0
constrained_ols_av,pass,-0.4548,7.0
constrained_ols_av,pass,-0.4548,3.0
constrained_ols_av,pass,-0.0023,0.0
constrained_ols_av,pass,-0.0023,9.0
constrained_ols_av,pass,-0.0023,8.0
constrained_ols_av,pass,-0.4548,3.0
constrained_ols_av,pass,-1.3597,7.0
constrained_ols_av,pass,-0.9073,6.0
constrained_ols_av,pass,-0.9073,0.0
constrained_ols_av,pass,-0.4548,5.0
constrained_ols_av,pass,-0.4548,0.0
constrained_ols_av,pass,-1.3597,0.0
constrained_ols_av,pass,0.4501,6.0
constrained_ols_av,pass,-0.0023,1.0
constrained_ols_av,pass,-0.9073,0.0
constrained_ols_av,pass,-0.9073,4.0
constrained_ols_av,pass,-0.0023,0.0
constrained_ols_av,pass,-0.4548,8.0
constrained_ols_av,pass,-0.4548,2.0
constrained_ols_av,pass,-0.0023,4.0
constrained_ols_av,pass,-0.4548,8.0
constrained_ols_av,pass,-0.9073,4.0
constrained_ols_av,pass,-0.0023,0.0
constrained_ols_av,pass,-1.3597,0.0
constrained_ols_av,pass,-0.4548,7.0
constrained_ols_av,pass,-1.3597,10.0
constrained_ols_av,pass,-0.9073,4.0
constrained_ols_av,pass,0.9026,5.0
constrained_ols_av,pass,-0.4548,4.0
constrained_ols_av,pass,-0.4548,5.0
constrained_ols_av,pass,-0.4548,1.0
constrained_ols_av,pass,-0.4548,1.0
constrained_ols_av,pass,-0.9073,0.0
constrained_ols_av,pass,-1.3597,0.0
constrained_ols_av,pass,-0.4548,5.0
constrained_ols_av,pass,-0.4548,5.0
constrained_ols_av,pass,-0.9073,9.0
constrained_ols_av,pass,-0.4548,3.0
constrained_ols_av,pass,-0.4548,6.0
constrained_ols_av,pass,-0.4548,0.0
constrained_ols_av,pass,-0.0023,7.0
constrained_ols_av,pass,0.4501,6.0
constrained_ols_av,pass,-0.4548,2.0
constrained_ols_av,pass,-0.4548,3.0
constrained_ols_av,pass,-0.9073,2.0
constrained_ols_av,pass,-0.0023,3.0
constrained_ols_av,pass,-0.9073,0.0
constrained_ols_av,pass,-0.4548,0.0
constrained_ols_av,pass,-0.9073,0.0
constrained_ols_av,pass,-0.9073,0.0
constrained_ols_av,pass,0.4501,9.0
constrained_ols_av,pass,-0.0023,3.0
constrained_ols_av,pass,-0.0023,0.0
constrained_ols_av,pass,-0.4548,5.0
constrained_ols_av,pass,-0.4548,0.0
constrained_ols_av,pass,-0.4548,0.0
constrained_ols_av,pass,-0.4548,0.0
constrained_ols_av,pass,-0.9073,2.0
constrained_ols_av,pass,0.4501,0.0
constrained_ols_av,pass,-0.4548,5.0
constrained_ols_av,pass,-0.9073,3.0
constrained_ols_av,pass,-0.4548,4.0
constrained_ols_av,pass,-0.4548,0.0
constrained_ols_av,pass,-0.9073,4.0
constrained_ols_av,pass,-0.0023,3.0
constrained_ols_av,pass,-0.4548,0.0
constrained_ols_av,pass,-0.4548,3.0
constrained_ols_av,pass,-0.4548,3.0
constrained_ols_av,pass,-0.4548,3.0
constrained_ols_av,pass,-0.9073,0.0
constrained_ols_av,pass,-0.4548,4.0
constrained_ols_av,pass,-0.4548,2.0
constrained_ols_av,pass,-0.4548,8.0
constrained_ols_av,pass,-0.4548,4.0
constrained_ols_av,pass,-0.4548,4.0
constrained_ols_av,pass,-0.4548,4.0
constrained_ols_av,pass,-0.0023,1.0
constrained_ols_av,pass,-0.4548,2.0
constrained_ols_av,pass,0.9026,2.0
constrained_ols_av,pass,-0.4548,0.0
constrained_ols_av,pass,0.4501,3.0
constrained_ols_av,pass,-0.4548,4.0
constrained_ols_av,pass,-0.9073,3.0
constrained_ols_av,pass,-0.9073,5.0
constrained_ols_av,pass,-1.3597,2.0
constrained_ols_av,pass,-0.4548,4.0
constrained_ols_av,pass,-0.4548,2.0
constrained_ols_av,pass,-0.4548,3.0
constrained_ols_av,pass,-0.0023,4.0
constrained_ols_av,pass,-0.9073,3.0
constrained_ols_av,pass,0.4501,0.0
constrained_ols_av,pass,-0.0023,1.0
constrained_ols_av,pass,-0.9073,0.0
constrained_ols_av,pass,0.4501,9.0
constrained_ols_av,pass,-0.4548,0.0
constrained_ols_av,pass,-0.9073,0.0
constrained_ols_av,pass,-0.0023,3.0
constrained_ols_av,pass,-0.9073,4.0
constrained_ols_av,pass,-0.0023,2.0
constrained_ols_av,pass,-0.4548,3.0
constrained_ols_av,pass,-0.0023,0.0
constrained_ols_av,pass,-1.3597,6.0
constrained_ols_av,pass,-0.0023,4.0
constrained_ols_av,pass,-0.4548,7.0
constrained_ols_av,pass,-0.9073,4.0
constrained_ols_av,pass,-0.9073,5.0
constrained_ols_av,pass,0.9026,2.0
constrained_ols_av,pass,-0.4548,4.0
constrained_ols_av,pass,-0.9073,6.0
constrained_ols_av,pass,-0.0023,3.0
constrained_ols_av,pass,-0.4548,7.0
constrained_ols_av,pass,-0.4548,6.0
constrained_ols_av,pass,-0.4548,0.0
constrained_ols_av,pass,0.4501,0.0
constrained_ols_av,pass,-0.0023,5.0
constrained_ols_av,pass,-0.4548,4.0
constrained_ols_av,pass,-0.9073,3.0
constrained_ols_av,pass,-0.4548,3.0
constrained_ols_av,pass,-1.3597,2.0
constrained_ols_av,pass,-0.0023,0.0
constrained_ols_av,pass,-0.0023,2.0
constrained_ols_av,pass,-0.9073,0.0
constrained_ols_av,pass,-0.0023,0.0
constrained_ols_av,pass,-0.4548,4.0
constrained_ols_av,pass,-0.9073,4.0
constrained_ols_av,pass,-0.9073,3.0
constrained_ols_av,pass,-0.4548,0.0
constrained_ols_av,pass,-0.0023,5.0
constrained_ols_av,pass,-1.3597,2.0
constrained_ols_av,pass,-0.9073,2.0
constrained_ols_av,pass,-0.4548,0.0
constrained_ols_av,pass,-0.0023,7.0
constrained_ols_av,pass,-0.4548,0.0
constrained_ols_av,pass,-0.0023,0.0
constrained_ols_av,pass,-0.4548,4.0
constrained_ols_av,pass,-0.4548,8.0
constrained_ols_av,pass,-0.0023,6.0
constrained_ols_av,pass,-0.0023,6.0
constrained_ols_av,pass,-0.4548,2.0
constrained_ols_av,pass,-0.0023,0.0
constrained_ols_av,pass,-0.0023,0.0
constrained_ols_av,pass,-0.9073,3.0
constrained_ols_av,pass,-0.0023,2.0
constrained_ols_av,pass,-0.0023,4.0
constrained_ols_av,pass,-0.4548,5.0
constrained_ols_av,pass,-0.4548,0.0
constrained_ols_av,pass,-0.4548,0.0
constrained_ols_av,pass,-0.9073,4.0
constrained_ols_av,pass,-1.3597,3.0
constrained_ols_av,pass,0.4501,5.0
constrained_ols_av,pass,-0.0023,3.0
constrained_ols_av,pass,-0.9073,1.0
constrained_ols_av,pass,-0.4548,0.0
constrained_ols_av,pass,-0.0023,6.0
constrained_ols_av,pass,-0.9073,0.0
constrained_ols_av,pass,-0.4548,1.0
constrained_ols_av,pass,-0.4548,6.0
constrained_ols_av,pass,-0.4548,2.0
constrained_ols_av,pass,-0.0023,0.0
constrained_ols_av,pass,-0.4548,4.0
constrained_ols_av,pass,-0.9073,7.0
constrained_ols_av,pass,-0.9073,7.0
constrained_ols_av,pass,-0.0023,2.0
constrained_ols_av,pass,-0.0023,0.0
constrained_ols_av,pass,-0.9073,4.0
constrained_ols_av,pass,-0.4548,7.0
constrained_ols_av,pass,-0.0023,0.0
constrained_ols_av,pass,-0.0023,7.0
constrained_ols_av,pass,0.4501,3.0
constrained_ols_av,pass,-0.4548,5.0
constrained_ols_av,pass,-0.0023,3.0
constrained_ols_av,pass,-1.3597,5.0
constrained_ols_av,pass,-0.0023,3.0
constrained_ols_av,pass,-0.4548,2.0
constrained_ols_av,pass,-0.9073,4.0
constrained_ols_av,pass,-0.4548,4.0
constrained_ols_av,pass,-0.4548,0.0
constrained_ols_av,pass,-0.9073,0.0
constrained_ols_av,pass,-1.3597,6.0
constrained_ols_av,pass,-0.9073,5.0
constrained_ols_av,pass,0.4501,3.0
constrained_ols_av,pass,-0.9073,6.0
constrained_ols_av,pass,-0.0023,0.0
constrained_ols_av,pass,-0.0023,3.0
constrained_ols_av,pass,-0.9073,6.0
constrained_ols_av,pass,-0.4548,3.0
constrained_ols_av,pass,-0.0023,0.0
constrained_ols_av,pass,0.4501,6.0
constrained_ols_av,pass,-0.0023,0.0
constrained_ols_av,pass,-0.0023,0.0
constrained_ols_av,pass,-0.9073,8.0
constrained_ols_av,pass,-0.9073,5.0
constrained_ols_av,pass,-1.3597,0.0
constrained_ols_av,pass,0.4501,3.0
constrained_ols_av,pass,0.9026,8.0
constrained_ols_av,pass,-1.3597,0.0
constrained_ols_av,pass,-0.9073,7.0
constrained_ols_av,pass,-0.4548,8.0
constrained_ols_av,pass,-0.9073,8.0
constrained_ols_av,pass,-0.0023,4.0
constrained_ols_av,pass,-0.4548,3.0
constrained_ols_av,pass,0.9026,4.0
constrained_ols_av,pass,-0.4548,0.0
constrained_ols_av,pass,-0.0023,7.0
constrained_ols_av,pass,-0.4548,4.0
constrained_ols_av,pass,-0.0023,0.0
constrained_ols_av,pass,-0.4548,4.0
constrained_ols_av,pass,0.9026,0.0
constrained_ols_av,pass,-0.9073,0.0
constrained_ols_av,pass,0.4501,4.0
constrained_ols_av,pass,-0.9073,6.0
constrained_ols_av,pass,-1.3597,4.0
constrained_ols_av,pass,-0.0023,0.0
constrained_ols_av,pass,-0.4548,5.0
constrained_ols_av,pass,-0.4548,2.0
constrained_ols_av,pass,-0.9073,1.0
constrained_ols_av,pass,-0.4548,4.0
constrained_ols_av,pass,-0.9073,0.0
constrained_ols_av,pass,-0.4548,0.0
constrained_ols_av,pass,-0.0023,6.0
constrained_ols_av,pass,-0.0023,0.0
constrained_ols_av,pass,-0.4548,1.0
constrained_ols_av,pass,-0.9073,3.0
constrained_ols_av,pass,0.4501,5.0
constrained_ols_av,pass,-0.0023,0.0
constrained_ols_av,pass,-0.4548,7.0
constrained_ols_av,pass,-0.0023,3.0
constrained_ols_av,pass,-0.0023,0.0
constrained_ols_av,pass,-0.9073,5.0
constrained_ols_av,pass,-0.4548,0.0
constrained_ols_av,pass,-0.4548,4.0
constrained_ols_av,pass,-0.4548,0.0
constrained_ols_av,pass,-0.9073,0.0
constrained_ols_av,pass,-0.4548,0.0
constrained_ols_av,pass,-0.0023,0.0
constrained_ols_av,pass,-0.9073,3.0
constrained_ols_av,pass,-0.0023,5.0
constrained_ols_av,pass,-0.4548,2.0
constrained_ols_av,pass,-0.0023,8.0
constrained_ols_av,pass,-0.9073,2.0
constrained_ols_av,pass,-0.4548,6.0
constrained_ols_av,pass,-0.9073,7.0
constrained_ols_av,pass,-0.4548,7.0
constrained_ols_av,pass,-0.9073,1.0
constrained_ols_av,pass,-0.0023,3.0
constrained_ols_av,pass,-0.4548,0.0
constrained_ols_av,pass,-0.4548,4.0
constrained_ols_av,pass,-0.4548,6.0
constrained_ols_av,pass,-0.4548,0.0
constrained_ols_av,pass,-0.0023,0.0
constrained_ols_av,pass,-0.0023,3.0
constrained_ols_av,pass,0.4501,0.0
constrained_ols_av,pass,-0.0023,4.0
constrained_ols_av,pass,-0.4548,3.0
constrained_ols_av,pass,-0.4548,8.0
constrained_ols_av,pass,-0.9073,5.0
constrained_ols_av,pass,-0.9073,5.0
constrained_ols_av,pass,-0.4548,7.0
constrained_ols_av,pass,-0.4548,8.0
constrained_ols_av,pass,-0.4548,0.0
constrained_ols_av,pass,-0.4548,2.0
constrained_ols_av,pass,-0.9073,8.0
constrained_ols_av,pass,-0.0023,7.0
constrained_ols_av,pass,-0.0023,3.0
constrained_ols_av,pass,-0.4548,2.0
constrained_ols_av,pass,-0.9073,4.0
constrained_ols_av,pass,0.4501,9.0
constrained_ols_av,pass,-0.9073,3.0
constrained_ols_av,pass,-0.4548,2.0
constrained_ols_av,pass,-0.4548,0.0
constrained_ols_av,pass,-0.9073,7.0
constrained_ols_av,pass,0.4501,3.0
constrained_ols_av,pass,-0.9073,0.0
constrained_ols_av,pass,-0.0023,3.0
constrained_ols_av,pass,-0.4548,6.0
constrained_ols_av,pass,-0.0023,6.0
constrained_ols_av,pass,-0.9073,4.0
constrained_ols_av,pass,0.9026,3.0
constrained_ols_av,pass,-0.9073,2.0
constrained_ols_av,pass,-0.9073,0.0
constrained_ols_av,pass,-0.0023,3.0
constrained_ols_av,pass,-1.3597,0.0
constrained_ols_av,pass,-0.9073,8.0
constrained_ols_av,pass,-0.9073,3.0
constrained_ols_av,pass,-0.9073,0.0
constrained_ols_av,pass,-0.4548,3.0
constrained_ols_av,pass,-0.0023,4.0
constrained_ols_av,pass,-0.4548,4.0
constrained_ols_av,pass,-0.9073,4.0
constrained_ols_av,pass,-0.9073,0.0
constrained_ols_av,pass,-0.0023,0.0
constrained_ols_av,pass,-0.9073,4.0
constrained_ols_av,pass,-0.0023,0.0
constrained_ols_av,pass,0.9026,7.0
constrained_ols_av,pass,-1.3597,2.0
constrained_ols_av,pass,-0.9073,3.0
constrained_ols_av,pass,-0.4548,8.0
constrained_ols_av,pass,-0.9073,2.0
constrained_ols_av,pass,-0.9073,7.0
constrained_ols_av,pass,-0.4548,6.0
constrained_ols_av,pass,-0.4548,0.0
constrained_ols_av,pass,-0.4548,4.0
constrained_ols_av,pass,-0.4548,6.0
constrained_ols_av,pass,-0.4548,9.0
constrained_ols_av,pass,-0.9073,2.0
constrained_ols_av,pass,-0.0023,0.0
constrained_ols_av,pass,-0.4548,3.0
constrained_ols_av,pass,-0.4548,4.0
constrained_ols_av,pass,-0.9073,4.0
constrained_ols_av,pass,-1.3597,4.0
constrained_ols_av,pass,-0.4548,5.0
constrained_ols_av,pass,-0.4548,4.0
constrained_ols_av,pass,-0.4548,0.0
constrained_ols_av,pass,-0.0023,0.0
constrained_ols_av,pass,-0.4548,3.0
constrained_ols_av,pass,-0.0023,6.0
constrained_ols_av,pass,-0.4548,7.0
constrained_ols_av,pass,-0.4548,5.0
constrained_ols_av,pass,-0.4548,3.0
constrained_ols_av,pass,0.4501,3.0
constrained_ols_av,pass,-0.9073,7.0
constrained_ols_av,pass,0.4501,0.0
constrained_ols_av,pass,-0.4548,4.0
constrained_ols_av,pass,-0.9073,0.0
constrained_ols_av,pass,-0.0023,6.0
constrained_ols_av,pass,-0.4548,0.0
constrained_ols_av,pass,-0.0023,7.0
constrained_ols_av,pass,-0.9073,4.0
constrained_ols_av,pass,-0.0023,7.0
constrained_ols_av,pass,-0.9073,3.0
constrained_ols_av,pass,-0.4548,2.0
constrained_ols_av,pass,-0.4548,0.0
constrained_ols_av,pass,-0.0023,0.0
constrained_ols_av,pass,-1.3597,0.0
constrained_ols_av,pass,-0.9073,4.0
constrained_ols_av,pass,-0.0023,0.0
constrained_ols_av,pass,0.9026,9.0
constrained_ols_av,pass,-1.3597,3.0
constrained_ols_av,pass,-0.9073,0.0
constrained_ols_av,pass,-0.9073,3.0
constrained_ols_av,pass,-0.4548,8.0
constrained_ols_av,pass,-0.9073,0.0
constrained_ols_av,pass,-0.4548,0.0
constrained_ols_av,pass,-0.4548,0.0
constrained_ols_av,pass,-0.0023,0.0
constrained_ols_av,pass,-0.0023,0.0
constrained_ols_av,pass,0.4501,0.0
constrained_ols_av,pass,-0.4548,8.0
constrained_ols_av,pass,0.4501,8.0
constrained_ols_av,pass,-0.4548,5.0
constrained_ols_av,pass,-0.9073,0.0
constrained_ols_av,pass,-0.9073,2.0
constrained_ols_av,pass,-0.9073,4.0
constrained_ols_av,pass,0.4501,0.0
constrained_ols_av,pass,0.9026,0.0
constrained_ols_av,pass,-0.0023,0.0
constrained_ols_av,pass,-1.3597,2.0
constrained_ols_av,pass,-0.4548,0.0
constrained_ols_av,pass,-0.9073,2.0
constrained_ols_av,pass,-0.4548,3.0
constrained_ols_av,pass,-0.4548,0.0
constrained_ols_av,pass,-0.4548,3.0
constrained_ols_av,pass,-0.0023,8.0
constrained_ols_av,pass,-0.0023,8.0
constrained_ols_av,pass,-0.9073,0.0
constrained_ols_av,pass,-0.9073,6.0
constrained_ols_av,pass,-0.4548,4.0
constrained_ols_av,pass,-1.3597,1.0
constrained_ols_av,pass,-0.4548,0.0
constrained_ols_av,pass,0.4501,3.0
constrained_ols_av,pass,-0.4548,6.0
constrained_ols_av,pass,-0.0023,5.0
constrained_ols_av,pass,-0.4548,2.0
constrained_ols_av,pass,-0.0023,4.0
constrained_ols_av,pass,-1.3597,7.0
constrained_ols_av,pass,-0.9073,6.0
constrained_ols_av,pass,-0.4548,3.0
constrained_ols_av,pass,-0.0023,5.0
constrained_ols_av,pass,-1.3597,5.0
constrained_ols_av,pass,-0.4548,0.0
constrained_ols_av,pass,-0.4548,4.0
constrained_ols_av,pass,-0.4548,0.0
constrained_ols_av,pass,-0.4548,0.0
constrained_ols_av,pass,-0.4548,1.0
constrained_ols_av,pass,-0.4548,0.0
constrained_ols_av,pass,-0.9073,4.0
constrained_ols_av,pass,-0.4548,6.0
constrained_ols_av,pass,-0.9073,0.0
constrained_ols_av,pass,-0.0023,5.0
constrained_ols_av,pass,-0.4548,6.0
constrained_ols_av,pass,-0.4548,0.0
constrained_ols_av,pass,-0.4548,4.0
constrained_ols_av,pass,-0.9073,5.0
constrained_ols_av,pass,0.4501,2.0
constrained_ols_av,pass,-0.4548,6.0
constrained_ols_av,pass,-0.9073,0.0
constrained_ols_av,pass,-0.9073,2.0
constrained_ols_av,pass,-0.9073,3.0
constrained_ols_av,pass,-0.0023,6.0
constrained_ols_av,pass,-0.9073,4.0
constrained_ols_av,pass,0.4501,0.0
constrained_ols_av,pass,-0.4548,0.0
constrained_ols_av,pass,-0.4548,0.0
constrained_ols_av,pass,-0.4548,4.0
constrained_ols_av,pass,-0.4548,2.0
constrained_ols_av,pass,-0.4548,0.0
constrained_ols_av,pass,-0.9073,2.0
constrained_ols_av,pass,-0.4548,4.0
constrained_ols_av,pass,-0.4548,0.0
constrained_ols_av,pass,0.4501,0.0
constrained_ols_av,pass,-0.0023,0.0
constrained_ols_av,pass,-0.9073,4.0
constrained_ols_av,pass,-0.9073,0.0
constrained_ols_av,pass,-0.9073,0.0
constrained_ols_av,pass,-0.4548,7.0
constrained_ols_av,pass,0.4501,8.0
constrained_ols_av,pass,-0.0023,2.0
constrained_ols_av,pass,-0.9073,3.0
constrained_ols_av,pass,-0.9073,0.0
constrained_ols_av,pass,-0.4548,4.0
constrained_ols_av,pass,-0.4548,4.0
constrained_ols_av,pass,-0.4548,4.0
constrained_ols_av,pass,-0.9073,2.0
constrained_ols_av,pass,-0.0023,0.0
constrained_ols_av,pass,-0.4548,2.0
constrained_ols_av,pass,-0.4548,2.0
constrained_ols_av,pass,-0.4548,3.0
constrained_ols_av,pass,0.4501,9.0
constrained_ols_av,pass,0.4501,3.0
constrained_ols_av,pass,-0.9073,6.0
constrained_ols_av,pass,0.9026,0.0
constrained_ols_av,pass,-0.4548,0.0
constrained_ols_av,pass,-0.4548,0.0
constrained_ols_av,pass,-0.0023,0.0
constrained_ols_av,pass,-0.9073,5.0
constrained_ols_av,pass,-0.4548,0.0
constrained_ols_av,pass,-0.0023,7.0
constrained_ols_av,pass,-0.4548,4.0
constrained_ols_av,pass,-1.3597,4.0
constrained_ols_av,pass,-0.9073,4.0
constrained_ols_av,pass,-0.0023,6.0
constrained_ols_av,pass,0.4501,0.0
constrained_ols_av,pass,-1.3597,4.0
constrained_ols_av,pass,-1.3597,1.0
constrained_ols_av,pass,-0.0023,6.0
constrained_ols_av,pass,-0.0023,4.0
constrained_ols_av,pass,-0.4548,4.0
constrained_ols_av,pass,-1.3597,5.0
constrained_ols_av,pass,-0.4548,3.0
constrained_ols_av,pass,-0.0023,5.0
constrained_ols_av,pass,-1.3597,0.0
constrained_ols_av,pass,-0.4548,6.0
constrained_ols_av,pass,-0.9073,0.0
constrained_ols_av,pass,-0.0023,4.0
constrained_ols_av,pass,0.4501,0.0
constrained_ols_av,pass,0.9026,0.0
constrained_ols_av,pass,-0.4548,0.0
constrained_ols_av,pass,-0.4548,5.0
constrained_ols_av,pass,-0.9073,3.0
constrained_ols_av,pass,-0.4548,5.0
constrained_ols_av,pass,-0.0023,9.0
constrained_ols_av,pass,-0.4548,8.0
constrained_ols_av,pass,-0.0023,0.0
constrained_ols_av,pass,-0.4548,7.0
constrained_ols_av,pass,-0.9073,7.0
constrained_ols_av,pass,-0.0023,8.0
constrained_ols_av,pass,-0.9073,6.0
constrained_ols_av,pass,-1.3597,0.0
constrained_ols_av,pass,-0.9073,2.0
constrained_ols_av,pass,-0.4548,2.0
constrained_ols_av,pass,-0.4548,4.0
constrained_ols_av,pass,-0.9073,4.0
constrained_ols_av,pass,-1.3597,8.0
constrained_ols_av,pass,-1.3597,6.0
constrained_ols_av,pass,-0.9073,4.0
constrained_ols_av,pass,-0.0023,0.0
constrained_ols_av,pass,-1.3597,2.0
constrained_ols_av,pass,-0.4548,5.0
constrained_ols_av,pass,0.4501,0.0
constrained_ols_av,pass,-0.4548,4.0
constrained_ols_av,pass,-0.4548,0.0
constrained_ols_av,pass,-0.9073,2.0
constrained_ols_av,pass,-0.4548,5.0
constrained_ols_av,pass,-0.0023,4.0
constrained_ols_av,pass,-0.4548,4.0
constrained_ols_av,pass,0.4501,5.0
constrained_ols_av,pass,-0.4548,0.0
constrained_ols_av,pass,-0.9073,2.0
constrained_ols_av,pass,-0.0023,6.0
constrained_ols_av,pass,-0.4548,3.0
constrained_ols_av,pass,-0.4548,3.0
constrained_ols_av,pass,-0.9073,7.0
constrained_ols_av,pass,-0.4548,0.0
constrained_ols_av,pass,-0.9073,0.0
constrained_ols_av,pass,-0.9073,3.0
constrained_ols_av,pass,-0.4548,0.0
constrained_ols_av,pass,-0.9073,0.0
constrained_ols_av,pass,0.4501,6.0
constrained_ols_av,pass,-0.0023,9.0
constrained_ols_av,pass,-0.0023,2.0
constrained_ols_av,pass,-0.0023,0.0
constrained_ols_av,pass,-0.9073,8.0
constrained_ols_av,pass,-0.4548,3.0
constrained_ols_av,pass,-1.3597,0.0
constrained_ols_av,pass,-0.9073,4.0
constrained_ols_av,pass,-0.9073,0.0
constrained_ols_av,pass,-1.3597,0.0
constrained_ols_av,pass,0.4501,4.0
constrained_ols_av,pass,-0.9073,8.0
constrained_ols_av,pass,-1.3597,1.0
constrained_ols_av,pass,-0.4548,2.0
constrained_ols_av,pass,-0.4548,6.0
constrained_ols_av,pass,-1.3597,5.0
constrained_ols_av,pass,-0.4548,4.0
constrained_ols_av,pass,-0.4548,0.0
constrained_ols_av,pass,-0.9073,0.0
constrained_ols_av,pass,-0.9073,0.0
constrained_ols_av,pass,-0.9073,4.0
constrained_ols_av,pass,-0.4548,0.0
constrained_ols_av,pass,-0.0023,0.0
constrained_ols_av,pass,-0.0023,0.0
constrained_ols_av,pass,0.4501,3.0
constrained_ols_av,pass,-0.4548,2.0
constrained_ols_av,pass,-0.4548,4.0
constrained_ols_av,pass,-0.9073,2.0
constrained_ols_av,pass,-0.9073,1.0
constrained_ols_av,pass,-0.4548,4.0
constrained_ols_av,pass,-0.4548,0.0
constrained_ols_av,pass,-0.4548,0.0
constrained_ols_av,pass,0.4501,7.0
constrained_ols_av,pass,-0.0023,4.0
constrained_ols_av,pass,-0.4548,0.0
constrained_ols_av,pass,-0.4548,3.0
constrained_ols_av,pass,-1.3597,0.0
constrained_ols_av,pass,-0.0023,0.0
constrained_ols_av,pass,-0.0023,5.0
constrained_ols_av,pass,-0.9073,1.0
constrained_ols_av,pass,-0.0023,4.0
constrained_ols_av,pass,-0.9073,4.0
constrained_ols_av,pass,-0.9073,1.0
constrained_ols_av,pass,-1.3597,2.0
constrained_ols_av,pass,-0.4548,9.0
constrained_ols_av,pass,-0.4548,5.0
constrained_ols_av,pass,-0.9073,6.0
constrained_ols_av,pass,-0.9073,4.0
constrained_ols_av,pass,-0.9073,3.0
constrained_ols_av,pass,-0.4548,3.0
constrained_ols_av,pass,-0.9073,3.0
constrained_ols_av,pass,-0.0023,0.0
constrained_ols_av,pass,-0.9073,7.0
constrained_ols_av,pass,-0.0023,0.0
constrained_ols_av,pass,-0.4548,6.0
constrained_ols_av,pass,-0.9073,2.0
constrained_ols_av,pass,-0.4548,6.0
constrained_ols_av,pass,-1.3597,5.0
constrained_ols_av,pass,-0.4548,0.0
constrained_ols_av,pass,-0.9073,5.0
constrained_ols_av,pass,-0.4548,3.0
constrained_ols_av,pass,-0.0023,3.0
constrained_ols_av,pass,-0.0023,4.0
constrained_ols_av,pass,-0.4548,4.0
constrained_ols_av,pass,-1.3597,4.0
constrained_ols_av,pass,-0.0023,7.0
constrained_ols_av,pass,-0.4548,6.0
constrained_ols_av,pass,-0.9073,3.0
constrained_ols_av,pass,-0.9073,0.0
constrained_ols_av,pass,-0.9073,7.0
constrained_ols_av,pass,-0.0023,0.0
constrained_ols_av,pass,-0.9073,4.0
constrained_ols_av,pass,-0.9073,0.0
constrained_ols_av,pass,-0.0023,2.0
constrained_ols_av,pass,-0.4548,8.0
constrained_ols_av,pass,-0.9073,4.0
constrained_ols_av,pass,-0.4548,5.0
constrained_ols_av,pass,-0.0023,2.0
constrained_ols_av,pass,-0.4548,2.0
constrained_ols_av,pass,-0.0023,0.0
constrained_ols_av,pass,-0.9073,2.0
constrained_ols_av,pass,-0.9073,4.0
constrained_ols_av,pass,-0.4548,0.0
constrained_ols_av,pass,-0.0023,4.0
constrained_ols_av,pass,-0.0023,0.0
constrained_ols_av,pass,-0.0023,0.0
constrained_ols_av,pass,0.4501,3.0
constrained_ols_av,pass,-0.9073,3.0
constrained_ols_av,pass,-0.4548,3.0
constrained_ols_av,pass,-1.3597,5.0
constrained_ols_av,pass,-0.0023,0.0
constrained_ols_av,pass,-0.0023,8.0
constrained_ols_av,pass,-0.4548,0.0
constrained_ols_av,pass,-0.9073,0.0
constrained_ols_av,pass,-0.4548,2.0
constrained_ols_av,pass,-0.4548,5.0
constrained_ols_av,pass,-0.0023,0.0
constrained_ols_av,pass,0.9026,0.0
constrained_ols_av,pass,-0.4548,8.0
constrained_ols_av,pass,-0.9073,2.0
constrained_ols_av,pass,-0.4548,2.0
constrained_ols_av,pass,-0.9073,0.0
constrained_ols_av,pass,-0.9073,2.0
constrained_ols_av,pass,-0.0023,8.0
constrained_ols_av,pass,-1.3597,5.0
constrained_ols_av,pass,-0.0023,0.0
constrained_ols_av,pass,-0.4548,3.0
constrained_ols_av,pass,-0.4548,0.0
constrained_ols_av,pass,0.4501,3.0
constrained_ols_av,pass,-0.0023,9.0
constrained_ols_av,pass,-0.9073,10.0
constrained_ols_av,pass,-0.0023,0.0
constrained_ols_av,pass,-0.0023,3.0
constrained_ols_av,pass,-0.4548,4.0
constrained_ols_av,pass,0.4501,7.0
constrained_ols_av,pass,-0.9073,0.0
constrained_ols_av,pass,-0.4548,10.0
constrained_ols_av,pass,-0.4548,3.0
constrained_ols_av,pass,-0.4548,0.0
constrained_ols_av,pass,-1.3597,4.0
constrained_ols_av,pass,-0.4548,2.0
constrained_ols_av,pass,-0.0023,1.0
constrained_ols_av,pass,-0.4548,4.0
constrained_ols_av,pass,-0.0023,1.0
constrained_ols_av,pass,-0.0023,0.0
constrained_ols_av,pass,-0.9073,3.0
constrained_ols_av,pass,-0.0023,3.0
constrained_ols_av,pass,0.4501,0.0
constrained_ols_av,pass,-0.4548,0.0
constrained_ols_av,pass,-1.3597,7.0
constrained_ols_av,pass,-0.0023,3.0
constrained_ols_av,pass,-0.9073,0.0
constrained_ols_av,pass,-0.4548,8.0
constrained_ols_av,pass,-0.4548,0.0
constrained_ols_av,pass,-0.9073,8.0
constrained_ols_av,pass,0.4501,0.0
constrained_ols_av,pass,0.4501,5.0
constrained_ols_av,pass,-0.9073,7.0
constrained_ols_av,pass,0.9026,3.0
constrained_ols_av,pass,-0.0023,2.0
constrained_ols_av,pass,-0.0023,7.0
constrained_ols_av,pass,-0.4548,0.0
constrained_ols_av,pass,-0.4548,0.0
constrained_ols_av,pass,-0.9073,0.0
constrained_ols_av,pass,-0.4548,1.0
constrained_ols_av,pass,-0.0023,0.0
constrained_ols_av,pass,-0.9073,3.0
constrained_ols_av,pass,-0.4548,6.0
constrained_ols_av,pass,-0.0023,0.0
constrained_ols_av,pass,-1.3597,3.0
constrained_ols_av,pass,0.4501,5.0
constrained_ols_av,pass,-0.4548,0.0
constrained_ols_av,pass,-1.3597,7.0
constrained_ols_av,pass,-0.4548,7.0
constrained_ols_av,pass,-0.4548,0.0
constrained_ols_av,pass,-0.0023,0.0
constrained_ols_av,pass,0.4501,0.0
constrained_ols_av,pass,-0.9073,0.0
constrained_ols_av,pass,-0.0023,3.0
constrained_ols_av,pass,-0.9073,5.0
constrained_ols_av,pass,-0.0023,2.0
constrained_ols_av,pass,-1.3597,3.0
constrained_ols_av,pass,-0.9073,0.0
constrained_ols_av,pass,-1.3597,0.0
constrained_ols_av,pass,0.4501,3.0
constrained_ols_av,pass,-0.9073,9.0
constrained_ols_av,pass,-0.9073,0.0
constrained_ols_av,pass,-0.9073,2.0
constrained_ols_av,pass,-0.4548,4.0
constrained_ols_av,pass,-0.9073,8.0
constrained_ols_av,pass,-0.0023,0.0
constrained_ols_av,pass,-0.9073,2.0
constrained_ols_av,pass,-0.9073,5.0
constrained_ols_av,pass,0.4501,6.0
constrained_ols_av,pass,-0.4548,0.0
constrained_ols_av,pass,-0.4548,2.0
constrained_ols_av,pass,-0.9073,3.0
constrained_ols_av,pass,-0.0023,0.0
constrained_ols_av,pass,-0.9073,4.0
constrained_ols_av,pass,-0.9073,4.0
constrained_ols_av,pass,0.4501,5.0
constrained_ols_av,pass,-0.9073,6.0
constrained_ols_av,pass,-1.3597,3.0
constrained_ols_av,pass,-0.4548,3.0
constrained_ols_av,pass,0.4501,5.0
constrained_ols_av,pass,-0.4548,3.0
constrained_ols_av,pass,-1.3597,1.0
constrained_ols_av,pass,-0.9073,1.0
constrained_ols_av,pass,-0.0023,7.0
constrained_ols_av,pass,-0.0023,6.0
constrained_ols_av,pass,-0.4548,0.0
constrained_ols_av,pass,-0.0023,0.0
constrained_ols_av,pass,-0.0023,0.0
constrained_ols_av,pass,-0.9073,0.0
constrained_ols_av,pass,-0.9073,9.0
constrained_ols_av,pass,-0.9073,3.0
constrained_ols_av,pass,-0.4548,6.0
constrained_ols_av,pass,-0.9073,4.0
constrained_ols_av,pass,-0.4548,0.0
constrained_ols_av,pass,-0.0023,0.0
constrained_ols_av,pass,-0.4548,3.0
constrained_ols_av,pass,-0.4548,3.0
constrained_ols_av,pass,-0.0023,2.0
constrained_ols_av,pass,-0.9073,3.0
constrained_ols_av,pass,-0.9073,2.0
constrained_ols_av,pass,-0.9073,0.0
constrained_ols_av,pass,-0.4548,6.0
constrained_ols_av,pass,-0.4548,5.0
constrained_ols_av,pass,-0.0023,5.0
constrained_ols_av,pass,-0.9073,0.0
constrained_ols_av,pass,-0.9073,0.0
constrained_ols_av,pass,-0.9073,2.0
constrained_ols_av,pass,-0.4548,0.0
constrained_ols_av,pass,-0.0023,0.0
constrained_ols_av,pass,-0.0023,2.0
constrained_ols_av,pass,-0.0023,7.0
constrained_ols_av,pass,-0.0023,9.0
constrained_ols_av,pass,-0.4548,6.0
constrained_ols_av,pass,-0.0023,5.0
constrained_ols_av,pass,-0.4548,1.0
constrained_ols_av,pass,-0.4548,7.0
constrained_ols_av,pass,-0.4548,0.0
constrained_ols_av,pass,-0.0023,3.0
constrained_ols_av,pass,-0.9073,3.0
constrained_ols_av,pass,0.4501,3.0
constrained_ols_av,pass,-0.0023,3.0
constrained_ols_av,pass,-0.4548,3.0
constrained_ols_av,pass,-0.4548,0.0
constrained_ols_av,pass,-0.0023,4.0
constrained_ols_av,pass,-0.0023,4.0
constrained_ols_av,pass,-1.3597,3.0
constrained_ols_av,pass,-1.3597,2.0
constrained_ols_av,pass,-0.0023,0.0
constrained_ols_av,pass,-1.3597,3.0
constrained_ols_av,pass,-0.4548,4.0
constrained_ols_av,pass,-0.0023,0.0
constrained_ols_av,pass,-0.9073,3.0
constrained_ols_av,pass,-0.4548,0.0
constrained_ols_av,pass,-0.0023,4.0
constrained_ols_av,pass,-0.4548,7.0
constrained_ols_av,pass,-0.0023,1.0
constrained_ols_av,pass,-0.0023,0.0
constrained_ols_av,pass,-0.4548,4.0
constrained_ols_av,pass,-0.9073,3.0
constrained_ols_av,pass,-0.0023,4.0
constrained_ols_av,pass,-0.4548,2.0
constrained_ols_av,pass,-0.0023,0.0
constrained_ols_av,pass,-1.3597,7.0
constrained_ols_av,pass,-0.4548,8.0
constrained_ols_av,pass,-0.9073,7.0
constrained_ols_av,pass,-0.0023,2.0
constrained_ols_av,pass,-0.9073,3.0
constrained_ols_av,pass,-0.4548,0.0
constrained_ols_av,pass,-1.3597,0.0
constrained_ols_av,pass,-0.9073,6.0
constrained_ols_av,pass,-0.9073,6.0
constrained_ols_av,pass,-0.0023,0.0
constrained_ols_av,pass,-0.4548,5.0
constrained_ols_av,pass,-1.3597,5.0
constrained_ols_av,pass,-0.4548,2.0
constrained_ols_av,pass,-0.4548,4.0
constrained_ols_av,pass,-0.0023,0.0
constrained_ols_av,pass,-0.4548,0.0
constrained_ols_av,pass,0.4501,9.0
constrained_ols_av,pass,-0.9073,6.0
constrained_ols_av,pass,-0.0023,9.0
constrained_ols_av,pass,-0.9073,5.0
constrained_ols_av,pass,-0.4548,5.0
constrained_ols_av,pass,-0.4548,2.0
constrained_ols_av,pass,-0.9073,1.0
constrained_ols_av,pass,-0.4548,6.0
constrained_ols_av,pass,-0.0023,0.0
constrained_ols_av,pass,-1.3597,0.0
constrained_ols_av,pass,-0.4548,1.0
constrained_ols_av,pass,-0.4548,8.0
constrained_ols_av,pass,-0.4548,7.0
constrained_ols_av,pass,0.4501,0.0
constrained_ols_av,pass,-0.0023,0.0
constrained_ols_av,pass,-0.4548,0.0
constrained_ols_av,pass,-0.4548,5.0
constrained_ols_av,pass,-0.0023,10.0
constrained_ols_av,pass,-0.0023,3.0
constrained_ols_av,pass,-0.4548,2.0
constrained_ols_av,pass,-0.0023,6.0
constrained_ols_av,pass,-0.0023,8.0
constrained_ols_av,pass,-0.4548,4.0
constrained_ols_av,pass,-0.4548,8.0
constrained_ols_av,pass,-0.0023,5.0
constrained_ols_av,pass,-0.4548,0.0
constrained_ols_av,pass,-1.3597,0.0
constrained_ols_av,pass,-0.4548,2.0
constrained_ols_av,pass,-0.9073,5.0
constrained_ols_av,pass,-0.4548,0.0
constrained_ols_av,pass,0.4501,3.0
constrained_ols_av,pass,-0.4548,5.0
constrained_ols_av,pass,-0.4548,5.0
constrained_ols_av,pass,-0.4548,5.0
constrained_ols_av,pass,-0.4548,0.0
constrained_ols_av,pass,-0.9073,2.0
constrained_ols_av,pass,-0.9073,1.0
constrained_ols_av,pass,-0.0023,0.0
constrained_ols_av,pass,-0.4548,2.0
constrained_ols_av,pass,-0.9073,4.0
constrained_ols_av,pass,-0.0023,0.0
constrained_ols_av,pass,-0.0023,9.0
constrained_ols_av,pass,-1.3597,5.0
constrained_ols_av,pass,-0.4548,0.0
constrained_ols_av,pass,-0.9073,0.0
constrained_ols_av,pass,-0.0023,4.0
constrained_ols_av,pass,-0.9073,0.0
constrained_ols_av,pass,-0.0023,6.0
constrained_ols_av,pass,-0.0023,4.0
constrained_ols_av,pass,-0.0023,0.0
constrained_ols_av,pass,-0.4548,2.0
constrained_ols_av,pass,-0.4548,2.0
constrained_ols_av,pass,-0.9073,4.0
constrained_ols_av,pass,-0.9073,0.0
constrained_ols_av,pass,-0.0023,2.0
constrained_ols_av,pass,-0.0023,4.0
constrained_ols_av,pass,-0.0023,2.0
constrained_ols_av,pass,-0.4548,3.0
constrained_ols_av,pass,-0.0023,5.0
constrained_ols_av,pass,0.4501,0.0
constrained_ols_av,pass,-0.0023,4.0
constrained_ols_av,pass,-0.4548,5.0
constrained_ols_av,pass,-0.4548,7.0
constrained_ols_av,pass,-0.9073,3.0
constrained_ols_av,pass,-0.4548,5.0
constrained_ols_av,pass,-0.0023,1.0
constrained_ols_av,pass,-0.9073,6.0
constrained_ols_av,pass,-0.9073,3.0
constrained_ols_av,pass,0.4501,0.0
constrained_ols_av,pass,-0.9073,6.0
constrained_ols_av,pass,0.4501,10.0
constrained_ols_av,pass,-0.4548,6.0
constrained_ols_av,pass,0.4501,0.0
constrained_ols_av,pass,-0.9073,1.0
constrained_ols_av,pass,0.4501,8.0
constrained_ols_av,pass,0.4501,0.0
constrained_ols_av,pass,-0.4548,7.0
constrained_ols_av,pass,-0.9073,3.0
constrained_ols_av,pass,0.4501,4.0
constrained_ols_av,pass,-0.0023,0.0
constrained_ols_av,pass,0.9026,0.0
constrained_ols_av,pass,0.4501,8.0
constrained_ols_av,pass,-0.4548,2.0
constrained_ols_av,pass,-0.0023,6.0
constrained_ols_av,pass,-0.4548,0.0
constrained_ols_av,pass,-0.4548,4.0
constrained_ols_av,pass,-0.9073,4.0
constrained_ols_av,pass,0.4501,7.0
constrained_ols_av,pass,-0.0023,0.0
constrained_ols_av,pass,-0.0023,6.0
constrained_ols_av,pass,-0.9073,0.0
constrained_ols_av,pass,-0.4548,5.0
constrained_ols_av,pass,-0.9073,4.0
constrained_ols_av,pass,-0.0023,6.0
constrained_ols_av,pass,-0.4548,3.0
constrained_ols_av,pass,-0.4548,0.0
constrained_ols_av,pass,-0.0023,5.0
constrained_ols_av,pass,-0.4548,0.0
constrained_ols_av,pass,-0.4548,3.0
constrained_ols_av,pass,-0.4548,6.0
constrained_ols_av,pass,0.4501,0.0
constrained_ols_av,pass,-0.4548,2.0
constrained_ols_av,pass,-0.4548,7.0
constrained_ols_av,pass,0.4501,4.0
constrained_ols_av,pass,-0.4548,0.0
constrained_ols_av,pass,-0.9073,3.0
constrained_ols_av,pass,-0.4548,3.0
constrained_ols_av,pass,-0.9073,1.0
constrained_ols_av,pass,-0.9073,2.0
constrained_ols_av,pass,-0.0023,0.0
constrained_ols_av,pass,-0.0023,9.0
constrained_ols_av,pass,-0.9073,7.0
constrained_ols_av,pass,-0.4548,8.0
constrained_ols_av,pass,-0.0023,8.0
constrained_ols_av,pass,0.9026,7.0
constrained_ols_av,pass,-0.9073,0.0
constrained_ols_av,pass,-0.4548,5.0
constrained_ols_av,pass,-0.4548,5.0
constrained_ols_av,pass,-0.9073,5.0
constrained_ols_av,pass,-0.4548,4.0
constrained_ols_av,pass,-0.0023,5.0
constrained_ols_av,pass,-0.4548,7.0
constrained_ols_av,pass,-0.4548,8.0
constrained_ols_av,pass,-0.4548,9.0
constrained_ols_av,pass,-0.4548,3.0
constrained_ols_av,pass,-0.0023,2.0
constrained_ols_av,pass,-1.3597,5.0
constrained_ols_av,pass,-0.4548,2.0
constrained_ols_av,pass,-0.4548,5.0
constrained_ols_av,pass,-0.9073,5.0
constrained_ols_av,pass,-0.4548,0.0
constrained_ols_av,pass,-0.4548,2.0
constrained_ols_av,pass,-0.4548,5.0
constrained_ols_av,pass,-0.4548,0.0
constrained_ols_av,pass,-0.9073,8.0
constrained_ols_av,pass,-0.0023,4.0
constrained_ols_av,pass,-0.9073,7.0
constrained_ols_av,pass,-0.0023,0.0
constrained_ols_av,pass,-0.0023,9.0
constrained_ols_av,pass,-0.4548,0.0
constrained_ols_av,pass,-0.0023,1.0
constrained_ols_av,pass,-0.4548,7.0
constrained_ols_av,pass,-0.9073,0.0
constrained_ols_av,pass,-1.3597,2.0
constrained_ols_av,pass,-1.3597,10.0
constrained_ols_av,pass,-1.3597,3.0
constrained_ols_av,pass,-0.9073,3.0
constrained_ols_av,pass,-0.0023,0.0
constrained_ols_av,pass,-0.4548,4.0
constrained_ols_av,pass,-0.0023,0.0
constrained_ols_av,pass,-1.3597,3.0
constrained_ols_av,pass,-1.3597,3.0
constrained_ols_av,pass,-0.4548,8.0
constrained_ols_av,pass,-0.4548,0.0
constrained_ols_av,pass,-0.0023,2.0
constrained_ols_av,pass,0.9026,7.0
constrained_ols_av,pass,-0.9073,4.0
constrained_ols_av,pass,-1.3597,0.0
constrained_ols_av,pass,-0.0023,6.0
constrained_ols_av,pass,-0.9073,5.0
constrained_ols_av,pass,-0.4548,0.0
constrained_ols_av,pass,-0.9073,2.0
constrained_ols_av,pass,-0.4548,2.0
constrained_ols_av,pass,-0.4548,5.0
constrained_ols_av,pass,-0.9073,5.0
constrained_ols_av,pass,-0.9073,4.0
constrained_ols_av,pass,-0.0023,2.0
constrained_ols_av,pass,-0.9073,8.0
constrained_ols_av,pass,-0.4548,5.0
constrained_ols_av,pass,-0.9073,6.0
constrained_ols_av,pass,-0.0023,4.0
constrained_ols_av,pass,-0.9073,3.0
constrained_ols_av,pass,-0.0023,4.0
constrained_ols_av,pass,-0.0023,0.0
constrained_ols_av,pass,-0.9073,3.0
constrained_ols_av,pass,-0.4548,7.0
constrained_ols_av,pass,0.4501,7.0
constrained_ols_av,pass,-0.4548,0.0
constrained_ols_av,pass,-0.0023,3.0
constrained_ols_av,pass,-0.4548,0.0
constrained_ols_av,pass,-0.9073,6.0
constrained_ols_av,pass,-0.9073,2.0
constrained_ols_av,pass,-0.4548,3.0
constrained_ols_av,pass,-0.0023,5.0
constrained_ols_av,pass,-0.0023,1.0
constrained_ols_av,pass,-0.9073,3.0
constrained_ols_av,pass,-0.4548,4.0
constrained_ols_av,pass,-0.4548,7.0
constrained_ols_av,pass,-0.4548,7.0
constrained_ols_av,pass,-0.4548,2.0
constrained_ols_av,pass,-0.9073,2.0
constrained_ols_av,pass,-1.3597,0.0
constrained_ols_av,pass,0.4501,5.0
constrained_ols_av,pass,-0.4548,0.0
constrained_ols_av,pass,-0.4548,7.0
constrained_ols_av,pass,-0.0023,3.0
constrained_ols_av,pass,-1.3597,3.0
constrained_ols_av,pass,-0.0023,3.0
constrained_ols_av,pass,-0.9073,1.0
constrained_ols_av,pass,-0.4548,9.0
constrained_ols_av,pass,0.4501,4.0
constrained_ols_av,pass,-0.0023,0.0
constrained_ols_av,pass,-0.9073,4.0
constrained_ols_av,pass,-0.4548,0.0
constrained_ols_av,pass,-0.9073,0.0
constrained_ols_av,pass,0.4501,0.0
constrained_ols_av,pass,-0.9073,2.0
constrained_ols_av,pass,-0.4548,3.0
constrained_ols_av,pass,-0.9073,0.0
constrained_ols_av,pass,-0.4548,6.0
constrained_ols_av,pass,-0.4548,4.0
constrained_ols_av,pass,-0.4548,0.0
constrained_ols_av,pass,-0.0023,4.0
constrained_ols_av,pass,-0.9073,6.0
constrained_ols_av,pass,-0.9073,2.0
constrained_ols_av,pass,-0.9073,8.0
constrained_ols_av,pass,-1.3597,6.0
constrained_ols_av,pass,-0.0023,0.0
constrained_ols_av,pass,-0.0023,0.0
constrained_ols_av,pass,-0.9073,2.0
constrained_ols_av,pass,-0.4548,1.0
constrained_ols_av,pass,-1.3597,4.0
constrained_ols_av,pass,0.4501,2.0
constrained_ols_av,pass,-0.0023,8.0
constrained_ols_av,pass,-0.0023,5.0
constrained_ols_av,pass,-0.9073,3.0
constrained_ols_av,pass,-0.9073,5.0
constrained_ols_av,pass,-0.0023,2.0
constrained_ols_av,pass,-0.9073,3.0
constrained_ols_av,pass,-0.4548,7.0
constrained_ols_av,pass,-0.9073,8.0
constrained_ols_av,pass,-0.9073,7.0
constrained_ols_av,pass,-0.4548,7.0
constrained_ols_av,pass,-1.3597,0.0
constrained_ols_av,pass,0.4501,4.0
constrained_ols_av,pass,-0.0023,0.0
constrained_ols_av,pass,-1.3597,5.0
constrained_ols_av,pass,-1.3597,6.0
constrained_ols_av,pass,-0.9073,4.0
constrained_ols_av,pass,-0.9073,0.0
constrained_ols_av,pass,-0.9073,6.0
constrained_ols_av,pass,0.9026,0.0
constrained_ols_av,pass,-0.4548,8.0
constrained_ols_av,pass,-0.9073,3.0
constrained_ols_av,pass,-0.4548,4.0
constrained_ols_av,pass,-0.4548,2.0
constrained_ols_av,pass,-0.9073,3.0
constrained_ols_av,pass,-0.4548,7.0
constrained_ols_av,pass,-0.0023,0.0
constrained_ols_av,pass,-0.9073,2.0
constrained_ols_av,pass,-0.9073,0.0
constrained_ols_av,pass,-0.4548,7.0
constrained_ols_av,pass,-0.4548,0.0
constrained_ols_av,pass,-1.3597,1.0
constrained_ols_av,pass,-0.9073,0.0
constrained_ols_av,pass,0.4501,2.0
constrained_ols_av,pass,-0.0023,5.0
constrained_ols_av,pass,-0.0023,0.0
constrained_ols_av,pass,-0.9073,4.0
constrained_ols_av,pass,-0.4548,3.0
constrained_ols_av,pass,-0.4548,6.0
constrained_ols_av,pass,-0.9073,3.0
constrained_ols_av,pass,-0.4548,6.0
constrained_ols_av,pass,-0.9073,1.0
constrained_ols_av,pass,-0.0023,3.0
constrained_ols_av,pass,-0.4548,3.0
constrained_ols_av,pass,0.4501,5.0
constrained_ols_av,pass,-0.0023,6.0
constrained_ols_av,pass,0.4501,6.0
constrained_ols_av,pass,-0.4548,6.0
constrained_ols_av,pass,-1.3597,1.0
constrained_ols_av,pass,0.4501,0.0
constrained_ols_av,pass,-0.0023,4.0
constrained_ols_av,pass,-0.9073,8.0
constrained_ols_av,pass,-0.0023,3.0
constrained_ols_av,pass,-0.4548,6.0
constrained_ols_av,pass,-0.9073,2.0
constrained_ols_av,pass,-0.4548,0.0
constrained_ols_av,pass,-0.4548,0.0
constrained_ols_av,pass,-0.4548,0.0
constrained_ols_av,pass,-0.0023,0.0
constrained_ols_av,pass,-0.0023,0.0
constrained_ols_av,pass,-0.4548,7.0
constrained_ols_av,pass,-0.4548,4.0
constrained_ols_av,pass,-0.0023,3.0
constrained_ols_av,pass,-0.9073,0.0
constrained_ols_av,pass,-1.3597,7.0
constrained_ols_av,pass,-0.4548,0.0
constrained_ols_av,pass,-1.3597,1.0
constrained_ols_av,pass,-0.9073,7.0
constrained_ols_av,pass,-1.3597,2.0
constrained_ols_av,pass,-1.3597,7.0
constrained_ols_av,pass,-0.0023,0.0
constrained_ols_av,pass,-0.0023,0.0
constrained_ols_av,pass,-0.4548,7.0
constrained_ols_av,pass,-1.3597,0.0
constrained_ols_av,pass,-0.4548,7.0
constrained_ols_av,pass,0.4501,4.0
constrained_ols_av,pass,0.4501,5.0
constrained_ols_av,pass,0.4501,2.0
constrained_ols_av,pass,-0.0023,7.0
constrained_ols_av,pass,-0.4548,5.0
constrained_ols_av,pass,-0.9073,2.0
constrained_ols_av,pass,-0.9073,1.0
constrained_ols_av,pass,-0.0023,5.0
constrained_ols_av,pass,-0.4548,5.0
constrained_ols_av,pass,-0.4548,4.0
constrained_ols_av,pass,-0.0023,0.0
constrained_ols_av,pass,0.4501,7.0
constrained_ols_av,pass,-0.4548,2.0
constrained_ols_av,pass,-0.0023,0.0
constrained_ols_av,pass,-1.3597,6.0
constrained_ols_av,pass,-0.9073,4.0
constrained_ols_av,pass,-0.0023,3.0
constrained_ols_av,pass,-0.4548,7.0
constrained_ols_av,pass,-0.0023,0.0
constrained_ols_av,pass,-0.4548,4.0
constrained_ols_av,pass,-0.4548,3.0
constrained_ols_av,pass,-0.4548,0.0
constrained_ols_av,pass,-0.4548,7.0
constrained_ols_av,pass,-0.0023,3.0
constrained_ols_av,pass,-0.0023,6.0
constrained_ols_av,pass,-1.3597,3.0
constrained_ols_av,pass,-0.0023,0.0
constrained_ols_av,pass,0.4501,1.0
constrained_ols_av,pass,0.9026,0.0
constrained_ols_av,pass,-0.0023,0.0
constrained_ols_av,pass,-0.0023,1.0
constrained_ols_av,pass,-0.4548,4.0
constrained_ols_av,pass,-0.4548,7.0
constrained_ols_av,pass,-0.0023,0.0
constrained_ols_av,pass,-0.9073,7.0
constrained_ols_av,pass,0.9026,7.0
constrained_ols_av,pass,-0.4548,0.0
constrained_ols_av,pass,-0.0023,4.0
constrained_ols_av,pass,-0.9073,4.0
constrained_ols_av,pass,0.9026,0.0
constrained_ols_av,pass,-0.0023,0.0
constrained_ols_av,pass,-0.0023,7.0
constrained_ols_av,pass,-0.4548,0.0
constrained_ols_av,pass,-0.4548,0.0
constrained_ols_av,pass,-0.0023,2.0
constrained_ols_av,pass,-0.9073,1.0
constrained_ols_av,pass,-0.4548,0.0
constrained_ols_av,pass,-0.4548,9.0
constrained_ols_av,pass,-0.0023,0.0
constrained_ols_av,pass,-0.0023,0.0
constrained_ols_av,pass,-0.0023,4.0
constrained_ols_av,pass,-0.0023,0.0
constrained_ols_av,pass,0.9026,0.0
constrained_ols_av,pass,-1.3597,3.0
constrained_ols_av,pass,0.4501,5.0
constrained_ols_av,pass,-0.9073,4.0
constrained_ols_av,pass,-0.9073,1.0
constrained_ols_av,pass,-0.0023,8.0
constrained_ols_av,pass,-0.4548,6.0
constrained_ols_av,pass,-0.4548,3.0
constrained_ols_av,pass,-0.0023,7.0
constrained_ols_av,pass,-1.3597,0.0
constrained_ols_av,pass,-0.9073,0.0
constrained_ols_av,pass,-1.3597,4.0
constrained_ols_av,pass,-0.4548,3.0
constrained_ols_av,pass,-0.9073,3.0
constrained_ols_av,pass,-0.0023,7.0
constrained_ols_av,pass,-0.9073,2.0
constrained_ols_av,pass,-0.4548,2.0
constrained_ols_av,pass,-0.4548,0.0
constrained_ols_av,pass,-0.9073,0.0
constrained_ols_av,pass,-0.4548,6.0
constrained_ols_av,pass,-0.4548,4.0
constrained_ols_av,pass,-0.4548,0.0
constrained_ols_av,pass,0.4501,2.0
constrained_ols_av,pass,-0.4548,9.0
constrained_ols_av,pass,-0.9073,1.0
constrained_ols_av,pass,-0.4548,7.0
constrained_ols_av,pass,-0.4548,0.0
constrained_ols_av,pass,-0.4548,5.0
constrained_ols_av,pass,0.4501,5.0
constrained_ols_av,pass,-0.4548,4.0
constrained_ols_av,pass,-0.4548,4.0
constrained_ols_av,pass,-0.9073,0.0
constrained_ols_av,pass,0.4501,0.0
constrained_ols_av,pass,-0.4548,6.0
constrained_ols_av,pass,-0.4548,7.0
constrained_ols_av,pass,-0.4548,1.0
constrained_ols_av,pass,-0.0023,0.0
constrained_ols_av,pass,0.4501,8.0
constrained_ols_av,pass,-0.4548,0.0
constrained_ols_av,pass,-0.4548,8.0
constrained_ols_av,pass,-0.9073,0.0
constrained_ols_av,pass,0.4501,4.0
constrained_ols_av,pass,-0.4548,6.0
constrained_ols_av,pass,-0.4548,5.0
constrained_ols_av,pass,-1.3597,4.0
constrained_ols_av,pass,-0.4548,1.0
constrained_ols_av,pass,-0.9073,4.0
constrained_ols_av,pass,-0.4548,7.0
constrained_ols_av,pass,-0.4548,4.0
constrained_ols_av,pass,-0.9073,0.0
constrained_ols_av,pass,0.4501,5.0
constrained_ols_av,pass,-0.9073,6.0
constrained_ols_av,pass,-0.9073,0.0
constrained_ols_av,pass,0.4501,0.0
constrained_ols_av,pass,-0.9073,5.0
constrained_ols_av,pass,-0.4548,3.0
constrained_ols_av,pass,-0.4548,6.0
constrained_ols_av,pass,-0.4548,4.0
constrained_ols_av,pass,-0.0023,6.0
constrained_ols_av,pass,-1.3597,5.0
constrained_ols_av,pass,-0.0023,4.0
constrained_ols_av,pass,-0.9073,3.0
constrained_ols_av,pass,-0.0023,5.0
constrained_ols_av,pass,-0.0023,4.0
constrained_ols_av,pass,-0.4548,5.0
constrained_ols_av,pass,-0.4548,0.0
constrained_ols_av,pass,-0.0023,8.0
constrained_ols_av,pass,-0.4548,2.0
constrained_ols_av,pass,-0.4548,4.0
constrained_ols_av,pass,-0.4548,5.0
constrained_ols_av,pass,-0.4548,6.0
constrained_ols_av,pass,-0.0023,7.0
constrained_ols_av,pass,-0.9073,5.0
constrained_ols_av,pass,-0.9073,5.0
constrained_ols_av,pass,0.4501,4.0
constrained_ols_av,pass,-0.4548,7.0
constrained_ols_av,pass,-0.0023,5.0
constrained_ols_av,pass,-0.0023,4.0
constrained_ols_av,pass,-0.0023,9.0
constrained_ols_av,pass,-1.3597,3.0
constrained_ols_av,pass,-0.4548,3.0
constrained_ols_av,pass,-0.9073,5.0
constrained_ols_av,pass,-0.4548,2.0
constrained_ols_av,pass,-0.4548,4.0
constrained_ols_av,pass,-0.9073,5.0
constrained_ols_av,pass,0.4501,0.0
constrained_ols_av,pass,-0.9073,2.0
constrained_ols_av,pass,-0.4548,0.0
constrained_ols_av,pass,-0.4548,4.0
constrained_ols_av,pass,-0.4548,0.0
constrained_ols_av,pass,-0.0023,0.0
constrained_ols_av,pass,-0.4548,4.0
constrained_ols_av,pass,-0.4548,1.0
constrained_ols_av,pass,-0.4548,0.0
constrained_ols_av,pass,-0.4548,3.0
constrained_ols_av,pass,-0.4548,10.0
constrained_ols_av,pass,-0.0023,4.0
constrained_ols_av,pass,-0.9073,0.0
constrained_ols_av,pass,-0.4548,9.0
constrained_ols_av,pass,-0.4548,5.0
constrained_ols_av,pass,-0.4548,2.0
constrained_ols_av,pass,-0.4548,4.0
constrained_ols_av,pass,-0.4548,6.0
constrained_ols_av,pass,-0.4548,2.0
constrained_ols_av,pass,-0.4548,5.0
constrained_ols_av,pass,0.4501,2.0
constrained_ols_av,pass,-1.3597,7.0
constrained_ols_av,pass,-0.0023,0.0
constrained_ols_av,pass,0.4501,0.0
constrained_ols_av,pass,-0.0023,0.0
constrained_ols_av,pass,-0.4548,3.0
constrained_ols_av,pass,-1.3597,0.0
constrained_ols_av,pass,-0.9073,1.0
constrained_ols_av,pass,-0.9073,8.0
constrained_ols_av,pass,0.4501,0.0
constrained_ols_av,pass,-0.9073,4.0
constrained_ols_av,pass,-0.0023,0.0
constrained_ols_av,pass,-0.4548,1.0
constrained_ols_av,pass,-0.0023,0.0
constrained_ols_av,pass,-0.0023,4.0
constrained_ols_av,pass,-1.3597,7.0
constrained_ols_av,pass,-0.4548,4.0
constrained_ols_av,pass,-0.0023,4.0
constrained_ols_av,pass,-0.4548,3.0
constrained_ols_av,pass,-0.0023,0.0
constrained_ols_av,pass,-0.0023,4.0
constrained_ols_av,pass,-0.9073,3.0
constrained_ols_av,pass,-0.4548,5.0
constrained_ols_av,pass,-0.4548,0.0
constrained_ols_av,pass,-0.4548,0.0
constrained_ols_av,pass,0.4501,3.0
constrained_ols_av,pass,-0.0023,3.0
constrained_ols_av,pass,-0.4548,6.0
constrained_ols_av,pass,-0.4548,4.0
constrained_ols_av,pass,-1.3597,2.0
constrained_ols_av,pass,-0.4548,4.0
constrained_ols_av,pass,-0.4548,7.0
constrained_ols_av,pass,-0.0023,3.0
constrained_ols_av,pass,-0.4548,0.0
constrained_ols_av,pass,-0.0023,4.0
constrained_ols_av,pass,-0.9073,0.0
constrained_ols_av,pass,-0.0023,0.0
constrained_ols_av,pass,-0.0023,4.0
constrained_ols_av,pass,-0.9073,2.0
constrained_ols_av,pass,0.4501,0.0
constrained_ols_av,pass,-1.3597,0.0
constrained_ols_av,pass,-0.4548,3.0
constrained_ols_av,pass,-0.9073,4.0
constrained_ols_av,pass,-0.9073,2.0
constrained_ols_av,pass,-0.4548,0.0
constrained_ols_av,pass,-0.4548,2.0
constrained_ols_av,pass,-0.4548,0.0
constrained_ols_av,pass,-0.4548,5.0
constrained_ols_av,pass,-0.4548,3.0
constrained_ols_av,pass,-0.0023,5.0
constrained_ols_av,pass,1.3551,0.0
constrained_ols_av,pass,-0.4548,0.0
constrained_ols_av,pass,-0.4548,4.0
constrained_ols_av,pass,-0.0023,7.0
constrained_ols_av,pass,-0.9073,2.0
constrained_ols_av,pass,-0.9073,0.0
constrained_ols_av,pass,-0.4548,0.0
constrained_ols_av,pass,-0.4548,5.0
constrained_ols_av,pass,-0.0023,7.0
constrained_ols_av,pass,-0.0023,0.0
constrained_ols_av,pass,-0.4548,8.0
constrained_ols_av,pass,-0.9073,4.0
constrained_ols_av,pass,-0.9073,3.0
constrained_ols_av,pass,-0.4548,0.0
constrained_ols_av,pass,-0.9073,4.0
constrained_ols_av,pass,-0.4548,3.0
constrained_ols_av,pass,-0.9073,0.0
constrained_ols_av,pass,-0.4548,8.0
constrained_ols_av,pass,-0.0023,4.0
constrained_ols_av,pass,-0.0023,6.0
constrained_ols_av,pass,-0.0023,4.0
constrained_ols_av,pass,-0.4548,5.0
constrained_ols_av,pass,-0.4548,4.0
constrained_ols_av,pass,-1.3597,5.0
constrained_ols_av,pass,-0.0023,3.0
constrained_ols_av,pass,-0.0023,0.0
constrained_ols_av,pass,-0.4548,0.0
constrained_ols_av,pass,-0.9073,0.0
constrained_ols_av,pass,-0.0023,5.0
constrained_ols_av,pass,-0.4548,6.0
constrained_ols_av,pass,-0.0023,0.0
constrained_ols_av,pass,-0.9073,3.0
constrained_ols_av,pass,-0.4548,3.0
constrained_ols_av,pass,0.4501,4.0
constrained_ols_av,pass,-0.9073,0.0
constrained_ols_av,pass,-0.9073,0.0
constrained_ols_av,pass,-0.0023,0.0
constrained_ols_av,pass,-0.0023,0.0
constrained_ols_av,pass,-0.9073,7.0
constrained_ols_av,pass,-0.4548,5.0
constrained_ols_av,pass,-0.4548,0.0
constrained_ols_av,pass,-0.0023,4.0
constrained_ols_av,pass,-0.4548,2.0
constrained_ols_av,pass,-0.4548,5.0
constrained_ols_av,pass,-0.4548,3.0
constrained_ols_av,pass,-0.0023,5.0
constrained_ols_av,pass,-0.0023,7.0
constrained_ols_av,pass,-0.9073,6.0
constrained_ols_av,pass,-0.9073,6.0
constrained_ols_av,pass,-0.9073,0.0
constrained_ols_av,pass,-0.9073,0.0
constrained_ols_av,pass,-0.0023,4.0
constrained_ols_av,pass,-0.4548,4.0
constrained_ols_av,pass,-0.0023,4.0
constrained_ols_av,pass,-0.4548,8.0
constrained_ols_av,pass,-0.9073,8.0
constrained_ols_av,pass,-0.9073,0.0
constrained_ols_av,pass,0.4501,0.0
constrained_ols_av,pass,-1.3597,1.0
constrained_ols_av,pass,-1.3597,4.0
constrained_ols_av,pass,-1.3597,2.0
constrained_ols_av,pass,-0.4548,0.0
constrained_ols_av,pass,-0.9073,5.0
constrained_ols_av,pass,0.4501,0.0
constrained_ols_av,pass,-1.3597,5.0
constrained_ols_av,pass,0.4501,3.0
constrained_ols_av,pass,-0.4548,0.0
constrained_ols_av,pass,-0.0023,0.0
constrained_ols_av,pass,0.4501,5.0
constrained_ols_av,pass,-1.3597,0.0
constrained_ols_av,pass,-0.0023,0.0
constrained_ols_av,pass,-0.4548,2.0
constrained_ols_av,pass,-0.9073,10.0
constrained_ols_av,pass,-1.3597,7.0
constrained_ols_av,pass,0.9026,0.0
constrained_ols_av,pass,0.4501,3.0
constrained_ols_av,pass,-0.9073,3.0
constrained_ols_av,pass,-0.4548,2.0
constrained_ols_av,pass,-0.0023,4.0
constrained_ols_av,pass,-0.9073,5.0
constrained_ols_av,pass,-0.9073,0.0
constrained_ols_av,pass,-0.4548,0.0
constrained_ols_av,pass,-1.3597,3.0
constrained_ols_av,pass,-0.9073,0.0
constrained_ols_av,pass,-1.3597,4.0
constrained_ols_av,pass,0.4501,0.0
constrained_ols_av,pass,-0.4548,0.0
constrained_ols_av,pass,-0.4548,4.0
constrained_ols_av,pass,-0.4548,4.0
constrained_ols_av,pass,-1.3597,5.0
constrained_ols_av,pass,-0.4548,5.0
constrained_ols_av,pass,-0.4548,3.0
constrained_ols_av,pass,-0.4548,6.0
constrained_ols_av,pass,-0.0023,3.0
constrained_ols_av,pass,-0.4548,7.0
constrained_ols_av,pass,-0.9073,2.0
constrained_ols_av,pass,-0.0023,8.0
constrained_ols_av,pass,-1.3597,2.0
constrained_ols_av,pass,0.4501,0.0
constrained_ols_av,pass,-0.9073,0.0
constrained_ols_av,pass,-0.4548,7.0
constrained_ols_av,pass,-1.3597,4.0
constrained_ols_av,pass,-0.4548,4.0
constrained_ols_av,pass,-0.9073,4.0
constrained_ols_av,pass,-0.9073,3.0
constrained_ols_av,pass,0.4501,2.0
constrained_ols_av,pass,-0.0023,0.0
constrained_ols_av,pass,-0.4548,4.0
constrained_ols_av,pass,-0.4548,6.0
constrained_ols_av,pass,-0.9073,0.0
constrained_ols_av,pass,-0.0023,0.0
constrained_ols_av,pass,-0.4548,5.0
constrained_ols_av,pass,-0.4548,0.0
constrained_ols_av,pass,-0.4548,6.0
constrained_ols_av,pass,-0.0023,5.0
constrained_ols_av,pass,-0.9073,4.0
constrained_ols_av,pass,0.4501,7.0
constrained_ols_av,pass,-0.4548,0.0
constrained_ols_av,pass,-0.0023,2.0
constrained_ols_av,pass,-0.0023,3.0
constrained_ols_av,pass,-0.9073,2.0
constrained_ols_av,pass,-0.9073,0.0
constrained_ols_av,pass,-0.9073,3.0
constrained_ols_av,pass,-0.4548,2.0
constrained_ols_av,pass,-0.4548,1.0
constrained_ols_av,pass,-0.9073,2.0
constrained_ols_av,pass,0.4501,0.0
constrained_ols_av,pass,-0.9073,8.0
constrained_ols_av,pass,-0.4548,4.0
constrained_ols_av,pass,-0.9073,5.0
constrained_ols_av,pass,-0.9073,9.0
constrained_ols_av,pass,-0.9073,2.0
constrained_ols_av,pass,-0.4548,5.0
constrained_ols_av,pass,-0.4548,3.0
constrained_ols_av,pass,-0.9073,2.0
constrained_ols_av,pass,-0.0023,0.0
constrained_ols_av,pass,-0.0023,3.0
constrained_ols_av,pass,-0.4548,3.0
constrained_ols_av,pass,-0.4548,8.0
constrained_ols_av,pass,-0.0023,4.0
constrained_ols_av,pass,-0.9073,9.0
constrained_ols_av,pass,-0.0023,6.0
constrained_ols_av,pass,-0.0023,0.0
constrained_ols_av,pass,-0.9073,0.0
constrained_ols_av,pass,0.4501,0.0
constrained_ols_av,pass,0.9026,4.0
constrained_ols_av,pass,-0.4548,2.0
constrained_ols_av,pass,-0.0023,2.0
constrained_ols_av,pass,-0.4548,6.0
constrained_ols_av,pass,-0.0023,7.0
constrained_ols_av,pass,-0.4548,4.0
constrained_ols_av,pass,-0.4548,8.0
constrained_ols_av,pass,-0.9073,3.0
constrained_ols_av,pass,0.4501,0.0
constrained_ols_av,pass,-0.4548,7.0
constrained_ols_av,pass,-0.4548,0.0
constrained_ols_av,pass,-0.4548,4.0
constrained_ols_av,pass,-0.4548,0.0
constrained_ols_av,pass,-0.9073,6.0
constrained_ols_av,pass,-0.9073,0.0
constrained_ols_av,pass,-0.9073,0.0
constrained_ols_av,pass,-0.9073,4.0
constrained_ols_av,pass,-0.0023,6.0
constrained_ols_av,pass,-0.4548,0.0
constrained_ols_av,pass,-0.4548,5.0
constrained_ols_av,pass,-0.4548,4.0
constrained_ols_av,pass,0.4501,10.0
constrained_ols_av,pass,-0.4548,0.0
constrained_ols_av,pass,-0.4548,3.0
constrained_ols_av,pass,-0.4548,0.0
constrained_ols_av,pass,-0.9073,6.0
constrained_ols_av,pass,0.4501,0.0
constrained_ols_av,pass,-0.0023,0.0
constrained_ols_av,pass,-0.0023,3.0
constrained_ols_av,pass,-0.9073,3.0
constrained_ols_av,pass,0.4501,5.0
constrained_ols_av,pass,-0.9073,0.0
constrained_ols_av,pass,-0.9073,3.0
constrained_ols_av,pass,-0.9073,3.0
constrained_ols_av,pass,-0.9073,1.0
constrained_ols_av,pass,-0.4548,2.0
constrained_ols_av,pass,-0.0023,1.0
constrained_ols_av,pass,-0.4548,3.0
constrained_ols_av,pass,-0.4548,0.0
constrained_ols_av,pass,-1.3597,0.0
constrained_ols_av,pass,-0.4548,9.0
constrained_ols_av,pass,-0.4548,3.0
constrained_ols_av,pass,-0.4548,2.0
constrained_ols_av,pass,-0.4548,0.0
constrained_ols_av,pass,-0.4548,0.0
constrained_ols_av,pass,-0.4548,7.0
constrained_ols_av,pass,-0.4548,4.0
constrained_ols_av,pass,-0.4548,0.0
constrained_ols_av,pass,-0.9073,5.0
constrained_ols_av,pass,-0.0023,8.0
constrained_ols_av,pass,0.4501,0.0
constrained_ols_av,pass,-0.0023,4.0
constrained_ols_av,pass,-0.9073,0.0
constrained_ols_av,pass,-0.4548,7.0
constrained_ols_av,pass,-0.4548,2.0
constrained_ols_av,pass,-0.0023,0.0
constrained_ols_av,pass,-0.4548,5.0
constrained_ols_av,pass,-0.0023,4.0
constrained_ols_av,pass,-0.4548,8.0
constrained_ols_av,pass,-0.9073,1.0
constrained_ols_av,pass,-0.0023,5.0
constrained_ols_av,pass,-0.0023,3.0
constrained_ols_av,pass,0.4501,0.0
constrained_ols_av,pass,-0.9073,0.0
constrained_ols_av,pass,-0.9073,4.0
constrained_ols_av,pass,-0.0023,2.0
constrained_ols_av,pass,-0.9073,4.0
constrained_ols_av,pass,-0.9073,7.0
constrained_ols_av,pass,0.4501,0.0
constrained_ols_av,pass,-0.9073,6.0
constrained_ols_av,pass,-0.9073,3.0
constrained_ols_av,pass,-0.0023,4.0
constrained_ols_av,pass,-0.4548,4.0
constrained_ols_av,pass,-0.0023,3.0
constrained_ols_av,pass,-0.0023,4.0
constrained_ols_av,pass,-0.0023,4.0
constrained_ols_av,pass,-0.4548,0.0
constrained_ols_av,pass,-0.4548,5.0
constrained_ols_av,pass,-0.0023,3.0
constrained_ols_av,pass,0.4501,7.0
constrained_ols_av,pass,-0.4548,0.0
constrained_ols_av,pass,-0.0023,0.0
constrained_ols_av,pass,-0.9073,7.0
constrained_ols_av,pass,-0.4548,0.0
constrained_ols_av,pass,-0.9073,0.0
constrained_ols_av,pass,-0.9073,7.0
constrained_ols_av,pass,-1.3597,5.0
constrained_ols_av,pass,-0.9073,2.0
constrained_ols_av,pass,-0.4548,0.0
constrained_ols_av,pass,-0.0023,3.0
constrained_ols_av,pass,-0.4548,9.0
constrained_ols_av,pass,-0.0023,7.0
constrained_ols_av,pass,-0.4548,6.0
constrained_ols_av,pass,0.4501,5.0
constrained_ols_av,pass,-1.3597,4.0
constrained_ols_av,pass,-0.4548,1.0
constrained_ols_av,pass,-0.4548,6.0
constrained_ols_av,pass,-0.4548,1.0
constrained_ols_av,pass,-0.9073,2.0
constrained_ols_av,pass,0.4501,8.0
constrained_ols_av,pass,-0.4548,6.0
constrained_ols_av,pass,-0.0023,5.0
constrained_ols_av,pass,-0.0023,0.0
constrained_ols_av,pass,-0.9073,7.0
constrained_ols_av,pass,-0.4548,4.0
constrained_ols_av,pass,-0.9073,4.0
constrained_ols_av,pass,-0.9073,0.0
constrained_ols_av,pass,-0.0023,2.0
constrained_ols_av,pass,-0.0023,0.0
constrained_ols_av,pass,0.4501,8.0
constrained_ols_av,pass,0.4501,4.0
constrained_ols_av,pass,-0.4548,3.0
constrained_ols_av,pass,-0.9073,5.0
constrained_ols_av,pass,-0.4548,3.0
constrained_ols_av,pass,-0.0023,7.0
constrained_ols_av,pass,-0.0023,0.0
constrained_ols_av,pass,-0.4548,5.0
constrained_ols_av,pass,-0.4548,2.0
constrained_ols_av,pass,-0.0023,6.0
constrained_ols_av,pass,-0.0023,4.0
constrained_ols_av,pass,-0.0023,0.0
constrained_ols_av,pass,-0.4548,5.0
constrained_ols_av,pass,-0.9073,1.0
constrained_ols_av,pass,-0.0023,3.0
constrained_ols_av,pass,-0.4548,0.0
constrained_ols_av,pass,-0.0023,9.0
constrained_ols_av,pass,-0.4548,3.0
constrained_ols_av,pass,-0.9073,0.0
constrained_ols_av,pass,-0.4548,8.0
constrained_ols_av,pass,-0.4548,3.0
constrained_ols_av,pass,-0.4548,0.0
constrained_ols_av,pass,0.9026,1.0
constrained_ols_av,pass,-0.9073,8.0
constrained_ols_av,pass,-0.4548,4.0
constrained_ols_av,pass,-0.9073,0.0
constrained_ols_av,pass,-0.9073,3.0
constrained_ols_av,pass,0.9026,7.0
constrained_ols_av,pass,-0.4548,3.0
constrained_ols_av,pass,-0.9073,7.0
constrained_ols_av,pass,-0.4548,4.0
constrained_ols_av,pass,-0.0023,4.0
constrained_ols_av,pass,0.4501,0.0
constrained_ols_av,pass,-0.9073,1.0
constrained_ols_av,pass,-0.4548,4.0
constrained_ols_av,pass,-1.3597,4.0
constrained_ols_av,pass,-0.4548,0.0
constrained_ols_av,pass,0.9026,4.0
constrained_ols_av,pass,-0.0023,4.0
constrained_ols_av,pass,-0.0023,9.0
constrained_ols_av,pass,0.4501,0.0
constrained_ols_av,pass,0.4501,5.0
constrained_ols_av,pass,-0.0023,7.0
constrained_ols_av,pass,-0.4548,7.0
constrained_ols_av,pass,-0.0023,0.0
constrained_ols_av,pass,-0.0023,0.0
constrained_ols_av,pass,-0.9073,5.0
constrained_ols_av,pass,-0.9073,0.0
constrained_ols_av,pass,-0.9073,0.0
constrained_ols_av,pass,-0.0023,4.0
constrained_ols_av,pass,-0.4548,2.0
constrained_ols_av,pass,-0.9073,8.0
constrained_ols_av,pass,-1.3597,5.0
constrained_ols_av,pass,-0.9073,6.0
constrained_ols_av,pass,-1.3597,1.0
constrained_ols_av,pass,-0.9073,5.0
constrained_ols_av,pass,-0.9073,8.0
constrained_ols_av,pass,-0.4548,5.0
constrained_ols_av,pass,-0.0023,5.0
constrained_ols_av,pass,-0.9073,0.0
constrained_ols_av,pass,-1.3597,7.0
constrained_ols_av,pass,0.4501,4.0
constrained_ols_av,pass,-0.9073,4.0
constrained_ols_av,pass,-0.0023,2.0
constrained_ols_av,pass,-0.4548,5.0
constrained_ols_av,pass,-0.9073,2.0
constrained_ols_av,pass,-0.4548,0.0
constrained_ols_av,pass,-0.9073,2.0
constrained_ols_av,pass,0.4501,4.0
constrained_ols_av,pass,-0.0023,4.0
constrained_ols_av,pass,-0.4548,0.0
constrained_ols_av,pass,-0.4548,4.0
constrained_ols_av,pass,-1.3597,0.0
constrained_ols_av,pass,-0.4548,8.0
constrained_ols_av,pass,-0.0023,0.0
constrained_ols_av,pass,-0.9073,4.0
constrained_ols_av,pass,-0.9073,0.0
constrained_ols_av,pass,-0.9073,6.0
constrained_ols_av,pass,-0.4548,0.0
constrained_ols_av,pass,0.9026,0.0
constrained_ols_av,pass,-0.9073,0.0
constrained_ols_av,pass,-0.9073,4.0
constrained_ols_av,pass,-0.4548,8.0
constrained_ols_av,pass,-0.0023,3.0
constrained_ols_av,pass,-1.3597,8.0
constrained_ols_av,pass,-0.4548,9.0
constrained_ols_av,pass,-0.4548,4.0
constrained_ols_av,pass,-0.0023,9.0
constrained_ols_av,pass,0.4501,7.0
constrained_ols_av,pass,-0.4548,2.0
constrained_ols_av,pass,-1.3597,1.0
constrained_ols_av,pass,-0.4548,7.0
constrained_ols_av,pass,-0.9073,2.0
constrained_ols_av,pass,-1.3597,2.0
constrained_ols_av,pass,-1.3597,5.0
constrained_ols_av,pass,1.3551,0.0
constrained_ols_av,pass,-0.0023,8.0
constrained_ols_av,pass,-0.4548,7.0
constrained_ols_av,pass,-0.4548,0.0
constrained_ols_av,pass,-0.9073,5.0
constrained_ols_av,pass,-1.3597,4.0
constrained_ols_av,pass,-0.0023,2.0
constrained_ols_av,pass,-0.4548,5.0
constrained_ols_av,pass,-0.0023,1.0
constrained_ols_av,pass,-0.0023,5.0
constrained_ols_av,pass,-0.9073,1.0
constrained_ols_av,pass,-0.4548,5.0
constrained_ols_av,pass,-0.4548,0.0
constrained_ols_av,pass,-0.0023,0.0
constrained_ols_av,pass,-0.0023,0.0
constrained_ols_av,pass,-0.4548,1.0
constrained_ols_av,pass,-0.9073,1.0
constrained_ols_av,pass,-1.3597,5.0
constrained_ols_av,pass,-0.0023,4.0
constrained_ols_av,pass,-0.0023,5.0
constrained_ols_av,pass,-0.4548,5.0
constrained_ols_av,pass,-0.9073,1.0
constrained_ols_av,pass,-0.0023,5.0
constrained_ols_av,pass,-0.4548,7.0
constrained_ols_av,pass,-0.0023,7.0
constrained_ols_av,pass,-0.9073,5.0
constrained_ols_av,pass,-0.9073,9.0
constrained_ols_av,pass,-0.4548,7.0
constrained_ols_av,pass,-0.4548,0.0
constrained_ols_av,pass,-0.0023,6.0
constrained_ols_av,pass,-0.4548,4.0
constrained_ols_av,pass,0.9026,4.0
constrained_ols_av,pass,-0.0023,6.0
constrained_ols_av,pass,-0.0023,6.0
constrained_ols_av,pass,-0.9073,5.0
constrained_ols_av,pass,-0.4548,5.0
constrained_ols_av,pass,-0.9073,4.0
constrained_ols_av,pass,-0.0023,0.0
constrained_ols_av,pass,-0.4548,7.0
constrained_ols_av,pass,-0.9073,5.0
constrained_ols_av,pass,-0.9073,3.0
constrained_ols_av,pass,-0.0023,8.0
constrained_ols_av,pass,-1.3597,8.0
constrained_ols_av,pass,-0.4548,2.0
constrained_ols_av,pass,-0.9073,2.0
constrained_ols_av,pass,-0.9073,6.0
constrained_ols_av,pass,-0.4548,6.0
constrained_ols_av,pass,-0.4548,5.0
constrained_ols_av,pass,-0.4548,6.0
constrained_ols_av,pass,-0.4548,10.0
constrained_ols_av,pass,-0.0023,4.0
constrained_ols_av,pass,-0.9073,7.0
constrained_ols_av,pass,-0.4548,9.0
constrained_ols_av,pass,-0.4548,0.0
constrained_ols_av,pass,-0.4548,6.0
constrained_ols_av,pass,-0.4548,0.0
constrained_ols_av,pass,-0.9073,3.0
constrained_ols_av,pass,-1.3597,1.0
constrained_ols_av,pass,-0.0023,0.0
constrained_ols_av,pass,-0.0023,5.0
constrained_ols_av,pass,-0.9073,1.0
constrained_ols_av,pass,-0.4548,5.0
constrained_ols_av,pass,-0.0023,8.0
constrained_ols_av,pass,-0.9073,7.0
constrained_ols_av,pass,-0.4548,3.0
constrained_ols_av,pass,-0.4548,0.0
constrained_ols_av,pass,-0.0023,5.0
constrained_ols_av,pass,-0.4548,8.0
constrained_ols_av,pass,-0.9073,8.0
constrained_ols_av,pass,-1.3597,4.0
constrained_ols_av,pass,-0.9073,0.0
constrained_ols_av,pass,-1.3597,6.0
constrained_ols_av,pass,-0.4548,0.0
constrained_ols_av,pass,-0.9073,0.0
constrained_ols_av,pass,-0.9073,4.0
constrained_ols_av,pass,-0.9073,5.0
constrained_ols_av,pass,-0.9073,4.0
constrained_ols_av,pass,-1.3597,1.0
constrained_ols_av,pass,-0.9073,3.0
constrained_ols_av,pass,-0.4548,0.0
constrained_ols_av,pass,-0.0023,5.0
constrained_ols_av,pass,-1.3597,5.0
constrained_ols_av,pass,-0.4548,7.0
constrained_ols_av,pass,-0.0023,7.0
constrained_ols_av,pass,-0.4548,0.0
constrained_ols_av,pass,-0.0023,4.0
constrained_ols_av,pass,-0.0023,5.0
constrained_ols_av,pass,-0.0023,0.0
constrained_ols_av,pass,-0.9073,7.0
constrained_ols_av,pass,-0.0023,3.0
constrained_ols_av,pass,-0.9073,1.0
constrained_ols_av,pass,-1.3597,8.0
constrained_ols_av,pass,-0.4548,4.0
constrained_ols_av,pass,-0.4548,2.0
constrained_ols_av,pass,-0.0023,0.0
constrained_ols_av,pass,-0.9073,0.0
constrained_ols_av,pass,-0.9073,4.0
constrained_ols_av,pass,-1.3597,0.0
constrained_ols_av,pass,-0.0023,0.0
constrained_ols_av,pass,-0.9073,0.0
constrained_ols_av,pass,-0.0023,0.0
constrained_ols_av,pass,-0.4548,0.0
constrained_ols_av,pass,-1.3597,4.0
constrained_ols_av,pass,-0.9073,3.0
constrained_ols_av,pass,-0.9073,2.0
constrained_ols_av,pass,-0.4548,7.0
constrained_ols_av,pass,-0.4548,0.0
constrained_ols_av,pass,-0.9073,3.0
constrained_ols_av,pass,-0.4548,0.0
constrained_ols_av,pass,-0.0023,3.0
constrained_ols_av,pass,1.3551,4.0
constrained_ols_av,pass,-0.9073,7.0
constrained_ols_av,pass,-0.0023,3.0
constrained_ols_av,pass,-0.4548,0.0
constrained_ols_av,pass,-0.9073,4.0
constrained_ols_av,pass,-1.3597,4.0
constrained_ols_av,pass,0.4501,0.0
constrained_ols_av,pass,-0.4548,4.0
constrained_ols_av,pass,-0.4548,1.0
constrained_ols_av,pass,0.4501,5.0
constrained_ols_av,pass,-0.9073,0.0
constrained_ols_av,pass,-0.9073,3.0
constrained_ols_av,pass,-0.4548,2.0
constrained_ols_av,pass,-0.4548,0.0
constrained_ols_av,pass,-0.4548,7.0
constrained_ols_av,pass,-1.3597,0.0
constrained_ols_av,pass,0.4501,3.0
constrained_ols_av,pass,-0.9073,0.0
constrained_ols_av,pass,0.9026,3.0
constrained_ols_av,pass,-0.0023,0.0
constrained_ols_av,pass,-0.0023,2.0
constrained_ols_av,pass,0.4501,6.0
constrained_ols_av,pass,0.4501,5.0
constrained_ols_av,pass,-0.4548,3.0
constrained_ols_av,pass,-0.9073,0.0
constrained_ols_av,pass,-0.0023,3.0
constrained_ols_av,pass,-0.0023,6.0
constrained_ols_av,pass,-0.0023,7.0
constrained_ols_av,pass,-0.0023,2.0
constrained_ols_av,pass,-1.3597,5.0
constrained_ols_av,pass,-0.0023,3.0
constrained_ols_av,pass,-0.4548,5.0
constrained_ols_av,pass,-0.9073,0.0
constrained_ols_av,pass,-0.9073,6.0
constrained_ols_av,pass,0.4501,2.0
constrained_ols_av,pass,-0.4548,0.0
constrained_ols_av,pass,-1.3597,2.0
constrained_ols_av,pass,-0.9073,1.0
constrained_ols_av,pass,-0.0023,5.0
constrained_ols_av,pass,-1.3597,4.0
constrained_ols_av,pass,-0.9073,8.0
constrained_ols_av,pass,-0.4548,4.0
constrained_ols_av,pass,-0.0023,7.0
constrained_ols_av,pass,-0.4548,6.0
constrained_ols_av,pass,-0.9073,6.0
constrained_ols_av,pass,0.4501,5.0
constrained_ols_av,pass,-0.4548,4.0
constrained_ols_av,pass,-0.0023,4.0
constrained_ols_av,pass,-0.9073,7.0
constrained_ols_av,pass,-0.0023,2.0
constrained_ols_av,pass,-0.4548,6.0
constrained_ols_av,pass,-0.4548,3.0
constrained_ols_av,pass,-0.0023,2.0
constrained_ols_av,pass,-0.4548,3.0
constrained_ols_av,pass,-0.0023,0.0
constrained_ols_av,pass,-0.4548,3.0
constrained_ols_av,pass,-0.0023,1.0
constrained_ols_av,pass,-0.4548,6.0
constrained_ols_av,pass,-0.9073,2.0
constrained_ols_av,pass,-0.4548,5.0
constrained_ols_av,pass,-0.9073,2.0
constrained_ols_av,pass,-0.4548,3.0
constrained_ols_av,pass,-0.0023,7.0
constrained_ols_av,pass,-0.4548,4.0
constrained_ols_av,pass,-0.9073,4.0
constrained_ols_av,pass,-0.4548,3.0
constrained_ols_av,pass,-0.9073,5.0
constrained_ols_av,pass,-0.9073,4.0
constrained_ols_av,pass,0.4501,0.0
constrained_ols_av,pass,-0.0023,6.0
constrained_ols_av,pass,-0.9073,5.0
constrained_ols_av,pass,-0.0023,4.0
constrained_ols_av,pass,0.4501,7.0
constrained_ols_av,pass,-1.3597,6.0
constrained_ols_av,pass,-0.9073,4.0
constrained_ols_av,pass,-0.0023,3.0
constrained_ols_av,pass,-0.9073,4.0
constrained_ols_av,pass,-0.9073,4.0
constrained_ols_av,pass,-0.4548,0.0
constrained_ols_av,pass,-1.3597,3.0
constrained_ols_av,pass,-0.4548,0.0
constrained_ols_av,pass,-0.9073,3.0
constrained_ols_av,pass,0.4501,0.0
constrained_ols_av,pass,0.9026,4.0
constrained_ols_av,pass,-0.4548,6.0
constrained_ols_av,pass,-0.0023,8.0
constrained_ols_av,pass,-0.0023,4.0
constrained_ols_av,pass,0.4501,3.0
constrained_ols_av,pass,-0.4548,6.0
constrained_ols_av,pass,-0.4548,9.0
constrained_ols_av,pass,-0.0023,0.0
constrained_ols_av,pass,-1.3597,4.0
constrained_ols_av,pass,-0.0023,0.0
constrained_ols_av,pass,-0.0023,0.0
constrained_ols_av,pass,0.4501,0.0
constrained_ols_av,pass,-0.4548,2.0
constrained_ols_av,pass,-0.4548,0.0
constrained_ols_av,pass,-0.4548,0.0
constrained_ols_av,pass,-0.0023,4.0
constrained_ols_av,pass,-0.0023,8.0
constrained_ols_av,pass,-0.4548,0.0
constrained_ols_av,pass,-0.4548,2.0
constrained_ols_av,pass,-0.9073,6.0
constrained_ols_av,pass,-0.9073,3.0
constrained_ols_av,pass,-0.4548,4.0
constrained_ols_av,pass,-0.4548,4.0
constrained_ols_av,pass,-0.4548,4.0
constrained_ols_av,pass,-0.4548,7.0
constrained_ols_av,pass,-0.9073,0.0
constrained_ols_av,pass,-0.0023,8.0
constrained_ols_av,pass,0.4501,4.0
constrained_ols_av,pass,-0.4548,5.0
constrained_ols_av,pass,-0.9073,0.0
constrained_ols_av,pass,0.4501,6.0
constrained_ols_av,pass,-0.9073,0.0
constrained_ols_av,pass,0.4501,0.0
constrained_ols_av,pass,-0.4548,3.0
constrained_ols_av,pass,-0.9073,6.0
constrained_ols_av,pass,-0.0023,2.0
constrained_ols_av,pass,-0.9073,6.0
constrained_ols_av,pass,-0.9073,5.0
constrained_ols_av,pass,-0.9073,0.0
constrained_ols_av,pass,-0.0023,6.0
constrained_ols_av,pass,-0.4548,4.0
constrained_ols_av,pass,-0.9073,4.0
constrained_ols_av,pass,-0.4548,5.0
constrained_ols_av,pass,-0.9073,3.0
constrained_ols_av,pass,-0.4548,7.0
constrained_ols_av,pass,-0.4548,0.0
constrained_ols_av,pass,-0.0023,5.0
constrained_ols_av,pass,-0.9073,4.0
constrained_ols_av,pass,-0.9073,0.0
constrained_ols_av,pass,-0.9073,5.0
constrained_ols_av,pass,-0.0023,0.0
constrained_ols_av,pass,-0.0023,3.0
constrained_ols_av,pass,-0.0023,0.0
constrained_ols_av,pass,-0.0023,8.0
constrained_ols_av,pass,-1.3597,0.0
constrained_ols_av,pass,-0.4548,7.0
constrained_ols_av,pass,-0.4548,5.0
constrained_ols_av,pass,-0.9073,6.0
constrained_ols_av,pass,-0.0023,2.0
constrained_ols_av,pass,-0.9073,1.0
constrained_ols_av,pass,-0.0023,6.0
constrained_ols_av,pass,-0.4548,4.0
constrained_ols_av,pass,0.4501,0.0
constrained_ols_av,pass,-0.0023,0.0
constrained_ols_av,pass,0.4501,4.0
constrained_ols_av,pass,-0.9073,7.0
constrained_ols_av,pass,-0.4548,0.0
constrained_ols_av,pass,-0.4548,0.0
constrained_ols_av,pass,-1.3597,4.0
constrained_ols_av,pass,-0.4548,0.0
constrained_ols_av,pass,-0.4548,9.0
constrained_ols_av,pass,-0.4548,2.0
constrained_ols_av,pass,-0.4548,0.0
constrained_ols_av,pass,-0.0023,4.0
constrained_ols_av,pass,-1.3597,0.0
constrained_ols_av,pass,-1.3597,7.0
constrained_ols_av,pass,-0.0023,5.0
constrained_ols_av,pass,-0.9073,0.0
constrained_ols_av,pass,-0.4548,0.0
constrained_ols_av,pass,-0.9073,6.0
constrained_ols_av,pass,-0.9073,0.0
constrained_ols_av,pass,0.4501,0.0
constrained_ols_av,pass,-0.0023,3.0
constrained_ols_av,pass,-0.4548,2.0
constrained_ols_av,pass,-0.4548,6.0
constrained_ols_av,pass,-1.3597,5.0
constrained_ols_av,pass,-0.9073,4.0
constrained_ols_av,pass,-0.4548,1.0
constrained_ols_av,pass,-1.3597,1.0
constrained_ols_av,pass,-0.4548,5.0
constrained_ols_av,pass,0.4501,2.0
constrained_ols_av,pass,-0.9073,4.0
constrained_ols_av,pass,-0.9073,2.0
constrained_ols_av,pass,-0.9073,4.0
constrained_ols_av,pass,-0.0023,5.0
constrained_ols_av,pass,-1.3597,5.0
constrained_ols_av,pass,-0.9073,4.0
constrained_ols_av,pass,-0.0023,8.0
constrained_ols_av,pass,-0.0023,0.0
constrained_ols_av,pass,-0.4548,0.0
constrained_ols_av,pass,-0.0023,0.0
constrained_ols_av,pass,-0.0023,4.0
constrained_ols_av,pass,-0.4548,0.0
constrained_ols_av,pass,-0.0023,6.0
constrained_ols_av,pass,-0.9073,4.0
constrained_ols_av,pass,-0.0023,4.0
constrained_ols_av,pass,-0.4548,7.0
constrained_ols_av,pass,-1.3597,1.0
constrained_ols_av,pass,-0.9073,7.0
constrained_ols_av,pass,-0.9073,3.0
constrained_ols_av,pass,-0.9073,0.0
constrained_ols_av,pass,-0.4548,6.0
constrained_ols_av,pass,-0.4548,4.0
constrained_ols_av,pass,-0.0023,2.0
constrained_ols_av,pass,-0.0023,3.0
constrained_ols_av,pass,-1.3597,4.0
constrained_ols_av,pass,-0.4548,3.0
constrained_ols_av,pass,-0.9073,0.0
constrained_ols_av,pass,-0.4548,0.0
constrained_ols_av,pass,-0.0023,4.0
constrained_ols_av,pass,-0.0023,3.0
constrained_ols_av,pass,-0.4548,0.0
constrained_ols_av,pass,-0.9073,1.0
constrained_ols_av,pass,-0.9073,1.0
constrained_ols_av,pass,-0.0023,0.0
constrained_ols_av,pass,0.4501,3.0
constrained_ols_av,pass,-0.4548,5.0
constrained_ols_av,pass,0.9026,9.0
constrained_ols_av,pass,-0.9073,5.0
constrained_ols_av,pass,-0.4548,0.0
constrained_ols_av,pass,-0.9073,1.0
constrained_ols_av,pass,-0.4548,3.0
constrained_ols_av,pass,-0.4548,0.0
constrained_ols_av,pass,-0.9073,4.0
constrained_ols_av,pass,-0.0023,0.0
constrained_ols_av,pass,-0.9073,6.0
constrained_ols_av,pass,-0.4548,2.0
constrained_ols_av,pass,-0.4548,5.0
constrained_ols_av,pass,-0.4548,3.0
constrained_ols_av,pass,-0.4548,3.0
constrained_ols_av,pass,-0.4548,5.0
constrained_ols_av,pass,0.4501,3.0
constrained_ols_av,pass,-1.3597,0.0
constrained_ols_av,pass,-0.0023,0.0
constrained_ols_av,pass,-0.4548,0.0
constrained_ols_av,pass,-0.4548,6.0
constrained_ols_av,pass,-1.3597,4.0
constrained_ols_av,pass,-0.0023,2.0
constrained_ols_av,pass,-0.9073,0.0
constrained_ols_av,pass,-0.4548,1.0
constrained_ols_av,pass,-0.4548,3.0
constrained_ols_av,pass,-0.4548,0.0
constrained_ols_av,pass,-0.9073,0.0
constrained_ols_av,pass,-0.4548,8.0
constrained_ols_av,pass,-0.0023,2.0
constrained_ols_av,pass,-0.9073,0.0
constrained_ols_av,pass,-0.4548,2.0
constrained_ols_av,pass,-0.0023,7.0
constrained_ols_av,pass,-0.4548,0.0
constrained_ols_av,pass,-0.4548,2.0
constrained_ols_av,pass,-1.3597,0.0
constrained_ols_av,pass,-0.4548,6.0
constrained_ols_av,pass,-0.4548,7.0
constrained_ols_av,pass,-0.9073,1.0
constrained_ols_av,pass,-0.0023,2.0
constrained_ols_av,pass,-0.9073,2.0
constrained_ols_av,pass,-0.9073,4.0
constrained_ols_av,pass,-0.0023,6.0
constrained_ols_av,pass,-0.4548,2.0
constrained_ols_av,pass,-0.9073,6.0
constrained_ols_av,pass,-0.0023,3.0
constrained_ols_av,pass,-0.4548,4.0
constrained_ols_av,pass,0.4501,0.0
constrained_ols_av,pass,-0.4548,0.0
constrained_ols_av,pass,-0.4548,0.0
constrained_ols_av,pass,0.4501,3.0
constrained_ols_av,pass,-0.9073,3.0
constrained_ols_av,pass,-0.9073,0.0
constrained_ols_av,pass,-0.9073,1.0
constrained_ols_av,pass,-0.9073,2.0
constrained_ols_av,pass,-0.9073,3.0
constrained_ols_av,pass,-0.9073,0.0
constrained_ols_av,pass,-0.4548,3.0
constrained_ols_av,pass,-0.0023,0.0
constrained_ols_av,pass,-0.4548,0.0
constrained_ols_av,pass,-0.4548,3.0
constrained_ols_av,pass,-0.4548,0.0
constrained_ols_av,pass,0.4501,4.0
constrained_ols_av,pass,0.4501,5.0
constrained_ols_av,pass,-0.4548,1.0
constrained_ols_av,pass,-0.4548,0.0
constrained_ols_av,pass,-0.4548,8.0
constrained_ols_av,pass,-0.9073,5.0
constrained_ols_av,pass,-0.0023,2.0
constrained_ols_av,pass,-0.4548,0.0
constrained_ols_av,pass,-0.9073,0.0
constrained_ols_av,pass,-0.4548,3.0
constrained_ols_av,pass,-1.3597,0.0
constrained_ols_av,pass,-0.4548,0.0
constrained_ols_av,pass,0.4501,4.0
constrained_ols_av,pass,-0.4548,2.0
constrained_ols_av,pass,-0.4548,0.0
constrained_ols_av,pass,-0.0023,0.0
constrained_ols_av,pass,-0.9073,3.0
constrained_ols_av,pass,-0.0023,7.0
constrained_ols_av,pass,-0.4548,3.0
constrained_ols_av,pass,-0.4548,2.0
constrained_ols_av,pass,-0.0023,4.0
constrained_ols_av,pass,-0.0023,3.0
constrained_ols_av,pass,-0.9073,5.0
constrained_ols_av,pass,-0.9073,3.0
constrained_ols_av,pass,-0.4548,3.0
constrained_ols_av,pass,-0.4548,3.0
constrained_ols_av,pass,-0.4548,7.0
constrained_ols_av,pass,-0.4548,5.0
constrained_ols_av,pass,-0.0023,1.0
constrained_ols_av,pass,-0.9073,5.0
constrained_ols_av,pass,-0.4548,7.0
constrained_ols_av,pass,-1.3597,2.0
constrained_ols_av,pass,-0.4548,4.0
constrained_ols_av,pass,-0.0023,5.0
constrained_ols_av,pass,0.4501,0.0
constrained_ols_av,pass,-0.4548,5.0
constrained_ols_av,pass,-0.9073,3.0
constrained_ols_av,pass,-0.4548,5.0
constrained_ols_av,pass,-0.9073,6.0
constrained_ols_av,pass,-0.0023,0.0
constrained_ols_av,pass,-0.4548,0.0
constrained_ols_av,pass,-1.3597,5.0
constrained_ols_av,pass,-0.0023,4.0
constrained_ols_av,pass,0.9026,3.0
constrained_ols_av,pass,-0.4548,3.0
constrained_ols_av,pass,-0.0023,8.0
constrained_ols_av,pass,-0.4548,7.0
constrained_ols_av,pass,-0.9073,8.0
constrained_ols_av,pass,-0.9073,2.0
constrained_ols_av,pass,-0.0023,7.0
constrained_ols_av,pass,-0.4548,2.0
constrained_ols_av,pass,-0.4548,0.0
constrained_ols_av,pass,-0.9073,3.0
constrained_ols_av,pass,-0.0023,5.0
constrained_ols_av,pass,-0.9073,3.0
constrained_ols_av,pass,-0.0023,6.0
constrained_ols_av,pass,-0.4548,7.0
constrained_ols_av,pass,0.4501,8.0
constrained_ols_av,pass,-0.4548,0.0
constrained_ols_av,pass,-0.4548,0.0
constrained_ols_av,pass,-0.9073,0.0
constrained_ols_av,pass,-1.3597,4.0
constrained_ols_av,pass,-0.0023,0.0
constrained_ols_av,pass,-0.4548,0.0
constrained_ols_av,pass,-0.4548,2.0
constrained_ols_av,pass,-0.9073,6.0
constrained_ols_av,pass,-0.0023,0.0
constrained_ols_av,pass,-0.9073,0.0
constrained_ols_av,pass,-0.9073,6.0
constrained_ols_av,pass,-0.0023,0.0
constrained_ols_av,pass,-0.4548,2.0
constrained_ols_av,pass,-0.0023,6.0
constrained_ols_av,pass,0.4501,0.0
constrained_ols_av,pass,-0.4548,3.0
constrained_ols_av,pass,0.4501,2.0
constrained_ols_av,pass,-0.0023,0.0
constrained_ols_av,pass,-0.4548,7.0
constrained_ols_av,pass,-0.9073,6.0
constrained_ols_av,pass,-0.9073,8.0
constrained_ols_av,pass,-0.4548,8.0
constrained_ols_av,pass,-0.0023,2.0
constrained_ols_av,pass,-0.0023,2.0
constrained_ols_av,pass,-0.4548,4.0
constrained_ols_av,pass,-0.4548,2.0
constrained_ols_av,pass,-0.9073,5.0
constrained_ols_av,pass,-0.4548,9.0
constrained_ols_av,pass,-0.0023,3.0
constrained_ols_av,pass,0.4501,4.0
constrained_ols_av,pass,-1.3597,2.0
constrained_ols_av,pass,-0.0023,9.0
constrained_ols_av,pass,-0.9073,7.0
constrained_ols_av,pass,-0.4548,0.0
constrained_ols_av,pass,-0.0023,4.0
constrained_ols_av,pass,-0.9073,5.0
constrained_ols_av,pass,-0.4548,0.0
constrained_ols_av,pass,-0.4548,4.0
constrained_ols_av,pass,-0.4548,8.0
constrained_ols_av,pass,0.4501,8.0
constrained_ols_av,pass,-0.4548,7.0
constrained_ols_av,pass,-1.3597,4.0
constrained_ols_av,pass,-0.4548,0.0
constrained_ols_av,pass,-0.0023,8.0
constrained_ols_av,pass,0.4501,3.0
constrained_ols_av,pass,-0.4548,4.0
constrained_ols_av,pass,-0.4548,6.0
constrained_ols_av,pass,0.4501,2.0
constrained_ols_av,pass,-0.9073,7.0
constrained_ols_av,pass,-1.3597,6.0
constrained_ols_av,pass,-0.0023,3.0
constrained_ols_av,pass,-0.0023,6.0
constrained_ols_av,pass,-1.3597,6.0
constrained_ols_av,pass,-0.4548,0.0
constrained_ols_av,pass,-0.4548,2.0
constrained_ols_av,pass,-0.9073,5.0
constrained_ols_av,pass,-0.4548,5.0
constrained_ols_av,pass,-0.9073,0.0
constrained_ols_av,pass,-0.9073,0.0
constrained_ols_av,pass,-0.9073,7.0
constrained_ols_av,pass,-0.9073,2.0
constrained_ols_av,pass,-0.4548,4.0
constrained_ols_av,pass,-0.0023,4.0
constrained_ols_av,pass,-0.4548,2.0
constrained_ols_av,pass,-0.9073,7.0
constrained_ols_av,pass,-0.4548,1.0
constrained_ols_av,pass,-0.4548,3.0
constrained_ols_av,pass,-0.9073,1.0
constrained_ols_av,pass,-0.9073,6.0
constrained_ols_av,pass,-0.0023,0.0
constrained_ols_av,pass,-0.0023,2.0
constrained_ols_av,pass,-0.0023,0.0
constrained_ols_av,pass,-0.9073,6.0
constrained_ols_av,pass,-0.9073,8.0
constrained_ols_av,pass,-0.0023,0.0
constrained_ols_av,pass,-0.0023,3.0
constrained_ols_av,pass,-0.9073,5.0
constrained_ols_av,pass,-0.0023,2.0
constrained_ols_av,pass,0.4501,0.0
constrained_ols_av,pass,-0.4548,2.0
constrained_ols_av,pass,-0.0023,2.0
constrained_ols_av,pass,-0.4548,2.0
constrained_ols_av,pass,-1.3597,5.0
constrained_ols_av,pass,-0.9073,0.0
constrained_ols_av,pass,0.4501,2.0
constrained_ols_av,pass,-0.9073,3.0
constrained_ols_av,pass,-1.3597,6.0
constrained_ols_av,pass,0.4501,3.0
constrained_ols_av,pass,-0.9073,2.0
constrained_ols_av,pass,-1.3597,2.0
constrained_ols_av,pass,-0.9073,0.0
constrained_ols_av,pass,-0.0023,0.0
constrained_ols_av,pass,-0.4548,7.0
constrained_ols_av,pass,-0.9073,7.0
constrained_ols_av,pass,-0.4548,6.0
constrained_ols_av,pass,-0.4548,0.0
constrained_ols_av,pass,-0.4548,0.0
constrained_ols_av,pass,-0.4548,4.0
constrained_ols_av,pass,-0.0023,5.0
constrained_ols_av,pass,0.4501,8.0
constrained_ols_av,pass,0.4501,3.0
constrained_ols_av,pass,-1.3597,0.0
constrained_ols_av,pass,-0.4548,5.0
constrained_ols_av,pass,-0.4548,0.0
constrained_ols_av,pass,-0.9073,7.0
constrained_ols_av,pass,0.4501,0.0
constrained_ols_av,pass,-0.9073,0.0
constrained_ols_av,pass,-0.9073,2.0
constrained_ols_av,pass,-1.3597,0.0
constrained_ols_av,pass,-0.4548,0.0
constrained_ols_av,pass,-0.9073,8.0
constrained_ols_av,pass,-0.0023,3.0
constrained_ols_av,pass,-0.4548,3.0
constrained_ols_av,pass,-0.9073,3.0
constrained_ols_av,pass,-0.9073,1.0
constrained_ols_av,pass,-0.9073,3.0
constrained_ols_av,pass,-1.3597,2.0
constrained_ols_av,pass,-0.4548,1.0
constrained_ols_av,pass,-0.0023,6.0
constrained_ols_av,pass,-0.0023,4.0
constrained_ols_av,pass,-0.9073,6.0
constrained_ols_av,pass,-0.9073,0.0
constrained_ols_av,pass,-0.4548,0.0
constrained_ols_av,pass,-0.0023,0.0
constrained_ols_av,pass,-0.0023,8.0
constrained_ols_av,pass,-0.9073,0.0
constrained_ols_av,pass,-0.4548,4.0
constrained_ols_av,pass,-0.0023,0.0
constrained_ols_av,pass,-0.4548,1.0
constrained_ols_av,pass,-0.9073,3.0
constrained_ols_av,pass,-0.0023,4.0
constrained_ols_av,pass,-0.9073,7.0
constrained_ols_av,pass,-0.9073,0.0
constrained_ols_av,pass,-0.0023,5.0
constrained_ols_av,pass,-0.0023,7.0
constrained_ols_av,pass,-0.9073,4.0
constrained_ols_av,pass,-0.9073,8.0
constrained_ols_av,pass,-0.9073,0.0
constrained_ols_av,pass,-0.4548,0.0
constrained_ols_av,pass,-0.0023,4.0
constrained_ols_av,pass,-0.9073,0.0
constrained_ols_av,pass,-1.3597,4.0
constrained_ols_av,pass,0.4501,3.0
constrained_ols_av,pass,-0.4548,4.0
constrained_ols_av,pass,-0.4548,0.0
constrained_ols_av,pass,-0.4548,6.0
constrained_ols_av,pass,-0.4548,6.0
constrained_ols_av,pass,-0.9073,5.0
constrained_ols_av,pass,-0.0023,8.0
constrained_ols_av,pass,-0.0023,9.0
constrained_ols_av,pass,-0.9073,1.0
constrained_ols_av,pass,-0.0023,2.0
constrained_ols_av,pass,0.9026,9.0
constrained_ols_av,pass,-0.4548,8.0
constrained_ols_av,pass,-0.4548,1.0
constrained_ols_av,pass,-0.9073,4.0
constrained_ols_av,pass,-0.4548,2.0
constrained_ols_av,pass,-0.0023,3.0
constrained_ols_av,pass,-0.9073,0.0
constrained_ols_av,pass,-0.9073,4.0
constrained_ols_av,pass,0.4501,0.0
constrained_ols_av,pass,-0.9073,6.0
constrained_ols_av,pass,-0.4548,0.0
constrained_ols_av,pass,-1.3597,7.0
constrained_ols_av,pass,-0.4548,0.0
constrained_ols_av,pass,-0.9073,3.0
constrained_ols_av,pass,-0.0023,0.0
constrained_ols_av,pass,-0.4548,5.0
constrained_ols_av,pass,-0.9073,0.0
constrained_ols_av,pass,-0.9073,6.0
constrained_ols_av,pass,-0.4548,5.0
constrained_ols_av,pass,-0.9073,4.0
constrained_ols_av,pass,-0.0023,0.0
constrained_ols_av,pass,-1.3597,5.0
constrained_ols_av,pass,0.4501,2.0
constrained_ols_av,pass,-0.9073,1.0
constrained_ols_av,pass,-0.0023,9.0
constrained_ols_av,pass,-0.9073,3.0
constrained_ols_av,pass,-0.4548,0.0
constrained_ols_av,pass,-0.9073,0.0
constrained_ols_av,pass,-0.0023,0.0
constrained_ols_av,pass,-0.9073,4.0
constrained_ols_av,pass,-0.4548,0.0
constrained_ols_av,pass,-0.0023,1.0
constrained_ols_av,pass,-0.0023,4.0
constrained_ols_av,pass,-0.0023,4.0
constrained_ols_av,pass,-0.4548,0.0
constrained_ols_av,pass,-0.4548,0.0
constrained_ols_av,pass,-1.3597,0.0
constrained_ols_av,pass,-0.9073,3.0
constrained_ols_av,pass,-0.9073,3.0
constrained_ols_av,pass,-0.4548,5.0
constrained_ols_av,pass,-0.4548,5.0
constrained_ols_av,pass,-0.4548,2.0
constrained_ols_av,pass,-0.0023,0.0
constrained_ols_av,pass,-0.4548,7.0
constrained_ols_av,pass,-0.9073,0.0
constrained_ols_av,pass,-0.4548,5.0
constrained_ols_av,pass,-0.9073,3.0
constrained_ols_av,pass,-0.4548,3.0
constrained_ols_av,pass,-0.4548,4.0
constrained_ols_av,pass,-0.4548,4.0
constrained_ols_av,pass,-0.4548,0.0
constrained_ols_av,pass,-0.4548,3.0
constrained_ols_av,pass,-0.9073,4.0
constrained_ols_av,pass,-0.9073,3.0
constrained_ols_av,pass,-0.0023,1.0
constrained_ols_av,pass,0.4501,0.0
constrained_ols_av,pass,-0.0023,6.0
constrained_ols_av,pass,-0.9073,4.0
constrained_ols_av,pass,-0.9073,0.0
constrained_ols_av,pass,-0.4548,0.0
constrained_ols_av,pass,-0.4548,0.0
constrained_ols_av,pass,-0.9073,1.0
constrained_ols_av,pass,-0.0023,0.0
constrained_ols_av,pass,-0.4548,6.0
constrained_ols_av,pass,-0.0023,0.0
constrained_ols_av,pass,-0.9073,8.0
constrained_ols_av,pass,-0.0023,2.0
constrained_ols_av,pass,-0.4548,5.0
constrained_ols_av,pass,-0.0023,3.0
constrained_ols_av,pass,-0.4548,0.0
constrained_ols_av,pass,-0.4548,0.0
constrained_ols_av,pass,-0.4548,5.0
constrained_ols_av,pass,-0.9073,7.0
constrained_ols_av,pass,-0.0023,0.0
constrained_ols_av,pass,-0.0023,6.0
constrained_ols_av,pass,-0.4548,7.0
constrained_ols_av,pass,-1.3597,4.0
constrained_ols_av,pass,-0.9073,0.0
constrained_ols_av,pass,-0.4548,5.0
constrained_ols_av,pass,-0.4548,0.0
constrained_ols_av,pass,-0.4548,5.0
constrained_ols_av,pass,-0.9073,0.0
constrained_ols_av,pass,-0.0023,4.0
constrained_ols_av,pass,-0.4548,3.0
constrained_ols_av,pass,-1.3597,5.0
constrained_ols_av,pass,-0.4548,0.0
constrained_ols_av,pass,-0.0023,3.0
constrained_ols_av,pass,-0.4548,3.0
constrained_ols_av,pass,-0.0023,2.0
constrained_ols_av,pass,-0.4548,9.0
constrained_ols_av,pass,-0.0023,3.0
constrained_ols_av,pass,-0.4548,8.0
constrained_ols_av,pass,-0.9073,5.0
constrained_ols_av,pass,-0.4548,6.0
constrained_ols_av,pass,-0.4548,0.0
constrained_ols_av,pass,-0.4548,5.0
constrained_ols_av,pass,0.9026,0.0
constrained_ols_av,pass,-0.4548,4.0
constrained_ols_av,pass,-0.0023,0.0
constrained_ols_av,pass,0.4501,8.0
constrained_ols_av,pass,-0.4548,2.0
constrained_ols_av,pass,-0.4548,7.0
constrained_ols_av,pass,-0.9073,1.0
constrained_ols_av,pass,-0.4548,7.0
constrained_ols_av,pass,-0.4548,0.0
constrained_ols_av,pass,-0.4548,6.0
constrained_ols_av,pass,-0.9073,2.0
constrained_ols_av,pass,-0.9073,2.0
constrained_ols_av,pass,-0.0023,2.0
constrained_ols_av,pass,-0.9073,0.0
constrained_ols_av,pass,-1.3597,4.0
constrained_ols_av,pass,-0.4548,0.0
constrained_ols_av,pass,0.4501,4.0
constrained_ols_av,pass,-0.4548,3.0
constrained_ols_av,pass,-0.9073,6.0
constrained_ols_av,pass,-0.9073,4.0
constrained_ols_av,pass,-1.3597,7.0
constrained_ols_av,pass,-0.0023,5.0
constrained_ols_av,pass,-0.9073,3.0
constrained_ols_av,pass,-0.4548,5.0
constrained_ols_av,pass,-0.9073,7.0
constrained_ols_av,pass,-0.0023,2.0
constrained_ols_av,pass,-0.9073,4.0
constrained_ols_av,pass,-0.4548,4.0
constrained_ols_av,pass,-1.3597,0.0
constrained_ols_av,pass,-0.9073,6.0
constrained_ols_av,pass,-0.9073,7.0
constrained_ols_av,pass,-0.4548,4.0
constrained_ols_av,pass,-0.0023,5.0
constrained_ols_av,pass,-0.9073,3.0
constrained_ols_av,pass,-1.3597,0.0
constrained_ols_av,pass,-0.4548,5.0
constrained_ols_av,pass,-0.0023,2.0
constrained_ols_av,pass,-0.4548,4.0
constrained_ols_av,pass,-0.4548,0.0
constrained_ols_av,pass,-0.9073,4.0
constrained_ols_av,pass,-0.9073,6.0
constrained_ols_av,pass,-0.0023,3.0
constrained_ols_av,pass,-0.9073,4.0
constrained_ols_av,pass,-0.9073,2.0
constrained_ols_av,pass,-0.0023,5.0
constrained_ols_av,pass,-1.3597,6.0
constrained_ols_av,pass,-0.9073,0.0
constrained_ols_av,pass,-0.9073,2.0
constrained_ols_av,pass,-1.3597,3.0
constrained_ols_av,pass,-0.4548,0.0
constrained_ols_av,pass,-0.9073,6.0
constrained_ols_av,pass,-1.3597,2.0
constrained_ols_av,pass,-0.0023,3.0
constrained_ols_av,pass,-0.4548,0.0
constrained_ols_av,pass,-0.4548,8.0
constrained_ols_av,pass,-0.4548,8.0
constrained_ols_av,pass,-0.4548,0.0
constrained_ols_av,pass,-0.9073,3.0
constrained_ols_av,pass,-0.9073,5.0
constrained_ols_av,pass,-0.4548,3.0
constrained_ols_av,pass,-0.9073,5.0
constrained_ols_av,pass,-0.9073,7.0
constrained_ols_av,pass,-0.9073,3.0
constrained_ols_av,pass,-0.9073,0.0
constrained_ols_av,pass,-0.9073,5.0
constrained_ols_av,pass,-0.4548,0.0
constrained_ols_av,pass,-0.9073,3.0
constrained_ols_av,pass,-0.0023,4.0
constrained_ols_av,pass,-1.3597,0.0
constrained_ols_av,pass,-0.0023,0.0
constrained_ols_av,pass,-0.4548,7.0
constrained_ols_av,pass,-0.9073,2.0
constrained_ols_av,pass,-0.9073,0.0
constrained_ols_av,pass,-0.4548,7.0
constrained_ols_av,pass,-0.4548,4.0
constrained_ols_av,pass,-0.9073,4.0
constrained_ols_av,pass,-0.4548,3.0
constrained_ols_av,pass,-0.9073,4.0
constrained_ols_av,pass,-0.9073,1.0
constrained_ols_av,pass,-0.9073,5.0
constrained_ols_av,pass,-0.9073,1.0
constrained_ols_av,pass,-0.4548,0.0
constrained_ols_av,pass,-0.9073,0.0
constrained_ols_av,pass,-0.4548,0.0
constrained_ols_av,pass,-0.0023,1.0
constrained_ols_av,pass,0.4501,0.0
constrained_ols_av,pass,-0.9073,1.0
constrained_ols_av,pass,0.4501,2.0
constrained_ols_av,pass,-0.9073,0.0
constrained_ols_av,pass,-0.4548,7.0
constrained_ols_av,pass,-0.9073,0.0
constrained_ols_av,pass,-0.4548,0.0
constrained_ols_av,pass,-0.4548,4.0
constrained_ols_av,pass,-0.4548,0.0
constrained_ols_av,pass,-0.0023,3.0
constrained_ols_av,pass,-0.0023,4.0
constrained_ols_av,pass,-0.4548,8.0
constrained_ols_av,pass,-0.4548,0.0
constrained_ols_av,pass,-0.4548,9.0
constrained_ols_av,pass,0.4501,0.0
constrained_ols_av,pass,-0.4548,6.0
constrained_ols_av,pass,0.4501,1.0
constrained_ols_av,pass,-0.4548,0.0
constrained_ols_av,pass,-0.0023,0.0
constrained_ols_av,pass,-0.9073,4.0
constrained_ols_av,pass,-0.4548,5.0
constrained_ols_av,pass,-0.4548,4.0
constrained_ols_av,pass,-0.9073,0.0
constrained_ols_av,pass,-0.4548,8.0
constrained_ols_av,pass,-1.3597,8.0
constrained_ols_av,pass,0.4501,0.0
constrained_ols_av,pass,-0.0023,2.0
constrained_ols_av,pass,-0.9073,5.0
constrained_ols_av,pass,-0.9073,3.0
constrained_ols_av,pass,-0.9073,2.0
constrained_ols_av,pass,-0.9073,3.0
constrained_ols_av,pass,-0.0023,8.0
constrained_ols_av,pass,-0.4548,6.0
constrained_ols_av,pass,-0.4548,4.0
constrained_ols_av,pass,-0.4548,7.0
constrained_ols_av,pass,0.4501,5.0
constrained_ols_av,pass,-0.9073,3.0
constrained_ols_av,pass,-1.3597,0.0
constrained_ols_av,pass,-0.0023,4.0
constrained_ols_av,pass,-0.9073,5.0
constrained_ols_av,pass,-0.0023,0.0
constrained_ols_av,pass,-0.0023,0.0
constrained_ols_av,pass,0.4501,3.0
constrained_ols_av,pass,-0.4548,3.0
constrained_ols_av,pass,-0.9073,0.0
constrained_ols_av,pass,-0.4548,4.0
constrained_ols_av,pass,-0.0023,3.0
constrained_ols_av,pass,-1.3597,0.0
constrained_ols_av,pass,0.4501,2.0
constrained_ols_av,pass,-0.0023,4.0
constrained_ols_av,pass,-0.0023,2.0
constrained_ols_av,pass,-0.4548,9.0
constrained_ols_av,pass,-1.3597,0.0
constrained_ols_av,pass,-0.0023,5.0
constrained_ols_av,pass,-0.4548,0.0
constrained_ols_av,pass,-0.4548,0.0
constrained_ols_av,pass,-0.0023,3.0
constrained_ols_av,pass,-0.9073,2.0
constrained_ols_av,pass,-0.4548,2.0
constrained_ols_av,pass,-0.4548,0.0
constrained_ols_av,pass,-0.4548,3.0
constrained_ols_av,pass,0.4501,2.0
constrained_ols_av,pass,-0.9073,0.0
constrained_ols_av,pass,-0.9073,6.0
constrained_ols_av,pass,0.4501,0.0
constrained_ols_av,pass,-1.3597,1.0
constrained_ols_av,pass,-1.3597,2.0
constrained_ols_av,pass,-0.4548,4.0
constrained_ols_av,pass,-0.4548,0.0
constrained_ols_av,pass,-0.9073,8.0
constrained_ols_av,pass,-0.0023,0.0
constrained_ols_av,pass,-0.0023,4.0
constrained_ols_av,pass,-0.4548,6.0
constrained_ols_av,pass,0.4501,8.0
constrained_ols_av,pass,0.4501,0.0
constrained_ols_av,pass,-1.3597,0.0
constrained_ols_av,pass,-0.9073,1.0
constrained_ols_av,pass,-0.0023,1.0
constrained_ols_av,pass,-0.4548,2.0
constrained_ols_av,pass,0.4501,6.0
constrained_ols_av,pass,-0.4548,2.0
constrained_ols_av,pass,-0.0023,0.0
constrained_ols_av,pass,-0.4548,0.0
constrained_ols_av,pass,-0.4548,3.0
constrained_ols_av,pass,-0.9073,6.0
constrained_ols_av,pass,-0.4548,5.0
constrained_ols_av,pass,-0.4548,3.0
constrained_ols_av,pass,-0.9073,3.0
constrained_ols_av,pass,-1.3597,4.0
constrained_ols_av,pass,-0.9073,7.0
constrained_ols_av,pass,-0.4548,6.0
constrained_ols_av,pass,-0.4548,0.0
constrained_ols_av,pass,-0.4548,4.0
constrained_ols_av,pass,-0.4548,4.0
constrained_ols_av,pass,-0.4548,4.0
constrained_ols_av,pass,-0.0023,2.0
constrained_ols_av,pass,-0.0023,4.0
constrained_ols_av,pass,-0.4548,0.0
constrained_ols_av,pass,-0.4548,7.0
constrained_ols_av,pass,-0.4548,2.0
constrained_ols_av,pass,-0.9073,3.0
constrained_ols_av,pass,-0.0023,5.0
constrained_ols_av,pass,-0.0023,6.0
constrained_ols_av,pass,-0.4548,8.0
constrained_ols_av,pass,-0.4548,3.0
constrained_ols_av,pass,-0.9073,6.0
constrained_ols_av,pass,-0.9073,2.0
constrained_ols_av,pass,-0.4548,0.0
constrained_ols_av,pass,-0.4548,1.0
constrained_ols_av,pass,-0.4548,2.0
constrained_ols_av,pass,-0.4548,7.0
constrained_ols_av,pass,-0.9073,4.0
constrained_ols_av,pass,-0.9073,5.0
constrained_ols_av,pass,0.9026,3.0
constrained_ols_av,pass,-0.4548,3.0
constrained_ols_av,pass,-0.9073,3.0
constrained_ols_av,pass,-0.4548,1.0
constrained_ols_av,pass,-1.3597,3.0
constrained_ols_av,pass,-0.9073,3.0
constrained_ols_av,pass,-0.9073,8.0
constrained_ols_av,pass,-0.4548,4.0
constrained_ols_av,pass,-0.9073,9.0
constrained_ols_av,pass,-0.0023,3.0
constrained_ols_av,pass,-0.9073,0.0
constrained_ols_av,pass,0.4501,0.0
constrained_ols_av,pass,-1.3597,0.0
constrained_ols_av,pass,-0.4548,4.0
constrained_ols_av,pass,-0.4548,0.0
constrained_ols_av,pass,-0.9073,2.0
constrained_ols_av,pass,-0.4548,5.0
constrained_ols_av,pass,-0.0023,5.0
constrained_ols_av,pass,-1.3597,7.0
constrained_ols_av,pass,-0.0023,0.0
constrained_ols_av,pass,-0.9073,3.0
constrained_ols_av,pass,-0.4548,4.0
constrained_ols_av,pass,-0.0023,7.0
constrained_ols_av,pass,-0.9073,6.0
constrained_ols_av,pass,-0.4548,1.0
constrained_ols_av,pass,-0.4548,5.0
constrained_ols_av,pass,-0.4548,3.0
constrained_ols_av,pass,-0.4548,0.0
constrained_ols_av,pass,-0.4548,9.0
constrained_ols_av,pass,-0.4548,0.0
constrained_ols_av,pass,-0.4548,0.0
constrained_ols_av,pass,-1.3597,7.0
constrained_ols_av,pass,-0.0023,0.0
constrained_ols_av,pass,-1.3597,3.0
constrained_ols_av,pass,-0.4548,5.0
constrained_ols_av,pass,-0.9073,6.0
constrained_ols_av,pass,-0.4548,4.0
constrained_ols_av,pass,-1.3597,7.0
constrained_ols_av,pass,-0.9073,9.0
constrained_ols_av,pass,-0.9073,6.0
constrained_ols_av,pass,-0.4548,0.0
constrained_ols_av,pass,-0.9073,0.0
constrained_ols_av,pass,-0.4548,7.0
constrained_ols_av,pass,-0.9073,4.0
constrained_ols_av,pass,-0.4548,5.0
constrained_ols_av,pass,-0.9073,2.0
constrained_ols_av,pass,-0.9073,1.0
constrained_ols_av,pass,-0.4548,6.0
constrained_ols_av,pass,-0.9073,3.0
constrained_ols_av,pass,-0.9073,0.0
constrained_ols_av,pass,-0.9073,5.0
constrained_ols_av,pass,0.4501,4.0
constrained_ols_av,pass,-0.0023,0.0
constrained_ols_av,pass,-0.0023,6.0
constrained_ols_av,pass,-0.0023,3.0
constrained_ols_av,pass,-0.9073,6.0
constrained_ols_av,pass,-0.0023,2.0
constrained_ols_av,pass,-0.0023,5.0
constrained_ols_av,pass,-0.4548,4.0
constrained_ols_av,pass,-0.9073,6.0
constrained_ols_av,pass,-0.9073,5.0
constrained_ols_av,pass,-0.9073,3.0
constrained_ols_av,pass,-0.4548,0.0
constrained_ols_av,pass,-0.4548,0.0
constrained_ols_av,pass,-0.0023,6.0
constrained_ols_av,pass,-0.9073,2.0
constrained_ols_av,pass,-0.4548,0.0
constrained_ols_av,pass,-0.4548,2.0
constrained_ols_av,pass,-0.0023,4.0
constrained_ols_av,pass,0.9026,0.0
constrained_ols_av,pass,0.4501,4.0
constrained_ols_av,pass,-0.4548,7.0
constrained_ols_av,pass,-0.9073,1.0
constrained_ols_av,pass,-0.9073,4.0
constrained_ols_av,pass,-0.9073,3.0
constrained_ols_av,pass,-0.4548,0.0
constrained_ols_av,pass,-0.4548,2.0
constrained_ols_av,pass,0.9026,4.0
constrained_ols_av,pass,-0.4548,4.0
constrained_ols_av,pass,-0.9073,0.0
constrained_ols_av,pass,-0.9073,3.0
constrained_ols_av,pass,-0.4548,7.0
constrained_ols_av,pass,-0.4548,4.0
constrained_ols_av,pass,-0.9073,6.0
constrained_ols_av,pass,-0.4548,0.0
constrained_ols_av,pass,-0.4548,0.0
constrained_ols_av,pass,-0.0023,2.0
constrained_ols_av,pass,0.4501,3.0
constrained_ols_av,pass,-0.9073,4.0
constrained_ols_av,pass,-0.9073,3.0
constrained_ols_av,pass,-0.4548,0.0
constrained_ols_av,pass,-0.4548,4.0
constrained_ols_av,pass,-0.9073,7.0
constrained_ols_av,pass,-0.9073,4.0
constrained_ols_av,pass,-1.3597,5.0
constrained_ols_av,pass,-0.9073,3.0
constrained_ols_av,pass,-0.9073,0.0
constrained_ols_av,pass,-0.9073,0.0
constrained_ols_av,pass,-0.9073,0.0
constrained_ols_av,pass,-0.9073,6.0
constrained_ols_av,pass,-1.3597,2.0
constrained_ols_av,pass,-0.9073,0.0
constrained_ols_av,pass,-0.9073,7.0
constrained_ols_av,pass,-1.3597,3.0
constrained_ols_av,pass,-0.4548,8.0
constrained_ols_av,pass,-0.4548,5.0
constrained_ols_av,pass,-1.3597,1.0
constrained_ols_av,pass,-0.4548,0.0
constrained_ols_av,pass,-0.4548,1.0
constrained_ols_av,pass,-0.4548,6.0
constrained_ols_av,pass,-0.4548,5.0
constrained_ols_av,pass,-0.0023,4.0
constrained_ols_av,pass,-1.3597,0.0
constrained_ols_av,pass,-0.4548,0.0
constrained_ols_av,pass,-0.9073,5.0
constrained_ols_av,pass,-0.9073,7.0
constrained_ols_av,pass,-0.9073,2.0
constrained_ols_av,pass,-1.3597,4.0
constrained_ols_av,pass,0.4501,8.0
constrained_ols_av,pass,-0.4548,4.0
constrained_ols_av,pass,-0.4548,7.0
constrained_ols_av,pass,-0.4548,3.0
constrained_ols_av,pass,-0.4548,9.0
constrained_ols_av,pass,-0.0023,5.0
constrained_ols_av,pass,-0.4548,8.0
constrained_ols_av,pass,-0.4548,8.0
constrained_ols_av,pass,-0.9073,6.0
constrained_ols_av,pass,-0.0023,0.0
constrained_ols_av,pass,-0.4548,0.0
constrained_ols_av,pass,0.9026,8.0
constrained_ols_av,pass,-0.9073,2.0
constrained_ols_av,pass,-0.9073,3.0
constrained_ols_av,pass,-0.4548,6.0
constrained_ols_av,pass,0.4501,4.0
constrained_ols_av,pass,-0.4548,4.0
constrained_ols_av,pass,-0.4548,5.0
constrained_ols_av,pass,-0.9073,0.0
constrained_ols_av,pass,-1.3597,2.0
constrained_ols_av,pass,-0.0023,0.0
constrained_ols_av,pass,-0.4548,7.0
constrained_ols_av,pass,-0.0023,0.0
constrained_ols_av,pass,-0.9073,3.0
constrained_ols_av,pass,-0.4548,3.0
constrained_ols_av,pass,-0.9073,2.0
constrained_ols_av,pass,0.9026,0.0
constrained_ols_av,pass,-0.0023,4.0
constrained_ols_av,pass,-0.4548,2.0
constrained_ols_av,pass,-0.0023,0.0
constrained_ols_av,pass,-0.4548,7.0
constrained_ols_av,pass,-0.4548,4.0
constrained_ols_av,pass,-0.9073,4.0
constrained_ols_av,pass,-0.4548,9.0
constrained_ols_av,pass,0.4501,7.0
constrained_ols_av,pass,-0.4548,7.0
constrained_ols_av,pass,-0.0023,8.0
constrained_ols_av,pass,-0.4548,0.0
constrained_ols_av,pass,-0.4548,0.0
constrained_ols_av,pass,-0.0023,7.0
constrained_ols_av,pass,-0.4548,4.0
constrained_ols_av,pass,-0.9073,8.0
constrained_ols_av,pass,-0.4548,5.0
constrained_ols_av,pass,-0.9073,0.0
constrained_ols_av,pass,0.4501,0.0
constrained_ols_av,pass,-0.4548,0.0
constrained_ols_av,pass,-0.9073,5.0
constrained_ols_av,pass,-0.0023,3.0
constrained_ols_av,pass,-0.0023,8.0
constrained_ols_av,pass,-0.0023,5.0
constrained_ols_av,pass,-0.4548,3.0
constrained_ols_av,pass,0.9026,0.0
constrained_ols_av,pass,-0.4548,2.0
constrained_ols_av,pass,-0.9073,5.0
constrained_ols_av,pass,-0.9073,7.0
constrained_ols_av,pass,-1.3597,3.0
constrained_ols_av,pass,-0.9073,0.0
constrained_ols_av,pass,-0.0023,0.0
constrained_ols_av,pass,-0.0023,5.0
constrained_ols_av,pass,-0.4548,0.0
constrained_ols_av,pass,-0.4548,0.0
constrained_ols_av,pass,-1.3597,9.0
constrained_ols_av,pass,-0.4548,2.0
constrained_ols_av,pass,-0.4548,1.0
constrained_ols_av,pass,-0.4548,9.0
constrained_ols_av,pass,-0.4548,0.0
constrained_ols_av,pass,-0.9073,3.0
constrained_ols_av,pass,-0.9073,0.0
constrained_ols_av,pass,-0.4548,7.0
constrained_ols_av,pass,-0.4548,0.0
constrained_ols_av,pass,-0.0023,5.0
constrained_ols_av,pass,-0.4548,4.0
constrained_ols_av,pass,-0.4548,0.0
constrained_ols_av,pass,-0.4548,5.0
constrained_ols_av,pass,-0.9073,4.0
constrained_ols_av,pass,-0.9073,5.0
constrained_ols_av,pass,-0.4548,0.0
constrained_ols_av,pass,-0.0023,0.0
constrained_ols_av,pass,-0.9073,6.0
constrained_ols_av,pass,-0.9073,2.0
constrained_ols_av,pass,-0.0023,6.0
constrained_ols_av,pass,-0.4548,0.0
constrained_ols_av,pass,-0.9073,1.0
constrained_ols_av,pass,-1.3597,2.0
constrained_ols_av,pass,-0.9073,0.0
constrained_ols_av,pass,-0.9073,5.0
constrained_ols_av,pass,-0.0023,5.0
constrained_ols_av,pass,0.4501,0.0
constrained_ols_av,pass,-0.0023,3.0
constrained_ols_av,pass,0.4501,0.0
constrained_ols_av,pass,0.4501,7.0
constrained_ols_av,pass,-0.9073,3.0
constrained_ols_av,pass,-0.4548,4.0
constrained_ols_av,pass,-1.3597,4.0
constrained_ols_av,pass,-0.4548,0.0
constrained_ols_av,pass,0.4501,0.0
constrained_ols_av,pass,-0.0023,5.0
constrained_ols_av,pass,-0.9073,3.0
constrained_ols_av,pass,-0.9073,3.0
constrained_ols_av,pass,-0.9073,5.0
constrained_ols_av,pass,-1.3597,3.0
constrained_ols_av,pass,-0.4548,3.0
constrained_ols_av,pass,-0.0023,5.0
constrained_ols_av,pass,-0.4548,4.0
constrained_ols_av,pass,-0.9073,3.0
constrained_ols_av,pass,-0.0023,0.0
constrained_ols_av,pass,-1.3597,3.0
constrained_ols_av,pass,0.9026,4.0
constrained_ols_av,pass,-0.0023,5.0
constrained_ols_av,pass,-0.9073,0.0
constrained_ols_av,pass,-0.4548,5.0
constrained_ols_av,pass,-0.9073,7.0
constrained_ols_av,pass,-0.4548,5.0
constrained_ols_av,pass,-0.0023,6.0
constrained_ols_av,pass,-0.4548,0.0
constrained_ols_av,pass,-0.0023,2.0
constrained_ols_av,pass,-0.9073,3.0
constrained_ols_av,pass,-0.0023,8.0
constrained_ols_av,pass,-0.4548,2.0
constrained_ols_av,pass,-0.4548,0.0
constrained_ols_av,pass,-0.9073,4.0
constrained_ols_av,pass,-0.4548,0.0
constrained_ols_av,pass,-0.0023,9.0
constrained_ols_av,pass,-0.4548,2.0
constrained_ols_av,pass,-0.4548,0.0
constrained_ols_av,pass,-0.0023,3.0
constrained_ols_av,pass,-0.4548,1.0
constrained_ols_av,pass,-0.4548,4.0
constrained_ols_av,pass,-0.4548,0.0
constrained_ols_av,pass,-0.9073,0.0
constrained_ols_av,pass,-0.0023,5.0
constrained_ols_av,pass,-0.9073,6.0
constrained_ols_av,pass,-0.4548,7.0
constrained_ols_av,pass,-0.9073,4.0
constrained_ols_av,pass,-0.9073,0.0
constrained_ols_av,pass,0.4501,0.0
constrained_ols_av,pass,-0.9073,2.0
constrained_ols_av,pass,-0.4548,0.0
constrained_ols_av,pass,-0.0023,0.0
constrained_ols_av,pass,0.4501,2.0
constrained_ols_av,pass,-0.0023,4.0
constrained_ols_av,pass,-0.4548,4.0
constrained_ols_av,pass,-0.0023,10.0
constrained_ols_av,pass,-0.9073,0.0
constrained_ols_av,pass,-0.4548,10.0
constrained_ols_av,pass,-0.4548,7.0
constrained_ols_av,pass,-0.0023,0.0
constrained_ols_av,pass,-1.3597,5.0
constrained_ols_av,pass,-0.4548,0.0
constrained_ols_av,pass,-0.4548,4.0
constrained_ols_av,pass,-0.9073,5.0
constrained_ols_av,pass,-0.0023,4.0
constrained_ols_av,pass,-0.9073,0.0
constrained_ols_av,pass,-0.9073,0.0
constrained_ols_av,pass,-0.4548,0.0
constrained_ols_av,pass,-0.9073,0.0
constrained_ols_av,pass,-0.0023,4.0
constrained_ols_av,pass,-0.0023,2.0
constrained_ols_av,pass,-0.4548,9.0
constrained_ols_av,pass,-0.4548,6.0
constrained_ols_av,pass,-0.0023,0.0
constrained_ols_av,pass,-1.3597,8.0
constrained_ols_av,pass,-0.4548,7.0
constrained_ols_av,pass,-0.0023,3.0
constrained_ols_av,pass,-0.9073,2.0
constrained_ols_av,pass,-0.0023,3.0
constrained_ols_av,pass,-0.9073,0.0
constrained_ols_av,pass,-0.4548,2.0
constrained_ols_av,pass,-0.9073,5.0
constrained_ols_av,pass,-0.9073,3.0
constrained_ols_av,pass,-0.0023,9.0
constrained_ols_av,pass,-0.4548,3.0
constrained_ols_av,pass,-0.0023,4.0
constrained_ols_av,pass,-1.3597,0.0
constrained_ols_av,pass,-0.0023,0.0
constrained_ols_av,pass,-0.4548,6.0
constrained_ols_av,pass,-0.4548,5.0
constrained_ols_av,pass,-0.4548,2.0
constrained_ols_av,pass,-0.9073,5.0
constrained_ols_av,pass,-0.0023,0.0
constrained_ols_av,pass,-0.4548,8.0
constrained_ols_av,pass,-0.0023,0.0
constrained_ols_av,pass,-0.4548,4.0
constrained_ols_av,pass,-1.3597,5.0
constrained_ols_av,pass,0.4501,5.0
constrained_ols_av,pass,-0.9073,3.0
constrained_ols_av,pass,0.4501,6.0
constrained_ols_av,pass,-0.0023,4.0
constrained_ols_av,pass,-0.9073,2.0
constrained_ols_av,pass,0.4501,0.0
constrained_ols_av,pass,-0.0023,4.0
constrained_ols_av,pass,-0.4548,6.0
constrained_ols_av,pass,-0.9073,7.0
constrained_ols_av,pass,-0.0023,5.0
constrained_ols_av,pass,-0.4548,10.0
constrained_ols_av,pass,-0.9073,2.0
constrained_ols_av,pass,0.4501,7.0
constrained_ols_av,pass,-0.0023,5.0
constrained_ols_av,pass,-0.4548,0.0
constrained_ols_av,pass,-0.4548,8.0
constrained_ols_av,pass,-0.4548,3.0
constrained_ols_av,pass,-0.9073,7.0
constrained_ols_av,pass,-0.9073,5.0
constrained_ols_av,pass,-0.9073,0.0
constrained_ols_av,pass,-0.4548,8.0
constrained_ols_av,pass,-0.9073,7.0
constrained_ols_av,pass,-0.4548,4.0
constrained_ols_av,pass,-0.4548,3.0
constrained_ols_av,pass,-0.0023,0.0
constrained_ols_av,pass,-0.4548,0.0
constrained_ols_av,pass,-0.4548,3.0
constrained_ols_av,pass,-0.9073,0.0
constrained_ols_av,pass,-0.0023,3.0
constrained_ols_av,pass,-0.4548,6.0
constrained_ols_av,pass,-0.0023,7.0
constrained_ols_av,pass,-0.4548,7.0
constrained_ols_av,pass,-1.3597,10.0
constrained_ols_av,pass,-0.4548,8.0
constrained_ols_av,pass,-0.9073,6.0
constrained_ols_av,pass,-0.4548,3.0
constrained_ols_av,pass,-0.9073,8.0
constrained_ols_av,pass,-0.9073,5.0
constrained_ols_av,pass,-0.0023,0.0
constrained_ols_av,pass,-0.4548,0.0
constrained_ols_av,pass,-0.9073,1.0
constrained_ols_av,pass,-0.0023,5.0
constrained_ols_av,pass,-0.9073,4.0
constrained_ols_av,pass,-0.4548,1.0
constrained_ols_av,pass,-0.4548,4.0
constrained_ols_av,pass,-0.9073,0.0
constrained_ols_av,pass,-0.4548,0.0
constrained_ols_av,pass,-0.0023,4.0
constrained_ols_av,pass,-0.9073,5.0
constrained_ols_av,pass,-0.0023,2.0
constrained_ols_av,pass,-1.3597,7.0
constrained_ols_av,pass,-0.0023,3.0
constrained_ols_av,pass,0.4501,3.0
constrained_ols_av,pass,-0.9073,4.0
constrained_ols_av,pass,0.9026,0.0
constrained_ols_av,pass,-0.0023,0.0
constrained_ols_av,pass,-0.0023,6.0
constrained_ols_av,pass,-0.4548,4.0
constrained_ols_av,pass,-0.9073,0.0
constrained_ols_av,pass,0.4501,0.0
constrained_ols_av,pass,-0.0023,8.0
constrained_ols_av,pass,-0.4548,1.0
constrained_ols_av,pass,-0.9073,4.0
constrained_ols_av,pass,-0.0023,7.0
constrained_ols_av,pass,-0.0023,4.0
constrained_ols_av,pass,-0.4548,0.0
constrained_ols_av,pass,-0.0023,2.0
constrained_ols_av,pass,-1.3597,7.0
constrained_ols_av,pass,-0.0023,0.0
constrained_ols_av,pass,-0.4548,0.0
constrained_ols_av,pass,-0.4548,4.0
constrained_ols_av,pass,-0.0023,0.0
constrained_ols_av,pass,-0.0023,0.0
constrained_ols_av,pass,-0.4548,5.0
constrained_ols_av,pass,-0.0023,2.0
constrained_ols_av,pass,-0.9073,9.0
constrained_ols_av,pass,-0.4548,7.0
constrained_ols_av,pass,-1.3597,0.0
constrained_ols_av,pass,-0.4548,5.0
constrained_ols_av,pass,-0.0023,6.0
constrained_ols_av,pass,-0.9073,0.0
constrained_ols_av,pass,-0.9073,3.0
constrained_ols_av,pass,-0.0023,1.0
constrained_ols_av,pass,0.4501,0.0
constrained_ols_av,pass,-0.0023,2.0
constrained_ols_av,pass,-0.4548,2.0
constrained_ols_av,pass,-0.4548,8.0
constrained_ols_av,pass,-0.4548,5.0
constrained_ols_av,pass,-0.4548,0.0
constrained_ols_av,pass,-0.0023,0.0
constrained_ols_av,pass,-0.9073,3.0
constrained_ols_av,pass,-0.9073,2.0
constrained_ols_av,pass,-0.4548,4.0
constrained_ols_av,pass,-0.4548,4.0
constrained_ols_av,pass,-0.4548,0.0
constrained_ols_av,pass,-1.3597,5.0
constrained_ols_av,pass,0.4501,0.0
constrained_ols_av,pass,-0.0023,7.0
constrained_ols_av,pass,-0.0023,7.0
constrained_ols_av,pass,-0.4548,0.0
constrained_ols_av,pass,-0.0023,6.0
constrained_ols_av,pass,-0.0023,5.0
constrained_ols_av,pass,-0.0023,3.0
constrained_ols_av,pass,-0.9073,0.0
constrained_ols_av,pass,-1.3597,4.0
constrained_ols_av,pass,-0.4548,4.0
constrained_ols_av,pass,-0.0023,9.0
constrained_ols_av,pass,0.4501,3.0
constrained_ols_av,pass,-0.4548,5.0
constrained_ols_av,pass,-0.0023,2.0
constrained_ols_av,pass,0.9026,4.0
constrained_ols_av,pass,-0.4548,4.0
constrained_ols_av,pass,-0.9073,8.0
constrained_ols_av,pass,0.4501,6.0
constrained_ols_av,pass,-0.9073,3.0
constrained_ols_av,pass,0.4501,0.0
constrained_ols_av,pass,-0.9073,7.0
constrained_ols_av,pass,-0.9073,0.0
constrained_ols_av,pass,-0.4548,0.0
constrained_ols_av,pass,-0.0023,0.0
constrained_ols_av,pass,0.4501,3.0
constrained_ols_av,pass,-0.0023,5.0
constrained_ols_av,pass,-1.3597,5.0
constrained_ols_av,pass,-0.9073,2.0
constrained_ols_av,pass,-0.4548,0.0
constrained_ols_av,pass,0.4501,0.0
constrained_ols_av,pass,-1.3597,1.0
constrained_ols_av,pass,-0.4548,2.0
constrained_ols_av,pass,-0.4548,4.0
constrained_ols_av,pass,-0.4548,8.0
constrained_ols_av,pass,-0.4548,4.0
constrained_ols_av,pass,-0.0023,2.0
constrained_ols_av,pass,-1.3597,8.0
constrained_ols_av,pass,-0.0023,0.0
constrained_ols_av,pass,-0.9073,0.0
constrained_ols_av,pass,-0.9073,7.0
constrained_ols_av,pass,-0.4548,0.0
constrained_ols_av,pass,-0.0023,4.0
constrained_ols_av,pass,-0.4548,1.0
constrained_ols_av,pass,-0.9073,0.0
constrained_ols_av,pass,-0.4548,0.0
constrained_ols_av,pass,-0.4548,4.0
constrained_ols_av,pass,-0.9073,6.0
constrained_ols_av,pass,-0.9073,9.0
constrained_ols_av,pass,-0.9073,5.0
constrained_ols_av,pass,-0.9073,3.0
constrained_ols_av,pass,-0.4548,0.0
constrained_ols_av,pass,-0.4548,5.0
constrained_ols_av,pass,-0.9073,4.0
constrained_ols_av,pass,-0.9073,2.0
constrained_ols_av,pass,-0.9073,0.0
constrained_ols_av,pass,-0.9073,5.0
constrained_ols_av,pass,-0.4548,5.0
constrained_ols_av,pass,-0.4548,4.0
constrained_ols_av,pass,-1.3597,4.0
constrained_ols_av,pass,-0.4548,0.0
constrained_ols_av,pass,-0.4548,6.0
constrained_ols_av,pass,-0.0023,10.0
constrained_ols_av,pass,-0.0023,6.0
constrained_ols_av,pass,-0.4548,4.0
constrained_ols_av,pass,-0.0023,2.0
constrained_ols_av,pass,-0.4548,4.0
constrained_ols_av,pass,0.4501,0.0
constrained_ols_av,pass,-0.9073,4.0
constrained_ols_av,pass,-0.9073,0.0
constrained_ols_av,pass,-0.0023,0.0
constrained_ols_av,pass,-0.4548,6.0
constrained_ols_av,pass,-0.0023,0.0
constrained_ols_av,pass,-0.9073,2.0
constrained_ols_av,pass,-0.9073,5.0
constrained_ols_av,pass,-0.9073,3.0
constrained_ols_av,pass,-0.0023,3.0
constrained_ols_av,pass,-0.4548,2.0
constrained_ols_av,pass,-1.3597,6.0
constrained_ols_av,pass,-0.9073,7.0
constrained_ols_av,pass,-0.9073,0.0
constrained_ols_av,pass,-1.3597,0.0
constrained_ols_av,pass,-0.4548,0.0
constrained_ols_av,pass,-0.9073,0.0
constrained_ols_av,pass,-1.3597,0.0
constrained_ols_av,pass,-0.0023,0.0
constrained_ols_av,pass,-0.4548,0.0
constrained_ols_av,pass,0.4501,8.0
constrained_ols_av,pass,-0.4548,3.0
constrained_ols_av,pass,-0.4548,0.0
constrained_ols_av,pass,-0.9073,4.0
constrained_ols_av,pass,-0.0023,10.0
constrained_ols_av,pass,0.4501,0.0
constrained_ols_av,pass,-0.0023,3.0
constrained_ols_av,pass,-1.3597,4.0
constrained_ols_av,pass,-0.4548,0.0
constrained_ols_av,pass,-1.3597,0.0
constrained_ols_av,pass,-0.4548,4.0
constrained_ols_av,pass,0.4501,4.0
constrained_ols_av,pass,-0.0023,0.0
constrained_ols_av,pass,-0.4548,4.0
constrained_ols_av,pass,-0.9073,0.0
constrained_ols_av,pass,-0.9073,2.0
constrained_ols_av,pass,-0.9073,4.0
constrained_ols_av,pass,-0.9073,2.0
constrained_ols_av,pass,0.4501,4.0
constrained_ols_av,pass,0.4501,8.0
constrained_ols_av,pass,-0.4548,0.0
constrained_ols_av,pass,-0.4548,2.0
constrained_ols_av,pass,-0.4548,0.0
constrained_ols_av,pass,0.4501,9.0
constrained_ols_av,pass,-0.9073,4.0
constrained_ols_av,pass,0.9026,3.0
constrained_ols_av,pass,-1.3597,4.0
constrained_ols_av,pass,-0.4548,5.0
constrained_ols_av,pass,-0.0023,0.0
constrained_ols_av,pass,-0.9073,0.0
constrained_ols_av,pass,-0.4548,4.0
constrained_ols_av,pass,-1.3597,4.0
constrained_ols_av,pass,-0.4548,0.0
constrained_ols_av,pass,-1.3597,0.0
constrained_ols_av,pass,-0.0023,6.0
constrained_ols_av,pass,-0.0023,6.0
constrained_ols_av,pass,-0.0023,0.0
constrained_ols_av,pass,-0.9073,2.0
constrained_ols_av,pass,0.4501,8.0
constrained_ols_av,pass,-0.0023,7.0
constrained_ols_av,pass,0.4501,0.0
constrained_ols_av,pass,-0.0023,4.0
constrained_ols_av,pass,-0.4548,4.0
constrained_ols_av,pass,-0.9073,0.0
constrained_ols_av,pass,-0.0023,0.0
constrained_ols_av,pass,-0.0023,7.0
constrained_ols_av,pass,-0.9073,7.0
constrained_ols_av,pass,-0.4548,5.0
constrained_ols_av,pass,-0.9073,2.0
constrained_ols_av,pass,-0.0023,7.0
constrained_ols_av,pass,-0.0023,9.0
constrained_ols_av,pass,-0.4548,0.0
constrained_ols_av,pass,-0.4548,2.0
constrained_ols_av,pass,-0.0023,3.0
constrained_ols_av,pass,0.9026,4.0
constrained_ols_av,pass,-1.3597,0.0
constrained_ols_av,pass,-0.4548,3.0
constrained_ols_av,pass,-1.3597,0.0
constrained_ols_av,pass,-0.4548,5.0
constrained_ols_av,pass,0.4501,5.0
constrained_ols_av,pass,-0.9073,5.0
constrained_ols_av,pass,0.9026,3.0
constrained_ols_av,pass,-0.4548,2.0
constrained_ols_av,pass,-0.9073,8.0
constrained_ols_av,pass,-0.0023,2.0
constrained_ols_av,pass,-0.4548,5.0
constrained_ols_av,pass,-0.4548,9.0
constrained_ols_av,pass,-0.4548,4.0
constrained_ols_av,pass,-0.4548,0.0
constrained_ols_av,pass,-0.0023,2.0
constrained_ols_av,pass,-0.4548,0.0
constrained_ols_av,pass,-0.0023,6.0
constrained_ols_av,pass,-0.9073,2.0
constrained_ols_av,pass,-0.4548,3.0
constrained_ols_av,pass,-0.0023,3.0
constrained_ols_av,pass,0.4501,5.0
constrained_ols_av,pass,-0.0023,3.0
constrained_ols_av,pass,-0.4548,8.0
constrained_ols_av,pass,-0.9073,5.0
constrained_ols_av,pass,-0.0023,2.0
constrained_ols_av,pass,-0.0023,5.0
constrained_ols_av,pass,-0.9073,7.0
constrained_ols_av,pass,-0.0023,0.0
constrained_ols_av,pass,-0.9073,0.0
constrained_ols_av,pass,-0.4548,6.0
constrained_ols_av,pass,-1.3597,9.0
constrained_ols_av,pass,-0.0023,7.0
constrained_ols_av,pass,-0.4548,1.0
constrained_ols_av,pass,-0.4548,5.0
constrained_ols_av,pass,-0.4548,7.0
constrained_ols_av,pass,-0.4548,8.0
constrained_ols_av,pass,-0.0023,3.0
constrained_ols_av,pass,-1.3597,5.0
constrained_ols_av,pass,-0.4548,9.0
constrained_ols_av,pass,-0.0023,0.0
constrained_ols_av,pass,0.4501,4.0
constrained_ols_av,pass,-0.9073,5.0
constrained_ols_av,pass,-0.4548,0.0
constrained_ols_av,pass,-0.0023,0.0
constrained_ols_av,pass,-0.0023,8.0
constrained_ols_av,pass,-0.9073,3.0
constrained_ols_av,pass,-0.4548,2.0
constrained_ols_av,pass,-1.3597,0.0
constrained_ols_av,pass,-0.9073,6.0
constrained_ols_av,pass,-0.0023,4.0
constrained_ols_av,pass,-0.0023,4.0
constrained_ols_av,pass,-0.4548,4.0
constrained_ols_av,pass,-1.3597,5.0
constrained_ols_av,pass,-0.0023,5.0
constrained_ols_av,pass,-0.4548,7.0
constrained_ols_av,pass,0.4501,0.0
constrained_ols_av,pass,-0.9073,6.0
constrained_ols_av,pass,-0.9073,0.0
constrained_ols_av,pass,-0.9073,3.0
constrained_ols_av,pass,-0.4548,5.0
constrained_ols_av,pass,-0.4548,6.0
constrained_ols_av,pass,-0.9073,1.0
constrained_ols_av,pass,-0.4548,3.0
constrained_ols_av,pass,-0.4548,6.0
constrained_ols_av,pass,-0.4548,0.0
constrained_ols_av,pass,-0.9073,2.0
constrained_ols_av,pass,-1.3597,2.0
constrained_ols_av,pass,-0.9073,4.0
constrained_ols_av,pass,-0.9073,3.0
constrained_ols_av,pass,-0.4548,6.0
constrained_ols_av,pass,-1.3597,3.0
constrained_ols_av,pass,-0.0023,0.0
constrained_ols_av,pass,-0.4548,6.0
constrained_ols_av,pass,-0.4548,0.0
constrained_ols_av,pass,-0.4548,0.0
constrained_ols_av,pass,-0.9073,3.0
constrained_ols_av,pass,-0.9073,5.0
constrained_ols_av,pass,-0.9073,0.0
constrained_ols_av,pass,-0.4548,6.0
constrained_ols_av,pass,-0.4548,3.0
constrained_ols_av,pass,-0.9073,8.0
constrained_ols_av,pass,-0.0023,9.0
constrained_ols_av,pass,0.4501,0.0
constrained_ols_av,pass,-0.9073,3.0
constrained_ols_av,pass,-0.0023,3.0
constrained_ols_av,pass,-1.3597,0.0
constrained_ols_av,pass,-0.4548,7.0
constrained_ols_av,pass,-0.0023,0.0
constrained_ols_av,pass,-0.9073,2.0
constrained_ols_av,pass,-1.3597,5.0
constrained_ols_av,pass,-0.9073,2.0
constrained_ols_av,pass,-0.9073,0.0
constrained_ols_av,pass,-0.4548,3.0
constrained_ols_av,pass,-0.9073,3.0
constrained_ols_av,pass,-1.3597,3.0
constrained_ols_av,pass,-0.0023,0.0
constrained_ols_av,pass,0.4501,0.0
constrained_ols_av,pass,-0.4548,0.0
constrained_ols_av,pass,0.4501,6.0
constrained_ols_av,pass,-0.4548,5.0
constrained_ols_av,pass,-0.9073,5.0
constrained_ols_av,pass,-0.4548,2.0
constrained_ols_av,pass,-0.0023,2.0
constrained_ols_av,pass,-0.9073,3.0
constrained_ols_av,pass,-1.3597,6.0
constrained_ols_av,pass,-0.4548,5.0
constrained_ols_av,pass,-0.0023,5.0
constrained_ols_av,pass,-0.9073,0.0
constrained_ols_av,pass,-0.9073,0.0
constrained_ols_av,pass,-0.4548,0.0
constrained_ols_av,pass,0.4501,2.0
constrained_ols_av,pass,-0.0023,0.0
constrained_ols_av,pass,-0.0023,8.0
constrained_ols_av,pass,-0.0023,3.0
constrained_ols_av,pass,-0.9073,0.0
constrained_ols_av,pass,-0.9073,5.0
constrained_ols_av,pass,-0.4548,0.0
constrained_ols_av,pass,-0.4548,7.0
constrained_ols_av,pass,-0.4548,2.0
constrained_ols_av,pass,-1.3597,0.0
constrained_ols_av,pass,-0.4548,6.0
constrained_ols_av,pass,-0.9073,5.0
constrained_ols_av,pass,-0.4548,4.0
constrained_ols_av,pass,-0.0023,4.0
constrained_ols_av,pass,-0.4548,2.0
constrained_ols_av,pass,-0.4548,0.0
constrained_ols_av,pass,-0.0023,7.0
constrained_ols_av,pass,-0.4548,0.0
constrained_ols_av,pass,-0.4548,4.0
constrained_ols_av,pass,-0.4548,4.0
constrained_ols_av,pass,-0.4548,4.0
constrained_ols_av,pass,-0.4548,0.0
constrained_ols_av,pass,-0.9073,4.0
constrained_ols_av,pass,-0.4548,0.0
constrained_ols_av,pass,-0.4548,0.0
constrained_ols_av,pass,-0.9073,0.0
constrained_ols_av,pass,-1.3597,3.0
constrained_ols_av,pass,-0.4548,2.0
constrained_ols_av,pass,-0.4548,2.0
constrained_ols_av,pass,-0.0023,0.0
constrained_ols_av,pass,-0.4548,2.0
constrained_ols_av,pass,-0.0023,2.0
constrained_ols_av,pass,-0.0023,0.0
constrained_ols_av,pass,-0.0023,6.0
constrained_ols_av,pass,-0.4548,0.0
constrained_ols_av,pass,-0.9073,0.0
constrained_ols_av,pass,-1.3597,3.0
constrained_ols_av,pass,-0.4548,0.0
constrained_ols_av,pass,-0.4548,10.0
constrained_ols_av,pass,-0.0023,5.0
constrained_ols_av,pass,-0.0023,0.0
constrained_ols_av,pass,-0.0023,0.0
constrained_ols_av,pass,-0.0023,6.0
constrained_ols_av,pass,-0.4548,0.0
constrained_ols_av,pass,-0.4548,3.0
constrained_ols_av,pass,0.4501,5.0
constrained_ols_av,pass,0.9026,4.0
constrained_ols_av,pass,-0.9073,1.0
constrained_ols_av,pass,-1.3597,9.0
constrained_ols_av,pass,-0.9073,0.0
constrained_ols_av,pass,-0.4548,4.0
constrained_ols_av,pass,-0.4548,5.0
constrained_ols_av,pass,-1.3597,3.0
constrained_ols_av,pass,-0.9073,4.0
constrained_ols_av,pass,-0.9073,8.0
constrained_ols_av,pass,-0.9073,3.0
constrained_ols_av,pass,-0.9073,7.0
constrained_ols_av,pass,-1.3597,0.0
constrained_ols_av,pass,-0.9073,3.0
constrained_ols_av,pass,-0.4548,0.0
constrained_ols_av,pass,-0.0023,9.0
constrained_ols_av,pass,-0.0023,0.0
constrained_ols_av,pass,-1.3597,4.0
constrained_ols_av,pass,0.4501,5.0
constrained_ols_av,pass,-0.9073,3.0
constrained_ols_av,pass,-0.0023,0.0
constrained_ols_av,pass,-1.3597,3.0
constrained_ols_av,pass,-0.4548,4.0
constrained_ols_av,pass,-0.9073,4.0
constrained_ols_av,pass,-0.9073,5.0
constrained_ols_av,pass,-0.0023,0.0
constrained_ols_av,pass,0.4501,0.0
constrained_ols_av,pass,-0.4548,2.0
constrained_ols_av,pass,-0.9073,0.0
constrained_ols_av,pass,-0.4548,5.0
constrained_ols_av,pass,-0.0023,0.0
constrained_ols_av,pass,-0.0023,5.0
constrained_ols_av,pass,-0.4548,0.0
constrained_ols_av,pass,-0.4548,2.0
constrained_ols_av,pass,-0.0023,6.0
constrained_ols_av,pass,-0.4548,7.0
constrained_ols_av,pass,-0.4548,0.0
constrained_ols_av,pass,-0.9073,0.0
constrained_ols_av,pass,-0.9073,0.0
constrained_ols_av,pass,-0.0023,4.0
constrained_ols_av,pass,-0.9073,4.0
constrained_ols_av,pass,0.9026,3.0
constrained_ols_av,pass,-0.9073,5.0
constrained_ols_av,pass,-0.4548,3.0
constrained_ols_av,pass,-0.4548,0.0
constrained_ols_av,pass,-0.0023,0.0
constrained_ols_av,pass,-0.9073,0.0
constrained_ols_av,pass,-0.4548,4.0
constrained_ols_av,pass,-0.4548,2.0
constrained_ols_av,pass,-0.4548,2.0
constrained_ols_av,pass,-0.4548,0.0
constrained_ols_av,pass,-0.4548,2.0
constrained_ols_av,pass,-0.9073,5.0
constrained_ols_av,pass,-0.9073,0.0
constrained_ols_av,pass,-0.9073,2.0
constrained_ols_av,pass,-0.9073,3.0
constrained_ols_av,pass,0.4501,0.0
constrained_ols_av,pass,-0.4548,0.0
constrained_ols_av,pass,-0.0023,7.0
constrained_ols_av,pass,-0.9073,0.0
constrained_ols_av,pass,-1.3597,0.0
constrained_ols_av,pass,-1.3597,0.0
constrained_ols_av,pass,-0.9073,2.0
constrained_ols_av,pass,-0.9073,5.0
constrained_ols_av,pass,-0.0023,8.0
constrained_ols_av,pass,-0.4548,0.0
constrained_ols_av,pass,-0.4548,5.0
constrained_ols_av,pass,-0.4548,7.0
constrained_ols_av,pass,-0.9073,0.0
constrained_ols_av,pass,-0.9073,4.0
constrained_ols_av,pass,-1.3597,1.0
constrained_ols_av,pass,-0.0023,6.0
constrained_ols_av,pass,-0.9073,4.0
constrained_ols_av,pass,-0.4548,2.0
constrained_ols_av,pass,-0.4548,5.0
constrained_ols_av,pass,-0.4548,0.0
constrained_ols_av,pass,-1.3597,3.0
constrained_ols_av,pass,-0.9073,1.0
constrained_ols_av,pass,-0.4548,0.0
constrained_ols_av,pass,0.4501,4.0
constrained_ols_av,pass,-0.0023,0.0
constrained_ols_av,pass,-0.0023,7.0
constrained_ols_av,pass,0.9026,6.0
constrained_ols_av,pass,-0.4548,0.0
constrained_ols_av,pass,-0.4548,4.0
constrained_ols_av,pass,-0.4548,0.0
constrained_ols_av,pass,-0.0023,0.0
constrained_ols_av,pass,0.4501,6.0
constrained_ols_av,pass,-0.4548,2.0
constrained_ols_av,pass,-0.4548,0.0
constrained_ols_av,pass,-0.4548,8.0
constrained_ols_av,pass,-0.9073,8.0
constrained_ols_av,pass,-0.4548,5.0
constrained_ols_av,pass,-0.9073,1.0
constrained_ols_av,pass,-0.4548,0.0
constrained_ols_av,pass,-0.0023,6.0
constrained_ols_av,pass,-0.9073,4.0
constrained_ols_av,pass,-0.4548,2.0
constrained_ols_av,pass,-0.9073,6.0
constrained_ols_av,pass,-0.9073,1.0
constrained_ols_av,pass,-0.0023,8.0
constrained_ols_av,pass,-0.4548,4.0
constrained_ols_av,pass,-0.9073,3.0
constrained_ols_av,pass,-0.4548,7.0
constrained_ols_av,pass,-0.9073,6.0
constrained_ols_av,pass,-0.9073,7.0
constrained_ols_av,pass,-0.0023,0.0
constrained_ols_av,pass,-0.4548,0.0
constrained_ols_av,pass,-0.4548,1.0
constrained_ols_av,pass,-0.0023,1.0
constrained_ols_av,pass,-0.4548,0.0
constrained_ols_av,pass,-0.0023,5.0
constrained_ols_av,pass,-0.0023,3.0
constrained_ols_av,pass,-0.9073,1.0
constrained_ols_av,pass,-0.4548,0.0
constrained_ols_av,pass,-0.0023,0.0
constrained_ols_av,pass,-0.9073,5.0
constrained_ols_av,pass,-1.3597,3.0
constrained_ols_av,pass,-0.4548,0.0
constrained_ols_av,pass,-0.0023,8.0
constrained_ols_av,pass,-0.4548,0.0
constrained_ols_av,pass,-0.4548,6.0
constrained_ols_av,pass,-0.0023,2.0
constrained_ols_av,pass,-0.4548,0.0
constrained_ols_av,pass,-0.0023,0.0
constrained_ols_av,pass,0.4501,7.0
constrained_ols_av,pass,-0.4548,4.0
constrained_ols_av,pass,-0.9073,7.0
constrained_ols_av,pass,-0.4548,0.0
constrained_ols_av,pass,-1.3597,7.0
constrained_ols_av,pass,-0.9073,4.0
constrained_ols_av,pass,-0.4548,2.0
constrained_ols_av,pass,-0.0023,3.0
constrained_ols_av,pass,-1.3597,3.0
constrained_ols_av,pass,-0.4548,1.0
constrained_ols_av,pass,-0.9073,4.0
constrained_ols_av,pass,-0.4548,2.0
constrained_ols_av,pass,-0.9073,2.0
constrained_ols_av,pass,-0.0023,4.0
constrained_ols_av,pass,-0.9073,3.0
constrained_ols_av,pass,0.9026,5.0
constrained_ols_av,pass,0.4501,3.0
constrained_ols_av,pass,-0.4548,4.0
constrained_ols_av,pass,-0.9073,0.0
constrained_ols_av,pass,-0.9073,0.0
constrained_ols_av,pass,-0.0023,3.0
constrained_ols_av,pass,-0.0023,9.0
constrained_ols_av,pass,-0.0023,4.0
constrained_ols_av,pass,-0.4548,2.0
constrained_ols_av,pass,-0.0023,6.0
constrained_ols_av,pass,-0.9073,3.0
constrained_ols_av,pass,0.4501,0.0
constrained_ols_av,pass,-0.4548,5.0
constrained_ols_av,pass,0.4501,6.0
constrained_ols_av,pass,-0.4548,6.0
constrained_ols_av,pass,-0.9073,8.0
constrained_ols_av,pass,-0.9073,1.0
constrained_ols_av,pass,-0.0023,5.0
constrained_ols_av,pass,-0.4548,3.0
constrained_ols_av,pass,-0.9073,0.0
constrained_ols_av,pass,-0.9073,7.0
constrained_ols_av,pass,-0.9073,5.0
constrained_ols_av,pass,-0.9073,6.0
constrained_ols_av,pass,0.4501,0.0
constrained_ols_av,pass,-1.3597,0.0
constrained_ols_av,pass,-0.0023,0.0
constrained_ols_av,pass,-0.4548,5.0
constrained_ols_av,pass,0.4501,7.0
constrained_ols_av,pass,-1.3597,6.0
constrained_ols_av,pass,0.9026,8.0
constrained_ols_av,pass,-0.4548,6.0
constrained_ols_av,pass,-0.4548,7.0
constrained_ols_av,pass,-0.9073,6.0
constrained_ols_av,pass,-0.0023,0.0
constrained_ols_av,pass,-0.4548,0.0
constrained_ols_av,pass,-0.4548,0.0
constrained_ols_av,pass,-0.9073,3.0
constrained_ols_av,pass,-0.9073,0.0
constrained_ols_av,pass,-0.0023,6.0
constrained_ols_av,pass,-0.0023,6.0
constrained_ols_av,pass,-0.9073,0.0
constrained_ols_av,pass,0.4501,0.0
constrained_ols_av,pass,-0.0023,3.0
constrained_ols_av,pass,-1.3597,6.0
constrained_ols_av,pass,-0.4548,3.0
constrained_ols_av,pass,-0.4548,3.0
constrained_ols_av,pass,-0.4548,0.0
constrained_ols_av,pass,-0.9073,7.0
constrained_ols_av,pass,-0.0023,3.0
constrained_ols_av,pass,0.4501,4.0
constrained_ols_av,pass,-0.0023,6.0
constrained_ols_av,pass,-0.4548,0.0
constrained_ols_av,pass,-0.9073,5.0
constrained_ols_av,pass,-0.9073,4.0
constrained_ols_av,pass,-0.4548,4.0
constrained_ols_av,pass,-0.0023,0.0
constrained_ols_av,pass,-0.9073,3.0
constrained_ols_av,pass,-0.0023,0.0
constrained_ols_av,pass,-0.4548,9.0
constrained_ols_av,pass,-0.4548,5.0
constrained_ols_av,pass,-0.4548,4.0
constrained_ols_av,pass,-0.9073,7.0
constrained_ols_av,pass,-0.4548,5.0
constrained_ols_av,pass,-0.4548,0.0
constrained_ols_av,pass,-0.0023,5.0
constrained_ols_av,pass,-0.0023,0.0
constrained_ols_av,pass,-0.0023,0.0
constrained_ols_av,pass,-0.0023,0.0
constrained_ols_av,pass,-0.4548,2.0
constrained_ols_av,pass,-0.9073,7.0
constrained_ols_av,pass,-0.4548,4.0
constrained_ols_av,pass,-1.3597,3.0
constrained_ols_av,pass,0.4501,3.0
constrained_ols_av,pass,1.3551,4.0
constrained_ols_av,pass,-0.0023,4.0
constrained_ols_av,pass,-0.4548,0.0
constrained_ols_av,pass,-0.0023,7.0
constrained_ols_av,pass,-0.4548,0.0
constrained_ols_av,pass,0.4501,4.0
constrained_ols_av,pass,-0.9073,0.0
constrained_ols_av,pass,-0.4548,2.0
constrained_ols_av,pass,-0.4548,6.0
constrained_ols_av,pass,-0.4548,5.0
constrained_ols_av,pass,-0.0023,3.0
constrained_ols_av,pass,-0.9073,5.0
constrained_ols_av,pass,-0.4548,0.0
constrained_ols_av,pass,-0.4548,2.0
constrained_ols_av,pass,-0.9073,7.0
constrained_ols_av,pass,-0.4548,0.0
constrained_ols_av,pass,-0.0023,1.0
constrained_ols_av,pass,-0.9073,2.0
constrained_ols_av,pass,0.4501,3.0
constrained_ols_av,pass,-0.4548,5.0
constrained_ols_av,pass,-0.0023,4.0
constrained_ols_av,pass,-0.4548,0.0
constrained_ols_av,pass,-0.9073,4.0
constrained_ols_av,pass,-0.0023,5.0
constrained_ols_av,pass,-0.4548,4.0
constrained_ols_av,pass,-0.0023,0.0
constrained_ols_av,pass,-0.4548,9.0
constrained_ols_av,pass,-0.4548,3.0
constrained_ols_av,pass,-0.4548,2.0
constrained_ols_av,pass,-0.4548,6.0
constrained_ols_av,pass,-0.4548,1.0
constrained_ols_av,pass,-1.3597,5.0
constrained_ols_av,pass,-0.4548,2.0
constrained_ols_av,pass,-0.0023,2.0
constrained_ols_av,pass,-0.4548,4.0
constrained_ols_av,pass,-0.4548,5.0
constrained_ols_av,pass,-0.0023,0.0
constrained_ols_av,pass,-1.3597,4.0
constrained_ols_av,pass,-0.0023,0.0
constrained_ols_av,pass,-0.4548,0.0
constrained_ols_av,pass,0.4501,6.0
constrained_ols_av,pass,-0.4548,4.0
constrained_ols_av,pass,-0.0023,4.0
constrained_ols_av,pass,0.9026,0.0
constrained_ols_av,pass,-0.4548,5.0
constrained_ols_av,pass,-0.4548,0.0
constrained_ols_av,pass,-0.9073,0.0
constrained_ols_av,pass,-0.0023,0.0
constrained_ols_av,pass,-0.9073,5.0
constrained_ols_av,pass,-0.9073,4.0
constrained_ols_av,pass,-0.0023,7.0
constrained_ols_av,pass,-0.9073,6.0
constrained_ols_av,pass,-0.4548,5.0
constrained_ols_av,pass,-0.0023,7.0
constrained_ols_av,pass,-0.4548,4.0
constrained_ols_av,pass,0.9026,5.0
constrained_ols_av,pass,-0.9073,5.0
constrained_ols_av,pass,-0.0023,0.0
constrained_ols_av,pass,-0.9073,4.0
constrained_ols_av,pass,-0.9073,0.0
constrained_ols_av,pass,-0.4548,4.0
constrained_ols_av,pass,-0.0023,7.0
constrained_ols_av,pass,0.4501,5.0
constrained_ols_av,pass,0.4501,5.0
constrained_ols_av,pass,-0.0023,5.0
constrained_ols_av,pass,-0.0023,3.0
constrained_ols_av,pass,-0.9073,0.0
constrained_ols_av,pass,-0.0023,0.0
constrained_ols_av,pass,-0.4548,0.0
constrained_ols_av,pass,-0.0023,5.0
constrained_ols_av,pass,0.4501,2.0
constrained_ols_av,pass,-0.9073,0.0
constrained_ols_av,pass,-0.4548,5.0
constrained_ols_av,pass,-0.9073,0.0
constrained_ols_av,pass,-0.4548,0.0
constrained_ols_av,pass,-0.4548,7.0
constrained_ols_av,pass,0.4501,0.0
constrained_ols_av,pass,-0.4548,4.0
constrained_ols_av,pass,-0.0023,0.0
constrained_ols_av,pass,-0.0023,5.0
constrained_ols_av,pass,-0.9073,3.0
constrained_ols_av,pass,-1.3597,1.0
constrained_ols_av,pass,-0.4548,6.0
constrained_ols_av,pass,-0.4548,4.0
constrained_ols_av,pass,0.4501,4.0
constrained_ols_av,pass,0.4501,7.0
constrained_ols_av,pass,-1.3597,0.0
constrained_ols_av,pass,-0.9073,7.0
constrained_ols_av,pass,-0.9073,0.0
constrained_ols_av,pass,-0.0023,5.0
constrained_ols_av,pass,-0.9073,4.0
constrained_ols_av,pass,-0.4548,0.0
constrained_ols_av,pass,0.4501,0.0
constrained_ols_av,pass,-0.9073,3.0
constrained_ols_av,pass,-0.4548,3.0
constrained_ols_av,pass,-1.3597,4.0
constrained_ols_av,pass,-0.4548,7.0
constrained_ols_av,pass,-0.0023,6.0
constrained_ols_av,pass,-0.0023,2.0
constrained_ols_av,pass,-0.0023,0.0
constrained_ols_av,pass,-1.3597,0.0
constrained_ols_av,pass,-0.4548,4.0
constrained_ols_av,pass,-0.0023,0.0
constrained_ols_av,pass,-1.3597,0.0
constrained_ols_av,pass,-0.4548,9.0
constrained_ols_av,pass,0.4501,8.0
constrained_ols_av,pass,-0.9073,0.0
constrained_ols_av,pass,-0.9073,0.0
constrained_ols_av,pass,-0.0023,3.0
constrained_ols_av,pass,-0.4548,3.0
constrained_ols_av,pass,0.4501,8.0
constrained_ols_av,pass,-1.3597,4.0
constrained_ols_av,pass,-0.4548,6.0
constrained_ols_av,pass,-0.0023,0.0
constrained_ols_av,pass,-1.3597,0.0
constrained_ols_av,pass,-0.4548,4.0
constrained_ols_av,pass,-0.9073,4.0
constrained_ols_av,pass,-0.9073,0.0
constrained_ols_av,pass,-0.9073,0.0
constrained_ols_av,pass,-0.9073,0.0
constrained_ols_av,pass,-0.4548,2.0
constrained_ols_av,pass,0.4501,4.0
constrained_ols_av,pass,-0.0023,0.0
constrained_ols_av,pass,-0.4548,8.0
constrained_ols_av,pass,-0.4548,3.0
constrained_ols_av,pass,-0.0023,4.0
constrained_ols_av,pass,-0.4548,4.0
constrained_ols_av,pass,-0.4548,4.0
constrained_ols_av,pass,-0.4548,0.0
constrained_ols_av,pass,-0.4548,6.0
constrained_ols_av,pass,-0.4548,7.0
constrained_ols_av,pass,-0.4548,6.0
constrained_ols_av,pass,0.9026,6.0
constrained_ols_av,pass,-0.4548,0.0
constrained_ols_av,pass,0.4501,2.0
constrained_ols_av,pass,-0.4548,2.0
constrained_ols_av,pass,-0.4548,0.0
constrained_ols_av,pass,-0.0023,0.0
constrained_ols_av,pass,-0.4548,6.0
constrained_ols_av,pass,-0.0023,5.0
constrained_ols_av,pass,-0.4548,2.0
constrained_ols_av,pass,-0.4548,6.0
constrained_ols_av,pass,-0.4548,0.0
constrained_ols_av,pass,-0.4548,3.0
constrained_ols_av,pass,-0.4548,3.0
constrained_ols_av,pass,-0.9073,2.0
constrained_ols_av,pass,-0.9073,2.0
constrained_ols_av,pass,-0.9073,4.0
constrained_ols_av,pass,-0.9073,1.0
constrained_ols_av,pass,-0.4548,0.0
constrained_ols_av,pass,-0.9073,8.0
constrained_ols_av,pass,-0.9073,5.0
constrained_ols_av,pass,-0.0023,4.0
constrained_ols_av,pass,-0.0023,9.0
constrained_ols_av,pass,-0.4548,5.0
constrained_ols_av,pass,-0.4548,5.0
constrained_ols_av,pass,-0.9073,3.0
constrained_ols_av,pass,-0.0023,4.0
constrained_ols_av,pass,-0.9073,3.0
constrained_ols_av,pass,-0.4548,6.0
constrained_ols_av,pass,-0.4548,4.0
constrained_ols_av,pass,-0.4548,0.0
constrained_ols_av,pass,-0.4548,3.0
constrained_ols_av,pass,-0.0023,0.0
constrained_ols_av,pass,-1.3597,7.0
constrained_ols_av,pass,-0.9073,0.0
constrained_ols_av,pass,-0.0023,3.0
constrained_ols_av,pass,-0.9073,3.0
constrained_ols_av,pass,0.4501,6.0
constrained_ols_av,pass,-0.4548,8.0
constrained_ols_av,pass,-1.3597,6.0
constrained_ols_av,pass,-0.9073,6.0
constrained_ols_av,pass,-0.4548,2.0
constrained_ols_av,pass,-0.0023,6.0
constrained_ols_av,pass,-0.9073,0.0
constrained_ols_av,pass,-0.9073,8.0
constrained_ols_av,pass,-0.9073,7.0
constrained_ols_av,pass,-0.9073,3.0
constrained_ols_av,pass,-0.4548,3.0
constrained_ols_av,pass,-0.9073,3.0
constrained_ols_av,pass,-0.0023,7.0
constrained_ols_av,pass,-0.0023,7.0
constrained_ols_av,pass,0.4501,4.0
constrained_ols_av,pass,-1.3597,0.0
constrained_ols_av,pass,-0.4548,4.0
constrained_ols_av,pass,-0.9073,4.0
constrained_ols_av,pass,-0.9073,8.0
constrained_ols_av,pass,0.4501,7.0
constrained_ols_av,pass,-0.4548,4.0
constrained_ols_av,pass,-0.9073,0.0
constrained_ols_av,pass,-0.0023,0.0
constrained_ols_av,pass,-0.0023,0.0
constrained_ols_av,pass,-0.4548,3.0
constrained_ols_av,pass,-1.3597,0.0
constrained_ols_av,pass,-0.4548,2.0
constrained_ols_av,pass,-0.0023,4.0
constrained_ols_av,pass,-1.3597,7.0
constrained_ols_av,pass,-0.0023,0.0
constrained_ols_av,pass,-0.9073,10.0
constrained_ols_av,pass,-1.3597,6.0
constrained_ols_av,pass,-0.4548,0.0
constrained_ols_av,pass,-1.3597,5.0
constrained_ols_av,pass,-0.9073,7.0
constrained_ols_av,pass,-0.4548,1.0
constrained_ols_av,pass,-0.4548,2.0
constrained_ols_av,pass,-0.4548,0.0
constrained_ols_av,pass,-0.4548,0.0
constrained_ols_av,pass,-0.9073,0.0
constrained_ols_av,pass,0.4501,0.0
constrained_ols_av,pass,-0.9073,0.0
constrained_ols_av,pass,-0.4548,0.0
constrained_ols_av,pass,-0.0023,0.0
constrained_ols_av,pass,-1.3597,0.0
constrained_ols_av,pass,-0.9073,0.0
constrained_ols_av,pass,-1.3597,0.0
constrained_ols_av,pass,-0.9073,7.0
constrained_ols_av,pass,-0.4548,6.0
constrained_ols_av,pass,-0.4548,0.0
constrained_ols_av,pass,-0.0023,1.0
constrained_ols_av,pass,-0.9073,2.0
constrained_ols_av,pass,0.4501,6.0
constrained_ols_av,pass,-0.4548,3.0
constrained_ols_av,pass,-0.4548,6.0
constrained_ols_av,pass,-1.3597,7.0
constrained_ols_av,pass,-1.3597,1.0
constrained_ols_av,pass,-0.9073,7.0
constrained_ols_av,pass,-0.4548,4.0
constrained_ols_av,pass,0.4501,0.0
constrained_ols_av,pass,0.4501,4.0
constrained_ols_av,pass,-0.4548,2.0
constrained_ols_av,pass,-0.9073,0.0
constrained_ols_av,pass,-0.9073,8.0
constrained_ols_av,pass,-0.0023,0.0
constrained_ols_av,pass,-0.0023,8.0
constrained_ols_av,pass,-0.4548,4.0
constrained_ols_av,pass,-0.9073,1.0
constrained_ols_av,pass,-0.4548,3.0
constrained_ols_av,pass,-0.4548,3.0
constrained_ols_av,pass,-0.0023,3.0
constrained_ols_av,pass,-0.0023,8.0
constrained_ols_av,pass,-0.9073,0.0
constrained_ols_av,pass,-0.9073,1.0
constrained_ols_av,pass,-0.9073,2.0
constrained_ols_av,pass,-0.4548,9.0
constrained_ols_av,pass,-0.4548,3.0
constrained_ols_av,pass,-0.0023,5.0
constrained_ols_av,pass,-0.9073,7.0
constrained_ols_av,pass,-1.3597,0.0
constrained_ols_av,pass,-0.9073,0.0
constrained_ols_av,pass,-0.9073,3.0
constrained_ols_av,pass,-0.9073,3.0
constrained_ols_av,pass,-0.9073,3.0
constrained_ols_av,pass,-0.9073,4.0
constrained_ols_av,pass,-1.3597,3.0
constrained_ols_av,pass,-0.4548,2.0
constrained_ols_av,pass,-0.0023,8.0
constrained_ols_av,pass,-0.4548,7.0
constrained_ols_av,pass,-0.4548,6.0
constrained_ols_av,pass,-0.0023,2.0
constrained_ols_av,pass,-1.3597,0.0
constrained_ols_av,pass,-0.9073,3.0
constrained_ols_av,pass,-0.9073,0.0
constrained_ols_av,pass,-0.4548,2.0
constrained_ols_av,pass,-1.3597,6.0
constrained_ols_av,pass,-0.9073,7.0
constrained_ols_av,pass,-0.9073,3.0
constrained_ols_av,pass,-0.9073,0.0
constrained_ols_av,pass,-0.4548,4.0
constrained_ols_av,pass,0.4501,7.0
constrained_ols_av,pass,-0.9073,4.0
constrained_ols_av,pass,-0.9073,2.0
constrained_ols_av,pass,-0.4548,0.0
constrained_ols_av,pass,-0.4548,0.0
constrained_ols_av,pass,-0.4548,0.0
constrained_ols_av,pass,-0.4548,7.0
constrained_ols_av,pass,-0.9073,1.0
constrained_ols_av,pass,-0.9073,4.0
constrained_ols_av,pass,0.4501,0.0
constrained_ols_av,pass,-0.9073,3.0
constrained_ols_av,pass,-0.9073,1.0
constrained_ols_av,pass,-0.4548,3.0
constrained_ols_av,pass,-0.9073,5.0
constrained_ols_av,pass,-0.9073,3.0
constrained_ols_av,pass,-0.0023,6.0
constrained_ols_av,pass,0.4501,4.0
constrained_ols_av,pass,-0.9073,7.0
constrained_ols_av,pass,-0.4548,4.0
constrained_ols_av,pass,-0.4548,4.0
constrained_ols_av,pass,0.9026,0.0
constrained_ols_av,pass,-0.9073,6.0
constrained_ols_av,pass,-0.0023,0.0
constrained_ols_av,pass,-0.0023,3.0
constrained_ols_av,pass,-0.4548,0.0
constrained_ols_av,pass,-0.4548,3.0
constrained_ols_av,pass,-0.4548,0.0
constrained_ols_av,pass,-0.9073,8.0
constrained_ols_av,pass,-0.4548,3.0
constrained_ols_av,pass,-0.4548,0.0
constrained_ols_av,pass,-0.9073,4.0
constrained_ols_av,pass,-1.3597,2.0
constrained_ols_av,pass,-0.0023,0.0
constrained_ols_av,pass,-0.0023,3.0
constrained_ols_av,pass,-0.9073,6.0
constrained_ols_av,pass,-0.4548,6.0
constrained_ols_av,pass,-0.9073,0.0
constrained_ols_av,pass,-0.0023,0.0
constrained_ols_av,pass,-0.4548,0.0
constrained_ols_av,pass,-0.9073,0.0
constrained_ols_av,pass,-0.0023,0.0
constrained_ols_av,pass,-1.3597,6.0
constrained_ols_av,pass,-0.4548,2.0
constrained_ols_av,pass,-0.4548,4.0
constrained_ols_av,pass,0.4501,2.0
constrained_ols_av,pass,-0.9073,0.0
constrained_ols_av,pass,-0.4548,8.0
constrained_ols_av,pass,-0.0023,6.0
constrained_ols_av,pass,-0.0023,3.0
constrained_ols_av,pass,-0.0023,3.0
constrained_ols_av,pass,-0.4548,0.0
constrained_ols_av,pass,-0.9073,0.0
constrained_ols_av,pass,-0.9073,4.0
constrained_ols_av,pass,-0.9073,6.0
constrained_ols_av,pass,-0.4548,3.0
constrained_ols_av,pass,-0.0023,5.0
constrained_ols_av,pass,-0.4548,0.0
constrained_ols_av,pass,-0.0023,9.0
constrained_ols_av,pass,-0.9073,2.0
constrained_ols_av,pass,-0.9073,8.0
constrained_ols_av,pass,-0.0023,0.0
constrained_ols_av,pass,-0.4548,1.0
constrained_ols_av,pass,0.4501,7.0
constrained_ols_av,pass,-0.0023,4.0
constrained_ols_av,pass,0.4501,0.0
constrained_ols_av,pass,-0.9073,7.0
constrained_ols_av,pass,-0.0023,5.0
constrained_ols_av,pass,-1.3597,5.0
constrained_ols_av,pass,-0.4548,0.0
constrained_ols_av,pass,0.4501,4.0
constrained_ols_av,pass,-0.9073,0.0
constrained_ols_av,pass,-0.9073,2.0
constrained_ols_av,pass,-0.0023,3.0
constrained_ols_av,pass,-0.4548,4.0
constrained_ols_av,pass,0.4501,0.0
constrained_ols_av,pass,-0.9073,1.0
constrained_ols_av,pass,-0.4548,5.0
constrained_ols_av,pass,-0.9073,2.0
constrained_ols_av,pass,-0.0023,0.0
constrained_ols_av,pass,-0.9073,0.0
constrained_ols_av,pass,-1.3597,6.0
constrained_ols_av,pass,-0.9073,8.0
constrained_ols_av,pass,-0.9073,8.0
constrained_ols_av,pass,-0.4548,0.0
constrained_ols_av,pass,-0.4548,3.0
constrained_ols_av,pass,-0.9073,5.0
constrained_ols_av,pass,-0.9073,2.0
constrained_ols_av,pass,-0.4548,8.0
constrained_ols_av,pass,-1.3597,4.0
constrained_ols_av,pass,-0.0023,2.0
constrained_ols_av,pass,-0.0023,0.0
constrained_ols_av,pass,0.4501,7.0
constrained_ols_av,pass,-0.4548,5.0
constrained_ols_av,pass,-0.9073,3.0
constrained_ols_av,pass,-0.0023,4.0
constrained_ols_av,pass,-0.0023,3.0
constrained_ols_av,pass,-0.4548,0.0
constrained_ols_av,pass,-0.0023,0.0
constrained_ols_av,pass,-0.4548,0.0
constrained_ols_av,pass,-0.9073,4.0
constrained_ols_av,pass,-0.0023,0.0
constrained_ols_av,pass,-0.4548,0.0
constrained_ols_av,pass,-0.0023,7.0
constrained_ols_av,pass,-0.9073,0.0
constrained_ols_av,pass,-0.9073,10.0
constrained_ols_av,pass,-0.0023,2.0
constrained_ols_av,pass,-0.4548,0.0
constrained_ols_av,pass,-0.0023,0.0
constrained_ols_av,pass,-0.4548,3.0
constrained_ols_av,pass,-0.4548,0.0
constrained_ols_av,pass,-1.3597,0.0
constrained_ols_av,pass,-0.4548,6.0
constrained_ols_av,pass,-0.4548,2.0
constrained_ols_av,pass,-0.4548,3.0
constrained_ols_av,pass,-0.9073,0.0
constrained_ols_av,pass,-0.4548,0.0
constrained_ols_av,pass,-0.4548,1.0
constrained_ols_av,pass,-1.3597,4.0
constrained_ols_av,pass,-0.4548,0.0
constrained_ols_av,pass,-0.4548,5.0
constrained_ols_av,pass,-0.4548,0.0
constrained_ols_av,pass,-0.9073,8.0
constrained_ols_av,pass,-0.4548,7.0
constrained_ols_av,pass,-0.0023,6.0
constrained_ols_av,pass,-1.3597,8.0
constrained_ols_av,pass,-0.9073,0.0
constrained_ols_av,pass,-0.4548,0.0
constrained_ols_av,pass,-1.3597,6.0
constrained_ols_av,pass,-0.0023,4.0
constrained_ols_av,pass,-0.4548,4.0
constrained_ols_av,pass,-0.0023,4.0
constrained_ols_av,pass,-0.4548,0.0
constrained_ols_av,pass,-0.9073,5.0
constrained_ols_av,pass,-0.9073,5.0
constrained_ols_av,pass,-1.3597,0.0
constrained_ols_av,pass,-0.4548,5.0
constrained_ols_av,pass,-0.4548,5.0
constrained_ols_av,pass,-0.4548,0.0
constrained_ols_av,pass,-0.0023,0.0
constrained_ols_av,pass,-0.4548,2.0
constrained_ols_av,pass,-0.4548,5.0
constrained_ols_av,pass,-0.4548,6.0
constrained_ols_av,pass,-0.9073,2.0
constrained_ols_av,pass,-0.9073,0.0
constrained_ols_av,pass,-0.0023,3.0
constrained_ols_av,pass,-0.4548,2.0
constrained_ols_av,pass,-0.4548,5.0
constrained_ols_av,pass,-0.0023,0.0
constrained_ols_av,pass,-0.4548,4.0
constrained_ols_av,pass,-0.9073,4.0
constrained_ols_av,pass,-1.3597,3.0
constrained_ols_av,pass,-0.4548,6.0
constrained_ols_av,pass,-0.0023,3.0
constrained_ols_av,pass,-0.9073,9.0
constrained_ols_av,pass,-0.0023,0.0
constrained_ols_av,pass,-0.9073,4.0
constrained_ols_av,pass,0.9026,7.0
constrained_ols_av,pass,-0.4548,3.0
constrained_ols_av,pass,0.4501,0.0
constrained_ols_av,pass,-0.4548,0.0
constrained_ols_av,pass,-0.4548,4.0
constrained_ols_av,pass,0.4501,0.0
constrained_ols_av,pass,-0.0023,0.0
constrained_ols_av,pass,-0.4548,0.0
constrained_ols_av,pass,-0.9073,1.0
constrained_ols_av,pass,0.4501,0.0
constrained_ols_av,pass,-0.0023,5.0
constrained_ols_av,pass,-0.4548,8.0
constrained_ols_av,pass,-0.9073,1.0
constrained_ols_av,pass,-0.9073,6.0
constrained_ols_av,pass,-0.4548,6.0
constrained_ols_av,pass,-0.4548,3.0
constrained_ols_av,pass,-0.0023,5.0
constrained_ols_av,pass,-1.3597,7.0
constrained_ols_av,pass,-0.4548,9.0
constrained_ols_av,pass,-0.4548,3.0
constrained_ols_av,pass,-1.3597,1.0
constrained_ols_av,pass,-0.0023,7.0
constrained_ols_av,pass,-0.9073,1.0
constrained_ols_av,pass,-0.9073,1.0
constrained_ols_av,pass,-0.4548,3.0
constrained_ols_av,pass,-0.4548,0.0
constrained_ols_av,pass,-0.9073,0.0
constrained_ols_av,pass,0.4501,4.0
constrained_ols_av,pass,-0.4548,8.0
constrained_ols_av,pass,0.4501,1.0
constrained_ols_av,pass,-0.9073,5.0
constrained_ols_av,pass,-0.0023,0.0
constrained_ols_av,pass,-0.4548,0.0
constrained_ols_av,pass,-0.0023,0.0
constrained_ols_av,pass,-0.4548,6.0
constrained_ols_av,pass,-0.4548,0.0
constrained_ols_av,pass,-0.0023,5.0
constrained_ols_av,pass,-0.9073,5.0
constrained_ols_av,pass,-0.4548,7.0
constrained_ols_av,pass,-0.9073,3.0
constrained_ols_av,pass,-0.0023,0.0
constrained_ols_av,pass,-0.4548,4.0
constrained_ols_av,pass,-0.4548,3.0
constrained_ols_av,pass,-0.4548,3.0
constrained_ols_av,pass,-1.3597,4.0
constrained_ols_av,pass,-0.4548,0.0
constrained_ols_av,pass,-0.9073,0.0
constrained_ols_av,pass,0.4501,7.0
constrained_ols_av,pass,-0.0023,0.0
constrained_ols_av,pass,-0.0023,4.0
constrained_ols_av,pass,0.4501,5.0
constrained_ols_av,pass,-0.9073,0.0
constrained_ols_av,pass,-0.4548,2.0
constrained_ols_av,pass,-0.0023,6.0
constrained_ols_av,pass,-1.3597,0.0
constrained_ols_av,pass,-0.0023,0.0
constrained_ols_av,pass,-0.0023,0.0
constrained_ols_av,pass,-0.9073,0.0
constrained_ols_av,pass,-0.0023,4.0
constrained_ols_av,pass,-1.3597,0.0
constrained_ols_av,pass,-0.4548,4.0
constrained_ols_av,pass,-0.4548,2.0
constrained_ols_av,pass,-0.9073,0.0
constrained_ols_av,pass,-0.0023,6.0
constrained_ols_av,pass,0.4501,2.0
constrained_ols_av,pass,-0.4548,3.0
constrained_ols_av,pass,-0.9073,8.0
constrained_ols_av,pass,-0.9073,2.0
constrained_ols_av,pass,-0.9073,6.0
constrained_ols_av,pass,-0.9073,9.0
constrained_ols_av,pass,-0.4548,0.0
constrained_ols_av,pass,-0.9073,6.0
constrained_ols_av,pass,-0.4548,5.0
constrained_ols_av,pass,-1.3597,6.0
constrained_ols_av,pass,-0.9073,4.0
constrained_ols_av,pass,-0.4548,4.0
constrained_ols_av,pass,0.4501,0.0
constrained_ols_av,pass,-0.0023,7.0
constrained_ols_av,pass,-0.4548,2.0
constrained_ols_av,pass,-0.4548,5.0
constrained_ols_av,pass,-0.9073,6.0
constrained_ols_av,pass,-0.4548,0.0
constrained_ols_av,pass,-0.9073,2.0
constrained_ols_av,pass,-0.9073,1.0
constrained_ols_av,pass,-0.0023,7.0
constrained_ols_av,pass,-0.4548,5.0
constrained_ols_av,pass,-0.4548,0.0
constrained_ols_av,pass,-0.0023,0.0
constrained_ols_av,pass,-0.0023,0.0
constrained_ols_av,pass,-0.9073,0.0
constrained_ols_av,pass,-0.4548,7.0
constrained_ols_av,pass,-0.4548,2.0
constrained_ols_av,pass,-0.9073,2.0
constrained_ols_av,pass,-0.4548,5.0
constrained_ols_av,pass,-1.3597,2.0
constrained_ols_av,pass,-0.9073,3.0
constrained_ols_av,pass,-0.4548,7.0
constrained_ols_av,pass,-0.9073,2.0
constrained_ols_av,pass,-0.4548,7.0
constrained_ols_av,pass,-0.4548,0.0
constrained_ols_av,pass,-0.4548,0.0
constrained_ols_av,pass,-0.4548,4.0
constrained_ols_av,pass,-0.4548,5.0
constrained_ols_av,pass,0.4501,0.0
constrained_ols_av,pass,-0.0023,7.0
constrained_ols_av,pass,-0.4548,0.0
constrained_ols_av,pass,-0.9073,4.0
constrained_ols_av,pass,-0.0023,4.0
constrained_ols_av,pass,-0.0023,6.0
constrained_ols_av,pass,-0.0023,1.0
constrained_ols_av,pass,-0.0023,4.0
constrained_ols_av,pass,-0.4548,5.0
constrained_ols_av,pass,-0.4548,3.0
constrained_ols_av,pass,-0.4548,4.0
constrained_ols_av,pass,-0.9073,5.0
constrained_ols_av,pass,-0.0023,5.0
constrained_ols_av,pass,-0.9073,6.0
constrained_ols_av,pass,-0.4548,5.0
constrained_ols_av,pass,-0.4548,7.0
constrained_ols_av,pass,-0.0023,0.0
constrained_ols_av,pass,-0.4548,6.0
constrained_ols_av,pass,-0.9073,3.0
constrained_ols_av,pass,-0.9073,0.0
constrained_ols_av,pass,-0.4548,9.0
constrained_ols_av,pass,-0.9073,7.0
constrained_ols_av,pass,-0.4548,0.0
constrained_ols_av,pass,-0.4548,4.0
constrained_ols_av,pass,-0.9073,3.0
constrained_ols_av,pass,-0.9073,0.0
constrained_ols_av,pass,-0.0023,0.0
constrained_ols_av,pass,-0.9073,4.0
constrained_ols_av,pass,-1.3597,2.0
constrained_ols_av,pass,-0.4548,0.0
constrained_ols_av,pass,-0.4548,3.0
constrained_ols_av,pass,-0.4548,2.0
constrained_ols_av,pass,-0.4548,0.0
constrained_ols_av,pass,-0.9073,6.0
constrained_ols_av,pass,-0.4548,0.0
constrained_ols_av,pass,-0.4548,5.0
constrained_ols_av,pass,-0.4548,5.0
constrained_ols_av,pass,-0.4548,2.0
constrained_ols_av,pass,-0.0023,5.0
constrained_ols_av,pass,-0.0023,0.0
constrained_ols_av,pass,-0.9073,5.0
constrained_ols_av,pass,-0.9073,0.0
constrained_ols_av,pass,-0.0023,5.0
constrained_ols_av,pass,-0.4548,2.0
constrained_ols_av,pass,-0.9073,5.0
constrained_ols_av,pass,-0.0023,0.0
constrained_ols_av,pass,-0.4548,6.0
constrained_ols_av,pass,-0.9073,6.0
constrained_ols_av,pass,-0.0023,6.0
constrained_ols_av,pass,-0.4548,0.0
constrained_ols_av,pass,-0.9073,9.0
constrained_ols_av,pass,-0.4548,6.0
constrained_ols_av,pass,-0.9073,2.0
constrained_ols_av,pass,-0.4548,0.0
constrained_ols_av,pass,-0.0023,8.0
constrained_ols_av,pass,0.9026,9.0
constrained_ols_av,pass,-0.9073,4.0
constrained_ols_av,pass,-1.3597,6.0
constrained_ols_av,pass,-0.0023,3.0
constrained_ols_av,pass,-0.0023,8.0
constrained_ols_av,pass,-0.4548,3.0
constrained_ols_av,pass,-0.9073,0.0
constrained_ols_av,pass,0.4501,0.0
constrained_ols_av,pass,-0.4548,0.0
constrained_ols_av,pass,-0.0023,3.0
constrained_ols_av,pass,-0.9073,6.0
constrained_ols_av,pass,-1.3597,4.0
constrained_ols_av,pass,-0.0023,8.0
constrained_ols_av,pass,-0.0023,7.0
constrained_ols_av,pass,-0.4548,6.0
constrained_ols_av,pass,-0.4548,2.0
constrained_ols_av,pass,-0.0023,0.0
constrained_ols_av,pass,-0.0023,6.0
constrained_ols_av,pass,-0.9073,3.0
constrained_ols_av,pass,-0.4548,0.0
constrained_ols_av,pass,-0.4548,0.0
constrained_ols_av,pass,-0.4548,8.0
constrained_ols_av,pass,-0.4548,6.0
constrained_ols_av,pass,-0.9073,6.0
constrained_ols_av,pass,-0.4548,4.0
constrained_ols_av,pass,-0.4548,0.0
constrained_ols_av,pass,-0.4548,4.0
constrained_ols_av,pass,0.4501,8.0
constrained_ols_av,pass,-0.0023,6.0
constrained_ols_av,pass,-0.9073,7.0
constrained_ols_av,pass,-0.0023,0.0
constrained_ols_av,pass,-0.9073,4.0
constrained_ols_av,pass,-0.9073,0.0
constrained_ols_av,pass,-0.4548,3.0
constrained_ols_av,pass,-0.0023,0.0
constrained_ols_av,pass,-0.4548,3.0
constrained_ols_av,pass,-0.0023,7.0
constrained_ols_av,pass,-0.4548,0.0
constrained_ols_av,pass,-0.9073,0.0
constrained_ols_av,pass,-0.0023,4.0
constrained_ols_av,pass,-1.3597,4.0
constrained_ols_av,pass,-0.0023,4.0
constrained_ols_av,pass,-0.4548,7.0
constrained_ols_av,pass,-0.4548,2.0
constrained_ols_av,pass,-0.9073,1.0
constrained_ols_av,pass,-1.3597,1.0
constrained_ols_av,pass,-0.4548,5.0
constrained_ols_av,pass,0.4501,2.0
constrained_ols_av,pass,0.9026,0.0
constrained_ols_av,pass,-0.9073,0.0
constrained_ols_av,pass,-1.3597,6.0
constrained_ols_av,pass,-1.3597,2.0
constrained_ols_av,pass,-1.3597,8.0
constrained_ols_av,pass,-0.4548,4.0
constrained_ols_av,pass,-0.0023,4.0
constrained_ols_av,pass,-0.0023,4.0
constrained_ols_av,pass,-0.9073,2.0
constrained_ols_av,pass,0.4501,0.0
full_ols_av,pass,-1.3319,7.0
full_ols_av,pass,-1.182,0.0
full_ols_av,pass,-0.6253,5.0
full_ols_av,pass,-1.8323,1.0
full_ols_av,pass,-0.443,4.0
full_ols_av,pass,-1.4276,4.0
full_ols_av,pass,-2.6785,3.0
full_ols_av,pass,-0.5341,0.0
full_ols_av,pass,-0.0016,0.0
full_ols_av,pass,1.0721,0.0
full_ols_av,pass,0.4103,0.0
full_ols_av,pass,-0.2804,0.0
full_ols_av,pass,2.638,8.0
full_ols_av,pass,-1.923,2.0
full_ols_av,pass,0.6443,0.0
full_ols_av,pass,1.0263,7.0
full_ols_av,pass,1.5742,6.0
full_ols_av,pass,0.6836,0.0
full_ols_av,pass,-1.6193,5.0
full_ols_av,pass,-2.8032,1.0
full_ols_av,pass,0.0852,0.0
full_ols_av,pass,-0.9991,6.0
full_ols_av,pass,0.3924,4.0
full_ols_av,pass,0.6933,0.0
full_ols_av,pass,-0.8704,2.0
full_ols_av,pass,0.3157,0.0
full_ols_av,pass,-1.4057,2.0
full_ols_av,pass,-2.4495,2.0
full_ols_av,pass,-2.1285,3.0
full_ols_av,pass,0.8266,0.0
full_ols_av,pass,-1.743,1.0
full_ols_av,pass,1.9806,3.0
full_ols_av,pass,-1.3161,4.0
full_ols_av,pass,-0.493,5.0
full_ols_av,pass,-0.3529,0.0
full_ols_av,pass,-1.0626,0.0
full_ols_av,pass,-1.6359,5.0
full_ols_av,pass,2.0555,9.0
full_ols_av,pass,1.2336,7.0
full_ols_av,pass,-0.1447,0.0
full_ols_av,pass,-0.6808,9.0
full_ols_av,pass,0.2575,0.0
full_ols_av,pass,-1.2593,5.0
full_ols_av,pass,0.0233,6.0
full_ols_av,pass,-0.9084,2.0
full_ols_av,pass,0.2216,0.0
full_ols_av,pass,-1.5194,4.0
full_ols_av,pass,0.2643,1.0
full_ols_av,pass,0.926,4.0
full_ols_av,pass,0.6015,0.0
full_ols_av,pass,0.219,3.0
full_ols_av,pass,-1.5799,5.0
full_ols_av,pass,-0.2461,4.0
full_ols_av,pass,-1.9212,4.0
full_ols_av,pass,0.2241,2.0
full_ols_av,pass,-1.6761,5.0
full_ols_av,pass,-0.179,0.0
full_ols_av,pass,0.158,4.0
full_ols_av,pass,1.5191,6.0
full_ols_av,pass,1.2602,1.0
full_ols_av,pass,-1.3466,3.0
full_ols_av,pass,-0.0155,3.0
full_ols_av,pass,-0.4992,1.0
full_ols_av,pass,-2.476,6.0
full_ols_av,pass,-0.1277,3.0
full_ols_av,pass,1.1107,9.0
full_ols_av,pass,-1.935,2.0
full_ols_av,pass,-0.3289,4.0
full_ols_av,pass,-1.6729,4.0
full_ols_av,pass,-1.6264,4.0
full_ols_av,pass,-0.8703,0.0
full_ols_av,pass,0.8113,9.0
full_ols_av,pass,-2.2652,4.0
full_ols_av,pass,-2.5551,3.0
full_ols_av,pass,-4.3124,2.0
full_ols_av,pass,-1.4326,0.0
full_ols_av,pass,1.6044,8.0
full_ols_av,pass,-1.3775,2.0
full_ols_av,pass,-1.1606,0.0
full_ols_av,pass,-0.4447,3.0
full_ols_av,pass,-0.3381,0.0
full_ols_av,pass,0.8208,2.0
full_ols_av,pass,-0.7943,4.0
full_ols_av,pass,-1.9914,5.0
full_ols_av,pass,-1.4422,4.0
full_ols_av,pass,-1.4596,4.0
full_ols_av,pass,-0.6737,4.0
full_ols_av,pass,0.1567,3.0
full_ols_av,pass,0.1038,6.0
full_ols_av,pass,-0.3791,4.0
full_ols_av,pass,0.4083,0.0
full_ols_av,pass,-0.5714,8.0
full_ols_av,pass,-1.1418,4.0
full_ols_av,pass,-2.2658,0.0
full_ols_av,pass,-0.714,0.0
full_ols_av,pass,1.6099,6.0
full_ols_av,pass,-0.9524,0.0
full_ols_av,pass,0.3211,0.0
full_ols_av,pass,1.7938,8.0
full_ols_av,pass,-0.9733,0.0
full_ols_av,pass,-1.2413,3.0
full_ols_av,pass,-1.5242,5.0
full_ols_av,pass,-1.3407,3.0
full_ols_av,pass,0.3426,3.0
full_ols_av,pass,0.2429,3.0
full_ols_av,pass,-0.2145,0.0
full_ols_av,pass,1.4639,7.0
full_ols_av,pass,2.1051,7.0
full_ols_av,pass,-2.2363,1.0
full_ols_av,pass,-2.3822,4.0
full_ols_av,pass,-0.0979,0.0
full_ols_av,pass,-1.4752,5.0
full_ols_av,pass,-2.7157,2.0
full_ols_av,pass,2.9341,5.0
full_ols_av,pass,0.3517,3.0
full_ols_av,pass,-0.6568,3.0
full_ols_av,pass,-2.0912,4.0
full_ols_av,pass,-1.1086,2.0
full_ols_av,pass,0.0496,0.0
full_ols_av,pass,-3.0974,3.0
full_ols_av,pass,1.008,10.0
full_ols_av,pass,-0.4241,0.0
full_ols_av,pass,-0.5707,3.0
full_ols_av,pass,-1.3458,0.0
full_ols_av,pass,-0.3956,3.0
full_ols_av,pass,0.0313,5.0
full_ols_av,pass,-2.4324,1.0
full_ols_av,pass,-0.5869,0.0
full_ols_av,pass,-0.4199,5.0
full_ols_av,pass,-2.8673,5.0
full_ols_av,pass,2.7875,6.0
full_ols_av,pass,0.0067,0.0
full_ols_av,pass,-0.8055,0.0
full_ols_av,pass,-2.0926,1.0
full_ols_av,pass,-0.9071,8.0
full_ols_av,pass,2.3488,6.0
full_ols_av,pass,-0.9382,5.0
full_ols_av,pass,-0.723,3.0
full_ols_av,pass,-1.037,2.0
full_ols_av,pass,-0.255,6.0
full_ols_av,pass,0.537,0.0
full_ols_av,pass,0.0446,0.0
full_ols_av,pass,-1.4109,5.0
full_ols_av,pass,0.4666,0.0
full_ols_av,pass,0.3914,8.0
full_ols_av,pass,-0.4371,0.0
full_ols_av,pass,1.0561,6.0
full_ols_av,pass,0.7962,3.0
full_ols_av,pass,-0.1206,0.0
full_ols_av,pass,2.3009,8.0
full_ols_av,pass,-1.4365,2.0
full_ols_av,pass,0.4265,3.0
full_ols_av,pass,-0.2143,0.0
full_ols_av,pass,-1.4663,2.0
full_ols_av,pass,-0.0434,0.0
full_ols_av,pass,-1.7715,3.0
full_ols_av,pass,0.8085,1.0
full_ols_av,pass,-1.25,6.0
full_ols_av,pass,0.0303,5.0
full_ols_av,pass,-0.8845,1.0
full_ols_av,pass,-2.2789,3.0
full_ols_av,pass,0.0302,0.0
full_ols_av,pass,-3.8308,2.0
full_ols_av,pass,-1.2979,4.0
full_ols_av,pass,-0.2954,4.0
full_ols_av,pass,-0.5215,0.0
full_ols_av,pass,0.4551,0.0
full_ols_av,pass,-0.4866,2.0
full_ols_av,pass,-1.557,3.0
full_ols_av,pass,-0.145,7.0
full_ols_av,pass,-1.2058,4.0
full_ols_av,pass,-0.3426,0.0
full_ols_av,pass,-0.9024,0.0
full_ols_av,pass,-0.3995,0.0
full_ols_av,pass,-1.0029,3.0
full_ols_av,pass,-3.4456,1.0
full_ols_av,pass,-1.0411,0.0
full_ols_av,pass,-2.1738,3.0
full_ols_av,pass,0.4125,4.0
full_ols_av,pass,1.3065,3.0
full_ols_av,pass,-1.5815,2.0
full_ols_av,pass,-2.5034,3.0
full_ols_av,pass,-0.0108,2.0
full_ols_av,pass,1.2844,5.0
full_ols_av,pass,-2.2538,3.0
full_ols_av,pass,-1.811,6.0
full_ols_av,pass,-2.2084,5.0
full_ols_av,pass,1.464,0.0
full_ols_av,pass,-1.7258,5.0
full_ols_av,pass,0.6044,5.0
full_ols_av,pass,0.1852,0.0
full_ols_av,pass,-1.4705,3.0
full_ols_av,pass,-3.281,2.0
full_ols_av,pass,1.0433,7.0
full_ols_av,pass,-1.5157,7.0
full_ols_av,pass,-1.285,4.0
full_ols_av,pass,0.3487,0.0
full_ols_av,pass,-0.2059,6.0
full_ols_av,pass,-0.5624,0.0
full_ols_av,pass,0.0046,3.0
full_ols_av,pass,-1.9053,4.0
full_ols_av,pass,-1.8026,2.0
full_ols_av,pass,-1.8697,4.0
full_ols_av,pass,-2.4714,5.0
full_ols_av,pass,2.4115,8.0
full_ols_av,pass,-0.5701,8.0
full_ols_av,pass,-0.2762,2.0
full_ols_av,pass,0.2159,3.0
full_ols_av,pass,0.0817,3.0
full_ols_av,pass,0.068,3.0
full_ols_av,pass,-0.2694,0.0
full_ols_av,pass,-1.4389,6.0
full_ols_av,pass,-0.4863,2.0
full_ols_av,pass,0.0808,3.0
full_ols_av,pass,-1.427,2.0
full_ols_av,pass,-2.4119,3.0
full_ols_av,pass,2.8021,9.0
full_ols_av,pass,0.0818,3.0
full_ols_av,pass,-2.2122,3.0
full_ols_av,pass,-3.435,4.0
full_ols_av,pass,-1.4951,2.0
full_ols_av,pass,1.6408,4.0
full_ols_av,pass,-2.3098,1.0
full_ols_av,pass,-0.2035,0.0
full_ols_av,pass,-0.3791,3.0
full_ols_av,pass,-0.5999,0.0
full_ols_av,pass,-1.2951,2.0
full_ols_av,pass,-0.4586,7.0
full_ols_av,pass,0.3971,0.0
full_ols_av,pass,-2.9118,4.0
full_ols_av,pass,0.497,3.0
full_ols_av,pass,2.374,8.0
full_ols_av,pass,0.7269,4.0
full_ols_av,pass,-1.8252,4.0
full_ols_av,pass,-0.1231,5.0
full_ols_av,pass,-2.261,6.0
full_ols_av,pass,-0.3929,5.0
full_ols_av,pass,-1.6932,3.0
full_ols_av,pass,0.8832,0.0
full_ols_av,pass,-1.5101,5.0
full_ols_av,pass,-0.3913,0.0
full_ols_av,pass,0.6751,0.0
full_ols_av,pass,-1.8225,5.0
full_ols_av,pass,-0.3474,7.0
full_ols_av,pass,0.3067,5.0
full_ols_av,pass,-0.8403,5.0
full_ols_av,pass,-2.6347,3.0
full_ols_av,pass,-1.3117,0.0
full_ols_av,pass,-0.4792,4.0
full_ols_av,pass,-0.5853,1.0
full_ols_av,pass,0.0777,0.0
full_ols_av,pass,-0.3395,0.0
full_ols_av,pass,-1.9442,0.0
full_ols_av,pass,1.0295,5.0
full_ols_av,pass,-2.0704,5.0
full_ols_av,pass,-0.0787,3.0
full_ols_av,pass,1.6635,6.0
full_ols_av,pass,-1.2253,4.0
full_ols_av,pass,-0.8132,0.0
full_ols_av,pass,-2.1059,4.0
full_ols_av,pass,0.6496,7.0
full_ols_av,pass,0.6475,0.0
full_ols_av,pass,-1.4004,4.0
full_ols_av,pass,-0.0081,0.0
full_ols_av,pass,-1.8733,5.0
full_ols_av,pass,1.8505,0.0
full_ols_av,pass,-0.1847,5.0
full_ols_av,pass,-1.8947,1.0
full_ols_av,pass,0.5157,6.0
full_ols_av,pass,0.1819,6.0
full_ols_av,pass,-2.1396,3.0
full_ols_av,pass,0.1729,0.0
full_ols_av,pass,-0.934,0.0
full_ols_av,pass,-2.5498,4.0
full_ols_av,pass,0.5304,4.0
full_ols_av,pass,1.4566,0.0
full_ols_av,pass,-0.0392,4.0
full_ols_av,pass,1.0356,7.0
full_ols_av,pass,-1.4704,7.0
full_ols_av,pass,-1.5764,2.0
full_ols_av,pass,-1.3084,3.0
full_ols_av,pass,-2.397,4.0
full_ols_av,pass,-2.7885,4.0
full_ols_av,pass,-0.3194,7.0
full_ols_av,pass,-0.3495,6.0
full_ols_av,pass,-0.0568,5.0
full_ols_av,pass,-2.0448,3.0
full_ols_av,pass,-0.21,1.0
full_ols_av,pass,-0.2741,3.0
full_ols_av,pass,0.7811,0.0
full_ols_av,pass,-1.3512,3.0
full_ols_av,pass,-2.1786,4.0
full_ols_av,pass,1.609,3.0
full_ols_av,pass,0.3566,0.0
full_ols_av,pass,-0.5903,0.0
full_ols_av,pass,-0.6134,2.0
full_ols_av,pass,-0.3078,7.0
full_ols_av,pass,-0.3841,0.0
full_ols_av,pass,-2.1236,2.0
full_ols_av,pass,2.2657,6.0
full_ols_av,pass,-0.9621,0.0
full_ols_av,pass,-0.25,0.0
full_ols_av,pass,-0.6704,4.0
full_ols_av,pass,-0.9155,6.0
full_ols_av,pass,-0.0098,3.0
full_ols_av,pass,-1.1867,3.0
full_ols_av,pass,0.6284,5.0
full_ols_av,pass,-1.2322,5.0
full_ols_av,pass,-1.2741,4.0
full_ols_av,pass,1.3502,4.0
full_ols_av,pass,0.2267,4.0
full_ols_av,pass,-0.8925,0.0
full_ols_av,pass,-2.4833,0.0
full_ols_av,pass,-2.3478,1.0
full_ols_av,pass,-1.854,4.0
full_ols_av,pass,-0.9087,0.0
full_ols_av,pass,0.9683,6.0
full_ols_av,pass,-0.6104,8.0
full_ols_av,pass,-2.0614,1.0
full_ols_av,pass,0.9025,10.0
full_ols_av,pass,-0.5902,3.0
full_ols_av,pass,0.3361,0.0
full_ols_av,pass,0.2076,6.0
full_ols_av,pass,-1.7068,1.0
full_ols_av,pass,-2.5986,4.0
full_ols_av,pass,-1.5514,0.0
full_ols_av,pass,-1.2784,6.0
full_ols_av,pass,-2.1635,2.0
full_ols_av,pass,-1.5911,6.0
full_ols_av,pass,1.9221,9.0
full_ols_av,pass,-0.3004,2.0
full_ols_av,pass,-1.6859,5.0
full_ols_av,pass,-0.8831,5.0
full_ols_av,pass,-2.2397,5.0
full_ols_av,pass,-1.0333,5.0
full_ols_av,pass,1.9144,6.0
full_ols_av,pass,-0.5153,4.0
full_ols_av,pass,0.9794,6.0
full_ols_av,pass,0.0333,0.0
full_ols_av,pass,-1.5119,3.0
full_ols_av,pass,-0.6896,0.0
full_ols_av,pass,-0.3896,5.0
full_ols_av,pass,1.4897,8.0
full_ols_av,pass,-0.0466,3.0
full_ols_av,pass,-0.6566,0.0
full_ols_av,pass,-1.1676,3.0
full_ols_av,pass,0.9067,0.0
full_ols_av,pass,-0.31,0.0
full_ols_av,pass,-1.3181,4.0
full_ols_av,pass,-0.6571,5.0
full_ols_av,pass,-0.3446,0.0
full_ols_av,pass,-1.911,4.0
full_ols_av,pass,-0.9362,0.0
full_ols_av,pass,-1.6682,4.0
full_ols_av,pass,0.0101,5.0
full_ols_av,pass,-1.8344,2.0
full_ols_av,pass,0.4147,0.0
full_ols_av,pass,-2.2576,4.0
full_ols_av,pass,0.0184,3.0
full_ols_av,pass,0.0718,0.0
full_ols_av,pass,-0.6109,8.0
full_ols_av,pass,-2.3539,5.0
full_ols_av,pass,0.1692,0.0
full_ols_av,pass,-1.2981,6.0
full_ols_av,pass,0.0765,0.0
full_ols_av,pass,0.4034,3.0
full_ols_av,pass,-0.6076,8.0
full_ols_av,pass,-0.1492,2.0
full_ols_av,pass,-2.5544,2.0
full_ols_av,pass,0.007,6.0
full_ols_av,pass,-0.2832,3.0
full_ols_av,pass,-0.1798,3.0
full_ols_av,pass,1.2052,7.0
full_ols_av,pass,-0.7919,4.0
full_ols_av,pass,1.1423,0.0
full_ols_av,pass,-1.4319,0.0
full_ols_av,pass,-0.5788,7.0
full_ols_av,pass,-0.3644,2.0
full_ols_av,pass,-0.5498,4.0
full_ols_av,pass,0.7458,0.0
full_ols_av,pass,0.2872,4.0
full_ols_av,pass,-1.9934,4.0
full_ols_av,pass,-1.6202,3.0
full_ols_av,pass,-1.8914,4.0
full_ols_av,pass,2.3157,8.0
full_ols_av,pass,0.8479,5.0
full_ols_av,pass,-2.9193,4.0
full_ols_av,pass,-1.4146,2.0
full_ols_av,pass,1.0539,7.0
full_ols_av,pass,-1.0783,1.0
full_ols_av,pass,-0.9715,5.0
full_ols_av,pass,0.8932,0.0
full_ols_av,pass,-0.5845,5.0
full_ols_av,pass,-2.2961,4.0
full_ols_av,pass,-1.3383,3.0
full_ols_av,pass,-2.4656,5.0
full_ols_av,pass,0.1753,4.0
full_ols_av,pass,-0.9887,6.0
full_ols_av,pass,0.0221,0.0
full_ols_av,pass,0.7718,0.0
full_ols_av,pass,-1.1852,2.0
full_ols_av,pass,-1.5672,2.0
full_ols_av,pass,-2.5458,4.0
full_ols_av,pass,-1.5771,3.0
full_ols_av,pass,-0.3074,5.0
full_ols_av,pass,-0.19,4.0
full_ols_av,pass,0.032,0.0
full_ols_av,pass,1.4562,0.0
full_ols_av,pass,-0.0996,6.0
full_ols_av,pass,1.611,3.0
full_ols_av,pass,-1.9992,3.0
full_ols_av,pass,-2.067,1.0
full_ols_av,pass,0.2243,6.0
full_ols_av,pass,-0.6908,10.0
full_ols_av,pass,-0.2322,7.0
full_ols_av,pass,-0.0364,7.0
full_ols_av,pass,0.3509,0.0
full_ols_av,pass,1.7284,10.0
full_ols_av,pass,-0.9615,0.0
full_ols_av,pass,-1.8068,3.0
full_ols_av,pass,-0.0868,0.0
full_ols_av,pass,-0.0595,0.0
full_ols_av,pass,0.2443,0.0
full_ols_av,pass,2.0998,5.0
full_ols_av,pass,-0.1354,0.0
full_ols_av,pass,0.4282,4.0
full_ols_av,pass,-0.6955,1.0
full_ols_av,pass,-0.3788,0.0
full_ols_av,pass,1.7142,6.0
full_ols_av,pass,-0.7338,0.0
full_ols_av,pass,-1.5776,8.0
full_ols_av,pass,-0.1365,2.0
full_ols_av,pass,-0.7217,2.0
full_ols_av,pass,-0.298,4.0
full_ols_av,pass,-0.8502,0.0
full_ols_av,pass,-0.3539,3.0
full_ols_av,pass,0.1235,0.0
full_ols_av,pass,-0.735,3.0
full_ols_av,pass,-0.0772,7.0
full_ols_av,pass,-0.0051,6.0
full_ols_av,pass,-0.1112,0.0
full_ols_av,pass,1.3545,6.0
full_ols_av,pass,1.3144,7.0
full_ols_av,pass,-0.7795,7.0
full_ols_av,pass,-0.7486,0.0
full_ols_av,pass,-1.6822,0.0
full_ols_av,pass,0.7929,0.0
full_ols_av,pass,-0.6382,2.0
full_ols_av,pass,-0.9298,0.0
full_ols_av,pass,0.2194,0.0
full_ols_av,pass,-0.67,6.0
full_ols_av,pass,0.6105,0.0
full_ols_av,pass,-1.8195,2.0
full_ols_av,pass,-3.2217,3.0
full_ols_av,pass,0.4112,0.0
full_ols_av,pass,1.0045,7.0
full_ols_av,pass,0.788,0.0
full_ols_av,pass,-1.036,0.0
full_ols_av,pass,0.3072,7.0
full_ols_av,pass,-1.8953,4.0
full_ols_av,pass,-0.813,0.0
full_ols_av,pass,-2.3913,5.0
full_ols_av,pass,-0.9415,1.0
full_ols_av,pass,0.2853,0.0
full_ols_av,pass,0.0166,0.0
full_ols_av,pass,-1.0214,0.0
full_ols_av,pass,-0.4131,3.0
full_ols_av,pass,-2.2969,3.0
full_ols_av,pass,-1.7246,4.0
full_ols_av,pass,-0.8202,4.0
full_ols_av,pass,-1.3536,3.0
full_ols_av,pass,1.2833,7.0
full_ols_av,pass,1.1057,9.0
full_ols_av,pass,-2.6177,4.0
full_ols_av,pass,-0.4377,6.0
full_ols_av,pass,0.3899,2.0
full_ols_av,pass,1.8722,9.0
full_ols_av,pass,0.0417,7.0
full_ols_av,pass,1.2004,4.0
full_ols_av,pass,-0.9326,4.0
full_ols_av,pass,-0.9853,0.0
full_ols_av,pass,-2.3092,3.0
full_ols_av,pass,-1.3674,4.0
full_ols_av,pass,-0.723,8.0
full_ols_av,pass,0.529,0.0
full_ols_av,pass,-2.2961,4.0
full_ols_av,pass,-1.5386,3.0
full_ols_av,pass,0.7424,0.0
full_ols_av,pass,-2.0766,0.0
full_ols_av,pass,-0.6159,0.0
full_ols_av,pass,1.4505,5.0
full_ols_av,pass,0.0054,3.0
full_ols_av,pass,-1.1122,3.0
full_ols_av,pass,2.1866,8.0
full_ols_av,pass,-1.6973,2.0
full_ols_av,pass,-0.593,4.0
full_ols_av,pass,-1.0595,0.0
full_ols_av,pass,-2.4722,4.0
full_ols_av,pass,-1.2114,3.0
full_ols_av,pass,0.0283,6.0
full_ols_av,pass,-0.485,0.0
full_ols_av,pass,-0.5741,3.0
full_ols_av,pass,-2.1032,3.0
full_ols_av,pass,0.041,0.0
full_ols_av,pass,0.0766,5.0
full_ols_av,pass,-1.3018,6.0
full_ols_av,pass,-2.6593,2.0
full_ols_av,pass,0.5203,7.0
full_ols_av,pass,-2.3369,1.0
full_ols_av,pass,2.3072,6.0
full_ols_av,pass,-0.2048,0.0
full_ols_av,pass,-2.8008,4.0
full_ols_av,pass,-1.9939,2.0
full_ols_av,pass,0.6169,0.0
full_ols_av,pass,-1.649,3.0
full_ols_av,pass,-0.0504,3.0
full_ols_av,pass,-0.003,7.0
full_ols_av,pass,-0.8554,1.0
full_ols_av,pass,-0.9909,3.0
full_ols_av,pass,0.7284,5.0
full_ols_av,pass,0.0713,2.0
full_ols_av,pass,-2.2781,7.0
full_ols_av,pass,0.0592,0.0
full_ols_av,pass,-1.7363,5.0
full_ols_av,pass,-2.4287,2.0
full_ols_av,pass,-0.2034,2.0
full_ols_av,pass,0.0126,4.0
full_ols_av,pass,-0.1893,0.0
full_ols_av,pass,1.3914,6.0
full_ols_av,pass,-0.4596,0.0
full_ols_av,pass,-2.146,6.0
full_ols_av,pass,1.0221,0.0
full_ols_av,pass,-0.0051,3.0
full_ols_av,pass,-1.2078,3.0
full_ols_av,pass,0.5153,0.0
full_ols_av,pass,-0.2428,0.0
full_ols_av,pass,0.9022,8.0
full_ols_av,pass,-0.6699,0.0
full_ols_av,pass,-0.2881,5.0
full_ols_av,pass,-0.0602,3.0
full_ols_av,pass,-0.0354,6.0
full_ols_av,pass,-1.8668,4.0
full_ols_av,pass,-0.1485,0.0
full_ols_av,pass,1.2024,7.0
full_ols_av,pass,-1.4491,3.0
full_ols_av,pass,0.5996,0.0
full_ols_av,pass,-2.9872,3.0
full_ols_av,pass,-0.4258,2.0
full_ols_av,pass,-1.655,2.0
full_ols_av,pass,0.0077,0.0
full_ols_av,pass,-0.4158,3.0
full_ols_av,pass,-0.5997,0.0
full_ols_av,pass,1.2454,9.0
full_ols_av,pass,-1.8084,3.0
full_ols_av,pass,-0.1278,0.0
full_ols_av,pass,-0.3398,0.0
full_ols_av,pass,-0.0954,3.0
full_ols_av,pass,-2.3578,2.0
full_ols_av,pass,1.7129,8.0
full_ols_av,pass,-0.1441,0.0
full_ols_av,pass,2.3867,5.0
full_ols_av,pass,-1.6988,4.0
full_ols_av,pass,2.7666,5.0
full_ols_av,pass,0.0264,6.0
full_ols_av,pass,-1.0956,2.0
full_ols_av,pass,0.4742,0.0
full_ols_av,pass,-0.7695,2.0
full_ols_av,pass,-0.6238,0.0
full_ols_av,pass,-1.5675,4.0
full_ols_av,pass,0.6805,6.0
full_ols_av,pass,1.2019,7.0
full_ols_av,pass,-0.8994,6.0
full_ols_av,pass,-1.1753,0.0
full_ols_av,pass,-0.0166,4.0
full_ols_av,pass,0.1641,6.0
full_ols_av,pass,-0.7478,0.0
full_ols_av,pass,-1.8672,0.0
full_ols_av,pass,2.1202,9.0
full_ols_av,pass,-0.2097,4.0
full_ols_av,pass,-2.7167,5.0
full_ols_av,pass,-0.2065,0.0
full_ols_av,pass,0.1491,0.0
full_ols_av,pass,0.9175,0.0
full_ols_av,pass,-2.7284,3.0
full_ols_av,pass,0.6735,4.0
full_ols_av,pass,-0.8196,4.0
full_ols_av,pass,1.2292,0.0
full_ols_av,pass,-0.0993,0.0
full_ols_av,pass,-2.3048,6.0
full_ols_av,pass,1.2461,9.0
full_ols_av,pass,-1.8937,3.0
full_ols_av,pass,0.8613,4.0
full_ols_av,pass,-2.2199,3.0
full_ols_av,pass,1.7729,3.0
full_ols_av,pass,-0.7727,0.0
full_ols_av,pass,0.1502,3.0
full_ols_av,pass,3.4317,10.0
full_ols_av,pass,-0.1614,5.0
full_ols_av,pass,2.7012,7.0
full_ols_av,pass,-0.864,0.0
full_ols_av,pass,-0.1034,3.0
full_ols_av,pass,-1.5825,0.0
full_ols_av,pass,-0.3537,0.0
full_ols_av,pass,-0.0654,0.0
full_ols_av,pass,-0.8991,3.0
full_ols_av,pass,1.0485,6.0
full_ols_av,pass,-0.9738,5.0
full_ols_av,pass,-0.5357,5.0
full_ols_av,pass,-0.9948,0.0
full_ols_av,pass,-0.8241,0.0
full_ols_av,pass,-2.0826,3.0
full_ols_av,pass,-0.537,0.0
full_ols_av,pass,-0.7076,8.0
full_ols_av,pass,-0.996,3.0
full_ols_av,pass,-0.1182,5.0
full_ols_av,pass,-2.2899,5.0
full_ols_av,pass,1.9376,5.0
full_ols_av,pass,1.7489,8.0
full_ols_av,pass,0.429,9.0
full_ols_av,pass,-0.6227,2.0
full_ols_av,pass,-2.3812,1.0
full_ols_av,pass,2.4172,4.0
full_ols_av,pass,-0.7975,2.0
full_ols_av,pass,-1.6235,0.0
full_ols_av,pass,0.0091,0.0
full_ols_av,pass,2.395,6.0
full_ols_av,pass,-0.0586,7.0
full_ols_av,pass,0.5874,0.0
full_ols_av,pass,1.7267,5.0
full_ols_av,pass,0.6046,2.0
full_ols_av,pass,-0.9484,4.0
full_ols_av,pass,-0.4042,0.0
full_ols_av,pass,0.6311,10.0
full_ols_av,pass,-0.9822,5.0
full_ols_av,pass,0.4575,1.0
full_ols_av,pass,0.0113,3.0
full_ols_av,pass,0.1453,0.0
full_ols_av,pass,-0.2285,3.0
full_ols_av,pass,2.2478,6.0
full_ols_av,pass,-0.7328,0.0
full_ols_av,pass,-1.3294,0.0
full_ols_av,pass,0.013,4.0
full_ols_av,pass,0.1739,0.0
full_ols_av,pass,-1.6689,3.0
full_ols_av,pass,-2.9915,2.0
full_ols_av,pass,-2.7768,0.0
full_ols_av,pass,-2.8746,3.0
full_ols_av,pass,0.2721,0.0
full_ols_av,pass,-0.0384,2.0
full_ols_av,pass,-0.41,3.0
full_ols_av,pass,-0.7643,0.0
full_ols_av,pass,-3.2655,2.0
full_ols_av,pass,-2.5275,3.0
full_ols_av,pass,-0.326,4.0
full_ols_av,pass,-1.259,3.0
full_ols_av,pass,-0.8019,5.0
full_ols_av,pass,-0.915,0.0
full_ols_av,pass,-1.4987,2.0
full_ols_av,pass,-0.1265,0.0
full_ols_av,pass,-1.3829,1.0
full_ols_av,pass,-1.3821,3.0
full_ols_av,pass,0.5257,8.0
full_ols_av,pass,-0.6938,6.0
full_ols_av,pass,0.202,0.0
full_ols_av,pass,-1.2162,2.0
full_ols_av,pass,1.3323,7.0
full_ols_av,pass,-1.0171,5.0
full_ols_av,pass,-1.0883,8.0
full_ols_av,pass,-2.8372,3.0
full_ols_av,pass,0.3107,2.0
full_ols_av,pass,-0.3037,7.0
full_ols_av,pass,-0.39,4.0
full_ols_av,pass,1.8383,6.0
full_ols_av,pass,0.4484,9.0
full_ols_av,pass,-1.8582,4.0
full_ols_av,pass,-1.8716,3.0
full_ols_av,pass,-0.1523,5.0
full_ols_av,pass,-0.4674,0.0
full_ols_av,pass,-2.3595,4.0
full_ols_av,pass,0.7529,0.0
full_ols_av,pass,0.684,0.0
full_ols_av,pass,-0.5127,2.0
full_ols_av,pass,-3.3733,2.0
full_ols_av,pass,0.1629,0.0
full_ols_av,pass,-0.3624,0.0
full_ols_av,pass,0.7883,0.0
full_ols_av,pass,0.0767,4.0
full_ols_av,pass,-0.7875,0.0
full_ols_av,pass,-0.3806,7.0
full_ols_av,pass,0.7389,7.0
full_ols_av,pass,-0.7318,0.0
full_ols_av,pass,-0.6188,0.0
full_ols_av,pass,-0.9888,5.0
full_ols_av,pass,0.0382,3.0
full_ols_av,pass,-0.0762,0.0
full_ols_av,pass,-0.7566,7.0
full_ols_av,pass,0.2893,2.0
full_ols_av,pass,-1.1768,3.0
full_ols_av,pass,-0.2211,5.0
full_ols_av,pass,-0.0643,0.0
full_ols_av,pass,-0.0332,9.0
full_ols_av,pass,-0.1457,2.0
full_ols_av,pass,-1.7084,3.0
full_ols_av,pass,0.3454,0.0
full_ols_av,pass,1.8189,7.0
full_ols_av,pass,0.9164,8.0
full_ols_av,pass,-0.7965,0.0
full_ols_av,pass,-0.295,0.0
full_ols_av,pass,0.9387,0.0
full_ols_av,pass,-0.555,2.0
full_ols_av,pass,-0.9153,4.0
full_ols_av,pass,-2.4596,2.0
full_ols_av,pass,-0.9237,0.0
full_ols_av,pass,-0.8811,5.0
full_ols_av,pass,1.7126,7.0
full_ols_av,pass,-1.439,4.0
full_ols_av,pass,-0.5902,10.0
full_ols_av,pass,-1.7599,1.0
full_ols_av,pass,-1.6805,2.0
full_ols_av,pass,2.4883,7.0
full_ols_av,pass,1.0394,7.0
full_ols_av,pass,-0.8429,0.0
full_ols_av,pass,-0.0147,4.0
full_ols_av,pass,-0.1935,7.0
full_ols_av,pass,0.1152,0.0
full_ols_av,pass,-0.6599,0.0
full_ols_av,pass,-0.9819,5.0
full_ols_av,pass,-0.8378,1.0
full_ols_av,pass,-0.2721,2.0
full_ols_av,pass,0.2458,7.0
full_ols_av,pass,0.6121,0.0
full_ols_av,pass,-1.0483,4.0
full_ols_av,pass,0.8166,4.0
full_ols_av,pass,-0.7196,0.0
full_ols_av,pass,0.2849,0.0
full_ols_av,pass,0.2197,4.0
full_ols_av,pass,-0.167,0.0
full_ols_av,pass,-0.6823,5.0
full_ols_av,pass,-0.7961,0.0
full_ols_av,pass,-0.804,2.0
full_ols_av,pass,-1.3388,0.0
full_ols_av,pass,-0.7513,3.0
full_ols_av,pass,0.0972,0.0
full_ols_av,pass,0.5592,2.0
full_ols_av,pass,0.4005,4.0
full_ols_av,pass,-1.7323,4.0
full_ols_av,pass,-2.6311,2.0
full_ols_av,pass,-2.9181,4.0
full_ols_av,pass,-0.1244,0.0
full_ols_av,pass,0.9413,5.0
full_ols_av,pass,-1.4144,5.0
full_ols_av,pass,-0.1009,5.0
full_ols_av,pass,-2.7912,2.0
full_ols_av,pass,0.6823,1.0
full_ols_av,pass,-0.9033,0.0
full_ols_av,pass,0.865,5.0
full_ols_av,pass,-0.6719,0.0
full_ols_av,pass,-1.1907,3.0
full_ols_av,pass,1.4568,8.0
full_ols_av,pass,-1.3317,3.0
full_ols_av,pass,-2.1855,4.0
full_ols_av,pass,-1.0043,4.0
full_ols_av,pass,-1.7574,3.0
full_ols_av,pass,0.8268,7.0
full_ols_av,pass,-1.7731,4.0
full_ols_av,pass,1.9087,5.0
full_ols_av,pass,1.9869,4.0
full_ols_av,pass,-1.4736,3.0
full_ols_av,pass,0.5324,0.0
full_ols_av,pass,0.2629,3.0
full_ols_av,pass,-0.9157,6.0
full_ols_av,pass,-0.6476,1.0
full_ols_av,pass,-0.423,3.0
full_ols_av,pass,0.1554,5.0
full_ols_av,pass,-0.7842,0.0
full_ols_av,pass,-0.5224,0.0
full_ols_av,pass,-2.5436,3.0
full_ols_av,pass,-0.04,0.0
full_ols_av,pass,-1.1439,2.0
full_ols_av,pass,1.537,9.0
full_ols_av,pass,-0.1294,0.0
full_ols_av,pass,2.6422,8.0
full_ols_av,pass,-0.4438,0.0
full_ols_av,pass,-2.1121,2.0
full_ols_av,pass,-0.3524,0.0
full_ols_av,pass,0.1585,0.0
full_ols_av,pass,-1.0031,6.0
full_ols_av,pass,-1.234,0.0
full_ols_av,pass,-1.2129,0.0
full_ols_av,pass,-0.5775,4.0
full_ols_av,pass,-0.0961,0.0
full_ols_av,pass,-0.6011,0.0
full_ols_av,pass,-0.7246,6.0
full_ols_av,pass,-0.8754,8.0
full_ols_av,pass,0.4889,0.0
full_ols_av,pass,-1.5111,5.0
full_ols_av,pass,-0.4193,0.0
full_ols_av,pass,2.1008,4.0
full_ols_av,pass,-1.1293,0.0
full_ols_av,pass,2.3387,6.0
full_ols_av,pass,-0.9107,4.0
full_ols_av,pass,0.8128,0.0
full_ols_av,pass,-0.7491,9.0
full_ols_av,pass,-1.6201,4.0
full_ols_av,pass,-1.5656,4.0
full_ols_av,pass,-1.0539,0.0
full_ols_av,pass,0.2079,6.0
full_ols_av,pass,1.1312,0.0
full_ols_av,pass,1.9307,6.0
full_ols_av,pass,-1.3478,6.0
full_ols_av,pass,0.0848,3.0
full_ols_av,pass,-0.5748,0.0
full_ols_av,pass,1.9001,2.0
full_ols_av,pass,-1.7181,3.0
full_ols_av,pass,0.2107,6.0
full_ols_av,pass,0.4769,6.0
full_ols_av,pass,-2.2337,2.0
full_ols_av,pass,-0.1938,4.0
full_ols_av,pass,-1.1917,4.0
full_ols_av,pass,-0.5793,8.0
full_ols_av,pass,-1.2836,1.0
full_ols_av,pass,-1.8092,2.0
full_ols_av,pass,-1.738,2.0
full_ols_av,pass,-1.0231,0.0
full_ols_av,pass,-1.799,4.0
full_ols_av,pass,-1.7125,4.0
full_ols_av,pass,-0.9511,1.0
full_ols_av,pass,1.9432,7.0
full_ols_av,pass,-0.6827,5.0
full_ols_av,pass,-1.0586,5.0
full_ols_av,pass,-0.3591,4.0
full_ols_av,pass,-1.1402,4.0
full_ols_av,pass,-0.25,5.0
full_ols_av,pass,1.2429,6.0
full_ols_av,pass,-0.2744,8.0
full_ols_av,pass,0.5052,6.0
full_ols_av,pass,-0.6022,0.0
full_ols_av,pass,-0.8078,2.0
full_ols_av,pass,-1.4157,6.0
full_ols_av,pass,-0.5775,0.0
full_ols_av,pass,0.2837,0.0
full_ols_av,pass,-0.3977,4.0
full_ols_av,pass,-1.6176,3.0
full_ols_av,pass,1.1158,7.0
full_ols_av,pass,-0.6451,3.0
full_ols_av,pass,-0.5503,0.0
full_ols_av,pass,-1.6999,7.0
full_ols_av,pass,-1.0541,5.0
full_ols_av,pass,-1.8193,1.0
full_ols_av,pass,0.4158,0.0
full_ols_av,pass,-0.0228,7.0
full_ols_av,pass,-0.5002,0.0
full_ols_av,pass,-1.7242,3.0
full_ols_av,pass,-0.5245,5.0
full_ols_av,pass,-1.0795,4.0
full_ols_av,pass,-0.7166,0.0
full_ols_av,pass,-0.3402,0.0
full_ols_av,pass,-2.0383,4.0
full_ols_av,pass,-0.6089,0.0
full_ols_av,pass,-0.3835,0.0
full_ols_av,pass,-0.0591,6.0
full_ols_av,pass,-0.8373,2.0
full_ols_av,pass,0.5298,5.0
full_ols_av,pass,0.987,0.0
full_ols_av,pass,-1.6101,4.0
full_ols_av,pass,-0.0833,4.0
full_ols_av,pass,-0.6997,0.0
full_ols_av,pass,-2.8431,1.0
full_ols_av,pass,-1.1263,0.0
full_ols_av,pass,-2.8103,3.0
full_ols_av,pass,0.5263,4.0
full_ols_av,pass,-1.2646,7.0
full_ols_av,pass,0.0413,4.0
full_ols_av,pass,-1.2315,4.0
full_ols_av,pass,2.5041,9.0
full_ols_av,pass,-1.1491,6.0
full_ols_av,pass,-0.1657,5.0
full_ols_av,pass,-0.2696,3.0
full_ols_av,pass,-0.7192,9.0
full_ols_av,pass,-1.0212,2.0
full_ols_av,pass,-0.5093,5.0
full_ols_av,pass,-1.1505,7.0
full_ols_av,pass,-0.0024,0.0
full_ols_av,pass,0.1434,0.0
full_ols_av,pass,-0.9977,5.0
full_ols_av,pass,0.1526,0.0
full_ols_av,pass,-0.192,4.0
full_ols_av,pass,0.8605,8.0
full_ols_av,pass,-2.116,1.0
full_ols_av,pass,0.1228,4.0
full_ols_av,pass,-1.6995,3.0
full_ols_av,pass,0.4647,0.0
full_ols_av,pass,-0.3835,0.0
full_ols_av,pass,-0.5477,7.0
full_ols_av,pass,-1.3288,0.0
full_ols_av,pass,-0.1426,0.0
full_ols_av,pass,-2.2393,4.0
full_ols_av,pass,-0.2623,4.0
full_ols_av,pass,0.7179,8.0
full_ols_av,pass,-0.9594,9.0
full_ols_av,pass,0.8826,6.0
full_ols_av,pass,2.7765,8.0
full_ols_av,pass,-2.0819,4.0
full_ols_av,pass,-1.7196,6.0
full_ols_av,pass,-0.6369,10.0
full_ols_av,pass,0.218,0.0
full_ols_av,pass,-1.089,4.0
full_ols_av,pass,-2.0842,3.0
full_ols_av,pass,0.4383,5.0
full_ols_av,pass,-0.2532,3.0
full_ols_av,pass,-1.5473,3.0
full_ols_av,pass,-1.3959,2.0
full_ols_av,pass,0.3545,7.0
full_ols_av,pass,-0.0007,2.0
full_ols_av,pass,-0.3284,0.0
full_ols_av,pass,-1.0221,3.0
full_ols_av,pass,-0.7555,0.0
full_ols_av,pass,-0.5341,0.0
full_ols_av,pass,-1.8722,4.0
full_ols_av,pass,-0.9562,8.0
full_ols_av,pass,0.5859,0.0
full_ols_av,pass,0.476,3.0
full_ols_av,pass,-1.2056,0.0
full_ols_av,pass,-1.4463,5.0
full_ols_av,pass,-2.1712,4.0
full_ols_av,pass,-1.5025,1.0
full_ols_av,pass,-0.7677,0.0
full_ols_av,pass,-0.2585,2.0
full_ols_av,pass,-1.0218,7.0
full_ols_av,pass,-1.571,4.0
full_ols_av,pass,-0.2739,0.0
full_ols_av,pass,-0.9688,0.0
full_ols_av,pass,-0.2597,6.0
full_ols_av,pass,-0.2367,4.0
full_ols_av,pass,1.2392,5.0
full_ols_av,pass,0.9066,8.0
full_ols_av,pass,-0.5723,3.0
full_ols_av,pass,-0.4507,4.0
full_ols_av,pass,-2.1314,5.0
full_ols_av,pass,-0.41,3.0
full_ols_av,pass,1.7011,7.0
full_ols_av,pass,-1.8799,1.0
full_ols_av,pass,0.3532,8.0
full_ols_av,pass,-2.1849,3.0
full_ols_av,pass,-1.0783,5.0
full_ols_av,pass,-0.6871,3.0
full_ols_av,pass,1.4194,7.0
full_ols_av,pass,1.433,8.0
full_ols_av,pass,-1.7124,2.0
full_ols_av,pass,-2.2843,4.0
full_ols_av,pass,-0.8861,2.0
full_ols_av,pass,-0.7707,8.0
full_ols_av,pass,1.3656,6.0
full_ols_av,pass,-0.5275,0.0
full_ols_av,pass,-0.2488,0.0
full_ols_av,pass,-2.163,7.0
full_ols_av,pass,0.0936,7.0
full_ols_av,pass,-2.7161,3.0
full_ols_av,pass,-0.3041,0.0
full_ols_av,pass,2.6181,9.0
full_ols_av,pass,1.8879,8.0
full_ols_av,pass,-1.5848,3.0
full_ols_av,pass,-1.3238,7.0
full_ols_av,pass,-1.8429,6.0
full_ols_av,pass,-0.4072,0.0
full_ols_av,pass,-0.8175,5.0
full_ols_av,pass,-0.881,0.0
full_ols_av,pass,-1.3891,0.0
full_ols_av,pass,0.6832,6.0
full_ols_av,pass,-2.1044,1.0
full_ols_av,pass,-0.7058,0.0
full_ols_av,pass,-2.43,4.0
full_ols_av,pass,0.0147,0.0
full_ols_av,pass,-0.9657,8.0
full_ols_av,pass,-2.3442,2.0
full_ols_av,pass,-0.079,4.0
full_ols_av,pass,0.0442,8.0
full_ols_av,pass,-1.7706,4.0
full_ols_av,pass,-0.0482,0.0
full_ols_av,pass,-0.6138,0.0
full_ols_av,pass,1.2471,7.0
full_ols_av,pass,-2.2936,10.0
full_ols_av,pass,-1.6656,4.0
full_ols_av,pass,0.924,5.0
full_ols_av,pass,0.4427,4.0
full_ols_av,pass,-1.2777,5.0
full_ols_av,pass,-2.1591,1.0
full_ols_av,pass,2.114,1.0
full_ols_av,pass,-0.9012,0.0
full_ols_av,pass,-1.3264,0.0
full_ols_av,pass,1.6929,5.0
full_ols_av,pass,-0.6108,5.0
full_ols_av,pass,-1.5142,9.0
full_ols_av,pass,0.237,3.0
full_ols_av,pass,-1.7143,6.0
full_ols_av,pass,-1.7012,0.0
full_ols_av,pass,2.1688,7.0
full_ols_av,pass,2.6987,6.0
full_ols_av,pass,-0.6365,2.0
full_ols_av,pass,-0.3952,3.0
full_ols_av,pass,-1.5189,2.0
full_ols_av,pass,-2.2535,3.0
full_ols_av,pass,-0.398,0.0
full_ols_av,pass,-0.4968,0.0
full_ols_av,pass,-0.143,0.0
full_ols_av,pass,-0.1695,0.0
full_ols_av,pass,0.8225,9.0
full_ols_av,pass,0.1955,3.0
full_ols_av,pass,-0.4164,0.0
full_ols_av,pass,-0.8077,5.0
full_ols_av,pass,-0.9108,0.0
full_ols_av,pass,-0.1706,0.0
full_ols_av,pass,-0.9407,0.0
full_ols_av,pass,-1.6441,2.0
full_ols_av,pass,0.1464,0.0
full_ols_av,pass,-1.4669,5.0
full_ols_av,pass,-1.3658,3.0
full_ols_av,pass,1.3531,4.0
full_ols_av,pass,0.1836,0.0
full_ols_av,pass,-1.324,4.0
full_ols_av,pass,-0.8139,3.0
full_ols_av,pass,0.1711,0.0
full_ols_av,pass,-0.4956,3.0
full_ols_av,pass,-0.9139,3.0
full_ols_av,pass,-0.9224,3.0
full_ols_av,pass,-0.7212,0.0
full_ols_av,pass,-1.2646,4.0
full_ols_av,pass,-1.0702,2.0
full_ols_av,pass,1.516,8.0
full_ols_av,pass,-1.3322,4.0
full_ols_av,pass,-1.0203,4.0
full_ols_av,pass,-0.6625,4.0
full_ols_av,pass,0.5639,1.0
full_ols_av,pass,-0.6248,2.0
full_ols_av,pass,-1.2682,2.0
full_ols_av,pass,-0.2873,0.0
full_ols_av,pass,-0.8732,3.0
full_ols_av,pass,-1.9057,4.0
full_ols_av,pass,-2.2025,3.0
full_ols_av,pass,-0.6415,5.0
full_ols_av,pass,-2.8862,2.0
full_ols_av,pass,-0.4687,4.0
full_ols_av,pass,-1.7426,2.0
full_ols_av,pass,-1.4609,3.0
full_ols_av,pass,-1.8686,4.0
full_ols_av,pass,-1.3123,3.0
full_ols_av,pass,1.2592,0.0
full_ols_av,pass,-1.1261,1.0
full_ols_av,pass,-1.292,0.0
full_ols_av,pass,0.0652,9.0
full_ols_av,pass,-0.7489,0.0
full_ols_av,pass,-0.5821,0.0
full_ols_av,pass,0.1197,3.0
full_ols_av,pass,1.686,4.0
full_ols_av,pass,-1.4355,2.0
full_ols_av,pass,0.1199,3.0
full_ols_av,pass,-0.1461,0.0
full_ols_av,pass,-1.9779,6.0
full_ols_av,pass,-1.1399,4.0
full_ols_av,pass,-0.3744,7.0
full_ols_av,pass,-0.0768,4.0
full_ols_av,pass,-1.4108,5.0
full_ols_av,pass,0.3112,2.0
full_ols_av,pass,-0.086,4.0
full_ols_av,pass,-1.3888,6.0
full_ols_av,pass,0.0839,3.0
full_ols_av,pass,-2.2037,7.0
full_ols_av,pass,-0.1281,6.0
full_ols_av,pass,-0.6468,0.0
full_ols_av,pass,-0.1597,0.0
full_ols_av,pass,-0.3951,5.0
full_ols_av,pass,-1.3687,4.0
full_ols_av,pass,-2.3748,3.0
full_ols_av,pass,-2.1225,3.0
full_ols_av,pass,-1.3722,2.0
full_ols_av,pass,-0.0617,0.0
full_ols_av,pass,-0.0823,2.0
full_ols_av,pass,-1.2723,0.0
full_ols_av,pass,-0.1099,0.0
full_ols_av,pass,-0.886,4.0
full_ols_av,pass,-2.4521,4.0
full_ols_av,pass,-1.4157,3.0
full_ols_av,pass,-0.6666,0.0
full_ols_av,pass,1.2899,5.0
full_ols_av,pass,-1.4922,2.0
full_ols_av,pass,-2.3922,2.0
full_ols_av,pass,0.8939,0.0
full_ols_av,pass,1.8216,7.0
full_ols_av,pass,-0.2821,0.0
full_ols_av,pass,0.9246,0.0
full_ols_av,pass,-1.63,4.0
full_ols_av,pass,-0.7868,8.0
full_ols_av,pass,-0.7808,6.0
full_ols_av,pass,-1.1333,6.0
full_ols_av,pass,-0.7815,2.0
full_ols_av,pass,0.5268,0.0
full_ols_av,pass,0.2268,0.0
full_ols_av,pass,-2.3915,3.0
full_ols_av,pass,-1.3553,2.0
full_ols_av,pass,-0.8865,4.0
full_ols_av,pass,0.5674,5.0
full_ols_av,pass,-0.3816,0.0
full_ols_av,pass,-0.0718,0.0
full_ols_av,pass,-2.8311,4.0
full_ols_av,pass,-2.9835,3.0
full_ols_av,pass,-0.4875,5.0
full_ols_av,pass,-0.9639,3.0
full_ols_av,pass,-1.0872,1.0
full_ols_av,pass,0.4399,0.0
full_ols_av,pass,2.1575,6.0
full_ols_av,pass,-0.3931,0.0
full_ols_av,pass,0.2855,1.0
full_ols_av,pass,2.2967,6.0
full_ols_av,pass,-0.631,2.0
full_ols_av,pass,0.3109,0.0
full_ols_av,pass,-0.9957,4.0
full_ols_av,pass,1.0192,7.0
full_ols_av,pass,-0.9717,7.0
full_ols_av,pass,-1.2909,2.0
full_ols_av,pass,1.1447,0.0
full_ols_av,pass,-1.2589,4.0
full_ols_av,pass,1.7674,7.0
full_ols_av,pass,0.2147,0.0
full_ols_av,pass,-0.1789,7.0
full_ols_av,pass,-1.0326,3.0
full_ols_av,pass,1.1309,5.0
full_ols_av,pass,-0.9915,3.0
full_ols_av,pass,-1.5724,5.0
full_ols_av,pass,-0.9667,3.0
full_ols_av,pass,-2.0541,2.0
full_ols_av,pass,-1.5229,4.0
full_ols_av,pass,-2.2576,4.0
full_ols_av,pass,-0.3891,0.0
full_ols_av,pass,-0.9175,0.0
full_ols_av,pass,-0.5313,6.0
full_ols_av,pass,-4.3784,5.0
full_ols_av,pass,-1.3521,3.0
full_ols_av,pass,1.3963,6.0
full_ols_av,pass,-0.0132,0.0
full_ols_av,pass,-0.3334,3.0
full_ols_av,pass,-1.8991,6.0
full_ols_av,pass,-0.4126,3.0
full_ols_av,pass,-0.9504,0.0
full_ols_av,pass,0.7786,6.0
full_ols_av,pass,-0.0756,0.0
full_ols_av,pass,0.0198,0.0
full_ols_av,pass,-0.4193,8.0
full_ols_av,pass,-1.1009,5.0
full_ols_av,pass,-1.6671,0.0
full_ols_av,pass,-1.7648,3.0
full_ols_av,pass,0.71,8.0
full_ols_av,pass,-0.9377,0.0
full_ols_av,pass,0.5969,7.0
full_ols_av,pass,-0.829,8.0
full_ols_av,pass,1.619,8.0
full_ols_av,pass,-0.2098,4.0
full_ols_av,pass,-1.6118,3.0
full_ols_av,pass,2.7067,4.0
full_ols_av,pass,-1.0566,0.0
full_ols_av,pass,-0.1825,7.0
full_ols_av,pass,-0.0675,4.0
full_ols_av,pass,0.2129,0.0
full_ols_av,pass,-0.3867,4.0
full_ols_av,pass,0.6114,0.0
full_ols_av,pass,-0.7522,0.0
full_ols_av,pass,0.0495,4.0
full_ols_av,pass,-0.2586,6.0
full_ols_av,pass,-1.2996,4.0
full_ols_av,pass,0.7718,0.0
full_ols_av,pass,-1.1901,5.0
full_ols_av,pass,-1.6256,2.0
full_ols_av,pass,-2.0007,1.0
full_ols_av,pass,0.1013,4.0
full_ols_av,pass,-1.2908,0.0
full_ols_av,pass,-0.4206,0.0
full_ols_av,pass,-1.4546,6.0
full_ols_av,pass,0.3477,0.0
full_ols_av,pass,-0.4003,1.0
full_ols_av,pass,-0.1402,3.0
full_ols_av,pass,-0.5951,5.0
full_ols_av,pass,0.3321,0.0
full_ols_av,pass,-0.1714,7.0
full_ols_av,pass,-0.2235,3.0
full_ols_av,pass,0.6391,0.0
full_ols_av,pass,0.5005,5.0
full_ols_av,pass,-0.8692,0.0
full_ols_av,pass,-1.86,4.0
full_ols_av,pass,-0.0169,0.0
full_ols_av,pass,-0.1537,0.0
full_ols_av,pass,-0.8339,0.0
full_ols_av,pass,0.136,0.0
full_ols_av,pass,-0.3306,3.0
full_ols_av,pass,1.9318,5.0
full_ols_av,pass,-2.4368,2.0
full_ols_av,pass,1.0452,8.0
full_ols_av,pass,-1.0306,2.0
full_ols_av,pass,0.6281,6.0
full_ols_av,pass,1.3103,7.0
full_ols_av,pass,0.184,7.0
full_ols_av,pass,-0.5517,1.0
full_ols_av,pass,-0.466,3.0
full_ols_av,pass,-0.1446,0.0
full_ols_av,pass,-3.8161,4.0
full_ols_av,pass,1.8545,6.0
full_ols_av,pass,-0.7481,0.0
full_ols_av,pass,0.3063,0.0
full_ols_av,pass,-2.6575,3.0
full_ols_av,pass,0.9372,0.0
full_ols_av,pass,-0.3879,4.0
full_ols_av,pass,-0.8418,3.0
full_ols_av,pass,0.85,8.0
full_ols_av,pass,-0.8183,5.0
full_ols_av,pass,1.7629,5.0
full_ols_av,pass,-2.0709,7.0
full_ols_av,pass,-0.7812,8.0
full_ols_av,pass,0.2142,0.0
full_ols_av,pass,-1.4051,2.0
full_ols_av,pass,1.5898,8.0
full_ols_av,pass,-0.4072,7.0
full_ols_av,pass,-0.8436,3.0
full_ols_av,pass,-0.6504,2.0
full_ols_av,pass,0.4163,4.0
full_ols_av,pass,-0.2418,9.0
full_ols_av,pass,-1.4266,3.0
full_ols_av,pass,-0.4292,2.0
full_ols_av,pass,-0.0561,0.0
full_ols_av,pass,-0.9183,7.0
full_ols_av,pass,0.2779,3.0
full_ols_av,pass,-0.9742,0.0
full_ols_av,pass,1.0623,3.0
full_ols_av,pass,-2.2605,6.0
full_ols_av,pass,2.075,6.0
full_ols_av,pass,-1.1837,4.0
full_ols_av,pass,0.399,3.0
full_ols_av,pass,-1.6488,2.0
full_ols_av,pass,-0.2847,0.0
full_ols_av,pass,-1.9894,3.0
full_ols_av,pass,-1.8593,0.0
full_ols_av,pass,1.4389,8.0
full_ols_av,pass,-1.9663,3.0
full_ols_av,pass,-0.8853,0.0
full_ols_av,pass,-1.6072,3.0
full_ols_av,pass,0.7294,4.0
full_ols_av,pass,-2.1457,4.0
full_ols_av,pass,-1.797,4.0
full_ols_av,pass,-0.0877,0.0
full_ols_av,pass,-0.3958,0.0
full_ols_av,pass,-0.4272,4.0
full_ols_av,pass,0.6053,0.0
full_ols_av,pass,2.3262,7.0
full_ols_av,pass,-2.5729,2.0
full_ols_av,pass,-0.9062,3.0
full_ols_av,pass,1.2039,8.0
full_ols_av,pass,-2.3354,2.0
full_ols_av,pass,1.1585,7.0
full_ols_av,pass,0.4195,6.0
full_ols_av,pass,-0.2986,0.0
full_ols_av,pass,-1.766,4.0
full_ols_av,pass,1.4097,6.0
full_ols_av,pass,1.3191,9.0
full_ols_av,pass,-0.1102,2.0
full_ols_av,pass,0.0018,0.0
full_ols_av,pass,-2.7527,3.0
full_ols_av,pass,-2.6744,4.0
full_ols_av,pass,-1.4718,4.0
full_ols_av,pass,-0.6912,4.0
full_ols_av,pass,-1.8006,5.0
full_ols_av,pass,-1.5868,4.0
full_ols_av,pass,-0.5581,0.0
full_ols_av,pass,0.4443,0.0
full_ols_av,pass,-2.235,3.0
full_ols_av,pass,0.3698,6.0
full_ols_av,pass,0.3195,7.0
full_ols_av,pass,2.0768,5.0
full_ols_av,pass,-1.004,3.0
full_ols_av,pass,-0.7427,3.0
full_ols_av,pass,1.331,7.0
full_ols_av,pass,0.4391,0.0
full_ols_av,pass,-0.6224,4.0
full_ols_av,pass,-0.9972,0.0
full_ols_av,pass,1.2805,6.0
full_ols_av,pass,0.1282,0.0
full_ols_av,pass,0.0311,7.0
full_ols_av,pass,-2.8075,4.0
full_ols_av,pass,2.5395,7.0
full_ols_av,pass,0.7063,3.0
full_ols_av,pass,-0.2495,2.0
full_ols_av,pass,-1.277,0.0
full_ols_av,pass,0.1097,0.0
full_ols_av,pass,-0.9332,0.0
full_ols_av,pass,-1.1883,4.0
full_ols_av,pass,-0.2257,0.0
full_ols_av,pass,2.3213,9.0
full_ols_av,pass,-2.3329,3.0
full_ols_av,pass,-0.6707,0.0
full_ols_av,pass,-1.1409,3.0
full_ols_av,pass,-0.3304,8.0
full_ols_av,pass,0.0696,0.0
full_ols_av,pass,-0.9048,0.0
full_ols_av,pass,-1.1429,0.0
full_ols_av,pass,0.4692,0.0
full_ols_av,pass,-0.7944,0.0
full_ols_av,pass,0.5444,0.0
full_ols_av,pass,-0.6493,8.0
full_ols_av,pass,0.4632,8.0
full_ols_av,pass,-0.4241,5.0
full_ols_av,pass,-0.171,0.0
full_ols_av,pass,-1.9225,2.0
full_ols_av,pass,-1.8233,4.0
full_ols_av,pass,-0.4648,0.0
full_ols_av,pass,0.5399,0.0
full_ols_av,pass,-0.3958,0.0
full_ols_av,pass,-1.7988,2.0
full_ols_av,pass,-0.2556,0.0
full_ols_av,pass,-1.5949,2.0
full_ols_av,pass,-1.3175,3.0
full_ols_av,pass,-1.0921,0.0
full_ols_av,pass,-1.0402,3.0
full_ols_av,pass,0.8904,8.0
full_ols_av,pass,2.6132,8.0
full_ols_av,pass,-1.0026,0.0
full_ols_av,pass,0.0387,6.0
full_ols_av,pass,-2.0038,4.0
full_ols_av,pass,-1.7551,1.0
full_ols_av,pass,-0.7686,0.0
full_ols_av,pass,0.0706,3.0
full_ols_av,pass,-0.5867,6.0
full_ols_av,pass,-0.8002,5.0
full_ols_av,pass,-0.3413,2.0
full_ols_av,pass,-0.4803,4.0
full_ols_av,pass,1.4777,7.0
full_ols_av,pass,1.1369,6.0
full_ols_av,pass,0.217,3.0
full_ols_av,pass,-0.9291,5.0
full_ols_av,pass,-2.8854,5.0
full_ols_av,pass,0.0893,0.0
full_ols_av,pass,-1.1553,4.0
full_ols_av,pass,0.3501,0.0
full_ols_av,pass,0.4872,0.0
full_ols_av,pass,-0.0352,1.0
full_ols_av,pass,-0.6713,0.0
full_ols_av,pass,-0.2032,4.0
full_ols_av,pass,-0.0257,6.0
full_ols_av,pass,-1.0841,0.0
full_ols_av,pass,-1.9777,5.0
full_ols_av,pass,-1.4793,6.0
full_ols_av,pass,-0.1767,0.0
full_ols_av,pass,0.5115,4.0
full_ols_av,pass,-1.2315,5.0
full_ols_av,pass,-1.6456,2.0
full_ols_av,pass,-0.5325,6.0
full_ols_av,pass,-2.2661,0.0
full_ols_av,pass,-0.9066,2.0
full_ols_av,pass,-2.164,3.0
full_ols_av,pass,2.4249,6.0
full_ols_av,pass,-0.023,4.0
full_ols_av,pass,0.0798,0.0
full_ols_av,pass,0.0421,0.0
full_ols_av,pass,-0.2985,0.0
full_ols_av,pass,-1.1857,4.0
full_ols_av,pass,-1.9999,2.0
full_ols_av,pass,0.0606,0.0
full_ols_av,pass,-2.4688,2.0
full_ols_av,pass,-1.0944,4.0
full_ols_av,pass,-0.6595,0.0
full_ols_av,pass,0.1999,0.0
full_ols_av,pass,0.2256,0.0
full_ols_av,pass,-1.9418,4.0
full_ols_av,pass,-1.0364,0.0
full_ols_av,pass,-1.5132,0.0
full_ols_av,pass,1.39,7.0
full_ols_av,pass,0.8893,8.0
full_ols_av,pass,-0.4777,2.0
full_ols_av,pass,-1.9401,3.0
full_ols_av,pass,0.0104,0.0
full_ols_av,pass,-0.087,4.0
full_ols_av,pass,-0.2063,4.0
full_ols_av,pass,-2.3072,4.0
full_ols_av,pass,-1.2283,2.0
full_ols_av,pass,0.6049,0.0
full_ols_av,pass,-0.7395,2.0
full_ols_av,pass,-1.3064,2.0
full_ols_av,pass,-0.4606,3.0
full_ols_av,pass,0.5478,9.0
full_ols_av,pass,0.3863,3.0
full_ols_av,pass,-1.0375,6.0
full_ols_av,pass,1.6732,0.0
full_ols_av,pass,0.8482,0.0
full_ols_av,pass,0.0877,0.0
full_ols_av,pass,0.5331,0.0
full_ols_av,pass,-2.1146,5.0
full_ols_av,pass,0.1462,0.0
full_ols_av,pass,2.0721,7.0
full_ols_av,pass,-0.1929,4.0
full_ols_av,pass,-1.9878,4.0
full_ols_av,pass,-0.5352,4.0
full_ols_av,pass,2.4479,6.0
full_ols_av,pass,-0.3619,0.0
full_ols_av,pass,-1.7885,4.0
full_ols_av,pass,-3.9236,1.0
full_ols_av,pass,0.7954,6.0
full_ols_av,pass,-0.4362,4.0
full_ols_av,pass,-2.2578,4.0
full_ols_av,pass,-1.0906,5.0
full_ols_av,pass,-0.288,3.0
full_ols_av,pass,-1.5768,5.0
full_ols_av,pass,-1.1676,0.0
full_ols_av,pass,-0.3462,6.0
full_ols_av,pass,0.0915,0.0
full_ols_av,pass,-2.3558,4.0
full_ols_av,pass,-0.4405,0.0
full_ols_av,pass,1.3541,0.0
full_ols_av,pass,-0.7745,0.0
full_ols_av,pass,0.9123,5.0
full_ols_av,pass,-0.3728,3.0
full_ols_av,pass,-0.9265,5.0
full_ols_av,pass,-1.2753,9.0
full_ols_av,pass,1.3411,8.0
full_ols_av,pass,0.3746,0.0
full_ols_av,pass,-0.2695,7.0
full_ols_av,pass,1.1514,7.0
full_ols_av,pass,-1.1605,8.0
full_ols_av,pass,2.688,6.0
full_ols_av,pass,-2.2757,0.0
full_ols_av,pass,-2.8492,2.0
full_ols_av,pass,-1.1933,2.0
full_ols_av,pass,0.165,4.0
full_ols_av,pass,-1.5588,4.0
full_ols_av,pass,-1.1094,8.0
full_ols_av,pass,-1.2751,6.0
full_ols_av,pass,0.7418,4.0
full_ols_av,pass,0.9171,0.0
full_ols_av,pass,1.3866,2.0
full_ols_av,pass,1.2524,5.0
full_ols_av,pass,-0.2656,0.0
full_ols_av,pass,-1.8205,4.0
full_ols_av,pass,-0.3822,0.0
full_ols_av,pass,-2.7327,2.0
full_ols_av,pass,0.3782,5.0
full_ols_av,pass,-2.4011,4.0
full_ols_av,pass,-2.4734,4.0
full_ols_av,pass,-0.9873,5.0
full_ols_av,pass,-0.0496,0.0
full_ols_av,pass,-3.019,2.0
full_ols_av,pass,-0.5998,6.0
full_ols_av,pass,-0.3203,3.0
full_ols_av,pass,2.0897,3.0
full_ols_av,pass,-0.8683,7.0
full_ols_av,pass,0.3279,0.0
full_ols_av,pass,-0.8865,0.0
full_ols_av,pass,0.3906,3.0
full_ols_av,pass,-0.0098,0.0
full_ols_av,pass,-1.7581,0.0
full_ols_av,pass,0.2462,6.0
full_ols_av,pass,0.4475,9.0
full_ols_av,pass,-0.0498,2.0
full_ols_av,pass,-0.2123,0.0
full_ols_av,pass,0.7333,8.0
full_ols_av,pass,-0.1727,3.0
full_ols_av,pass,-2.4335,0.0
full_ols_av,pass,-1.6731,4.0
full_ols_av,pass,-1.3765,0.0
full_ols_av,pass,-1.7178,0.0
full_ols_av,pass,0.3317,4.0
full_ols_av,pass,0.0596,8.0
full_ols_av,pass,-3.4227,1.0
full_ols_av,pass,-0.0111,2.0
full_ols_av,pass,1.1697,6.0
full_ols_av,pass,-1.0532,5.0
full_ols_av,pass,-0.7886,4.0
full_ols_av,pass,-0.9503,0.0
full_ols_av,pass,-0.5045,0.0
full_ols_av,pass,-0.4652,0.0
full_ols_av,pass,-1.9231,4.0
full_ols_av,pass,-0.7077,0.0
full_ols_av,pass,0.052,0.0
full_ols_av,pass,-0.6308,0.0
full_ols_av,pass,1.0194,3.0
full_ols_av,pass,-1.328,2.0
full_ols_av,pass,-1.2645,4.0
full_ols_av,pass,-1.3314,2.0
full_ols_av,pass,-2.5544,1.0
full_ols_av,pass,-2.0698,4.0
full_ols_av,pass,-0.6715,0.0
full_ols_av,pass,0.2666,0.0
full_ols_av,pass,2.5429,7.0
full_ols_av,pass,-0.1768,4.0
full_ols_av,pass,-0.3489,0.0
full_ols_av,pass,1.585,3.0
full_ols_av,pass,-0.5148,0.0
full_ols_av,pass,0.12,0.0
full_ols_av,pass,-1.5399,5.0
full_ols_av,pass,-0.8784,1.0
full_ols_av,pass,-0.6193,4.0
full_ols_av,pass,-2.783,4.0
full_ols_av,pass,-0.4315,1.0
full_ols_av,pass,-3.2288,2.0
full_ols_av,pass,1.9697,9.0
full_ols_av,pass,-1.8166,5.0
full_ols_av,pass,0.6337,6.0
full_ols_av,pass,-3.0155,4.0
full_ols_av,pass,-3.3304,3.0
full_ols_av,pass,-0.8139,3.0
full_ols_av,pass,-1.1027,3.0
full_ols_av,pass,0.9268,0.0
full_ols_av,pass,-1.7782,7.0
full_ols_av,pass,0.6149,0.0
full_ols_av,pass,2.4242,6.0
full_ols_av,pass,0.0012,2.0
full_ols_av,pass,-1.2665,6.0
full_ols_av,pass,-1.2559,5.0
full_ols_av,pass,-0.5846,0.0
full_ols_av,pass,-0.7933,5.0
full_ols_av,pass,-2.1114,3.0
full_ols_av,pass,-0.533,3.0
full_ols_av,pass,0.1259,4.0
full_ols_av,pass,-1.4235,4.0
full_ols_av,pass,-1.2361,4.0
full_ols_av,pass,1.2976,7.0
full_ols_av,pass,-0.6599,6.0
full_ols_av,pass,-0.7317,3.0
full_ols_av,pass,-0.2677,0.0
full_ols_av,pass,-0.2842,7.0
full_ols_av,pass,0.3917,0.0
full_ols_av,pass,-1.4228,4.0
full_ols_av,pass,-0.9094,0.0
full_ols_av,pass,0.5766,2.0
full_ols_av,pass,1.7037,8.0
full_ols_av,pass,-0.8172,4.0
full_ols_av,pass,-1.7918,5.0
full_ols_av,pass,0.0627,2.0
full_ols_av,pass,-0.1063,2.0
full_ols_av,pass,0.056,0.0
full_ols_av,pass,-2.1262,2.0
full_ols_av,pass,-2.2672,4.0
full_ols_av,pass,0.0874,0.0
full_ols_av,pass,-2.0256,4.0
full_ols_av,pass,0.3938,0.0
full_ols_av,pass,-0.6212,0.0
full_ols_av,pass,0.171,3.0
full_ols_av,pass,-2.4985,3.0
full_ols_av,pass,-1.7361,3.0
full_ols_av,pass,-1.7292,5.0
full_ols_av,pass,-0.3713,0.0
full_ols_av,pass,0.3887,8.0
full_ols_av,pass,0.1387,0.0
full_ols_av,pass,-0.4202,0.0
full_ols_av,pass,-2.3324,2.0
full_ols_av,pass,-2.7212,5.0
full_ols_av,pass,0.1117,0.0
full_ols_av,pass,1.2284,0.0
full_ols_av,pass,1.1069,8.0
full_ols_av,pass,-1.1524,2.0
full_ols_av,pass,-1.1274,2.0
full_ols_av,pass,-0.3785,0.0
full_ols_av,pass,-3.145,2.0
full_ols_av,pass,2.1094,8.0
full_ols_av,pass,-0.1953,5.0
full_ols_av,pass,-0.0996,0.0
full_ols_av,pass,-0.6555,3.0
full_ols_av,pass,-0.7363,0.0
full_ols_av,pass,0.3232,3.0
full_ols_av,pass,2.4227,9.0
full_ols_av,pass,-1.5707,10.0
full_ols_av,pass,0.5293,0.0
full_ols_av,pass,0.2021,3.0
full_ols_av,pass,-1.7072,4.0
full_ols_av,pass,0.7554,7.0
full_ols_av,pass,-0.5094,0.0
full_ols_av,pass,0.2903,10.0
full_ols_av,pass,-0.1823,3.0
full_ols_av,pass,0.4342,0.0
full_ols_av,pass,-2.6123,4.0
full_ols_av,pass,-2.1498,2.0
full_ols_av,pass,-1.1386,1.0
full_ols_av,pass,-1.8726,4.0
full_ols_av,pass,-1.5592,1.0
full_ols_av,pass,0.0486,0.0
full_ols_av,pass,-0.6202,3.0
full_ols_av,pass,-2.1074,3.0
full_ols_av,pass,0.3419,0.0
full_ols_av,pass,0.5333,0.0
full_ols_av,pass,0.9376,7.0
full_ols_av,pass,-1.1132,3.0
full_ols_av,pass,-1.7665,0.0
full_ols_av,pass,0.1298,8.0
full_ols_av,pass,0.1261,0.0
full_ols_av,pass,1.6175,8.0
full_ols_av,pass,0.7713,0.0
full_ols_av,pass,-0.6645,5.0
full_ols_av,pass,-1.0623,7.0
full_ols_av,pass,0.9657,3.0
full_ols_av,pass,-1.1704,2.0
full_ols_av,pass,2.0094,7.0
full_ols_av,pass,-0.5912,0.0
full_ols_av,pass,-0.145,0.0
full_ols_av,pass,-0.3581,0.0
full_ols_av,pass,-1.5821,1.0
full_ols_av,pass,-0.0277,0.0
full_ols_av,pass,-2.5878,3.0
full_ols_av,pass,-1.0262,6.0
full_ols_av,pass,-0.0599,0.0
full_ols_av,pass,-3.4145,3.0
full_ols_av,pass,-1.5136,5.0
full_ols_av,pass,-0.8787,0.0
full_ols_av,pass,-0.6829,7.0
full_ols_av,pass,0.9151,7.0
full_ols_av,pass,0.2144,0.0
full_ols_av,pass,1.0248,0.0
full_ols_av,pass,0.5146,0.0
full_ols_av,pass,-0.8733,0.0
full_ols_av,pass,-1.9621,3.0
full_ols_av,pass,0.8379,5.0
full_ols_av,pass,0.9651,2.0
full_ols_av,pass,-1.7334,3.0
full_ols_av,pass,-0.2805,0.0
full_ols_av,pass,-1.1919,0.0
full_ols_av,pass,-0.9784,3.0
full_ols_av,pass,2.5399,9.0
full_ols_av,pass,-0.8125,0.0
full_ols_av,pass,0.281,2.0
full_ols_av,pass,-0.9096,4.0
full_ols_av,pass,1.2412,8.0
full_ols_av,pass,0.4353,0.0
full_ols_av,pass,-0.443,2.0
full_ols_av,pass,-0.8943,5.0
full_ols_av,pass,2.9199,6.0
full_ols_av,pass,-0.6907,0.0
full_ols_av,pass,0.3965,2.0
full_ols_av,pass,-0.3351,3.0
full_ols_av,pass,0.3703,0.0
full_ols_av,pass,-2.784,4.0
full_ols_av,pass,-1.9245,4.0
full_ols_av,pass,-0.3521,5.0
full_ols_av,pass,1.7476,6.0
full_ols_av,pass,-2.6385,3.0
full_ols_av,pass,-2.3709,3.0
full_ols_av,pass,0.7198,5.0
full_ols_av,pass,-0.4728,3.0
full_ols_av,pass,-1.6823,1.0
full_ols_av,pass,-1.1794,1.0
full_ols_av,pass,2.3368,7.0
full_ols_av,pass,-0.209,6.0
full_ols_av,pass,-0.5589,0.0
full_ols_av,pass,0.0841,0.0
full_ols_av,pass,0.8957,0.0
full_ols_av,pass,-0.266,0.0
full_ols_av,pass,1.0138,9.0
full_ols_av,pass,-2.5092,3.0
full_ols_av,pass,-0.5187,6.0
full_ols_av,pass,-1.3012,4.0
full_ols_av,pass,-0.2336,0.0
full_ols_av,pass,0.5361,0.0
full_ols_av,pass,-1.3301,3.0
full_ols_av,pass,-1.2743,3.0
full_ols_av,pass,-1.4089,2.0
full_ols_av,pass,1.3474,3.0
full_ols_av,pass,-0.836,2.0
full_ols_av,pass,-0.2783,0.0
full_ols_av,pass,1.2179,6.0
full_ols_av,pass,-2.584,5.0
full_ols_av,pass,-1.8209,5.0
full_ols_av,pass,-0.8725,0.0
full_ols_av,pass,0.1956,0.0
full_ols_av,pass,-3.3932,2.0
full_ols_av,pass,-0.5444,0.0
full_ols_av,pass,1.5363,0.0
full_ols_av,pass,-1.1568,2.0
full_ols_av,pass,-0.0999,7.0
full_ols_av,pass,2.3242,9.0
full_ols_av,pass,0.3398,6.0
full_ols_av,pass,0.2455,5.0
full_ols_av,pass,-0.8809,1.0
full_ols_av,pass,-0.8213,7.0
full_ols_av,pass,-0.661,0.0
full_ols_av,pass,0.2311,3.0
full_ols_av,pass,-0.548,3.0
full_ols_av,pass,-0.1022,3.0
full_ols_av,pass,-1.6174,3.0
full_ols_av,pass,-1.5,3.0
full_ols_av,pass,-0.0959,0.0
full_ols_av,pass,-0.3947,4.0
full_ols_av,pass,-0.213,4.0
full_ols_av,pass,-1.3735,3.0
full_ols_av,pass,-2.542,2.0
full_ols_av,pass,-0.093,0.0
full_ols_av,pass,-2.8493,3.0
full_ols_av,pass,-1.3499,4.0
full_ols_av,pass,0.9769,0.0
full_ols_av,pass,-1.9006,3.0
full_ols_av,pass,-0.1004,0.0
full_ols_av,pass,-0.0459,4.0
full_ols_av,pass,-0.9801,7.0
full_ols_av,pass,0.6418,1.0
full_ols_av,pass,0.4783,0.0
full_ols_av,pass,-1.8374,4.0
full_ols_av,pass,-1.8585,3.0
full_ols_av,pass,-2.6449,4.0
full_ols_av,pass,0.7073,2.0
full_ols_av,pass,-1.0825,0.0
full_ols_av,pass,-0.6295,7.0
full_ols_av,pass,2.6858,8.0
full_ols_av,pass,-0.5798,7.0
full_ols_av,pass,-1.5275,2.0
full_ols_av,pass,-0.3465,3.0
full_ols_av,pass,-0.0477,0.0
full_ols_av,pass,-0.1476,0.0
full_ols_av,pass,1.9019,6.0
full_ols_av,pass,-0.6112,6.0
full_ols_av,pass,0.1605,0.0
full_ols_av,pass,0.004,5.0
full_ols_av,pass,1.0145,5.0
full_ols_av,pass,-1.9047,2.0
full_ols_av,pass,-0.3419,4.0
full_ols_av,pass,0.8249,0.0
full_ols_av,pass,-0.0351,0.0
full_ols_av,pass,2.6977,9.0
full_ols_av,pass,1.6601,6.0
full_ols_av,pass,-0.0139,9.0
full_ols_av,pass,-2.5367,5.0
full_ols_av,pass,-0.4484,5.0
full_ols_av,pass,-1.3867,2.0
full_ols_av,pass,-2.7659,1.0
full_ols_av,pass,1.7523,6.0
full_ols_av,pass,0.4115,0.0
full_ols_av,pass,-1.968,0.0
full_ols_av,pass,-0.9706,1.0
full_ols_av,pass,-0.4214,8.0
full_ols_av,pass,-0.9724,7.0
full_ols_av,pass,0.5446,0.0
full_ols_av,pass,0.7202,0.0
full_ols_av,pass,-0.0809,0.0
full_ols_av,pass,-0.0964,5.0
full_ols_av,pass,0.4717,10.0
full_ols_av,pass,-0.9489,3.0
full_ols_av,pass,-2.8704,2.0
full_ols_av,pass,0.1976,6.0
full_ols_av,pass,2.4019,8.0
full_ols_av,pass,-0.1459,4.0
full_ols_av,pass,2.0722,8.0
full_ols_av,pass,-0.6084,5.0
full_ols_av,pass,-1.1633,0.0
full_ols_av,pass,-1.31,0.0
full_ols_av,pass,-1.1459,2.0
full_ols_av,pass,-1.4048,5.0
full_ols_av,pass,-0.8019,0.0
full_ols_av,pass,-2.0651,3.0
full_ols_av,pass,-0.2146,5.0
full_ols_av,pass,0.725,5.0
full_ols_av,pass,1.6384,5.0
full_ols_av,pass,-0.1111,0.0
full_ols_av,pass,-0.4682,2.0
full_ols_av,pass,-2.4845,1.0
full_ols_av,pass,0.3267,0.0
full_ols_av,pass,-1.6579,2.0
full_ols_av,pass,-1.3584,4.0
full_ols_av,pass,0.74,0.0
full_ols_av,pass,-1.1399,9.0
full_ols_av,pass,1.9821,5.0
full_ols_av,pass,0.4651,0.0
full_ols_av,pass,-0.228,0.0
full_ols_av,pass,-1.8606,4.0
full_ols_av,pass,-0.6806,0.0
full_ols_av,pass,-1.7343,6.0
full_ols_av,pass,-1.5051,4.0
full_ols_av,pass,0.3424,0.0
full_ols_av,pass,-2.0485,2.0
full_ols_av,pass,-1.0713,2.0
full_ols_av,pass,-0.851,4.0
full_ols_av,pass,0.3884,0.0
full_ols_av,pass,1.0197,2.0
full_ols_av,pass,-0.5262,4.0
full_ols_av,pass,0.3094,2.0
full_ols_av,pass,-2.431,3.0
full_ols_av,pass,-0.5664,5.0
full_ols_av,pass,0.3391,0.0
full_ols_av,pass,-1.208,4.0
full_ols_av,pass,-2.0716,5.0
full_ols_av,pass,1.151,7.0
full_ols_av,pass,0.0616,3.0
full_ols_av,pass,1.35,5.0
full_ols_av,pass,-0.5746,1.0
full_ols_av,pass,-0.7019,6.0
full_ols_av,pass,-1.1908,3.0
full_ols_av,pass,0.5464,0.0
full_ols_av,pass,1.1102,6.0
full_ols_av,pass,0.6946,10.0
full_ols_av,pass,1.8858,6.0
full_ols_av,pass,-0.1497,0.0
full_ols_av,pass,-2.9443,1.0
full_ols_av,pass,0.3078,8.0
full_ols_av,pass,0.8821,0.0
full_ols_av,pass,1.6777,7.0
full_ols_av,pass,0.0008,3.0
full_ols_av,pass,0.7474,4.0
full_ols_av,pass,0.7532,0.0
full_ols_av,pass,0.9568,0.0
full_ols_av,pass,2.2761,8.0
full_ols_av,pass,-0.23,2.0
full_ols_av,pass,2.5728,6.0
full_ols_av,pass,0.3604,0.0
full_ols_av,pass,-0.3262,4.0
full_ols_av,pass,-0.8819,4.0
full_ols_av,pass,1.4165,7.0
full_ols_av,pass,-0.6868,0.0
full_ols_av,pass,-0.3054,6.0
full_ols_av,pass,-0.6727,0.0
full_ols_av,pass,0.6133,5.0
full_ols_av,pass,-3.3212,4.0
full_ols_av,pass,2.883,6.0
full_ols_av,pass,-0.2542,3.0
full_ols_av,pass,-0.5938,0.0
full_ols_av,pass,-0.3039,5.0
full_ols_av,pass,0.1362,0.0
full_ols_av,pass,-0.8853,3.0
full_ols_av,pass,1.4944,6.0
full_ols_av,pass,0.6725,0.0
full_ols_av,pass,-2.0969,2.0
full_ols_av,pass,2.4612,7.0
full_ols_av,pass,-0.3151,4.0
full_ols_av,pass,0.1994,0.0
full_ols_av,pass,-1.2001,3.0
full_ols_av,pass,-1.2308,3.0
full_ols_av,pass,-2.641,1.0
full_ols_av,pass,-1.2216,2.0
full_ols_av,pass,-0.4378,0.0
full_ols_av,pass,1.4268,9.0
full_ols_av,pass,1.3896,7.0
full_ols_av,pass,0.4838,8.0
full_ols_av,pass,1.8066,8.0
full_ols_av,pass,0.9838,7.0
full_ols_av,pass,-0.8546,0.0
full_ols_av,pass,-0.2165,5.0
full_ols_av,pass,0.0466,5.0
full_ols_av,pass,-1.5037,5.0
full_ols_av,pass,-3.395,4.0
full_ols_av,pass,-0.9956,5.0
full_ols_av,pass,-0.1193,7.0
full_ols_av,pass,0.9468,8.0
full_ols_av,pass,2.3024,9.0
full_ols_av,pass,-2.2462,3.0
full_ols_av,pass,-0.7542,2.0
full_ols_av,pass,-2.1374,5.0
full_ols_av,pass,-0.0873,2.0
full_ols_av,pass,1.5002,5.0
full_ols_av,pass,-2.29,5.0
full_ols_av,pass,-0.0036,0.0
full_ols_av,pass,-2.069,2.0
full_ols_av,pass,-0.8265,5.0
full_ols_av,pass,-0.2876,0.0
full_ols_av,pass,1.9199,8.0
full_ols_av,pass,2.4198,4.0
full_ols_av,pass,-0.5018,7.0
full_ols_av,pass,0.9094,0.0
full_ols_av,pass,-0.1768,9.0
full_ols_av,pass,-0.4498,0.0
full_ols_av,pass,-0.7793,1.0
full_ols_av,pass,0.9453,7.0
full_ols_av,pass,-0.1678,0.0
full_ols_av,pass,-0.7527,2.0
full_ols_av,pass,0.4367,10.0
full_ols_av,pass,-2.8026,3.0
full_ols_av,pass,-1.2498,3.0
full_ols_av,pass,0.2888,0.0
full_ols_av,pass,-2.3027,4.0
full_ols_av,pass,1.2446,0.0
full_ols_av,pass,-1.5886,3.0
full_ols_av,pass,-1.0214,3.0
full_ols_av,pass,0.5964,8.0
full_ols_av,pass,-1.2657,0.0
full_ols_av,pass,-0.9973,2.0
full_ols_av,pass,1.292,7.0
full_ols_av,pass,-0.6992,4.0
full_ols_av,pass,-0.9497,0.0
full_ols_av,pass,0.8395,6.0
full_ols_av,pass,-1.3112,5.0
full_ols_av,pass,-0.7662,0.0
full_ols_av,pass,-4.1483,2.0
full_ols_av,pass,0.3639,2.0
full_ols_av,pass,-2.4044,5.0
full_ols_av,pass,0.1894,5.0
full_ols_av,pass,-3.4515,4.0
full_ols_av,pass,-0.6281,2.0
full_ols_av,pass,1.0692,8.0
full_ols_av,pass,-0.1354,5.0
full_ols_av,pass,-1.3256,6.0
full_ols_av,pass,-1.1653,4.0
full_ols_av,pass,-2.114,3.0
full_ols_av,pass,-1.2214,4.0
full_ols_av,pass,0.0281,0.0
full_ols_av,pass,-2.2442,3.0
full_ols_av,pass,-0.4034,7.0
full_ols_av,pass,2.1631,7.0
full_ols_av,pass,-0.0002,0.0
full_ols_av,pass,-0.1226,3.0
full_ols_av,pass,-0.9002,0.0
full_ols_av,pass,-1.6,6.0
full_ols_av,pass,-1.6744,2.0
full_ols_av,pass,-1.7997,3.0
full_ols_av,pass,-0.6093,5.0
full_ols_av,pass,0.9023,1.0
full_ols_av,pass,-2.0182,3.0
full_ols_av,pass,-0.6171,4.0
full_ols_av,pass,0.8467,7.0
full_ols_av,pass,1.2605,7.0
full_ols_av,pass,-1.0612,2.0
full_ols_av,pass,-0.4476,2.0
full_ols_av,pass,-1.0616,0.0
full_ols_av,pass,-0.2703,5.0
full_ols_av,pass,-0.1172,0.0
full_ols_av,pass,0.4807,7.0
full_ols_av,pass,-0.9082,3.0
full_ols_av,pass,-1.6797,3.0
full_ols_av,pass,-0.6676,3.0
full_ols_av,pass,-0.9938,1.0
full_ols_av,pass,1.6962,9.0
full_ols_av,pass,-1.5145,4.0
full_ols_av,pass,-0.2536,0.0
full_ols_av,pass,-2.1039,4.0
full_ols_av,pass,-0.2189,0.0
full_ols_av,pass,-0.5907,0.0
full_ols_av,pass,1.8034,0.0
full_ols_av,pass,-2.4449,2.0
full_ols_av,pass,0.2391,3.0
full_ols_av,pass,0.0548,0.0
full_ols_av,pass,-0.7784,6.0
full_ols_av,pass,-1.7647,4.0
full_ols_av,pass,-0.2179,0.0
full_ols_av,pass,-0.1218,4.0
full_ols_av,pass,-0.9247,6.0
full_ols_av,pass,-3.0092,2.0
full_ols_av,pass,-0.3488,8.0
full_ols_av,pass,1.0661,6.0
full_ols_av,pass,-0.0142,0.0
full_ols_av,pass,-0.9617,0.0
full_ols_av,pass,-2.5206,2.0
full_ols_av,pass,-0.4388,1.0
full_ols_av,pass,-1.1284,4.0
full_ols_av,pass,-1.908,2.0
full_ols_av,pass,1.6343,8.0
full_ols_av,pass,1.9695,5.0
full_ols_av,pass,-1.3509,3.0
full_ols_av,pass,-1.6755,5.0
full_ols_av,pass,-0.923,2.0
full_ols_av,pass,-0.6518,3.0
full_ols_av,pass,1.7496,7.0
full_ols_av,pass,-0.626,8.0
full_ols_av,pass,-0.4181,7.0
full_ols_av,pass,2.9172,7.0
full_ols_av,pass,-0.9334,0.0
full_ols_av,pass,-0.4164,4.0
full_ols_av,pass,-0.6889,0.0
full_ols_av,pass,-2.0637,5.0
full_ols_av,pass,0.3649,6.0
full_ols_av,pass,-0.6548,4.0
full_ols_av,pass,-0.1554,0.0
full_ols_av,pass,0.0064,6.0
full_ols_av,pass,-0.4489,0.0
full_ols_av,pass,1.0202,8.0
full_ols_av,pass,-1.23,3.0
full_ols_av,pass,-0.5392,4.0
full_ols_av,pass,-0.1272,2.0
full_ols_av,pass,-0.0023,3.0
full_ols_av,pass,2.0883,7.0
full_ols_av,pass,0.4089,0.0
full_ols_av,pass,-2.8002,2.0
full_ols_av,pass,-1.0144,0.0
full_ols_av,pass,2.2362,7.0
full_ols_av,pass,-0.4958,0.0
full_ols_av,pass,-2.9677,1.0
full_ols_av,pass,-1.0426,0.0
full_ols_av,pass,0.2877,2.0
full_ols_av,pass,-1.3799,5.0
full_ols_av,pass,-0.0446,0.0
full_ols_av,pass,-1.0632,4.0
full_ols_av,pass,0.0073,3.0
full_ols_av,pass,0.1803,6.0
full_ols_av,pass,-2.1919,3.0
full_ols_av,pass,1.7324,6.0
full_ols_av,pass,-0.9531,1.0
full_ols_av,pass,-1.1865,3.0
full_ols_av,pass,-0.2624,3.0
full_ols_av,pass,0.124,5.0
full_ols_av,pass,-0.5614,6.0
full_ols_av,pass,0.3013,6.0
full_ols_av,pass,-0.3952,6.0
full_ols_av,pass,-1.9835,1.0
full_ols_av,pass,-0.0527,0.0
full_ols_av,pass,-0.063,4.0
full_ols_av,pass,1.7105,8.0
full_ols_av,pass,0.9071,3.0
full_ols_av,pass,1.4934,6.0
full_ols_av,pass,-2.2686,2.0
full_ols_av,pass,-0.3632,0.0
full_ols_av,pass,-0.1523,0.0
full_ols_av,pass,-0.0469,0.0
full_ols_av,pass,0.0548,0.0
full_ols_av,pass,-0.3491,0.0
full_ols_av,pass,-0.8725,7.0
full_ols_av,pass,-2.3435,4.0
full_ols_av,pass,-1.0512,3.0
full_ols_av,pass,-0.4968,0.0
full_ols_av,pass,1.1363,7.0
full_ols_av,pass,-0.5685,0.0
full_ols_av,pass,-3.9559,1.0
full_ols_av,pass,2.0457,7.0
full_ols_av,pass,-1.688,2.0
full_ols_av,pass,0.7924,7.0
full_ols_av,pass,0.2727,0.0
full_ols_av,pass,0.6052,0.0
full_ols_av,pass,1.782,7.0
full_ols_av,pass,-0.8227,0.0
full_ols_av,pass,1.854,7.0
full_ols_av,pass,0.285,4.0
full_ols_av,pass,1.0642,5.0
full_ols_av,pass,-0.9283,2.0
full_ols_av,pass,-0.5333,7.0
full_ols_av,pass,-0.5754,5.0
full_ols_av,pass,-2.3912,2.0
full_ols_av,pass,0.8566,1.0
full_ols_av,pass,0.3276,5.0
full_ols_av,pass,0.7062,5.0
full_ols_av,pass,-1.251,4.0
full_ols_av,pass,-0.6985,0.0
full_ols_av,pass,2.8345,7.0
full_ols_av,pass,-0.8492,2.0
full_ols_av,pass,-0.4589,0.0
full_ols_av,pass,-0.8465,6.0
full_ols_av,pass,-0.881,4.0
full_ols_av,pass,0.5546,3.0
full_ols_av,pass,-1.5144,7.0
full_ols_av,pass,0.4795,0.0
full_ols_av,pass,-0.4788,4.0
full_ols_av,pass,-0.146,3.0
full_ols_av,pass,0.4982,0.0
full_ols_av,pass,0.2585,7.0
full_ols_av,pass,-1.934,3.0
full_ols_av,pass,1.4466,6.0
full_ols_av,pass,-2.4175,3.0
full_ols_av,pass,-0.0609,0.0
full_ols_av,pass,-1.7286,1.0
full_ols_av,pass,0.3915,0.0
full_ols_av,pass,0.0921,0.0
full_ols_av,pass,-1.8012,1.0
full_ols_av,pass,-2.4622,4.0
full_ols_av,pass,-0.6537,7.0
full_ols_av,pass,-0.3529,0.0
full_ols_av,pass,-0.0386,7.0
full_ols_av,pass,2.8367,7.0
full_ols_av,pass,-0.5461,0.0
full_ols_av,pass,-0.6797,4.0
full_ols_av,pass,-0.2774,4.0
full_ols_av,pass,1.9025,0.0
full_ols_av,pass,0.4453,0.0
full_ols_av,pass,-0.1221,7.0
full_ols_av,pass,-0.6845,0.0
full_ols_av,pass,-0.5398,0.0
full_ols_av,pass,0.5698,2.0
full_ols_av,pass,-2.8907,1.0
full_ols_av,pass,-1.1716,0.0
full_ols_av,pass,-0.8786,9.0
full_ols_av,pass,-0.6727,0.0
full_ols_av,pass,-0.3418,0.0
full_ols_av,pass,0.1085,4.0
full_ols_av,pass,0.9595,0.0
full_ols_av,pass,1.2434,0.0
full_ols_av,pass,-1.4826,3.0
full_ols_av,pass,-0.3857,5.0
full_ols_av,pass,-0.1204,4.0
full_ols_av,pass,-3.1602,1.0
full_ols_av,pass,1.8754,8.0
full_ols_av,pass,2.2438,6.0
full_ols_av,pass,-0.5239,3.0
full_ols_av,pass,1.2618,7.0
full_ols_av,pass,-0.9154,0.0
full_ols_av,pass,0.1136,0.0
full_ols_av,pass,-4.4432,4.0
full_ols_av,pass,0.0607,3.0
full_ols_av,pass,-1.592,3.0
full_ols_av,pass,1.5545,7.0
full_ols_av,pass,-0.6545,2.0
full_ols_av,pass,-1.1424,2.0
full_ols_av,pass,-0.4657,0.0
full_ols_av,pass,-0.5738,0.0
full_ols_av,pass,-1.4995,6.0
full_ols_av,pass,-1.986,4.0
full_ols_av,pass,-0.3432,0.0
full_ols_av,pass,0.2511,2.0
full_ols_av,pass,-0.928,9.0
full_ols_av,pass,-1.9083,1.0
full_ols_av,pass,1.1134,7.0
full_ols_av,pass,-0.7333,0.0
full_ols_av,pass,0.0918,5.0
full_ols_av,pass,-1.2985,5.0
full_ols_av,pass,-1.3882,4.0
full_ols_av,pass,-2.335,4.0
full_ols_av,pass,-0.8307,0.0
full_ols_av,pass,0.5476,0.0
full_ols_av,pass,-0.262,6.0
full_ols_av,pass,0.9279,7.0
full_ols_av,pass,-0.4566,1.0
full_ols_av,pass,-0.4398,0.0
full_ols_av,pass,0.574,8.0
full_ols_av,pass,-0.6573,0.0
full_ols_av,pass,-0.8644,8.0
full_ols_av,pass,-0.6631,0.0
full_ols_av,pass,-0.5115,4.0
full_ols_av,pass,2.308,6.0
full_ols_av,pass,1.483,5.0
full_ols_av,pass,-1.3504,4.0
full_ols_av,pass,-0.371,1.0
full_ols_av,pass,-1.328,4.0
full_ols_av,pass,1.7979,7.0
full_ols_av,pass,-0.2014,4.0
full_ols_av,pass,-0.0271,0.0
full_ols_av,pass,-1.9694,5.0
full_ols_av,pass,-0.6748,6.0
full_ols_av,pass,-0.4987,0.0
full_ols_av,pass,1.2257,0.0
full_ols_av,pass,-1.6742,5.0
full_ols_av,pass,-2.1373,3.0
full_ols_av,pass,0.0491,6.0
full_ols_av,pass,-0.3145,4.0
full_ols_av,pass,-1.6116,6.0
full_ols_av,pass,-1.0913,5.0
full_ols_av,pass,2.4279,4.0
full_ols_av,pass,-1.5351,3.0
full_ols_av,pass,-0.099,5.0
full_ols_av,pass,0.7255,4.0
full_ols_av,pass,-0.9484,5.0
full_ols_av,pass,-0.0623,0.0
full_ols_av,pass,-0.1767,8.0
full_ols_av,pass,-0.9741,2.0
full_ols_av,pass,-1.6619,4.0
full_ols_av,pass,-0.3351,5.0
full_ols_av,pass,-0.2203,6.0
full_ols_av,pass,1.7443,7.0
full_ols_av,pass,-2.4356,5.0
full_ols_av,pass,1.0905,5.0
full_ols_av,pass,0.7111,4.0
full_ols_av,pass,1.316,7.0
full_ols_av,pass,-0.1529,5.0
full_ols_av,pass,0.3372,4.0
full_ols_av,pass,1.2291,9.0
full_ols_av,pass,-0.6908,3.0
full_ols_av,pass,-0.2515,3.0
full_ols_av,pass,-1.0953,5.0
full_ols_av,pass,-1.3474,2.0
full_ols_av,pass,-2.1185,4.0
full_ols_av,pass,1.763,5.0
full_ols_av,pass,-0.2309,0.0
full_ols_av,pass,-1.3249,2.0
full_ols_av,pass,0.1222,0.0
full_ols_av,pass,-0.8994,4.0
full_ols_av,pass,-0.8772,0.0
full_ols_av,pass,0.7698,0.0
full_ols_av,pass,-0.4483,4.0
full_ols_av,pass,-2.1665,1.0
full_ols_av,pass,0.2993,0.0
full_ols_av,pass,-0.7249,3.0
full_ols_av,pass,-0.6195,10.0
full_ols_av,pass,-0.6294,4.0
full_ols_av,pass,-0.3623,0.0
full_ols_av,pass,0.1124,9.0
full_ols_av,pass,-1.4077,5.0
full_ols_av,pass,-2.0974,2.0
full_ols_av,pass,0.0056,4.0
full_ols_av,pass,-0.0647,6.0
full_ols_av,pass,-0.4334,2.0
full_ols_av,pass,-0.0666,5.0
full_ols_av,pass,0.7266,2.0
full_ols_av,pass,-1.2932,7.0
full_ols_av,pass,-0.3321,0.0
full_ols_av,pass,1.0352,0.0
full_ols_av,pass,-0.0356,0.0
full_ols_av,pass,-1.3463,3.0
full_ols_av,pass,-2.0012,0.0
full_ols_av,pass,-1.7417,1.0
full_ols_av,pass,1.9838,8.0
full_ols_av,pass,0.0416,0.0
full_ols_av,pass,-2.0201,4.0
full_ols_av,pass,0.8471,0.0
full_ols_av,pass,-1.8485,1.0
full_ols_av,pass,-1.7227,0.0
full_ols_av,pass,-2.2946,4.0
full_ols_av,pass,1.4012,7.0
full_ols_av,pass,-1.3543,4.0
full_ols_av,pass,-0.8153,4.0
full_ols_av,pass,-0.9381,3.0
full_ols_av,pass,0.3421,0.0
full_ols_av,pass,-1.8581,4.0
full_ols_av,pass,-1.0842,3.0
full_ols_av,pass,-0.2427,5.0
full_ols_av,pass,0.0782,0.0
full_ols_av,pass,0.7625,0.0
full_ols_av,pass,-1.8452,3.0
full_ols_av,pass,-0.2051,3.0
full_ols_av,pass,0.0046,6.0
full_ols_av,pass,-1.5726,4.0
full_ols_av,pass,-1.1567,2.0
full_ols_av,pass,-1.6704,4.0
full_ols_av,pass,1.9485,7.0
full_ols_av,pass,-0.4362,3.0
full_ols_av,pass,-0.7412,0.0
full_ols_av,pass,-2.667,4.0
full_ols_av,pass,0.0012,0.0
full_ols_av,pass,-0.6883,0.0
full_ols_av,pass,-1.597,4.0
full_ols_av,pass,-0.0116,2.0
full_ols_av,pass,0.8436,0.0
full_ols_av,pass,-0.6097,0.0
full_ols_av,pass,-0.8044,3.0
full_ols_av,pass,-1.9211,4.0
full_ols_av,pass,-1.7161,2.0
full_ols_av,pass,-0.4397,0.0
full_ols_av,pass,-1.472,2.0
full_ols_av,pass,-0.0744,0.0
full_ols_av,pass,-0.8473,5.0
full_ols_av,pass,-2.6478,3.0
full_ols_av,pass,0.6417,5.0
full_ols_av,pass,0.7935,0.0
full_ols_av,pass,-0.7846,0.0
full_ols_av,pass,-0.5737,4.0
full_ols_av,pass,0.5786,7.0
full_ols_av,pass,-1.9802,2.0
full_ols_av,pass,-0.9143,0.0
full_ols_av,pass,-1.0782,0.0
full_ols_av,pass,-0.0774,5.0
full_ols_av,pass,1.41,7.0
full_ols_av,pass,0.2948,0.0
full_ols_av,pass,1.4385,8.0
full_ols_av,pass,-1.8116,4.0
full_ols_av,pass,-0.7996,3.0
full_ols_av,pass,-0.4515,0.0
full_ols_av,pass,-0.5657,4.0
full_ols_av,pass,-0.8564,3.0
full_ols_av,pass,-1.1487,0.0
full_ols_av,pass,1.3322,8.0
full_ols_av,pass,0.1755,4.0
full_ols_av,pass,0.0294,6.0
full_ols_av,pass,1.7197,4.0
full_ols_av,pass,-1.5104,5.0
full_ols_av,pass,-1.2728,4.0
full_ols_av,pass,0.7521,5.0
full_ols_av,pass,-0.2207,3.0
full_ols_av,pass,-0.8322,0.0
full_ols_av,pass,0.3682,0.0
full_ols_av,pass,-0.9001,0.0
full_ols_av,pass,-0.0473,5.0
full_ols_av,pass,-0.355,6.0
full_ols_av,pass,-0.8695,0.0
full_ols_av,pass,-2.6019,3.0
full_ols_av,pass,-0.7082,3.0
full_ols_av,pass,-0.4856,4.0
full_ols_av,pass,0.3114,0.0
full_ols_av,pass,-1.5416,0.0
full_ols_av,pass,0.3821,0.0
full_ols_av,pass,0.3015,0.0
full_ols_av,pass,1.657,7.0
full_ols_av,pass,-2.2242,5.0
full_ols_av,pass,0.0313,0.0
full_ols_av,pass,-1.9659,4.0
full_ols_av,pass,-1.9789,2.0
full_ols_av,pass,-0.714,5.0
full_ols_av,pass,-0.3022,3.0
full_ols_av,pass,-0.9597,5.0
full_ols_av,pass,2.8095,7.0
full_ols_av,pass,-0.01,6.0
full_ols_av,pass,-0.29,6.0
full_ols_av,pass,-0.2352,0.0
full_ols_av,pass,-0.3534,0.0
full_ols_av,pass,0.0065,4.0
full_ols_av,pass,-1.3145,4.0
full_ols_av,pass,-2.2602,4.0
full_ols_av,pass,-0.1787,8.0
full_ols_av,pass,-0.3952,8.0
full_ols_av,pass,-1.1888,0.0
full_ols_av,pass,0.4812,0.0
full_ols_av,pass,-2.5967,1.0
full_ols_av,pass,-1.3696,4.0
full_ols_av,pass,-1.0255,2.0
full_ols_av,pass,-0.5762,0.0
full_ols_av,pass,1.572,5.0
full_ols_av,pass,0.3076,0.0
full_ols_av,pass,-2.3718,5.0
full_ols_av,pass,0.7402,3.0
full_ols_av,pass,0.2805,0.0
full_ols_av,pass,0.1697,0.0
full_ols_av,pass,-0.6975,5.0
full_ols_av,pass,-0.6321,0.0
full_ols_av,pass,-0.2232,0.0
full_ols_av,pass,-1.4262,2.0
full_ols_av,pass,0.9006,10.0
full_ols_av,pass,1.1488,7.0
full_ols_av,pass,0.705,0.0
full_ols_av,pass,-0.4844,3.0
full_ols_av,pass,-1.3476,3.0
full_ols_av,pass,-0.9754,2.0
full_ols_av,pass,-1.1379,4.0
full_ols_av,pass,1.2573,5.0
full_ols_av,pass,-0.5064,0.0
full_ols_av,pass,-0.8488,0.0
full_ols_av,pass,-0.8825,3.0
full_ols_av,pass,0.5537,0.0
full_ols_av,pass,-1.9967,4.0
full_ols_av,pass,0.501,0.0
full_ols_av,pass,0.5476,0.0
full_ols_av,pass,-1.6218,4.0
full_ols_av,pass,-1.3588,4.0
full_ols_av,pass,-2.136,5.0
full_ols_av,pass,1.2579,5.0
full_ols_av,pass,-1.8944,3.0
full_ols_av,pass,1.4897,6.0
full_ols_av,pass,-0.3273,3.0
full_ols_av,pass,-3.0136,7.0
full_ols_av,pass,-1.3143,2.0
full_ols_av,pass,-0.5863,8.0
full_ols_av,pass,-0.6519,2.0
full_ols_av,pass,0.6623,0.0
full_ols_av,pass,-0.0002,0.0
full_ols_av,pass,1.0596,7.0
full_ols_av,pass,-1.82,4.0
full_ols_av,pass,-0.5023,4.0
full_ols_av,pass,-0.4666,4.0
full_ols_av,pass,-3.2708,3.0
full_ols_av,pass,0.2442,2.0
full_ols_av,pass,0.2197,0.0
full_ols_av,pass,2.0944,4.0
full_ols_av,pass,2.1738,6.0
full_ols_av,pass,-1.3533,0.0
full_ols_av,pass,-0.0479,0.0
full_ols_av,pass,-1.4375,5.0
full_ols_av,pass,-0.8597,0.0
full_ols_av,pass,-0.1783,6.0
full_ols_av,pass,-0.1792,5.0
full_ols_av,pass,-1.7688,4.0
full_ols_av,pass,2.0483,7.0
full_ols_av,pass,-0.0992,0.0
full_ols_av,pass,-2.7739,2.0
full_ols_av,pass,-0.6503,3.0
full_ols_av,pass,-1.6562,2.0
full_ols_av,pass,-0.3461,0.0
full_ols_av,pass,-2.4985,3.0
full_ols_av,pass,-1.1247,2.0
full_ols_av,pass,-0.3792,1.0
full_ols_av,pass,-1.6358,2.0
full_ols_av,pass,0.7416,0.0
full_ols_av,pass,0.9492,8.0
full_ols_av,pass,0.4722,4.0
full_ols_av,pass,-2.3118,5.0
full_ols_av,pass,1.6565,9.0
full_ols_av,pass,1.2501,2.0
full_ols_av,pass,-1.7573,5.0
full_ols_av,pass,-0.3408,3.0
full_ols_av,pass,-0.2864,2.0
full_ols_av,pass,-0.0914,0.0
full_ols_av,pass,2.4757,3.0
full_ols_av,pass,-0.4984,3.0
full_ols_av,pass,0.4491,8.0
full_ols_av,pass,-0.7149,4.0
full_ols_av,pass,-0.3393,9.0
full_ols_av,pass,1.9347,6.0
full_ols_av,pass,0.3512,0.0
full_ols_av,pass,-1.1269,0.0
full_ols_av,pass,0.3282,0.0
full_ols_av,pass,3.0513,4.0
full_ols_av,pass,-0.4545,2.0
full_ols_av,pass,-1.2813,2.0
full_ols_av,pass,0.4967,6.0
full_ols_av,pass,-2.0594,7.0
full_ols_av,pass,-2.0357,4.0
full_ols_av,pass,-0.3501,8.0
full_ols_av,pass,-2.7185,3.0
full_ols_av,pass,-0.695,0.0
full_ols_av,pass,1.2474,7.0
full_ols_av,pass,-0.1838,0.0
full_ols_av,pass,0.6846,4.0
full_ols_av,pass,-0.0913,0.0
full_ols_av,pass,1.4273,6.0
full_ols_av,pass,-0.82,0.0
full_ols_av,pass,-0.6134,0.0
full_ols_av,pass,-2.2352,4.0
full_ols_av,pass,1.8838,6.0
full_ols_av,pass,-0.1458,0.0
full_ols_av,pass,-0.0978,5.0
full_ols_av,pass,0.0554,4.0
full_ols_av,pass,-0.5327,10.0
full_ols_av,pass,0.2155,0.0
full_ols_av,pass,-1.289,3.0
full_ols_av,pass,-1.2226,0.0
full_ols_av,pass,0.1288,6.0
full_ols_av,pass,1.0494,0.0
full_ols_av,pass,0.1963,0.0
full_ols_av,pass,-2.2165,3.0
full_ols_av,pass,-1.1758,3.0
full_ols_av,pass,-1.7728,5.0
full_ols_av,pass,-0.0545,0.0
full_ols_av,pass,-2.0138,3.0
full_ols_av,pass,-2.0224,3.0
full_ols_av,pass,-1.4181,1.0
full_ols_av,pass,-0.6981,2.0
full_ols_av,pass,0.5785,1.0
full_ols_av,pass,-0.7036,3.0
full_ols_av,pass,0.2862,0.0
full_ols_av,pass,-0.0653,0.0
full_ols_av,pass,2.0361,9.0
full_ols_av,pass,-1.3535,3.0
full_ols_av,pass,-1.3377,2.0
full_ols_av,pass,0.1233,0.0
full_ols_av,pass,-0.2121,0.0
full_ols_av,pass,0.064,7.0
full_ols_av,pass,-0.537,4.0
full_ols_av,pass,0.1988,0.0
full_ols_av,pass,1.1772,5.0
full_ols_av,pass,1.0509,8.0
full_ols_av,pass,0.8227,0.0
full_ols_av,pass,-0.6883,4.0
full_ols_av,pass,-1.0596,0.0
full_ols_av,pass,-0.8319,7.0
full_ols_av,pass,0.6766,2.0
full_ols_av,pass,0.4076,0.0
full_ols_av,pass,0.0474,5.0
full_ols_av,pass,-1.1468,4.0
full_ols_av,pass,2.0893,8.0
full_ols_av,pass,-1.5196,1.0
full_ols_av,pass,-1.205,5.0
full_ols_av,pass,-1.1598,3.0
full_ols_av,pass,0.4854,0.0
full_ols_av,pass,-0.4041,0.0
full_ols_av,pass,1.3292,4.0
full_ols_av,pass,-0.7266,2.0
full_ols_av,pass,-3.2013,4.0
full_ols_av,pass,1.302,7.0
full_ols_av,pass,1.3647,0.0
full_ols_av,pass,-1.3824,6.0
full_ols_av,pass,-1.2365,3.0
full_ols_av,pass,-1.4862,4.0
full_ols_av,pass,-3.3954,4.0
full_ols_av,pass,-2.1549,3.0
full_ols_av,pass,-1.6623,4.0
full_ols_av,pass,-1.798,4.0
full_ols_av,pass,-1.0811,0.0
full_ols_av,pass,1.0684,5.0
full_ols_av,pass,-1.0944,3.0
full_ols_av,pass,2.3179,7.0
full_ols_av,pass,-0.3185,0.0
full_ols_av,pass,0.1217,0.0
full_ols_av,pass,-1.329,7.0
full_ols_av,pass,0.5449,0.0
full_ols_av,pass,-0.1817,0.0
full_ols_av,pass,0.9953,7.0
full_ols_av,pass,-0.6975,5.0
full_ols_av,pass,-4.0103,2.0
full_ols_av,pass,-0.7282,0.0
full_ols_av,pass,-0.6845,3.0
full_ols_av,pass,2.0383,9.0
full_ols_av,pass,0.3033,7.0
full_ols_av,pass,-0.3588,6.0
full_ols_av,pass,1.809,5.0
full_ols_av,pass,-1.4187,4.0
full_ols_av,pass,-2.4007,1.0
full_ols_av,pass,0.3386,6.0
full_ols_av,pass,-1.4706,1.0
full_ols_av,pass,-2.5075,2.0
full_ols_av,pass,0.5392,8.0
full_ols_av,pass,-1.8299,6.0
full_ols_av,pass,-1.3137,5.0
full_ols_av,pass,-0.0101,0.0
full_ols_av,pass,0.0211,7.0
full_ols_av,pass,-2.1446,4.0
full_ols_av,pass,-1.5224,4.0
full_ols_av,pass,-0.2153,0.0
full_ols_av,pass,-0.7086,2.0
full_ols_av,pass,0.2201,0.0
full_ols_av,pass,0.5723,8.0
full_ols_av,pass,0.7273,4.0
full_ols_av,pass,-1.5943,3.0
full_ols_av,pass,-0.5029,5.0
full_ols_av,pass,-0.2256,3.0
full_ols_av,pass,1.7721,7.0
full_ols_av,pass,-0.2617,0.0
full_ols_av,pass,-0.5688,5.0
full_ols_av,pass,-0.8862,2.0
full_ols_av,pass,1.9256,6.0
full_ols_av,pass,-0.0688,4.0
full_ols_av,pass,0.0131,0.0
full_ols_av,pass,-1.8217,5.0
full_ols_av,pass,-1.8233,1.0
full_ols_av,pass,-0.8087,3.0
full_ols_av,pass,0.7093,0.0
full_ols_av,pass,0.5528,9.0
full_ols_av,pass,-2.7294,3.0
full_ols_av,pass,-0.5626,0.0
full_ols_av,pass,1.5724,8.0
full_ols_av,pass,-0.5191,3.0
full_ols_av,pass,-0.6016,0.0
full_ols_av,pass,-1.2174,1.0
full_ols_av,pass,-0.6711,8.0
full_ols_av,pass,-1.6175,4.0
full_ols_av,pass,-0.9025,0.0
full_ols_av,pass,-1.9754,3.0
full_ols_av,pass,2.6633,7.0
full_ols_av,pass,0.4575,3.0
full_ols_av,pass,1.394,7.0
full_ols_av,pass,1.6148,4.0
full_ols_av,pass,-0.1351,4.0
full_ols_av,pass,1.3739,0.0
full_ols_av,pass,-1.8281,1.0
full_ols_av,pass,-0.9083,4.0
full_ols_av,pass,-2.0306,4.0
full_ols_av,pass,-0.137,0.0
full_ols_av,pass,-0.7061,4.0
full_ols_av,pass,0.4562,4.0
full_ols_av,pass,1.6099,9.0
full_ols_av,pass,1.6005,0.0
full_ols_av,pass,-0.1982,5.0
full_ols_av,pass,-0.2127,7.0
full_ols_av,pass,1.2399,7.0
full_ols_av,pass,0.5168,0.0
full_ols_av,pass,0.4963,0.0
full_ols_av,pass,-3.771,5.0
full_ols_av,pass,-0.6437,0.0
full_ols_av,pass,-0.5362,0.0
full_ols_av,pass,-0.7361,4.0
full_ols_av,pass,-1.6541,2.0
full_ols_av,pass,-0.8104,8.0
full_ols_av,pass,-0.6832,5.0
full_ols_av,pass,-0.8361,6.0
full_ols_av,pass,-1.3317,1.0
full_ols_av,pass,-1.6892,5.0
full_ols_av,pass,-1.3757,8.0
full_ols_av,pass,-0.2567,5.0
full_ols_av,pass,0.5749,5.0
full_ols_av,pass,-0.141,0.0
full_ols_av,pass,-0.8817,7.0
full_ols_av,pass,-0.7417,4.0
full_ols_av,pass,-0.3753,4.0
full_ols_av,pass,-0.8467,2.0
full_ols_av,pass,-1.7475,5.0
full_ols_av,pass,-1.3603,2.0
full_ols_av,pass,0.1683,0.0
full_ols_av,pass,-2.7617,2.0
full_ols_av,pass,-1.1725,4.0
full_ols_av,pass,-0.8956,4.0
full_ols_av,pass,-0.4771,0.0
full_ols_av,pass,-2.0151,4.0
full_ols_av,pass,-1.119,0.0
full_ols_av,pass,-0.4994,8.0
full_ols_av,pass,0.4354,0.0
full_ols_av,pass,-0.9701,4.0
full_ols_av,pass,0.3796,0.0
full_ols_av,pass,-0.5775,6.0
full_ols_av,pass,-0.5094,0.0
full_ols_av,pass,-0.1435,0.0
full_ols_av,pass,-1.1658,0.0
full_ols_av,pass,-2.4353,4.0
full_ols_av,pass,2.2323,8.0
full_ols_av,pass,0.3921,3.0
full_ols_av,pass,-0.0246,8.0
full_ols_av,pass,-0.5547,9.0
full_ols_av,pass,-2.4564,4.0
full_ols_av,pass,2.0585,9.0
full_ols_av,pass,1.8534,7.0
full_ols_av,pass,-0.4559,2.0
full_ols_av,pass,-1.3709,1.0
full_ols_av,pass,0.3101,7.0
full_ols_av,pass,-1.8708,2.0
full_ols_av,pass,-1.6603,2.0
full_ols_av,pass,-1.4377,5.0
full_ols_av,pass,1.9578,0.0
full_ols_av,pass,2.8101,8.0
full_ols_av,pass,1.7163,7.0
full_ols_av,pass,0.0513,0.0
full_ols_av,pass,-0.1842,5.0
full_ols_av,pass,0.0902,4.0
full_ols_av,pass,-1.5827,2.0
full_ols_av,pass,1.2129,5.0
full_ols_av,pass,-0.8709,1.0
full_ols_av,pass,-1.4309,5.0
full_ols_av,pass,-0.0883,1.0
full_ols_av,pass,-0.566,5.0
full_ols_av,pass,0.2799,0.0
full_ols_av,pass,0.8561,0.0
full_ols_av,pass,0.8982,0.0
full_ols_av,pass,-2.0185,1.0
full_ols_av,pass,-1.5753,1.0
full_ols_av,pass,-2.9401,5.0
full_ols_av,pass,-1.0484,4.0
full_ols_av,pass,-0.6663,5.0
full_ols_av,pass,-1.1702,5.0
full_ols_av,pass,-2.8463,1.0
full_ols_av,pass,2.2624,5.0
full_ols_av,pass,1.2878,7.0
full_ols_av,pass,1.2337,7.0
full_ols_av,pass,-1.2369,5.0
full_ols_av,pass,1.63,9.0
full_ols_av,pass,-0.9323,7.0
full_ols_av,pass,0.5285,0.0
full_ols_av,pass,-0.298,6.0
full_ols_av,pass,-1.2875,4.0
full_ols_av,pass,0.6163,4.0
full_ols_av,pass,2.9698,6.0
full_ols_av,pass,-1.3463,6.0
full_ols_av,pass,1.3912,5.0
full_ols_av,pass,-0.5156,5.0
full_ols_av,pass,-2.3713,4.0
full_ols_av,pass,0.4063,0.0
full_ols_av,pass,1.8357,7.0
full_ols_av,pass,1.0426,5.0
full_ols_av,pass,-0.9931,3.0
full_ols_av,pass,-0.3369,8.0
full_ols_av,pass,-0.5257,8.0
full_ols_av,pass,-0.8252,2.0
full_ols_av,pass,-0.3604,2.0
full_ols_av,pass,1.1712,6.0
full_ols_av,pass,1.9749,6.0
full_ols_av,pass,-0.5608,5.0
full_ols_av,pass,-0.1941,6.0
full_ols_av,pass,-0.3209,10.0
full_ols_av,pass,-1.4232,4.0
full_ols_av,pass,-1.1063,7.0
full_ols_av,pass,0.7281,9.0
full_ols_av,pass,-0.5639,0.0
full_ols_av,pass,-1.84,6.0
full_ols_av,pass,-0.8794,0.0
full_ols_av,pass,-0.9848,3.0
full_ols_av,pass,-1.0393,1.0
full_ols_av,pass,-0.0895,0.0
full_ols_av,pass,-1.4352,5.0
full_ols_av,pass,-2.617,1.0
full_ols_av,pass,-0.6016,5.0
full_ols_av,pass,3.0712,8.0
full_ols_av,pass,-2.476,7.0
full_ols_av,pass,-0.4201,3.0
full_ols_av,pass,0.1354,0.0
full_ols_av,pass,-1.3644,5.0
full_ols_av,pass,-0.114,8.0
full_ols_av,pass,1.9824,8.0
full_ols_av,pass,-3.2449,4.0
full_ols_av,pass,-0.4957,0.0
full_ols_av,pass,0.5515,6.0
full_ols_av,pass,0.1832,0.0
full_ols_av,pass,-1.5454,0.0
full_ols_av,pass,-0.3051,4.0
full_ols_av,pass,-0.6539,5.0
full_ols_av,pass,-1.7345,4.0
full_ols_av,pass,-0.9275,1.0
full_ols_av,pass,-1.3993,3.0
full_ols_av,pass,-0.253,0.0
full_ols_av,pass,1.2082,5.0
full_ols_av,pass,0.8048,5.0
full_ols_av,pass,-0.0847,7.0
full_ols_av,pass,0.1681,7.0
full_ols_av,pass,0.2635,0.0
full_ols_av,pass,-0.801,4.0
full_ols_av,pass,-2.1504,5.0
full_ols_av,pass,-0.048,0.0
full_ols_av,pass,1.8335,7.0
full_ols_av,pass,-0.4804,3.0
full_ols_av,pass,-2.3749,1.0
full_ols_av,pass,-1.2875,8.0
full_ols_av,pass,-0.3793,4.0
full_ols_av,pass,-1.91,2.0
full_ols_av,pass,0.3271,0.0
full_ols_av,pass,-0.8401,0.0
full_ols_av,pass,-2.2356,4.0
full_ols_av,pass,-1.1756,0.0
full_ols_av,pass,-0.2947,0.0
full_ols_av,pass,-1.1471,0.0
full_ols_av,pass,-0.527,0.0
full_ols_av,pass,-0.6925,0.0
full_ols_av,pass,-2.921,4.0
full_ols_av,pass,-0.6075,3.0
full_ols_av,pass,-2.5151,2.0
full_ols_av,pass,-0.5022,7.0
full_ols_av,pass,-1.0049,0.0
full_ols_av,pass,-1.2025,3.0
full_ols_av,pass,-0.2769,0.0
full_ols_av,pass,-1.7052,3.0
full_ols_av,pass,-0.8502,4.0
full_ols_av,pass,1.0097,7.0
full_ols_av,pass,-2.009,3.0
full_ols_av,pass,-0.4803,0.0
full_ols_av,pass,-2.1875,4.0
full_ols_av,pass,-1.2013,4.0
full_ols_av,pass,-0.0382,0.0
full_ols_av,pass,-3.0047,4.0
full_ols_av,pass,-1.1643,1.0
full_ols_av,pass,-1.5601,5.0
full_ols_av,pass,-0.0279,0.0
full_ols_av,pass,-0.325,3.0
full_ols_av,pass,-0.6732,2.0
full_ols_av,pass,-0.6345,0.0
full_ols_av,pass,-1.3216,7.0
full_ols_av,pass,-1.134,0.0
full_ols_av,pass,1.0833,3.0
full_ols_av,pass,-0.8601,0.0
full_ols_av,pass,-1.506,3.0
full_ols_av,pass,0.2797,0.0
full_ols_av,pass,-1.496,2.0
full_ols_av,pass,2.6019,6.0
full_ols_av,pass,-0.6717,5.0
full_ols_av,pass,-0.7572,3.0
full_ols_av,pass,0.5182,0.0
full_ols_av,pass,0.0797,3.0
full_ols_av,pass,-1.536,6.0
full_ols_av,pass,0.7857,7.0
full_ols_av,pass,0.9678,2.0
full_ols_av,pass,0.7237,5.0
full_ols_av,pass,-1.5475,3.0
full_ols_av,pass,-0.1575,5.0
full_ols_av,pass,-0.2412,0.0
full_ols_av,pass,1.617,6.0
full_ols_av,pass,-1.776,2.0
full_ols_av,pass,-0.7517,0.0
full_ols_av,pass,-3.078,2.0
full_ols_av,pass,-2.9582,1.0
full_ols_av,pass,0.2482,5.0
full_ols_av,pass,-1.5225,4.0
full_ols_av,pass,1.2933,8.0
full_ols_av,pass,-2.0545,4.0
full_ols_av,pass,-0.067,7.0
full_ols_av,pass,1.4465,6.0
full_ols_av,pass,-0.1792,6.0
full_ols_av,pass,2.2089,5.0
full_ols_av,pass,-1.531,4.0
full_ols_av,pass,0.1258,4.0
full_ols_av,pass,1.7652,7.0
full_ols_av,pass,-1.5794,2.0
full_ols_av,pass,1.8661,6.0
full_ols_av,pass,-0.1753,3.0
full_ols_av,pass,-1.1697,2.0
full_ols_av,pass,-2.5605,3.0
full_ols_av,pass,0.1527,0.0
full_ols_av,pass,-0.5457,3.0
full_ols_av,pass,-1.1753,1.0
full_ols_av,pass,1.0049,6.0
full_ols_av,pass,-1.2867,2.0
full_ols_av,pass,1.6013,5.0
full_ols_av,pass,-1.568,2.0
full_ols_av,pass,-0.9788,3.0
full_ols_av,pass,1.0701,7.0
full_ols_av,pass,-0.433,4.0
full_ols_av,pass,0.6148,4.0
full_ols_av,pass,-1.1877,3.0
full_ols_av,pass,-0.3929,5.0
full_ols_av,pass,0.8186,4.0
full_ols_av,pass,0.0895,0.0
full_ols_av,pass,-0.5792,6.0
full_ols_av,pass,-0.3098,5.0
full_ols_av,pass,0.8391,4.0
full_ols_av,pass,2.1672,7.0
full_ols_av,pass,-0.6584,6.0
full_ols_av,pass,-2.3376,4.0
full_ols_av,pass,-0.8031,3.0
full_ols_av,pass,-1.322,4.0
full_ols_av,pass,-1.9823,4.0
full_ols_av,pass,-0.355,0.0
full_ols_av,pass,-0.782,3.0
full_ols_av,pass,-0.8751,0.0
full_ols_av,pass,-1.2147,3.0
full_ols_av,pass,0.1403,0.0
full_ols_av,pass,-0.7133,4.0
full_ols_av,pass,-0.4035,6.0
full_ols_av,pass,-0.1502,8.0
full_ols_av,pass,-1.6275,4.0
full_ols_av,pass,0.5713,3.0
full_ols_av,pass,-0.5281,6.0
full_ols_av,pass,2.7944,9.0
full_ols_av,pass,-0.4804,0.0
full_ols_av,pass,-1.6081,4.0
full_ols_av,pass,-0.2868,0.0
full_ols_av,pass,-0.0772,0.0
full_ols_av,pass,1.1987,0.0
full_ols_av,pass,-0.0587,2.0
full_ols_av,pass,0.2832,0.0
full_ols_av,pass,0.5218,0.0
full_ols_av,pass,-1.0928,4.0
full_ols_av,pass,1.8643,8.0
full_ols_av,pass,-0.5196,0.0
full_ols_av,pass,-1.3535,2.0
full_ols_av,pass,1.6937,6.0
full_ols_av,pass,-0.5334,3.0
full_ols_av,pass,-0.6253,4.0
full_ols_av,pass,-2.9141,4.0
full_ols_av,pass,-1.9802,4.0
full_ols_av,pass,1.9008,7.0
full_ols_av,pass,-1.116,0.0
full_ols_av,pass,1.553,8.0
full_ols_av,pass,0.1562,4.0
full_ols_av,pass,-2.0246,5.0
full_ols_av,pass,0.4327,0.0
full_ols_av,pass,0.661,6.0
full_ols_av,pass,-1.0649,0.0
full_ols_av,pass,0.2617,0.0
full_ols_av,pass,-0.6328,3.0
full_ols_av,pass,-0.5654,6.0
full_ols_av,pass,-0.4688,2.0
full_ols_av,pass,-0.1986,6.0
full_ols_av,pass,0.2834,5.0
full_ols_av,pass,-0.4524,0.0
full_ols_av,pass,1.9352,6.0
full_ols_av,pass,-1.2855,4.0
full_ols_av,pass,-1.7457,4.0
full_ols_av,pass,-1.5056,5.0
full_ols_av,pass,-1.8216,3.0
full_ols_av,pass,-0.2493,7.0
full_ols_av,pass,-0.0386,0.0
full_ols_av,pass,-1.9508,5.0
full_ols_av,pass,-2.9715,4.0
full_ols_av,pass,-1.0011,0.0
full_ols_av,pass,2.1889,5.0
full_ols_av,pass,0.0915,0.0
full_ols_av,pass,0.0081,3.0
full_ols_av,pass,-0.8357,0.0
full_ols_av,pass,2.5663,8.0
full_ols_av,pass,-0.8527,0.0
full_ols_av,pass,-0.0443,7.0
full_ols_av,pass,0.1205,5.0
full_ols_av,pass,-2.322,6.0
full_ols_av,pass,-0.8086,2.0
full_ols_av,pass,-1.1524,1.0
full_ols_av,pass,-0.535,6.0
full_ols_av,pass,-1.1686,4.0
full_ols_av,pass,0.228,0.0
full_ols_av,pass,0.6276,0.0
full_ols_av,pass,-0.3423,4.0
full_ols_av,pass,-1.6565,7.0
full_ols_av,pass,-0.9652,0.0
full_ols_av,pass,0.2215,0.0
full_ols_av,pass,-0.9017,4.0
full_ols_av,pass,-1.1163,0.0
full_ols_av,pass,0.7688,9.0
full_ols_av,pass,0.8831,2.0
full_ols_av,pass,-0.711,0.0
full_ols_av,pass,-0.7914,4.0
full_ols_av,pass,-2.5648,0.0
full_ols_av,pass,-1.3246,7.0
full_ols_av,pass,2.023,5.0
full_ols_av,pass,-0.7829,0.0
full_ols_av,pass,-0.4691,0.0
full_ols_av,pass,-0.5405,6.0
full_ols_av,pass,0.1631,0.0
full_ols_av,pass,-0.0896,0.0
full_ols_av,pass,-0.9241,3.0
full_ols_av,pass,-1.9101,2.0
full_ols_av,pass,-0.0697,6.0
full_ols_av,pass,0.2025,5.0
full_ols_av,pass,0.1804,4.0
full_ols_av,pass,-1.522,1.0
full_ols_av,pass,-0.6115,1.0
full_ols_av,pass,-0.3355,5.0
full_ols_av,pass,1.0236,2.0
full_ols_av,pass,-1.7471,4.0
full_ols_av,pass,-1.6805,2.0
full_ols_av,pass,-2.8325,4.0
full_ols_av,pass,-0.4923,5.0
full_ols_av,pass,1.4493,5.0
full_ols_av,pass,-2.5131,4.0
full_ols_av,pass,1.7969,8.0
full_ols_av,pass,0.4738,0.0
full_ols_av,pass,-0.8209,0.0
full_ols_av,pass,-0.5659,0.0
full_ols_av,pass,-1.1614,4.0
full_ols_av,pass,-0.4484,0.0
full_ols_av,pass,-0.5778,6.0
full_ols_av,pass,-2.3304,4.0
full_ols_av,pass,-1.5555,4.0
full_ols_av,pass,-0.5433,7.0
full_ols_av,pass,-1.3582,1.0
full_ols_av,pass,2.0671,7.0
full_ols_av,pass,-2.5063,3.0
full_ols_av,pass,-0.5952,0.0
full_ols_av,pass,1.9543,6.0
full_ols_av,pass,0.322,4.0
full_ols_av,pass,-1.21,2.0
full_ols_av,pass,-1.9099,3.0
full_ols_av,pass,-0.8335,4.0
full_ols_av,pass,-2.322,3.0
full_ols_av,pass,-0.4926,0.0
full_ols_av,pass,-0.89,0.0
full_ols_av,pass,-1.9591,4.0
full_ols_av,pass,0.1277,3.0
full_ols_av,pass,-0.2658,0.0
full_ols_av,pass,-0.7686,1.0
full_ols_av,pass,-0.7936,1.0
full_ols_av,pass,-0.6875,0.0
full_ols_av,pass,0.2664,3.0
full_ols_av,pass,1.9385,5.0
full_ols_av,pass,2.3059,9.0
full_ols_av,pass,0.5285,5.0
full_ols_av,pass,0.4495,0.0
full_ols_av,pass,-0.5496,1.0
full_ols_av,pass,-1.5765,3.0
full_ols_av,pass,-0.3615,0.0
full_ols_av,pass,-2.2074,4.0
full_ols_av,pass,0.2421,0.0
full_ols_av,pass,-1.701,6.0
full_ols_av,pass,-2.4154,2.0
full_ols_av,pass,2.561,5.0
full_ols_av,pass,-2.1074,3.0
full_ols_av,pass,-0.5908,3.0
full_ols_av,pass,-1.6389,5.0
full_ols_av,pass,-0.0528,3.0
full_ols_av,pass,-1.3995,0.0
full_ols_av,pass,-0.0237,0.0
full_ols_av,pass,-0.5934,0.0
full_ols_av,pass,-0.5528,6.0
full_ols_av,pass,-3.1164,4.0
full_ols_av,pass,0.1684,2.0
full_ols_av,pass,-0.3006,0.0
full_ols_av,pass,-0.4511,1.0
full_ols_av,pass,-1.4967,3.0
full_ols_av,pass,-0.6228,0.0
full_ols_av,pass,-0.985,0.0
full_ols_av,pass,-0.9971,8.0
full_ols_av,pass,1.3138,2.0
full_ols_av,pass,-1.356,0.0
full_ols_av,pass,-0.3549,2.0
full_ols_av,pass,-0.0662,7.0
full_ols_av,pass,-1.4255,0.0
full_ols_av,pass,0.8875,2.0
full_ols_av,pass,-1.8173,0.0
full_ols_av,pass,-0.8668,6.0
full_ols_av,pass,-0.7739,7.0
full_ols_av,pass,-2.8812,1.0
full_ols_av,pass,-1.435,2.0
full_ols_av,pass,-2.7306,2.0
full_ols_av,pass,-3.3036,4.0
full_ols_av,pass,-0.2421,6.0
full_ols_av,pass,-0.6454,2.0
full_ols_av,pass,-2.3511,6.0
full_ols_av,pass,-1.9011,3.0
full_ols_av,pass,-0.755,4.0
full_ols_av,pass,0.8477,0.0
full_ols_av,pass,0.5016,0.0
full_ols_av,pass,-0.6062,0.0
full_ols_av,pass,-1.4972,3.0
full_ols_av,pass,-0.7685,3.0
full_ols_av,pass,-1.179,0.0
full_ols_av,pass,-1.514,1.0
full_ols_av,pass,-1.242,2.0
full_ols_av,pass,-2.455,3.0
full_ols_av,pass,-0.0554,0.0
full_ols_av,pass,-0.6256,3.0
full_ols_av,pass,0.933,0.0
full_ols_av,pass,0.4102,0.0
full_ols_av,pass,-0.7457,3.0
full_ols_av,pass,-1.039,0.0
full_ols_av,pass,0.3889,4.0
full_ols_av,pass,-1.0534,5.0
full_ols_av,pass,-2.4967,1.0
full_ols_av,pass,-0.3338,0.0
full_ols_av,pass,1.6333,8.0
full_ols_av,pass,1.7674,5.0
full_ols_av,pass,0.1975,2.0
full_ols_av,pass,0.0648,0.0
full_ols_av,pass,-0.0319,0.0
full_ols_av,pass,-1.4491,3.0
full_ols_av,pass,-1.9122,0.0
full_ols_av,pass,-1.5388,0.0
full_ols_av,pass,1.2107,4.0
full_ols_av,pass,-0.9509,2.0
full_ols_av,pass,-0.4102,0.0
full_ols_av,pass,0.39,0.0
full_ols_av,pass,-1.0739,3.0
full_ols_av,pass,0.2188,7.0
full_ols_av,pass,-0.5046,3.0
full_ols_av,pass,-1.941,2.0
full_ols_av,pass,-0.2429,4.0
full_ols_av,pass,0.2836,3.0
full_ols_av,pass,-3.047,5.0
full_ols_av,pass,-0.8218,3.0
full_ols_av,pass,-2.5803,3.0
full_ols_av,pass,-0.4436,3.0
full_ols_av,pass,2.3746,7.0
full_ols_av,pass,-1.7392,5.0
full_ols_av,pass,-1.2297,1.0
full_ols_av,pass,-1.7466,5.0
full_ols_av,pass,-0.0811,7.0
full_ols_av,pass,-2.6608,2.0
full_ols_av,pass,-0.4945,4.0
full_ols_av,pass,-1.6445,5.0
full_ols_av,pass,-0.4173,0.0
full_ols_av,pass,-0.841,5.0
full_ols_av,pass,-2.6175,3.0
full_ols_av,pass,-0.0665,5.0
full_ols_av,pass,-0.1508,6.0
full_ols_av,pass,-0.2943,0.0
full_ols_av,pass,-0.4952,0.0
full_ols_av,pass,-2.1571,5.0
full_ols_av,pass,-2.4398,4.0
full_ols_av,pass,-0.6843,3.0
full_ols_av,pass,0.1703,3.0
full_ols_av,pass,1.9708,8.0
full_ols_av,pass,2.7248,7.0
full_ols_av,pass,1.1669,8.0
full_ols_av,pass,-1.7288,2.0
full_ols_av,pass,2.1725,7.0
full_ols_av,pass,-0.743,2.0
full_ols_av,pass,0.5651,0.0
full_ols_av,pass,-0.8336,3.0
full_ols_av,pass,0.9749,5.0
full_ols_av,pass,-0.3301,3.0
full_ols_av,pass,-0.347,6.0
full_ols_av,pass,-0.3407,7.0
full_ols_av,pass,1.1333,8.0
full_ols_av,pass,-0.3175,0.0
full_ols_av,pass,-0.3652,0.0
full_ols_av,pass,-0.7493,0.0
full_ols_av,pass,-2.001,4.0
full_ols_av,pass,0.1237,0.0
full_ols_av,pass,-0.5777,0.0
full_ols_av,pass,-0.2271,2.0
full_ols_av,pass,-0.7331,6.0
full_ols_av,pass,-0.0322,0.0
full_ols_av,pass,-0.8303,0.0
full_ols_av,pass,-2.8849,6.0
full_ols_av,pass,1.2365,0.0
full_ols_av,pass,-1.6677,2.0
full_ols_av,pass,2.4999,6.0
full_ols_av,pass,0.2973,0.0
full_ols_av,pass,-1.1089,3.0
full_ols_av,pass,-1.8243,2.0
full_ols_av,pass,0.0454,0.0
full_ols_av,pass,-1.8168,7.0
full_ols_av,pass,1.0284,6.0
full_ols_av,pass,0.7382,8.0
full_ols_av,pass,0.0183,8.0
full_ols_av,pass,-0.1726,2.0
full_ols_av,pass,0.0537,2.0
full_ols_av,pass,-1.4773,4.0
full_ols_av,pass,-2.9309,2.0
full_ols_av,pass,-1.3927,5.0
full_ols_av,pass,1.708,9.0
full_ols_av,pass,-1.5336,3.0
full_ols_av,pass,0.2659,4.0
full_ols_av,pass,-1.6103,2.0
full_ols_av,pass,-0.098,9.0
full_ols_av,pass,-1.2448,7.0
full_ols_av,pass,-0.1476,0.0
full_ols_av,pass,-0.1856,4.0
full_ols_av,pass,-0.733,5.0
full_ols_av,pass,0.1687,0.0
full_ols_av,pass,-0.3726,4.0
full_ols_av,pass,1.6468,8.0
full_ols_av,pass,1.3947,8.0
full_ols_av,pass,1.1658,7.0
full_ols_av,pass,-0.0886,4.0
full_ols_av,pass,-0.0466,0.0
full_ols_av,pass,1.5112,8.0
full_ols_av,pass,-0.1132,3.0
full_ols_av,pass,-1.5026,4.0
full_ols_av,pass,1.1614,6.0
full_ols_av,pass,0.2993,2.0
full_ols_av,pass,-0.8315,7.0
full_ols_av,pass,-1.493,6.0
full_ols_av,pass,0.4806,3.0
full_ols_av,pass,2.2846,6.0
full_ols_av,pass,-0.7071,6.0
full_ols_av,pass,0.48,0.0
full_ols_av,pass,-0.7854,2.0
full_ols_av,pass,-0.8861,5.0
full_ols_av,pass,-0.4847,5.0
full_ols_av,pass,-0.7888,0.0
full_ols_av,pass,-1.1524,0.0
full_ols_av,pass,0.5638,7.0
full_ols_av,pass,-2.7213,2.0
full_ols_av,pass,-0.3666,4.0
full_ols_av,pass,-0.6763,4.0
full_ols_av,pass,-2.4553,2.0
full_ols_av,pass,1.2784,7.0
full_ols_av,pass,-0.4776,1.0
full_ols_av,pass,-0.9173,3.0
full_ols_av,pass,-1.0837,1.0
full_ols_av,pass,1.0394,6.0
full_ols_av,pass,-1.1093,0.0
full_ols_av,pass,-1.0438,2.0
full_ols_av,pass,0.1842,0.0
full_ols_av,pass,-1.0736,6.0
full_ols_av,pass,2.1888,8.0
full_ols_av,pass,-0.3244,0.0
full_ols_av,pass,-0.9667,3.0
full_ols_av,pass,-1.6797,5.0
full_ols_av,pass,-0.2479,2.0
full_ols_av,pass,1.2261,0.0
full_ols_av,pass,0.342,2.0
full_ols_av,pass,-1.4636,2.0
full_ols_av,pass,-1.4442,2.0
full_ols_av,pass,0.6605,5.0
full_ols_av,pass,-0.35,0.0
full_ols_av,pass,-2.2463,2.0
full_ols_av,pass,-1.7091,3.0
full_ols_av,pass,-1.1277,6.0
full_ols_av,pass,-1.3469,3.0
full_ols_av,pass,-0.2462,2.0
full_ols_av,pass,-2.8343,2.0
full_ols_av,pass,-0.0824,0.0
full_ols_av,pass,-0.1631,0.0
full_ols_av,pass,-0.5304,7.0
full_ols_av,pass,1.6445,7.0
full_ols_av,pass,-1.3638,6.0
full_ols_av,pass,0.084,0.0
full_ols_av,pass,-1.0836,0.0
full_ols_av,pass,-1.7793,4.0
full_ols_av,pass,-0.7288,5.0
full_ols_av,pass,0.3453,8.0
full_ols_av,pass,-1.9144,3.0
full_ols_av,pass,-1.3099,0.0
full_ols_av,pass,-0.4545,5.0
full_ols_av,pass,0.1564,0.0
full_ols_av,pass,0.7441,7.0
full_ols_av,pass,-0.4287,0.0
full_ols_av,pass,-0.7444,0.0
full_ols_av,pass,-2.3311,2.0
full_ols_av,pass,-1.2701,0.0
full_ols_av,pass,0.3194,0.0
full_ols_av,pass,-0.2413,8.0
full_ols_av,pass,-0.1774,3.0
full_ols_av,pass,-0.5342,3.0
full_ols_av,pass,-1.6904,3.0
full_ols_av,pass,-1.9005,1.0
full_ols_av,pass,-2.9786,3.0
full_ols_av,pass,-1.5448,2.0
full_ols_av,pass,-1.4072,1.0
full_ols_av,pass,0.0338,6.0
full_ols_av,pass,-2.3513,4.0
full_ols_av,pass,-0.4755,6.0
full_ols_av,pass,-0.8591,0.0
full_ols_av,pass,-1.1626,0.0
full_ols_av,pass,0.1366,0.0
full_ols_av,pass,-0.3975,8.0
full_ols_av,pass,-1.0129,0.0
full_ols_av,pass,-0.1845,4.0
full_ols_av,pass,-0.2742,0.0
full_ols_av,pass,-1.1569,1.0
full_ols_av,pass,-1.1819,3.0
full_ols_av,pass,0.1391,4.0
full_ols_av,pass,-0.9558,7.0
full_ols_av,pass,-0.0116,0.0
full_ols_av,pass,-0.7136,5.0
full_ols_av,pass,2.6556,7.0
full_ols_av,pass,0.9046,4.0
full_ols_av,pass,0.2451,8.0
full_ols_av,pass,-0.207,0.0
full_ols_av,pass,-0.9733,0.0
full_ols_av,pass,-1.1714,4.0
full_ols_av,pass,-0.3583,0.0
full_ols_av,pass,-2.0204,4.0
full_ols_av,pass,-0.8501,3.0
full_ols_av,pass,-1.3371,4.0
full_ols_av,pass,0.165,0.0
full_ols_av,pass,0.2929,6.0
full_ols_av,pass,-0.1259,6.0
full_ols_av,pass,-2.0386,5.0
full_ols_av,pass,1.2499,8.0
full_ols_av,pass,-0.5264,9.0
full_ols_av,pass,-2.0578,1.0
full_ols_av,pass,-0.404,2.0
full_ols_av,pass,2.0358,9.0
full_ols_av,pass,1.3994,8.0
full_ols_av,pass,-0.3055,1.0
full_ols_av,pass,-2.2737,4.0
full_ols_av,pass,-1.4001,2.0
full_ols_av,pass,2.0282,3.0
full_ols_av,pass,0.1147,0.0
full_ols_av,pass,0.9195,4.0
full_ols_av,pass,-0.0505,0.0
full_ols_av,pass,-1.6958,6.0
full_ols_av,pass,-0.5069,0.0
full_ols_av,pass,0.3799,7.0
full_ols_av,pass,-0.3007,0.0
full_ols_av,pass,-2.4555,3.0
full_ols_av,pass,0.037,0.0
full_ols_av,pass,1.5508,5.0
full_ols_av,pass,-0.3522,0.0
full_ols_av,pass,1.1808,6.0
full_ols_av,pass,-1.9982,5.0
full_ols_av,pass,-1.2697,4.0
full_ols_av,pass,-0.7346,0.0
full_ols_av,pass,-2.6833,5.0
full_ols_av,pass,-1.2924,2.0
full_ols_av,pass,-1.461,1.0
full_ols_av,pass,1.1679,9.0
full_ols_av,pass,-1.8004,3.0
full_ols_av,pass,-0.8671,0.0
full_ols_av,pass,0.1617,0.0
full_ols_av,pass,-0.1108,0.0
full_ols_av,pass,-0.2217,4.0
full_ols_av,pass,-1.3161,0.0
full_ols_av,pass,-1.7017,1.0
full_ols_av,pass,-0.982,4.0
full_ols_av,pass,-1.1349,4.0
full_ols_av,pass,-0.1451,0.0
full_ols_av,pass,-0.5812,0.0
full_ols_av,pass,-1.976,0.0
full_ols_av,pass,-1.7382,3.0
full_ols_av,pass,-1.4121,3.0
full_ols_av,pass,0.3818,5.0
full_ols_av,pass,-1.868,5.0
full_ols_av,pass,-0.4987,2.0
full_ols_av,pass,1.3043,0.0
full_ols_av,pass,1.8417,7.0
full_ols_av,pass,-1.156,0.0
full_ols_av,pass,0.0948,5.0
full_ols_av,pass,-1.7726,3.0
full_ols_av,pass,0.1311,3.0
full_ols_av,pass,-0.6776,4.0
full_ols_av,pass,-0.7052,4.0
full_ols_av,pass,-0.3416,0.0
full_ols_av,pass,-2.6405,3.0
full_ols_av,pass,-2.6038,4.0
full_ols_av,pass,-1.4755,3.0
full_ols_av,pass,-0.0965,1.0
full_ols_av,pass,0.4998,0.0
full_ols_av,pass,0.2073,6.0
full_ols_av,pass,1.8784,4.0
full_ols_av,pass,-0.2371,0.0
full_ols_av,pass,-0.7,0.0
full_ols_av,pass,-1.2808,0.0
full_ols_av,pass,-2.2974,1.0
full_ols_av,pass,-0.1298,0.0
full_ols_av,pass,2.1402,6.0
full_ols_av,pass,0.8145,0.0
full_ols_av,pass,1.4999,8.0
full_ols_av,pass,-1.2701,2.0
full_ols_av,pass,1.5711,5.0
full_ols_av,pass,-1.642,3.0
full_ols_av,pass,0.2672,0.0
full_ols_av,pass,-0.9949,0.0
full_ols_av,pass,-1.4776,5.0
full_ols_av,pass,-0.3274,7.0
full_ols_av,pass,-0.1734,0.0
full_ols_av,pass,-0.4923,6.0
full_ols_av,pass,-0.5219,7.0
full_ols_av,pass,-1.7138,4.0
full_ols_av,pass,-0.3054,0.0
full_ols_av,pass,-1.9425,5.0
full_ols_av,pass,-0.293,0.0
full_ols_av,pass,-1.2768,5.0
full_ols_av,pass,-0.299,0.0
full_ols_av,pass,-0.3863,4.0
full_ols_av,pass,-2.3732,3.0
full_ols_av,pass,-0.8883,5.0
full_ols_av,pass,-0.9099,0.0
full_ols_av,pass,-1.7891,3.0
full_ols_av,pass,-0.5311,3.0
full_ols_av,pass,0.541,2.0
full_ols_av,pass,1.6758,9.0
full_ols_av,pass,-0.4749,3.0
full_ols_av,pass,2.9651,8.0
full_ols_av,pass,-2.3106,5.0
full_ols_av,pass,-1.3662,6.0
full_ols_av,pass,-0.6235,0.0
full_ols_av,pass,-1.7059,5.0
full_ols_av,pass,0.6151,0.0
full_ols_av,pass,-0.3737,4.0
full_ols_av,pass,0.377,0.0
full_ols_av,pass,2.9495,8.0
full_ols_av,pass,-0.4115,2.0
full_ols_av,pass,0.0862,7.0
full_ols_av,pass,-1.6731,1.0
full_ols_av,pass,-0.9801,7.0
full_ols_av,pass,0.2551,0.0
full_ols_av,pass,-0.3068,6.0
full_ols_av,pass,-0.5963,2.0
full_ols_av,pass,-0.9642,2.0
full_ols_av,pass,-1.0436,2.0
full_ols_av,pass,-0.3896,0.0
full_ols_av,pass,-1.9324,4.0
full_ols_av,pass,0.7204,0.0
full_ols_av,pass,-0.732,4.0
full_ols_av,pass,0.7467,3.0
full_ols_av,pass,-0.8762,6.0
full_ols_av,pass,-0.6546,4.0
full_ols_av,pass,-1.7484,7.0
full_ols_av,pass,0.5526,5.0
full_ols_av,pass,-1.3294,3.0
full_ols_av,pass,-0.7706,5.0
full_ols_av,pass,-1.3663,7.0
full_ols_av,pass,-1.1712,2.0
full_ols_av,pass,-3.3985,4.0
full_ols_av,pass,-2.2519,4.0
full_ols_av,pass,-0.9679,0.0
full_ols_av,pass,-0.6864,6.0
full_ols_av,pass,2.0599,7.0
full_ols_av,pass,-1.5504,4.0
full_ols_av,pass,0.3834,5.0
full_ols_av,pass,-1.709,3.0
full_ols_av,pass,-1.6812,0.0
full_ols_av,pass,-1.0226,5.0
full_ols_av,pass,-1.0392,2.0
full_ols_av,pass,-1.2442,4.0
full_ols_av,pass,-0.5503,0.0
full_ols_av,pass,-0.7514,4.0
full_ols_av,pass,-1.0485,6.0
full_ols_av,pass,-1.2487,3.0
full_ols_av,pass,-2.1405,4.0
full_ols_av,pass,-2.4297,2.0
full_ols_av,pass,-0.3897,5.0
full_ols_av,pass,-1.3432,6.0
full_ols_av,pass,-0.8951,0.0
full_ols_av,pass,-1.8225,2.0
full_ols_av,pass,-3.4425,3.0
full_ols_av,pass,0.4699,0.0
full_ols_av,pass,0.4634,6.0
full_ols_av,pass,-1.8327,2.0
full_ols_av,pass,0.3312,3.0
full_ols_av,pass,-0.4324,0.0
full_ols_av,pass,-0.4039,8.0
full_ols_av,pass,1.6104,8.0
full_ols_av,pass,-0.4698,0.0
full_ols_av,pass,-1.9171,3.0
full_ols_av,pass,1.3498,5.0
full_ols_av,pass,-0.998,3.0
full_ols_av,pass,-1.6681,5.0
full_ols_av,pass,-0.6764,7.0
full_ols_av,pass,-3.0949,3.0
full_ols_av,pass,0.0455,0.0
full_ols_av,pass,-1.3244,5.0
full_ols_av,pass,-0.8395,0.0
full_ols_av,pass,-2.8333,3.0
full_ols_av,pass,-0.8029,4.0
full_ols_av,pass,-0.6295,0.0
full_ols_av,pass,-0.0339,0.0
full_ols_av,pass,2.5053,7.0
full_ols_av,pass,-0.8784,2.0
full_ols_av,pass,-2.8002,0.0
full_ols_av,pass,1.6422,7.0
full_ols_av,pass,0.0431,4.0
full_ols_av,pass,-0.6335,4.0
full_ols_av,pass,-1.886,3.0
full_ols_av,pass,-0.4116,4.0
full_ols_av,pass,-0.5825,1.0
full_ols_av,pass,-2.0706,5.0
full_ols_av,pass,-1.2634,1.0
full_ols_av,pass,-0.3982,0.0
full_ols_av,pass,-1.506,0.0
full_ols_av,pass,-1.0355,0.0
full_ols_av,pass,-3.0175,1.0
full_ols_av,pass,1.2098,0.0
full_ols_av,pass,-2.2994,1.0
full_ols_av,pass,-1.1976,2.0
full_ols_av,pass,-1.0708,0.0
full_ols_av,pass,-0.7019,7.0
full_ols_av,pass,-0.2063,0.0
full_ols_av,pass,-0.4093,0.0
full_ols_av,pass,-1.5573,4.0
full_ols_av,pass,-0.1562,0.0
full_ols_av,pass,-2.0071,3.0
full_ols_av,pass,-0.0459,4.0
full_ols_av,pass,0.2511,8.0
full_ols_av,pass,-0.462,0.0
full_ols_av,pass,1.5212,9.0
full_ols_av,pass,0.7864,0.0
full_ols_av,pass,1.5734,6.0
full_ols_av,pass,1.0353,1.0
full_ols_av,pass,0.4422,0.0
full_ols_av,pass,0.4534,0.0
full_ols_av,pass,0.1521,4.0
full_ols_av,pass,0.0251,5.0
full_ols_av,pass,-1.3947,4.0
full_ols_av,pass,0.228,0.0
full_ols_av,pass,-0.0829,8.0
full_ols_av,pass,-1.1868,8.0
full_ols_av,pass,0.0331,0.0
full_ols_av,pass,-0.1598,2.0
full_ols_av,pass,-1.286,5.0
full_ols_av,pass,-1.8153,3.0
full_ols_av,pass,-2.0049,2.0
full_ols_av,pass,-2.6908,3.0
full_ols_av,pass,1.9128,8.0
full_ols_av,pass,-1.1571,6.0
full_ols_av,pass,-3.9352,4.0
full_ols_av,pass,1.2645,7.0
full_ols_av,pass,-0.1461,5.0
full_ols_av,pass,-2.0067,3.0
full_ols_av,pass,-1.7517,0.0
full_ols_av,pass,0.1319,4.0
full_ols_av,pass,0.0194,5.0
full_ols_av,pass,0.5965,0.0
full_ols_av,pass,0.703,0.0
full_ols_av,pass,0.2182,3.0
full_ols_av,pass,-1.9181,3.0
full_ols_av,pass,-0.837,0.0
full_ols_av,pass,0.0146,4.0
full_ols_av,pass,-1.5795,3.0
full_ols_av,pass,-0.7277,0.0
full_ols_av,pass,-0.9257,2.0
full_ols_av,pass,1.602,4.0
full_ols_av,pass,-1.5169,2.0
full_ols_av,pass,-0.5862,9.0
full_ols_av,pass,-0.3072,0.0
full_ols_av,pass,0.7243,5.0
full_ols_av,pass,-0.6619,0.0
full_ols_av,pass,0.8051,0.0
full_ols_av,pass,-0.6743,3.0
full_ols_av,pass,-1.2553,2.0
full_ols_av,pass,-2.4453,2.0
full_ols_av,pass,0.2494,0.0
full_ols_av,pass,-1.517,3.0
full_ols_av,pass,0.8631,2.0
full_ols_av,pass,-1.2733,0.0
full_ols_av,pass,2.2108,6.0
full_ols_av,pass,0.8761,0.0
full_ols_av,pass,-1.8067,1.0
full_ols_av,pass,-0.5729,2.0
full_ols_av,pass,-3.0001,4.0
full_ols_av,pass,-1.9238,0.0
full_ols_av,pass,-0.3017,8.0
full_ols_av,pass,-0.2613,0.0
full_ols_av,pass,-1.5678,4.0
full_ols_av,pass,0.3885,6.0
full_ols_av,pass,1.0034,8.0
full_ols_av,pass,-0.1743,0.0
full_ols_av,pass,-0.9686,0.0
full_ols_av,pass,-0.68,1.0
full_ols_av,pass,-0.5852,1.0
full_ols_av,pass,-1.7662,2.0
full_ols_av,pass,0.3072,6.0
full_ols_av,pass,-0.3385,2.0
full_ols_av,pass,1.0484,0.0
full_ols_av,pass,-0.3958,0.0
full_ols_av,pass,-1.2612,3.0
full_ols_av,pass,-0.936,6.0
full_ols_av,pass,-1.8064,5.0
full_ols_av,pass,0.2847,3.0
full_ols_av,pass,-1.3935,3.0
full_ols_av,pass,-0.8363,4.0
full_ols_av,pass,0.2713,7.0
full_ols_av,pass,2.9714,6.0
full_ols_av,pass,-0.4427,0.0
full_ols_av,pass,-0.3836,4.0
full_ols_av,pass,-0.7577,4.0
full_ols_av,pass,-0.9648,4.0
full_ols_av,pass,-1.3506,2.0
full_ols_av,pass,-0.511,4.0
full_ols_av,pass,-0.3039,0.0
full_ols_av,pass,-0.2789,7.0
full_ols_av,pass,-1.9185,2.0
full_ols_av,pass,-1.7546,3.0
full_ols_av,pass,-0.0666,5.0
full_ols_av,pass,-0.5219,6.0
full_ols_av,pass,1.638,8.0
full_ols_av,pass,0.2517,3.0
full_ols_av,pass,1.1924,6.0
full_ols_av,pass,-2.6662,2.0
full_ols_av,pass,-0.3698,0.0
full_ols_av,pass,-1.9461,1.0
full_ols_av,pass,-0.9358,2.0
full_ols_av,pass,0.1049,7.0
full_ols_av,pass,-1.8505,4.0
full_ols_av,pass,-0.3136,5.0
full_ols_av,pass,0.4721,3.0
full_ols_av,pass,-2.5095,3.0
full_ols_av,pass,-0.9731,3.0
full_ols_av,pass,-0.8279,1.0
full_ols_av,pass,-2.2875,3.0
full_ols_av,pass,-1.8742,3.0
full_ols_av,pass,-1.2703,8.0
full_ols_av,pass,-1.0756,4.0
full_ols_av,pass,-1.2294,9.0
full_ols_av,pass,-1.1488,3.0
full_ols_av,pass,-0.8352,0.0
full_ols_av,pass,0.4568,0.0
full_ols_av,pass,-1.3894,0.0
full_ols_av,pass,-2.0466,4.0
full_ols_av,pass,-0.2512,0.0
full_ols_av,pass,-3.4637,2.0
full_ols_av,pass,-1.564,5.0
full_ols_av,pass,-0.8582,5.0
full_ols_av,pass,1.4705,7.0
full_ols_av,pass,0.8584,0.0
full_ols_av,pass,-1.1044,3.0
full_ols_av,pass,0.6675,4.0
full_ols_av,pass,2.2748,7.0
full_ols_av,pass,-0.6367,6.0
full_ols_av,pass,-0.7208,1.0
full_ols_av,pass,1.45,5.0
full_ols_av,pass,-0.3351,3.0
full_ols_av,pass,-0.3509,0.0
full_ols_av,pass,1.6683,9.0
full_ols_av,pass,0.0935,0.0
full_ols_av,pass,0.2211,0.0
full_ols_av,pass,1.0123,7.0
full_ols_av,pass,-0.0191,0.0
full_ols_av,pass,-0.8442,3.0
full_ols_av,pass,-2.3136,5.0
full_ols_av,pass,-3.0076,6.0
full_ols_av,pass,-1.3647,4.0
full_ols_av,pass,-0.4431,7.0
full_ols_av,pass,0.2653,9.0
full_ols_av,pass,-0.4012,6.0
full_ols_av,pass,0.9349,0.0
full_ols_av,pass,-0.8525,0.0
full_ols_av,pass,0.0472,7.0
full_ols_av,pass,-0.6402,4.0
full_ols_av,pass,-0.9015,5.0
full_ols_av,pass,-0.8212,2.0
full_ols_av,pass,-0.977,1.0
full_ols_av,pass,1.7233,6.0
full_ols_av,pass,-2.3139,3.0
full_ols_av,pass,0.004,0.0
full_ols_av,pass,-1.7053,5.0
full_ols_av,pass,-0.158,4.0
full_ols_av,pass,0.2828,0.0
full_ols_av,pass,0.0106,6.0
full_ols_av,pass,0.2718,3.0
full_ols_av,pass,0.0649,6.0
full_ols_av,pass,0.2518,2.0
full_ols_av,pass,0.1086,5.0
full_ols_av,pass,-0.0682,4.0
full_ols_av,pass,-0.4097,6.0
full_ols_av,pass,-2.606,5.0
full_ols_av,pass,-1.1769,3.0
full_ols_av,pass,-0.29,0.0
full_ols_av,pass,-0.7708,0.0
full_ols_av,pass,0.1126,6.0
full_ols_av,pass,-2.2631,2.0
full_ols_av,pass,-2.551,0.0
full_ols_av,pass,0.1661,2.0
full_ols_av,pass,-1.4099,4.0
full_ols_av,pass,1.748,0.0
full_ols_av,pass,0.619,4.0
full_ols_av,pass,1.6125,7.0
full_ols_av,pass,-0.9659,1.0
full_ols_av,pass,-1.907,4.0
full_ols_av,pass,-1.6106,3.0
full_ols_av,pass,0.0528,0.0
full_ols_av,pass,-2.0218,2.0
full_ols_av,pass,0.598,4.0
full_ols_av,pass,-2.0334,4.0
full_ols_av,pass,-1.5918,0.0
full_ols_av,pass,-0.8055,3.0
full_ols_av,pass,1.6015,7.0
full_ols_av,pass,-1.5415,4.0
full_ols_av,pass,1.548,6.0
full_ols_av,pass,-0.1015,0.0
full_ols_av,pass,0.0431,0.0
full_ols_av,pass,0.8656,2.0
full_ols_av,pass,-1.0051,3.0
full_ols_av,pass,-2.2554,4.0
full_ols_av,pass,-3.4047,3.0
full_ols_av,pass,0.1243,0.0
full_ols_av,pass,-1.0157,4.0
full_ols_av,pass,0.2938,7.0
full_ols_av,pass,-0.773,4.0
full_ols_av,pass,-2.3976,5.0
full_ols_av,pass,-2.1183,3.0
full_ols_av,pass,-0.2191,0.0
full_ols_av,pass,-0.4097,0.0
full_ols_av,pass,0.3284,0.0
full_ols_av,pass,2.3113,6.0
full_ols_av,pass,-3.317,2.0
full_ols_av,pass,-0.0819,0.0
full_ols_av,pass,1.5945,7.0
full_ols_av,pass,-1.8277,3.0
full_ols_av,pass,-0.5149,8.0
full_ols_av,pass,0.4601,5.0
full_ols_av,pass,-2.7505,1.0
full_ols_av,pass,-0.3766,0.0
full_ols_av,pass,-2.5116,1.0
full_ols_av,pass,0.6058,6.0
full_ols_av,pass,-0.9066,5.0
full_ols_av,pass,-1.4384,4.0
full_ols_av,pass,-1.5595,0.0
full_ols_av,pass,0.7709,0.0
full_ols_av,pass,-2.1134,5.0
full_ols_av,pass,-0.0355,7.0
full_ols_av,pass,-1.8523,2.0
full_ols_av,pass,1.0176,4.0
full_ols_av,pass,2.7652,8.0
full_ols_av,pass,0.2811,4.0
full_ols_av,pass,-0.5748,7.0
full_ols_av,pass,-2.9122,3.0
full_ols_av,pass,-0.6433,9.0
full_ols_av,pass,0.2639,5.0
full_ols_av,pass,-0.1965,8.0
full_ols_av,pass,0.6463,8.0
full_ols_av,pass,1.7774,6.0
full_ols_av,pass,-0.2535,0.0
full_ols_av,pass,-1.0318,0.0
full_ols_av,pass,1.4763,8.0
full_ols_av,pass,-1.7998,2.0
full_ols_av,pass,-1.9491,3.0
full_ols_av,pass,1.6095,6.0
full_ols_av,pass,-1.9507,4.0
full_ols_av,pass,-1.9192,4.0
full_ols_av,pass,-0.7308,5.0
full_ols_av,pass,-0.2612,0.0
full_ols_av,pass,-1.9716,2.0
full_ols_av,pass,-0.0065,0.0
full_ols_av,pass,-0.235,7.0
full_ols_av,pass,-0.0114,0.0
full_ols_av,pass,-1.4864,3.0
full_ols_av,pass,-0.258,3.0
full_ols_av,pass,-1.7256,2.0
full_ols_av,pass,0.5067,0.0
full_ols_av,pass,-1.7715,4.0
full_ols_av,pass,-2.0898,2.0
full_ols_av,pass,-0.1147,0.0
full_ols_av,pass,-0.1341,7.0
full_ols_av,pass,-1.6307,4.0
full_ols_av,pass,0.9446,4.0
full_ols_av,pass,0.0608,9.0
full_ols_av,pass,2.3017,7.0
full_ols_av,pass,-0.8196,7.0
full_ols_av,pass,-0.3271,8.0
full_ols_av,pass,0.5455,0.0
full_ols_av,pass,-2.6332,0.0
full_ols_av,pass,-0.1814,7.0
full_ols_av,pass,-0.2849,4.0
full_ols_av,pass,0.4788,8.0
full_ols_av,pass,-0.2448,5.0
full_ols_av,pass,-1.2716,0.0
full_ols_av,pass,0.2551,0.0
full_ols_av,pass,-0.6299,0.0
full_ols_av,pass,-0.1268,5.0
full_ols_av,pass,0.0146,3.0
full_ols_av,pass,1.692,8.0
full_ols_av,pass,-1.2314,5.0
full_ols_av,pass,-0.5012,3.0
full_ols_av,pass,1.0937,0.0
full_ols_av,pass,-3.4558,2.0
full_ols_av,pass,-2.6821,5.0
full_ols_av,pass,-0.5241,7.0
full_ols_av,pass,-0.9455,3.0
full_ols_av,pass,0.1537,0.0
full_ols_av,pass,-0.5728,0.0
full_ols_av,pass,0.0455,5.0
full_ols_av,pass,0.0143,0.0
full_ols_av,pass,-0.3389,0.0
full_ols_av,pass,0.8161,9.0
full_ols_av,pass,1.0199,2.0
full_ols_av,pass,-2.2331,1.0
full_ols_av,pass,2.6354,9.0
full_ols_av,pass,-1.0222,0.0
full_ols_av,pass,-2.3826,3.0
full_ols_av,pass,-1.4471,0.0
full_ols_av,pass,-0.8299,7.0
full_ols_av,pass,-0.3063,0.0
full_ols_av,pass,0.9513,5.0
full_ols_av,pass,-0.1661,4.0
full_ols_av,pass,-0.1766,0.0
full_ols_av,pass,-1.5207,5.0
full_ols_av,pass,-1.1516,4.0
full_ols_av,pass,-1.2064,5.0
full_ols_av,pass,-1.0662,0.0
full_ols_av,pass,0.6505,0.0
full_ols_av,pass,1.71,6.0
full_ols_av,pass,-2.2926,2.0
full_ols_av,pass,0.8407,6.0
full_ols_av,pass,-0.0524,0.0
full_ols_av,pass,-2.5397,1.0
full_ols_av,pass,-2.886,2.0
full_ols_av,pass,-0.6884,0.0
full_ols_av,pass,0.8975,5.0
full_ols_av,pass,1.8813,5.0
full_ols_av,pass,0.2477,0.0
full_ols_av,pass,0.2613,3.0
full_ols_av,pass,1.0025,0.0
full_ols_av,pass,0.1267,7.0
full_ols_av,pass,-1.4637,3.0
full_ols_av,pass,-0.368,4.0
full_ols_av,pass,-0.9548,4.0
full_ols_av,pass,-0.5476,0.0
full_ols_av,pass,-0.3662,0.0
full_ols_av,pass,0.1735,5.0
full_ols_av,pass,-0.5765,3.0
full_ols_av,pass,-2.8003,3.0
full_ols_av,pass,-2.9999,5.0
full_ols_av,pass,0.0716,3.0
full_ols_av,pass,0.0495,3.0
full_ols_av,pass,-1.4221,5.0
full_ols_av,pass,-1.4595,4.0
full_ols_av,pass,-1.4423,3.0
full_ols_av,pass,-0.1084,0.0
full_ols_av,pass,-1.7678,3.0
full_ols_av,pass,0.479,4.0
full_ols_av,pass,-0.241,5.0
full_ols_av,pass,-1.2253,0.0
full_ols_av,pass,-1.6403,5.0
full_ols_av,pass,0.2137,7.0
full_ols_av,pass,-0.7485,5.0
full_ols_av,pass,1.6873,6.0
full_ols_av,pass,0.0982,0.0
full_ols_av,pass,-1.7575,2.0
full_ols_av,pass,-1.6323,3.0
full_ols_av,pass,2.4091,8.0
full_ols_av,pass,-1.0966,2.0
full_ols_av,pass,-1.3118,0.0
full_ols_av,pass,-2.5177,4.0
full_ols_av,pass,-0.1442,0.0
full_ols_av,pass,-0.957,9.0
full_ols_av,pass,-1.2252,2.0
full_ols_av,pass,-0.5907,0.0
full_ols_av,pass,-2.5412,3.0
full_ols_av,pass,-2.7865,1.0
full_ols_av,pass,-0.1554,4.0
full_ols_av,pass,0.1112,0.0
full_ols_av,pass,-0.0783,0.0
full_ols_av,pass,-0.4982,5.0
full_ols_av,pass,-1.6751,6.0
full_ols_av,pass,1.4946,7.0
full_ols_av,pass,-1.8835,4.0
full_ols_av,pass,-0.4606,0.0
full_ols_av,pass,0.3459,0.0
full_ols_av,pass,-1.18,2.0
full_ols_av,pass,-1.1067,0.0
full_ols_av,pass,0.8579,0.0
full_ols_av,pass,-0.3931,2.0
full_ols_av,pass,-0.4452,4.0
full_ols_av,pass,0.0468,4.0
full_ols_av,pass,1.5753,10.0
full_ols_av,pass,-0.2949,0.0
full_ols_av,pass,0.0467,10.0
full_ols_av,pass,-0.6938,7.0
full_ols_av,pass,-0.0325,0.0
full_ols_av,pass,1.3641,5.0
full_ols_av,pass,-0.7828,0.0
full_ols_av,pass,-0.9107,4.0
full_ols_av,pass,-1.1498,5.0
full_ols_av,pass,-1.6118,4.0
full_ols_av,pass,0.1596,0.0
full_ols_av,pass,-0.5624,0.0
full_ols_av,pass,0.3095,0.0
full_ols_av,pass,-0.4464,0.0
full_ols_av,pass,0.3697,4.0
full_ols_av,pass,-2.017,2.0
full_ols_av,pass,-0.5911,9.0
full_ols_av,pass,2.2497,6.0
full_ols_av,pass,-0.4158,0.0
full_ols_av,pass,-1.3457,8.0
full_ols_av,pass,1.4531,7.0
full_ols_av,pass,-1.7157,3.0
full_ols_av,pass,-2.6016,2.0
full_ols_av,pass,-0.3976,3.0
full_ols_av,pass,-0.0433,0.0
full_ols_av,pass,-1.0883,2.0
full_ols_av,pass,-1.4119,5.0
full_ols_av,pass,-2.2813,3.0
full_ols_av,pass,0.6068,9.0
full_ols_av,pass,-0.6049,3.0
full_ols_av,pass,-1.5882,4.0
full_ols_av,pass,-1.065,0.0
full_ols_av,pass,-0.0954,0.0
full_ols_av,pass,1.6655,6.0
full_ols_av,pass,-2.0481,5.0
full_ols_av,pass,-2.1551,2.0
full_ols_av,pass,-1.9256,5.0
full_ols_av,pass,0.3457,0.0
full_ols_av,pass,-0.4237,8.0
full_ols_av,pass,-0.1361,0.0
full_ols_av,pass,-1.5278,4.0
full_ols_av,pass,-0.6166,5.0
full_ols_av,pass,-1.8548,5.0
full_ols_av,pass,-1.5977,3.0
full_ols_av,pass,-0.2752,6.0
full_ols_av,pass,-0.6882,4.0
full_ols_av,pass,-1.6829,2.0
full_ols_av,pass,0.6682,0.0
full_ols_av,pass,2.5144,4.0
full_ols_av,pass,1.8611,6.0
full_ols_av,pass,1.2569,7.0
full_ols_av,pass,-0.3828,5.0
full_ols_av,pass,1.6442,10.0
full_ols_av,pass,-0.8968,2.0
full_ols_av,pass,1.0361,7.0
full_ols_av,pass,-0.7426,5.0
full_ols_av,pass,0.6798,0.0
full_ols_av,pass,1.7002,8.0
full_ols_av,pass,-0.4237,3.0
full_ols_av,pass,-1.0855,7.0
full_ols_av,pass,-2.2395,5.0
full_ols_av,pass,-0.6043,0.0
full_ols_av,pass,0.6073,8.0
full_ols_av,pass,0.6658,7.0
full_ols_av,pass,-1.3364,4.0
full_ols_av,pass,-1.1376,3.0
full_ols_av,pass,1.2003,0.0
full_ols_av,pass,-0.2534,0.0
full_ols_av,pass,-2.4229,3.0
full_ols_av,pass,-0.6137,0.0
full_ols_av,pass,-1.0483,3.0
full_ols_av,pass,1.2577,6.0
full_ols_av,pass,0.0737,7.0
full_ols_av,pass,0.0377,7.0
full_ols_av,pass,-0.8421,10.0
full_ols_av,pass,-1.0137,8.0
full_ols_av,pass,-1.6164,6.0
full_ols_av,pass,-1.6267,3.0
full_ols_av,pass,0.9721,8.0
full_ols_av,pass,0.1018,5.0
full_ols_av,pass,0.0783,0.0
full_ols_av,pass,-0.501,0.0
full_ols_av,pass,-0.3543,1.0
full_ols_av,pass,-1.4568,5.0
full_ols_av,pass,1.3431,4.0
full_ols_av,pass,-2.4604,1.0
full_ols_av,pass,-2.0696,4.0
full_ols_av,pass,0.6677,0.0
full_ols_av,pass,-0.649,0.0
full_ols_av,pass,-1.2675,4.0
full_ols_av,pass,-1.1183,5.0
full_ols_av,pass,0.1418,2.0
full_ols_av,pass,2.2047,7.0
full_ols_av,pass,1.9135,3.0
full_ols_av,pass,-1.5616,3.0
full_ols_av,pass,-2.3079,4.0
full_ols_av,pass,0.8265,0.0
full_ols_av,pass,0.122,0.0
full_ols_av,pass,-0.2915,6.0
full_ols_av,pass,-0.6949,4.0
full_ols_av,pass,0.095,0.0
full_ols_av,pass,0.1659,0.0
full_ols_av,pass,2.6542,8.0
full_ols_av,pass,-0.1327,1.0
full_ols_av,pass,-0.7175,4.0
full_ols_av,pass,2.0057,7.0
full_ols_av,pass,-1.3078,4.0
full_ols_av,pass,0.2161,0.0
full_ols_av,pass,-1.5593,2.0
full_ols_av,pass,-1.5313,7.0
full_ols_av,pass,-0.5587,0.0
full_ols_av,pass,0.0458,0.0
full_ols_av,pass,-0.68,4.0
full_ols_av,pass,0.3937,0.0
full_ols_av,pass,0.1596,0.0
full_ols_av,pass,-0.8083,5.0
full_ols_av,pass,-0.9251,2.0
full_ols_av,pass,-0.4224,9.0
full_ols_av,pass,0.2423,7.0
full_ols_av,pass,-1.3696,0.0
full_ols_av,pass,-0.7264,5.0
full_ols_av,pass,-1.9518,6.0
full_ols_av,pass,-0.9567,0.0
full_ols_av,pass,-0.9062,3.0
full_ols_av,pass,-1.5587,1.0
full_ols_av,pass,0.8401,0.0
full_ols_av,pass,-0.7186,2.0
full_ols_av,pass,-2.0797,2.0
full_ols_av,pass,-0.2775,8.0
full_ols_av,pass,-0.7798,5.0
full_ols_av,pass,-0.0282,0.0
full_ols_av,pass,0.5512,0.0
full_ols_av,pass,-0.0084,3.0
full_ols_av,pass,-2.2002,2.0
full_ols_av,pass,-0.6974,4.0
full_ols_av,pass,-0.0188,4.0
full_ols_av,pass,-0.4119,0.0
full_ols_av,pass,-3.4522,5.0
full_ols_av,pass,0.5103,0.0
full_ols_av,pass,1.1139,7.0
full_ols_av,pass,0.0873,7.0
full_ols_av,pass,-0.2316,0.0
full_ols_av,pass,1.2971,6.0
full_ols_av,pass,-1.4748,5.0
full_ols_av,pass,2.2579,3.0
full_ols_av,pass,-0.0511,0.0
full_ols_av,pass,-2.8314,4.0
full_ols_av,pass,-1.3205,4.0
full_ols_av,pass,1.4716,9.0
full_ols_av,pass,-0.9319,3.0
full_ols_av,pass,1.7385,5.0
full_ols_av,pass,-1.3787,2.0
full_ols_av,pass,0.6555,4.0
full_ols_av,pass,-2.2429,4.0
full_ols_av,pass,1.8431,8.0
full_ols_av,pass,0.5397,6.0
full_ols_av,pass,0.499,3.0
full_ols_av,pass,0.4231,0.0
full_ols_av,pass,-1.858,7.0
full_ols_av,pass,-0.9076,0.0
full_ols_av,pass,-0.4669,0.0
full_ols_av,pass,0.6298,0.0
full_ols_av,pass,-0.9947,3.0
full_ols_av,pass,0.4467,5.0
full_ols_av,pass,-2.4168,5.0
full_ols_av,pass,-2.4069,2.0
full_ols_av,pass,-1.2147,0.0
full_ols_av,pass,-0.3432,0.0
full_ols_av,pass,-2.3645,1.0
full_ols_av,pass,-1.1225,2.0
full_ols_av,pass,-2.5197,4.0
full_ols_av,pass,-0.8398,8.0
full_ols_av,pass,-3.5662,4.0
full_ols_av,pass,-2.1867,2.0
full_ols_av,pass,1.1062,8.0
full_ols_av,pass,-0.0062,0.0
full_ols_av,pass,-1.4933,0.0
full_ols_av,pass,1.0864,7.0
full_ols_av,pass,0.6582,0.0
full_ols_av,pass,-0.9816,4.0
full_ols_av,pass,-1.2219,1.0
full_ols_av,pass,-0.487,0.0
full_ols_av,pass,-0.7288,0.0
full_ols_av,pass,-0.3769,4.0
full_ols_av,pass,-0.6307,6.0
full_ols_av,pass,0.886,9.0
full_ols_av,pass,-0.4399,5.0
full_ols_av,pass,-0.8148,3.0
full_ols_av,pass,-0.8488,0.0
full_ols_av,pass,0.6737,5.0
full_ols_av,pass,-0.8791,4.0
full_ols_av,pass,-0.9689,2.0
full_ols_av,pass,-0.796,0.0
full_ols_av,pass,-0.2886,5.0
full_ols_av,pass,1.6926,5.0
full_ols_av,pass,-0.4467,4.0
full_ols_av,pass,-1.897,4.0
full_ols_av,pass,-1.0725,0.0
full_ols_av,pass,2.7748,6.0
full_ols_av,pass,2.1302,10.0
full_ols_av,pass,-0.5545,6.0
full_ols_av,pass,-1.4644,4.0
full_ols_av,pass,-0.0272,2.0
full_ols_av,pass,-2.3632,4.0
full_ols_av,pass,0.7254,0.0
full_ols_av,pass,-2.817,4.0
full_ols_av,pass,-0.0268,0.0
full_ols_av,pass,-1.3665,0.0
full_ols_av,pass,0.0248,6.0
full_ols_av,pass,0.591,0.0
full_ols_av,pass,-1.7781,2.0
full_ols_av,pass,-1.2191,5.0
full_ols_av,pass,-1.0739,3.0
full_ols_av,pass,-1.5396,3.0
full_ols_av,pass,-1.7902,2.0
full_ols_av,pass,-1.6753,6.0
full_ols_av,pass,0.3092,7.0
full_ols_av,pass,-0.7758,0.0
full_ols_av,pass,-0.7915,0.0
full_ols_av,pass,-1.1304,0.0
full_ols_av,pass,-0.0443,0.0
full_ols_av,pass,-1.784,0.0
full_ols_av,pass,0.731,0.0
full_ols_av,pass,-1.0457,0.0
full_ols_av,pass,2.2334,8.0
full_ols_av,pass,-0.6259,3.0
full_ols_av,pass,-0.9331,0.0
full_ols_av,pass,-1.6444,4.0
full_ols_av,pass,0.4621,10.0
full_ols_av,pass,0.5381,0.0
full_ols_av,pass,-1.4868,3.0
full_ols_av,pass,-1.4381,4.0
full_ols_av,pass,0.0455,0.0
full_ols_av,pass,-1.6918,0.0
full_ols_av,pass,-1.1599,4.0
full_ols_av,pass,-0.3244,4.0
full_ols_av,pass,-0.0212,0.0
full_ols_av,pass,-2.3031,4.0
full_ols_av,pass,-0.7264,0.0
full_ols_av,pass,0.098,2.0
full_ols_av,pass,-0.0918,4.0
full_ols_av,pass,-0.7884,2.0
full_ols_av,pass,0.5361,4.0
full_ols_av,pass,-0.4506,8.0
full_ols_av,pass,-0.0741,0.0
full_ols_av,pass,-2.0486,2.0
full_ols_av,pass,0.9689,0.0
full_ols_av,pass,-0.3295,9.0
full_ols_av,pass,0.279,4.0
full_ols_av,pass,-0.4061,3.0
full_ols_av,pass,-1.3938,4.0
full_ols_av,pass,-0.3131,5.0
full_ols_av,pass,0.0974,0.0
full_ols_av,pass,-0.2567,0.0
full_ols_av,pass,-0.4874,4.0
full_ols_av,pass,-0.9437,4.0
full_ols_av,pass,-0.1855,0.0
full_ols_av,pass,-1.2498,0.0
full_ols_av,pass,0.1168,6.0
full_ols_av,pass,1.0965,6.0
full_ols_av,pass,0.6016,0.0
full_ols_av,pass,-3.611,2.0
full_ols_av,pass,1.3574,8.0
full_ols_av,pass,-1.6834,7.0
full_ols_av,pass,0.1051,0.0
full_ols_av,pass,-2.0655,4.0
full_ols_av,pass,-0.8386,4.0
full_ols_av,pass,-0.3209,0.0
full_ols_av,pass,1.0904,0.0
full_ols_av,pass,0.7469,7.0
full_ols_av,pass,-0.1828,7.0
full_ols_av,pass,-1.512,5.0
full_ols_av,pass,-2.144,2.0
full_ols_av,pass,2.5258,7.0
full_ols_av,pass,0.1282,9.0
full_ols_av,pass,-0.4415,0.0
full_ols_av,pass,-3.5529,2.0
full_ols_av,pass,-2.0365,3.0
full_ols_av,pass,0.927,4.0
full_ols_av,pass,0.3896,0.0
full_ols_av,pass,-1.5488,3.0
full_ols_av,pass,-0.973,0.0
full_ols_av,pass,-1.664,5.0
full_ols_av,pass,0.1109,5.0
full_ols_av,pass,-1.646,5.0
full_ols_av,pass,0.2449,3.0
full_ols_av,pass,-0.9399,2.0
full_ols_av,pass,1.4064,8.0
full_ols_av,pass,-0.8607,2.0
full_ols_av,pass,-0.233,5.0
full_ols_av,pass,1.532,9.0
full_ols_av,pass,0.9078,4.0
full_ols_av,pass,-0.4161,0.0
full_ols_av,pass,0.5267,2.0
full_ols_av,pass,-1.5815,0.0
full_ols_av,pass,0.5677,6.0
full_ols_av,pass,-1.9876,2.0
full_ols_av,pass,-0.4071,3.0
full_ols_av,pass,-1.318,3.0
full_ols_av,pass,-1.02,5.0
full_ols_av,pass,-0.8638,3.0
full_ols_av,pass,-1.5452,8.0
full_ols_av,pass,1.3536,5.0
full_ols_av,pass,-1.0946,2.0
full_ols_av,pass,-1.334,5.0
full_ols_av,pass,-1.1178,7.0
full_ols_av,pass,1.1076,0.0
full_ols_av,pass,-1.2703,0.0
full_ols_av,pass,1.4782,6.0
full_ols_av,pass,-0.796,9.0
full_ols_av,pass,2.2014,7.0
full_ols_av,pass,-0.6392,1.0
full_ols_av,pass,0.1188,5.0
full_ols_av,pass,2.5546,7.0
full_ols_av,pass,2.12,8.0
full_ols_av,pass,-1.0843,3.0
full_ols_av,pass,-3.0355,5.0
full_ols_av,pass,1.8603,9.0
full_ols_av,pass,-1.0947,0.0
full_ols_av,pass,-1.7682,4.0
full_ols_av,pass,-0.3139,5.0
full_ols_av,pass,-0.0035,0.0
full_ols_av,pass,-0.4384,0.0
full_ols_av,pass,-0.7341,8.0
full_ols_av,pass,-0.9176,3.0
full_ols_av,pass,-0.0078,2.0
full_ols_av,pass,-1.2875,0.0
full_ols_av,pass,-0.1044,6.0
full_ols_av,pass,-1.1094,4.0
full_ols_av,pass,-1.2425,4.0
full_ols_av,pass,0.0081,4.0
full_ols_av,pass,-0.1773,5.0
full_ols_av,pass,-0.3695,5.0
full_ols_av,pass,-0.5054,7.0
full_ols_av,pass,-0.4397,0.0
full_ols_av,pass,0.315,6.0
full_ols_av,pass,0.2841,0.0
full_ols_av,pass,1.3887,3.0
full_ols_av,pass,-0.7559,5.0
full_ols_av,pass,2.5792,6.0
full_ols_av,pass,-0.9143,1.0
full_ols_av,pass,-0.6146,3.0
full_ols_av,pass,-0.7528,6.0
full_ols_av,pass,0.0731,0.0
full_ols_av,pass,-1.9197,2.0
full_ols_av,pass,-1.8646,2.0
full_ols_av,pass,-2.1646,4.0
full_ols_av,pass,-0.2308,3.0
full_ols_av,pass,1.8771,6.0
full_ols_av,pass,-3.035,3.0
full_ols_av,pass,-0.7997,0.0
full_ols_av,pass,2.1713,6.0
full_ols_av,pass,-0.0105,0.0
full_ols_av,pass,-0.1873,0.0
full_ols_av,pass,0.0382,3.0
full_ols_av,pass,-0.6844,5.0
full_ols_av,pass,-0.9256,0.0
full_ols_av,pass,-0.5436,6.0
full_ols_av,pass,-0.5256,3.0
full_ols_av,pass,-0.915,8.0
full_ols_av,pass,2.1212,9.0
full_ols_av,pass,0.5572,0.0
full_ols_av,pass,-1.5214,3.0
full_ols_av,pass,-0.1249,3.0
full_ols_av,pass,-1.0199,0.0
full_ols_av,pass,1.1337,7.0
full_ols_av,pass,0.9456,0.0
full_ols_av,pass,-2.5395,2.0
full_ols_av,pass,-1.2233,5.0
full_ols_av,pass,-0.7883,2.0
full_ols_av,pass,0.213,0.0
full_ols_av,pass,0.0158,3.0
full_ols_av,pass,-2.8794,3.0
full_ols_av,pass,-0.9154,3.0
full_ols_av,pass,1.0019,0.0
full_ols_av,pass,0.8672,0.0
full_ols_av,pass,-0.983,0.0
full_ols_av,pass,-0.8153,6.0
full_ols_av,pass,-0.7967,5.0
full_ols_av,pass,1.0015,5.0
full_ols_av,pass,-1.3677,2.0
full_ols_av,pass,-1.6054,2.0
full_ols_av,pass,-0.8449,3.0
full_ols_av,pass,0.806,6.0
full_ols_av,pass,-1.3197,5.0
full_ols_av,pass,-1.1102,5.0
full_ols_av,pass,-0.1847,0.0
full_ols_av,pass,-2.1573,0.0
full_ols_av,pass,-0.7609,0.0
full_ols_av,pass,0.5476,2.0
full_ols_av,pass,0.2524,0.0
full_ols_av,pass,2.3039,8.0
full_ols_av,pass,0.0994,3.0
full_ols_av,pass,-1.3889,0.0
full_ols_av,pass,1.3441,5.0
full_ols_av,pass,0.0222,0.0
full_ols_av,pass,-0.3581,7.0
full_ols_av,pass,-0.6925,2.0
full_ols_av,pass,-0.2132,0.0
full_ols_av,pass,-0.1949,6.0
full_ols_av,pass,-1.9171,5.0
full_ols_av,pass,-0.6818,4.0
full_ols_av,pass,-2.1754,4.0
full_ols_av,pass,0.0592,2.0
full_ols_av,pass,-0.7207,0.0
full_ols_av,pass,2.4882,7.0
full_ols_av,pass,-0.353,0.0
full_ols_av,pass,-0.0571,4.0
full_ols_av,pass,-0.4121,4.0
full_ols_av,pass,-2.2342,4.0
full_ols_av,pass,0.1368,0.0
full_ols_av,pass,-0.6435,4.0
full_ols_av,pass,-0.0108,0.0
full_ols_av,pass,-0.7684,0.0
full_ols_av,pass,0.1661,0.0
full_ols_av,pass,-1.2783,3.0
full_ols_av,pass,-0.0353,2.0
full_ols_av,pass,-0.7823,2.0
full_ols_av,pass,-0.335,0.0
full_ols_av,pass,-2.553,2.0
full_ols_av,pass,-1.0128,2.0
full_ols_av,pass,-0.9274,0.0
full_ols_av,pass,-1.3942,6.0
full_ols_av,pass,-0.3722,0.0
full_ols_av,pass,0.6965,0.0
full_ols_av,pass,-3.2437,3.0
full_ols_av,pass,-1.0524,0.0
full_ols_av,pass,0.641,10.0
full_ols_av,pass,2.2446,5.0
full_ols_av,pass,-0.5497,0.0
full_ols_av,pass,-0.5652,0.0
full_ols_av,pass,0.6,6.0
full_ols_av,pass,-0.3543,0.0
full_ols_av,pass,-2.6695,3.0
full_ols_av,pass,0.6597,5.0
full_ols_av,pass,1.3349,4.0
full_ols_av,pass,-0.0907,1.0
full_ols_av,pass,1.6199,9.0
full_ols_av,pass,-1.2596,0.0
full_ols_av,pass,-0.6039,4.0
full_ols_av,pass,-1.7041,5.0
full_ols_av,pass,-2.511,3.0
full_ols_av,pass,-0.8728,4.0
full_ols_av,pass,0.4552,8.0
full_ols_av,pass,-0.7292,3.0
full_ols_av,pass,-1.9999,7.0
full_ols_av,pass,-1.2811,0.0
full_ols_av,pass,-0.0492,3.0
full_ols_av,pass,-0.3406,0.0
full_ols_av,pass,2.5878,9.0
full_ols_av,pass,0.7912,0.0
full_ols_av,pass,-1.1832,4.0
full_ols_av,pass,3.2266,5.0
full_ols_av,pass,-0.9036,3.0
full_ols_av,pass,-0.1299,0.0
full_ols_av,pass,-1.5709,3.0
full_ols_av,pass,-0.3842,4.0
full_ols_av,pass,1.1634,4.0
full_ols_av,pass,1.0107,5.0
full_ols_av,pass,0.0803,0.0
full_ols_av,pass,0.9425,0.0
full_ols_av,pass,-1.1214,2.0
full_ols_av,pass,-0.9442,0.0
full_ols_av,pass,1.5669,5.0
full_ols_av,pass,-0.1384,0.0
full_ols_av,pass,-1.2389,5.0
full_ols_av,pass,-0.4695,0.0
full_ols_av,pass,-2.2811,2.0
full_ols_av,pass,-0.2985,6.0
full_ols_av,pass,0.3787,7.0
full_ols_av,pass,-0.0736,0.0
full_ols_av,pass,-0.6735,0.0
full_ols_av,pass,-0.9826,0.0
full_ols_av,pass,-1.4417,4.0
full_ols_av,pass,-2.9376,4.0
full_ols_av,pass,-0.5147,3.0
full_ols_av,pass,-1.5577,5.0
full_ols_av,pass,-1.0049,3.0
full_ols_av,pass,-0.1039,0.0
full_ols_av,pass,1.1827,0.0
full_ols_av,pass,-1.1428,0.0
full_ols_av,pass,-2.7308,4.0
full_ols_av,pass,-0.4565,2.0
full_ols_av,pass,-1.0966,2.0
full_ols_av,pass,0.9274,0.0
full_ols_av,pass,-0.5047,2.0
full_ols_av,pass,-0.5801,5.0
full_ols_av,pass,-0.9387,0.0
full_ols_av,pass,-4.0806,2.0
full_ols_av,pass,-0.8634,3.0
full_ols_av,pass,0.6473,0.0
full_ols_av,pass,-0.2105,0.0
full_ols_av,pass,0.9819,7.0
full_ols_av,pass,-0.7014,0.0
full_ols_av,pass,-1.3227,0.0
full_ols_av,pass,-1.8005,0.0
full_ols_av,pass,-2.4304,2.0
full_ols_av,pass,-0.9292,5.0
full_ols_av,pass,1.991,8.0
full_ols_av,pass,-0.4962,0.0
full_ols_av,pass,-1.8703,5.0
full_ols_av,pass,-0.7818,7.0
full_ols_av,pass,-0.1359,0.0
full_ols_av,pass,-2.5236,4.0
full_ols_av,pass,-2.2971,1.0
full_ols_av,pass,-0.0969,6.0
full_ols_av,pass,-1.6522,4.0
full_ols_av,pass,-2.5913,2.0
full_ols_av,pass,-0.1945,5.0
full_ols_av,pass,-0.9915,0.0
full_ols_av,pass,-1.3348,3.0
full_ols_av,pass,-1.6479,1.0
full_ols_av,pass,-0.2082,0.0
full_ols_av,pass,0.8705,4.0
full_ols_av,pass,-0.4384,0.0
full_ols_av,pass,0.0302,7.0
full_ols_av,pass,1.1661,6.0
full_ols_av,pass,-0.2333,0.0
full_ols_av,pass,-0.8586,4.0
full_ols_av,pass,-0.7504,0.0
full_ols_av,pass,-0.574,0.0
full_ols_av,pass,2.8644,6.0
full_ols_av,pass,-0.309,2.0
full_ols_av,pass,-0.1104,0.0
full_ols_av,pass,-0.9825,8.0
full_ols_av,pass,0.4379,8.0
full_ols_av,pass,-1.2977,5.0
full_ols_av,pass,-0.0956,1.0
full_ols_av,pass,0.1726,0.0
full_ols_av,pass,1.9079,6.0
full_ols_av,pass,-0.047,4.0
full_ols_av,pass,-1.5958,2.0
full_ols_av,pass,0.6242,6.0
full_ols_av,pass,-0.6889,1.0
full_ols_av,pass,1.1896,8.0
full_ols_av,pass,1.5344,4.0
full_ols_av,pass,-0.5036,3.0
full_ols_av,pass,1.8084,7.0
full_ols_av,pass,2.0254,6.0
full_ols_av,pass,0.8323,7.0
full_ols_av,pass,0.1582,0.0
full_ols_av,pass,-0.4317,0.0
full_ols_av,pass,-0.6234,1.0
full_ols_av,pass,-1.4148,1.0
full_ols_av,pass,-0.8215,0.0
full_ols_av,pass,-1.7648,5.0
full_ols_av,pass,-1.2114,3.0
full_ols_av,pass,-1.3717,1.0
full_ols_av,pass,-0.8181,0.0
full_ols_av,pass,2.0639,0.0
full_ols_av,pass,-1.5247,5.0
full_ols_av,pass,-2.7616,3.0
full_ols_av,pass,0.2302,0.0
full_ols_av,pass,3.1717,8.0
full_ols_av,pass,0.6815,0.0
full_ols_av,pass,1.8797,6.0
full_ols_av,pass,-0.8951,2.0
full_ols_av,pass,-0.1098,0.0
full_ols_av,pass,-0.2663,0.0
full_ols_av,pass,2.8913,7.0
full_ols_av,pass,-1.6383,4.0
full_ols_av,pass,-0.3291,7.0
full_ols_av,pass,-0.3403,0.0
full_ols_av,pass,1.4039,7.0
full_ols_av,pass,-1.6978,4.0
full_ols_av,pass,-0.395,2.0
full_ols_av,pass,0.3268,3.0
full_ols_av,pass,-2.4553,3.0
full_ols_av,pass,-0.8113,1.0
full_ols_av,pass,-1.539,4.0
full_ols_av,pass,0.027,2.0
full_ols_av,pass,-2.1777,2.0
full_ols_av,pass,-1.111,4.0
full_ols_av,pass,-2.0148,3.0
full_ols_av,pass,0.5519,5.0
full_ols_av,pass,-1.2207,3.0
full_ols_av,pass,-1.947,4.0
full_ols_av,pass,-0.7683,0.0
full_ols_av,pass,-0.9279,0.0
full_ols_av,pass,-0.4389,3.0
full_ols_av,pass,0.5168,9.0
full_ols_av,pass,0.3697,4.0
full_ols_av,pass,0.1842,2.0
full_ols_av,pass,-0.3084,6.0
full_ols_av,pass,-2.3497,3.0
full_ols_av,pass,0.5585,0.0
full_ols_av,pass,-0.8535,5.0
full_ols_av,pass,0.825,6.0
full_ols_av,pass,1.7266,6.0
full_ols_av,pass,0.6182,8.0
full_ols_av,pass,-2.4445,1.0
full_ols_av,pass,0.6641,5.0
full_ols_av,pass,-0.6058,3.0
full_ols_av,pass,-0.8981,0.0
full_ols_av,pass,1.5195,7.0
full_ols_av,pass,-0.8041,5.0
full_ols_av,pass,-0.0438,6.0
full_ols_av,pass,1.0868,0.0
full_ols_av,pass,-1.4463,0.0
full_ols_av,pass,1.0644,0.0
full_ols_av,pass,-0.8884,5.0
full_ols_av,pass,1.2337,7.0
full_ols_av,pass,-1.1703,6.0
full_ols_av,pass,2.1425,8.0
full_ols_av,pass,-2.1469,6.0
full_ols_av,pass,0.3449,7.0
full_ols_av,pass,0.6662,6.0
full_ols_av,pass,-0.3998,0.0
full_ols_av,pass,-0.4163,0.0
full_ols_av,pass,0.1553,0.0
full_ols_av,pass,-1.5564,3.0
full_ols_av,pass,-0.923,0.0
full_ols_av,pass,2.7393,6.0
full_ols_av,pass,3.161,6.0
full_ols_av,pass,-0.2411,0.0
full_ols_av,pass,1.3925,0.0
full_ols_av,pass,0.7195,3.0
full_ols_av,pass,-1.1768,6.0
full_ols_av,pass,-0.8165,3.0
full_ols_av,pass,-1.4053,3.0
full_ols_av,pass,-1.1222,0.0
full_ols_av,pass,0.6036,7.0
full_ols_av,pass,0.0003,3.0
full_ols_av,pass,-1.6542,4.0
full_ols_av,pass,0.6005,6.0
full_ols_av,pass,0.6954,0.0
full_ols_av,pass,-3.1501,5.0
full_ols_av,pass,-0.199,4.0
full_ols_av,pass,-0.9412,4.0
full_ols_av,pass,0.3304,0.0
full_ols_av,pass,-0.1443,3.0
full_ols_av,pass,-0.2339,0.0
full_ols_av,pass,-0.4728,9.0
full_ols_av,pass,0.3467,5.0
full_ols_av,pass,-1.8118,4.0
full_ols_av,pass,-0.4521,7.0
full_ols_av,pass,-0.0993,5.0
full_ols_av,pass,0.2011,0.0
full_ols_av,pass,-1.11,5.0
full_ols_av,pass,0.1644,0.0
full_ols_av,pass,0.0141,0.0
full_ols_av,pass,0.0218,0.0
full_ols_av,pass,-0.0872,2.0
full_ols_av,pass,-1.7654,7.0
full_ols_av,pass,0.2631,4.0
full_ols_av,pass,-2.1866,3.0
full_ols_av,pass,-1.5071,3.0
full_ols_av,pass,0.8035,4.0
full_ols_av,pass,-1.742,4.0
full_ols_av,pass,-0.403,0.0
full_ols_av,pass,0.9629,7.0
full_ols_av,pass,-0.3549,0.0
full_ols_av,pass,-1.0832,4.0
full_ols_av,pass,-1.2702,0.0
full_ols_av,pass,-0.9835,2.0
full_ols_av,pass,-0.8441,6.0
full_ols_av,pass,-0.5261,5.0
full_ols_av,pass,-0.7489,3.0
full_ols_av,pass,-2.1278,5.0
full_ols_av,pass,0.2837,0.0
full_ols_av,pass,-1.6279,2.0
full_ols_av,pass,-0.783,7.0
full_ols_av,pass,-0.7722,0.0
full_ols_av,pass,-1.6474,1.0
full_ols_av,pass,-1.6766,2.0
full_ols_av,pass,-0.2716,3.0
full_ols_av,pass,-3.2852,5.0
full_ols_av,pass,-1.3966,4.0
full_ols_av,pass,-0.5179,0.0
full_ols_av,pass,-0.4644,4.0
full_ols_av,pass,-0.1298,5.0
full_ols_av,pass,0.3914,4.0
full_ols_av,pass,0.1238,0.0
full_ols_av,pass,-0.3795,9.0
full_ols_av,pass,-1.4875,3.0
full_ols_av,pass,-1.5853,2.0
full_ols_av,pass,0.2529,6.0
full_ols_av,pass,-1.6805,1.0
full_ols_av,pass,0.766,5.0
full_ols_av,pass,-2.1819,2.0
full_ols_av,pass,0.2085,2.0
full_ols_av,pass,-1.7061,4.0
full_ols_av,pass,-2.5162,5.0
full_ols_av,pass,-0.3581,0.0
full_ols_av,pass,-1.8186,4.0
full_ols_av,pass,-0.2841,0.0
full_ols_av,pass,0.4672,0.0
full_ols_av,pass,2.0749,6.0
full_ols_av,pass,-1.455,4.0
full_ols_av,pass,-1.7195,4.0
full_ols_av,pass,1.5628,0.0
full_ols_av,pass,-0.8969,5.0
full_ols_av,pass,-0.0813,0.0
full_ols_av,pass,-1.0478,0.0
full_ols_av,pass,-0.3307,0.0
full_ols_av,pass,-2.0989,5.0
full_ols_av,pass,-1.4941,4.0
full_ols_av,pass,-0.1042,7.0
full_ols_av,pass,-0.1194,6.0
full_ols_av,pass,-1.828,5.0
full_ols_av,pass,1.9125,7.0
full_ols_av,pass,-0.5251,4.0
full_ols_av,pass,-0.356,5.0
full_ols_av,pass,0.8891,5.0
full_ols_av,pass,-0.1871,0.0
full_ols_av,pass,-2.2744,4.0
full_ols_av,pass,0.4386,0.0
full_ols_av,pass,0.1047,4.0
full_ols_av,pass,1.9367,7.0
full_ols_av,pass,0.9223,5.0
full_ols_av,pass,2.779,5.0
full_ols_av,pass,0.4058,5.0
full_ols_av,pass,-2.2758,3.0
full_ols_av,pass,-0.0877,0.0
full_ols_av,pass,0.1748,0.0
full_ols_av,pass,0.4719,0.0
full_ols_av,pass,-0.2417,5.0
full_ols_av,pass,-2.0461,2.0
full_ols_av,pass,-1.2582,0.0
full_ols_av,pass,1.1092,5.0
full_ols_av,pass,-1.1441,0.0
full_ols_av,pass,-0.5155,0.0
full_ols_av,pass,0.4091,7.0
full_ols_av,pass,0.3136,0.0
full_ols_av,pass,-0.2463,4.0
full_ols_av,pass,-0.8222,0.0
full_ols_av,pass,-1.4875,5.0
full_ols_av,pass,-0.7887,3.0
full_ols_av,pass,-1.7049,1.0
full_ols_av,pass,2.1447,6.0
full_ols_av,pass,-0.5461,4.0
full_ols_av,pass,-0.5087,4.0
full_ols_av,pass,0.1682,7.0
full_ols_av,pass,-0.3392,0.0
full_ols_av,pass,1.8911,7.0
full_ols_av,pass,-0.1105,0.0
full_ols_av,pass,-1.7214,5.0
full_ols_av,pass,-1.2787,4.0
full_ols_av,pass,-0.8112,0.0
full_ols_av,pass,0.9845,0.0
full_ols_av,pass,-1.4954,3.0
full_ols_av,pass,-1.8801,3.0
full_ols_av,pass,-1.3396,4.0
full_ols_av,pass,-0.8256,7.0
full_ols_av,pass,0.0941,6.0
full_ols_av,pass,-0.7086,2.0
full_ols_av,pass,0.3894,0.0
full_ols_av,pass,-1.6571,0.0
full_ols_av,pass,-0.481,4.0
full_ols_av,pass,0.0852,0.0
full_ols_av,pass,-1.1178,0.0
full_ols_av,pass,-0.187,9.0
full_ols_av,pass,0.2592,8.0
full_ols_av,pass,-0.3022,0.0
full_ols_av,pass,-1.3429,0.0
full_ols_av,pass,0.2074,3.0
full_ols_av,pass,-0.6305,3.0
full_ols_av,pass,2.7837,8.0
full_ols_av,pass,-0.6776,4.0
full_ols_av,pass,-0.1153,6.0
full_ols_av,pass,-0.2302,0.0
full_ols_av,pass,-1.5577,0.0
full_ols_av,pass,-1.712,4.0
full_ols_av,pass,-0.8695,4.0
full_ols_av,pass,-0.2225,0.0
full_ols_av,pass,-0.6024,0.0
full_ols_av,pass,-1.3134,0.0
full_ols_av,pass,-2.1355,2.0
full_ols_av,pass,0.7659,4.0
full_ols_av,pass,0.5224,0.0
full_ols_av,pass,2.0529,8.0
full_ols_av,pass,0.2872,3.0
full_ols_av,pass,1.7457,4.0
full_ols_av,pass,-1.3891,4.0
full_ols_av,pass,-1.3365,4.0
full_ols_av,pass,-0.6063,0.0
full_ols_av,pass,-0.5972,6.0
full_ols_av,pass,-1.1756,7.0
full_ols_av,pass,0.6319,6.0
full_ols_av,pass,-0.4903,6.0
full_ols_av,pass,-0.4657,0.0
full_ols_av,pass,-0.4794,2.0
full_ols_av,pass,-0.3777,2.0
full_ols_av,pass,0.0028,0.0
full_ols_av,pass,1.0286,0.0
full_ols_av,pass,2.4096,6.0
full_ols_av,pass,-1.0898,5.0
full_ols_av,pass,-2.6465,2.0
full_ols_av,pass,0.1312,6.0
full_ols_av,pass,-0.3255,0.0
full_ols_av,pass,0.0666,3.0
full_ols_av,pass,-1.2938,3.0
full_ols_av,pass,-0.5235,2.0
full_ols_av,pass,-1.2033,2.0
full_ols_av,pass,0.3001,4.0
full_ols_av,pass,-2.2591,1.0
full_ols_av,pass,-0.9035,0.0
full_ols_av,pass,-1.438,8.0
full_ols_av,pass,-3.3058,5.0
full_ols_av,pass,-0.1155,4.0
full_ols_av,pass,0.2113,9.0
full_ols_av,pass,-1.4047,5.0
full_ols_av,pass,-0.8479,5.0
full_ols_av,pass,-0.4133,3.0
full_ols_av,pass,0.3318,4.0
full_ols_av,pass,-0.7902,3.0
full_ols_av,pass,1.2491,6.0
full_ols_av,pass,-1.3501,4.0
full_ols_av,pass,0.0918,0.0
full_ols_av,pass,-1.0519,3.0
full_ols_av,pass,-0.7732,0.0
full_ols_av,pass,-0.8614,7.0
full_ols_av,pass,1.0312,0.0
full_ols_av,pass,-0.256,3.0
full_ols_av,pass,-3.6291,3.0
full_ols_av,pass,0.4908,6.0
full_ols_av,pass,0.4964,8.0
full_ols_av,pass,1.1767,6.0
full_ols_av,pass,-1.0312,6.0
full_ols_av,pass,-1.3642,2.0
full_ols_av,pass,0.4296,6.0
full_ols_av,pass,-0.7986,0.0
full_ols_av,pass,0.8192,8.0
full_ols_av,pass,-0.611,7.0
full_ols_av,pass,-0.9266,3.0
full_ols_av,pass,0.5129,3.0
full_ols_av,pass,-0.099,3.0
full_ols_av,pass,0.0239,7.0
full_ols_av,pass,0.2096,7.0
full_ols_av,pass,0.1483,4.0
full_ols_av,pass,-0.3338,0.0
full_ols_av,pass,0.1249,4.0
full_ols_av,pass,-3.2893,4.0
full_ols_av,pass,0.3996,8.0
full_ols_av,pass,0.8175,7.0
full_ols_av,pass,-1.2647,4.0
full_ols_av,pass,-0.6427,0.0
full_ols_av,pass,-0.2154,0.0
full_ols_av,pass,0.827,0.0
full_ols_av,pass,-0.8374,3.0
full_ols_av,pass,0.2508,0.0
full_ols_av,pass,-2.2966,2.0
full_ols_av,pass,-2.0409,4.0
full_ols_av,pass,-2.1238,7.0
full_ols_av,pass,-0.0797,0.0
full_ols_av,pass,0.0259,10.0
full_ols_av,pass,-1.6456,6.0
full_ols_av,pass,-0.1959,0.0
full_ols_av,pass,-2.2872,5.0
full_ols_av,pass,0.0647,7.0
full_ols_av,pass,-3.0356,1.0
full_ols_av,pass,-0.8094,2.0
full_ols_av,pass,0.5739,0.0
full_ols_av,pass,-0.4696,0.0
full_ols_av,pass,-1.4368,0.0
full_ols_av,pass,0.1098,0.0
full_ols_av,pass,-0.4965,0.0
full_ols_av,pass,-0.8779,0.0
full_ols_av,pass,0.2175,0.0
full_ols_av,pass,-0.3292,0.0
full_ols_av,pass,-1.2249,0.0
full_ols_av,pass,-0.4437,0.0
full_ols_av,pass,0.0623,7.0
full_ols_av,pass,-0.9114,6.0
full_ols_av,pass,-0.3966,0.0
full_ols_av,pass,-1.0633,1.0
full_ols_av,pass,-0.5002,2.0
full_ols_av,pass,2.0444,6.0
full_ols_av,pass,-0.3528,3.0
full_ols_av,pass,2.2073,6.0
full_ols_av,pass,-2.0439,7.0
full_ols_av,pass,-3.1248,1.0
full_ols_av,pass,0.9705,7.0
full_ols_av,pass,0.1672,4.0
full_ols_av,pass,1.1679,0.0
full_ols_av,pass,0.6778,4.0
full_ols_av,pass,-0.8597,2.0
full_ols_av,pass,-0.3289,0.0
full_ols_av,pass,0.2347,8.0
full_ols_av,pass,-0.8647,0.0
full_ols_av,pass,0.1655,8.0
full_ols_av,pass,-0.7719,4.0
full_ols_av,pass,-0.7122,1.0
full_ols_av,pass,0.2615,3.0
full_ols_av,pass,-0.4382,3.0
full_ols_av,pass,0.2937,3.0
full_ols_av,pass,1.6768,8.0
full_ols_av,pass,-0.5754,0.0
full_ols_av,pass,-2.1168,1.0
full_ols_av,pass,-3.09,2.0
full_ols_av,pass,0.2282,9.0
full_ols_av,pass,-1.2437,3.0
full_ols_av,pass,0.7508,5.0
full_ols_av,pass,0.4069,7.0
full_ols_av,pass,-1.1526,0.0
full_ols_av,pass,-0.6351,0.0
full_ols_av,pass,-2.0339,3.0
full_ols_av,pass,-0.7113,3.0
full_ols_av,pass,-1.0941,3.0
full_ols_av,pass,-2.251,4.0
full_ols_av,pass,-2.3853,3.0
full_ols_av,pass,-1.5001,2.0
full_ols_av,pass,2.0821,8.0
full_ols_av,pass,-0.0403,7.0
full_ols_av,pass,-0.3754,6.0
full_ols_av,pass,-0.1111,2.0
full_ols_av,pass,-1.5701,0.0
full_ols_av,pass,-0.2374,3.0
full_ols_av,pass,0.0962,0.0
full_ols_av,pass,-1.924,2.0
full_ols_av,pass,0.5292,6.0
full_ols_av,pass,-0.7672,7.0
full_ols_av,pass,-1.0997,3.0
full_ols_av,pass,-1.1015,0.0
full_ols_av,pass,-1.083,4.0
full_ols_av,pass,2.4503,7.0
full_ols_av,pass,-0.1916,4.0
full_ols_av,pass,-1.2206,2.0
full_ols_av,pass,1.0751,0.0
full_ols_av,pass,-1.2961,0.0
full_ols_av,pass,-1.0227,0.0
full_ols_av,pass,1.7963,7.0
full_ols_av,pass,-1.4246,1.0
full_ols_av,pass,-1.0771,4.0
full_ols_av,pass,0.0529,0.0
full_ols_av,pass,-2.2198,3.0
full_ols_av,pass,-2.2555,1.0
full_ols_av,pass,-1.73,3.0
full_ols_av,pass,0.3388,5.0
full_ols_av,pass,-2.3819,3.0
full_ols_av,pass,2.7978,6.0
full_ols_av,pass,0.3126,4.0
full_ols_av,pass,-1.8146,7.0
full_ols_av,pass,-1.7268,4.0
full_ols_av,pass,-1.89,4.0
full_ols_av,pass,0.8275,0.0
full_ols_av,pass,-1.1229,6.0
full_ols_av,pass,0.6074,0.0
full_ols_av,pass,0.2891,3.0
full_ols_av,pass,-1.3368,0.0
full_ols_av,pass,-1.8192,3.0
full_ols_av,pass,-0.7162,0.0
full_ols_av,pass,0.766,8.0
full_ols_av,pass,-0.7263,3.0
full_ols_av,pass,0.3166,0.0
full_ols_av,pass,0.22,4.0
full_ols_av,pass,-2.5975,2.0
full_ols_av,pass,-0.2225,0.0
full_ols_av,pass,0.464,3.0
full_ols_av,pass,-1.6724,6.0
full_ols_av,pass,-1.5709,6.0
full_ols_av,pass,-0.1166,0.0
full_ols_av,pass,-0.3264,0.0
full_ols_av,pass,-0.4072,0.0
full_ols_av,pass,-1.3249,0.0
full_ols_av,pass,-0.3229,0.0
full_ols_av,pass,-1.4021,6.0
full_ols_av,pass,0.2156,2.0
full_ols_av,pass,-1.1407,4.0
full_ols_av,pass,-1.1235,2.0
full_ols_av,pass,-0.4783,0.0
full_ols_av,pass,2.0723,8.0
full_ols_av,pass,-0.5973,6.0
full_ols_av,pass,-1.878,3.0
full_ols_av,pass,-1.9279,3.0
full_ols_av,pass,-0.6605,0.0
full_ols_av,pass,-1.1592,0.0
full_ols_av,pass,-0.2255,4.0
full_ols_av,pass,1.1391,6.0
full_ols_av,pass,-1.3831,3.0
full_ols_av,pass,-1.501,5.0
full_ols_av,pass,0.7235,0.0
full_ols_av,pass,1.644,9.0
full_ols_av,pass,-1.4371,2.0
full_ols_av,pass,0.2489,8.0
full_ols_av,pass,0.1944,0.0
full_ols_av,pass,-1.358,1.0
full_ols_av,pass,2.524,7.0
full_ols_av,pass,-1.7437,4.0
full_ols_av,pass,1.0764,0.0
full_ols_av,pass,2.3136,7.0
full_ols_av,pass,-0.5931,5.0
full_ols_av,pass,0.488,5.0
full_ols_av,pass,0.5229,0.0
full_ols_av,pass,2.0581,4.0
full_ols_av,pass,-0.1037,0.0
full_ols_av,pass,-2.8378,2.0
full_ols_av,pass,-2.3187,3.0
full_ols_av,pass,-1.6609,4.0
full_ols_av,pass,0.8366,0.0
full_ols_av,pass,-1.8773,1.0
full_ols_av,pass,2.4539,5.0
full_ols_av,pass,-1.0882,2.0
full_ols_av,pass,0.6348,0.0
full_ols_av,pass,-0.2629,0.0
full_ols_av,pass,-2.177,6.0
full_ols_av,pass,0.5748,8.0
full_ols_av,pass,-0.987,8.0
full_ols_av,pass,-0.6424,0.0
full_ols_av,pass,-0.5886,3.0
full_ols_av,pass,-1.9444,5.0
full_ols_av,pass,0.0124,2.0
full_ols_av,pass,-0.1854,8.0
full_ols_av,pass,-2.5383,4.0
full_ols_av,pass,-1.5698,2.0
full_ols_av,pass,0.969,0.0
full_ols_av,pass,2.8216,7.0
full_ols_av,pass,-1.196,5.0
full_ols_av,pass,-0.4022,3.0
full_ols_av,pass,-0.7962,4.0
full_ols_av,pass,-1.6168,3.0
full_ols_av,pass,-0.4019,0.0
full_ols_av,pass,0.2594,0.0
full_ols_av,pass,-0.6616,0.0
full_ols_av,pass,1.3113,4.0
full_ols_av,pass,-0.6632,0.0
full_ols_av,pass,0.0246,0.0
full_ols_av,pass,-0.9758,7.0
full_ols_av,pass,-0.0277,0.0
full_ols_av,pass,-1.6958,10.0
full_ols_av,pass,0.2464,2.0
full_ols_av,pass,-0.4279,0.0
full_ols_av,pass,-0.0336,0.0
full_ols_av,pass,-2.0509,3.0
full_ols_av,pass,0.2611,0.0
full_ols_av,pass,-0.5265,0.0
full_ols_av,pass,0.1748,6.0
full_ols_av,pass,-1.706,2.0
full_ols_av,pass,-0.3332,3.0
full_ols_av,pass,-0.9594,0.0
full_ols_av,pass,-1.0871,0.0
full_ols_av,pass,-0.6741,1.0
full_ols_av,pass,0.9523,4.0
full_ols_av,pass,0.4722,0.0
full_ols_av,pass,-1.6712,5.0
full_ols_av,pass,-0.7049,0.0
full_ols_av,pass,-0.9572,8.0
full_ols_av,pass,1.2246,7.0
full_ols_av,pass,-0.1444,6.0
full_ols_av,pass,0.2171,8.0
full_ols_av,pass,-0.8059,0.0
full_ols_av,pass,0.2768,0.0
full_ols_av,pass,-1.385,6.0
full_ols_av,pass,-0.7806,4.0
full_ols_av,pass,-1.7181,4.0
full_ols_av,pass,-0.1223,4.0
full_ols_av,pass,-0.9302,0.0
full_ols_av,pass,-1.0059,5.0
full_ols_av,pass,-2.2853,5.0
full_ols_av,pass,-0.86,0.0
full_ols_av,pass,0.2707,5.0
full_ols_av,pass,-1.5422,5.0
full_ols_av,pass,0.046,0.0
full_ols_av,pass,0.2119,0.0
full_ols_av,pass,0.2346,2.0
full_ols_av,pass,-0.693,5.0
full_ols_av,pass,-0.2511,6.0
full_ols_av,pass,-0.4067,2.0
full_ols_av,pass,-1.5006,0.0
full_ols_av,pass,0.9268,3.0
full_ols_av,pass,-0.802,2.0
full_ols_av,pass,-1.5441,5.0
full_ols_av,pass,0.5123,0.0
full_ols_av,pass,-1.7195,4.0
full_ols_av,pass,0.2006,4.0
full_ols_av,pass,-3.0209,3.0
full_ols_av,pass,1.9065,6.0
full_ols_av,pass,-1.1045,3.0
full_ols_av,pass,-1.2424,9.0
full_ols_av,pass,-0.0013,0.0
full_ols_av,pass,-2.2657,4.0
full_ols_av,pass,1.8535,7.0
full_ols_av,pass,0.2665,3.0
full_ols_av,pass,0.2161,0.0
full_ols_av,pass,-1.1222,0.0
full_ols_av,pass,-2.468,4.0
full_ols_av,pass,0.7833,0.0
full_ols_av,pass,0.0218,0.0
full_ols_av,pass,-0.1497,0.0
full_ols_av,pass,-0.2864,1.0
full_ols_av,pass,0.6734,0.0
full_ols_av,pass,0.1037,5.0
full_ols_av,pass,-0.4312,8.0
full_ols_av,pass,0.0351,1.0
full_ols_av,pass,-0.3725,6.0
full_ols_av,pass,-0.4857,6.0
full_ols_av,pass,1.636,3.0
full_ols_av,pass,-1.1488,5.0
full_ols_av,pass,-1.3999,7.0
full_ols_av,pass,2.2228,9.0
full_ols_av,pass,-0.6497,3.0
full_ols_av,pass,-1.2315,1.0
full_ols_av,pass,2.1551,7.0
full_ols_av,pass,-0.374,1.0
full_ols_av,pass,-3.5116,1.0
full_ols_av,pass,-0.7095,3.0
full_ols_av,pass,0.1733,0.0
full_ols_av,pass,-1.3896,0.0
full_ols_av,pass,1.0782,4.0
full_ols_av,pass,1.521,8.0
full_ols_av,pass,-1.3895,1.0
full_ols_av,pass,0.2712,5.0
full_ols_av,pass,0.8431,0.0
full_ols_av,pass,-0.8993,0.0
full_ols_av,pass,-0.0052,0.0
full_ols_av,pass,-0.2523,6.0
full_ols_av,pass,0.0481,0.0
full_ols_av,pass,1.8601,5.0
full_ols_av,pass,-0.6373,5.0
full_ols_av,pass,-2.1755,7.0
full_ols_av,pass,-1.8603,3.0
full_ols_av,pass,0.3701,0.0
full_ols_av,pass,-0.5245,4.0
full_ols_av,pass,0.4271,3.0
full_ols_av,pass,-0.3674,3.0
full_ols_av,pass,-1.5836,4.0
full_ols_av,pass,-1.0563,0.0
full_ols_av,pass,-0.7964,0.0
full_ols_av,pass,2.1639,7.0
full_ols_av,pass,0.9379,0.0
full_ols_av,pass,-1.968,4.0
full_ols_av,pass,-0.4446,5.0
full_ols_av,pass,-0.9457,0.0
full_ols_av,pass,-1.929,2.0
full_ols_av,pass,1.8184,6.0
full_ols_av,pass,-0.951,0.0
full_ols_av,pass,0.0563,0.0
full_ols_av,pass,-0.2931,0.0
full_ols_av,pass,-1.0143,0.0
full_ols_av,pass,-0.189,4.0
full_ols_av,pass,-1.8642,0.0
full_ols_av,pass,-0.6952,4.0
full_ols_av,pass,-1.6819,2.0
full_ols_av,pass,-1.2198,0.0
full_ols_av,pass,2.3973,6.0
full_ols_av,pass,-0.7464,2.0
full_ols_av,pass,-1.0075,3.0
full_ols_av,pass,-0.0965,8.0
full_ols_av,pass,-0.8719,2.0
full_ols_av,pass,-0.2052,6.0
full_ols_av,pass,1.4562,9.0
full_ols_av,pass,0.3419,0.0
full_ols_av,pass,0.8723,6.0
full_ols_av,pass,1.4781,5.0
full_ols_av,pass,0.7044,6.0
full_ols_av,pass,-0.3423,4.0
full_ols_av,pass,-1.237,4.0
full_ols_av,pass,0.9917,0.0
full_ols_av,pass,2.0594,7.0
full_ols_av,pass,-1.4246,2.0
full_ols_av,pass,-2.7491,5.0
full_ols_av,pass,-0.5944,6.0
full_ols_av,pass,-0.6845,0.0
full_ols_av,pass,-0.8618,2.0
full_ols_av,pass,-2.2691,1.0
full_ols_av,pass,-0.6184,7.0
full_ols_av,pass,0.3477,5.0
full_ols_av,pass,-0.1296,0.0
full_ols_av,pass,0.0423,0.0
full_ols_av,pass,0.1636,0.0
full_ols_av,pass,-1.1165,0.0
full_ols_av,pass,-1.0231,7.0
full_ols_av,pass,-0.4601,2.0
full_ols_av,pass,-2.0145,2.0
full_ols_av,pass,-1.5323,5.0
full_ols_av,pass,-4.075,2.0
full_ols_av,pass,-1.8966,3.0
full_ols_av,pass,1.3698,7.0
full_ols_av,pass,-0.3976,2.0
full_ols_av,pass,2.198,7.0
full_ols_av,pass,-0.3367,0.0
full_ols_av,pass,-0.0447,0.0
full_ols_av,pass,-2.936,4.0
full_ols_av,pass,-0.7548,5.0
full_ols_av,pass,-0.2603,0.0
full_ols_av,pass,0.4956,7.0
full_ols_av,pass,0.6236,0.0
full_ols_av,pass,-0.7799,4.0
full_ols_av,pass,-0.3376,4.0
full_ols_av,pass,-0.953,6.0
full_ols_av,pass,-0.6018,1.0
full_ols_av,pass,0.3131,4.0
full_ols_av,pass,-0.3393,5.0
full_ols_av,pass,-1.0061,3.0
full_ols_av,pass,-0.5662,4.0
full_ols_av,pass,-2.3228,5.0
full_ols_av,pass,0.2996,5.0
full_ols_av,pass,-1.3326,6.0
full_ols_av,pass,1.9904,5.0
full_ols_av,pass,-1.0809,7.0
full_ols_av,pass,0.2968,0.0
full_ols_av,pass,-1.3829,6.0
full_ols_av,pass,-2.884,3.0
full_ols_av,pass,-0.6173,0.0
full_ols_av,pass,-0.1097,9.0
full_ols_av,pass,-0.1648,7.0
full_ols_av,pass,-0.809,0.0
full_ols_av,pass,0.9025,4.0
full_ols_av,pass,-2.7378,3.0
full_ols_av,pass,-0.5569,0.0
full_ols_av,pass,0.0712,0.0
full_ols_av,pass,-1.957,4.0
full_ols_av,pass,-0.2117,2.0
full_ols_av,pass,0.5569,0.0
full_ols_av,pass,-1.3012,3.0
full_ols_av,pass,-1.3336,2.0
full_ols_av,pass,-0.5142,0.0
full_ols_av,pass,-0.4824,6.0
full_ols_av,pass,-0.1737,0.0
full_ols_av,pass,-2.4107,5.0
full_ols_av,pass,-1.6491,5.0
full_ols_av,pass,-1.8735,2.0
full_ols_av,pass,-1.0145,5.0
full_ols_av,pass,-0.0616,0.0
full_ols_av,pass,-1.6495,5.0
full_ols_av,pass,-0.9552,0.0
full_ols_av,pass,-1.7655,5.0
full_ols_av,pass,-1.1565,2.0
full_ols_av,pass,-1.0831,5.0
full_ols_av,pass,-0.8539,0.0
full_ols_av,pass,2.278,6.0
full_ols_av,pass,-0.4606,6.0
full_ols_av,pass,0.3131,6.0
full_ols_av,pass,0.4141,0.0
full_ols_av,pass,-1.7529,9.0
full_ols_av,pass,1.137,6.0
full_ols_av,pass,-0.5498,2.0
full_ols_av,pass,-0.429,0.0
full_ols_av,pass,2.1205,8.0
full_ols_av,pass,0.83,9.0
full_ols_av,pass,-1.7837,4.0
full_ols_av,pass,-1.3444,6.0
full_ols_av,pass,0.6712,3.0
full_ols_av,pass,0.5148,8.0
full_ols_av,pass,-2.301,3.0
full_ols_av,pass,-1.0901,0.0
full_ols_av,pass,0.3498,0.0
full_ols_av,pass,-0.5469,0.0
full_ols_av,pass,-1.462,3.0
full_ols_av,pass,1.18,6.0
full_ols_av,pass,-2.431,4.0
full_ols_av,pass,2.9866,8.0
full_ols_av,pass,2.1796,7.0
full_ols_av,pass,2.2194,6.0
full_ols_av,pass,-0.3036,2.0
full_ols_av,pass,-0.5447,0.0
full_ols_av,pass,-0.2023,6.0
full_ols_av,pass,-2.32,3.0
full_ols_av,pass,0.2221,0.0
full_ols_av,pass,0.932,0.0
full_ols_av,pass,-0.5925,8.0
full_ols_av,pass,1.7744,6.0
full_ols_av,pass,-0.8093,6.0
full_ols_av,pass,0.4767,4.0
full_ols_av,pass,-0.8337,0.0
full_ols_av,pass,0.2863,4.0
full_ols_av,pass,0.2297,8.0
full_ols_av,pass,1.7563,6.0
full_ols_av,pass,-0.4003,7.0
full_ols_av,pass,-0.8224,0.0
full_ols_av,pass,-0.9359,4.0
full_ols_av,pass,-0.6554,0.0
full_ols_av,pass,-0.8924,3.0
full_ols_av,pass,0.9173,0.0
full_ols_av,pass,-2.5172,3.0
full_ols_av,pass,0.2941,7.0
full_ols_av,pass,-1.3601,0.0
full_ols_av,pass,0.2215,0.0
full_ols_av,pass,-1.2938,4.0
full_ols_av,pass,-1.6528,4.0
full_ols_av,pass,0.5454,4.0
full_ols_av,pass,1.6689,7.0
full_ols_av,pass,-1.2837,2.0
full_ols_av,pass,-1.0834,1.0
full_ols_av,pass,-1.8267,1.0
full_ols_av,pass,-1.4563,5.0
full_ols_av,pass,0.5147,2.0
full_ols_av,pass,0.8449,0.0
full_ols_av,pass,-1.1183,0.0
full_ols_av,pass,-1.6643,6.0
full_ols_av,pass,-1.4708,2.0
full_ols_av,pass,1.5351,8.0
full_ols_av,pass,-0.2092,4.0
full_ols_av,pass,2.0936,4.0
full_ols_av,pass,-1.3267,4.0
full_ols_av,pass,-1.9132,2.0
full_ols_av,pass,0.4387,0.0
selected_ols_av,pass,-1.2699,7.0
selected_ols_av,pass,-1.5786,0.0
selected_ols_av,pass,-0.8126,5.0
selected_ols_av,pass,-2.2855,1.0
selected_ols_av,pass,-0.3554,4.0
selected_ols_av,pass,-1.8282,4.0
selected_ols_av,pass,-2.0688,3.0
selected_ols_av,pass,0.0098,0.0
selected_ols_av,pass,0.0098,0.0
selected_ols_av,pass,0.9243,0.0
selected_ols_av,pass,-0.4475,0.0
selected_ols_av,pass,-1.1214,0.0
selected_ols_av,pass,2.1805,8.0
selected_ols_av,pass,-2.2855,2.0
selected_ols_av,pass,0.0098,0.0
selected_ols_av,pass,1.266,7.0
selected_ols_av,pass,0.8087,6.0
selected_ols_av,pass,-0.3554,0.0
selected_ols_av,pass,-1.2699,5.0
selected_ols_av,pass,-2.7427,1.0
selected_ols_av,pass,0.1019,0.0
selected_ols_av,pass,-1.1543,6.0
selected_ols_av,pass,-0.3554,4.0
selected_ols_av,pass,0.0098,0.0
selected_ols_av,pass,-0.6641,2.0
selected_ols_av,pass,-0.4475,0.0
selected_ols_av,pass,-1.5786,2.0
selected_ols_av,pass,-2.7427,2.0
selected_ols_av,pass,-1.6116,3.0
selected_ols_av,pass,0.0098,0.0
selected_ols_av,pass,-2.2855,1.0
selected_ols_av,pass,1.266,3.0
selected_ols_av,pass,-0.8126,4.0
selected_ols_av,pass,-0.4475,5.0
selected_ols_av,pass,-0.9047,0.0
selected_ols_av,pass,-0.8126,0.0
selected_ols_av,pass,-1.8282,5.0
selected_ols_av,pass,0.8087,9.0
selected_ols_av,pass,0.8087,7.0
selected_ols_av,pass,-0.2069,0.0
selected_ols_av,pass,-0.8126,9.0
selected_ols_av,pass,0.1019,0.0
selected_ols_av,pass,-0.2069,5.0
selected_ols_av,pass,-0.3554,6.0
selected_ols_av,pass,-0.3554,2.0
selected_ols_av,pass,0.7076,0.0
selected_ols_av,pass,-0.6641,4.0
selected_ols_av,pass,0.1019,1.0
selected_ols_av,pass,0.1019,4.0
selected_ols_av,pass,0.467,0.0
selected_ols_av,pass,0.1019,3.0
selected_ols_av,pass,-1.1543,5.0
selected_ols_av,pass,0.1019,4.0
selected_ols_av,pass,-0.6641,4.0
selected_ols_av,pass,-0.3554,2.0
selected_ols_av,pass,-0.6641,5.0
selected_ols_av,pass,0.0098,0.0
selected_ols_av,pass,0.0098,4.0
selected_ols_av,pass,0.8087,6.0
selected_ols_av,pass,-0.3554,1.0
selected_ols_av,pass,-0.6641,3.0
selected_ols_av,pass,-0.3554,3.0
selected_ols_av,pass,-0.3554,1.0
selected_ols_av,pass,-2.0688,6.0
selected_ols_av,pass,0.0098,3.0
selected_ols_av,pass,0.8087,9.0
selected_ols_av,pass,-1.6116,2.0
selected_ols_av,pass,-0.3554,4.0
selected_ols_av,pass,-1.1543,4.0
selected_ols_av,pass,-1.8282,4.0
selected_ols_av,pass,-0.6641,0.0
selected_ols_av,pass,0.5591,9.0
selected_ols_av,pass,-2.2855,4.0
selected_ols_av,pass,-2.7427,3.0
selected_ols_av,pass,-3.2,2.0
selected_ols_av,pass,-0.6641,0.0
selected_ols_av,pass,1.266,8.0
selected_ols_av,pass,-1.1214,2.0
selected_ols_av,pass,-0.6641,0.0
selected_ols_av,pass,-0.6641,3.0
selected_ols_av,pass,-0.3554,0.0
selected_ols_av,pass,-0.3554,2.0
selected_ols_av,pass,0.2504,4.0
selected_ols_av,pass,-0.6641,5.0
selected_ols_av,pass,-1.2699,4.0
selected_ols_av,pass,-0.2069,4.0
selected_ols_av,pass,-0.8126,4.0
selected_ols_av,pass,-0.8126,3.0
selected_ols_av,pass,-0.4475,6.0
selected_ols_av,pass,-0.6641,4.0
selected_ols_av,pass,-0.2069,0.0
selected_ols_av,pass,1.266,8.0
selected_ols_av,pass,-1.1543,4.0
selected_ols_av,pass,-1.5786,0.0
selected_ols_av,pass,-1.1214,0.0
selected_ols_av,pass,1.7232,6.0
selected_ols_av,pass,-1.1214,0.0
selected_ols_av,pass,-0.6641,0.0
selected_ols_av,pass,1.7232,8.0
selected_ols_av,pass,-1.1214,0.0
selected_ols_av,pass,-1.8282,3.0
selected_ols_av,pass,-0.8126,5.0
selected_ols_av,pass,-0.3554,3.0
selected_ols_av,pass,0.0098,3.0
selected_ols_av,pass,-0.4475,3.0
selected_ols_av,pass,-0.6641,0.0
selected_ols_av,pass,1.7232,7.0
selected_ols_av,pass,1.266,7.0
selected_ols_av,pass,-1.1214,1.0
selected_ols_av,pass,-2.2855,4.0
selected_ols_av,pass,-0.6641,0.0
selected_ols_av,pass,-0.9047,5.0
selected_ols_av,pass,-2.0688,2.0
selected_ols_av,pass,2.6377,5.0
selected_ols_av,pass,0.0098,3.0
selected_ols_av,pass,-0.9047,3.0
selected_ols_av,pass,-1.6116,4.0
selected_ols_av,pass,-0.8126,2.0
selected_ols_av,pass,0.9243,0.0
selected_ols_av,pass,-2.7427,3.0
selected_ols_av,pass,0.9243,10.0
selected_ols_av,pass,-1.1214,0.0
selected_ols_av,pass,-0.3554,3.0
selected_ols_av,pass,-0.6641,0.0
selected_ols_av,pass,-0.3554,3.0
selected_ols_av,pass,0.0098,5.0
selected_ols_av,pass,-2.5261,1.0
selected_ols_av,pass,-1.1214,0.0
selected_ols_av,pass,-0.8126,5.0
selected_ols_av,pass,-1.1214,5.0
selected_ols_av,pass,2.1805,6.0
selected_ols_av,pass,-0.2069,0.0
selected_ols_av,pass,-1.1214,0.0
selected_ols_av,pass,-1.8282,1.0
selected_ols_av,pass,-0.8126,8.0
selected_ols_av,pass,1.266,6.0
selected_ols_av,pass,-1.1214,5.0
selected_ols_av,pass,-1.1214,3.0
selected_ols_av,pass,-0.4475,2.0
selected_ols_av,pass,-0.4475,6.0
selected_ols_av,pass,0.1019,0.0
selected_ols_av,pass,0.1019,0.0
selected_ols_av,pass,-0.9047,5.0
selected_ols_av,pass,-0.4475,0.0
selected_ols_av,pass,-0.3554,8.0
selected_ols_av,pass,-0.2069,0.0
selected_ols_av,pass,0.8087,6.0
selected_ols_av,pass,0.3515,3.0
selected_ols_av,pass,0.1019,0.0
selected_ols_av,pass,1.266,8.0
selected_ols_av,pass,-1.6116,2.0
selected_ols_av,pass,0.467,3.0
selected_ols_av,pass,-1.1214,0.0
selected_ols_av,pass,-1.6116,2.0
selected_ols_av,pass,-0.4475,0.0
selected_ols_av,pass,-0.6641,3.0
selected_ols_av,pass,0.8087,1.0
selected_ols_av,pass,-1.2699,6.0
selected_ols_av,pass,-0.8126,5.0
selected_ols_av,pass,-1.1543,1.0
selected_ols_av,pass,-2.2855,3.0
selected_ols_av,pass,0.1019,0.0
selected_ols_av,pass,-2.7427,2.0
selected_ols_av,pass,-1.1543,4.0
selected_ols_av,pass,0.1019,4.0
selected_ols_av,pass,-1.1214,0.0
selected_ols_av,pass,0.1019,0.0
selected_ols_av,pass,-0.3554,2.0
selected_ols_av,pass,-0.8126,3.0
selected_ols_av,pass,0.3515,7.0
selected_ols_av,pass,-1.6116,4.0
selected_ols_av,pass,-0.3554,0.0
selected_ols_av,pass,-0.6641,0.0
selected_ols_av,pass,-0.2069,0.0
selected_ols_av,pass,-0.4475,3.0
selected_ols_av,pass,-2.2855,1.0
selected_ols_av,pass,-0.8126,0.0
selected_ols_av,pass,-2.2855,3.0
selected_ols_av,pass,1.7232,4.0
selected_ols_av,pass,0.9243,3.0
selected_ols_av,pass,-1.2699,2.0
selected_ols_av,pass,-2.2855,3.0
selected_ols_av,pass,-0.8126,2.0
selected_ols_av,pass,1.266,5.0
selected_ols_av,pass,-2.5261,3.0
selected_ols_av,pass,-1.6116,6.0
selected_ols_av,pass,-1.5786,5.0
selected_ols_av,pass,0.7076,0.0
selected_ols_av,pass,-0.8126,5.0
selected_ols_av,pass,0.3515,5.0
selected_ols_av,pass,0.1019,0.0
selected_ols_av,pass,-2.0688,3.0
selected_ols_av,pass,-2.7427,2.0
selected_ols_av,pass,0.467,7.0
selected_ols_av,pass,-1.2699,7.0
selected_ols_av,pass,-1.371,4.0
selected_ols_av,pass,-0.2069,0.0
selected_ols_av,pass,0.0098,6.0
selected_ols_av,pass,-0.3554,0.0
selected_ols_av,pass,-0.3554,3.0
selected_ols_av,pass,-1.6116,4.0
selected_ols_av,pass,-2.7427,2.0
selected_ols_av,pass,-2.5261,4.0
selected_ols_av,pass,-3.2,5.0
selected_ols_av,pass,1.7232,8.0
selected_ols_av,pass,-0.8126,8.0
selected_ols_av,pass,-0.6641,2.0
selected_ols_av,pass,0.1019,3.0
selected_ols_av,pass,0.5591,3.0
selected_ols_av,pass,0.5591,3.0
selected_ols_av,pass,-0.2069,0.0
selected_ols_av,pass,-0.2069,6.0
selected_ols_av,pass,-0.6641,2.0
selected_ols_av,pass,0.1019,3.0
selected_ols_av,pass,-1.8282,2.0
selected_ols_av,pass,-2.5261,3.0
selected_ols_av,pass,1.266,9.0
selected_ols_av,pass,0.5591,3.0
selected_ols_av,pass,-2.7427,3.0
selected_ols_av,pass,-2.2855,4.0
selected_ols_av,pass,-1.6116,2.0
selected_ols_av,pass,1.266,4.0
selected_ols_av,pass,-2.7427,1.0
selected_ols_av,pass,0.0098,0.0
selected_ols_av,pass,-0.4475,3.0
selected_ols_av,pass,0.1019,0.0
selected_ols_av,pass,-2.7427,2.0
selected_ols_av,pass,-1.6116,7.0
selected_ols_av,pass,-0.4475,0.0
selected_ols_av,pass,-1.8282,4.0
selected_ols_av,pass,-0.3554,3.0
selected_ols_av,pass,0.8087,8.0
selected_ols_av,pass,0.5591,4.0
selected_ols_av,pass,-1.6116,4.0
selected_ols_av,pass,0.1019,5.0
selected_ols_av,pass,-2.2855,6.0
selected_ols_av,pass,-0.9047,5.0
selected_ols_av,pass,-1.1214,3.0
selected_ols_av,pass,0.0098,0.0
selected_ols_av,pass,-2.2855,5.0
selected_ols_av,pass,0.1019,0.0
selected_ols_av,pass,0.1019,0.0
selected_ols_av,pass,-2.2855,5.0
selected_ols_av,pass,0.3515,7.0
selected_ols_av,pass,-0.4475,5.0
selected_ols_av,pass,-0.4475,5.0
selected_ols_av,pass,-3.2,3.0
selected_ols_av,pass,-0.6641,0.0
selected_ols_av,pass,-0.6641,4.0
selected_ols_av,pass,-0.3554,1.0
selected_ols_av,pass,0.467,0.0
selected_ols_av,pass,-0.2069,0.0
selected_ols_av,pass,-2.2855,0.0
selected_ols_av,pass,0.8087,5.0
selected_ols_av,pass,-2.5261,5.0
selected_ols_av,pass,-0.3554,3.0
selected_ols_av,pass,1.266,6.0
selected_ols_av,pass,-0.8126,4.0
selected_ols_av,pass,-1.1214,0.0
selected_ols_av,pass,-2.7427,4.0
selected_ols_av,pass,0.8087,7.0
selected_ols_av,pass,0.467,0.0
selected_ols_av,pass,-0.6641,4.0
selected_ols_av,pass,-0.3554,0.0
selected_ols_av,pass,-1.6116,5.0
selected_ols_av,pass,0.9243,0.0
selected_ols_av,pass,0.0098,5.0
selected_ols_av,pass,-1.5786,1.0
selected_ols_av,pass,0.467,6.0
selected_ols_av,pass,-0.4475,6.0
selected_ols_av,pass,-1.1214,3.0
selected_ols_av,pass,0.0098,0.0
selected_ols_av,pass,-1.1214,0.0
selected_ols_av,pass,-2.0688,4.0
selected_ols_av,pass,0.1019,4.0
selected_ols_av,pass,1.3815,0.0
selected_ols_av,pass,-0.3554,4.0
selected_ols_av,pass,0.9243,7.0
selected_ols_av,pass,-1.371,7.0
selected_ols_av,pass,-1.8282,2.0
selected_ols_av,pass,-1.1214,3.0
selected_ols_av,pass,-2.7427,4.0
selected_ols_av,pass,-2.2855,4.0
selected_ols_av,pass,-0.6971,7.0
selected_ols_av,pass,0.1019,6.0
selected_ols_av,pass,0.1019,5.0
selected_ols_av,pass,-2.0688,3.0
selected_ols_av,pass,0.0098,1.0
selected_ols_av,pass,-0.6641,3.0
selected_ols_av,pass,1.0163,0.0
selected_ols_av,pass,-1.1543,3.0
selected_ols_av,pass,-2.7427,4.0
selected_ols_av,pass,1.7232,3.0
selected_ols_av,pass,0.0098,0.0
selected_ols_av,pass,-1.1214,0.0
selected_ols_av,pass,-0.3554,2.0
selected_ols_av,pass,-0.3554,7.0
selected_ols_av,pass,0.2504,0.0
selected_ols_av,pass,-1.2699,2.0
selected_ols_av,pass,1.266,6.0
selected_ols_av,pass,-0.2069,0.0
selected_ols_av,pass,-0.6641,0.0
selected_ols_av,pass,-0.3554,4.0
selected_ols_av,pass,-0.6971,6.0
selected_ols_av,pass,0.1019,3.0
selected_ols_av,pass,-1.371,3.0
selected_ols_av,pass,0.3515,5.0
selected_ols_av,pass,-1.8282,5.0
selected_ols_av,pass,-1.1543,4.0
selected_ols_av,pass,1.266,4.0
selected_ols_av,pass,0.1019,4.0
selected_ols_av,pass,-0.6641,0.0
selected_ols_av,pass,-1.1214,0.0
selected_ols_av,pass,-1.1214,1.0
selected_ols_av,pass,-1.8282,4.0
selected_ols_av,pass,-0.8126,0.0
selected_ols_av,pass,0.8087,6.0
selected_ols_av,pass,-0.4475,8.0
selected_ols_av,pass,-2.0688,1.0
selected_ols_av,pass,1.7232,10.0
selected_ols_av,pass,-0.3554,3.0
selected_ols_av,pass,0.1019,0.0
selected_ols_av,pass,0.8087,6.0
selected_ols_av,pass,-1.8282,1.0
selected_ols_av,pass,-2.7427,4.0
selected_ols_av,pass,-0.8126,0.0
selected_ols_av,pass,-1.1214,6.0
selected_ols_av,pass,-2.7427,2.0
selected_ols_av,pass,-1.1214,6.0
selected_ols_av,pass,1.266,9.0
selected_ols_av,pass,0.1019,2.0
selected_ols_av,pass,-1.6116,5.0
selected_ols_av,pass,-0.8126,5.0
selected_ols_av,pass,-2.0688,5.0
selected_ols_av,pass,0.0098,5.0
selected_ols_av,pass,1.266,6.0
selected_ols_av,pass,-1.1543,4.0
selected_ols_av,pass,0.8087,6.0
selected_ols_av,pass,-0.3554,0.0
selected_ols_av,pass,-0.8126,3.0
selected_ols_av,pass,-1.5786,0.0
selected_ols_av,pass,-0.3554,5.0
selected_ols_av,pass,1.7232,8.0
selected_ols_av,pass,0.7076,3.0
selected_ols_av,pass,-0.8126,0.0
selected_ols_av,pass,-1.2699,3.0
selected_ols_av,pass,-0.2069,0.0
selected_ols_av,pass,0.5591,0.0
selected_ols_av,pass,-1.6116,4.0
selected_ols_av,pass,-0.3554,5.0
selected_ols_av,pass,-1.1214,0.0
selected_ols_av,pass,-2.7427,4.0
selected_ols_av,pass,-1.1214,0.0
selected_ols_av,pass,-1.6116,4.0
selected_ols_av,pass,-0.9047,5.0
selected_ols_av,pass,-1.8282,2.0
selected_ols_av,pass,0.467,0.0
selected_ols_av,pass,-2.2855,4.0
selected_ols_av,pass,-0.3554,3.0
selected_ols_av,pass,-0.2069,0.0
selected_ols_av,pass,-0.3554,8.0
selected_ols_av,pass,-3.2,5.0
selected_ols_av,pass,-0.4475,0.0
selected_ols_av,pass,-0.3554,6.0
selected_ols_av,pass,-0.2069,0.0
selected_ols_av,pass,-0.3554,3.0
selected_ols_av,pass,-0.9047,8.0
selected_ols_av,pass,0.2504,2.0
selected_ols_av,pass,-2.2855,2.0
selected_ols_av,pass,-0.2069,6.0
selected_ols_av,pass,-0.3554,3.0
selected_ols_av,pass,-0.3554,3.0
selected_ols_av,pass,1.266,7.0
selected_ols_av,pass,-1.6116,4.0
selected_ols_av,pass,0.0098,0.0
selected_ols_av,pass,-1.1214,0.0
selected_ols_av,pass,-0.8126,7.0
selected_ols_av,pass,-0.6641,2.0
selected_ols_av,pass,-0.6641,4.0
selected_ols_av,pass,0.2504,0.0
selected_ols_av,pass,0.467,4.0
selected_ols_av,pass,-1.8282,4.0
selected_ols_av,pass,-1.6116,3.0
selected_ols_av,pass,-1.6116,4.0
selected_ols_av,pass,2.1805,8.0
selected_ols_av,pass,1.266,5.0
selected_ols_av,pass,-2.2855,4.0
selected_ols_av,pass,-1.1543,2.0
selected_ols_av,pass,0.8087,7.0
selected_ols_av,pass,-2.7427,1.0
selected_ols_av,pass,-0.8126,5.0
selected_ols_av,pass,-0.6641,0.0
selected_ols_av,pass,-0.3554,5.0
selected_ols_av,pass,-2.0688,4.0
selected_ols_av,pass,-1.8282,3.0
selected_ols_av,pass,-2.0688,5.0
selected_ols_av,pass,-0.2069,4.0
selected_ols_av,pass,-1.1214,6.0
selected_ols_av,pass,0.2504,0.0
selected_ols_av,pass,0.0098,0.0
selected_ols_av,pass,-0.3554,2.0
selected_ols_av,pass,-1.6116,2.0
selected_ols_av,pass,-1.8282,4.0
selected_ols_av,pass,-2.2855,3.0
selected_ols_av,pass,0.2504,5.0
selected_ols_av,pass,-0.3554,4.0
selected_ols_av,pass,-0.2069,0.0
selected_ols_av,pass,0.467,0.0
selected_ols_av,pass,-0.3554,6.0
selected_ols_av,pass,0.8087,3.0
selected_ols_av,pass,-2.2855,3.0
selected_ols_av,pass,-1.6116,1.0
selected_ols_av,pass,-0.3554,6.0
selected_ols_av,pass,0.1019,10.0
selected_ols_av,pass,0.467,7.0
selected_ols_av,pass,-0.3554,7.0
selected_ols_av,pass,0.2504,0.0
selected_ols_av,pass,1.266,10.0
selected_ols_av,pass,-0.6641,0.0
selected_ols_av,pass,-2.5261,3.0
selected_ols_av,pass,-0.8126,0.0
selected_ols_av,pass,-0.2069,0.0
selected_ols_av,pass,-0.2069,0.0
selected_ols_av,pass,1.7232,5.0
selected_ols_av,pass,0.0098,0.0
selected_ols_av,pass,0.9243,4.0
selected_ols_av,pass,-0.3554,1.0
selected_ols_av,pass,-0.4475,0.0
selected_ols_av,pass,0.8087,6.0
selected_ols_av,pass,-0.8126,0.0
selected_ols_av,pass,-1.1543,8.0
selected_ols_av,pass,-0.6971,2.0
selected_ols_av,pass,-0.3554,2.0
selected_ols_av,pass,0.1019,4.0
selected_ols_av,pass,-1.1214,0.0
selected_ols_av,pass,0.1019,3.0
selected_ols_av,pass,-0.2069,0.0
selected_ols_av,pass,0.1019,3.0
selected_ols_av,pass,0.1019,7.0
selected_ols_av,pass,0.0098,6.0
selected_ols_av,pass,0.0098,0.0
selected_ols_av,pass,1.266,6.0
selected_ols_av,pass,0.8087,7.0
selected_ols_av,pass,-1.1543,7.0
selected_ols_av,pass,-0.6641,0.0
selected_ols_av,pass,-1.1214,0.0
selected_ols_av,pass,0.467,0.0
selected_ols_av,pass,-0.4475,2.0
selected_ols_av,pass,-0.6641,0.0
selected_ols_av,pass,-0.3554,0.0
selected_ols_av,pass,-0.3554,6.0
selected_ols_av,pass,-0.4475,0.0
selected_ols_av,pass,-0.6641,2.0
selected_ols_av,pass,-2.5261,3.0
selected_ols_av,pass,0.2504,0.0
selected_ols_av,pass,1.266,7.0
selected_ols_av,pass,0.0098,0.0
selected_ols_av,pass,-0.6641,0.0
selected_ols_av,pass,0.467,7.0
selected_ols_av,pass,-1.1543,4.0
selected_ols_av,pass,-0.4475,0.0
selected_ols_av,pass,-2.2855,5.0
selected_ols_av,pass,-0.6971,1.0
selected_ols_av,pass,-0.4475,0.0
selected_ols_av,pass,-1.1214,0.0
selected_ols_av,pass,-0.3554,0.0
selected_ols_av,pass,-0.6641,3.0
selected_ols_av,pass,-1.8282,3.0
selected_ols_av,pass,-1.6116,4.0
selected_ols_av,pass,-1.1543,4.0
selected_ols_av,pass,-0.6971,3.0
selected_ols_av,pass,0.8087,7.0
selected_ols_av,pass,0.8087,9.0
selected_ols_av,pass,-1.8282,4.0
selected_ols_av,pass,-0.3554,6.0
selected_ols_av,pass,0.0098,2.0
selected_ols_av,pass,0.8087,9.0
selected_ols_av,pass,0.5591,7.0
selected_ols_av,pass,0.467,4.0
selected_ols_av,pass,-0.8126,4.0
selected_ols_av,pass,-0.2069,0.0
selected_ols_av,pass,-2.0688,3.0
selected_ols_av,pass,-0.6641,4.0
selected_ols_av,pass,-0.4475,8.0
selected_ols_av,pass,0.467,0.0
selected_ols_av,pass,-2.0688,4.0
selected_ols_av,pass,-1.2699,3.0
selected_ols_av,pass,0.2504,0.0
selected_ols_av,pass,-1.5786,0.0
selected_ols_av,pass,-0.3554,0.0
selected_ols_av,pass,1.266,5.0
selected_ols_av,pass,0.1019,3.0
selected_ols_av,pass,-0.8126,3.0
selected_ols_av,pass,1.266,8.0
selected_ols_av,pass,-2.2855,2.0
selected_ols_av,pass,-0.6971,4.0
selected_ols_av,pass,-0.6641,0.0
selected_ols_av,pass,-2.2855,4.0
selected_ols_av,pass,-1.6116,3.0
selected_ols_av,pass,0.0098,6.0
selected_ols_av,pass,-0.6641,0.0
selected_ols_av,pass,-0.6641,3.0
selected_ols_av,pass,-3.2,3.0
selected_ols_av,pass,0.0098,0.0
selected_ols_av,pass,0.5591,5.0
selected_ols_av,pass,-1.1214,6.0
selected_ols_av,pass,-2.7427,2.0
selected_ols_av,pass,0.8087,7.0
selected_ols_av,pass,-2.0688,1.0
selected_ols_av,pass,1.266,6.0
selected_ols_av,pass,-0.8126,0.0
selected_ols_av,pass,-1.1214,4.0
selected_ols_av,pass,-1.8282,2.0
selected_ols_av,pass,0.0098,0.0
selected_ols_av,pass,-0.6641,3.0
selected_ols_av,pass,-0.3554,3.0
selected_ols_av,pass,0.0098,7.0
selected_ols_av,pass,-0.8126,1.0
selected_ols_av,pass,0.1019,3.0
selected_ols_av,pass,0.8087,5.0
selected_ols_av,pass,0.0098,2.0
selected_ols_av,pass,-2.2855,7.0
selected_ols_av,pass,-0.3554,0.0
selected_ols_av,pass,-2.2855,5.0
selected_ols_av,pass,-0.8126,2.0
selected_ols_av,pass,0.1019,2.0
selected_ols_av,pass,-0.6971,4.0
selected_ols_av,pass,0.2504,0.0
selected_ols_av,pass,0.8087,6.0
selected_ols_av,pass,-0.2069,0.0
selected_ols_av,pass,-1.1214,6.0
selected_ols_av,pass,0.0098,0.0
selected_ols_av,pass,0.0098,3.0
selected_ols_av,pass,-1.1543,3.0
selected_ols_av,pass,0.1019,0.0
selected_ols_av,pass,0.0098,0.0
selected_ols_av,pass,0.3515,8.0
selected_ols_av,pass,-0.6641,0.0
selected_ols_av,pass,-0.9047,5.0
selected_ols_av,pass,-0.9047,3.0
selected_ols_av,pass,-0.8126,6.0
selected_ols_av,pass,-2.2855,4.0
selected_ols_av,pass,-0.9047,0.0
selected_ols_av,pass,1.266,7.0
selected_ols_av,pass,-2.0688,3.0
selected_ols_av,pass,-0.2069,0.0
selected_ols_av,pass,-2.7427,3.0
selected_ols_av,pass,-0.2069,2.0
selected_ols_av,pass,-2.7427,2.0
selected_ols_av,pass,0.7076,0.0
selected_ols_av,pass,-0.8126,3.0
selected_ols_av,pass,-1.5786,0.0
selected_ols_av,pass,1.266,9.0
selected_ols_av,pass,-0.2069,3.0
selected_ols_av,pass,0.0098,0.0
selected_ols_av,pass,-0.8126,0.0
selected_ols_av,pass,0.0098,3.0
selected_ols_av,pass,-2.7427,2.0
selected_ols_av,pass,0.8087,8.0
selected_ols_av,pass,0.0098,0.0
selected_ols_av,pass,1.266,5.0
selected_ols_av,pass,-2.2855,4.0
selected_ols_av,pass,1.7232,5.0
selected_ols_av,pass,0.0098,6.0
selected_ols_av,pass,-1.2699,2.0
selected_ols_av,pass,0.5591,0.0
selected_ols_av,pass,-0.8126,2.0
selected_ols_av,pass,0.0098,0.0
selected_ols_av,pass,-0.2069,4.0
selected_ols_av,pass,0.3515,6.0
selected_ols_av,pass,1.266,7.0
selected_ols_av,pass,-0.8126,6.0
selected_ols_av,pass,-0.8126,0.0
selected_ols_av,pass,0.1019,4.0
selected_ols_av,pass,0.467,6.0
selected_ols_av,pass,-1.1214,0.0
selected_ols_av,pass,-2.2855,0.0
selected_ols_av,pass,1.266,9.0
selected_ols_av,pass,-0.3554,4.0
selected_ols_av,pass,-2.2855,5.0
selected_ols_av,pass,-0.8126,0.0
selected_ols_av,pass,-0.6641,0.0
selected_ols_av,pass,0.9243,0.0
selected_ols_av,pass,-1.6116,3.0
selected_ols_av,pass,1.266,4.0
selected_ols_av,pass,-1.1214,4.0
selected_ols_av,pass,0.9243,0.0
selected_ols_av,pass,0.0098,0.0
selected_ols_av,pass,-2.2855,6.0
selected_ols_av,pass,1.7232,9.0
selected_ols_av,pass,-2.7427,3.0
selected_ols_av,pass,0.9243,4.0
selected_ols_av,pass,-2.2855,3.0
selected_ols_av,pass,0.8087,3.0
selected_ols_av,pass,-1.1214,0.0
selected_ols_av,pass,0.5591,3.0
selected_ols_av,pass,2.1805,10.0
selected_ols_av,pass,-0.6971,5.0
selected_ols_av,pass,1.266,7.0
selected_ols_av,pass,0.0098,0.0
selected_ols_av,pass,-0.2069,3.0
selected_ols_av,pass,-1.1214,0.0
selected_ols_av,pass,-0.4475,0.0
selected_ols_av,pass,-0.3554,0.0
selected_ols_av,pass,-0.3554,3.0
selected_ols_av,pass,1.266,6.0
selected_ols_av,pass,-1.2699,5.0
selected_ols_av,pass,-0.3554,5.0
selected_ols_av,pass,-1.1214,0.0
selected_ols_av,pass,-0.2069,0.0
selected_ols_av,pass,-2.2855,3.0
selected_ols_av,pass,-0.6641,0.0
selected_ols_av,pass,-0.3554,8.0
selected_ols_av,pass,-0.8126,3.0
selected_ols_av,pass,-0.2069,5.0
selected_ols_av,pass,-2.5261,5.0
selected_ols_av,pass,1.266,5.0
selected_ols_av,pass,1.7232,8.0
selected_ols_av,pass,0.8087,9.0
selected_ols_av,pass,-0.3554,2.0
selected_ols_av,pass,-1.6116,1.0
selected_ols_av,pass,1.266,4.0
selected_ols_av,pass,-0.3554,2.0
selected_ols_av,pass,-1.1214,0.0
selected_ols_av,pass,0.0098,0.0
selected_ols_av,pass,0.8087,6.0
selected_ols_av,pass,0.5591,7.0
selected_ols_av,pass,0.467,0.0
selected_ols_av,pass,1.7232,5.0
selected_ols_av,pass,0.5591,2.0
selected_ols_av,pass,-0.3554,4.0
selected_ols_av,pass,-0.6641,0.0
selected_ols_av,pass,0.5591,10.0
selected_ols_av,pass,-1.8282,5.0
selected_ols_av,pass,1.266,1.0
selected_ols_av,pass,-0.4475,3.0
selected_ols_av,pass,-0.2069,0.0
selected_ols_av,pass,-0.4475,3.0
selected_ols_av,pass,1.266,6.0
selected_ols_av,pass,-0.6641,0.0
selected_ols_av,pass,-1.1214,0.0
selected_ols_av,pass,0.0098,4.0
selected_ols_av,pass,-1.1214,0.0
selected_ols_av,pass,-1.8282,3.0
selected_ols_av,pass,-2.7427,2.0
selected_ols_av,pass,-2.7427,0.0
selected_ols_av,pass,-3.2,3.0
selected_ols_av,pass,-0.2069,0.0
selected_ols_av,pass,0.0098,2.0
selected_ols_av,pass,-0.6641,3.0
selected_ols_av,pass,-0.6641,0.0
selected_ols_av,pass,-2.7427,2.0
selected_ols_av,pass,-2.5261,3.0
selected_ols_av,pass,-0.3554,4.0
selected_ols_av,pass,-0.6641,3.0
selected_ols_av,pass,-0.3554,5.0
selected_ols_av,pass,-1.1214,0.0
selected_ols_av,pass,-1.1543,2.0
selected_ols_av,pass,-1.1214,0.0
selected_ols_av,pass,-1.1214,1.0
selected_ols_av,pass,-1.2699,3.0
selected_ols_av,pass,0.0098,8.0
selected_ols_av,pass,-0.3554,6.0
selected_ols_av,pass,0.1019,0.0
selected_ols_av,pass,0.2504,2.0
selected_ols_av,pass,1.266,7.0
selected_ols_av,pass,-0.8126,5.0
selected_ols_av,pass,-0.4475,8.0
selected_ols_av,pass,-2.7427,3.0
selected_ols_av,pass,0.9243,2.0
selected_ols_av,pass,0.467,7.0
selected_ols_av,pass,-0.3554,4.0
selected_ols_av,pass,0.8087,6.0
selected_ols_av,pass,0.8087,9.0
selected_ols_av,pass,-1.5786,4.0
selected_ols_av,pass,-2.7427,3.0
selected_ols_av,pass,-0.8126,5.0
selected_ols_av,pass,-0.3554,0.0
selected_ols_av,pass,-2.2855,4.0
selected_ols_av,pass,0.2504,0.0
selected_ols_av,pass,0.467,0.0
selected_ols_av,pass,-0.3554,2.0
selected_ols_av,pass,-2.7427,2.0
selected_ols_av,pass,0.7076,0.0
selected_ols_av,pass,-0.2069,0.0
selected_ols_av,pass,-0.6641,0.0
selected_ols_av,pass,0.0098,4.0
selected_ols_av,pass,-0.2069,0.0
selected_ols_av,pass,-0.4475,7.0
selected_ols_av,pass,0.5591,7.0
selected_ols_av,pass,-0.8126,0.0
selected_ols_av,pass,-1.1214,0.0
selected_ols_av,pass,-0.9047,5.0
selected_ols_av,pass,0.1019,3.0
selected_ols_av,pass,-0.6641,0.0
selected_ols_av,pass,-0.4475,7.0
selected_ols_av,pass,0.1019,2.0
selected_ols_av,pass,-0.3554,3.0
selected_ols_av,pass,-1.371,5.0
selected_ols_av,pass,0.1019,0.0
selected_ols_av,pass,-0.4475,9.0
selected_ols_av,pass,-0.6641,2.0
selected_ols_av,pass,-0.8126,3.0
selected_ols_av,pass,0.0098,0.0
selected_ols_av,pass,2.1805,7.0
selected_ols_av,pass,0.8087,8.0
selected_ols_av,pass,-0.6641,0.0
selected_ols_av,pass,-0.6641,0.0
selected_ols_av,pass,0.9243,0.0
selected_ols_av,pass,0.2504,2.0
selected_ols_av,pass,-0.6641,4.0
selected_ols_av,pass,-2.5261,2.0
selected_ols_av,pass,-0.8126,0.0
selected_ols_av,pass,-1.1214,5.0
selected_ols_av,pass,1.266,7.0
selected_ols_av,pass,-0.6641,4.0
selected_ols_av,pass,0.1019,10.0
selected_ols_av,pass,-1.5786,1.0
selected_ols_av,pass,-2.0688,2.0
selected_ols_av,pass,1.266,7.0
selected_ols_av,pass,0.8087,7.0
selected_ols_av,pass,-1.5786,0.0
selected_ols_av,pass,0.0098,4.0
selected_ols_av,pass,0.0098,7.0
selected_ols_av,pass,-0.8126,0.0
selected_ols_av,pass,-0.3554,0.0
selected_ols_av,pass,-0.8126,5.0
selected_ols_av,pass,-0.4475,1.0
selected_ols_av,pass,0.3515,2.0
selected_ols_av,pass,0.9243,7.0
selected_ols_av,pass,0.467,0.0
selected_ols_av,pass,-0.9047,4.0
selected_ols_av,pass,0.3515,4.0
selected_ols_av,pass,-1.1214,0.0
selected_ols_av,pass,-0.6641,0.0
selected_ols_av,pass,0.467,4.0
selected_ols_av,pass,0.1019,0.0
selected_ols_av,pass,0.0098,5.0
selected_ols_av,pass,-1.1214,0.0
selected_ols_av,pass,-0.6641,2.0
selected_ols_av,pass,-0.8126,0.0
selected_ols_av,pass,-0.3554,3.0
selected_ols_av,pass,-0.2069,0.0
selected_ols_av,pass,0.0098,2.0
selected_ols_av,pass,0.5591,4.0
selected_ols_av,pass,-2.2855,4.0
selected_ols_av,pass,-2.2855,2.0
selected_ols_av,pass,-3.2,4.0
selected_ols_av,pass,0.467,0.0
selected_ols_av,pass,0.3515,5.0
selected_ols_av,pass,-0.2069,5.0
selected_ols_av,pass,-0.3554,5.0
selected_ols_av,pass,-3.2,2.0
selected_ols_av,pass,-0.2069,1.0
selected_ols_av,pass,-1.5786,0.0
selected_ols_av,pass,1.266,5.0
selected_ols_av,pass,-0.6641,0.0
selected_ols_av,pass,-1.1543,3.0
selected_ols_av,pass,2.1805,8.0
selected_ols_av,pass,-0.8126,3.0
selected_ols_av,pass,-2.5261,4.0
selected_ols_av,pass,-1.1543,4.0
selected_ols_av,pass,-0.6641,3.0
selected_ols_av,pass,0.1019,7.0
selected_ols_av,pass,-2.0688,4.0
selected_ols_av,pass,2.1805,5.0
selected_ols_av,pass,0.8087,4.0
selected_ols_av,pass,-0.3554,3.0
selected_ols_av,pass,0.467,0.0
selected_ols_av,pass,-0.2069,3.0
selected_ols_av,pass,-0.3554,6.0
selected_ols_av,pass,-0.3554,1.0
selected_ols_av,pass,-0.3554,3.0
selected_ols_av,pass,0.1019,5.0
selected_ols_av,pass,-0.3554,0.0
selected_ols_av,pass,-0.6641,0.0
selected_ols_av,pass,-1.5786,3.0
selected_ols_av,pass,-0.6641,0.0
selected_ols_av,pass,-1.1543,2.0
selected_ols_av,pass,0.8087,9.0
selected_ols_av,pass,-0.4475,0.0
selected_ols_av,pass,1.7232,8.0
selected_ols_av,pass,-0.3554,0.0
selected_ols_av,pass,-0.6641,2.0
selected_ols_av,pass,-0.6641,0.0
selected_ols_av,pass,-0.6641,0.0
selected_ols_av,pass,-0.3554,6.0
selected_ols_av,pass,-0.4475,0.0
selected_ols_av,pass,-0.6641,0.0
selected_ols_av,pass,0.1019,4.0
selected_ols_av,pass,-1.1214,0.0
selected_ols_av,pass,-0.6641,0.0
selected_ols_av,pass,-0.8126,6.0
selected_ols_av,pass,-0.3554,8.0
selected_ols_av,pass,0.467,0.0
selected_ols_av,pass,-0.6641,5.0
selected_ols_av,pass,-0.3554,0.0
selected_ols_av,pass,1.7232,4.0
selected_ols_av,pass,-0.6641,0.0
selected_ols_av,pass,0.8087,6.0
selected_ols_av,pass,-0.8126,4.0
selected_ols_av,pass,-0.2069,0.0
selected_ols_av,pass,-0.8126,9.0
selected_ols_av,pass,-0.6641,4.0
selected_ols_av,pass,-2.7427,4.0
selected_ols_av,pass,-0.8126,0.0
selected_ols_av,pass,0.9243,6.0
selected_ols_av,pass,0.467,0.0
selected_ols_av,pass,1.266,6.0
selected_ols_av,pass,-0.6971,6.0
selected_ols_av,pass,-0.4475,3.0
selected_ols_av,pass,-0.3554,0.0
selected_ols_av,pass,1.7232,2.0
selected_ols_av,pass,-1.1214,3.0
selected_ols_av,pass,-0.3554,6.0
selected_ols_av,pass,0.8087,6.0
selected_ols_av,pass,-2.0688,2.0
selected_ols_av,pass,-1.1214,4.0
selected_ols_av,pass,-0.2069,4.0
selected_ols_av,pass,0.1019,8.0
selected_ols_av,pass,-0.6641,1.0
selected_ols_av,pass,-1.5786,2.0
selected_ols_av,pass,-0.6641,2.0
selected_ols_av,pass,-0.6641,0.0
selected_ols_av,pass,-2.2855,4.0
selected_ols_av,pass,-0.8126,4.0
selected_ols_av,pass,-1.2699,1.0
selected_ols_av,pass,0.8087,7.0
selected_ols_av,pass,-1.1214,5.0
selected_ols_av,pass,-1.2699,5.0
selected_ols_av,pass,-0.6641,4.0
selected_ols_av,pass,-0.6641,4.0
selected_ols_av,pass,-0.4475,5.0
selected_ols_av,pass,0.8087,6.0
selected_ols_av,pass,-0.4475,8.0
selected_ols_av,pass,0.5591,6.0
selected_ols_av,pass,-0.2069,0.0
selected_ols_av,pass,-0.8126,2.0
selected_ols_av,pass,-1.1214,6.0
selected_ols_av,pass,-0.3554,0.0
selected_ols_av,pass,-0.2069,0.0
selected_ols_av,pass,0.1019,4.0
selected_ols_av,pass,-0.2069,3.0
selected_ols_av,pass,1.7232,7.0
selected_ols_av,pass,0.0098,3.0
selected_ols_av,pass,0.1019,0.0
selected_ols_av,pass,-1.6116,7.0
selected_ols_av,pass,-1.1214,5.0
selected_ols_av,pass,-1.5786,1.0
selected_ols_av,pass,0.0098,0.0
selected_ols_av,pass,-0.4475,7.0
selected_ols_av,pass,-0.8126,0.0
selected_ols_av,pass,-2.0688,3.0
selected_ols_av,pass,0.1019,5.0
selected_ols_av,pass,-0.8126,4.0
selected_ols_av,pass,-0.2069,0.0
selected_ols_av,pass,-0.3554,0.0
selected_ols_av,pass,-0.6641,4.0
selected_ols_av,pass,-1.5786,0.0
selected_ols_av,pass,0.5591,0.0
selected_ols_av,pass,0.0098,6.0
selected_ols_av,pass,-1.1214,2.0
selected_ols_av,pass,-0.3554,5.0
selected_ols_av,pass,0.467,0.0
selected_ols_av,pass,-0.6641,4.0
selected_ols_av,pass,-0.3554,4.0
selected_ols_av,pass,-0.2069,0.0
selected_ols_av,pass,-2.2855,1.0
selected_ols_av,pass,-1.1214,0.0
selected_ols_av,pass,-3.2,3.0
selected_ols_av,pass,0.8087,4.0
selected_ols_av,pass,-1.1543,7.0
selected_ols_av,pass,-0.3554,4.0
selected_ols_av,pass,-1.1214,4.0
selected_ols_av,pass,1.7232,9.0
selected_ols_av,pass,-0.3554,6.0
selected_ols_av,pass,0.1019,5.0
selected_ols_av,pass,-0.6971,3.0
selected_ols_av,pass,-1.1543,9.0
selected_ols_av,pass,-0.8126,2.0
selected_ols_av,pass,-0.3554,5.0
selected_ols_av,pass,-0.6641,7.0
selected_ols_av,pass,0.0098,0.0
selected_ols_av,pass,0.5591,0.0
selected_ols_av,pass,-0.6971,5.0
selected_ols_av,pass,-0.8126,0.0
selected_ols_av,pass,0.1019,4.0
selected_ols_av,pass,0.3515,8.0
selected_ols_av,pass,-2.7427,1.0
selected_ols_av,pass,0.1019,4.0
selected_ols_av,pass,-1.6116,3.0
selected_ols_av,pass,0.1019,0.0
selected_ols_av,pass,-0.6641,0.0
selected_ols_av,pass,0.1019,7.0
selected_ols_av,pass,-1.1214,0.0
selected_ols_av,pass,-0.4475,0.0
selected_ols_av,pass,-1.6116,4.0
selected_ols_av,pass,0.7076,4.0
selected_ols_av,pass,0.0098,8.0
selected_ols_av,pass,-1.1543,9.0
selected_ols_av,pass,0.8087,6.0
selected_ols_av,pass,2.1805,8.0
selected_ols_av,pass,-1.8282,4.0
selected_ols_av,pass,-1.1543,6.0
selected_ols_av,pass,1.7232,10.0
selected_ols_av,pass,-0.6641,0.0
selected_ols_av,pass,-1.1214,4.0
selected_ols_av,pass,-2.2855,3.0
selected_ols_av,pass,1.266,5.0
selected_ols_av,pass,0.5591,3.0
selected_ols_av,pass,-0.8126,3.0
selected_ols_av,pass,-0.6641,2.0
selected_ols_av,pass,0.0098,7.0
selected_ols_av,pass,-0.3554,2.0
selected_ols_av,pass,-1.1214,0.0
selected_ols_av,pass,-0.6971,3.0
selected_ols_av,pass,-0.4475,0.0
selected_ols_av,pass,-0.2069,0.0
selected_ols_av,pass,-1.1214,4.0
selected_ols_av,pass,-0.3554,8.0
selected_ols_av,pass,0.2504,0.0
selected_ols_av,pass,0.467,3.0
selected_ols_av,pass,-1.1214,0.0
selected_ols_av,pass,-1.371,5.0
selected_ols_av,pass,-2.7427,4.0
selected_ols_av,pass,-1.8282,1.0
selected_ols_av,pass,-1.1214,0.0
selected_ols_av,pass,-0.8126,2.0
selected_ols_av,pass,-1.6116,7.0
selected_ols_av,pass,-1.6116,4.0
selected_ols_av,pass,-1.1214,0.0
selected_ols_av,pass,-1.1214,0.0
selected_ols_av,pass,0.0098,6.0
selected_ols_av,pass,-0.6641,4.0
selected_ols_av,pass,1.3815,5.0
selected_ols_av,pass,0.9243,8.0
selected_ols_av,pass,0.7076,3.0
selected_ols_av,pass,0.1019,4.0
selected_ols_av,pass,-2.2855,5.0
selected_ols_av,pass,0.1019,3.0
selected_ols_av,pass,1.7232,7.0
selected_ols_av,pass,-1.6116,1.0
selected_ols_av,pass,0.5591,8.0
selected_ols_av,pass,-1.6116,3.0
selected_ols_av,pass,0.0098,5.0
selected_ols_av,pass,-1.1214,3.0
selected_ols_av,pass,0.8087,7.0
selected_ols_av,pass,1.266,8.0
selected_ols_av,pass,-1.1214,2.0
selected_ols_av,pass,-0.9138,4.0
selected_ols_av,pass,-0.8126,2.0
selected_ols_av,pass,-0.8126,8.0
selected_ols_av,pass,0.8087,6.0
selected_ols_av,pass,0.1019,0.0
selected_ols_av,pass,-1.1214,0.0
selected_ols_av,pass,-2.0688,7.0
selected_ols_av,pass,0.0098,7.0
selected_ols_av,pass,-2.2855,3.0
selected_ols_av,pass,-0.2069,0.0
selected_ols_av,pass,1.7232,9.0
selected_ols_av,pass,1.7232,8.0
selected_ols_av,pass,-1.6116,3.0
selected_ols_av,pass,-1.2699,7.0
selected_ols_av,pass,-2.7427,6.0
selected_ols_av,pass,-0.4475,0.0
selected_ols_av,pass,-0.3554,5.0
selected_ols_av,pass,-0.6641,0.0
selected_ols_av,pass,-1.5786,0.0
selected_ols_av,pass,0.9243,6.0
selected_ols_av,pass,-0.2069,1.0
selected_ols_av,pass,-0.8126,0.0
selected_ols_av,pass,-1.1214,4.0
selected_ols_av,pass,-0.2069,0.0
selected_ols_av,pass,-0.3554,8.0
selected_ols_av,pass,-2.2855,2.0
selected_ols_av,pass,0.467,4.0
selected_ols_av,pass,-0.3554,8.0
selected_ols_av,pass,-2.7427,4.0
selected_ols_av,pass,-0.2069,0.0
selected_ols_av,pass,-1.5786,0.0
selected_ols_av,pass,1.266,7.0
selected_ols_av,pass,-2.5261,10.0
selected_ols_av,pass,-1.1214,4.0
selected_ols_av,pass,1.3815,5.0
selected_ols_av,pass,0.0098,4.0
selected_ols_av,pass,-0.6641,5.0
selected_ols_av,pass,-1.6116,1.0
selected_ols_av,pass,1.266,1.0
selected_ols_av,pass,-1.1214,0.0
selected_ols_av,pass,-1.5786,0.0
selected_ols_av,pass,1.266,5.0
selected_ols_av,pass,-0.3554,5.0
selected_ols_av,pass,-0.8126,9.0
selected_ols_av,pass,0.0098,3.0
selected_ols_av,pass,-0.6641,6.0
selected_ols_av,pass,-0.6641,0.0
selected_ols_av,pass,1.7232,7.0
selected_ols_av,pass,2.1805,6.0
selected_ols_av,pass,-0.3554,2.0
selected_ols_av,pass,-0.3554,3.0
selected_ols_av,pass,-2.0688,2.0
selected_ols_av,pass,-1.8282,3.0
selected_ols_av,pass,-0.8126,0.0
selected_ols_av,pass,-0.3554,0.0
selected_ols_av,pass,-0.4475,0.0
selected_ols_av,pass,-1.1214,0.0
selected_ols_av,pass,0.5591,9.0
selected_ols_av,pass,-0.2069,3.0
selected_ols_av,pass,0.1019,0.0
selected_ols_av,pass,-0.6641,5.0
selected_ols_av,pass,-0.6641,0.0
selected_ols_av,pass,-0.6641,0.0
selected_ols_av,pass,-0.6641,0.0
selected_ols_av,pass,-1.1214,2.0
selected_ols_av,pass,0.2504,0.0
selected_ols_av,pass,-0.3554,5.0
selected_ols_av,pass,-2.0688,3.0
selected_ols_av,pass,-0.3554,4.0
selected_ols_av,pass,0.0098,0.0
selected_ols_av,pass,-1.1214,4.0
selected_ols_av,pass,0.1019,3.0
selected_ols_av,pass,-0.3554,0.0
selected_ols_av,pass,-0.6641,3.0
selected_ols_av,pass,-1.6116,3.0
selected_ols_av,pass,-0.6641,3.0
selected_ols_av,pass,-1.1214,0.0
selected_ols_av,pass,-1.6116,4.0
selected_ols_av,pass,-0.3554,2.0
selected_ols_av,pass,1.266,8.0
selected_ols_av,pass,-0.6641,4.0
selected_ols_av,pass,-0.6641,4.0
selected_ols_av,pass,-0.3554,4.0
selected_ols_av,pass,0.1019,1.0
selected_ols_av,pass,-0.3554,2.0
selected_ols_av,pass,-0.9138,2.0
selected_ols_av,pass,-0.6641,0.0
selected_ols_av,pass,0.2504,3.0
selected_ols_av,pass,-2.2855,4.0
selected_ols_av,pass,-2.0688,3.0
selected_ols_av,pass,-0.8126,5.0
selected_ols_av,pass,-3.2,2.0
selected_ols_av,pass,-0.3554,4.0
selected_ols_av,pass,-1.6116,2.0
selected_ols_av,pass,-0.6641,3.0
selected_ols_av,pass,-1.8282,4.0
selected_ols_av,pass,-1.1214,3.0
selected_ols_av,pass,0.9243,0.0
selected_ols_av,pass,-0.2069,1.0
selected_ols_av,pass,-1.1214,0.0
selected_ols_av,pass,0.5591,9.0
selected_ols_av,pass,-0.3554,0.0
selected_ols_av,pass,-1.1214,0.0
selected_ols_av,pass,0.1019,3.0
selected_ols_av,pass,0.8087,4.0
selected_ols_av,pass,-1.8282,2.0
selected_ols_av,pass,-0.3554,3.0
selected_ols_av,pass,-0.2069,0.0
selected_ols_av,pass,-1.5786,6.0
selected_ols_av,pass,-0.2069,4.0
selected_ols_av,pass,-0.3554,7.0
selected_ols_av,pass,-0.8126,4.0
selected_ols_av,pass,-1.1214,5.0
selected_ols_av,pass,0.7076,2.0
selected_ols_av,pass,0.0098,4.0
selected_ols_av,pass,-2.0688,6.0
selected_ols_av,pass,0.1019,3.0
selected_ols_av,pass,-1.6116,7.0
selected_ols_av,pass,-0.6641,6.0
selected_ols_av,pass,-0.6641,0.0
selected_ols_av,pass,0.2504,0.0
selected_ols_av,pass,-1.1543,5.0
selected_ols_av,pass,-1.6116,4.0
selected_ols_av,pass,-2.7427,3.0
selected_ols_av,pass,-1.6116,3.0
selected_ols_av,pass,-1.5786,2.0
selected_ols_av,pass,-0.2069,0.0
selected_ols_av,pass,0.1019,2.0
selected_ols_av,pass,-0.4475,0.0
selected_ols_av,pass,-0.2069,0.0
selected_ols_av,pass,-1.6116,4.0
selected_ols_av,pass,-2.7427,4.0
selected_ols_av,pass,-2.0688,3.0
selected_ols_av,pass,-0.6641,0.0
selected_ols_av,pass,1.7232,5.0
selected_ols_av,pass,-1.2699,2.0
selected_ols_av,pass,-2.0688,2.0
selected_ols_av,pass,-0.6641,0.0
selected_ols_av,pass,1.7232,7.0
selected_ols_av,pass,-0.6641,0.0
selected_ols_av,pass,-0.2069,0.0
selected_ols_av,pass,-2.2855,4.0
selected_ols_av,pass,-0.3554,8.0
selected_ols_av,pass,0.1019,6.0
selected_ols_av,pass,-1.1543,6.0
selected_ols_av,pass,-0.3554,2.0
selected_ols_av,pass,-0.2069,0.0
selected_ols_av,pass,-0.2069,0.0
selected_ols_av,pass,-2.0688,3.0
selected_ols_av,pass,-1.8282,2.0
selected_ols_av,pass,-1.1543,4.0
selected_ols_av,pass,1.266,5.0
selected_ols_av,pass,-0.6641,0.0
selected_ols_av,pass,-0.6641,0.0
selected_ols_av,pass,-2.7427,4.0
selected_ols_av,pass,-3.2,3.0
selected_ols_av,pass,0.2504,5.0
selected_ols_av,pass,0.1019,3.0
selected_ols_av,pass,-0.8126,1.0
selected_ols_av,pass,0.0098,0.0
selected_ols_av,pass,1.7232,6.0
selected_ols_av,pass,-0.8126,0.0
selected_ols_av,pass,0.0098,1.0
selected_ols_av,pass,1.266,6.0
selected_ols_av,pass,-0.3554,2.0
selected_ols_av,pass,-0.2069,0.0
selected_ols_av,pass,-0.3554,4.0
selected_ols_av,pass,0.8087,7.0
selected_ols_av,pass,-0.8126,7.0
selected_ols_av,pass,-1.1543,2.0
selected_ols_av,pass,0.467,0.0
selected_ols_av,pass,-0.8126,4.0
selected_ols_av,pass,1.266,7.0
selected_ols_av,pass,-0.2069,0.0
selected_ols_av,pass,0.467,7.0
selected_ols_av,pass,-0.6971,3.0
selected_ols_av,pass,1.266,5.0
selected_ols_av,pass,-1.1543,3.0
selected_ols_av,pass,-1.2699,5.0
selected_ols_av,pass,-0.2069,3.0
selected_ols_av,pass,-2.2855,2.0
selected_ols_av,pass,-1.1214,4.0
selected_ols_av,pass,-2.2855,4.0
selected_ols_av,pass,-0.6641,0.0
selected_ols_av,pass,-0.8126,0.0
selected_ols_av,pass,0.3515,6.0
selected_ols_av,pass,-2.7427,5.0
selected_ols_av,pass,-0.6971,3.0
selected_ols_av,pass,0.8087,6.0
selected_ols_av,pass,-0.2069,0.0
selected_ols_av,pass,-0.2069,3.0
selected_ols_av,pass,-2.7427,6.0
selected_ols_av,pass,-0.3554,3.0
selected_ols_av,pass,-0.2069,0.0
selected_ols_av,pass,0.5591,6.0
selected_ols_av,pass,-0.2069,0.0
selected_ols_av,pass,0.467,0.0
selected_ols_av,pass,-0.4475,8.0
selected_ols_av,pass,-0.8126,5.0
selected_ols_av,pass,-1.5786,0.0
selected_ols_av,pass,-0.6971,3.0
selected_ols_av,pass,1.3815,8.0
selected_ols_av,pass,-0.9047,0.0
selected_ols_av,pass,0.8087,7.0
selected_ols_av,pass,-0.3554,8.0
selected_ols_av,pass,0.8087,8.0
selected_ols_av,pass,-0.2069,4.0
selected_ols_av,pass,-0.6641,3.0
selected_ols_av,pass,2.6377,4.0
selected_ols_av,pass,-0.3554,0.0
selected_ols_av,pass,0.1019,7.0
selected_ols_av,pass,-0.3554,4.0
selected_ols_av,pass,-0.2069,0.0
selected_ols_av,pass,0.0098,4.0
selected_ols_av,pass,0.7076,0.0
selected_ols_av,pass,-0.8126,0.0
selected_ols_av,pass,0.2504,4.0
selected_ols_av,pass,-0.8126,6.0
selected_ols_av,pass,-0.9047,4.0
selected_ols_av,pass,-0.2069,0.0
selected_ols_av,pass,-1.6116,5.0
selected_ols_av,pass,-1.6116,2.0
selected_ols_av,pass,-1.1214,1.0
selected_ols_av,pass,0.0098,4.0
selected_ols_av,pass,-1.1214,0.0
selected_ols_av,pass,-0.6641,0.0
selected_ols_av,pass,-1.1543,6.0
selected_ols_av,pass,0.1019,0.0
selected_ols_av,pass,-0.3554,1.0
selected_ols_av,pass,-0.8126,3.0
selected_ols_av,pass,0.2504,5.0
selected_ols_av,pass,0.467,0.0
selected_ols_av,pass,0.0098,7.0
selected_ols_av,pass,-0.2069,3.0
selected_ols_av,pass,-0.2069,0.0
selected_ols_av,pass,0.8087,5.0
selected_ols_av,pass,-0.6641,0.0
selected_ols_av,pass,-1.6116,4.0
selected_ols_av,pass,0.0098,0.0
selected_ols_av,pass,-0.8126,0.0
selected_ols_av,pass,-0.3554,0.0
selected_ols_av,pass,-0.2069,0.0
selected_ols_av,pass,-0.8126,3.0
selected_ols_av,pass,1.7232,5.0
selected_ols_av,pass,-2.2855,2.0
selected_ols_av,pass,0.467,8.0
selected_ols_av,pass,-1.1214,2.0
selected_ols_av,pass,1.266,6.0
selected_ols_av,pass,0.8087,7.0
selected_ols_av,pass,-0.3554,7.0
selected_ols_av,pass,-0.4475,1.0
selected_ols_av,pass,-1.1543,3.0
selected_ols_av,pass,0.0098,0.0
selected_ols_av,pass,-2.2855,4.0
selected_ols_av,pass,1.266,6.0
selected_ols_av,pass,-0.6641,0.0
selected_ols_av,pass,-0.2069,0.0
selected_ols_av,pass,-1.8282,3.0
selected_ols_av,pass,0.2504,0.0
selected_ols_av,pass,0.1019,4.0
selected_ols_av,pass,0.0098,3.0
selected_ols_av,pass,1.266,8.0
selected_ols_av,pass,-0.8126,5.0
selected_ols_av,pass,0.8087,5.0
selected_ols_av,pass,-1.6116,7.0
selected_ols_av,pass,-0.3554,8.0
selected_ols_av,pass,-0.6641,0.0
selected_ols_av,pass,-1.6116,2.0
selected_ols_av,pass,0.8087,8.0
selected_ols_av,pass,0.1019,7.0
selected_ols_av,pass,-1.8282,3.0
selected_ols_av,pass,-0.3554,2.0
selected_ols_av,pass,-0.4475,4.0
selected_ols_av,pass,-0.6971,9.0
selected_ols_av,pass,-1.1214,3.0
selected_ols_av,pass,-0.6641,2.0
selected_ols_av,pass,-0.6641,0.0
selected_ols_av,pass,-0.8126,7.0
selected_ols_av,pass,0.5591,3.0
selected_ols_av,pass,-0.8126,0.0
selected_ols_av,pass,0.467,3.0
selected_ols_av,pass,-2.2855,6.0
selected_ols_av,pass,1.7232,6.0
selected_ols_av,pass,-0.8126,4.0
selected_ols_av,pass,1.0163,3.0
selected_ols_av,pass,-1.1214,2.0
selected_ols_av,pass,-1.1214,0.0
selected_ols_av,pass,-1.8282,3.0
selected_ols_av,pass,-1.2699,0.0
selected_ols_av,pass,0.8087,8.0
selected_ols_av,pass,-2.7427,3.0
selected_ols_av,pass,-1.1214,0.0
selected_ols_av,pass,-0.3554,3.0
selected_ols_av,pass,0.467,4.0
selected_ols_av,pass,-0.6641,4.0
selected_ols_av,pass,-1.1214,4.0
selected_ols_av,pass,-0.4475,0.0
selected_ols_av,pass,0.1019,0.0
selected_ols_av,pass,-1.1214,4.0
selected_ols_av,pass,0.1019,0.0
selected_ols_av,pass,2.6377,7.0
selected_ols_av,pass,-3.2,2.0
selected_ols_av,pass,-0.8126,3.0
selected_ols_av,pass,1.266,8.0
selected_ols_av,pass,-2.0688,2.0
selected_ols_av,pass,0.8087,7.0
selected_ols_av,pass,0.0098,6.0
selected_ols_av,pass,-0.6641,0.0
selected_ols_av,pass,-0.6641,4.0
selected_ols_av,pass,1.266,6.0
selected_ols_av,pass,1.266,9.0
selected_ols_av,pass,-0.4475,2.0
selected_ols_av,pass,0.1019,0.0
selected_ols_av,pass,-2.2855,3.0
selected_ols_av,pass,-2.2855,4.0
selected_ols_av,pass,-2.0688,4.0
selected_ols_av,pass,-1.2699,4.0
selected_ols_av,pass,-2.2855,5.0
selected_ols_av,pass,-2.2855,4.0
selected_ols_av,pass,-0.6641,0.0
selected_ols_av,pass,0.1019,0.0
selected_ols_av,pass,-2.2855,3.0
selected_ols_av,pass,0.1019,6.0
selected_ols_av,pass,1.266,7.0
selected_ols_av,pass,1.266,5.0
selected_ols_av,pass,-0.3554,3.0
selected_ols_av,pass,0.2504,3.0
selected_ols_av,pass,0.8087,7.0
selected_ols_av,pass,0.2504,0.0
selected_ols_av,pass,-0.3554,4.0
selected_ols_av,pass,-0.8126,0.0
selected_ols_av,pass,1.7232,6.0
selected_ols_av,pass,0.0098,0.0
selected_ols_av,pass,0.1019,7.0
selected_ols_av,pass,-2.7427,4.0
selected_ols_av,pass,1.7232,7.0
selected_ols_av,pass,0.8087,3.0
selected_ols_av,pass,-0.3554,2.0
selected_ols_av,pass,-0.6641,0.0
selected_ols_av,pass,-0.2069,0.0
selected_ols_av,pass,-1.5786,0.0
selected_ols_av,pass,-0.8126,4.0
selected_ols_av,pass,0.1019,0.0
selected_ols_av,pass,2.6377,9.0
selected_ols_av,pass,-2.5261,3.0
selected_ols_av,pass,-0.4475,0.0
selected_ols_av,pass,-0.8126,3.0
selected_ols_av,pass,0.0098,8.0
selected_ols_av,pass,-0.4475,0.0
selected_ols_av,pass,-0.6641,0.0
selected_ols_av,pass,-0.6641,0.0
selected_ols_av,pass,0.467,0.0
selected_ols_av,pass,0.1019,0.0
selected_ols_av,pass,0.5591,0.0
selected_ols_av,pass,-0.3554,8.0
selected_ols_av,pass,0.5591,8.0
selected_ols_av,pass,1.266,5.0
selected_ols_av,pass,-1.1214,0.0
selected_ols_av,pass,-2.7427,2.0
selected_ols_av,pass,-1.1214,4.0
selected_ols_av,pass,0.5591,0.0
selected_ols_av,pass,1.0163,0.0
selected_ols_av,pass,-0.2069,0.0
selected_ols_av,pass,-2.5261,2.0
selected_ols_av,pass,-0.6641,0.0
selected_ols_av,pass,-0.8126,2.0
selected_ols_av,pass,-1.6116,3.0
selected_ols_av,pass,0.0098,0.0
selected_ols_av,pass,-1.6116,3.0
selected_ols_av,pass,1.7232,8.0
selected_ols_av,pass,1.7232,8.0
selected_ols_av,pass,-1.1214,0.0
selected_ols_av,pass,-0.4475,6.0
selected_ols_av,pass,-1.6116,4.0
selected_ols_av,pass,-1.2699,1.0
selected_ols_av,pass,-0.3554,0.0
selected_ols_av,pass,0.5591,3.0
selected_ols_av,pass,-0.3554,6.0
selected_ols_av,pass,-0.2069,5.0
selected_ols_av,pass,-0.3554,2.0
selected_ols_av,pass,-1.1543,4.0
selected_ols_av,pass,0.3515,7.0
selected_ols_av,pass,0.8087,6.0
selected_ols_av,pass,0.0098,3.0
selected_ols_av,pass,-1.1543,5.0
selected_ols_av,pass,-3.2,5.0
selected_ols_av,pass,-0.6641,0.0
selected_ols_av,pass,-0.3554,4.0
selected_ols_av,pass,-0.6641,0.0
selected_ols_av,pass,0.0098,0.0
selected_ols_av,pass,-0.3554,1.0
selected_ols_av,pass,0.0098,0.0
selected_ols_av,pass,-0.4475,4.0
selected_ols_av,pass,0.0098,6.0
selected_ols_av,pass,-0.8126,0.0
selected_ols_av,pass,-1.1543,5.0
selected_ols_av,pass,-1.6116,6.0
selected_ols_av,pass,-0.6641,0.0
selected_ols_av,pass,0.0098,4.0
selected_ols_av,pass,-1.1214,5.0
selected_ols_av,pass,-1.371,2.0
selected_ols_av,pass,-0.3554,6.0
selected_ols_av,pass,-1.1214,0.0
selected_ols_av,pass,-0.4475,2.0
selected_ols_av,pass,-2.7427,3.0
selected_ols_av,pass,1.7232,6.0
selected_ols_av,pass,-0.8126,4.0
selected_ols_av,pass,0.2504,0.0
selected_ols_av,pass,0.0098,0.0
selected_ols_av,pass,-0.3554,0.0
selected_ols_av,pass,-1.6116,4.0
selected_ols_av,pass,-2.2855,2.0
selected_ols_av,pass,-0.3554,0.0
selected_ols_av,pass,-2.7427,2.0
selected_ols_av,pass,-0.6641,4.0
selected_ols_av,pass,-0.3554,0.0
selected_ols_av,pass,0.2504,0.0
selected_ols_av,pass,0.467,0.0
selected_ols_av,pass,-1.1214,4.0
selected_ols_av,pass,-1.1214,0.0
selected_ols_av,pass,-1.1214,0.0
selected_ols_av,pass,1.266,7.0
selected_ols_av,pass,0.5591,8.0
selected_ols_av,pass,0.1019,2.0
selected_ols_av,pass,-2.0688,3.0
selected_ols_av,pass,-1.1214,0.0
selected_ols_av,pass,-0.3554,4.0
selected_ols_av,pass,-0.3554,4.0
selected_ols_av,pass,-0.6641,4.0
selected_ols_av,pass,-1.1214,2.0
selected_ols_av,pass,0.467,0.0
selected_ols_av,pass,-0.3554,2.0
selected_ols_av,pass,-1.6116,2.0
selected_ols_av,pass,0.0098,3.0
selected_ols_av,pass,0.9243,9.0
selected_ols_av,pass,0.2504,3.0
selected_ols_av,pass,-0.8126,6.0
selected_ols_av,pass,1.3815,0.0
selected_ols_av,pass,0.0098,0.0
selected_ols_av,pass,0.0098,0.0
selected_ols_av,pass,0.467,0.0
selected_ols_av,pass,-1.1214,5.0
selected_ols_av,pass,-0.3554,0.0
selected_ols_av,pass,1.7232,7.0
selected_ols_av,pass,-0.3554,4.0
selected_ols_av,pass,-1.2699,4.0
selected_ols_av,pass,-0.8126,4.0
selected_ols_av,pass,1.7232,6.0
selected_ols_av,pass,0.2504,0.0
selected_ols_av,pass,-1.2699,4.0
selected_ols_av,pass,-3.2,1.0
selected_ols_av,pass,0.467,6.0
selected_ols_av,pass,-1.1543,4.0
selected_ols_av,pass,-2.2855,4.0
selected_ols_av,pass,-1.2699,5.0
selected_ols_av,pass,-0.3554,3.0
selected_ols_av,pass,-0.2069,5.0
selected_ols_av,pass,-0.9047,0.0
selected_ols_av,pass,-0.6641,6.0
selected_ols_av,pass,-0.4475,0.0
selected_ols_av,pass,-1.8282,4.0
selected_ols_av,pass,0.2504,0.0
selected_ols_av,pass,0.7076,0.0
selected_ols_av,pass,-0.6641,0.0
selected_ols_av,pass,1.266,5.0
selected_ols_av,pass,-0.4475,3.0
selected_ols_av,pass,-0.3554,5.0
selected_ols_av,pass,-1.1543,9.0
selected_ols_av,pass,1.266,8.0
selected_ols_av,pass,0.467,0.0
selected_ols_av,pass,0.0098,7.0
selected_ols_av,pass,0.8087,7.0
selected_ols_av,pass,-1.8282,8.0
selected_ols_av,pass,0.8087,6.0
selected_ols_av,pass,-1.5786,0.0
selected_ols_av,pass,-2.0688,2.0
selected_ols_av,pass,-0.6641,2.0
selected_ols_av,pass,-0.3554,4.0
selected_ols_av,pass,-0.8126,4.0
selected_ols_av,pass,-1.2699,8.0
selected_ols_av,pass,-1.2699,6.0
selected_ols_av,pass,0.8087,4.0
selected_ols_av,pass,-0.2069,0.0
selected_ols_av,pass,0.3515,2.0
selected_ols_av,pass,1.266,5.0
selected_ols_av,pass,0.2504,0.0
selected_ols_av,pass,-2.2855,4.0
selected_ols_av,pass,-0.3554,0.0
selected_ols_av,pass,-2.7427,2.0
selected_ols_av,pass,0.0098,5.0
selected_ols_av,pass,-1.8282,4.0
selected_ols_av,pass,-2.2855,4.0
selected_ols_av,pass,-0.6971,5.0
selected_ols_av,pass,0.0098,0.0
selected_ols_av,pass,-2.7427,2.0
selected_ols_av,pass,0.1019,6.0
selected_ols_av,pass,-0.6641,3.0
selected_ols_av,pass,1.266,3.0
selected_ols_av,pass,-1.1214,7.0
selected_ols_av,pass,0.0098,0.0
selected_ols_av,pass,-1.1214,0.0
selected_ols_av,pass,0.8087,3.0
selected_ols_av,pass,-0.6641,0.0
selected_ols_av,pass,-2.0688,0.0
selected_ols_av,pass,0.5591,6.0
selected_ols_av,pass,0.1019,9.0
selected_ols_av,pass,0.1019,2.0
selected_ols_av,pass,-0.2069,0.0
selected_ols_av,pass,0.8087,8.0
selected_ols_av,pass,-1.6116,3.0
selected_ols_av,pass,-1.5786,0.0
selected_ols_av,pass,-2.7427,4.0
selected_ols_av,pass,-0.8126,0.0
selected_ols_av,pass,-1.5786,0.0
selected_ols_av,pass,0.2504,4.0
selected_ols_av,pass,-0.8126,8.0
selected_ols_av,pass,-3.2,1.0
selected_ols_av,pass,0.0098,2.0
selected_ols_av,pass,1.266,6.0
selected_ols_av,pass,-1.2699,5.0
selected_ols_av,pass,-0.6641,4.0
selected_ols_av,pass,-0.6641,0.0
selected_ols_av,pass,-0.8126,0.0
selected_ols_av,pass,-0.8126,0.0
selected_ols_av,pass,-2.0688,4.0
selected_ols_av,pass,-0.6641,0.0
selected_ols_av,pass,0.1019,0.0
selected_ols_av,pass,-0.2069,0.0
selected_ols_av,pass,0.9243,3.0
selected_ols_av,pass,-0.6641,2.0
selected_ols_av,pass,-0.6641,4.0
selected_ols_av,pass,-2.0688,2.0
selected_ols_av,pass,-1.1214,1.0
selected_ols_av,pass,-0.6641,4.0
selected_ols_av,pass,-0.6641,0.0
selected_ols_av,pass,0.0098,0.0
selected_ols_av,pass,2.1805,7.0
selected_ols_av,pass,-0.2069,4.0
selected_ols_av,pass,0.0098,0.0
selected_ols_av,pass,1.266,3.0
selected_ols_av,pass,-1.5786,0.0
selected_ols_av,pass,0.467,0.0
selected_ols_av,pass,-1.1543,5.0
selected_ols_av,pass,-0.8126,1.0
selected_ols_av,pass,-0.2069,4.0
selected_ols_av,pass,-2.7427,4.0
selected_ols_av,pass,-0.4475,1.0
selected_ols_av,pass,-2.5261,2.0
selected_ols_av,pass,1.266,9.0
selected_ols_av,pass,-2.2855,5.0
selected_ols_av,pass,0.8087,6.0
selected_ols_av,pass,-2.7427,4.0
selected_ols_av,pass,-2.7427,3.0
selected_ols_av,pass,-0.3554,3.0
selected_ols_av,pass,-0.8126,3.0
selected_ols_av,pass,0.467,0.0
selected_ols_av,pass,-2.0688,7.0
selected_ols_av,pass,0.467,0.0
selected_ols_av,pass,1.266,6.0
selected_ols_av,pass,-0.8126,2.0
selected_ols_av,pass,-0.6641,6.0
selected_ols_av,pass,-1.2699,5.0
selected_ols_av,pass,-0.3554,0.0
selected_ols_av,pass,-0.8126,5.0
selected_ols_av,pass,-2.2855,3.0
selected_ols_av,pass,-1.1543,3.0
selected_ols_av,pass,0.467,4.0
selected_ols_av,pass,-0.6641,4.0
selected_ols_av,pass,-1.2699,4.0
selected_ols_av,pass,1.7232,7.0
selected_ols_av,pass,-0.6641,6.0
selected_ols_av,pass,-0.4475,3.0
selected_ols_av,pass,-0.4475,0.0
selected_ols_av,pass,-0.4475,7.0
selected_ols_av,pass,-0.2069,0.0
selected_ols_av,pass,-0.8126,4.0
selected_ols_av,pass,-1.1214,0.0
selected_ols_av,pass,0.467,2.0
selected_ols_av,pass,1.266,8.0
selected_ols_av,pass,-0.8126,4.0
selected_ols_av,pass,-1.6116,5.0
selected_ols_av,pass,-0.2069,2.0
selected_ols_av,pass,-0.3554,2.0
selected_ols_av,pass,0.1019,0.0
selected_ols_av,pass,-2.0688,2.0
selected_ols_av,pass,-1.1214,4.0
selected_ols_av,pass,-0.6641,0.0
selected_ols_av,pass,-1.8282,4.0
selected_ols_av,pass,-0.2069,0.0
selected_ols_av,pass,-0.2069,0.0
selected_ols_av,pass,0.5591,3.0
selected_ols_av,pass,-2.7427,3.0
selected_ols_av,pass,-1.6116,3.0
selected_ols_av,pass,-1.5786,5.0
selected_ols_av,pass,0.467,0.0
selected_ols_av,pass,0.467,8.0
selected_ols_av,pass,0.0098,0.0
selected_ols_av,pass,-0.4475,0.0
selected_ols_av,pass,-2.2855,2.0
selected_ols_av,pass,-2.2855,5.0
selected_ols_av,pass,0.467,0.0
selected_ols_av,pass,0.7076,0.0
selected_ols_av,pass,1.266,8.0
selected_ols_av,pass,-0.8126,2.0
selected_ols_av,pass,-1.6116,2.0
selected_ols_av,pass,-1.1214,0.0
selected_ols_av,pass,-2.7427,2.0
selected_ols_av,pass,1.7232,8.0
selected_ols_av,pass,-0.9047,5.0
selected_ols_av,pass,0.1019,0.0
selected_ols_av,pass,-0.3554,3.0
selected_ols_av,pass,-0.6641,0.0
selected_ols_av,pass,0.5591,3.0
selected_ols_av,pass,1.7232,9.0
selected_ols_av,pass,-0.8126,10.0
selected_ols_av,pass,-0.2069,0.0
selected_ols_av,pass,0.1019,3.0
selected_ols_av,pass,-0.6641,4.0
selected_ols_av,pass,0.9243,7.0
selected_ols_av,pass,-0.4475,0.0
selected_ols_av,pass,0.0098,10.0
selected_ols_av,pass,0.0098,3.0
selected_ols_av,pass,-0.3554,0.0
selected_ols_av,pass,-2.5261,4.0
selected_ols_av,pass,-2.2855,2.0
selected_ols_av,pass,-0.2069,1.0
selected_ols_av,pass,-2.2855,4.0
selected_ols_av,pass,-1.1543,1.0
selected_ols_av,pass,-0.2069,0.0
selected_ols_av,pass,-0.8126,3.0
selected_ols_av,pass,-1.8282,3.0
selected_ols_av,pass,0.2504,0.0
selected_ols_av,pass,-0.3554,0.0
selected_ols_av,pass,0.3515,7.0
selected_ols_av,pass,-1.8282,3.0
selected_ols_av,pass,-1.1214,0.0
selected_ols_av,pass,1.266,8.0
selected_ols_av,pass,-0.3554,0.0
selected_ols_av,pass,0.8087,8.0
selected_ols_av,pass,0.2504,0.0
selected_ols_av,pass,0.2504,5.0
selected_ols_av,pass,-0.4475,7.0
selected_ols_av,pass,1.0163,3.0
selected_ols_av,pass,-1.1543,2.0
selected_ols_av,pass,1.7232,7.0
selected_ols_av,pass,-0.6641,0.0
selected_ols_av,pass,-0.6641,0.0
selected_ols_av,pass,-1.1214,0.0
selected_ols_av,pass,-1.6116,1.0
selected_ols_av,pass,-0.2069,0.0
selected_ols_av,pass,-2.7427,3.0
selected_ols_av,pass,-0.6641,6.0
selected_ols_av,pass,0.1019,0.0
selected_ols_av,pass,-3.2,3.0
selected_ols_av,pass,-1.371,5.0
selected_ols_av,pass,-0.6641,0.0
selected_ols_av,pass,-0.9047,7.0
selected_ols_av,pass,1.266,7.0
selected_ols_av,pass,-0.6641,0.0
selected_ols_av,pass,0.467,0.0
selected_ols_av,pass,0.2504,0.0
selected_ols_av,pass,-0.8126,0.0
selected_ols_av,pass,-1.8282,3.0
selected_ols_av,pass,0.8087,5.0
selected_ols_av,pass,0.467,2.0
selected_ols_av,pass,-1.2699,3.0
selected_ols_av,pass,-0.8126,0.0
selected_ols_av,pass,-1.5786,0.0
selected_ols_av,pass,-1.371,3.0
selected_ols_av,pass,0.8087,9.0
selected_ols_av,pass,-1.1214,0.0
selected_ols_av,pass,-0.4475,2.0
selected_ols_av,pass,-1.6116,4.0
selected_ols_av,pass,0.8087,8.0
selected_ols_av,pass,0.1019,0.0
selected_ols_av,pass,-0.4475,2.0
selected_ols_av,pass,-0.8126,5.0
selected_ols_av,pass,2.1805,6.0
selected_ols_av,pass,-0.6641,0.0
selected_ols_av,pass,0.0098,2.0
selected_ols_av,pass,-0.4475,3.0
selected_ols_av,pass,0.467,0.0
selected_ols_av,pass,-2.0688,4.0
selected_ols_av,pass,-2.0688,4.0
selected_ols_av,pass,0.5591,5.0
selected_ols_av,pass,0.8087,6.0
selected_ols_av,pass,-3.2,3.0
selected_ols_av,pass,-2.2855,3.0
selected_ols_av,pass,0.5591,5.0
selected_ols_av,pass,-0.3554,3.0
selected_ols_av,pass,-3.2,1.0
selected_ols_av,pass,-2.0688,1.0
selected_ols_av,pass,1.7232,7.0
selected_ols_av,pass,0.467,6.0
selected_ols_av,pass,-0.6641,0.0
selected_ols_av,pass,-0.2069,0.0
selected_ols_av,pass,0.1019,0.0
selected_ols_av,pass,-0.8126,0.0
selected_ols_av,pass,0.8087,9.0
selected_ols_av,pass,-2.7427,3.0
selected_ols_av,pass,0.0098,6.0
selected_ols_av,pass,-0.8126,4.0
selected_ols_av,pass,0.0098,0.0
selected_ols_av,pass,0.467,0.0
selected_ols_av,pass,-0.3554,3.0
selected_ols_av,pass,-1.6116,3.0
selected_ols_av,pass,-1.8282,2.0
selected_ols_av,pass,0.8087,3.0
selected_ols_av,pass,-0.8126,2.0
selected_ols_av,pass,-0.4475,0.0
selected_ols_av,pass,1.266,6.0
selected_ols_av,pass,-2.2855,5.0
selected_ols_av,pass,-1.8282,5.0
selected_ols_av,pass,-1.1214,0.0
selected_ols_av,pass,-1.1214,0.0
selected_ols_av,pass,-2.7427,2.0
selected_ols_av,pass,-0.6641,0.0
selected_ols_av,pass,0.467,0.0
selected_ols_av,pass,-1.1543,2.0
selected_ols_av,pass,0.1019,7.0
selected_ols_av,pass,1.7232,9.0
selected_ols_av,pass,-0.3554,6.0
selected_ols_av,pass,0.467,5.0
selected_ols_av,pass,-0.6641,1.0
selected_ols_av,pass,-0.3554,7.0
selected_ols_av,pass,-0.6641,0.0
selected_ols_av,pass,0.467,3.0
selected_ols_av,pass,-0.8126,3.0
selected_ols_av,pass,0.5591,3.0
selected_ols_av,pass,-1.1543,3.0
selected_ols_av,pass,-2.2855,3.0
selected_ols_av,pass,-0.6641,0.0
selected_ols_av,pass,0.1019,4.0
selected_ols_av,pass,-0.2069,4.0
selected_ols_av,pass,-1.2699,3.0
selected_ols_av,pass,-2.5261,2.0
selected_ols_av,pass,-0.2069,0.0
selected_ols_av,pass,-3.2,3.0
selected_ols_av,pass,-1.6116,4.0
selected_ols_av,pass,0.467,0.0
selected_ols_av,pass,-2.7427,3.0
selected_ols_av,pass,0.0098,0.0
selected_ols_av,pass,0.1019,4.0
selected_ols_av,pass,0.0098,7.0
selected_ols_av,pass,0.1019,1.0
selected_ols_av,pass,-0.2069,0.0
selected_ols_av,pass,-2.2855,4.0
selected_ols_av,pass,-2.0688,3.0
selected_ols_av,pass,-1.8282,4.0
selected_ols_av,pass,0.0098,2.0
selected_ols_av,pass,-0.2069,0.0
selected_ols_av,pass,-0.9047,7.0
selected_ols_av,pass,1.266,8.0
selected_ols_av,pass,-0.8126,7.0
selected_ols_av,pass,-1.1543,2.0
selected_ols_av,pass,-0.8126,3.0
selected_ols_av,pass,-0.3554,0.0
selected_ols_av,pass,-1.2699,0.0
selected_ols_av,pass,0.8087,6.0
selected_ols_av,pass,-0.8126,6.0
selected_ols_av,pass,-0.2069,0.0
selected_ols_av,pass,-0.3554,5.0
selected_ols_av,pass,0.3515,5.0
selected_ols_av,pass,-2.2855,2.0
selected_ols_av,pass,-0.3554,4.0
selected_ols_av,pass,0.467,0.0
selected_ols_av,pass,-0.6641,0.0
selected_ols_av,pass,2.1805,9.0
selected_ols_av,pass,0.8087,6.0
selected_ols_av,pass,0.467,9.0
selected_ols_av,pass,-2.7427,5.0
selected_ols_av,pass,-0.6641,5.0
selected_ols_av,pass,-1.6116,2.0
selected_ols_av,pass,-2.0688,1.0
selected_ols_av,pass,1.266,6.0
selected_ols_av,pass,-0.2069,0.0
selected_ols_av,pass,-1.2699,0.0
selected_ols_av,pass,-1.6116,1.0
selected_ols_av,pass,-0.3554,8.0
selected_ols_av,pass,0.0098,7.0
selected_ols_av,pass,0.2504,0.0
selected_ols_av,pass,0.467,0.0
selected_ols_av,pass,-0.3554,0.0
selected_ols_av,pass,-0.3554,5.0
selected_ols_av,pass,0.1019,10.0
selected_ols_av,pass,-1.1543,3.0
selected_ols_av,pass,-2.2855,2.0
selected_ols_av,pass,0.467,6.0
selected_ols_av,pass,1.7232,8.0
selected_ols_av,pass,-0.3554,4.0
selected_ols_av,pass,1.266,8.0
selected_ols_av,pass,-0.2069,5.0
selected_ols_av,pass,-0.3554,0.0
selected_ols_av,pass,-0.9047,0.0
selected_ols_av,pass,-2.2855,2.0
selected_ols_av,pass,-2.0688,5.0
selected_ols_av,pass,-0.6641,0.0
selected_ols_av,pass,-1.371,3.0
selected_ols_av,pass,-0.3554,5.0
selected_ols_av,pass,0.0098,5.0
selected_ols_av,pass,1.266,5.0
selected_ols_av,pass,-0.6641,0.0
selected_ols_av,pass,-0.8126,2.0
selected_ols_av,pass,-1.1214,1.0
selected_ols_av,pass,-0.2069,0.0
selected_ols_av,pass,-1.6116,2.0
selected_ols_av,pass,-2.0688,4.0
selected_ols_av,pass,-0.2069,0.0
selected_ols_av,pass,-1.1543,9.0
selected_ols_av,pass,0.3515,5.0
selected_ols_av,pass,-0.6641,0.0
selected_ols_av,pass,-0.8126,0.0
selected_ols_av,pass,-1.8282,4.0
selected_ols_av,pass,-1.1214,0.0
selected_ols_av,pass,-1.8282,6.0
selected_ols_av,pass,-1.8282,4.0
selected_ols_av,pass,0.467,0.0
selected_ols_av,pass,-2.2855,2.0
selected_ols_av,pass,-0.6641,2.0
selected_ols_av,pass,-0.4475,4.0
selected_ols_av,pass,-1.1214,0.0
selected_ols_av,pass,0.467,2.0
selected_ols_av,pass,0.1019,4.0
selected_ols_av,pass,0.467,2.0
selected_ols_av,pass,-2.2855,3.0
selected_ols_av,pass,0.1019,5.0
selected_ols_av,pass,0.5591,0.0
selected_ols_av,pass,-1.1543,4.0
selected_ols_av,pass,-0.6641,5.0
selected_ols_av,pass,1.266,7.0
selected_ols_av,pass,-0.4475,3.0
selected_ols_av,pass,1.266,5.0
selected_ols_av,pass,0.1019,1.0
selected_ols_av,pass,-0.8126,6.0
selected_ols_av,pass,-1.1214,3.0
selected_ols_av,pass,0.9243,0.0
selected_ols_av,pass,0.8087,6.0
selected_ols_av,pass,0.5591,10.0
selected_ols_av,pass,1.266,6.0
selected_ols_av,pass,0.2504,0.0
selected_ols_av,pass,-1.1214,1.0
selected_ols_av,pass,0.9243,8.0
selected_ols_av,pass,0.2504,0.0
selected_ols_av,pass,1.266,7.0
selected_ols_av,pass,-0.4475,3.0
selected_ols_av,pass,0.5591,4.0
selected_ols_av,pass,-0.2069,0.0
selected_ols_av,pass,0.7076,0.0
selected_ols_av,pass,2.1805,8.0
selected_ols_av,pass,-0.6641,2.0
selected_ols_av,pass,1.7232,6.0
selected_ols_av,pass,-0.6641,0.0
selected_ols_av,pass,0.0098,4.0
selected_ols_av,pass,-0.8126,4.0
selected_ols_av,pass,2.1805,7.0
selected_ols_av,pass,-0.2069,0.0
selected_ols_av,pass,-0.2069,6.0
selected_ols_av,pass,-0.8126,0.0
selected_ols_av,pass,0.0098,5.0
selected_ols_av,pass,-2.7427,4.0
selected_ols_av,pass,1.7232,6.0
selected_ols_av,pass,-0.6641,3.0
selected_ols_av,pass,-0.3554,0.0
selected_ols_av,pass,0.467,5.0
selected_ols_av,pass,0.0098,0.0
selected_ols_av,pass,-1.6116,3.0
selected_ols_av,pass,1.266,6.0
selected_ols_av,pass,0.5591,0.0
selected_ols_av,pass,-0.6641,2.0
selected_ols_av,pass,1.266,7.0
selected_ols_av,pass,0.5591,4.0
selected_ols_av,pass,-0.6641,0.0
selected_ols_av,pass,-0.8126,3.0
selected_ols_av,pass,-0.6641,3.0
selected_ols_av,pass,-2.0688,1.0
selected_ols_av,pass,-0.8126,2.0
selected_ols_av,pass,-0.2069,0.0
selected_ols_av,pass,1.7232,9.0
selected_ols_av,pass,0.8087,7.0
selected_ols_av,pass,1.266,8.0
selected_ols_av,pass,1.7232,8.0
selected_ols_av,pass,1.3815,7.0
selected_ols_av,pass,-1.1214,0.0
selected_ols_av,pass,0.0098,5.0
selected_ols_av,pass,0.0098,5.0
selected_ols_av,pass,-2.0688,5.0
selected_ols_av,pass,-2.2855,4.0
selected_ols_av,pass,-1.1543,5.0
selected_ols_av,pass,-0.3554,7.0
selected_ols_av,pass,1.266,8.0
selected_ols_av,pass,1.266,9.0
selected_ols_av,pass,-2.2855,3.0
selected_ols_av,pass,-0.2069,2.0
selected_ols_av,pass,-2.5261,5.0
selected_ols_av,pass,-0.3554,2.0
selected_ols_av,pass,1.266,5.0
selected_ols_av,pass,-1.1214,5.0
selected_ols_av,pass,-0.3554,0.0
selected_ols_av,pass,-2.2855,2.0
selected_ols_av,pass,-0.3554,5.0
selected_ols_av,pass,-0.6641,0.0
selected_ols_av,pass,0.8087,8.0
selected_ols_av,pass,1.7232,4.0
selected_ols_av,pass,0.8087,7.0
selected_ols_av,pass,-0.2069,0.0
selected_ols_av,pass,0.467,9.0
selected_ols_av,pass,-0.6641,0.0
selected_ols_av,pass,-0.2069,1.0
selected_ols_av,pass,1.266,7.0
selected_ols_av,pass,-1.1214,0.0
selected_ols_av,pass,-1.2699,2.0
selected_ols_av,pass,0.3515,10.0
selected_ols_av,pass,-1.5786,3.0
selected_ols_av,pass,-0.8126,3.0
selected_ols_av,pass,-0.2069,0.0
selected_ols_av,pass,-2.2855,4.0
selected_ols_av,pass,0.467,0.0
selected_ols_av,pass,-0.9047,3.0
selected_ols_av,pass,-0.9047,3.0
selected_ols_av,pass,1.266,8.0
selected_ols_av,pass,-0.6641,0.0
selected_ols_av,pass,-0.2069,2.0
selected_ols_av,pass,1.3815,7.0
selected_ols_av,pass,-0.8126,4.0
selected_ols_av,pass,-1.5786,0.0
selected_ols_av,pass,0.467,6.0
selected_ols_av,pass,-0.8126,5.0
selected_ols_av,pass,-0.3554,0.0
selected_ols_av,pass,-2.7427,2.0
selected_ols_av,pass,0.0098,2.0
selected_ols_av,pass,-2.2855,5.0
selected_ols_av,pass,0.8087,5.0
selected_ols_av,pass,-2.7427,4.0
selected_ols_av,pass,-1.1543,2.0
selected_ols_av,pass,0.8087,8.0
selected_ols_av,pass,0.0098,5.0
selected_ols_av,pass,-1.1214,6.0
selected_ols_av,pass,-1.1543,4.0
selected_ols_av,pass,-2.0688,3.0
selected_ols_av,pass,-0.2069,4.0
selected_ols_av,pass,0.1019,0.0
selected_ols_av,pass,-1.1214,3.0
selected_ols_av,pass,0.0098,7.0
selected_ols_av,pass,2.1805,7.0
selected_ols_av,pass,-0.3554,0.0
selected_ols_av,pass,0.1019,3.0
selected_ols_av,pass,-0.6641,0.0
selected_ols_av,pass,-0.4475,6.0
selected_ols_av,pass,-1.1214,2.0
selected_ols_av,pass,-1.6116,3.0
selected_ols_av,pass,0.1019,5.0
selected_ols_av,pass,0.1019,1.0
selected_ols_av,pass,-2.7427,3.0
selected_ols_av,pass,-0.3554,4.0
selected_ols_av,pass,1.266,7.0
selected_ols_av,pass,1.266,7.0
selected_ols_av,pass,-0.6641,2.0
selected_ols_av,pass,-0.4475,2.0
selected_ols_av,pass,-1.2699,0.0
selected_ols_av,pass,0.2504,5.0
selected_ols_av,pass,0.0098,0.0
selected_ols_av,pass,1.266,7.0
selected_ols_av,pass,-0.2069,3.0
selected_ols_av,pass,-1.2699,3.0
selected_ols_av,pass,-0.2069,3.0
selected_ols_av,pass,-0.8126,1.0
selected_ols_av,pass,1.266,9.0
selected_ols_av,pass,-0.6971,4.0
selected_ols_av,pass,0.1019,0.0
selected_ols_av,pass,-1.1214,4.0
selected_ols_av,pass,-0.3554,0.0
selected_ols_av,pass,-1.1214,0.0
selected_ols_av,pass,0.9243,0.0
selected_ols_av,pass,-2.7427,2.0
selected_ols_av,pass,0.0098,3.0
selected_ols_av,pass,-1.1214,0.0
selected_ols_av,pass,-0.3554,6.0
selected_ols_av,pass,-1.6116,4.0
selected_ols_av,pass,-0.6641,0.0
selected_ols_av,pass,0.1019,4.0
selected_ols_av,pass,-0.8126,6.0
selected_ols_av,pass,-2.7427,2.0
selected_ols_av,pass,-0.4475,8.0
selected_ols_av,pass,0.3515,6.0
selected_ols_av,pass,-0.2069,0.0
selected_ols_av,pass,-0.2069,0.0
selected_ols_av,pass,-2.7427,2.0
selected_ols_av,pass,-0.3554,1.0
selected_ols_av,pass,-1.2699,4.0
selected_ols_av,pass,-1.371,2.0
selected_ols_av,pass,1.7232,8.0
selected_ols_av,pass,1.7232,5.0
selected_ols_av,pass,-1.1214,3.0
selected_ols_av,pass,-2.0688,5.0
selected_ols_av,pass,0.1019,2.0
selected_ols_av,pass,-0.8126,3.0
selected_ols_av,pass,1.266,7.0
selected_ols_av,pass,-0.4475,8.0
selected_ols_av,pass,-0.4475,7.0
selected_ols_av,pass,1.266,7.0
selected_ols_av,pass,-1.5786,0.0
selected_ols_av,pass,0.2504,4.0
selected_ols_av,pass,-0.2069,0.0
selected_ols_av,pass,-1.5786,5.0
selected_ols_av,pass,0.3515,6.0
selected_ols_av,pass,-1.1214,4.0
selected_ols_av,pass,-1.1214,0.0
selected_ols_av,pass,-0.4475,6.0
selected_ols_av,pass,-0.2399,0.0
selected_ols_av,pass,1.266,8.0
selected_ols_av,pass,-0.8126,3.0
selected_ols_av,pass,-0.3554,4.0
selected_ols_av,pass,0.0098,2.0
selected_ols_av,pass,-0.4475,3.0
selected_ols_av,pass,1.266,7.0
selected_ols_av,pass,0.1019,0.0
selected_ols_av,pass,-2.7427,2.0
selected_ols_av,pass,-0.4475,0.0
selected_ols_av,pass,1.266,7.0
selected_ols_av,pass,0.0098,0.0
selected_ols_av,pass,-3.2,1.0
selected_ols_av,pass,-1.1214,0.0
selected_ols_av,pass,0.5591,2.0
selected_ols_av,pass,-1.1543,5.0
selected_ols_av,pass,0.1019,0.0
selected_ols_av,pass,-0.8126,4.0
selected_ols_av,pass,-0.3554,3.0
selected_ols_av,pass,1.266,6.0
selected_ols_av,pass,-1.1214,3.0
selected_ols_av,pass,1.266,6.0
selected_ols_av,pass,-0.8126,1.0
selected_ols_av,pass,-1.1543,3.0
selected_ols_av,pass,-0.3554,3.0
selected_ols_av,pass,0.5591,5.0
selected_ols_av,pass,-0.2069,6.0
selected_ols_av,pass,0.5591,6.0
selected_ols_av,pass,0.0098,6.0
selected_ols_av,pass,-1.2699,1.0
selected_ols_av,pass,0.5591,0.0
selected_ols_av,pass,0.467,4.0
selected_ols_av,pass,0.8087,8.0
selected_ols_av,pass,1.7232,3.0
selected_ols_av,pass,1.266,6.0
selected_ols_av,pass,-2.0688,2.0
selected_ols_av,pass,-0.6641,0.0
selected_ols_av,pass,-0.3554,0.0
selected_ols_av,pass,0.0098,0.0
selected_ols_av,pass,0.1019,0.0
selected_ols_av,pass,0.1019,0.0
selected_ols_av,pass,-0.3554,7.0
selected_ols_av,pass,-2.2855,4.0
selected_ols_av,pass,-0.2069,3.0
selected_ols_av,pass,-0.8126,0.0
selected_ols_av,pass,0.3515,7.0
selected_ols_av,pass,0.0098,0.0
selected_ols_av,pass,-3.2,1.0
selected_ols_av,pass,0.8087,7.0
selected_ols_av,pass,-1.5786,2.0
selected_ols_av,pass,0.3515,7.0
selected_ols_av,pass,0.1019,0.0
selected_ols_av,pass,0.467,0.0
selected_ols_av,pass,1.266,7.0
selected_ols_av,pass,-0.9047,0.0
selected_ols_av,pass,1.266,7.0
selected_ols_av,pass,0.5591,4.0
selected_ols_av,pass,0.9243,5.0
selected_ols_av,pass,-0.6971,2.0
selected_ols_av,pass,0.1019,7.0
selected_ols_av,pass,-0.3554,5.0
selected_ols_av,pass,-2.7427,2.0
selected_ols_av,pass,0.8087,1.0
selected_ols_av,pass,0.467,5.0
selected_ols_av,pass,1.266,5.0
selected_ols_av,pass,-1.6116,4.0
selected_ols_av,pass,-0.2069,0.0
selected_ols_av,pass,2.1805,7.0
selected_ols_av,pass,-0.3554,2.0
selected_ols_av,pass,-0.2069,0.0
selected_ols_av,pass,-1.2699,6.0
selected_ols_av,pass,-0.8126,4.0
selected_ols_av,pass,0.467,3.0
selected_ols_av,pass,-1.6116,7.0
selected_ols_av,pass,-0.2069,0.0
selected_ols_av,pass,-0.3554,4.0
selected_ols_av,pass,-0.3554,3.0
selected_ols_av,pass,0.0098,0.0
selected_ols_av,pass,0.0098,7.0
selected_ols_av,pass,-1.8282,3.0
selected_ols_av,pass,1.7232,6.0
selected_ols_av,pass,-3.2,3.0
selected_ols_av,pass,-0.2069,0.0
selected_ols_av,pass,-1.371,1.0
selected_ols_av,pass,1.0163,0.0
selected_ols_av,pass,0.467,0.0
selected_ols_av,pass,-1.8282,1.0
selected_ols_av,pass,-2.2855,4.0
selected_ols_av,pass,0.0098,7.0
selected_ols_av,pass,-0.2069,0.0
selected_ols_av,pass,0.8087,7.0
selected_ols_av,pass,2.6377,7.0
selected_ols_av,pass,-0.6641,0.0
selected_ols_av,pass,-1.1543,4.0
selected_ols_av,pass,-0.4475,4.0
selected_ols_av,pass,1.3815,0.0
selected_ols_av,pass,0.1019,0.0
selected_ols_av,pass,1.7232,7.0
selected_ols_av,pass,-0.6641,0.0
selected_ols_av,pass,-0.6641,0.0
selected_ols_av,pass,0.467,2.0
selected_ols_av,pass,-2.7427,1.0
selected_ols_av,pass,-0.6641,0.0
selected_ols_av,pass,-1.6116,9.0
selected_ols_av,pass,-0.2069,0.0
selected_ols_av,pass,-0.2069,0.0
selected_ols_av,pass,0.1019,4.0
selected_ols_av,pass,0.467,0.0
selected_ols_av,pass,1.0163,0.0
selected_ols_av,pass,-1.2699,3.0
selected_ols_av,pass,-0.6971,5.0
selected_ols_av,pass,-0.8126,4.0
selected_ols_av,pass,-2.7427,1.0
selected_ols_av,pass,1.7232,8.0
selected_ols_av,pass,1.266,6.0
selected_ols_av,pass,-0.6641,3.0
selected_ols_av,pass,1.7232,7.0
selected_ols_av,pass,-0.9047,0.0
selected_ols_av,pass,-0.8126,0.0
selected_ols_av,pass,-3.2,4.0
selected_ols_av,pass,-0.3554,3.0
selected_ols_av,pass,-2.0688,3.0
selected_ols_av,pass,1.7232,7.0
selected_ols_av,pass,-0.4475,2.0
selected_ols_av,pass,-0.6641,2.0
selected_ols_av,pass,-0.6641,0.0
selected_ols_av,pass,-1.1214,0.0
selected_ols_av,pass,-2.2855,6.0
selected_ols_av,pass,-0.6641,4.0
selected_ols_av,pass,-0.6641,0.0
selected_ols_av,pass,0.5591,2.0
selected_ols_av,pass,-1.6116,9.0
selected_ols_av,pass,-0.8126,1.0
selected_ols_av,pass,1.266,7.0
selected_ols_av,pass,-0.3554,0.0
selected_ols_av,pass,0.0098,5.0
selected_ols_av,pass,-0.6971,5.0
selected_ols_av,pass,-0.6641,4.0
selected_ols_av,pass,-0.6641,4.0
selected_ols_av,pass,-1.1214,0.0
selected_ols_av,pass,0.5591,0.0
selected_ols_av,pass,0.0098,6.0
selected_ols_av,pass,1.266,7.0
selected_ols_av,pass,0.0098,1.0
selected_ols_av,pass,0.1019,0.0
selected_ols_av,pass,0.5591,8.0
selected_ols_av,pass,-0.6641,0.0
selected_ols_av,pass,-0.3554,8.0
selected_ols_av,pass,-0.4475,0.0
selected_ols_av,pass,0.5591,4.0
selected_ols_av,pass,1.266,6.0
selected_ols_av,pass,1.266,5.0
selected_ols_av,pass,-1.2699,4.0
selected_ols_av,pass,-0.3554,1.0
selected_ols_av,pass,-0.8126,4.0
selected_ols_av,pass,1.266,7.0
selected_ols_av,pass,0.0098,4.0
selected_ols_av,pass,-1.1214,0.0
selected_ols_av,pass,-1.371,5.0
selected_ols_av,pass,-0.8126,6.0
selected_ols_av,pass,-0.8126,0.0
selected_ols_av,pass,0.9243,0.0
selected_ols_av,pass,-2.0688,5.0
selected_ols_av,pass,-1.6116,3.0
selected_ols_av,pass,0.0098,6.0
selected_ols_av,pass,-0.6641,4.0
selected_ols_av,pass,-1.8282,6.0
selected_ols_av,pass,-1.2699,5.0
selected_ols_av,pass,1.7232,4.0
selected_ols_av,pass,-0.8126,3.0
selected_ols_av,pass,0.1019,5.0
selected_ols_av,pass,0.467,4.0
selected_ols_av,pass,-0.6641,5.0
selected_ols_av,pass,-0.3554,0.0
selected_ols_av,pass,0.1019,8.0
selected_ols_av,pass,-0.6641,2.0
selected_ols_av,pass,-0.6641,4.0
selected_ols_av,pass,0.0098,5.0
selected_ols_av,pass,-0.3554,6.0
selected_ols_av,pass,1.7232,7.0
selected_ols_av,pass,-2.7427,5.0
selected_ols_av,pass,0.8087,5.0
selected_ols_av,pass,0.5591,4.0
selected_ols_av,pass,1.266,7.0
selected_ols_av,pass,0.1019,5.0
selected_ols_av,pass,0.1019,4.0
selected_ols_av,pass,0.467,9.0
selected_ols_av,pass,-0.9047,3.0
selected_ols_av,pass,-0.6641,3.0
selected_ols_av,pass,-0.8126,5.0
selected_ols_av,pass,-0.6641,2.0
selected_ols_av,pass,-1.6116,4.0
selected_ols_av,pass,0.8087,5.0
selected_ols_av,pass,0.5591,0.0
selected_ols_av,pass,-1.1214,2.0
selected_ols_av,pass,-0.6641,0.0
selected_ols_av,pass,-0.3554,4.0
selected_ols_av,pass,-0.6641,0.0
selected_ols_av,pass,0.467,0.0
selected_ols_av,pass,-0.6641,4.0
selected_ols_av,pass,-0.6641,1.0
selected_ols_av,pass,0.0098,0.0
selected_ols_av,pass,-0.3554,3.0
selected_ols_av,pass,-0.3554,10.0
selected_ols_av,pass,-0.2069,4.0
selected_ols_av,pass,-0.4475,0.0
selected_ols_av,pass,-0.3554,9.0
selected_ols_av,pass,-0.6641,5.0
selected_ols_av,pass,-2.2855,2.0
selected_ols_av,pass,0.0098,4.0
selected_ols_av,pass,-0.3554,6.0
selected_ols_av,pass,-0.3554,2.0
selected_ols_av,pass,0.0098,5.0
selected_ols_av,pass,0.9243,2.0
selected_ols_av,pass,-0.9047,7.0
selected_ols_av,pass,-0.2069,0.0
selected_ols_av,pass,0.9243,0.0
selected_ols_av,pass,-0.2069,0.0
selected_ols_av,pass,-0.3554,3.0
selected_ols_av,pass,-1.2699,0.0
selected_ols_av,pass,-2.0688,1.0
selected_ols_av,pass,0.8087,8.0
selected_ols_av,pass,0.2504,0.0
selected_ols_av,pass,-1.1214,4.0
selected_ols_av,pass,0.467,0.0
selected_ols_av,pass,-1.6116,1.0
selected_ols_av,pass,-1.8282,0.0
selected_ols_av,pass,-1.8282,4.0
selected_ols_av,pass,0.3515,7.0
selected_ols_av,pass,-0.6641,4.0
selected_ols_av,pass,-1.8282,4.0
selected_ols_av,pass,-0.3554,3.0
selected_ols_av,pass,0.1019,0.0
selected_ols_av,pass,-1.8282,4.0
selected_ols_av,pass,-0.8126,3.0
selected_ols_av,pass,-0.3554,5.0
selected_ols_av,pass,0.0098,0.0
selected_ols_av,pass,0.0098,0.0
selected_ols_av,pass,-1.371,3.0
selected_ols_av,pass,0.1019,3.0
selected_ols_av,pass,-0.3554,6.0
selected_ols_av,pass,-0.6641,4.0
selected_ols_av,pass,-1.2699,2.0
selected_ols_av,pass,-1.6116,4.0
selected_ols_av,pass,1.266,7.0
selected_ols_av,pass,-0.2069,3.0
selected_ols_av,pass,-0.6641,0.0
selected_ols_av,pass,-1.8282,4.0
selected_ols_av,pass,-0.8126,0.0
selected_ols_av,pass,-0.2069,0.0
selected_ols_av,pass,-1.8282,4.0
selected_ols_av,pass,-0.4475,2.0
selected_ols_av,pass,0.9243,0.0
selected_ols_av,pass,-1.2699,0.0
selected_ols_av,pass,-1.6116,3.0
selected_ols_av,pass,-2.7427,4.0
selected_ols_av,pass,-1.1214,2.0
selected_ols_av,pass,0.0098,0.0
selected_ols_av,pass,-1.6116,2.0
selected_ols_av,pass,0.0098,0.0
selected_ols_av,pass,-0.3554,5.0
selected_ols_av,pass,-2.2855,3.0
selected_ols_av,pass,0.467,5.0
selected_ols_av,pass,1.1648,0.0
selected_ols_av,pass,-0.3554,0.0
selected_ols_av,pass,-0.6641,4.0
selected_ols_av,pass,0.467,7.0
selected_ols_av,pass,-1.1214,2.0
selected_ols_av,pass,-0.8126,0.0
selected_ols_av,pass,-2.2855,0.0
selected_ols_av,pass,0.0098,5.0
selected_ols_av,pass,1.7232,7.0
selected_ols_av,pass,0.467,0.0
selected_ols_av,pass,1.266,8.0
selected_ols_av,pass,-2.0688,4.0
selected_ols_av,pass,-0.8126,3.0
selected_ols_av,pass,-0.6641,0.0
selected_ols_av,pass,-0.8126,4.0
selected_ols_av,pass,-0.6641,3.0
selected_ols_av,pass,-1.1214,0.0
selected_ols_av,pass,1.266,8.0
selected_ols_av,pass,0.1019,4.0
selected_ols_av,pass,1.7232,6.0
selected_ols_av,pass,0.1019,4.0
selected_ols_av,pass,-0.6641,5.0
selected_ols_av,pass,-1.6116,4.0
selected_ols_av,pass,0.3515,5.0
selected_ols_av,pass,0.1019,3.0
selected_ols_av,pass,-0.2069,0.0
selected_ols_av,pass,0.0098,0.0
selected_ols_av,pass,-1.1214,0.0
selected_ols_av,pass,0.1019,5.0
selected_ols_av,pass,-0.3554,6.0
selected_ols_av,pass,0.1019,0.0
selected_ols_av,pass,-2.7427,3.0
selected_ols_av,pass,-0.6641,3.0
selected_ols_av,pass,0.2504,4.0
selected_ols_av,pass,-0.8126,0.0
selected_ols_av,pass,-1.1214,0.0
selected_ols_av,pass,-0.2069,0.0
selected_ols_av,pass,0.467,0.0
selected_ols_av,pass,0.8087,7.0
selected_ols_av,pass,-1.6116,5.0
selected_ols_av,pass,-0.6641,0.0
selected_ols_av,pass,-1.8282,4.0
selected_ols_av,pass,-1.6116,2.0
selected_ols_av,pass,-0.6641,5.0
selected_ols_av,pass,-0.3554,3.0
selected_ols_av,pass,-1.1543,5.0
selected_ols_av,pass,1.7232,7.0
selected_ols_av,pass,-0.4475,6.0
selected_ols_av,pass,-0.4475,6.0
selected_ols_av,pass,-1.1214,0.0
selected_ols_av,pass,-0.8126,0.0
selected_ols_av,pass,0.1019,4.0
selected_ols_av,pass,-0.6641,4.0
selected_ols_av,pass,-1.8282,4.0
selected_ols_av,pass,-0.3554,8.0
selected_ols_av,pass,-0.4475,8.0
selected_ols_av,pass,-0.8126,0.0
selected_ols_av,pass,0.5591,0.0
selected_ols_av,pass,-2.5261,1.0
selected_ols_av,pass,-1.2699,4.0
selected_ols_av,pass,-1.2699,2.0
selected_ols_av,pass,-0.3554,0.0
selected_ols_av,pass,0.8087,5.0
selected_ols_av,pass,0.5591,0.0
selected_ols_av,pass,-2.5261,5.0
selected_ols_av,pass,0.9243,3.0
selected_ols_av,pass,-0.3554,0.0
selected_ols_av,pass,0.467,0.0
selected_ols_av,pass,0.2504,5.0
selected_ols_av,pass,-1.5786,0.0
selected_ols_av,pass,0.467,0.0
selected_ols_av,pass,-1.6116,2.0
selected_ols_av,pass,0.8087,10.0
selected_ols_av,pass,0.3515,7.0
selected_ols_av,pass,0.7076,0.0
selected_ols_av,pass,0.2504,3.0
selected_ols_av,pass,-1.1214,3.0
selected_ols_av,pass,-0.6641,2.0
selected_ols_av,pass,-1.1543,4.0
selected_ols_av,pass,0.8087,5.0
selected_ols_av,pass,-0.8126,0.0
selected_ols_av,pass,-0.6641,0.0
selected_ols_av,pass,-0.9047,3.0
selected_ols_av,pass,-0.4475,0.0
selected_ols_av,pass,-1.5786,4.0
selected_ols_av,pass,0.5591,0.0
selected_ols_av,pass,0.0098,0.0
selected_ols_av,pass,-2.2855,4.0
selected_ols_av,pass,-0.6641,4.0
selected_ols_av,pass,-2.5261,5.0
selected_ols_av,pass,1.266,5.0
selected_ols_av,pass,-1.6116,3.0
selected_ols_av,pass,1.266,6.0
selected_ols_av,pass,0.1019,3.0
selected_ols_av,pass,-2.2855,7.0
selected_ols_av,pass,-0.8126,2.0
selected_ols_av,pass,0.1019,8.0
selected_ols_av,pass,-1.2699,2.0
selected_ols_av,pass,0.2504,0.0
selected_ols_av,pass,-1.1214,0.0
selected_ols_av,pass,1.266,7.0
selected_ols_av,pass,-2.5261,4.0
selected_ols_av,pass,-0.6641,4.0
selected_ols_av,pass,-0.4475,4.0
selected_ols_av,pass,-2.7427,3.0
selected_ols_av,pass,0.5591,2.0
selected_ols_av,pass,-0.2069,0.0
selected_ols_av,pass,1.266,4.0
selected_ols_av,pass,1.266,6.0
selected_ols_av,pass,-1.1214,0.0
selected_ols_av,pass,0.467,0.0
selected_ols_av,pass,-1.6116,5.0
selected_ols_av,pass,-0.6641,0.0
selected_ols_av,pass,0.0098,6.0
selected_ols_av,pass,0.1019,5.0
selected_ols_av,pass,-1.1214,4.0
selected_ols_av,pass,2.1805,7.0
selected_ols_av,pass,-0.6641,0.0
selected_ols_av,pass,-1.8282,2.0
selected_ols_av,pass,-1.1543,3.0
selected_ols_av,pass,-1.1214,2.0
selected_ols_av,pass,-0.4475,0.0
selected_ols_av,pass,-2.7427,3.0
selected_ols_av,pass,-0.6641,2.0
selected_ols_av,pass,0.0098,1.0
selected_ols_av,pass,-0.8126,2.0
selected_ols_av,pass,0.5591,0.0
selected_ols_av,pass,0.8087,8.0
selected_ols_av,pass,0.0098,4.0
selected_ols_av,pass,-2.0688,5.0
selected_ols_av,pass,0.8087,9.0
selected_ols_av,pass,0.8087,2.0
selected_ols_av,pass,-0.6641,5.0
selected_ols_av,pass,-0.3554,3.0
selected_ols_av,pass,-0.4475,2.0
selected_ols_av,pass,-0.2069,0.0
selected_ols_av,pass,1.7232,3.0
selected_ols_av,pass,-0.3554,3.0
selected_ols_av,pass,0.0098,8.0
selected_ols_av,pass,-0.2069,4.0
selected_ols_av,pass,-0.4475,9.0
selected_ols_av,pass,1.7232,6.0
selected_ols_av,pass,0.467,0.0
selected_ols_av,pass,-0.8126,0.0
selected_ols_av,pass,0.2504,0.0
selected_ols_av,pass,2.6377,4.0
selected_ols_av,pass,0.0098,2.0
selected_ols_av,pass,-0.2069,2.0
selected_ols_av,pass,0.0098,6.0
selected_ols_av,pass,-1.1543,7.0
selected_ols_av,pass,-2.2855,4.0
selected_ols_av,pass,-0.3554,8.0
selected_ols_av,pass,-1.1214,3.0
selected_ols_av,pass,0.2504,0.0
selected_ols_av,pass,1.266,7.0
selected_ols_av,pass,-0.6641,0.0
selected_ols_av,pass,0.0098,4.0
selected_ols_av,pass,-0.3554,0.0
selected_ols_av,pass,0.8087,6.0
selected_ols_av,pass,-0.8126,0.0
selected_ols_av,pass,-1.1214,0.0
selected_ols_av,pass,-1.1214,4.0
selected_ols_av,pass,1.7232,6.0
selected_ols_av,pass,0.0098,0.0
selected_ols_av,pass,0.0098,5.0
selected_ols_av,pass,0.0098,4.0
selected_ols_av,pass,-0.6971,10.0
selected_ols_av,pass,-0.3554,0.0
selected_ols_av,pass,-0.6641,3.0
selected_ols_av,pass,-0.6641,0.0
selected_ols_av,pass,-0.4475,6.0
selected_ols_av,pass,0.9243,0.0
selected_ols_av,pass,-0.2069,0.0
selected_ols_av,pass,-1.8282,3.0
selected_ols_av,pass,-1.1214,3.0
selected_ols_av,pass,-1.371,5.0
selected_ols_av,pass,-0.8126,0.0
selected_ols_av,pass,-1.1214,3.0
selected_ols_av,pass,-2.0688,3.0
selected_ols_av,pass,-1.1214,1.0
selected_ols_av,pass,-0.3554,2.0
selected_ols_av,pass,0.467,1.0
selected_ols_av,pass,-0.6641,3.0
selected_ols_av,pass,0.0098,0.0
selected_ols_av,pass,-0.9047,0.0
selected_ols_av,pass,1.266,9.0
selected_ols_av,pass,-0.6641,3.0
selected_ols_av,pass,-2.2855,2.0
selected_ols_av,pass,-0.3554,0.0
selected_ols_av,pass,-0.6641,0.0
selected_ols_av,pass,0.0098,7.0
selected_ols_av,pass,0.0098,4.0
selected_ols_av,pass,0.0098,0.0
selected_ols_av,pass,0.8087,5.0
selected_ols_av,pass,0.467,8.0
selected_ols_av,pass,0.9243,0.0
selected_ols_av,pass,-0.2069,4.0
selected_ols_av,pass,-0.4475,0.0
selected_ols_av,pass,-0.3554,7.0
selected_ols_av,pass,0.0098,2.0
selected_ols_av,pass,0.467,0.0
selected_ols_av,pass,-0.3554,5.0
selected_ols_av,pass,-1.1543,4.0
selected_ols_av,pass,1.266,8.0
selected_ols_av,pass,-1.1214,1.0
selected_ols_av,pass,-1.8282,5.0
selected_ols_av,pass,-0.2069,3.0
selected_ols_av,pass,0.5591,0.0
selected_ols_av,pass,-1.1214,0.0
selected_ols_av,pass,0.8087,4.0
selected_ols_av,pass,-0.2069,2.0
selected_ols_av,pass,-2.7427,4.0
selected_ols_av,pass,0.8087,7.0
selected_ols_av,pass,0.5591,0.0
selected_ols_av,pass,-2.0688,6.0
selected_ols_av,pass,-0.8126,3.0
selected_ols_av,pass,-1.1543,4.0
selected_ols_av,pass,-2.2855,4.0
selected_ols_av,pass,-1.8282,3.0
selected_ols_av,pass,-1.8282,4.0
selected_ols_av,pass,-1.8282,4.0
selected_ols_av,pass,-0.6641,0.0
selected_ols_av,pass,1.266,5.0
selected_ols_av,pass,-1.8282,3.0
selected_ols_av,pass,2.1805,7.0
selected_ols_av,pass,-0.6641,0.0
selected_ols_av,pass,0.1019,0.0
selected_ols_av,pass,-0.8126,7.0
selected_ols_av,pass,0.0098,0.0
selected_ols_av,pass,-0.4475,0.0
selected_ols_av,pass,0.8087,7.0
selected_ols_av,pass,-1.2699,5.0
selected_ols_av,pass,-2.7427,2.0
selected_ols_av,pass,0.0098,0.0
selected_ols_av,pass,-0.2069,3.0
selected_ols_av,pass,1.266,9.0
selected_ols_av,pass,0.1019,7.0
selected_ols_av,pass,0.0098,6.0
selected_ols_av,pass,2.1805,5.0
selected_ols_av,pass,-1.2699,4.0
selected_ols_av,pass,-1.6116,1.0
selected_ols_av,pass,1.266,6.0
selected_ols_av,pass,-1.6116,1.0
selected_ols_av,pass,-2.0688,2.0
selected_ols_av,pass,0.9243,8.0
selected_ols_av,pass,-0.6641,6.0
selected_ols_av,pass,-1.8282,5.0
selected_ols_av,pass,0.1019,0.0
selected_ols_av,pass,-0.8126,7.0
selected_ols_av,pass,-2.2855,4.0
selected_ols_av,pass,-0.8126,4.0
selected_ols_av,pass,-1.1214,0.0
selected_ols_av,pass,-0.2069,2.0
selected_ols_av,pass,-0.2069,0.0
selected_ols_av,pass,0.5591,8.0
selected_ols_av,pass,0.9243,4.0
selected_ols_av,pass,-2.2855,3.0
selected_ols_av,pass,-0.8126,5.0
selected_ols_av,pass,-0.3554,3.0
selected_ols_av,pass,1.7232,7.0
selected_ols_av,pass,-0.2069,0.0
selected_ols_av,pass,-0.3554,5.0
selected_ols_av,pass,-1.6116,2.0
selected_ols_av,pass,1.7232,6.0
selected_ols_av,pass,0.467,4.0
selected_ols_av,pass,-0.2069,0.0
selected_ols_av,pass,-0.6641,5.0
selected_ols_av,pass,-0.8126,1.0
selected_ols_av,pass,-1.1543,3.0
selected_ols_av,pass,0.0098,0.0
selected_ols_av,pass,1.7232,9.0
selected_ols_av,pass,-2.2855,3.0
selected_ols_av,pass,-1.1214,0.0
selected_ols_av,pass,1.266,8.0
selected_ols_av,pass,-0.3554,3.0
selected_ols_av,pass,-0.3554,0.0
selected_ols_av,pass,-0.9138,1.0
selected_ols_av,pass,-0.4475,8.0
selected_ols_av,pass,-0.6641,4.0
selected_ols_av,pass,-1.1214,0.0
selected_ols_av,pass,-2.0688,3.0
selected_ols_av,pass,2.6377,7.0
selected_ols_av,pass,-0.3554,3.0
selected_ols_av,pass,0.8087,7.0
selected_ols_av,pass,1.266,4.0
selected_ols_av,pass,-1.1543,4.0
selected_ols_av,pass,0.9243,0.0
selected_ols_av,pass,-2.7427,1.0
selected_ols_av,pass,-0.6641,4.0
selected_ols_av,pass,-1.2699,4.0
selected_ols_av,pass,-0.6641,0.0
selected_ols_av,pass,-0.2399,4.0
selected_ols_av,pass,0.1019,4.0
selected_ols_av,pass,1.7232,9.0
selected_ols_av,pass,0.9243,0.0
selected_ols_av,pass,0.5591,5.0
selected_ols_av,pass,0.1019,7.0
selected_ols_av,pass,1.266,7.0
selected_ols_av,pass,0.1019,0.0
selected_ols_av,pass,0.467,0.0
selected_ols_av,pass,-2.7427,5.0
selected_ols_av,pass,-1.1214,0.0
selected_ols_av,pass,-0.4475,0.0
selected_ols_av,pass,0.1019,4.0
selected_ols_av,pass,-1.6116,2.0
selected_ols_av,pass,-0.8126,8.0
selected_ols_av,pass,-0.9047,5.0
selected_ols_av,pass,-0.4475,6.0
selected_ols_av,pass,-1.2699,1.0
selected_ols_av,pass,-1.1214,5.0
selected_ols_av,pass,-0.4475,8.0
selected_ols_av,pass,-0.3554,5.0
selected_ols_av,pass,-0.2069,5.0
selected_ols_av,pass,-0.4475,0.0
selected_ols_av,pass,-0.9047,7.0
selected_ols_av,pass,0.2504,4.0
selected_ols_av,pass,-0.8126,4.0
selected_ols_av,pass,-0.2069,2.0
selected_ols_av,pass,-0.6641,5.0
selected_ols_av,pass,-2.7427,2.0
selected_ols_av,pass,-0.6641,0.0
selected_ols_av,pass,-2.7427,2.0
selected_ols_av,pass,-0.6971,4.0
selected_ols_av,pass,-0.2069,4.0
selected_ols_av,pass,0.0098,0.0
selected_ols_av,pass,-2.2855,4.0
selected_ols_av,pass,-1.2699,0.0
selected_ols_av,pass,0.0098,8.0
selected_ols_av,pass,-0.2069,0.0
selected_ols_av,pass,-0.8126,4.0
selected_ols_av,pass,-1.1214,0.0
selected_ols_av,pass,-0.4475,6.0
selected_ols_av,pass,-0.6641,0.0
selected_ols_av,pass,1.0163,0.0
selected_ols_av,pass,-1.1214,0.0
selected_ols_av,pass,-2.7427,4.0
selected_ols_av,pass,1.266,8.0
selected_ols_av,pass,0.1019,3.0
selected_ols_av,pass,-0.9047,8.0
selected_ols_av,pass,-0.3554,9.0
selected_ols_av,pass,-2.2855,4.0
selected_ols_av,pass,1.7232,9.0
selected_ols_av,pass,2.1805,7.0
selected_ols_av,pass,-0.3554,2.0
selected_ols_av,pass,-2.5261,1.0
selected_ols_av,pass,1.266,7.0
selected_ols_av,pass,-2.0688,2.0
selected_ols_av,pass,-1.5786,2.0
selected_ols_av,pass,-1.2699,5.0
selected_ols_av,pass,1.8387,0.0
selected_ols_av,pass,1.7232,8.0
selected_ols_av,pass,1.266,7.0
selected_ols_av,pass,0.0098,0.0
selected_ols_av,pass,-0.8126,5.0
selected_ols_av,pass,0.3515,4.0
selected_ols_av,pass,-1.1543,2.0
selected_ols_av,pass,1.266,5.0
selected_ols_av,pass,-0.2069,1.0
selected_ols_av,pass,-1.1543,5.0
selected_ols_av,pass,-0.4475,1.0
selected_ols_av,pass,0.0098,5.0
selected_ols_av,pass,-0.6641,0.0
selected_ols_av,pass,0.467,0.0
selected_ols_av,pass,0.467,0.0
selected_ols_av,pass,-2.2855,1.0
selected_ols_av,pass,-2.7427,1.0
selected_ols_av,pass,-1.5786,5.0
selected_ols_av,pass,-1.1543,4.0
selected_ols_av,pass,-0.2069,5.0
selected_ols_av,pass,-0.6641,5.0
selected_ols_av,pass,-2.7427,1.0
selected_ols_av,pass,1.7232,5.0
selected_ols_av,pass,1.266,7.0
selected_ols_av,pass,0.467,7.0
selected_ols_av,pass,-0.8126,5.0
selected_ols_av,pass,0.8087,9.0
selected_ols_av,pass,-0.6641,7.0
selected_ols_av,pass,-0.6641,0.0
selected_ols_av,pass,0.1019,6.0
selected_ols_av,pass,-0.6641,4.0
selected_ols_av,pass,1.3815,4.0
selected_ols_av,pass,1.7232,6.0
selected_ols_av,pass,-1.8282,6.0
selected_ols_av,pass,0.8087,5.0
selected_ols_av,pass,-0.3554,5.0
selected_ols_av,pass,-2.7427,4.0
selected_ols_av,pass,0.467,0.0
selected_ols_av,pass,1.266,7.0
selected_ols_av,pass,0.8087,5.0
selected_ols_av,pass,-0.8126,3.0
selected_ols_av,pass,0.1019,8.0
selected_ols_av,pass,-0.9047,8.0
selected_ols_av,pass,-2.2855,2.0
selected_ols_av,pass,-0.8126,2.0
selected_ols_av,pass,0.8087,6.0
selected_ols_av,pass,1.266,6.0
selected_ols_av,pass,-0.3554,5.0
selected_ols_av,pass,0.0098,6.0
selected_ols_av,pass,0.0098,10.0
selected_ols_av,pass,-0.2069,4.0
selected_ols_av,pass,-0.8126,7.0
selected_ols_av,pass,1.266,9.0
selected_ols_av,pass,-0.6641,0.0
selected_ols_av,pass,-2.2855,6.0
selected_ols_av,pass,-0.3554,0.0
selected_ols_av,pass,-0.8126,3.0
selected_ols_av,pass,-1.2699,1.0
selected_ols_av,pass,-0.2069,0.0
selected_ols_av,pass,-1.1543,5.0
selected_ols_av,pass,-2.0688,1.0
selected_ols_av,pass,-0.3554,5.0
selected_ols_av,pass,1.7232,8.0
selected_ols_av,pass,-2.0688,7.0
selected_ols_av,pass,-0.3554,3.0
selected_ols_av,pass,-0.3554,0.0
selected_ols_av,pass,0.1019,5.0
selected_ols_av,pass,-0.3554,8.0
selected_ols_av,pass,0.8087,8.0
selected_ols_av,pass,-3.2,4.0
selected_ols_av,pass,-0.4475,0.0
selected_ols_av,pass,0.3515,6.0
selected_ols_av,pass,-0.6641,0.0
selected_ols_av,pass,-1.1214,0.0
selected_ols_av,pass,-0.8126,4.0
selected_ols_av,pass,-0.8126,5.0
selected_ols_av,pass,-1.1214,4.0
selected_ols_av,pass,0.3515,1.0
selected_ols_av,pass,-1.1214,3.0
selected_ols_av,pass,-0.6641,0.0
selected_ols_av,pass,1.7232,5.0
selected_ols_av,pass,0.3515,5.0
selected_ols_av,pass,-0.3554,7.0
selected_ols_av,pass,0.467,7.0
selected_ols_av,pass,-0.6641,0.0
selected_ols_av,pass,-1.1543,4.0
selected_ols_av,pass,-1.8282,5.0
selected_ols_av,pass,0.1019,0.0
selected_ols_av,pass,0.8087,7.0
selected_ols_av,pass,0.1019,3.0
selected_ols_av,pass,-1.1214,1.0
selected_ols_av,pass,-1.2699,8.0
selected_ols_av,pass,-0.3554,4.0
selected_ols_av,pass,-1.6116,2.0
selected_ols_av,pass,-0.2069,0.0
selected_ols_av,pass,-0.8126,0.0
selected_ols_av,pass,-2.7427,4.0
selected_ols_av,pass,-1.5786,0.0
selected_ols_av,pass,-0.2069,0.0
selected_ols_av,pass,-0.8126,0.0
selected_ols_av,pass,-0.2069,0.0
selected_ols_av,pass,-0.3554,0.0
selected_ols_av,pass,-3.2,4.0
selected_ols_av,pass,-0.4475,3.0
selected_ols_av,pass,-2.7427,2.0
selected_ols_av,pass,-0.3554,7.0
selected_ols_av,pass,-0.3554,0.0
selected_ols_av,pass,-1.1214,3.0
selected_ols_av,pass,-0.6641,0.0
selected_ols_av,pass,-1.1543,3.0
selected_ols_av,pass,0.2174,4.0
selected_ols_av,pass,0.8087,7.0
selected_ols_av,pass,-1.8282,3.0
selected_ols_av,pass,-0.3554,0.0
selected_ols_av,pass,-2.0688,4.0
selected_ols_av,pass,-1.2699,4.0
selected_ols_av,pass,0.2504,0.0
selected_ols_av,pass,-2.2855,4.0
selected_ols_av,pass,-0.3554,1.0
selected_ols_av,pass,-1.371,5.0
selected_ols_av,pass,-0.4475,0.0
selected_ols_av,pass,-0.4475,3.0
selected_ols_av,pass,0.0098,2.0
selected_ols_av,pass,-0.6641,0.0
selected_ols_av,pass,-0.3554,7.0
selected_ols_av,pass,-1.2699,0.0
selected_ols_av,pass,0.9243,3.0
selected_ols_av,pass,-0.8126,0.0
selected_ols_av,pass,-0.9138,3.0
selected_ols_av,pass,0.467,0.0
selected_ols_av,pass,-1.1543,2.0
selected_ols_av,pass,2.1805,6.0
selected_ols_av,pass,-0.6971,5.0
selected_ols_av,pass,-0.3554,3.0
selected_ols_av,pass,-0.8126,0.0
selected_ols_av,pass,0.1019,3.0
selected_ols_av,pass,-0.2069,6.0
selected_ols_av,pass,0.467,7.0
selected_ols_av,pass,0.467,2.0
selected_ols_av,pass,0.3515,5.0
selected_ols_av,pass,-1.1543,3.0
selected_ols_av,pass,-0.3554,5.0
selected_ols_av,pass,-1.1214,0.0
selected_ols_av,pass,0.8087,6.0
selected_ols_av,pass,-1.371,2.0
selected_ols_av,pass,-0.6641,0.0
selected_ols_av,pass,-1.5786,2.0
selected_ols_av,pass,-2.7427,1.0
selected_ols_av,pass,0.1019,5.0
selected_ols_av,pass,-1.2699,4.0
selected_ols_av,pass,0.8087,8.0
selected_ols_av,pass,-1.6116,4.0
selected_ols_av,pass,0.467,7.0
selected_ols_av,pass,1.266,6.0
selected_ols_av,pass,-0.4475,6.0
selected_ols_av,pass,2.1805,5.0
selected_ols_av,pass,-0.6641,4.0
selected_ols_av,pass,0.1019,4.0
selected_ols_av,pass,0.8087,7.0
selected_ols_av,pass,-1.1543,2.0
selected_ols_av,pass,1.266,6.0
selected_ols_av,pass,-0.3554,3.0
selected_ols_av,pass,-0.2069,2.0
selected_ols_av,pass,-2.2855,3.0
selected_ols_av,pass,-0.2069,0.0
selected_ols_av,pass,-0.3554,3.0
selected_ols_av,pass,-0.2069,1.0
selected_ols_av,pass,1.266,6.0
selected_ols_av,pass,-0.4475,2.0
selected_ols_av,pass,1.266,5.0
selected_ols_av,pass,-2.7427,2.0
selected_ols_av,pass,-1.6116,3.0
selected_ols_av,pass,1.7232,7.0
selected_ols_av,pass,-0.3554,4.0
selected_ols_av,pass,-0.4475,4.0
selected_ols_av,pass,-0.6641,3.0
selected_ols_av,pass,-0.4475,5.0
selected_ols_av,pass,0.8087,4.0
selected_ols_av,pass,0.5591,0.0
selected_ols_av,pass,0.1019,6.0
selected_ols_av,pass,0.8087,5.0
selected_ols_av,pass,0.1019,4.0
selected_ols_av,pass,2.1805,7.0
selected_ols_av,pass,0.3515,6.0
selected_ols_av,pass,-2.0688,4.0
selected_ols_av,pass,-0.2069,3.0
selected_ols_av,pass,-1.1214,4.0
selected_ols_av,pass,-2.0688,4.0
selected_ols_av,pass,-0.3554,0.0
selected_ols_av,pass,-1.5786,3.0
selected_ols_av,pass,-0.6641,0.0
selected_ols_av,pass,-0.8126,3.0
selected_ols_av,pass,0.9243,0.0
selected_ols_av,pass,0.7076,4.0
selected_ols_av,pass,-0.6641,6.0
selected_ols_av,pass,0.1019,8.0
selected_ols_av,pass,-1.8282,4.0
selected_ols_av,pass,0.5591,3.0
selected_ols_av,pass,-0.3554,6.0
selected_ols_av,pass,1.266,9.0
selected_ols_av,pass,0.1019,0.0
selected_ols_av,pass,-2.5261,4.0
selected_ols_av,pass,-0.2069,0.0
selected_ols_av,pass,-0.2069,0.0
selected_ols_av,pass,0.2504,0.0
selected_ols_av,pass,-0.3554,2.0
selected_ols_av,pass,-0.3554,0.0
selected_ols_av,pass,-0.6641,0.0
selected_ols_av,pass,-1.8282,4.0
selected_ols_av,pass,1.7232,8.0
selected_ols_av,pass,0.0098,0.0
selected_ols_av,pass,-0.6641,2.0
selected_ols_av,pass,0.8087,6.0
selected_ols_av,pass,-0.4475,3.0
selected_ols_av,pass,-0.3554,4.0
selected_ols_av,pass,-2.2855,4.0
selected_ols_av,pass,-1.6116,4.0
selected_ols_av,pass,1.266,7.0
selected_ols_av,pass,-0.8126,0.0
selected_ols_av,pass,1.7232,8.0
selected_ols_av,pass,0.5591,4.0
selected_ols_av,pass,-2.2855,5.0
selected_ols_av,pass,-0.4475,0.0
selected_ols_av,pass,2.1805,6.0
selected_ols_av,pass,-1.1214,0.0
selected_ols_av,pass,0.5591,0.0
selected_ols_av,pass,-0.3554,3.0
selected_ols_av,pass,-0.4475,6.0
selected_ols_av,pass,-1.1543,2.0
selected_ols_av,pass,-0.8126,6.0
selected_ols_av,pass,0.8087,5.0
selected_ols_av,pass,-1.1214,0.0
selected_ols_av,pass,1.7232,6.0
selected_ols_av,pass,-1.6116,4.0
selected_ols_av,pass,-2.7427,4.0
selected_ols_av,pass,-2.2855,5.0
selected_ols_av,pass,-2.7427,3.0
selected_ols_av,pass,-0.3554,7.0
selected_ols_av,pass,-0.6641,0.0
selected_ols_av,pass,-1.8282,5.0
selected_ols_av,pass,-2.7427,4.0
selected_ols_av,pass,-1.1214,0.0
selected_ols_av,pass,0.8087,5.0
selected_ols_av,pass,0.467,0.0
selected_ols_av,pass,-1.8282,3.0
selected_ols_av,pass,0.1019,0.0
selected_ols_av,pass,1.7232,8.0
selected_ols_av,pass,-1.5786,0.0
selected_ols_av,pass,1.266,7.0
selected_ols_av,pass,0.0098,5.0
selected_ols_av,pass,-2.0688,6.0
selected_ols_av,pass,-1.1543,2.0
selected_ols_av,pass,-1.1214,1.0
selected_ols_av,pass,-0.2069,6.0
selected_ols_av,pass,-0.3554,4.0
selected_ols_av,pass,0.5591,0.0
selected_ols_av,pass,0.467,0.0
selected_ols_av,pass,0.5591,4.0
selected_ols_av,pass,-1.1214,7.0
selected_ols_av,pass,-0.3554,0.0
selected_ols_av,pass,-0.6641,0.0
selected_ols_av,pass,-0.9047,4.0
selected_ols_av,pass,-0.3554,0.0
selected_ols_av,pass,0.0098,9.0
selected_ols_av,pass,0.0098,2.0
selected_ols_av,pass,-0.6641,0.0
selected_ols_av,pass,-1.1543,4.0
selected_ols_av,pass,-1.2699,0.0
selected_ols_av,pass,-0.9047,7.0
selected_ols_av,pass,1.7232,5.0
selected_ols_av,pass,-0.8126,0.0
selected_ols_av,pass,-0.6641,0.0
selected_ols_av,pass,-0.8126,6.0
selected_ols_av,pass,-0.4475,0.0
selected_ols_av,pass,0.5591,0.0
selected_ols_av,pass,-1.8282,3.0
selected_ols_av,pass,-0.6641,2.0
selected_ols_av,pass,-0.3554,6.0
selected_ols_av,pass,-0.9047,5.0
selected_ols_av,pass,-0.4475,4.0
selected_ols_av,pass,-0.3554,1.0
selected_ols_av,pass,-1.2699,1.0
selected_ols_av,pass,-0.3554,5.0
selected_ols_av,pass,0.9243,2.0
selected_ols_av,pass,-2.0688,4.0
selected_ols_av,pass,-2.7427,2.0
selected_ols_av,pass,-2.7427,4.0
selected_ols_av,pass,0.1019,5.0
selected_ols_av,pass,0.3515,5.0
selected_ols_av,pass,-2.0688,4.0
selected_ols_av,pass,1.7232,8.0
selected_ols_av,pass,0.467,0.0
selected_ols_av,pass,-0.6641,0.0
selected_ols_av,pass,-0.2069,0.0
selected_ols_av,pass,-1.8282,4.0
selected_ols_av,pass,0.0098,0.0
selected_ols_av,pass,0.1019,6.0
selected_ols_av,pass,-2.0688,4.0
selected_ols_av,pass,-1.8282,4.0
selected_ols_av,pass,-0.3554,7.0
selected_ols_av,pass,-1.5786,1.0
selected_ols_av,pass,0.8087,7.0
selected_ols_av,pass,-2.7427,3.0
selected_ols_av,pass,-1.1214,0.0
selected_ols_av,pass,1.266,6.0
selected_ols_av,pass,0.0098,4.0
selected_ols_av,pass,-1.8282,2.0
selected_ols_av,pass,-1.8282,3.0
selected_ols_av,pass,-0.9047,4.0
selected_ols_av,pass,-2.2855,3.0
selected_ols_av,pass,-0.8126,0.0
selected_ols_av,pass,-0.6641,0.0
selected_ols_av,pass,-1.8282,4.0
selected_ols_av,pass,0.467,3.0
selected_ols_av,pass,-0.6641,0.0
selected_ols_av,pass,-0.8126,1.0
selected_ols_av,pass,-1.1214,1.0
selected_ols_av,pass,-0.2069,0.0
selected_ols_av,pass,0.5591,3.0
selected_ols_av,pass,1.266,5.0
selected_ols_av,pass,2.6377,9.0
selected_ols_av,pass,0.8087,5.0
selected_ols_av,pass,0.0098,0.0
selected_ols_av,pass,-0.8126,1.0
selected_ols_av,pass,-1.6116,3.0
selected_ols_av,pass,0.0098,0.0
selected_ols_av,pass,-2.7427,4.0
selected_ols_av,pass,-0.2069,0.0
selected_ols_av,pass,-1.1214,6.0
selected_ols_av,pass,-2.2855,2.0
selected_ols_av,pass,1.266,5.0
selected_ols_av,pass,-1.6116,3.0
selected_ols_av,pass,-0.3554,3.0
selected_ols_av,pass,-2.2855,5.0
selected_ols_av,pass,0.2504,3.0
selected_ols_av,pass,-0.9047,0.0
selected_ols_av,pass,-0.2069,0.0
selected_ols_av,pass,-0.6641,0.0
selected_ols_av,pass,-0.3554,6.0
selected_ols_av,pass,-2.5261,4.0
selected_ols_av,pass,-0.2069,2.0
selected_ols_av,pass,-0.8126,0.0
selected_ols_av,pass,-0.3554,1.0
selected_ols_av,pass,-0.3554,3.0
selected_ols_av,pass,-0.6641,0.0
selected_ols_av,pass,-1.1214,0.0
selected_ols_av,pass,-0.3554,8.0
selected_ols_av,pass,1.7232,2.0
selected_ols_av,pass,-1.1214,0.0
selected_ols_av,pass,-0.3554,2.0
selected_ols_av,pass,0.1019,7.0
selected_ols_av,pass,-0.3554,0.0
selected_ols_av,pass,-0.3554,2.0
selected_ols_av,pass,-1.5786,0.0
selected_ols_av,pass,-0.3554,6.0
selected_ols_av,pass,-0.3554,7.0
selected_ols_av,pass,-2.7427,1.0
selected_ols_av,pass,-1.8282,2.0
selected_ols_av,pass,-2.0688,2.0
selected_ols_av,pass,-2.7427,4.0
selected_ols_av,pass,0.1019,6.0
selected_ols_av,pass,-0.3554,2.0
selected_ols_av,pass,-2.7427,6.0
selected_ols_av,pass,-1.1543,3.0
selected_ols_av,pass,-0.3554,4.0
selected_ols_av,pass,0.9243,0.0
selected_ols_av,pass,-0.6641,0.0
selected_ols_av,pass,-0.6641,0.0
selected_ols_av,pass,-1.371,3.0
selected_ols_av,pass,-1.1214,3.0
selected_ols_av,pass,-0.4475,0.0
selected_ols_av,pass,-1.1214,1.0
selected_ols_av,pass,-1.1214,2.0
selected_ols_av,pass,-2.0688,3.0
selected_ols_av,pass,-1.1214,0.0
selected_ols_av,pass,0.0098,3.0
selected_ols_av,pass,0.467,0.0
selected_ols_av,pass,0.0098,0.0
selected_ols_av,pass,-2.2855,3.0
selected_ols_av,pass,-0.6641,0.0
selected_ols_av,pass,0.5591,4.0
selected_ols_av,pass,-1.371,5.0
selected_ols_av,pass,-2.2855,1.0
selected_ols_av,pass,0.0098,0.0
selected_ols_av,pass,1.266,8.0
selected_ols_av,pass,0.8087,5.0
selected_ols_av,pass,0.467,2.0
selected_ols_av,pass,-0.6641,0.0
selected_ols_av,pass,-0.4475,0.0
selected_ols_av,pass,-0.6641,3.0
selected_ols_av,pass,-1.5786,0.0
selected_ols_av,pass,-1.6116,0.0
selected_ols_av,pass,2.1805,4.0
selected_ols_av,pass,-1.6116,2.0
selected_ols_av,pass,-0.3554,0.0
selected_ols_av,pass,0.467,0.0
selected_ols_av,pass,-0.8126,3.0
selected_ols_av,pass,1.7232,7.0
selected_ols_av,pass,-0.3554,3.0
selected_ols_av,pass,-1.6116,2.0
selected_ols_av,pass,0.1019,4.0
selected_ols_av,pass,0.1019,3.0
selected_ols_av,pass,-2.7427,5.0
selected_ols_av,pass,-0.8126,3.0
selected_ols_av,pass,-2.2855,3.0
selected_ols_av,pass,-0.3554,3.0
selected_ols_av,pass,1.266,7.0
selected_ols_av,pass,-2.2855,5.0
selected_ols_av,pass,-1.8282,1.0
selected_ols_av,pass,-2.0688,5.0
selected_ols_av,pass,0.0098,7.0
selected_ols_av,pass,-2.5261,2.0
selected_ols_av,pass,-0.3554,4.0
selected_ols_av,pass,-1.8282,5.0
selected_ols_av,pass,0.5591,0.0
selected_ols_av,pass,-0.3554,5.0
selected_ols_av,pass,-2.7427,3.0
selected_ols_av,pass,-0.3554,5.0
selected_ols_av,pass,-0.4475,6.0
selected_ols_av,pass,-0.2069,0.0
selected_ols_av,pass,-0.6641,0.0
selected_ols_av,pass,-1.2699,5.0
selected_ols_av,pass,-1.8282,4.0
selected_ols_av,pass,0.7076,3.0
selected_ols_av,pass,-0.3554,3.0
selected_ols_av,pass,1.7232,8.0
selected_ols_av,pass,1.266,7.0
selected_ols_av,pass,0.8087,8.0
selected_ols_av,pass,-0.8126,2.0
selected_ols_av,pass,1.7232,7.0
selected_ols_av,pass,0.0098,2.0
selected_ols_av,pass,0.0098,0.0
selected_ols_av,pass,-1.1214,3.0
selected_ols_av,pass,0.467,5.0
selected_ols_av,pass,-0.8126,3.0
selected_ols_av,pass,0.1019,6.0
selected_ols_av,pass,0.0098,7.0
selected_ols_av,pass,0.9243,8.0
selected_ols_av,pass,-0.6641,0.0
selected_ols_av,pass,0.0098,0.0
selected_ols_av,pass,-1.1214,0.0
selected_ols_av,pass,-2.5261,4.0
selected_ols_av,pass,-0.2069,0.0
selected_ols_av,pass,-0.3554,0.0
selected_ols_av,pass,-0.3554,2.0
selected_ols_av,pass,0.8087,6.0
selected_ols_av,pass,0.1019,0.0
selected_ols_av,pass,-0.4475,0.0
selected_ols_av,pass,-2.7427,6.0
selected_ols_av,pass,0.467,0.0
selected_ols_av,pass,-0.6641,2.0
selected_ols_av,pass,1.7232,6.0
selected_ols_av,pass,0.5591,0.0
selected_ols_av,pass,-2.2855,3.0
selected_ols_av,pass,-1.371,2.0
selected_ols_av,pass,0.467,0.0
selected_ols_av,pass,-0.6641,7.0
selected_ols_av,pass,0.8087,6.0
selected_ols_av,pass,0.8087,8.0
selected_ols_av,pass,-0.3554,8.0
selected_ols_av,pass,0.1019,2.0
selected_ols_av,pass,-0.2069,2.0
selected_ols_av,pass,-2.2855,4.0
selected_ols_av,pass,-2.2855,2.0
selected_ols_av,pass,-0.8126,5.0
selected_ols_av,pass,1.266,9.0
selected_ols_av,pass,-0.2069,3.0
selected_ols_av,pass,0.9243,4.0
selected_ols_av,pass,-3.2,2.0
selected_ols_av,pass,0.1019,9.0
selected_ols_av,pass,-0.4475,7.0
selected_ols_av,pass,0.0098,0.0
selected_ols_av,pass,0.1019,4.0
selected_ols_av,pass,-0.4475,5.0
selected_ols_av,pass,0.0098,0.0
selected_ols_av,pass,-0.3554,4.0
selected_ols_av,pass,1.266,8.0
selected_ols_av,pass,2.1805,8.0
selected_ols_av,pass,1.266,7.0
selected_ols_av,pass,-1.2699,4.0
selected_ols_av,pass,0.0098,0.0
selected_ols_av,pass,1.7232,8.0
selected_ols_av,pass,0.5591,3.0
selected_ols_av,pass,-0.6641,4.0
selected_ols_av,pass,1.266,6.0
selected_ols_av,pass,0.5591,2.0
selected_ols_av,pass,-0.8126,7.0
selected_ols_av,pass,-0.9047,6.0
selected_ols_av,pass,0.1019,3.0
selected_ols_av,pass,1.7232,6.0
selected_ols_av,pass,-0.9047,6.0
selected_ols_av,pass,0.0098,0.0
selected_ols_av,pass,-0.6641,2.0
selected_ols_av,pass,-0.8126,5.0
selected_ols_av,pass,-0.6641,5.0
selected_ols_av,pass,-0.8126,0.0
selected_ols_av,pass,-0.8126,0.0
selected_ols_av,pass,0.8087,7.0
selected_ols_av,pass,-2.7427,2.0
selected_ols_av,pass,0.0098,4.0
selected_ols_av,pass,0.1019,4.0
selected_ols_av,pass,-2.2855,2.0
selected_ols_av,pass,0.8087,7.0
selected_ols_av,pass,-0.3554,1.0
selected_ols_av,pass,-0.6641,3.0
selected_ols_av,pass,-0.8126,1.0
selected_ols_av,pass,0.8087,6.0
selected_ols_av,pass,-0.2069,0.0
selected_ols_av,pass,-1.1543,2.0
selected_ols_av,pass,-0.2069,0.0
selected_ols_av,pass,-0.8126,6.0
selected_ols_av,pass,0.8087,8.0
selected_ols_av,pass,0.1019,0.0
selected_ols_av,pass,-1.1543,3.0
selected_ols_av,pass,-1.1214,5.0
selected_ols_av,pass,0.1019,2.0
selected_ols_av,pass,0.9243,0.0
selected_ols_av,pass,0.0098,2.0
selected_ols_av,pass,-0.2069,2.0
selected_ols_av,pass,-1.6116,2.0
selected_ols_av,pass,0.3515,5.0
selected_ols_av,pass,-1.1214,0.0
selected_ols_av,pass,-1.371,2.0
selected_ols_av,pass,-2.0688,3.0
selected_ols_av,pass,-0.9047,6.0
selected_ols_av,pass,-1.371,3.0
selected_ols_av,pass,-0.8126,2.0
selected_ols_av,pass,-3.2,2.0
selected_ols_av,pass,-0.4475,0.0
selected_ols_av,pass,0.1019,0.0
selected_ols_av,pass,0.0098,7.0
selected_ols_av,pass,0.8087,7.0
selected_ols_av,pass,-2.2855,6.0
selected_ols_av,pass,0.0098,0.0
selected_ols_av,pass,-0.3554,0.0
selected_ols_av,pass,-0.6641,4.0
selected_ols_av,pass,0.1019,5.0
selected_ols_av,pass,0.5591,8.0
selected_ols_av,pass,-1.371,3.0
selected_ols_av,pass,-1.5786,0.0
selected_ols_av,pass,0.0098,5.0
selected_ols_av,pass,0.0098,0.0
selected_ols_av,pass,0.8087,7.0
selected_ols_av,pass,0.5591,0.0
selected_ols_av,pass,-1.1214,0.0
selected_ols_av,pass,-2.0688,2.0
selected_ols_av,pass,-1.5786,0.0
selected_ols_av,pass,-0.3554,0.0
selected_ols_av,pass,-0.4475,8.0
selected_ols_av,pass,0.1019,3.0
selected_ols_av,pass,-0.3554,3.0
selected_ols_av,pass,-1.1214,3.0
selected_ols_av,pass,-2.0688,1.0
selected_ols_av,pass,-2.7427,3.0
selected_ols_av,pass,-0.9047,2.0
selected_ols_av,pass,-2.2855,1.0
selected_ols_av,pass,-0.2069,6.0
selected_ols_av,pass,-1.8282,4.0
selected_ols_av,pass,-0.8126,6.0
selected_ols_av,pass,-1.1214,0.0
selected_ols_av,pass,-0.3554,0.0
selected_ols_av,pass,0.1019,0.0
selected_ols_av,pass,0.1019,8.0
selected_ols_av,pass,-1.1214,0.0
selected_ols_av,pass,-0.3554,4.0
selected_ols_av,pass,0.1019,0.0
selected_ols_av,pass,-0.6641,1.0
selected_ols_av,pass,-2.0688,3.0
selected_ols_av,pass,0.1019,4.0
selected_ols_av,pass,-0.8126,7.0
selected_ols_av,pass,-1.1214,0.0
selected_ols_av,pass,0.1019,5.0
selected_ols_av,pass,1.7232,7.0
selected_ols_av,pass,0.8087,4.0
selected_ols_av,pass,0.8087,8.0
selected_ols_av,pass,-0.4475,0.0
selected_ols_av,pass,-0.6641,0.0
selected_ols_av,pass,-0.2069,4.0
selected_ols_av,pass,-0.4475,0.0
selected_ols_av,pass,-2.5261,4.0
selected_ols_av,pass,-1.371,3.0
selected_ols_av,pass,-0.3554,4.0
selected_ols_av,pass,0.0098,0.0
selected_ols_av,pass,1.266,6.0
selected_ols_av,pass,-0.3554,6.0
selected_ols_av,pass,-2.0688,5.0
selected_ols_av,pass,1.7232,8.0
selected_ols_av,pass,0.1019,9.0
selected_ols_av,pass,-2.0688,1.0
selected_ols_av,pass,-0.2069,2.0
selected_ols_av,pass,2.6377,9.0
selected_ols_av,pass,1.266,8.0
selected_ols_av,pass,-0.6641,1.0
selected_ols_av,pass,-1.1214,4.0
selected_ols_av,pass,-0.6641,2.0
selected_ols_av,pass,1.7232,3.0
selected_ols_av,pass,-0.4475,0.0
selected_ols_av,pass,0.8087,4.0
selected_ols_av,pass,0.2504,0.0
selected_ols_av,pass,-0.8126,6.0
selected_ols_av,pass,0.0098,0.0
selected_ols_av,pass,0.3515,7.0
selected_ols_av,pass,-0.3554,0.0
selected_ols_av,pass,-2.7427,3.0
selected_ols_av,pass,-0.2069,0.0
selected_ols_av,pass,1.266,5.0
selected_ols_av,pass,-0.8126,0.0
selected_ols_av,pass,0.8087,6.0
selected_ols_av,pass,-2.2855,5.0
selected_ols_av,pass,-1.1214,4.0
selected_ols_av,pass,-0.2069,0.0
selected_ols_av,pass,-3.2,5.0
selected_ols_av,pass,-0.6971,2.0
selected_ols_av,pass,-0.8126,1.0
selected_ols_av,pass,1.7232,9.0
selected_ols_av,pass,-1.1214,3.0
selected_ols_av,pass,-0.3554,0.0
selected_ols_av,pass,-0.4475,0.0
selected_ols_av,pass,-0.2069,0.0
selected_ols_av,pass,-0.4475,4.0
selected_ols_av,pass,-0.6641,0.0
selected_ols_av,pass,-0.2069,1.0
selected_ols_av,pass,-0.2069,4.0
selected_ols_av,pass,-0.2069,4.0
selected_ols_av,pass,-0.3554,0.0
selected_ols_av,pass,-0.3554,0.0
selected_ols_av,pass,-1.5786,0.0
selected_ols_av,pass,-0.8126,3.0
selected_ols_av,pass,-2.7427,3.0
selected_ols_av,pass,-0.3554,5.0
selected_ols_av,pass,-1.6116,5.0
selected_ols_av,pass,-0.3554,2.0
selected_ols_av,pass,-0.2069,0.0
selected_ols_av,pass,1.266,7.0
selected_ols_av,pass,-1.1214,0.0
selected_ols_av,pass,-0.3554,5.0
selected_ols_av,pass,-1.1214,3.0
selected_ols_av,pass,0.0098,3.0
selected_ols_av,pass,-0.3554,4.0
selected_ols_av,pass,0.0098,4.0
selected_ols_av,pass,-0.6641,0.0
selected_ols_av,pass,-2.2855,3.0
selected_ols_av,pass,-2.7427,4.0
selected_ols_av,pass,-0.8126,3.0
selected_ols_av,pass,0.467,1.0
selected_ols_av,pass,0.2504,0.0
selected_ols_av,pass,0.1019,6.0
selected_ols_av,pass,0.8087,4.0
selected_ols_av,pass,-1.1214,0.0
selected_ols_av,pass,0.0098,0.0
selected_ols_av,pass,-0.6641,0.0
selected_ols_av,pass,-2.7427,1.0
selected_ols_av,pass,0.1019,0.0
selected_ols_av,pass,1.266,6.0
selected_ols_av,pass,0.467,0.0
selected_ols_av,pass,0.8087,8.0
selected_ols_av,pass,-1.8282,2.0
selected_ols_av,pass,1.266,5.0
selected_ols_av,pass,-0.2069,3.0
selected_ols_av,pass,-0.6641,0.0
selected_ols_av,pass,-0.6641,0.0
selected_ols_av,pass,-0.6641,5.0
selected_ols_av,pass,-0.8126,7.0
selected_ols_av,pass,-0.2069,0.0
selected_ols_av,pass,0.1019,6.0
selected_ols_av,pass,-0.3554,7.0
selected_ols_av,pass,-1.2699,4.0
selected_ols_av,pass,-1.1214,0.0
selected_ols_av,pass,-2.2855,5.0
selected_ols_av,pass,-0.6641,0.0
selected_ols_av,pass,-0.6641,5.0
selected_ols_av,pass,-0.4475,0.0
selected_ols_av,pass,0.1019,4.0
selected_ols_av,pass,-2.2855,3.0
selected_ols_av,pass,-0.9047,5.0
selected_ols_av,pass,-0.6641,0.0
selected_ols_av,pass,-0.2069,3.0
selected_ols_av,pass,-0.3554,3.0
selected_ols_av,pass,0.467,2.0
selected_ols_av,pass,1.266,9.0
selected_ols_av,pass,0.1019,3.0
selected_ols_av,pass,1.266,8.0
selected_ols_av,pass,-2.7427,5.0
selected_ols_av,pass,-0.6641,6.0
selected_ols_av,pass,-0.3554,0.0
selected_ols_av,pass,-0.6641,5.0
selected_ols_av,pass,0.7076,0.0
selected_ols_av,pass,-0.3554,4.0
selected_ols_av,pass,0.467,0.0
selected_ols_av,pass,2.1805,8.0
selected_ols_av,pass,-0.3554,2.0
selected_ols_av,pass,0.0098,7.0
selected_ols_av,pass,-2.0688,1.0
selected_ols_av,pass,0.0098,7.0
selected_ols_av,pass,-0.6641,0.0
selected_ols_av,pass,-0.3554,6.0
selected_ols_av,pass,-0.4475,2.0
selected_ols_av,pass,-0.8126,2.0
selected_ols_av,pass,-1.8282,2.0
selected_ols_av,pass,-0.4475,0.0
selected_ols_av,pass,-1.2699,4.0
selected_ols_av,pass,-0.6641,0.0
selected_ols_av,pass,-0.6971,4.0
selected_ols_av,pass,-0.3554,3.0
selected_ols_av,pass,-0.4475,6.0
selected_ols_av,pass,-0.8126,4.0
selected_ols_av,pass,-1.2699,7.0
selected_ols_av,pass,0.467,5.0
selected_ols_av,pass,-2.0688,3.0
selected_ols_av,pass,-1.6116,5.0
selected_ols_av,pass,-0.8126,7.0
selected_ols_av,pass,-1.8282,2.0
selected_ols_av,pass,-2.7427,4.0
selected_ols_av,pass,-2.2855,4.0
selected_ols_av,pass,-1.5786,0.0
selected_ols_av,pass,-0.4475,6.0
selected_ols_av,pass,0.8087,7.0
selected_ols_av,pass,-0.6641,4.0
selected_ols_av,pass,0.467,5.0
selected_ols_av,pass,-2.0688,3.0
selected_ols_av,pass,-1.2699,0.0
selected_ols_av,pass,-0.3554,5.0
selected_ols_av,pass,-1.1543,2.0
selected_ols_av,pass,-0.6641,4.0
selected_ols_av,pass,-0.6641,0.0
selected_ols_av,pass,-0.4475,4.0
selected_ols_av,pass,-2.0688,6.0
selected_ols_av,pass,-0.2069,3.0
selected_ols_av,pass,-2.0688,4.0
selected_ols_av,pass,-2.7427,2.0
selected_ols_av,pass,0.1019,5.0
selected_ols_av,pass,-1.2699,6.0
selected_ols_av,pass,-1.1214,0.0
selected_ols_av,pass,-2.0688,2.0
selected_ols_av,pass,-3.2,3.0
selected_ols_av,pass,0.0098,0.0
selected_ols_av,pass,0.8087,6.0
selected_ols_av,pass,-1.5786,2.0
selected_ols_av,pass,0.467,3.0
selected_ols_av,pass,-0.6641,0.0
selected_ols_av,pass,-0.3554,8.0
selected_ols_av,pass,1.266,8.0
selected_ols_av,pass,-0.3554,0.0
selected_ols_av,pass,-1.1214,3.0
selected_ols_av,pass,0.8087,5.0
selected_ols_av,pass,-0.3554,3.0
selected_ols_av,pass,-0.8126,5.0
selected_ols_av,pass,-0.4475,7.0
selected_ols_av,pass,-2.7427,3.0
selected_ols_av,pass,-1.1214,0.0
selected_ols_av,pass,-1.1214,5.0
selected_ols_av,pass,-0.6641,0.0
selected_ols_av,pass,-2.7427,3.0
selected_ols_av,pass,-0.2069,4.0
selected_ols_av,pass,-0.9047,0.0
selected_ols_av,pass,-0.2069,0.0
selected_ols_av,pass,1.266,7.0
selected_ols_av,pass,-0.8126,2.0
selected_ols_av,pass,-2.0688,0.0
selected_ols_av,pass,1.266,7.0
selected_ols_av,pass,0.0098,4.0
selected_ols_av,pass,-0.8126,4.0
selected_ols_av,pass,-2.2855,3.0
selected_ols_av,pass,-0.4475,4.0
selected_ols_av,pass,-0.8126,1.0
selected_ols_av,pass,-2.0688,5.0
selected_ols_av,pass,-0.8126,1.0
selected_ols_av,pass,-0.3554,0.0
selected_ols_av,pass,-0.8126,0.0
selected_ols_av,pass,-0.6641,0.0
selected_ols_av,pass,-1.8282,1.0
selected_ols_av,pass,0.2504,0.0
selected_ols_av,pass,-1.1214,1.0
selected_ols_av,pass,-1.371,2.0
selected_ols_av,pass,-0.8126,0.0
selected_ols_av,pass,-0.3554,7.0
selected_ols_av,pass,-0.4475,0.0
selected_ols_av,pass,-0.6641,0.0
selected_ols_av,pass,-1.6116,4.0
selected_ols_av,pass,0.0098,0.0
selected_ols_av,pass,-1.8282,3.0
selected_ols_av,pass,0.467,4.0
selected_ols_av,pass,-0.3554,8.0
selected_ols_av,pass,0.0098,0.0
selected_ols_av,pass,1.266,9.0
selected_ols_av,pass,0.5591,0.0
selected_ols_av,pass,1.266,6.0
selected_ols_av,pass,0.9243,1.0
selected_ols_av,pass,0.0098,0.0
selected_ols_av,pass,-0.2069,0.0
selected_ols_av,pass,0.8087,4.0
selected_ols_av,pass,-0.3554,5.0
selected_ols_av,pass,-1.6116,4.0
selected_ols_av,pass,-0.8126,0.0
selected_ols_av,pass,0.0098,8.0
selected_ols_av,pass,-1.2699,8.0
selected_ols_av,pass,0.2504,0.0
selected_ols_av,pass,0.1019,2.0
selected_ols_av,pass,-0.8126,5.0
selected_ols_av,pass,-1.1214,3.0
selected_ols_av,pass,-0.8126,2.0
selected_ols_av,pass,-2.7427,3.0
selected_ols_av,pass,1.7232,8.0
selected_ols_av,pass,-1.6116,6.0
selected_ols_av,pass,-2.2855,4.0
selected_ols_av,pass,1.266,7.0
selected_ols_av,pass,0.2504,5.0
selected_ols_av,pass,-2.7427,3.0
selected_ols_av,pass,-1.5786,0.0
selected_ols_av,pass,-1.1543,4.0
selected_ols_av,pass,-0.4475,5.0
selected_ols_av,pass,0.1019,0.0
selected_ols_av,pass,-0.2069,0.0
selected_ols_av,pass,0.5591,3.0
selected_ols_av,pass,-2.2855,3.0
selected_ols_av,pass,-0.8126,0.0
selected_ols_av,pass,-0.3554,4.0
selected_ols_av,pass,-1.8282,3.0
selected_ols_av,pass,-1.5786,0.0
selected_ols_av,pass,-0.6971,2.0
selected_ols_av,pass,1.7232,4.0
selected_ols_av,pass,-0.2069,2.0
selected_ols_av,pass,0.0098,9.0
selected_ols_av,pass,-0.9047,0.0
selected_ols_av,pass,1.7232,5.0
selected_ols_av,pass,-0.3554,0.0
selected_ols_av,pass,0.0098,0.0
selected_ols_av,pass,-0.2069,3.0
selected_ols_av,pass,-2.7427,2.0
selected_ols_av,pass,-2.2855,2.0
selected_ols_av,pass,0.0098,0.0
selected_ols_av,pass,-0.3554,3.0
selected_ols_av,pass,0.9243,2.0
selected_ols_av,pass,-1.1214,0.0
selected_ols_av,pass,0.8087,6.0
selected_ols_av,pass,0.2504,0.0
selected_ols_av,pass,-1.2699,1.0
selected_ols_av,pass,-1.2699,2.0
selected_ols_av,pass,-2.2855,4.0
selected_ols_av,pass,-0.3554,0.0
selected_ols_av,pass,-0.4475,8.0
selected_ols_av,pass,-0.2069,0.0
selected_ols_av,pass,-0.2069,4.0
selected_ols_av,pass,0.0098,6.0
selected_ols_av,pass,0.9243,8.0
selected_ols_av,pass,0.2504,0.0
selected_ols_av,pass,-1.2699,0.0
selected_ols_av,pass,-1.1214,1.0
selected_ols_av,pass,-0.2069,1.0
selected_ols_av,pass,-0.6641,2.0
selected_ols_av,pass,0.5591,6.0
selected_ols_av,pass,-0.3554,2.0
selected_ols_av,pass,0.467,0.0
selected_ols_av,pass,-0.6641,0.0
selected_ols_av,pass,-1.6116,3.0
selected_ols_av,pass,-0.8126,6.0
selected_ols_av,pass,-1.6116,5.0
selected_ols_av,pass,0.0098,3.0
selected_ols_av,pass,-0.8126,3.0
selected_ols_av,pass,-1.2699,4.0
selected_ols_av,pass,0.8087,7.0
selected_ols_av,pass,1.266,6.0
selected_ols_av,pass,-0.3554,0.0
selected_ols_av,pass,-0.3554,4.0
selected_ols_av,pass,-0.3554,4.0
selected_ols_av,pass,-0.3554,4.0
selected_ols_av,pass,-1.8282,2.0
selected_ols_av,pass,0.1019,4.0
selected_ols_av,pass,-0.6641,0.0
selected_ols_av,pass,-0.3554,7.0
selected_ols_av,pass,-1.6116,2.0
selected_ols_av,pass,-1.1214,3.0
selected_ols_av,pass,0.1019,5.0
selected_ols_av,pass,0.1019,6.0
selected_ols_av,pass,1.266,8.0
selected_ols_av,pass,0.0098,3.0
selected_ols_av,pass,0.8087,6.0
selected_ols_av,pass,-2.7427,2.0
selected_ols_av,pass,-0.3554,0.0
selected_ols_av,pass,-2.2855,1.0
selected_ols_av,pass,-0.3554,2.0
selected_ols_av,pass,0.0098,7.0
selected_ols_av,pass,-2.7427,4.0
selected_ols_av,pass,-0.4475,5.0
selected_ols_av,pass,1.0163,3.0
selected_ols_av,pass,-2.2855,3.0
selected_ols_av,pass,-0.8126,3.0
selected_ols_av,pass,-0.6641,1.0
selected_ols_av,pass,-3.2,3.0
selected_ols_av,pass,-2.7427,3.0
selected_ols_av,pass,-0.4475,8.0
selected_ols_av,pass,-0.6641,4.0
selected_ols_av,pass,-0.8126,9.0
selected_ols_av,pass,-1.8282,3.0
selected_ols_av,pass,-1.1214,0.0
selected_ols_av,pass,0.2504,0.0
selected_ols_av,pass,-1.5786,0.0
selected_ols_av,pass,-0.6641,4.0
selected_ols_av,pass,0.0098,0.0
selected_ols_av,pass,-2.7427,2.0
selected_ols_av,pass,-2.2855,5.0
selected_ols_av,pass,-1.1543,5.0
selected_ols_av,pass,0.3515,7.0
selected_ols_av,pass,0.467,0.0
selected_ols_av,pass,-0.8126,3.0
selected_ols_av,pass,1.266,4.0
selected_ols_av,pass,1.7232,7.0
selected_ols_av,pass,-0.8126,6.0
selected_ols_av,pass,-0.3554,1.0
selected_ols_av,pass,1.266,5.0
selected_ols_av,pass,-0.3554,3.0
selected_ols_av,pass,-0.6641,0.0
selected_ols_av,pass,1.266,9.0
selected_ols_av,pass,-0.3554,0.0
selected_ols_av,pass,-0.3554,0.0
selected_ols_av,pass,0.3515,7.0
selected_ols_av,pass,0.1019,0.0
selected_ols_av,pass,-0.9047,3.0
selected_ols_av,pass,-0.6641,5.0
selected_ols_av,pass,-2.7427,6.0
selected_ols_av,pass,-1.6116,4.0
selected_ols_av,pass,-1.2699,7.0
selected_ols_av,pass,0.8087,9.0
selected_ols_av,pass,0.8087,6.0
selected_ols_av,pass,0.0098,0.0
selected_ols_av,pass,-0.4475,0.0
selected_ols_av,pass,-0.6641,7.0
selected_ols_av,pass,-0.8126,4.0
selected_ols_av,pass,-0.3554,5.0
selected_ols_av,pass,-0.8126,2.0
selected_ols_av,pass,-0.8126,1.0
selected_ols_av,pass,1.266,6.0
selected_ols_av,pass,-1.1214,3.0
selected_ols_av,pass,-0.4475,0.0
selected_ols_av,pass,-1.1214,5.0
selected_ols_av,pass,0.2504,4.0
selected_ols_av,pass,-0.2069,0.0
selected_ols_av,pass,-0.2069,6.0
selected_ols_av,pass,0.1019,3.0
selected_ols_av,pass,-0.4475,6.0
selected_ols_av,pass,0.1019,2.0
selected_ols_av,pass,0.467,5.0
selected_ols_av,pass,0.0098,4.0
selected_ols_av,pass,-0.4475,6.0
selected_ols_av,pass,-2.7427,5.0
selected_ols_av,pass,-0.8126,3.0
selected_ols_av,pass,-0.6641,0.0
selected_ols_av,pass,-0.6641,0.0
selected_ols_av,pass,0.1019,6.0
selected_ols_av,pass,-2.0688,2.0
selected_ols_av,pass,-2.2855,0.0
selected_ols_av,pass,0.0098,2.0
selected_ols_av,pass,-1.8282,4.0
selected_ols_av,pass,1.3815,0.0
selected_ols_av,pass,0.9243,4.0
selected_ols_av,pass,1.266,7.0
selected_ols_av,pass,-1.1214,1.0
selected_ols_av,pass,-2.0688,4.0
selected_ols_av,pass,-0.8126,3.0
selected_ols_av,pass,-0.3554,0.0
selected_ols_av,pass,-0.6641,2.0
selected_ols_av,pass,0.7076,4.0
selected_ols_av,pass,-1.6116,4.0
selected_ols_av,pass,-0.8126,0.0
selected_ols_av,pass,-0.8126,3.0
selected_ols_av,pass,1.266,7.0
selected_ols_av,pass,-0.6641,4.0
selected_ols_av,pass,0.8087,6.0
selected_ols_av,pass,0.0098,0.0
selected_ols_av,pass,-0.6641,0.0
selected_ols_av,pass,0.467,2.0
selected_ols_av,pass,0.2504,3.0
selected_ols_av,pass,-2.7427,4.0
selected_ols_av,pass,-2.7427,3.0
selected_ols_av,pass,-0.6641,0.0
selected_ols_av,pass,-0.3554,4.0
selected_ols_av,pass,0.8087,7.0
selected_ols_av,pass,-0.8126,4.0
selected_ols_av,pass,-1.5786,5.0
selected_ols_av,pass,-1.1214,3.0
selected_ols_av,pass,-1.1214,0.0
selected_ols_av,pass,-0.4475,0.0
selected_ols_av,pass,-0.4475,0.0
selected_ols_av,pass,0.8087,6.0
selected_ols_av,pass,-3.2,2.0
selected_ols_av,pass,-0.4475,0.0
selected_ols_av,pass,0.8087,7.0
selected_ols_av,pass,-1.2699,3.0
selected_ols_av,pass,-0.3554,8.0
selected_ols_av,pass,0.0098,5.0
selected_ols_av,pass,-2.5261,1.0
selected_ols_av,pass,-0.6641,0.0
selected_ols_av,pass,-2.2855,1.0
selected_ols_av,pass,0.0098,6.0
selected_ols_av,pass,-0.6641,5.0
selected_ols_av,pass,-1.8282,4.0
selected_ols_av,pass,-1.5786,0.0
selected_ols_av,pass,-0.6641,0.0
selected_ols_av,pass,-2.7427,5.0
selected_ols_av,pass,-0.4475,7.0
selected_ols_av,pass,-2.0688,2.0
selected_ols_av,pass,0.3515,4.0
selected_ols_av,pass,2.1805,8.0
selected_ols_av,pass,-0.3554,4.0
selected_ols_av,pass,-0.3554,7.0
selected_ols_av,pass,-2.2855,3.0
selected_ols_av,pass,-0.3554,9.0
selected_ols_av,pass,0.1019,5.0
selected_ols_av,pass,-0.3554,8.0
selected_ols_av,pass,-0.3554,8.0
selected_ols_av,pass,0.8087,6.0
selected_ols_av,pass,0.1019,0.0
selected_ols_av,pass,-0.3554,0.0
selected_ols_av,pass,1.3815,8.0
selected_ols_av,pass,-2.0688,2.0
selected_ols_av,pass,-2.0688,3.0
selected_ols_av,pass,1.266,6.0
selected_ols_av,pass,-1.371,4.0
selected_ols_av,pass,-1.6116,4.0
selected_ols_av,pass,-1.6116,5.0
selected_ols_av,pass,-0.4475,0.0
selected_ols_av,pass,-1.2699,2.0
selected_ols_av,pass,0.467,0.0
selected_ols_av,pass,0.0098,7.0
selected_ols_av,pass,-0.2069,0.0
selected_ols_av,pass,-1.1214,3.0
selected_ols_av,pass,-0.3554,3.0
selected_ols_av,pass,-2.7427,2.0
selected_ols_av,pass,0.7076,0.0
selected_ols_av,pass,-1.1543,4.0
selected_ols_av,pass,-1.6116,2.0
selected_ols_av,pass,0.1019,0.0
selected_ols_av,pass,-0.3554,7.0
selected_ols_av,pass,-0.6641,4.0
selected_ols_av,pass,0.8087,4.0
selected_ols_av,pass,0.0098,9.0
selected_ols_av,pass,2.1805,7.0
selected_ols_av,pass,0.0098,7.0
selected_ols_av,pass,0.1019,8.0
selected_ols_av,pass,0.0098,0.0
selected_ols_av,pass,-2.2855,0.0
selected_ols_av,pass,0.1019,7.0
selected_ols_av,pass,-0.6641,4.0
selected_ols_av,pass,0.8087,8.0
selected_ols_av,pass,0.0098,5.0
selected_ols_av,pass,-1.1214,0.0
selected_ols_av,pass,0.2504,0.0
selected_ols_av,pass,-0.6641,0.0
selected_ols_av,pass,-0.4475,5.0
selected_ols_av,pass,0.1019,3.0
selected_ols_av,pass,1.7232,8.0
selected_ols_av,pass,-0.2069,5.0
selected_ols_av,pass,-0.6641,3.0
selected_ols_av,pass,1.3815,0.0
selected_ols_av,pass,-2.2855,2.0
selected_ols_av,pass,-2.7427,5.0
selected_ols_av,pass,-1.1214,7.0
selected_ols_av,pass,-0.9047,3.0
selected_ols_av,pass,-1.1214,0.0
selected_ols_av,pass,0.1019,0.0
selected_ols_av,pass,0.1019,5.0
selected_ols_av,pass,-0.6641,0.0
selected_ols_av,pass,-0.3554,0.0
selected_ols_av,pass,0.3515,9.0
selected_ols_av,pass,1.266,2.0
selected_ols_av,pass,-2.2855,1.0
selected_ols_av,pass,1.266,9.0
selected_ols_av,pass,-0.6641,0.0
selected_ols_av,pass,-2.0688,3.0
selected_ols_av,pass,-0.8126,0.0
selected_ols_av,pass,-0.3554,7.0
selected_ols_av,pass,-0.6641,0.0
selected_ols_av,pass,0.1019,5.0
selected_ols_av,pass,-0.3554,4.0
selected_ols_av,pass,-0.6641,0.0
selected_ols_av,pass,-1.6116,5.0
selected_ols_av,pass,-0.8126,4.0
selected_ols_av,pass,-0.8126,5.0
selected_ols_av,pass,-0.3554,0.0
selected_ols_av,pass,0.467,0.0
selected_ols_av,pass,0.8087,6.0
selected_ols_av,pass,-2.0688,2.0
selected_ols_av,pass,1.7232,6.0
selected_ols_av,pass,-0.6641,0.0
selected_ols_av,pass,-2.7427,1.0
selected_ols_av,pass,-2.5261,2.0
selected_ols_av,pass,-1.1214,0.0
selected_ols_av,pass,0.8087,5.0
selected_ols_av,pass,1.7232,5.0
selected_ols_av,pass,0.2504,0.0
selected_ols_av,pass,0.1019,3.0
selected_ols_av,pass,0.2504,0.0
selected_ols_av,pass,0.5591,7.0
selected_ols_av,pass,-2.0688,3.0
selected_ols_av,pass,-0.3554,4.0
selected_ols_av,pass,-0.9047,4.0
selected_ols_av,pass,-0.6641,0.0
selected_ols_av,pass,0.2504,0.0
selected_ols_av,pass,0.1019,5.0
selected_ols_av,pass,-0.8126,3.0
selected_ols_av,pass,-2.0688,3.0
selected_ols_av,pass,-2.7427,5.0
selected_ols_av,pass,0.3515,3.0
selected_ols_av,pass,-0.3554,3.0
selected_ols_av,pass,-0.2069,5.0
selected_ols_av,pass,-1.6116,4.0
selected_ols_av,pass,-1.1214,3.0
selected_ols_av,pass,0.467,0.0
selected_ols_av,pass,-3.2,3.0
selected_ols_av,pass,1.3815,4.0
selected_ols_av,pass,0.1019,5.0
selected_ols_av,pass,-0.4475,0.0
selected_ols_av,pass,-1.6116,5.0
selected_ols_av,pass,0.8087,7.0
selected_ols_av,pass,-0.6641,5.0
selected_ols_av,pass,1.7232,6.0
selected_ols_av,pass,-0.6641,0.0
selected_ols_av,pass,-1.8282,2.0
selected_ols_av,pass,-2.7427,3.0
selected_ols_av,pass,1.7232,8.0
selected_ols_av,pass,-0.3554,2.0
selected_ols_av,pass,-0.6641,0.0
selected_ols_av,pass,-2.7427,4.0
selected_ols_av,pass,-0.3554,0.0
selected_ols_av,pass,-1.8282,9.0
selected_ols_av,pass,-0.6641,2.0
selected_ols_av,pass,-0.3554,0.0
selected_ols_av,pass,-1.8282,3.0
selected_ols_av,pass,-2.2855,1.0
selected_ols_av,pass,0.0098,4.0
selected_ols_av,pass,0.0098,0.0
selected_ols_av,pass,-1.1214,0.0
selected_ols_av,pass,0.1019,5.0
selected_ols_av,pass,-2.0688,6.0
selected_ols_av,pass,1.266,7.0
selected_ols_av,pass,-2.0688,4.0
selected_ols_av,pass,-0.4475,0.0
selected_ols_av,pass,0.5591,0.0
selected_ols_av,pass,-2.0688,2.0
selected_ols_av,pass,-0.6641,0.0
selected_ols_av,pass,-0.2069,0.0
selected_ols_av,pass,0.2504,2.0
selected_ols_av,pass,0.1019,4.0
selected_ols_av,pass,-0.6641,4.0
selected_ols_av,pass,1.7232,10.0
selected_ols_av,pass,-0.4475,0.0
selected_ols_av,pass,1.266,10.0
selected_ols_av,pass,-0.3554,7.0
selected_ols_av,pass,-0.2069,0.0
selected_ols_av,pass,0.3515,5.0
selected_ols_av,pass,-0.6641,0.0
selected_ols_av,pass,-0.3554,4.0
selected_ols_av,pass,-0.8126,5.0
selected_ols_av,pass,-0.2069,4.0
selected_ols_av,pass,-0.4475,0.0
selected_ols_av,pass,-1.1214,0.0
selected_ols_av,pass,-0.3554,0.0
selected_ols_av,pass,-1.1214,0.0
selected_ols_av,pass,0.1019,4.0
selected_ols_av,pass,-1.8282,2.0
selected_ols_av,pass,-0.3554,9.0
selected_ols_av,pass,1.266,6.0
selected_ols_av,pass,0.467,0.0
selected_ols_av,pass,-1.2699,8.0
selected_ols_av,pass,1.266,7.0
selected_ols_av,pass,-1.8282,3.0
selected_ols_av,pass,-2.0688,2.0
selected_ols_av,pass,-0.2069,3.0
selected_ols_av,pass,-1.1214,0.0
selected_ols_av,pass,-0.3554,2.0
selected_ols_av,pass,-0.8126,5.0
selected_ols_av,pass,-2.0688,3.0
selected_ols_av,pass,1.7232,9.0
selected_ols_av,pass,-0.6641,3.0
selected_ols_av,pass,-1.8282,4.0
selected_ols_av,pass,-0.9047,0.0
selected_ols_av,pass,0.467,0.0
selected_ols_av,pass,1.266,6.0
selected_ols_av,pass,-2.2855,5.0
selected_ols_av,pass,-1.6116,2.0
selected_ols_av,pass,-0.8126,5.0
selected_ols_av,pass,0.1019,0.0
selected_ols_av,pass,-0.3554,8.0
selected_ols_av,pass,-0.2069,0.0
selected_ols_av,pass,-0.6641,4.0
selected_ols_av,pass,0.3515,5.0
selected_ols_av,pass,-1.371,5.0
selected_ols_av,pass,-2.7427,3.0
selected_ols_av,pass,0.2504,6.0
selected_ols_av,pass,-0.2069,4.0
selected_ols_av,pass,-1.1214,2.0
selected_ols_av,pass,0.2504,0.0
selected_ols_av,pass,1.7232,4.0
selected_ols_av,pass,1.266,6.0
selected_ols_av,pass,0.8087,7.0
selected_ols_av,pass,-1.8282,5.0
selected_ols_av,pass,1.266,10.0
selected_ols_av,pass,-0.4475,2.0
selected_ols_av,pass,0.9243,7.0
selected_ols_av,pass,-0.2069,5.0
selected_ols_av,pass,0.0098,0.0
selected_ols_av,pass,1.266,8.0
selected_ols_av,pass,-0.3554,3.0
selected_ols_av,pass,-0.4475,7.0
selected_ols_av,pass,-1.1214,5.0
selected_ols_av,pass,-0.8126,0.0
selected_ols_av,pass,0.0098,8.0
selected_ols_av,pass,0.8087,7.0
selected_ols_av,pass,-0.6641,4.0
selected_ols_av,pass,-0.3554,3.0
selected_ols_av,pass,0.467,0.0
selected_ols_av,pass,-0.6641,0.0
selected_ols_av,pass,-2.2855,3.0
selected_ols_av,pass,-0.8126,0.0
selected_ols_av,pass,-1.1543,3.0
selected_ols_av,pass,1.266,6.0
selected_ols_av,pass,0.1019,7.0
selected_ols_av,pass,-0.3554,7.0
selected_ols_av,pass,-1.2699,10.0
selected_ols_av,pass,-0.3554,8.0
selected_ols_av,pass,-2.7427,6.0
selected_ols_av,pass,-2.2855,3.0
selected_ols_av,pass,0.8087,8.0
selected_ols_av,pass,-0.4475,5.0
selected_ols_av,pass,-0.2069,0.0
selected_ols_av,pass,-0.3554,0.0
selected_ols_av,pass,-0.8126,1.0
selected_ols_av,pass,-1.8282,5.0
selected_ols_av,pass,0.8087,4.0
selected_ols_av,pass,-0.6641,1.0
selected_ols_av,pass,-1.6116,4.0
selected_ols_av,pass,-1.1214,0.0
selected_ols_av,pass,-0.6641,0.0
selected_ols_av,pass,-0.2069,4.0
selected_ols_av,pass,-2.0688,5.0
selected_ols_av,pass,0.1019,2.0
selected_ols_av,pass,0.3515,7.0
selected_ols_av,pass,1.7232,3.0
selected_ols_av,pass,-0.6971,3.0
selected_ols_av,pass,-2.7427,4.0
selected_ols_av,pass,1.3815,0.0
selected_ols_av,pass,0.467,0.0
selected_ols_av,pass,0.1019,6.0
selected_ols_av,pass,-0.3554,4.0
selected_ols_av,pass,-0.4475,0.0
selected_ols_av,pass,0.2504,0.0
selected_ols_av,pass,1.7232,8.0
selected_ols_av,pass,0.0098,1.0
selected_ols_av,pass,-0.8126,4.0
selected_ols_av,pass,1.7232,7.0
selected_ols_av,pass,-1.1543,4.0
selected_ols_av,pass,0.0098,0.0
selected_ols_av,pass,-0.2069,2.0
selected_ols_av,pass,-1.2699,7.0
selected_ols_av,pass,0.1019,0.0
selected_ols_av,pass,0.0098,0.0
selected_ols_av,pass,-0.3554,4.0
selected_ols_av,pass,0.1019,0.0
selected_ols_av,pass,0.1019,0.0
selected_ols_av,pass,-0.6641,5.0
selected_ols_av,pass,-0.2069,2.0
selected_ols_av,pass,-0.8126,9.0
selected_ols_av,pass,0.0098,7.0
selected_ols_av,pass,-1.2699,0.0
selected_ols_av,pass,-1.6116,5.0
selected_ols_av,pass,-1.8282,6.0
selected_ols_av,pass,-0.8126,0.0
selected_ols_av,pass,-0.8126,3.0
selected_ols_av,pass,-1.8282,1.0
selected_ols_av,pass,0.9243,0.0
selected_ols_av,pass,-0.2069,2.0
selected_ols_av,pass,-1.6116,2.0
selected_ols_av,pass,0.0098,8.0
selected_ols_av,pass,-0.3554,5.0
selected_ols_av,pass,-0.6641,0.0
selected_ols_av,pass,-0.2069,0.0
selected_ols_av,pass,-0.4475,3.0
selected_ols_av,pass,-2.7427,2.0
selected_ols_av,pass,-0.3554,4.0
selected_ols_av,pass,-0.6641,4.0
selected_ols_av,pass,-0.3554,0.0
selected_ols_av,pass,-3.2,5.0
selected_ols_av,pass,0.5591,0.0
selected_ols_av,pass,1.7232,7.0
selected_ols_av,pass,0.1019,7.0
selected_ols_av,pass,-0.3554,0.0
selected_ols_av,pass,1.7232,6.0
selected_ols_av,pass,-1.8282,5.0
selected_ols_av,pass,1.7232,3.0
selected_ols_av,pass,-0.4475,0.0
selected_ols_av,pass,-1.5786,4.0
selected_ols_av,pass,-0.6641,4.0
selected_ols_av,pass,1.7232,9.0
selected_ols_av,pass,0.2504,3.0
selected_ols_av,pass,1.266,5.0
selected_ols_av,pass,-0.2069,2.0
selected_ols_av,pass,1.0163,4.0
selected_ols_av,pass,-2.2855,4.0
selected_ols_av,pass,0.8087,8.0
selected_ols_av,pass,0.5591,6.0
selected_ols_av,pass,0.8087,3.0
selected_ols_av,pass,0.9243,0.0
selected_ols_av,pass,-2.0688,7.0
selected_ols_av,pass,-0.8126,0.0
selected_ols_av,pass,-0.6641,0.0
selected_ols_av,pass,-0.2069,0.0
selected_ols_av,pass,-0.6971,3.0
selected_ols_av,pass,0.467,5.0
selected_ols_av,pass,-1.5786,5.0
selected_ols_av,pass,-1.1214,2.0
selected_ols_av,pass,-0.6641,0.0
selected_ols_av,pass,0.2504,0.0
selected_ols_av,pass,-1.5786,1.0
selected_ols_av,pass,-0.6641,2.0
selected_ols_av,pass,-2.2855,4.0
selected_ols_av,pass,-0.3554,8.0
selected_ols_av,pass,-2.2855,4.0
selected_ols_av,pass,-1.8282,2.0
selected_ols_av,pass,0.3515,8.0
selected_ols_av,pass,0.467,0.0
selected_ols_av,pass,-1.1214,0.0
selected_ols_av,pass,0.8087,7.0
selected_ols_av,pass,0.0098,0.0
selected_ols_av,pass,-0.2069,4.0
selected_ols_av,pass,-0.3554,1.0
selected_ols_av,pass,-1.1214,0.0
selected_ols_av,pass,-0.6641,0.0
selected_ols_av,pass,0.0098,4.0
selected_ols_av,pass,-0.4475,6.0
selected_ols_av,pass,0.8087,9.0
selected_ols_av,pass,-0.8126,5.0
selected_ols_av,pass,-0.8126,3.0
selected_ols_av,pass,-0.3554,0.0
selected_ols_av,pass,1.266,5.0
selected_ols_av,pass,-0.8126,4.0
selected_ols_av,pass,-0.8126,2.0
selected_ols_av,pass,-1.1214,0.0
selected_ols_av,pass,-0.8126,5.0
selected_ols_av,pass,1.266,5.0
selected_ols_av,pass,-0.3554,4.0
selected_ols_av,pass,-1.5786,4.0
selected_ols_av,pass,-0.6641,0.0
selected_ols_av,pass,1.266,6.0
selected_ols_av,pass,1.7232,10.0
selected_ols_av,pass,-0.2069,6.0
selected_ols_av,pass,-0.6641,4.0
selected_ols_av,pass,0.1019,2.0
selected_ols_av,pass,-1.6116,4.0
selected_ols_av,pass,0.5591,0.0
selected_ols_av,pass,-2.0688,4.0
selected_ols_av,pass,-1.1214,0.0
selected_ols_av,pass,-0.2069,0.0
selected_ols_av,pass,-0.3554,6.0
selected_ols_av,pass,0.467,0.0
selected_ols_av,pass,-1.1214,2.0
selected_ols_av,pass,-1.1214,5.0
selected_ols_av,pass,-0.8126,3.0
selected_ols_av,pass,-1.8282,3.0
selected_ols_av,pass,-2.2855,2.0
selected_ols_av,pass,-1.2699,6.0
selected_ols_av,pass,-0.4475,7.0
selected_ols_av,pass,-0.8126,0.0
selected_ols_av,pass,-0.9047,0.0
selected_ols_av,pass,-0.6641,0.0
selected_ols_av,pass,-0.4475,0.0
selected_ols_av,pass,-1.2699,0.0
selected_ols_av,pass,0.1019,0.0
selected_ols_av,pass,-0.3554,0.0
selected_ols_av,pass,2.1805,8.0
selected_ols_av,pass,-0.3554,3.0
selected_ols_av,pass,-0.6641,0.0
selected_ols_av,pass,-2.7427,4.0
selected_ols_av,pass,0.1019,10.0
selected_ols_av,pass,0.2504,0.0
selected_ols_av,pass,-1.8282,3.0
selected_ols_av,pass,-1.2699,4.0
selected_ols_av,pass,-0.6641,0.0
selected_ols_av,pass,-0.9047,0.0
selected_ols_av,pass,-2.2855,4.0
selected_ols_av,pass,0.5591,4.0
selected_ols_av,pass,0.1019,0.0
selected_ols_av,pass,-2.2855,4.0
selected_ols_av,pass,-1.1214,0.0
selected_ols_av,pass,-0.4475,2.0
selected_ols_av,pass,-0.8126,4.0
selected_ols_av,pass,-0.8126,2.0
selected_ols_av,pass,0.5591,4.0
selected_ols_av,pass,0.5591,8.0
selected_ols_av,pass,-0.6641,0.0
selected_ols_av,pass,-2.2855,2.0
selected_ols_av,pass,0.0098,0.0
selected_ols_av,pass,0.5591,9.0
selected_ols_av,pass,-0.8126,4.0
selected_ols_av,pass,0.7076,3.0
selected_ols_av,pass,-1.5786,4.0
selected_ols_av,pass,-0.3554,5.0
selected_ols_av,pass,-0.2069,0.0
selected_ols_av,pass,-0.8126,0.0
selected_ols_av,pass,-0.3554,4.0
selected_ols_av,pass,-0.9047,4.0
selected_ols_av,pass,-0.6641,0.0
selected_ols_av,pass,-1.5786,0.0
selected_ols_av,pass,0.1019,6.0
selected_ols_av,pass,1.7232,6.0
selected_ols_av,pass,0.467,0.0
selected_ols_av,pass,-2.7427,2.0
selected_ols_av,pass,2.1805,8.0
selected_ols_av,pass,-1.1543,7.0
selected_ols_av,pass,0.2504,0.0
selected_ols_av,pass,-1.8282,4.0
selected_ols_av,pass,-0.3554,4.0
selected_ols_av,pass,-0.8126,0.0
selected_ols_av,pass,-0.2069,0.0
selected_ols_av,pass,0.467,7.0
selected_ols_av,pass,-0.4475,7.0
selected_ols_av,pass,-2.2855,5.0
selected_ols_av,pass,-2.7427,2.0
selected_ols_av,pass,1.7232,7.0
selected_ols_av,pass,0.1019,9.0
selected_ols_av,pass,0.0098,0.0
selected_ols_av,pass,-2.2855,2.0
selected_ols_av,pass,-1.8282,3.0
selected_ols_av,pass,1.3815,4.0
selected_ols_av,pass,-0.9047,0.0
selected_ols_av,pass,-1.6116,3.0
selected_ols_av,pass,-1.2699,0.0
selected_ols_av,pass,-2.2855,5.0
selected_ols_av,pass,0.2504,5.0
selected_ols_av,pass,-2.7427,5.0
selected_ols_av,pass,1.0163,3.0
selected_ols_av,pass,-0.3554,2.0
selected_ols_av,pass,0.8087,8.0
selected_ols_av,pass,-1.1543,2.0
selected_ols_av,pass,-0.3554,5.0
selected_ols_av,pass,1.266,9.0
selected_ols_av,pass,1.266,4.0
selected_ols_av,pass,-0.6641,0.0
selected_ols_av,pass,0.1019,2.0
selected_ols_av,pass,-0.6641,0.0
selected_ols_av,pass,1.7232,6.0
selected_ols_av,pass,-2.0688,2.0
selected_ols_av,pass,-0.3554,3.0
selected_ols_av,pass,-1.1543,3.0
selected_ols_av,pass,-1.371,5.0
selected_ols_av,pass,-0.2069,3.0
selected_ols_av,pass,-1.6116,8.0
selected_ols_av,pass,0.8087,5.0
selected_ols_av,pass,-1.8282,2.0
selected_ols_av,pass,-1.8282,5.0
selected_ols_av,pass,-0.8126,7.0
selected_ols_av,pass,-0.2069,0.0
selected_ols_av,pass,-0.8126,0.0
selected_ols_av,pass,1.266,6.0
selected_ols_av,pass,-1.2699,9.0
selected_ols_av,pass,1.7232,7.0
selected_ols_av,pass,-0.3554,1.0
selected_ols_av,pass,0.0098,5.0
selected_ols_av,pass,1.266,7.0
selected_ols_av,pass,1.266,8.0
selected_ols_av,pass,-1.1543,3.0
selected_ols_av,pass,-3.2,5.0
selected_ols_av,pass,1.266,9.0
selected_ols_av,pass,-0.2069,0.0
selected_ols_av,pass,-1.371,4.0
selected_ols_av,pass,-0.4475,5.0
selected_ols_av,pass,-0.3554,0.0
selected_ols_av,pass,-0.2069,0.0
selected_ols_av,pass,0.1019,8.0
selected_ols_av,pass,-1.1214,3.0
selected_ols_av,pass,-0.3554,2.0
selected_ols_av,pass,-1.2699,0.0
selected_ols_av,pass,-0.4475,6.0
selected_ols_av,pass,-1.1543,4.0
selected_ols_av,pass,-1.8282,4.0
selected_ols_av,pass,0.0098,4.0
selected_ols_av,pass,-0.9047,5.0
selected_ols_av,pass,0.467,5.0
selected_ols_av,pass,0.0098,7.0
selected_ols_av,pass,0.2504,0.0
selected_ols_av,pass,0.8087,6.0
selected_ols_av,pass,-0.8126,0.0
selected_ols_av,pass,0.8087,3.0
selected_ols_av,pass,-0.3554,5.0
selected_ols_av,pass,1.266,6.0
selected_ols_av,pass,-0.8126,1.0
selected_ols_av,pass,-0.6641,3.0
selected_ols_av,pass,-0.3554,6.0
selected_ols_av,pass,-0.3554,0.0
selected_ols_av,pass,-1.1214,2.0
selected_ols_av,pass,-1.2699,2.0
selected_ols_av,pass,-1.1214,4.0
selected_ols_av,pass,-0.8126,3.0
selected_ols_av,pass,1.266,6.0
selected_ols_av,pass,-2.5261,3.0
selected_ols_av,pass,-0.2069,0.0
selected_ols_av,pass,1.266,6.0
selected_ols_av,pass,-0.6641,0.0
selected_ols_av,pass,-0.3554,0.0
selected_ols_av,pass,-0.4475,3.0
selected_ols_av,pass,-0.8126,5.0
selected_ols_av,pass,-1.1214,0.0
selected_ols_av,pass,0.0098,6.0
selected_ols_av,pass,-0.6641,3.0
selected_ols_av,pass,-0.8126,8.0
selected_ols_av,pass,1.7232,9.0
selected_ols_av,pass,0.9243,0.0
selected_ols_av,pass,-2.7427,3.0
selected_ols_av,pass,0.1019,3.0
selected_ols_av,pass,-1.2699,0.0
selected_ols_av,pass,1.266,7.0
selected_ols_av,pass,0.467,0.0
selected_ols_av,pass,-2.0688,2.0
selected_ols_av,pass,-0.9047,5.0
selected_ols_av,pass,-0.8126,2.0
selected_ols_av,pass,-0.8126,0.0
selected_ols_av,pass,-0.3554,3.0
selected_ols_av,pass,-2.0688,3.0
selected_ols_av,pass,-0.9047,3.0
selected_ols_av,pass,0.467,0.0
selected_ols_av,pass,0.9243,0.0
selected_ols_av,pass,-0.6641,0.0
selected_ols_av,pass,-1.371,6.0
selected_ols_av,pass,0.0098,5.0
selected_ols_av,pass,0.8087,5.0
selected_ols_av,pass,-0.6641,2.0
selected_ols_av,pass,-0.2069,2.0
selected_ols_av,pass,-0.8126,3.0
selected_ols_av,pass,0.3515,6.0
selected_ols_av,pass,-0.6641,5.0
selected_ols_av,pass,0.1019,5.0
selected_ols_av,pass,-0.4475,0.0
selected_ols_av,pass,-2.7427,0.0
selected_ols_av,pass,-0.6641,0.0
selected_ols_av,pass,0.5591,2.0
selected_ols_av,pass,-0.2069,0.0
selected_ols_av,pass,1.7232,8.0
selected_ols_av,pass,-0.2069,3.0
selected_ols_av,pass,-1.1214,0.0
selected_ols_av,pass,0.8087,5.0
selected_ols_av,pass,-0.3554,0.0
selected_ols_av,pass,-0.3554,7.0
selected_ols_av,pass,-0.6641,2.0
selected_ols_av,pass,-1.5786,0.0
selected_ols_av,pass,0.0098,6.0
selected_ols_av,pass,-0.8126,5.0
selected_ols_av,pass,-0.3554,4.0
selected_ols_av,pass,-1.8282,4.0
selected_ols_av,pass,-0.3554,2.0
selected_ols_av,pass,-0.6641,0.0
selected_ols_av,pass,1.7232,7.0
selected_ols_av,pass,-0.6641,0.0
selected_ols_av,pass,0.0098,4.0
selected_ols_av,pass,-0.3554,4.0
selected_ols_av,pass,-2.2855,4.0
selected_ols_av,pass,0.0098,0.0
selected_ols_av,pass,-0.8126,4.0
selected_ols_av,pass,-0.6641,0.0
selected_ols_av,pass,-0.6641,0.0
selected_ols_av,pass,-1.1214,0.0
selected_ols_av,pass,-1.2699,3.0
selected_ols_av,pass,-0.3554,2.0
selected_ols_av,pass,-0.3554,2.0
selected_ols_av,pass,0.467,0.0
selected_ols_av,pass,-2.2855,2.0
selected_ols_av,pass,-1.1543,2.0
selected_ols_av,pass,-0.2069,0.0
selected_ols_av,pass,-0.2069,6.0
selected_ols_av,pass,-0.3554,0.0
selected_ols_av,pass,0.8087,0.0
selected_ols_av,pass,-1.5786,3.0
selected_ols_av,pass,-0.6641,0.0
selected_ols_av,pass,1.266,10.0
selected_ols_av,pass,1.7232,5.0
selected_ols_av,pass,0.1019,0.0
selected_ols_av,pass,-0.2069,0.0
selected_ols_av,pass,1.7232,6.0
selected_ols_av,pass,-0.6641,0.0
selected_ols_av,pass,-2.2855,3.0
selected_ols_av,pass,0.9243,5.0
selected_ols_av,pass,2.6377,4.0
selected_ols_av,pass,-0.8126,1.0
selected_ols_av,pass,0.3515,9.0
selected_ols_av,pass,-1.1214,0.0
selected_ols_av,pass,-0.6641,4.0
selected_ols_av,pass,-0.6641,5.0
selected_ols_av,pass,-1.5786,3.0
selected_ols_av,pass,-0.8126,4.0
selected_ols_av,pass,0.8087,8.0
selected_ols_av,pass,-0.8126,3.0
selected_ols_av,pass,-2.0688,7.0
selected_ols_av,pass,-1.5786,0.0
selected_ols_av,pass,-0.4475,3.0
selected_ols_av,pass,0.0098,0.0
selected_ols_av,pass,1.7232,9.0
selected_ols_av,pass,0.1019,0.0
selected_ols_av,pass,-1.2699,4.0
selected_ols_av,pass,2.1805,5.0
selected_ols_av,pass,-1.1214,3.0
selected_ols_av,pass,0.1019,0.0
selected_ols_av,pass,-1.5786,3.0
selected_ols_av,pass,0.0098,4.0
selected_ols_av,pass,0.8087,4.0
selected_ols_av,pass,0.8087,5.0
selected_ols_av,pass,-0.2069,0.0
selected_ols_av,pass,0.5591,0.0
selected_ols_av,pass,-0.6641,2.0
selected_ols_av,pass,-1.1214,0.0
selected_ols_av,pass,1.266,5.0
selected_ols_av,pass,0.1019,0.0
selected_ols_av,pass,-0.2069,5.0
selected_ols_av,pass,-0.3554,0.0
selected_ols_av,pass,-0.6641,2.0
selected_ols_av,pass,0.467,6.0
selected_ols_av,pass,0.0098,7.0
selected_ols_av,pass,-0.6641,0.0
selected_ols_av,pass,-1.1214,0.0
selected_ols_av,pass,-1.1214,0.0
selected_ols_av,pass,-0.2069,4.0
selected_ols_av,pass,-2.7427,4.0
selected_ols_av,pass,0.7076,3.0
selected_ols_av,pass,-0.8126,5.0
selected_ols_av,pass,-0.3554,3.0
selected_ols_av,pass,0.0098,0.0
selected_ols_av,pass,0.467,0.0
selected_ols_av,pass,-0.8126,0.0
selected_ols_av,pass,-2.2855,4.0
selected_ols_av,pass,-0.3554,2.0
selected_ols_av,pass,-0.6641,2.0
selected_ols_av,pass,0.0098,0.0
selected_ols_av,pass,-0.3554,2.0
selected_ols_av,pass,0.8087,5.0
selected_ols_av,pass,-0.8126,0.0
selected_ols_av,pass,-2.7427,2.0
selected_ols_av,pass,-1.1214,3.0
selected_ols_av,pass,0.9243,0.0
selected_ols_av,pass,-0.6641,0.0
selected_ols_av,pass,0.467,7.0
selected_ols_av,pass,-0.4475,0.0
selected_ols_av,pass,-1.5786,0.0
selected_ols_av,pass,-1.5786,0.0
selected_ols_av,pass,-2.0688,2.0
selected_ols_av,pass,-0.8126,5.0
selected_ols_av,pass,1.7232,8.0
selected_ols_av,pass,-0.6641,0.0
selected_ols_av,pass,-1.6116,5.0
selected_ols_av,pass,-0.3554,7.0
selected_ols_av,pass,-0.8126,0.0
selected_ols_av,pass,-1.1214,4.0
selected_ols_av,pass,-1.5786,1.0
selected_ols_av,pass,0.1019,6.0
selected_ols_av,pass,-1.1214,4.0
selected_ols_av,pass,-2.2855,2.0
selected_ols_av,pass,0.0098,5.0
selected_ols_av,pass,-0.6641,0.0
selected_ols_av,pass,-0.9047,3.0
selected_ols_av,pass,-2.0688,1.0
selected_ols_av,pass,-0.6641,0.0
selected_ols_av,pass,0.9243,4.0
selected_ols_av,pass,0.1019,0.0
selected_ols_av,pass,0.1019,7.0
selected_ols_av,pass,1.0163,6.0
selected_ols_av,pass,-0.6641,0.0
selected_ols_av,pass,-2.2855,4.0
selected_ols_av,pass,-0.3554,0.0
selected_ols_av,pass,-0.2069,0.0
selected_ols_av,pass,2.1805,6.0
selected_ols_av,pass,-0.3554,2.0
selected_ols_av,pass,-0.6641,0.0
selected_ols_av,pass,-0.3554,8.0
selected_ols_av,pass,0.8087,8.0
selected_ols_av,pass,-0.6641,5.0
selected_ols_av,pass,-0.8126,1.0
selected_ols_av,pass,0.0098,0.0
selected_ols_av,pass,1.7232,6.0
selected_ols_av,pass,-0.4475,4.0
selected_ols_av,pass,-2.2855,2.0
selected_ols_av,pass,0.8087,6.0
selected_ols_av,pass,-0.8126,1.0
selected_ols_av,pass,1.7232,8.0
selected_ols_av,pass,1.266,4.0
selected_ols_av,pass,-0.4475,3.0
selected_ols_av,pass,1.266,7.0
selected_ols_av,pass,0.8087,6.0
selected_ols_av,pass,0.8087,7.0
selected_ols_av,pass,0.467,0.0
selected_ols_av,pass,-0.6641,0.0
selected_ols_av,pass,-0.6641,1.0
selected_ols_av,pass,-0.2069,1.0
selected_ols_av,pass,-0.6641,0.0
selected_ols_av,pass,-1.8282,5.0
selected_ols_av,pass,-1.1543,3.0
selected_ols_av,pass,-1.1214,1.0
selected_ols_av,pass,0.0098,0.0
selected_ols_av,pass,0.467,0.0
selected_ols_av,pass,-0.4475,5.0
selected_ols_av,pass,-2.5261,3.0
selected_ols_av,pass,0.0098,0.0
selected_ols_av,pass,1.7232,8.0
selected_ols_av,pass,0.0098,0.0
selected_ols_av,pass,1.266,6.0
selected_ols_av,pass,-1.1543,2.0
selected_ols_av,pass,0.0098,0.0
selected_ols_av,pass,0.1019,0.0
selected_ols_av,pass,2.1805,7.0
selected_ols_av,pass,-2.2855,4.0
selected_ols_av,pass,-0.4475,7.0
selected_ols_av,pass,-0.6641,0.0
selected_ols_av,pass,0.3515,7.0
selected_ols_av,pass,-1.1214,4.0
selected_ols_av,pass,-0.3554,2.0
selected_ols_av,pass,0.1019,3.0
selected_ols_av,pass,-3.2,3.0
selected_ols_av,pass,-0.3554,1.0
selected_ols_av,pass,-2.0688,4.0
selected_ols_av,pass,0.0098,2.0
selected_ols_av,pass,-1.1214,2.0
selected_ols_av,pass,-0.2069,4.0
selected_ols_av,pass,-2.0688,3.0
selected_ols_av,pass,1.3815,5.0
selected_ols_av,pass,-1.371,3.0
selected_ols_av,pass,-1.6116,4.0
selected_ols_av,pass,-1.1214,0.0
selected_ols_av,pass,-1.1214,0.0
selected_ols_av,pass,0.1019,3.0
selected_ols_av,pass,0.1019,9.0
selected_ols_av,pass,0.467,4.0
selected_ols_av,pass,-0.3554,2.0
selected_ols_av,pass,0.1019,6.0
selected_ols_av,pass,-1.1214,3.0
selected_ols_av,pass,0.2504,0.0
selected_ols_av,pass,-0.6641,5.0
selected_ols_av,pass,0.5591,6.0
selected_ols_av,pass,1.266,6.0
selected_ols_av,pass,0.8087,8.0
selected_ols_av,pass,-1.1214,1.0
selected_ols_av,pass,0.467,5.0
selected_ols_av,pass,-0.6641,3.0
selected_ols_av,pass,-1.1214,0.0
selected_ols_av,pass,0.8087,7.0
selected_ols_av,pass,-0.8126,5.0
selected_ols_av,pass,-0.4475,6.0
selected_ols_av,pass,0.2504,0.0
selected_ols_av,pass,-1.5786,0.0
selected_ols_av,pass,-0.2069,0.0
selected_ols_av,pass,-0.3554,5.0
selected_ols_av,pass,0.9243,7.0
selected_ols_av,pass,-1.2699,6.0
selected_ols_av,pass,2.6377,8.0
selected_ols_av,pass,-1.6116,6.0
selected_ols_av,pass,0.0098,7.0
selected_ols_av,pass,0.8087,6.0
selected_ols_av,pass,-0.2069,0.0
selected_ols_av,pass,-0.6641,0.0
selected_ols_av,pass,-0.3554,0.0
selected_ols_av,pass,-0.8126,3.0
selected_ols_av,pass,-1.1214,0.0
selected_ols_av,pass,1.7232,6.0
selected_ols_av,pass,1.7232,6.0
selected_ols_av,pass,-0.4475,0.0
selected_ols_av,pass,0.9243,0.0
selected_ols_av,pass,0.467,3.0
selected_ols_av,pass,-1.2699,6.0
selected_ols_av,pass,-0.3554,3.0
selected_ols_av,pass,-2.2855,3.0
selected_ols_av,pass,-1.6116,0.0
selected_ols_av,pass,0.8087,7.0
selected_ols_av,pass,0.1019,3.0
selected_ols_av,pass,-1.371,4.0
selected_ols_av,pass,0.467,6.0
selected_ols_av,pass,-0.6641,0.0
selected_ols_av,pass,-2.7427,5.0
selected_ols_av,pass,-0.8126,4.0
selected_ols_av,pass,-0.3554,4.0
selected_ols_av,pass,-0.2069,0.0
selected_ols_av,pass,-0.4475,3.0
selected_ols_av,pass,-0.2069,0.0
selected_ols_av,pass,-0.3554,9.0
selected_ols_av,pass,0.0098,5.0
selected_ols_av,pass,-2.2855,4.0
selected_ols_av,pass,-0.8126,7.0
selected_ols_av,pass,0.0098,5.0
selected_ols_av,pass,0.0098,0.0
selected_ols_av,pass,0.1019,5.0
selected_ols_av,pass,0.1019,0.0
selected_ols_av,pass,0.1019,0.0
selected_ols_av,pass,-0.2069,0.0
selected_ols_av,pass,0.0098,2.0
selected_ols_av,pass,-2.0688,7.0
selected_ols_av,pass,-0.3554,4.0
selected_ols_av,pass,-2.5261,3.0
selected_ols_av,pass,-1.371,3.0
selected_ols_av,pass,1.4736,4.0
selected_ols_av,pass,-1.1543,4.0
selected_ols_av,pass,-0.6641,0.0
selected_ols_av,pass,0.467,7.0
selected_ols_av,pass,-0.6641,0.0
selected_ols_av,pass,-0.6971,4.0
selected_ols_av,pass,-1.1214,0.0
selected_ols_av,pass,-0.3554,2.0
selected_ols_av,pass,-0.3554,6.0
selected_ols_av,pass,-0.6641,5.0
selected_ols_av,pass,-1.1543,3.0
selected_ols_av,pass,-2.0688,5.0
selected_ols_av,pass,-0.6641,0.0
selected_ols_av,pass,-2.2855,2.0
selected_ols_av,pass,-0.4475,7.0
selected_ols_av,pass,-0.3554,0.0
selected_ols_av,pass,-1.1543,1.0
selected_ols_av,pass,-1.1214,2.0
selected_ols_av,pass,0.5591,3.0
selected_ols_av,pass,-2.2855,5.0
selected_ols_av,pass,-0.2069,4.0
selected_ols_av,pass,-0.3554,0.0
selected_ols_av,pass,-0.8126,4.0
selected_ols_av,pass,0.1019,5.0
selected_ols_av,pass,-0.3554,4.0
selected_ols_av,pass,-0.2069,0.0
selected_ols_av,pass,0.0098,9.0
selected_ols_av,pass,-1.6116,3.0
selected_ols_av,pass,-0.6641,2.0
selected_ols_av,pass,0.0098,6.0
selected_ols_av,pass,-1.6116,1.0
selected_ols_av,pass,0.3515,5.0
selected_ols_av,pass,-2.2855,2.0
selected_ols_av,pass,0.1019,2.0
selected_ols_av,pass,-1.6116,4.0
selected_ols_av,pass,-2.2855,5.0
selected_ols_av,pass,-0.2069,0.0
selected_ols_av,pass,-1.2699,4.0
selected_ols_av,pass,-0.2069,0.0
selected_ols_av,pass,0.0098,0.0
selected_ols_av,pass,2.1805,6.0
selected_ols_av,pass,-0.6641,4.0
selected_ols_av,pass,-1.8282,4.0
selected_ols_av,pass,1.3815,0.0
selected_ols_av,pass,-0.3554,5.0
selected_ols_av,pass,-0.6641,0.0
selected_ols_av,pass,-1.1214,0.0
selected_ols_av,pass,-0.2069,0.0
selected_ols_av,pass,-1.1214,5.0
selected_ols_av,pass,-2.0688,4.0
selected_ols_av,pass,0.1019,7.0
selected_ols_av,pass,-0.4475,6.0
selected_ols_av,pass,-1.6116,5.0
selected_ols_av,pass,1.7232,7.0
selected_ols_av,pass,-0.3554,4.0
selected_ols_av,pass,0.7076,5.0
selected_ols_av,pass,0.8087,5.0
selected_ols_av,pass,-0.2069,0.0
selected_ols_av,pass,-2.0688,4.0
selected_ols_av,pass,-0.4475,0.0
selected_ols_av,pass,0.0098,4.0
selected_ols_av,pass,1.7232,7.0
selected_ols_av,pass,0.5591,5.0
selected_ols_av,pass,2.1805,5.0
selected_ols_av,pass,0.467,5.0
selected_ols_av,pass,-1.8282,3.0
selected_ols_av,pass,-0.4475,0.0
selected_ols_av,pass,0.467,0.0
selected_ols_av,pass,-0.6641,0.0
selected_ols_av,pass,0.1019,5.0
selected_ols_av,pass,-1.371,2.0
selected_ols_av,pass,-1.1214,0.0
selected_ols_av,pass,1.266,5.0
selected_ols_av,pass,-1.1214,0.0
selected_ols_av,pass,-0.6641,0.0
selected_ols_av,pass,0.0098,7.0
selected_ols_av,pass,0.2504,0.0
selected_ols_av,pass,-0.3554,4.0
selected_ols_av,pass,-0.2069,0.0
selected_ols_av,pass,-1.1543,5.0
selected_ols_av,pass,-1.1214,3.0
selected_ols_av,pass,-1.2699,1.0
selected_ols_av,pass,1.266,6.0
selected_ols_av,pass,-0.6641,4.0
selected_ols_av,pass,-0.6971,4.0
selected_ols_av,pass,0.5591,7.0
selected_ols_av,pass,-0.9047,0.0
selected_ols_av,pass,0.8087,7.0
selected_ols_av,pass,-1.1214,0.0
selected_ols_av,pass,-1.8282,5.0
selected_ols_av,pass,-1.1214,4.0
selected_ols_av,pass,-0.6641,0.0
selected_ols_av,pass,0.9243,0.0
selected_ols_av,pass,-2.0688,3.0
selected_ols_av,pass,-2.2855,3.0
selected_ols_av,pass,-1.5786,4.0
selected_ols_av,pass,-0.3554,7.0
selected_ols_av,pass,0.1019,6.0
selected_ols_av,pass,0.467,2.0
selected_ols_av,pass,0.467,0.0
selected_ols_av,pass,-1.2699,0.0
selected_ols_av,pass,-0.6641,4.0
selected_ols_av,pass,-0.2069,0.0
selected_ols_av,pass,-0.9047,0.0
selected_ols_av,pass,-0.3554,9.0
selected_ols_av,pass,0.9243,8.0
selected_ols_av,pass,-1.1214,0.0
selected_ols_av,pass,-2.7427,0.0
selected_ols_av,pass,0.467,3.0
selected_ols_av,pass,-0.3554,3.0
selected_ols_av,pass,2.1805,8.0
selected_ols_av,pass,-1.2699,4.0
selected_ols_av,pass,0.0098,6.0
selected_ols_av,pass,-0.2069,0.0
selected_ols_av,pass,-1.2699,0.0
selected_ols_av,pass,-0.6641,4.0
selected_ols_av,pass,-0.8126,4.0
selected_ols_av,pass,-0.8126,0.0
selected_ols_av,pass,-1.1214,0.0
selected_ols_av,pass,-1.1214,0.0
selected_ols_av,pass,-2.2855,2.0
selected_ols_av,pass,0.5591,4.0
selected_ols_av,pass,0.467,0.0
selected_ols_av,pass,1.266,8.0
selected_ols_av,pass,0.0098,3.0
selected_ols_av,pass,1.7232,4.0
selected_ols_av,pass,-1.6116,4.0
selected_ols_av,pass,-1.6116,4.0
selected_ols_av,pass,0.0098,0.0
selected_ols_av,pass,-1.6116,6.0
selected_ols_av,pass,-2.2855,7.0
selected_ols_av,pass,1.266,6.0
selected_ols_av,pass,-0.9138,6.0
selected_ols_av,pass,-0.6641,0.0
selected_ols_av,pass,0.2504,2.0
selected_ols_av,pass,-0.3554,2.0
selected_ols_av,pass,-0.3554,0.0
selected_ols_av,pass,0.467,0.0
selected_ols_av,pass,1.266,6.0
selected_ols_av,pass,-1.1543,5.0
selected_ols_av,pass,-2.2855,2.0
selected_ols_av,pass,0.0098,6.0
selected_ols_av,pass,-0.6641,0.0
selected_ols_av,pass,0.0098,3.0
selected_ols_av,pass,-0.6641,3.0
selected_ols_av,pass,-0.4475,2.0
selected_ols_av,pass,-0.4475,2.0
selected_ols_av,pass,-0.8126,4.0
selected_ols_av,pass,-1.1214,1.0
selected_ols_av,pass,-0.3554,0.0
selected_ols_av,pass,-0.8126,8.0
selected_ols_av,pass,-2.7427,5.0
selected_ols_av,pass,0.467,4.0
selected_ols_av,pass,0.1019,9.0
selected_ols_av,pass,-0.3554,5.0
selected_ols_av,pass,-0.3554,5.0
selected_ols_av,pass,-0.4475,3.0
selected_ols_av,pass,0.467,4.0
selected_ols_av,pass,-0.4475,3.0
selected_ols_av,pass,1.266,6.0
selected_ols_av,pass,-1.6116,4.0
selected_ols_av,pass,0.0098,0.0
selected_ols_av,pass,-1.6116,3.0
selected_ols_av,pass,-0.2069,0.0
selected_ols_av,pass,-0.9047,7.0
selected_ols_av,pass,-0.4475,0.0
selected_ols_av,pass,0.1019,3.0
selected_ols_av,pass,-2.7427,3.0
selected_ols_av,pass,0.5591,6.0
selected_ols_av,pass,0.0098,8.0
selected_ols_av,pass,0.3515,6.0
selected_ols_av,pass,-0.4475,6.0
selected_ols_av,pass,-1.6116,2.0
selected_ols_av,pass,0.467,6.0
selected_ols_av,pass,-1.1214,0.0
selected_ols_av,pass,0.8087,8.0
selected_ols_av,pass,-0.4475,7.0
selected_ols_av,pass,-0.8126,3.0
selected_ols_av,pass,0.0098,3.0
selected_ols_av,pass,-0.4475,3.0
selected_ols_av,pass,1.7232,7.0
selected_ols_av,pass,0.467,7.0
selected_ols_av,pass,0.2504,4.0
selected_ols_av,pass,-0.9047,0.0
selected_ols_av,pass,0.0098,4.0
selected_ols_av,pass,-2.0688,4.0
selected_ols_av,pass,0.8087,8.0
selected_ols_av,pass,0.5591,7.0
selected_ols_av,pass,-1.6116,4.0
selected_ols_av,pass,-0.8126,0.0
selected_ols_av,pass,0.1019,0.0
selected_ols_av,pass,-0.2069,0.0
selected_ols_av,pass,-0.6641,3.0
selected_ols_av,pass,-0.9047,0.0
selected_ols_av,pass,-0.6641,2.0
selected_ols_av,pass,-1.1543,4.0
selected_ols_av,pass,-1.2699,7.0
selected_ols_av,pass,0.1019,0.0
selected_ols_av,pass,0.8087,10.0
selected_ols_av,pass,-1.2699,6.0
selected_ols_av,pass,-0.3554,0.0
selected_ols_av,pass,-2.5261,5.0
selected_ols_av,pass,0.8087,7.0
selected_ols_av,pass,-2.2855,1.0
selected_ols_av,pass,-1.6116,2.0
selected_ols_av,pass,0.0098,0.0
selected_ols_av,pass,-0.6641,0.0
selected_ols_av,pass,-1.1214,0.0
selected_ols_av,pass,0.2504,0.0
selected_ols_av,pass,-0.8126,0.0
selected_ols_av,pass,-0.6641,0.0
selected_ols_av,pass,0.1019,0.0
selected_ols_av,pass,-0.9047,0.0
selected_ols_av,pass,-1.1214,0.0
selected_ols_av,pass,-0.9047,0.0
selected_ols_av,pass,-0.4475,7.0
selected_ols_av,pass,-0.3554,6.0
selected_ols_av,pass,-0.6641,0.0
selected_ols_av,pass,-0.2069,1.0
selected_ols_av,pass,-0.8126,2.0
selected_ols_av,pass,2.1805,6.0
selected_ols_av,pass,0.0098,3.0
selected_ols_av,pass,1.266,6.0
selected_ols_av,pass,-2.5261,7.0
selected_ols_av,pass,-3.2,1.0
selected_ols_av,pass,0.8087,7.0
selected_ols_av,pass,0.0098,4.0
selected_ols_av,pass,0.9243,0.0
selected_ols_av,pass,0.9243,4.0
selected_ols_av,pass,-0.3554,2.0
selected_ols_av,pass,-1.1214,0.0
selected_ols_av,pass,-0.4475,8.0
selected_ols_av,pass,-0.2069,0.0
selected_ols_av,pass,0.467,8.0
selected_ols_av,pass,-0.3554,4.0
selected_ols_av,pass,-0.8126,1.0
selected_ols_av,pass,0.0098,3.0
selected_ols_av,pass,-0.3554,3.0
selected_ols_av,pass,0.467,3.0
selected_ols_av,pass,1.7232,8.0
selected_ols_av,pass,-0.4475,0.0
selected_ols_av,pass,-2.0688,1.0
selected_ols_av,pass,-2.7427,2.0
selected_ols_av,pass,-0.3554,9.0
selected_ols_av,pass,-2.2855,3.0
selected_ols_av,pass,1.7232,5.0
selected_ols_av,pass,0.8087,7.0
selected_ols_av,pass,-1.2699,0.0
selected_ols_av,pass,-1.1214,0.0
selected_ols_av,pass,-1.1214,3.0
selected_ols_av,pass,-0.8126,3.0
selected_ols_av,pass,-0.8126,3.0
selected_ols_av,pass,-2.7427,4.0
selected_ols_av,pass,-3.2,3.0
selected_ols_av,pass,-1.6116,2.0
selected_ols_av,pass,1.7232,8.0
selected_ols_av,pass,0.0098,7.0
selected_ols_av,pass,-0.3554,6.0
selected_ols_av,pass,0.1019,2.0
selected_ols_av,pass,-1.5786,0.0
selected_ols_av,pass,-0.4475,3.0
selected_ols_av,pass,-0.8126,0.0
selected_ols_av,pass,-2.2855,2.0
selected_ols_av,pass,0.3515,6.0
selected_ols_av,pass,-0.8126,7.0
selected_ols_av,pass,-0.8126,3.0
selected_ols_av,pass,-1.1214,0.0
selected_ols_av,pass,-1.6116,4.0
selected_ols_av,pass,2.1805,7.0
selected_ols_av,pass,-0.4475,4.0
selected_ols_av,pass,-0.8126,2.0
selected_ols_av,pass,-0.3554,0.0
selected_ols_av,pass,-0.6641,0.0
selected_ols_av,pass,-0.6641,0.0
selected_ols_av,pass,1.266,7.0
selected_ols_av,pass,-0.8126,1.0
selected_ols_av,pass,-0.4475,4.0
selected_ols_av,pass,0.5591,0.0
selected_ols_av,pass,-2.7427,3.0
selected_ols_av,pass,-2.7427,1.0
selected_ols_av,pass,-2.2855,3.0
selected_ols_av,pass,0.8087,5.0
selected_ols_av,pass,-2.0688,3.0
selected_ols_av,pass,1.7232,6.0
selected_ols_av,pass,0.5591,4.0
selected_ols_av,pass,-2.0688,7.0
selected_ols_av,pass,-1.6116,4.0
selected_ols_av,pass,-0.6641,4.0
selected_ols_av,pass,1.0163,0.0
selected_ols_av,pass,-0.8126,6.0
selected_ols_av,pass,0.467,0.0
selected_ols_av,pass,0.1019,3.0
selected_ols_av,pass,-0.6641,0.0
selected_ols_av,pass,-1.6116,3.0
selected_ols_av,pass,-0.3554,0.0
selected_ols_av,pass,0.8087,8.0
selected_ols_av,pass,-0.3554,3.0
selected_ols_av,pass,0.0098,0.0
selected_ols_av,pass,-0.4475,4.0
selected_ols_av,pass,-1.5786,2.0
selected_ols_av,pass,-0.2069,0.0
selected_ols_av,pass,0.1019,3.0
selected_ols_av,pass,-0.8126,6.0
selected_ols_av,pass,-1.6116,6.0
selected_ols_av,pass,-1.1214,0.0
selected_ols_av,pass,-0.2069,0.0
selected_ols_av,pass,0.0098,0.0
selected_ols_av,pass,-1.1214,0.0
selected_ols_av,pass,-0.2069,0.0
selected_ols_av,pass,-1.2699,6.0
selected_ols_av,pass,0.0098,2.0
selected_ols_av,pass,-2.2855,4.0
selected_ols_av,pass,-0.6971,2.0
selected_ols_av,pass,-1.1214,0.0
selected_ols_av,pass,1.266,8.0
selected_ols_av,pass,0.1019,6.0
selected_ols_av,pass,-1.8282,3.0
selected_ols_av,pass,-1.8282,3.0
selected_ols_av,pass,-0.6641,0.0
selected_ols_av,pass,-1.1214,0.0
selected_ols_av,pass,-0.8126,4.0
selected_ols_av,pass,0.8087,6.0
selected_ols_av,pass,-0.6641,3.0
selected_ols_av,pass,-1.8282,5.0
selected_ols_av,pass,0.0098,0.0
selected_ols_av,pass,1.7232,9.0
selected_ols_av,pass,-2.0688,2.0
selected_ols_av,pass,-0.4475,8.0
selected_ols_av,pass,-0.2069,0.0
selected_ols_av,pass,-0.6641,1.0
selected_ols_av,pass,2.1805,7.0
selected_ols_av,pass,-1.8282,4.0
selected_ols_av,pass,0.9243,0.0
selected_ols_av,pass,0.8087,7.0
selected_ols_av,pass,-1.1543,5.0
selected_ols_av,pass,0.3515,5.0
selected_ols_av,pass,-0.6641,0.0
selected_ols_av,pass,2.1805,4.0
selected_ols_av,pass,-1.1214,0.0
selected_ols_av,pass,-2.0688,2.0
selected_ols_av,pass,-1.1543,3.0
selected_ols_av,pass,-0.6641,4.0
selected_ols_av,pass,0.9243,0.0
selected_ols_av,pass,-2.0688,1.0
selected_ols_av,pass,1.266,5.0
selected_ols_av,pass,-0.8126,2.0
selected_ols_av,pass,0.467,0.0
selected_ols_av,pass,-0.4475,0.0
selected_ols_av,pass,-2.5261,6.0
selected_ols_av,pass,0.8087,8.0
selected_ols_av,pass,-0.8126,8.0
selected_ols_av,pass,-0.6641,0.0
selected_ols_av,pass,-0.3554,3.0
selected_ols_av,pass,-2.7427,5.0
selected_ols_av,pass,-0.4475,2.0
selected_ols_av,pass,-0.3554,8.0
selected_ols_av,pass,-3.2,4.0
selected_ols_av,pass,-0.2069,2.0
selected_ols_av,pass,-0.2069,0.0
selected_ols_av,pass,2.1805,7.0
selected_ols_av,pass,-0.6641,5.0
selected_ols_av,pass,-0.8126,3.0
selected_ols_av,pass,0.1019,4.0
selected_ols_av,pass,-1.1543,3.0
selected_ols_av,pass,-0.3554,0.0
selected_ols_av,pass,0.1019,0.0
selected_ols_av,pass,-0.3554,0.0
selected_ols_av,pass,0.8087,4.0
selected_ols_av,pass,0.1019,0.0
selected_ols_av,pass,-0.3554,0.0
selected_ols_av,pass,0.1019,7.0
selected_ols_av,pass,-0.8126,0.0
selected_ols_av,pass,-0.8126,10.0
selected_ols_av,pass,0.1019,2.0
selected_ols_av,pass,-0.6641,0.0
selected_ols_av,pass,-0.2069,0.0
selected_ols_av,pass,-2.2855,3.0
selected_ols_av,pass,-0.6641,0.0
selected_ols_av,pass,-1.5786,0.0
selected_ols_av,pass,-0.3554,6.0
selected_ols_av,pass,-0.6641,2.0
selected_ols_av,pass,-0.3554,3.0
selected_ols_av,pass,-1.1214,0.0
selected_ols_av,pass,-0.6641,0.0
selected_ols_av,pass,-0.3554,1.0
selected_ols_av,pass,0.3515,4.0
selected_ols_av,pass,0.0098,0.0
selected_ols_av,pass,-1.6116,5.0
selected_ols_av,pass,-0.6641,0.0
selected_ols_av,pass,-0.8126,8.0
selected_ols_av,pass,1.266,7.0
selected_ols_av,pass,0.1019,6.0
selected_ols_av,pass,0.3515,8.0
selected_ols_av,pass,-1.1214,0.0
selected_ols_av,pass,-0.3554,0.0
selected_ols_av,pass,-1.2699,6.0
selected_ols_av,pass,-0.2069,4.0
selected_ols_av,pass,-2.2855,4.0
selected_ols_av,pass,0.1019,4.0
selected_ols_av,pass,-0.6641,0.0
selected_ols_av,pass,-1.1214,5.0
selected_ols_av,pass,-2.0688,5.0
selected_ols_av,pass,-1.2699,0.0
selected_ols_av,pass,0.0098,5.0
selected_ols_av,pass,-0.6641,5.0
selected_ols_av,pass,-0.3554,0.0
selected_ols_av,pass,0.467,0.0
selected_ols_av,pass,0.0098,2.0
selected_ols_av,pass,-0.3554,5.0
selected_ols_av,pass,0.0098,6.0
selected_ols_av,pass,-0.8126,2.0
selected_ols_av,pass,-1.1214,0.0
selected_ols_av,pass,0.1019,3.0
selected_ols_av,pass,-0.6641,2.0
selected_ols_av,pass,-0.6641,5.0
selected_ols_av,pass,0.467,0.0
selected_ols_av,pass,-2.2855,4.0
selected_ols_av,pass,0.8087,4.0
selected_ols_av,pass,-3.2,3.0
selected_ols_av,pass,1.266,6.0
selected_ols_av,pass,-1.1543,3.0
selected_ols_av,pass,-0.8126,9.0
selected_ols_av,pass,0.467,0.0
selected_ols_av,pass,-1.1214,4.0
selected_ols_av,pass,2.6377,7.0
selected_ols_av,pass,-0.3554,3.0
selected_ols_av,pass,0.2504,0.0
selected_ols_av,pass,-0.6641,0.0
selected_ols_av,pass,-2.2855,4.0
selected_ols_av,pass,0.2504,0.0
selected_ols_av,pass,-0.2069,0.0
selected_ols_av,pass,-0.3554,0.0
selected_ols_av,pass,-0.4475,1.0
selected_ols_av,pass,0.9243,0.0
selected_ols_av,pass,0.1019,5.0
selected_ols_av,pass,-0.3554,8.0
selected_ols_av,pass,-0.4475,1.0
selected_ols_av,pass,-0.8126,6.0
selected_ols_av,pass,-0.3554,6.0
selected_ols_av,pass,1.266,3.0
selected_ols_av,pass,-0.2069,5.0
selected_ols_av,pass,-0.9047,7.0
selected_ols_av,pass,1.266,9.0
selected_ols_av,pass,-0.3554,3.0
selected_ols_av,pass,-1.2699,1.0
selected_ols_av,pass,1.7232,7.0
selected_ols_av,pass,-0.8126,1.0
selected_ols_av,pass,-2.7427,1.0
selected_ols_av,pass,-0.6641,3.0
selected_ols_av,pass,0.0098,0.0
selected_ols_av,pass,-1.1214,0.0
selected_ols_av,pass,0.9243,4.0
selected_ols_av,pass,1.266,8.0
selected_ols_av,pass,-1.371,1.0
selected_ols_av,pass,-0.4475,5.0
selected_ols_av,pass,-0.2069,0.0
selected_ols_av,pass,-0.6641,0.0
selected_ols_av,pass,0.1019,0.0
selected_ols_av,pass,-0.3554,6.0
selected_ols_av,pass,-0.3554,0.0
selected_ols_av,pass,1.7232,5.0
selected_ols_av,pass,-0.4475,5.0
selected_ols_av,pass,-1.6116,7.0
selected_ols_av,pass,-2.0688,3.0
selected_ols_av,pass,-0.2069,0.0
selected_ols_av,pass,0.0098,4.0
selected_ols_av,pass,-0.3554,3.0
selected_ols_av,pass,-0.3554,3.0
selected_ols_av,pass,-1.2699,4.0
selected_ols_av,pass,-0.3554,0.0
selected_ols_av,pass,-1.1214,0.0
selected_ols_av,pass,2.1805,7.0
selected_ols_av,pass,0.467,0.0
selected_ols_av,pass,-1.8282,4.0
selected_ols_av,pass,-0.6971,5.0
selected_ols_av,pass,-0.8126,0.0
selected_ols_av,pass,-1.6116,2.0
selected_ols_av,pass,1.7232,6.0
selected_ols_av,pass,-1.5786,0.0
selected_ols_av,pass,0.1019,0.0
selected_ols_av,pass,0.1019,0.0
selected_ols_av,pass,-0.8126,0.0
selected_ols_av,pass,-1.1543,4.0
selected_ols_av,pass,-1.5786,0.0
selected_ols_av,pass,-0.6641,4.0
selected_ols_av,pass,-2.2855,2.0
selected_ols_av,pass,-0.4475,0.0
selected_ols_av,pass,1.7232,6.0
selected_ols_av,pass,-0.6971,2.0
selected_ols_av,pass,-0.6641,3.0
selected_ols_av,pass,-0.8126,8.0
selected_ols_av,pass,-0.8126,2.0
selected_ols_av,pass,-0.4475,6.0
selected_ols_av,pass,0.8087,9.0
selected_ols_av,pass,-0.3554,0.0
selected_ols_av,pass,0.8087,6.0
selected_ols_av,pass,1.266,5.0
selected_ols_av,pass,0.3515,6.0
selected_ols_av,pass,-0.8126,4.0
selected_ols_av,pass,-0.3554,4.0
selected_ols_av,pass,0.9243,0.0
selected_ols_av,pass,1.7232,7.0
selected_ols_av,pass,-1.6116,2.0
selected_ols_av,pass,-2.2855,5.0
selected_ols_av,pass,-0.8126,6.0
selected_ols_av,pass,-0.3554,0.0
selected_ols_av,pass,-0.4475,2.0
selected_ols_av,pass,-2.7427,1.0
selected_ols_av,pass,0.1019,7.0
selected_ols_av,pass,0.0098,5.0
selected_ols_av,pass,-0.3554,0.0
selected_ols_av,pass,0.467,0.0
selected_ols_av,pass,-0.2069,0.0
selected_ols_av,pass,-0.8126,0.0
selected_ols_av,pass,-0.3554,7.0
selected_ols_av,pass,-0.3554,2.0
selected_ols_av,pass,-2.0688,2.0
selected_ols_av,pass,-0.6641,5.0
selected_ols_av,pass,-3.2,2.0
selected_ols_av,pass,-2.0688,3.0
selected_ols_av,pass,1.266,7.0
selected_ols_av,pass,-0.4475,2.0
selected_ols_av,pass,1.266,7.0
selected_ols_av,pass,-0.6641,0.0
selected_ols_av,pass,0.0098,0.0
selected_ols_av,pass,-2.2855,4.0
selected_ols_av,pass,-0.6641,5.0
selected_ols_av,pass,0.2504,0.0
selected_ols_av,pass,0.467,7.0
selected_ols_av,pass,-0.6641,0.0
selected_ols_av,pass,-0.8126,4.0
selected_ols_av,pass,0.1019,4.0
selected_ols_av,pass,0.1019,6.0
selected_ols_av,pass,-0.2069,1.0
selected_ols_av,pass,0.1019,4.0
selected_ols_av,pass,0.0098,5.0
selected_ols_av,pass,0.0098,3.0
selected_ols_av,pass,0.0098,4.0
selected_ols_av,pass,-2.7427,5.0
selected_ols_av,pass,0.1019,5.0
selected_ols_av,pass,-2.7427,6.0
selected_ols_av,pass,1.266,5.0
selected_ols_av,pass,-0.3554,7.0
selected_ols_av,pass,0.1019,0.0
selected_ols_av,pass,-2.2855,6.0
selected_ols_av,pass,-2.7427,3.0
selected_ols_av,pass,-1.1214,0.0
selected_ols_av,pass,0.0098,9.0
selected_ols_av,pass,-0.4475,7.0
selected_ols_av,pass,-0.6641,0.0
selected_ols_av,pass,1.266,4.0
selected_ols_av,pass,-2.7427,3.0
selected_ols_av,pass,-1.1214,0.0
selected_ols_av,pass,0.467,0.0
selected_ols_av,pass,-2.0688,4.0
selected_ols_av,pass,-0.9047,2.0
selected_ols_av,pass,-0.6641,0.0
selected_ols_av,pass,-0.6641,3.0
selected_ols_av,pass,-0.6641,2.0
selected_ols_av,pass,-0.6641,0.0
selected_ols_av,pass,-1.1214,6.0
selected_ols_av,pass,-0.3554,0.0
selected_ols_av,pass,-2.2855,5.0
selected_ols_av,pass,-2.2855,5.0
selected_ols_av,pass,-0.6641,2.0
selected_ols_av,pass,-1.1543,5.0
selected_ols_av,pass,0.467,0.0
selected_ols_av,pass,-2.7427,5.0
selected_ols_av,pass,-1.1214,0.0
selected_ols_av,pass,-1.1543,5.0
selected_ols_av,pass,-1.6116,2.0
selected_ols_av,pass,-0.4475,5.0
selected_ols_av,pass,0.1019,0.0
selected_ols_av,pass,1.266,6.0
selected_ols_av,pass,-0.8126,6.0
selected_ols_av,pass,0.1019,6.0
selected_ols_av,pass,-0.3554,0.0
selected_ols_av,pass,-2.0688,9.0
selected_ols_av,pass,1.266,6.0
selected_ols_av,pass,-1.1214,2.0
selected_ols_av,pass,-0.6641,0.0
selected_ols_av,pass,1.7232,8.0
selected_ols_av,pass,1.0163,9.0
selected_ols_av,pass,-1.1214,4.0
selected_ols_av,pass,-1.2699,6.0
selected_ols_av,pass,0.467,3.0
selected_ols_av,pass,0.467,8.0
selected_ols_av,pass,-0.6641,3.0
selected_ols_av,pass,-1.1214,0.0
selected_ols_av,pass,0.2504,0.0
selected_ols_av,pass,-0.6641,0.0
selected_ols_av,pass,-1.1543,3.0
selected_ols_av,pass,0.8087,6.0
selected_ols_av,pass,-2.5261,4.0
selected_ols_av,pass,1.7232,8.0
selected_ols_av,pass,1.7232,7.0
selected_ols_av,pass,1.266,6.0
selected_ols_av,pass,-0.6641,2.0
selected_ols_av,pass,-0.2069,0.0
selected_ols_av,pass,0.1019,6.0
selected_ols_av,pass,-2.7427,3.0
selected_ols_av,pass,-0.6641,0.0
selected_ols_av,pass,-0.6641,0.0
selected_ols_av,pass,-0.3554,8.0
selected_ols_av,pass,1.266,6.0
selected_ols_av,pass,-0.4475,6.0
selected_ols_av,pass,-0.3554,4.0
selected_ols_av,pass,-0.3554,0.0
selected_ols_av,pass,-0.3554,4.0
selected_ols_av,pass,0.9243,8.0
selected_ols_av,pass,1.7232,6.0
selected_ols_av,pass,-0.8126,7.0
selected_ols_av,pass,-0.2069,0.0
selected_ols_av,pass,-0.4475,4.0
selected_ols_av,pass,-1.1214,0.0
selected_ols_av,pass,-1.6116,3.0
selected_ols_av,pass,-0.2069,0.0
selected_ols_av,pass,-2.2855,3.0
selected_ols_av,pass,0.1019,7.0
selected_ols_av,pass,-1.6116,0.0
selected_ols_av,pass,-0.4475,0.0
selected_ols_av,pass,-0.2069,4.0
selected_ols_av,pass,-1.5786,4.0
selected_ols_av,pass,0.467,4.0
selected_ols_av,pass,1.266,7.0
selected_ols_av,pass,-0.3554,2.0
selected_ols_av,pass,-0.8126,1.0
selected_ols_av,pass,-1.2699,1.0
selected_ols_av,pass,-0.6641,5.0
selected_ols_av,pass,0.5591,2.0
selected_ols_av,pass,1.0163,0.0
selected_ols_av,pass,-1.1214,0.0
selected_ols_av,pass,-1.2699,6.0
selected_ols_av,pass,-1.5786,2.0
selected_ols_av,pass,0.3515,8.0
selected_ols_av,pass,0.0098,4.0
selected_ols_av,pass,1.7232,4.0
selected_ols_av,pass,-1.8282,4.0
selected_ols_av,pass,-0.8126,2.0
selected_ols_av,pass,0.5591,0.0
selected_two_stage_av,pass,-1.4221,7.0
selected_two_stage_av,pass,-1.1881,0.0
selected_two_stage_av,pass,-0.59,5.0
selected_two_stage_av,pass,-1.8012,1.0
selected_two_stage_av,pass,0.242,4.0
selected_two_stage_av,pass,-2.141,4.0
selected_two_stage_av,pass,-2.4624,3.0
selected_two_stage_av,pass,-0.525,0.0
selected_two_stage_av,pass,0.061,0.0
selected_two_stage_av,pass,1.1392,0.0
selected_two_stage_av,pass,0.6938,0.0
selected_two_stage_av,pass,-1.235,0.0
selected_two_stage_av,pass,2.4255,8.0
selected_two_stage_av,pass,-2.0942,2.0
selected_two_stage_av,pass,0.3539,0.0
selected_two_stage_av,pass,1.0543,7.0
selected_two_stage_av,pass,1.1012,6.0
selected_two_stage_av,pass,0.535,0.0
selected_two_stage_av,pass,-1.1292,5.0
selected_two_stage_av,pass,-2.9263,1.0
selected_two_stage_av,pass,0.1952,0.0
selected_two_stage_av,pass,-0.7982,6.0
selected_two_stage_av,pass,-0.0509,4.0
selected_two_stage_av,pass,0.3539,0.0
selected_two_stage_av,pass,-0.9889,2.0
selected_two_stage_av,pass,-0.1852,0.0
selected_two_stage_av,pass,-1.4811,2.0
selected_two_stage_av,pass,-2.6333,2.0
selected_two_stage_av,pass,-1.9233,3.0
selected_two_stage_av,pass,0.6469,0.0
selected_two_stage_av,pass,-2.0942,1.0
selected_two_stage_av,pass,1.6403,3.0
selected_two_stage_av,pass,-1.176,4.0
selected_two_stage_av,pass,-0.4781,5.0
selected_two_stage_av,pass,-0.1383,0.0
selected_two_stage_av,pass,-0.59,0.0
selected_two_stage_av,pass,-2.141,5.0
selected_two_stage_av,pass,1.3942,9.0
selected_two_stage_av,pass,1.3942,7.0
selected_two_stage_av,pass,-0.4498,0.0
selected_two_stage_av,pass,-0.2971,9.0
selected_two_stage_av,pass,0.7811,0.0
selected_two_stage_av,pass,-0.4498,5.0
selected_two_stage_av,pass,-0.3439,6.0
selected_two_stage_av,pass,-0.6369,2.0
selected_two_stage_av,pass,0.6284,0.0
selected_two_stage_av,pass,-0.6959,4.0
selected_two_stage_av,pass,0.1952,1.0
selected_two_stage_av,pass,0.1952,4.0
selected_two_stage_av,pass,0.8931,0.0
selected_two_stage_av,pass,0.1952,3.0
selected_two_stage_av,pass,-1.0912,5.0
selected_two_stage_av,pass,0.1952,4.0
selected_two_stage_av,pass,-1.5749,4.0
selected_two_stage_av,pass,-0.0509,2.0
selected_two_stage_av,pass,-0.6959,5.0
selected_two_stage_av,pass,-0.232,0.0
selected_two_stage_av,pass,0.3539,4.0
selected_two_stage_av,pass,0.8082,6.0
selected_two_stage_av,pass,-0.3439,1.0
selected_two_stage_av,pass,-0.1099,3.0
selected_two_stage_av,pass,0.242,3.0
selected_two_stage_av,pass,-0.3439,1.0
selected_two_stage_av,pass,-1.8764,6.0
selected_two_stage_av,pass,0.061,3.0
selected_two_stage_av,pass,1.1012,9.0
selected_two_stage_av,pass,-1.6303,2.0
selected_two_stage_av,pass,-0.3439,4.0
selected_two_stage_av,pass,-1.3842,4.0
selected_two_stage_av,pass,-2.141,4.0
selected_two_stage_av,pass,-0.9889,0.0
selected_two_stage_av,pass,0.7343,9.0
selected_two_stage_av,pass,-2.9731,4.0
selected_two_stage_av,pass,-2.6333,3.0
selected_two_stage_av,pass,-4.0513,2.0
selected_two_stage_av,pass,-0.9889,0.0
selected_two_stage_av,pass,1.3473,8.0
selected_two_stage_av,pass,-0.942,2.0
selected_two_stage_av,pass,-0.9889,0.0
selected_two_stage_av,pass,0.1831,3.0
selected_two_stage_av,pass,-0.6369,0.0
selected_two_stage_av,pass,-0.0509,2.0
selected_two_stage_av,pass,-0.2037,4.0
selected_two_stage_av,pass,-1.2819,5.0
selected_two_stage_av,pass,-1.1292,4.0
selected_two_stage_av,pass,-0.7428,4.0
selected_two_stage_av,pass,-0.883,4.0
selected_two_stage_av,pass,-0.2971,3.0
selected_two_stage_av,pass,0.1078,6.0
selected_two_stage_av,pass,-0.6959,4.0
selected_two_stage_av,pass,-0.1568,0.0
selected_two_stage_av,pass,1.0543,8.0
selected_two_stage_av,pass,-1.6772,4.0
selected_two_stage_av,pass,-1.7741,0.0
selected_two_stage_av,pass,-1.235,0.0
selected_two_stage_av,pass,1.3004,6.0
selected_two_stage_av,pass,-0.942,0.0
selected_two_stage_av,pass,-0.1099,0.0
selected_two_stage_av,pass,1.5934,8.0
selected_two_stage_av,pass,-1.235,0.0
selected_two_stage_av,pass,-1.5551,3.0
selected_two_stage_av,pass,-0.883,5.0
selected_two_stage_av,pass,-0.9299,3.0
selected_two_stage_av,pass,0.3539,3.0
selected_two_stage_av,pass,0.1078,3.0
selected_two_stage_av,pass,-0.4029,0.0
selected_two_stage_av,pass,1.5934,7.0
selected_two_stage_av,pass,1.3473,7.0
selected_two_stage_av,pass,-1.821,1.0
selected_two_stage_av,pass,-2.6801,4.0
selected_two_stage_av,pass,-0.4029,0.0
selected_two_stage_av,pass,-1.3102,5.0
selected_two_stage_av,pass,-2.4624,2.0
selected_two_stage_av,pass,2.3786,5.0
selected_two_stage_av,pass,0.061,3.0
selected_two_stage_av,pass,-0.7243,3.0
selected_two_stage_av,pass,-1.9233,4.0
selected_two_stage_av,pass,-1.176,2.0
selected_two_stage_av,pass,0.5532,0.0
selected_two_stage_av,pass,-2.9263,3.0
selected_two_stage_av,pass,0.8462,10.0
selected_two_stage_av,pass,-1.235,0.0
selected_two_stage_av,pass,-0.3439,3.0
selected_two_stage_av,pass,-0.9889,0.0
selected_two_stage_av,pass,-0.3439,3.0
selected_two_stage_av,pass,0.3539,5.0
selected_two_stage_av,pass,-2.4155,1.0
selected_two_stage_av,pass,-0.649,0.0
selected_two_stage_av,pass,-0.59,5.0
selected_two_stage_av,pass,-1.821,5.0
selected_two_stage_av,pass,2.4255,6.0
selected_two_stage_av,pass,0.1362,0.0
selected_two_stage_av,pass,-0.356,0.0
selected_two_stage_av,pass,-1.8481,1.0
selected_two_stage_av,pass,-0.883,8.0
selected_two_stage_av,pass,1.6403,6.0
selected_two_stage_av,pass,-0.649,5.0
selected_two_stage_av,pass,-0.942,3.0
selected_two_stage_av,pass,-0.7711,2.0
selected_two_stage_av,pass,-0.1852,6.0
selected_two_stage_av,pass,0.4882,0.0
selected_two_stage_av,pass,0.1952,0.0
selected_two_stage_av,pass,-1.3102,5.0
selected_two_stage_av,pass,-0.1852,0.0
selected_two_stage_av,pass,0.242,8.0
selected_two_stage_av,pass,-0.4498,0.0
selected_two_stage_av,pass,0.8082,6.0
selected_two_stage_av,pass,0.5621,3.0
selected_two_stage_av,pass,-0.0978,0.0
selected_two_stage_av,pass,1.6403,8.0
selected_two_stage_av,pass,-1.3373,2.0
selected_two_stage_av,pass,0.6001,3.0
selected_two_stage_av,pass,-0.649,0.0
selected_two_stage_av,pass,-1.6303,2.0
selected_two_stage_av,pass,0.1078,0.0
selected_two_stage_av,pass,-0.4029,3.0
selected_two_stage_av,pass,0.8082,1.0
selected_two_stage_av,pass,-1.1292,6.0
selected_two_stage_av,pass,-0.2971,5.0
selected_two_stage_av,pass,-0.7982,1.0
selected_two_stage_av,pass,-2.6801,3.0
selected_two_stage_av,pass,0.1952,0.0
selected_two_stage_av,pass,-2.9263,2.0
selected_two_stage_av,pass,-1.6772,4.0
selected_two_stage_av,pass,0.1952,4.0
selected_two_stage_av,pass,-0.649,0.0
selected_two_stage_av,pass,0.1952,0.0
selected_two_stage_av,pass,-0.0509,2.0
selected_two_stage_av,pass,-1.176,3.0
selected_two_stage_av,pass,-0.0239,7.0
selected_two_stage_av,pass,-1.3373,4.0
selected_two_stage_av,pass,-0.6369,0.0
selected_two_stage_av,pass,-0.9889,0.0
selected_two_stage_av,pass,-0.7428,0.0
selected_two_stage_av,pass,-0.7711,3.0
selected_two_stage_av,pass,-2.3872,1.0
selected_two_stage_av,pass,-1.176,0.0
selected_two_stage_av,pass,-2.6801,3.0
selected_two_stage_av,pass,1.0074,4.0
selected_two_stage_av,pass,1.1392,3.0
selected_two_stage_av,pass,-1.4221,2.0
selected_two_stage_av,pass,-2.3872,3.0
selected_two_stage_av,pass,-0.0041,2.0
selected_two_stage_av,pass,0.7613,5.0
selected_two_stage_av,pass,-2.4155,3.0
selected_two_stage_av,pass,-1.6303,6.0
selected_two_stage_av,pass,-1.4811,5.0
selected_two_stage_av,pass,0.9214,0.0
selected_two_stage_av,pass,-1.176,5.0
selected_two_stage_av,pass,0.5621,5.0
selected_two_stage_av,pass,0.1952,0.0
selected_two_stage_av,pass,-2.1694,3.0
selected_two_stage_av,pass,-3.2193,2.0
selected_two_stage_av,pass,0.6001,7.0
selected_two_stage_av,pass,-1.4221,7.0
selected_two_stage_av,pass,-1.8949,4.0
selected_two_stage_av,pass,-0.1568,0.0
selected_two_stage_av,pass,-0.232,6.0
selected_two_stage_av,pass,-0.3439,0.0
selected_two_stage_av,pass,-0.0509,3.0
selected_two_stage_av,pass,-1.6303,4.0
selected_two_stage_av,pass,-2.3403,2.0
selected_two_stage_av,pass,-1.8295,4.0
selected_two_stage_av,pass,-2.5864,5.0
selected_two_stage_av,pass,1.5934,8.0
selected_two_stage_av,pass,-0.59,8.0
selected_two_stage_av,pass,-0.4029,2.0
selected_two_stage_av,pass,-0.0978,3.0
selected_two_stage_av,pass,0.1483,3.0
selected_two_stage_av,pass,0.1483,3.0
selected_two_stage_av,pass,-0.7428,0.0
selected_two_stage_av,pass,-0.4498,6.0
selected_two_stage_av,pass,-0.6959,2.0
selected_two_stage_av,pass,-0.0978,3.0
selected_two_stage_av,pass,-2.141,2.0
selected_two_stage_av,pass,-2.4155,3.0
selected_two_stage_av,pass,1.9333,9.0
selected_two_stage_av,pass,0.1483,3.0
selected_two_stage_av,pass,-2.6333,3.0
selected_two_stage_av,pass,-2.6801,4.0
selected_two_stage_av,pass,-1.6303,2.0
selected_two_stage_av,pass,1.3473,4.0
selected_two_stage_av,pass,-2.6333,1.0
selected_two_stage_av,pass,-0.232,0.0
selected_two_stage_av,pass,-0.1852,3.0
selected_two_stage_av,pass,-0.3908,0.0
selected_two_stage_av,pass,-2.3403,2.0
selected_two_stage_av,pass,-1.0443,7.0
selected_two_stage_av,pass,0.1078,0.0
selected_two_stage_av,pass,-1.8481,4.0
selected_two_stage_av,pass,-0.0509,3.0
selected_two_stage_av,pass,1.1012,8.0
selected_two_stage_av,pass,0.7343,4.0
selected_two_stage_av,pass,-1.6303,4.0
selected_two_stage_av,pass,0.1952,5.0
selected_two_stage_av,pass,-1.8012,6.0
selected_two_stage_av,pass,-0.4313,5.0
selected_two_stage_av,pass,-0.942,3.0
selected_two_stage_av,pass,0.6469,0.0
selected_two_stage_av,pass,-2.0942,5.0
selected_two_stage_av,pass,-0.0978,0.0
selected_two_stage_av,pass,0.7811,0.0
selected_two_stage_av,pass,-2.3872,5.0
selected_two_stage_av,pass,0.2691,7.0
selected_two_stage_av,pass,-0.4781,5.0
selected_two_stage_av,pass,-0.7711,5.0
selected_two_stage_av,pass,-3.1724,3.0
selected_two_stage_av,pass,-0.9889,0.0
selected_two_stage_av,pass,-0.6959,4.0
selected_two_stage_av,pass,-0.6369,1.0
selected_two_stage_av,pass,0.0141,0.0
selected_two_stage_av,pass,-0.4498,0.0
selected_two_stage_av,pass,-2.6801,0.0
selected_two_stage_av,pass,0.2222,5.0
selected_two_stage_av,pass,-2.4155,5.0
selected_two_stage_av,pass,-0.0509,3.0
selected_two_stage_av,pass,0.7613,6.0
selected_two_stage_av,pass,-0.59,4.0
selected_two_stage_av,pass,-0.356,0.0
selected_two_stage_av,pass,-2.6333,4.0
selected_two_stage_av,pass,0.5152,7.0
selected_two_stage_av,pass,0.6001,0.0
selected_two_stage_av,pass,-0.4029,4.0
selected_two_stage_av,pass,-0.0509,0.0
selected_two_stage_av,pass,-1.6303,5.0
selected_two_stage_av,pass,1.4322,0.0
selected_two_stage_av,pass,0.061,5.0
selected_two_stage_av,pass,-1.4811,1.0
selected_two_stage_av,pass,0.6001,6.0
selected_two_stage_av,pass,0.1078,6.0
selected_two_stage_av,pass,-1.235,3.0
selected_two_stage_av,pass,0.3539,0.0
selected_two_stage_av,pass,-1.528,0.0
selected_two_stage_av,pass,-2.1694,4.0
selected_two_stage_av,pass,0.4882,4.0
selected_two_stage_av,pass,1.6783,0.0
selected_two_stage_av,pass,0.242,4.0
selected_two_stage_av,pass,1.1392,7.0
selected_two_stage_av,pass,-1.8949,7.0
selected_two_stage_av,pass,-1.5551,2.0
selected_two_stage_av,pass,-1.528,3.0
selected_two_stage_av,pass,-2.3403,4.0
selected_two_stage_av,pass,-2.9731,4.0
selected_two_stage_av,pass,-0.5521,7.0
selected_two_stage_av,pass,-0.0978,6.0
selected_two_stage_av,pass,-0.0978,5.0
selected_two_stage_av,pass,-2.1694,3.0
selected_two_stage_av,pass,0.061,1.0
selected_two_stage_av,pass,-0.4029,3.0
selected_two_stage_av,pass,0.9804,0.0
selected_two_stage_av,pass,-1.6772,3.0
selected_two_stage_av,pass,-2.9263,4.0
selected_two_stage_av,pass,1.0074,3.0
selected_two_stage_av,pass,0.6469,0.0
selected_two_stage_av,pass,-0.649,0.0
selected_two_stage_av,pass,-0.3439,2.0
selected_two_stage_av,pass,-0.0509,7.0
selected_two_stage_av,pass,-0.2037,0.0
selected_two_stage_av,pass,-1.7151,2.0
selected_two_stage_av,pass,1.3473,6.0
selected_two_stage_av,pass,-0.7428,0.0
selected_two_stage_av,pass,-0.9889,0.0
selected_two_stage_av,pass,-0.6369,4.0
selected_two_stage_av,pass,-0.8451,6.0
selected_two_stage_av,pass,0.1952,3.0
selected_two_stage_av,pass,-1.6019,3.0
selected_two_stage_av,pass,0.2691,5.0
selected_two_stage_av,pass,-1.8481,5.0
selected_two_stage_av,pass,-1.6772,4.0
selected_two_stage_av,pass,1.3473,4.0
selected_two_stage_av,pass,0.1952,4.0
selected_two_stage_av,pass,-0.6959,0.0
selected_two_stage_av,pass,-1.235,0.0
selected_two_stage_av,pass,-1.235,1.0
selected_two_stage_av,pass,-1.8481,4.0
selected_two_stage_av,pass,-0.883,0.0
selected_two_stage_av,pass,0.5152,6.0
selected_two_stage_av,pass,-0.4781,8.0
selected_two_stage_av,pass,-1.8764,1.0
selected_two_stage_av,pass,1.3004,10.0
selected_two_stage_av,pass,-0.6369,3.0
selected_two_stage_av,pass,0.4882,0.0
selected_two_stage_av,pass,1.3942,6.0
selected_two_stage_av,pass,-2.434,1.0
selected_two_stage_av,pass,-2.6333,4.0
selected_two_stage_av,pass,-1.176,0.0
selected_two_stage_av,pass,-1.235,6.0
selected_two_stage_av,pass,-2.6333,2.0
selected_two_stage_av,pass,-0.649,6.0
selected_two_stage_av,pass,2.2263,9.0
selected_two_stage_av,pass,-0.0978,2.0
selected_two_stage_av,pass,-1.9233,5.0
selected_two_stage_av,pass,-1.176,5.0
selected_two_stage_av,pass,-2.1694,5.0
selected_two_stage_av,pass,-0.818,5.0
selected_two_stage_av,pass,1.3473,6.0
selected_two_stage_av,pass,-0.7982,4.0
selected_two_stage_av,pass,0.5152,6.0
selected_two_stage_av,pass,0.242,0.0
selected_two_stage_av,pass,-0.883,3.0
selected_two_stage_av,pass,-1.1881,0.0
selected_two_stage_av,pass,-0.0509,5.0
selected_two_stage_av,pass,1.5934,8.0
selected_two_stage_av,pass,0.3354,3.0
selected_two_stage_av,pass,-0.2971,0.0
selected_two_stage_av,pass,-1.4221,3.0
selected_two_stage_av,pass,0.4292,0.0
selected_two_stage_av,pass,-0.1447,0.0
selected_two_stage_av,pass,-1.3373,4.0
selected_two_stage_av,pass,-0.6369,5.0
selected_two_stage_av,pass,-0.942,0.0
selected_two_stage_av,pass,-2.9263,4.0
selected_two_stage_av,pass,-0.649,0.0
selected_two_stage_av,pass,-1.0443,4.0
selected_two_stage_av,pass,-0.4313,5.0
selected_two_stage_av,pass,-1.2621,2.0
selected_two_stage_av,pass,0.6001,0.0
selected_two_stage_av,pass,-2.6801,4.0
selected_two_stage_av,pass,-0.0509,3.0
selected_two_stage_av,pass,-0.4498,0.0
selected_two_stage_av,pass,-0.3439,8.0
selected_two_stage_av,pass,-2.8794,5.0
selected_two_stage_av,pass,0.4008,0.0
selected_two_stage_av,pass,-0.6369,6.0
selected_two_stage_av,pass,-0.4498,0.0
selected_two_stage_av,pass,0.242,3.0
selected_two_stage_av,pass,-0.7243,8.0
selected_two_stage_av,pass,-0.2037,2.0
selected_two_stage_av,pass,-1.8012,2.0
selected_two_stage_av,pass,-0.1568,6.0
selected_two_stage_av,pass,-0.0509,3.0
selected_two_stage_av,pass,-0.3439,3.0
selected_two_stage_av,pass,0.7613,7.0
selected_two_stage_av,pass,-1.3373,4.0
selected_two_stage_av,pass,0.9399,0.0
selected_two_stage_av,pass,-1.821,0.0
selected_two_stage_av,pass,-0.59,7.0
selected_two_stage_av,pass,-0.4029,2.0
selected_two_stage_av,pass,-0.6959,4.0
selected_two_stage_av,pass,0.3823,0.0
selected_two_stage_av,pass,0.3071,4.0
selected_two_stage_av,pass,-1.8481,4.0
selected_two_stage_av,pass,-1.6303,3.0
selected_two_stage_av,pass,-1.3373,4.0
selected_two_stage_av,pass,1.8395,8.0
selected_two_stage_av,pass,1.0543,5.0
selected_two_stage_av,pass,-2.0942,4.0
selected_two_stage_av,pass,-1.0912,2.0
selected_two_stage_av,pass,1.1012,7.0
selected_two_stage_av,pass,-2.3403,1.0
selected_two_stage_av,pass,-0.883,5.0
selected_two_stage_av,pass,-0.4029,0.0
selected_two_stage_av,pass,-0.3439,5.0
selected_two_stage_av,pass,-1.8764,4.0
selected_two_stage_av,pass,-1.5551,3.0
selected_two_stage_av,pass,-2.4624,5.0
selected_two_stage_av,pass,0.1362,4.0
selected_two_stage_av,pass,-0.356,6.0
selected_two_stage_av,pass,-0.2037,0.0
selected_two_stage_av,pass,0.9399,0.0
selected_two_stage_av,pass,-0.3439,2.0
selected_two_stage_av,pass,-1.6303,2.0
selected_two_stage_av,pass,-2.141,4.0
selected_two_stage_av,pass,-1.5082,3.0
selected_two_stage_av,pass,0.3823,5.0
selected_two_stage_av,pass,-0.0509,4.0
selected_two_stage_av,pass,-0.4498,0.0
selected_two_stage_av,pass,0.8931,0.0
selected_two_stage_av,pass,-0.3439,6.0
selected_two_stage_av,pass,1.1012,3.0
selected_two_stage_av,pass,-2.0942,3.0
selected_two_stage_av,pass,-1.9233,1.0
selected_two_stage_av,pass,-0.0509,6.0
selected_two_stage_av,pass,-0.3908,10.0
selected_two_stage_av,pass,0.0141,7.0
selected_two_stage_av,pass,-0.0509,7.0
selected_two_stage_av,pass,-0.2037,0.0
selected_two_stage_av,pass,1.0543,10.0
selected_two_stage_av,pass,-0.6959,0.0
selected_two_stage_av,pass,-2.4155,3.0
selected_two_stage_av,pass,-0.59,0.0
selected_two_stage_av,pass,-0.4498,0.0
selected_two_stage_av,pass,-0.4498,0.0
selected_two_stage_av,pass,1.5934,5.0
selected_two_stage_av,pass,0.061,0.0
selected_two_stage_av,pass,0.8462,4.0
selected_two_stage_av,pass,-0.6369,1.0
selected_two_stage_av,pass,-0.4781,0.0
selected_two_stage_av,pass,1.1012,6.0
selected_two_stage_av,pass,-0.59,0.0
selected_two_stage_av,pass,-1.3842,8.0
selected_two_stage_av,pass,-0.5521,2.0
selected_two_stage_av,pass,-0.6369,2.0
selected_two_stage_av,pass,-0.0978,4.0
selected_two_stage_av,pass,-0.942,0.0
selected_two_stage_av,pass,0.1952,3.0
selected_two_stage_av,pass,-0.1568,0.0
selected_two_stage_av,pass,-0.6838,3.0
selected_two_stage_av,pass,-0.0978,7.0
selected_two_stage_av,pass,-0.232,6.0
selected_two_stage_av,pass,0.061,0.0
selected_two_stage_av,pass,1.0543,6.0
selected_two_stage_av,pass,1.1012,7.0
selected_two_stage_av,pass,-1.0912,7.0
selected_two_stage_av,pass,-0.6959,0.0
selected_two_stage_av,pass,-1.528,0.0
selected_two_stage_av,pass,0.6001,0.0
selected_two_stage_av,pass,-0.4781,2.0
selected_two_stage_av,pass,-0.9889,0.0
selected_two_stage_av,pass,-0.0509,0.0
selected_two_stage_av,pass,-0.6369,6.0
selected_two_stage_av,pass,0.1078,0.0
selected_two_stage_av,pass,-0.6959,2.0
selected_two_stage_av,pass,-3.0015,3.0
selected_two_stage_av,pass,0.0893,0.0
selected_two_stage_av,pass,1.0543,7.0
selected_two_stage_av,pass,0.9399,0.0
selected_two_stage_av,pass,-1.2819,0.0
selected_two_stage_av,pass,0.3071,7.0
selected_two_stage_av,pass,-1.6772,4.0
selected_two_stage_av,pass,-0.7711,0.0
selected_two_stage_av,pass,-2.3872,5.0
selected_two_stage_av,pass,-0.8451,1.0
selected_two_stage_av,pass,0.4008,0.0
selected_two_stage_av,pass,-0.942,0.0
selected_two_stage_av,pass,-0.6369,0.0
selected_two_stage_av,pass,-0.1099,3.0
selected_two_stage_av,pass,-2.141,3.0
selected_two_stage_av,pass,-1.6303,4.0
selected_two_stage_av,pass,-1.0912,4.0
selected_two_stage_av,pass,-1.1381,3.0
selected_two_stage_av,pass,1.1012,7.0
selected_two_stage_av,pass,0.8082,9.0
selected_two_stage_av,pass,-2.727,4.0
selected_two_stage_av,pass,-0.0509,6.0
selected_two_stage_av,pass,0.061,2.0
selected_two_stage_av,pass,1.3942,9.0
selected_two_stage_av,pass,0.1483,7.0
selected_two_stage_av,pass,0.8931,4.0
selected_two_stage_av,pass,-0.59,4.0
selected_two_stage_av,pass,-0.7428,0.0
selected_two_stage_av,pass,-2.4624,3.0
selected_two_stage_av,pass,-0.4029,4.0
selected_two_stage_av,pass,-0.1852,8.0
selected_two_stage_av,pass,0.6001,0.0
selected_two_stage_av,pass,-2.1694,4.0
selected_two_stage_av,pass,-1.1292,3.0
selected_two_stage_av,pass,0.0893,0.0
selected_two_stage_av,pass,-2.0671,0.0
selected_two_stage_av,pass,-0.6369,0.0
selected_two_stage_av,pass,0.7613,5.0
selected_two_stage_av,pass,-0.0978,3.0
selected_two_stage_av,pass,-0.883,3.0
selected_two_stage_av,pass,1.3473,8.0
selected_two_stage_av,pass,-1.8012,2.0
selected_two_stage_av,pass,-1.1381,4.0
selected_two_stage_av,pass,-0.6959,0.0
selected_two_stage_av,pass,-2.3872,4.0
selected_two_stage_av,pass,-1.3373,3.0
selected_two_stage_av,pass,0.061,6.0
selected_two_stage_av,pass,-0.9889,0.0
selected_two_stage_av,pass,-0.6959,3.0
selected_two_stage_av,pass,-2.8794,3.0
selected_two_stage_av,pass,-0.232,0.0
selected_two_stage_av,pass,0.4413,5.0
selected_two_stage_av,pass,-0.942,6.0
selected_two_stage_av,pass,-2.9263,2.0
selected_two_stage_av,pass,0.2222,7.0
selected_two_stage_av,pass,-2.1694,1.0
selected_two_stage_av,pass,1.0543,6.0
selected_two_stage_av,pass,-0.59,0.0
selected_two_stage_av,pass,-1.821,4.0
selected_two_stage_av,pass,-1.8481,2.0
selected_two_stage_av,pass,0.3539,0.0
selected_two_stage_av,pass,-0.9889,3.0
selected_two_stage_av,pass,0.535,3.0
selected_two_stage_av,pass,0.061,7.0
selected_two_stage_av,pass,-0.883,1.0
selected_two_stage_av,pass,-0.6838,3.0
selected_two_stage_av,pass,0.5152,5.0
selected_two_stage_av,pass,0.061,2.0
selected_two_stage_av,pass,-2.9731,7.0
selected_two_stage_av,pass,-0.0509,0.0
selected_two_stage_av,pass,-2.3872,5.0
selected_two_stage_av,pass,-1.762,2.0
selected_two_stage_av,pass,-0.0978,2.0
selected_two_stage_av,pass,-0.5521,4.0
selected_two_stage_av,pass,0.0893,0.0
selected_two_stage_av,pass,0.5152,6.0
selected_two_stage_av,pass,-0.4498,0.0
selected_two_stage_av,pass,-1.528,6.0
selected_two_stage_av,pass,0.6469,0.0
selected_two_stage_av,pass,-0.232,3.0
selected_two_stage_av,pass,-1.3842,3.0
selected_two_stage_av,pass,0.1952,0.0
selected_two_stage_av,pass,0.3539,0.0
selected_two_stage_av,pass,0.5621,8.0
selected_two_stage_av,pass,-0.6959,0.0
selected_two_stage_av,pass,-0.1383,5.0
selected_two_stage_av,pass,-0.1383,3.0
selected_two_stage_av,pass,-0.2971,6.0
selected_two_stage_av,pass,-2.3872,4.0
selected_two_stage_av,pass,-0.4313,0.0
selected_two_stage_av,pass,1.0543,7.0
selected_two_stage_av,pass,-1.5834,3.0
selected_two_stage_av,pass,0.1362,0.0
selected_two_stage_av,pass,-2.9263,3.0
selected_two_stage_av,pass,0.1362,2.0
selected_two_stage_av,pass,-2.6333,2.0
selected_two_stage_av,pass,0.3354,0.0
selected_two_stage_av,pass,-0.59,3.0
selected_two_stage_av,pass,-1.1881,0.0
selected_two_stage_av,pass,1.0543,9.0
selected_two_stage_av,pass,-0.4498,3.0
selected_two_stage_av,pass,-0.232,0.0
selected_two_stage_av,pass,-0.59,0.0
selected_two_stage_av,pass,0.061,3.0
selected_two_stage_av,pass,-2.6333,2.0
selected_two_stage_av,pass,0.8082,8.0
selected_two_stage_av,pass,-0.232,0.0
selected_two_stage_av,pass,1.6403,5.0
selected_two_stage_av,pass,-2.0942,4.0
selected_two_stage_av,pass,2.1794,5.0
selected_two_stage_av,pass,-0.232,6.0
selected_two_stage_av,pass,-1.1292,2.0
selected_two_stage_av,pass,0.4413,0.0
selected_two_stage_av,pass,-0.2971,2.0
selected_two_stage_av,pass,-0.818,0.0
selected_two_stage_av,pass,-0.4498,4.0
selected_two_stage_av,pass,0.8551,6.0
selected_two_stage_av,pass,1.3473,7.0
selected_two_stage_av,pass,-0.59,6.0
selected_two_stage_av,pass,-1.176,0.0
selected_two_stage_av,pass,-0.0978,4.0
selected_two_stage_av,pass,0.6001,6.0
selected_two_stage_av,pass,-0.649,0.0
selected_two_stage_av,pass,-2.3872,0.0
selected_two_stage_av,pass,1.6403,9.0
selected_two_stage_av,pass,-0.3439,4.0
selected_two_stage_av,pass,-2.3872,5.0
selected_two_stage_av,pass,-0.0041,0.0
selected_two_stage_av,pass,-0.4029,0.0
selected_two_stage_av,pass,1.1392,0.0
selected_two_stage_av,pass,-2.2163,3.0
selected_two_stage_av,pass,1.0543,4.0
selected_two_stage_av,pass,-0.942,4.0
selected_two_stage_av,pass,1.4322,0.0
selected_two_stage_av,pass,0.3539,0.0
selected_two_stage_av,pass,-2.3872,6.0
selected_two_stage_av,pass,1.0074,9.0
selected_two_stage_av,pass,-2.3403,3.0
selected_two_stage_av,pass,0.8462,4.0
selected_two_stage_av,pass,-2.0942,3.0
selected_two_stage_av,pass,1.3942,3.0
selected_two_stage_av,pass,-0.942,0.0
selected_two_stage_av,pass,0.7343,3.0
selected_two_stage_av,pass,2.4255,10.0
selected_two_stage_av,pass,-0.5521,5.0
selected_two_stage_av,pass,1.6403,7.0
selected_two_stage_av,pass,-0.818,0.0
selected_two_stage_av,pass,0.1362,3.0
selected_two_stage_av,pass,-1.235,0.0
selected_two_stage_av,pass,0.1078,0.0
selected_two_stage_av,pass,-0.0509,0.0
selected_two_stage_av,pass,-0.6369,3.0
selected_two_stage_av,pass,1.0543,6.0
selected_two_stage_av,pass,-1.1292,5.0
selected_two_stage_av,pass,-0.0509,5.0
selected_two_stage_av,pass,-1.235,0.0
selected_two_stage_av,pass,-1.0358,0.0
selected_two_stage_av,pass,-2.3872,3.0
selected_two_stage_av,pass,-0.6959,0.0
selected_two_stage_av,pass,-0.6369,8.0
selected_two_stage_av,pass,-0.883,3.0
selected_two_stage_av,pass,0.4292,5.0
selected_two_stage_av,pass,-2.7085,5.0
selected_two_stage_av,pass,1.6403,5.0
selected_two_stage_av,pass,2.1794,8.0
selected_two_stage_av,pass,0.8082,9.0
selected_two_stage_av,pass,-0.3439,2.0
selected_two_stage_av,pass,-1.9233,1.0
selected_two_stage_av,pass,1.3473,4.0
selected_two_stage_av,pass,-0.6369,2.0
selected_two_stage_av,pass,-1.235,0.0
selected_two_stage_av,pass,0.3539,0.0
selected_two_stage_av,pass,1.6872,6.0
selected_two_stage_av,pass,0.4413,7.0
selected_two_stage_av,pass,0.8931,0.0
selected_two_stage_av,pass,1.5934,5.0
selected_two_stage_av,pass,0.1483,2.0
selected_two_stage_av,pass,-0.6369,4.0
selected_two_stage_av,pass,-0.1099,0.0
selected_two_stage_av,pass,0.7343,10.0
selected_two_stage_av,pass,-1.5551,5.0
selected_two_stage_av,pass,1.0543,1.0
selected_two_stage_av,pass,0.1078,3.0
selected_two_stage_av,pass,0.1362,0.0
selected_two_stage_av,pass,-0.1852,3.0
selected_two_stage_av,pass,1.3473,6.0
selected_two_stage_av,pass,-0.9889,0.0
selected_two_stage_av,pass,-1.235,0.0
selected_two_stage_av,pass,0.061,4.0
selected_two_stage_av,pass,-0.356,0.0
selected_two_stage_av,pass,-1.8481,3.0
selected_two_stage_av,pass,-2.9263,2.0
selected_two_stage_av,pass,-3.2193,0.0
selected_two_stage_av,pass,-3.1724,3.0
selected_two_stage_av,pass,-0.1568,0.0
selected_two_stage_av,pass,-0.232,2.0
selected_two_stage_av,pass,-0.6959,3.0
selected_two_stage_av,pass,-0.6959,0.0
selected_two_stage_av,pass,-3.5122,2.0
selected_two_stage_av,pass,-2.7085,3.0
selected_two_stage_av,pass,-0.6369,4.0
selected_two_stage_av,pass,-0.6959,3.0
selected_two_stage_av,pass,-0.3439,5.0
selected_two_stage_av,pass,-1.235,0.0
selected_two_stage_av,pass,-1.6772,2.0
selected_two_stage_av,pass,-0.649,0.0
selected_two_stage_av,pass,-0.649,1.0
selected_two_stage_av,pass,-1.4221,3.0
selected_two_stage_av,pass,0.3539,8.0
selected_two_stage_av,pass,-0.3439,6.0
selected_two_stage_av,pass,0.4882,0.0
selected_two_stage_av,pass,-0.4967,2.0
selected_two_stage_av,pass,1.0543,7.0
selected_two_stage_av,pass,-0.883,5.0
selected_two_stage_av,pass,-1.0641,8.0
selected_two_stage_av,pass,-2.3403,3.0
selected_two_stage_av,pass,0.5532,2.0
selected_two_stage_av,pass,0.0141,7.0
selected_two_stage_av,pass,-0.3439,4.0
selected_two_stage_av,pass,1.1012,6.0
selected_two_stage_av,pass,1.1012,9.0
selected_two_stage_av,pass,-1.1881,4.0
selected_two_stage_av,pass,-2.6333,3.0
selected_two_stage_av,pass,-0.59,5.0
selected_two_stage_av,pass,-0.9299,0.0
selected_two_stage_av,pass,-2.3872,4.0
selected_two_stage_av,pass,0.3823,0.0
selected_two_stage_av,pass,0.6001,0.0
selected_two_stage_av,pass,-0.3439,2.0
selected_two_stage_av,pass,-3.2193,2.0
selected_two_stage_av,pass,0.0424,0.0
selected_two_stage_av,pass,-0.7428,0.0
selected_two_stage_av,pass,-0.1099,0.0
selected_two_stage_av,pass,0.6469,4.0
selected_two_stage_av,pass,-1.0358,0.0
selected_two_stage_av,pass,-0.4781,7.0
selected_two_stage_av,pass,0.4413,7.0
selected_two_stage_av,pass,-0.2971,0.0
selected_two_stage_av,pass,-0.942,0.0
selected_two_stage_av,pass,-1.3102,5.0
selected_two_stage_av,pass,-0.0978,3.0
selected_two_stage_av,pass,-0.1099,0.0
selected_two_stage_av,pass,-0.4781,7.0
selected_two_stage_av,pass,0.7811,2.0
selected_two_stage_av,pass,-0.6369,3.0
selected_two_stage_av,pass,-1.016,5.0
selected_two_stage_av,pass,-0.0978,0.0
selected_two_stage_av,pass,-0.1852,9.0
selected_two_stage_av,pass,-0.1099,2.0
selected_two_stage_av,pass,-1.469,3.0
selected_two_stage_av,pass,0.3539,0.0
selected_two_stage_av,pass,2.4255,7.0
selected_two_stage_av,pass,0.8082,8.0
selected_two_stage_av,pass,-0.4029,0.0
selected_two_stage_av,pass,-0.4029,0.0
selected_two_stage_av,pass,0.8462,0.0
selected_two_stage_av,pass,0.0893,2.0
selected_two_stage_av,pass,-0.9889,4.0
selected_two_stage_av,pass,-2.4155,2.0
selected_two_stage_av,pass,-1.469,0.0
selected_two_stage_av,pass,-0.942,5.0
selected_two_stage_av,pass,1.3473,7.0
selected_two_stage_av,pass,-1.2819,4.0
selected_two_stage_av,pass,-0.3908,10.0
selected_two_stage_av,pass,-1.4811,1.0
selected_two_stage_av,pass,-1.8764,2.0
selected_two_stage_av,pass,1.6403,7.0
selected_two_stage_av,pass,0.8082,7.0
selected_two_stage_av,pass,-1.1881,0.0
selected_two_stage_av,pass,0.061,4.0
selected_two_stage_av,pass,0.061,7.0
selected_two_stage_av,pass,-0.0041,0.0
selected_two_stage_av,pass,-0.3439,0.0
selected_two_stage_av,pass,-0.883,5.0
selected_two_stage_av,pass,-0.7711,1.0
selected_two_stage_av,pass,-0.6099,2.0
selected_two_stage_av,pass,0.5532,7.0
selected_two_stage_av,pass,0.6001,0.0
selected_two_stage_av,pass,-0.7243,4.0
selected_two_stage_av,pass,0.5621,4.0
selected_two_stage_av,pass,-0.942,0.0
selected_two_stage_av,pass,-0.1099,0.0
selected_two_stage_av,pass,0.6001,4.0
selected_two_stage_av,pass,-0.0978,0.0
selected_two_stage_av,pass,-0.232,5.0
selected_two_stage_av,pass,-0.649,0.0
selected_two_stage_av,pass,-0.4029,2.0
selected_two_stage_av,pass,-1.176,0.0
selected_two_stage_av,pass,-0.9299,3.0
selected_two_stage_av,pass,-0.7428,0.0
selected_two_stage_av,pass,0.3539,2.0
selected_two_stage_av,pass,0.4413,4.0
selected_two_stage_av,pass,-2.6801,4.0
selected_two_stage_av,pass,-2.3872,2.0
selected_two_stage_av,pass,-2.8794,4.0
selected_two_stage_av,pass,0.0141,0.0
selected_two_stage_av,pass,0.2691,5.0
selected_two_stage_av,pass,-0.4498,5.0
selected_two_stage_av,pass,-0.0509,5.0
selected_two_stage_av,pass,-2.8794,2.0
selected_two_stage_av,pass,0.1362,1.0
selected_two_stage_av,pass,-1.7741,0.0
selected_two_stage_av,pass,1.0543,5.0
selected_two_stage_av,pass,-0.6959,0.0
selected_two_stage_av,pass,-1.3842,3.0
selected_two_stage_av,pass,2.1325,8.0
selected_two_stage_av,pass,-0.883,3.0
selected_two_stage_av,pass,-2.1225,4.0
selected_two_stage_av,pass,-1.0912,4.0
selected_two_stage_av,pass,-0.9889,3.0
selected_two_stage_av,pass,0.4882,7.0
selected_two_stage_av,pass,-1.5834,4.0
selected_two_stage_av,pass,1.5465,5.0
selected_two_stage_av,pass,1.3942,4.0
selected_two_stage_av,pass,-1.2229,3.0
selected_two_stage_av,pass,0.3071,0.0
selected_two_stage_av,pass,-0.4498,3.0
selected_two_stage_av,pass,-0.6369,6.0
selected_two_stage_av,pass,-0.3439,1.0
selected_two_stage_av,pass,-0.6369,3.0
selected_two_stage_av,pass,0.1952,5.0
selected_two_stage_av,pass,-0.6369,0.0
selected_two_stage_av,pass,-0.4029,0.0
selected_two_stage_av,pass,-1.7741,3.0
selected_two_stage_av,pass,-0.4029,0.0
selected_two_stage_av,pass,-1.6772,2.0
selected_two_stage_av,pass,0.8082,9.0
selected_two_stage_av,pass,-0.4781,0.0
selected_two_stage_av,pass,2.1794,8.0
selected_two_stage_av,pass,-0.0509,0.0
selected_two_stage_av,pass,-0.9889,2.0
selected_two_stage_av,pass,-0.6959,0.0
selected_two_stage_av,pass,-0.4029,0.0
selected_two_stage_av,pass,-0.3439,6.0
selected_two_stage_av,pass,-0.7711,0.0
selected_two_stage_av,pass,-0.9889,0.0
selected_two_stage_av,pass,-0.3908,4.0
selected_two_stage_av,pass,-0.649,0.0
selected_two_stage_av,pass,-0.6959,0.0
selected_two_stage_av,pass,-0.0041,6.0
selected_two_stage_av,pass,-0.9299,8.0
selected_two_stage_av,pass,0.6001,0.0
selected_two_stage_av,pass,-0.6959,5.0
selected_two_stage_av,pass,-0.0509,0.0
selected_two_stage_av,pass,1.8864,4.0
selected_two_stage_av,pass,-0.9889,0.0
selected_two_stage_av,pass,1.3942,6.0
selected_two_stage_av,pass,-0.59,4.0
selected_two_stage_av,pass,0.1362,0.0
selected_two_stage_av,pass,-0.59,9.0
selected_two_stage_av,pass,-0.4029,4.0
selected_two_stage_av,pass,-2.6333,4.0
selected_two_stage_av,pass,-0.883,0.0
selected_two_stage_av,pass,0.2602,6.0
selected_two_stage_av,pass,0.6001,0.0
selected_two_stage_av,pass,1.0543,6.0
selected_two_stage_av,pass,-1.1381,6.0
selected_two_stage_av,pass,0.1078,3.0
selected_two_stage_av,pass,-0.3439,0.0
selected_two_stage_av,pass,1.3004,2.0
selected_two_stage_av,pass,-1.235,3.0
selected_two_stage_av,pass,-0.0509,6.0
selected_two_stage_av,pass,-0.0708,6.0
selected_two_stage_av,pass,-2.1694,2.0
selected_two_stage_av,pass,-0.649,4.0
selected_two_stage_av,pass,-0.4498,4.0
selected_two_stage_av,pass,-0.0978,8.0
selected_two_stage_av,pass,-0.6959,1.0
selected_two_stage_av,pass,-1.4811,2.0
selected_two_stage_av,pass,-0.6959,2.0
selected_two_stage_av,pass,-0.6959,0.0
selected_two_stage_av,pass,-2.0942,4.0
selected_two_stage_av,pass,-1.176,4.0
selected_two_stage_av,pass,-1.4221,1.0
selected_two_stage_av,pass,1.1012,7.0
selected_two_stage_av,pass,-0.942,5.0
selected_two_stage_av,pass,-0.8362,5.0
selected_two_stage_av,pass,-0.6959,4.0
selected_two_stage_av,pass,-0.4029,4.0
selected_two_stage_av,pass,-0.1852,5.0
selected_two_stage_av,pass,1.1012,6.0
selected_two_stage_av,pass,-0.1852,8.0
selected_two_stage_av,pass,0.4413,6.0
selected_two_stage_av,pass,0.1362,0.0
selected_two_stage_av,pass,-0.883,2.0
selected_two_stage_av,pass,-0.942,6.0
selected_two_stage_av,pass,-0.0509,0.0
selected_two_stage_av,pass,-0.1568,0.0
selected_two_stage_av,pass,0.1952,4.0
selected_two_stage_av,pass,-0.7428,3.0
selected_two_stage_av,pass,1.0074,7.0
selected_two_stage_av,pass,-0.232,3.0
selected_two_stage_av,pass,-0.3908,0.0
selected_two_stage_av,pass,-1.6303,7.0
selected_two_stage_av,pass,-0.942,5.0
selected_two_stage_av,pass,-0.8951,1.0
selected_two_stage_av,pass,0.3539,0.0
selected_two_stage_av,pass,0.4008,7.0
selected_two_stage_av,pass,-0.2971,0.0
selected_two_stage_av,pass,-2.4624,3.0
selected_two_stage_av,pass,-0.3908,5.0
selected_two_stage_av,pass,-0.59,4.0
selected_two_stage_av,pass,-0.1568,0.0
selected_two_stage_av,pass,-0.0509,0.0
selected_two_stage_av,pass,-0.9889,4.0
selected_two_stage_av,pass,-1.1881,0.0
selected_two_stage_av,pass,0.1483,0.0
selected_two_stage_av,pass,-0.232,6.0
selected_two_stage_av,pass,-0.942,2.0
selected_two_stage_av,pass,0.242,5.0
selected_two_stage_av,pass,0.6001,0.0
selected_two_stage_av,pass,-0.6959,4.0
selected_two_stage_av,pass,-0.6369,4.0
selected_two_stage_av,pass,-0.1568,0.0
selected_two_stage_av,pass,-2.6801,1.0
selected_two_stage_av,pass,-1.235,0.0
selected_two_stage_av,pass,-2.5864,3.0
selected_two_stage_av,pass,0.8082,4.0
selected_two_stage_av,pass,-1.3842,7.0
selected_two_stage_av,pass,-0.0509,4.0
selected_two_stage_av,pass,-0.356,4.0
selected_two_stage_av,pass,2.1794,9.0
selected_two_stage_av,pass,-0.6369,6.0
selected_two_stage_av,pass,0.1952,5.0
selected_two_stage_av,pass,-0.8451,3.0
selected_two_stage_av,pass,-1.0912,9.0
selected_two_stage_av,pass,-0.883,2.0
selected_two_stage_av,pass,-0.6369,5.0
selected_two_stage_av,pass,-0.4029,7.0
selected_two_stage_av,pass,0.061,0.0
selected_two_stage_av,pass,0.1483,0.0
selected_two_stage_av,pass,-1.1381,5.0
selected_two_stage_av,pass,-0.0041,0.0
selected_two_stage_av,pass,-0.3908,4.0
selected_two_stage_av,pass,0.8551,8.0
selected_two_stage_av,pass,-2.3403,1.0
selected_two_stage_av,pass,0.1952,4.0
selected_two_stage_av,pass,-1.9233,3.0
selected_two_stage_av,pass,0.1952,0.0
selected_two_stage_av,pass,-0.4029,0.0
selected_two_stage_av,pass,-0.0978,7.0
selected_two_stage_av,pass,-1.235,0.0
selected_two_stage_av,pass,0.1078,0.0
selected_two_stage_av,pass,-2.2163,4.0
selected_two_stage_av,pass,0.0424,4.0
selected_two_stage_av,pass,0.6469,8.0
selected_two_stage_av,pass,-1.0912,9.0
selected_two_stage_av,pass,1.1012,6.0
selected_two_stage_av,pass,2.4255,8.0
selected_two_stage_av,pass,-2.141,4.0
selected_two_stage_av,pass,-1.6772,6.0
selected_two_stage_av,pass,1.0074,10.0
selected_two_stage_av,pass,-0.1099,0.0
selected_two_stage_av,pass,-1.235,4.0
selected_two_stage_av,pass,-2.0942,3.0
selected_two_stage_av,pass,0.4683,5.0
selected_two_stage_av,pass,0.1483,3.0
selected_two_stage_av,pass,-1.176,3.0
selected_two_stage_av,pass,-0.6959,2.0
selected_two_stage_av,pass,0.6469,7.0
selected_two_stage_av,pass,-0.0509,2.0
selected_two_stage_av,pass,-0.942,0.0
selected_two_stage_av,pass,-1.4311,3.0
selected_two_stage_av,pass,-0.7711,0.0
selected_two_stage_av,pass,-0.4498,0.0
selected_two_stage_av,pass,-1.235,4.0
selected_two_stage_av,pass,-0.6369,8.0
selected_two_stage_av,pass,0.0893,0.0
selected_two_stage_av,pass,0.6001,3.0
selected_two_stage_av,pass,-1.235,0.0
selected_two_stage_av,pass,-1.309,5.0
selected_two_stage_av,pass,-2.9263,4.0
selected_two_stage_av,pass,-1.8481,1.0
selected_two_stage_av,pass,-1.235,0.0
selected_two_stage_av,pass,-0.2971,2.0
selected_two_stage_av,pass,-1.6303,7.0
selected_two_stage_av,pass,-1.6303,4.0
selected_two_stage_av,pass,-0.942,0.0
selected_two_stage_av,pass,-0.649,0.0
selected_two_stage_av,pass,-0.525,6.0
selected_two_stage_av,pass,-0.4029,4.0
selected_two_stage_av,pass,1.3853,5.0
selected_two_stage_av,pass,1.1392,8.0
selected_two_stage_av,pass,0.3354,3.0
selected_two_stage_av,pass,-0.0978,4.0
selected_two_stage_av,pass,-2.3872,5.0
selected_two_stage_av,pass,-0.3908,3.0
selected_two_stage_av,pass,1.3004,7.0
selected_two_stage_av,pass,-1.6303,1.0
selected_two_stage_av,pass,0.7343,8.0
selected_two_stage_av,pass,-2.2163,3.0
selected_two_stage_av,pass,-0.525,5.0
selected_two_stage_av,pass,-0.649,3.0
selected_two_stage_av,pass,1.1012,7.0
selected_two_stage_av,pass,1.6403,8.0
selected_two_stage_av,pass,-1.235,2.0
selected_two_stage_av,pass,-1.6488,4.0
selected_two_stage_av,pass,-0.2971,2.0
selected_two_stage_av,pass,-0.883,8.0
selected_two_stage_av,pass,1.1012,6.0
selected_two_stage_av,pass,-0.0978,0.0
selected_two_stage_av,pass,-0.649,0.0
selected_two_stage_av,pass,-1.8764,7.0
selected_two_stage_av,pass,-0.232,7.0
selected_two_stage_av,pass,-2.6801,3.0
selected_two_stage_av,pass,-0.4498,0.0
selected_two_stage_av,pass,2.1794,9.0
selected_two_stage_av,pass,2.1794,8.0
selected_two_stage_av,pass,-1.6303,3.0
selected_two_stage_av,pass,-1.4221,7.0
selected_two_stage_av,pass,-2.6333,6.0
selected_two_stage_av,pass,-0.4781,0.0
selected_two_stage_av,pass,-1.2229,5.0
selected_two_stage_av,pass,-0.6959,0.0
selected_two_stage_av,pass,-1.4811,0.0
selected_two_stage_av,pass,1.1392,6.0
selected_two_stage_av,pass,-1.0358,1.0
selected_two_stage_av,pass,-0.59,0.0
selected_two_stage_av,pass,-1.821,4.0
selected_two_stage_av,pass,-0.1568,0.0
selected_two_stage_av,pass,-0.9299,8.0
selected_two_stage_av,pass,-2.3872,2.0
selected_two_stage_av,pass,0.3071,4.0
selected_two_stage_av,pass,-0.3439,8.0
selected_two_stage_av,pass,-2.3403,4.0
selected_two_stage_av,pass,-0.4498,0.0
selected_two_stage_av,pass,-1.1881,0.0
selected_two_stage_av,pass,1.0543,7.0
selected_two_stage_av,pass,-2.7085,10.0
selected_two_stage_av,pass,-0.649,4.0
selected_two_stage_av,pass,1.0923,5.0
selected_two_stage_av,pass,0.061,4.0
selected_two_stage_av,pass,-0.6959,5.0
selected_two_stage_av,pass,-1.9233,1.0
selected_two_stage_av,pass,1.6403,1.0
selected_two_stage_av,pass,-0.942,0.0
selected_two_stage_av,pass,-1.7741,0.0
selected_two_stage_av,pass,1.0543,5.0
selected_two_stage_av,pass,-0.6369,5.0
selected_two_stage_av,pass,-0.883,9.0
selected_two_stage_av,pass,0.061,3.0
selected_two_stage_av,pass,-0.9889,6.0
selected_two_stage_av,pass,-1.5749,0.0
selected_two_stage_av,pass,1.8864,7.0
selected_two_stage_av,pass,2.1325,6.0
selected_two_stage_av,pass,-0.0509,2.0
selected_two_stage_av,pass,-0.3439,3.0
selected_two_stage_av,pass,-2.1694,2.0
selected_two_stage_av,pass,-2.434,3.0
selected_two_stage_av,pass,-0.59,0.0
selected_two_stage_av,pass,-0.3439,0.0
selected_two_stage_av,pass,-0.1852,0.0
selected_two_stage_av,pass,-0.356,0.0
selected_two_stage_av,pass,1.0273,9.0
selected_two_stage_av,pass,-0.1568,3.0
selected_two_stage_av,pass,-0.0978,0.0
selected_two_stage_av,pass,-0.4029,5.0
selected_two_stage_av,pass,-0.9889,0.0
selected_two_stage_av,pass,-0.6959,0.0
selected_two_stage_av,pass,-0.9889,0.0
selected_two_stage_av,pass,-0.356,2.0
selected_two_stage_av,pass,0.0893,0.0
selected_two_stage_av,pass,-1.2229,5.0
selected_two_stage_av,pass,-2.1694,3.0
selected_two_stage_av,pass,0.535,4.0
selected_two_stage_av,pass,0.061,0.0
selected_two_stage_av,pass,-0.356,4.0
selected_two_stage_av,pass,-0.3908,3.0
selected_two_stage_av,pass,0.242,0.0
selected_two_stage_av,pass,-0.6959,3.0
selected_two_stage_av,pass,-1.3373,3.0
selected_two_stage_av,pass,-0.1099,3.0
selected_two_stage_av,pass,-1.528,0.0
selected_two_stage_av,pass,-1.6303,4.0
selected_two_stage_av,pass,-0.6369,2.0
selected_two_stage_av,pass,1.0543,8.0
selected_two_stage_av,pass,-1.2819,4.0
selected_two_stage_av,pass,-0.1099,4.0
selected_two_stage_av,pass,-0.9299,4.0
selected_two_stage_av,pass,-0.0978,1.0
selected_two_stage_av,pass,-0.3439,2.0
selected_two_stage_av,pass,-1.3558,2.0
selected_two_stage_av,pass,-0.6959,0.0
selected_two_stage_av,pass,0.0893,3.0
selected_two_stage_av,pass,-2.0942,4.0
selected_two_stage_av,pass,-2.1694,3.0
selected_two_stage_av,pass,-0.883,5.0
selected_two_stage_av,pass,-3.4654,2.0
selected_two_stage_av,pass,-0.3439,4.0
selected_two_stage_av,pass,-1.3373,2.0
selected_two_stage_av,pass,-0.9889,3.0
selected_two_stage_av,pass,-1.8481,4.0
selected_two_stage_av,pass,-1.821,3.0
selected_two_stage_av,pass,0.8462,0.0
selected_two_stage_av,pass,-0.7428,1.0
selected_two_stage_av,pass,-0.942,0.0
selected_two_stage_av,pass,0.4413,9.0
selected_two_stage_av,pass,-0.3439,0.0
selected_two_stage_av,pass,-0.942,0.0
selected_two_stage_av,pass,0.1952,3.0
selected_two_stage_av,pass,1.1012,4.0
selected_two_stage_av,pass,-1.5551,2.0
selected_two_stage_av,pass,0.242,3.0
selected_two_stage_av,pass,-0.1568,0.0
selected_two_stage_av,pass,-1.1881,6.0
selected_two_stage_av,pass,-1.3288,4.0
selected_two_stage_av,pass,-0.3439,7.0
selected_two_stage_av,pass,-0.59,4.0
selected_two_stage_av,pass,-1.528,5.0
selected_two_stage_av,pass,0.3354,2.0
selected_two_stage_av,pass,0.3539,4.0
selected_two_stage_av,pass,-2.1694,6.0
selected_two_stage_av,pass,-0.3908,3.0
selected_two_stage_av,pass,-2.5093,7.0
selected_two_stage_av,pass,-0.4029,6.0
selected_two_stage_av,pass,-0.4029,0.0
selected_two_stage_av,pass,-0.2037,0.0
selected_two_stage_av,pass,-0.7982,5.0
selected_two_stage_av,pass,-1.9233,4.0
selected_two_stage_av,pass,-2.9263,3.0
selected_two_stage_av,pass,-1.9233,3.0
selected_two_stage_av,pass,-1.7741,2.0
selected_two_stage_av,pass,-0.7428,0.0
selected_two_stage_av,pass,0.1952,2.0
selected_two_stage_av,pass,-0.7711,0.0
selected_two_stage_av,pass,-0.4498,0.0
selected_two_stage_av,pass,-1.6303,4.0
selected_two_stage_av,pass,-2.9263,4.0
selected_two_stage_av,pass,-1.5834,3.0
selected_two_stage_av,pass,-0.6959,0.0
selected_two_stage_av,pass,1.0074,5.0
selected_two_stage_av,pass,-1.4221,2.0
selected_two_stage_av,pass,-2.7554,2.0
selected_two_stage_av,pass,-0.1099,0.0
selected_two_stage_av,pass,1.5934,7.0
selected_two_stage_av,pass,-0.1099,0.0
selected_two_stage_av,pass,0.4292,0.0
selected_two_stage_av,pass,-2.0942,4.0
selected_two_stage_av,pass,-0.3439,8.0
selected_two_stage_av,pass,-0.6838,6.0
selected_two_stage_av,pass,-1.0912,6.0
selected_two_stage_av,pass,-0.3439,2.0
selected_two_stage_av,pass,0.1362,0.0
selected_two_stage_av,pass,0.1362,0.0
selected_two_stage_av,pass,-1.8764,3.0
selected_two_stage_av,pass,-1.8481,2.0
selected_two_stage_av,pass,-1.0912,4.0
selected_two_stage_av,pass,0.7613,5.0
selected_two_stage_av,pass,-0.6959,0.0
selected_two_stage_av,pass,-0.1099,0.0
selected_two_stage_av,pass,-2.9263,4.0
selected_two_stage_av,pass,-3.1724,3.0
selected_two_stage_av,pass,-0.2037,5.0
selected_two_stage_av,pass,-0.6838,3.0
selected_two_stage_av,pass,-0.59,1.0
selected_two_stage_av,pass,0.6469,0.0
selected_two_stage_av,pass,1.8864,6.0
selected_two_stage_av,pass,-0.2971,0.0
selected_two_stage_av,pass,0.3539,1.0
selected_two_stage_av,pass,1.9333,6.0
selected_two_stage_av,pass,-0.6369,2.0
selected_two_stage_av,pass,-0.1568,0.0
selected_two_stage_av,pass,-0.3439,4.0
selected_two_stage_av,pass,0.8082,7.0
selected_two_stage_av,pass,-0.883,7.0
selected_two_stage_av,pass,-1.3842,2.0
selected_two_stage_av,pass,0.8931,0.0
selected_two_stage_av,pass,-0.883,4.0
selected_two_stage_av,pass,1.3473,7.0
selected_two_stage_av,pass,-0.1568,0.0
selected_two_stage_av,pass,0.0141,7.0
selected_two_stage_av,pass,-0.8451,3.0
selected_two_stage_av,pass,1.3473,5.0
selected_two_stage_av,pass,-1.0912,3.0
selected_two_stage_av,pass,-1.1292,5.0
selected_two_stage_av,pass,-0.4498,3.0
selected_two_stage_av,pass,-1.8012,2.0
selected_two_stage_av,pass,-0.942,4.0
selected_two_stage_av,pass,-1.8012,4.0
selected_two_stage_av,pass,-0.4029,0.0
selected_two_stage_av,pass,-0.883,0.0
selected_two_stage_av,pass,-0.0239,6.0
selected_two_stage_av,pass,-3.2193,5.0
selected_two_stage_av,pass,-1.4311,3.0
selected_two_stage_av,pass,1.1012,6.0
selected_two_stage_av,pass,-0.4498,0.0
selected_two_stage_av,pass,-0.4498,3.0
selected_two_stage_av,pass,-2.9263,6.0
selected_two_stage_av,pass,-0.3439,3.0
selected_two_stage_av,pass,-0.7428,0.0
selected_two_stage_av,pass,0.7343,6.0
selected_two_stage_av,pass,-0.4498,0.0
selected_two_stage_av,pass,0.3071,0.0
selected_two_stage_av,pass,-0.1852,8.0
selected_two_stage_av,pass,-1.176,5.0
selected_two_stage_av,pass,-1.1881,0.0
selected_two_stage_av,pass,-1.4311,3.0
selected_two_stage_av,pass,0.7993,8.0
selected_two_stage_av,pass,-0.4313,0.0
selected_two_stage_av,pass,0.5152,7.0
selected_two_stage_av,pass,-0.9299,8.0
selected_two_stage_av,pass,0.8082,8.0
selected_two_stage_av,pass,0.1362,4.0
selected_two_stage_av,pass,-0.1099,3.0
selected_two_stage_av,pass,2.3786,4.0
selected_two_stage_av,pass,-0.9299,0.0
selected_two_stage_av,pass,0.1952,7.0
selected_two_stage_av,pass,-0.3439,4.0
selected_two_stage_av,pass,-0.4498,0.0
selected_two_stage_av,pass,0.3539,4.0
selected_two_stage_av,pass,0.3354,0.0
selected_two_stage_av,pass,-0.59,0.0
selected_two_stage_av,pass,0.6753,4.0
selected_two_stage_av,pass,-0.2971,6.0
selected_two_stage_av,pass,-0.7243,4.0
selected_two_stage_av,pass,0.1362,0.0
selected_two_stage_av,pass,-1.0443,5.0
selected_two_stage_av,pass,-1.6303,2.0
selected_two_stage_av,pass,-1.235,1.0
selected_two_stage_av,pass,-0.232,4.0
selected_two_stage_av,pass,-1.235,0.0
selected_two_stage_av,pass,-0.6959,0.0
selected_two_stage_av,pass,-1.6772,6.0
selected_two_stage_av,pass,0.7811,0.0
selected_two_stage_av,pass,-0.0509,1.0
selected_two_stage_av,pass,-0.2971,3.0
selected_two_stage_av,pass,0.0893,5.0
selected_two_stage_av,pass,0.6001,0.0
selected_two_stage_av,pass,-0.232,7.0
selected_two_stage_av,pass,-0.1568,3.0
selected_two_stage_av,pass,0.4292,0.0
selected_two_stage_av,pass,0.2222,5.0
selected_two_stage_av,pass,-0.9889,0.0
selected_two_stage_av,pass,-1.6303,4.0
selected_two_stage_av,pass,-0.525,0.0
selected_two_stage_av,pass,-0.0041,0.0
selected_two_stage_av,pass,-0.6369,0.0
selected_two_stage_av,pass,0.1362,0.0
selected_two_stage_av,pass,-0.0041,3.0
selected_two_stage_av,pass,1.5934,5.0
selected_two_stage_av,pass,-2.6801,2.0
selected_two_stage_av,pass,0.6001,8.0
selected_two_stage_av,pass,-1.235,2.0
selected_two_stage_av,pass,1.3473,6.0
selected_two_stage_av,pass,1.3942,7.0
selected_two_stage_av,pass,0.242,7.0
selected_two_stage_av,pass,-0.4781,1.0
selected_two_stage_av,pass,-1.0912,3.0
selected_two_stage_av,pass,0.3539,0.0
selected_two_stage_av,pass,-2.6801,4.0
selected_two_stage_av,pass,1.3473,6.0
selected_two_stage_av,pass,-0.9889,0.0
selected_two_stage_av,pass,0.1362,0.0
selected_two_stage_av,pass,-1.5551,3.0
selected_two_stage_av,pass,0.0893,0.0
selected_two_stage_av,pass,0.1952,4.0
selected_two_stage_av,pass,-0.232,3.0
selected_two_stage_av,pass,0.7613,8.0
selected_two_stage_av,pass,-0.59,5.0
selected_two_stage_av,pass,1.6872,5.0
selected_two_stage_av,pass,-1.6303,7.0
selected_two_stage_av,pass,-0.3439,8.0
selected_two_stage_av,pass,-0.4029,0.0
selected_two_stage_av,pass,-1.9233,2.0
selected_two_stage_av,pass,0.8082,8.0
selected_two_stage_av,pass,0.1952,7.0
selected_two_stage_av,pass,-1.2621,3.0
selected_two_stage_av,pass,-0.9299,2.0
selected_two_stage_av,pass,0.4008,4.0
selected_two_stage_av,pass,-0.5521,9.0
selected_two_stage_av,pass,-1.528,3.0
selected_two_stage_av,pass,-0.4029,2.0
selected_two_stage_av,pass,-0.4029,0.0
selected_two_stage_av,pass,-0.883,7.0
selected_two_stage_av,pass,0.7343,3.0
selected_two_stage_av,pass,-0.59,0.0
selected_two_stage_av,pass,0.6001,3.0
selected_two_stage_av,pass,-2.3872,6.0
selected_two_stage_av,pass,1.5934,6.0
selected_two_stage_av,pass,-0.883,4.0
selected_two_stage_av,pass,0.9804,3.0
selected_two_stage_av,pass,-0.649,2.0
selected_two_stage_av,pass,-0.942,0.0
selected_two_stage_av,pass,-2.434,3.0
selected_two_stage_av,pass,-1.7151,0.0
selected_two_stage_av,pass,0.5152,8.0
selected_two_stage_av,pass,-3.2193,3.0
selected_two_stage_av,pass,-1.528,0.0
selected_two_stage_av,pass,-1.2229,3.0
selected_two_stage_av,pass,0.6001,4.0
selected_two_stage_av,pass,-0.9889,4.0
selected_two_stage_av,pass,-1.821,4.0
selected_two_stage_av,pass,-0.1852,0.0
selected_two_stage_av,pass,-0.0978,0.0
selected_two_stage_av,pass,-0.649,4.0
selected_two_stage_av,pass,0.7811,0.0
selected_two_stage_av,pass,2.6716,7.0
selected_two_stage_av,pass,-3.1724,2.0
selected_two_stage_av,pass,-1.176,3.0
selected_two_stage_av,pass,1.0543,8.0
selected_two_stage_av,pass,-2.1694,2.0
selected_two_stage_av,pass,0.2222,7.0
selected_two_stage_av,pass,0.3539,6.0
selected_two_stage_av,pass,-0.4029,0.0
selected_two_stage_av,pass,-0.6959,4.0
selected_two_stage_av,pass,0.7613,6.0
selected_two_stage_av,pass,1.6403,9.0
selected_two_stage_av,pass,0.1078,2.0
selected_two_stage_av,pass,-0.0978,0.0
selected_two_stage_av,pass,-2.6801,3.0
selected_two_stage_av,pass,-2.6801,4.0
selected_two_stage_av,pass,-1.5834,4.0
selected_two_stage_av,pass,-0.5432,4.0
selected_two_stage_av,pass,-2.9731,5.0
selected_two_stage_av,pass,-1.8012,4.0
selected_two_stage_av,pass,-0.9889,0.0
selected_two_stage_av,pass,0.4882,0.0
selected_two_stage_av,pass,-2.0942,3.0
selected_two_stage_av,pass,0.4882,6.0
selected_two_stage_av,pass,0.7613,7.0
selected_two_stage_av,pass,1.3473,5.0
selected_two_stage_av,pass,-0.3439,3.0
selected_two_stage_av,pass,-0.2037,3.0
selected_two_stage_av,pass,0.5152,7.0
selected_two_stage_av,pass,0.3823,0.0
selected_two_stage_av,pass,-0.3439,4.0
selected_two_stage_av,pass,-0.2971,0.0
selected_two_stage_av,pass,1.5934,6.0
selected_two_stage_av,pass,0.061,0.0
selected_two_stage_av,pass,0.4882,7.0
selected_two_stage_av,pass,-2.3403,4.0
selected_two_stage_av,pass,1.5934,7.0
selected_two_stage_av,pass,0.8082,3.0
selected_two_stage_av,pass,-0.3439,2.0
selected_two_stage_av,pass,-0.9889,0.0
selected_two_stage_av,pass,-0.4498,0.0
selected_two_stage_av,pass,-1.4811,0.0
selected_two_stage_av,pass,-0.883,4.0
selected_two_stage_av,pass,-0.0978,0.0
selected_two_stage_av,pass,2.0856,9.0
selected_two_stage_av,pass,-2.7085,3.0
selected_two_stage_av,pass,-0.4781,0.0
selected_two_stage_av,pass,-0.883,3.0
selected_two_stage_av,pass,-0.232,8.0
selected_two_stage_av,pass,0.1078,0.0
selected_two_stage_av,pass,-1.2819,0.0
selected_two_stage_av,pass,-0.9889,0.0
selected_two_stage_av,pass,0.3071,0.0
selected_two_stage_av,pass,-0.6838,0.0
selected_two_stage_av,pass,0.4413,0.0
selected_two_stage_av,pass,-0.3439,8.0
selected_two_stage_av,pass,0.4413,8.0
selected_two_stage_av,pass,0.1753,5.0
selected_two_stage_av,pass,-0.649,0.0
selected_two_stage_av,pass,-2.3403,2.0
selected_two_stage_av,pass,-1.235,4.0
selected_two_stage_av,pass,-0.1447,0.0
selected_two_stage_av,pass,0.6874,0.0
selected_two_stage_av,pass,-0.7428,0.0
selected_two_stage_av,pass,-1.8295,2.0
selected_two_stage_av,pass,-0.6959,0.0
selected_two_stage_av,pass,-1.469,2.0
selected_two_stage_av,pass,-1.6303,3.0
selected_two_stage_av,pass,-0.525,0.0
selected_two_stage_av,pass,-1.6303,3.0
selected_two_stage_av,pass,1.3004,8.0
selected_two_stage_av,pass,1.8864,8.0
selected_two_stage_av,pass,-0.942,0.0
selected_two_stage_av,pass,0.4008,6.0
selected_two_stage_av,pass,-1.9233,4.0
selected_two_stage_av,pass,-1.7151,1.0
selected_two_stage_av,pass,-0.3439,0.0
selected_two_stage_av,pass,0.1483,3.0
selected_two_stage_av,pass,-0.3439,6.0
selected_two_stage_av,pass,-0.4498,5.0
selected_two_stage_av,pass,-0.3439,2.0
selected_two_stage_av,pass,-1.0912,4.0
selected_two_stage_av,pass,0.5621,7.0
selected_two_stage_av,pass,1.3942,6.0
selected_two_stage_av,pass,0.3539,3.0
selected_two_stage_av,pass,-1.3842,5.0
selected_two_stage_av,pass,-3.4654,5.0
selected_two_stage_av,pass,-0.4029,0.0
selected_two_stage_av,pass,-0.9299,4.0
selected_two_stage_av,pass,-0.4029,0.0
selected_two_stage_av,pass,-0.232,0.0
selected_two_stage_av,pass,0.242,1.0
selected_two_stage_av,pass,-0.525,0.0
selected_two_stage_av,pass,-0.4781,4.0
selected_two_stage_av,pass,-0.232,6.0
selected_two_stage_av,pass,-0.883,0.0
selected_two_stage_av,pass,-1.6772,5.0
selected_two_stage_av,pass,-1.3373,6.0
selected_two_stage_av,pass,-0.9889,0.0
selected_two_stage_av,pass,0.3539,4.0
selected_two_stage_av,pass,-1.235,5.0
selected_two_stage_av,pass,-1.6019,2.0
selected_two_stage_av,pass,-0.6369,6.0
selected_two_stage_av,pass,-2.114,0.0
selected_two_stage_av,pass,-0.7711,2.0
selected_two_stage_av,pass,-2.6333,3.0
selected_two_stage_av,pass,1.8864,6.0
selected_two_stage_av,pass,-0.0041,4.0
selected_two_stage_av,pass,0.0893,0.0
selected_two_stage_av,pass,0.061,0.0
selected_two_stage_av,pass,-0.3439,0.0
selected_two_stage_av,pass,-1.6303,4.0
selected_two_stage_av,pass,-2.6801,2.0
selected_two_stage_av,pass,-0.3439,0.0
selected_two_stage_av,pass,-2.6333,2.0
selected_two_stage_av,pass,-0.4029,4.0
selected_two_stage_av,pass,-0.3439,0.0
selected_two_stage_av,pass,0.0893,0.0
selected_two_stage_av,pass,0.0141,0.0
selected_two_stage_av,pass,-1.528,4.0
selected_two_stage_av,pass,-0.942,0.0
selected_two_stage_av,pass,-1.821,0.0
selected_two_stage_av,pass,1.0543,7.0
selected_two_stage_av,pass,0.7343,8.0
selected_two_stage_av,pass,-0.3908,2.0
selected_two_stage_av,pass,-1.8764,3.0
selected_two_stage_av,pass,-0.942,0.0
selected_two_stage_av,pass,-0.0509,4.0
selected_two_stage_av,pass,-0.0509,4.0
selected_two_stage_av,pass,-1.2819,4.0
selected_two_stage_av,pass,-0.942,2.0
selected_two_stage_av,pass,0.6001,0.0
selected_two_stage_av,pass,-0.3439,2.0
selected_two_stage_av,pass,-1.6303,2.0
selected_two_stage_av,pass,-0.525,3.0
selected_two_stage_av,pass,0.5532,9.0
selected_two_stage_av,pass,0.3823,3.0
selected_two_stage_av,pass,-0.883,6.0
selected_two_stage_av,pass,1.6783,0.0
selected_two_stage_av,pass,0.3539,0.0
selected_two_stage_av,pass,0.061,0.0
selected_two_stage_av,pass,0.6001,0.0
selected_two_stage_av,pass,-0.942,5.0
selected_two_stage_av,pass,-0.0509,0.0
selected_two_stage_av,pass,1.5934,7.0
selected_two_stage_av,pass,-0.3439,4.0
selected_two_stage_av,pass,-1.7151,4.0
selected_two_stage_av,pass,-0.2971,4.0
selected_two_stage_av,pass,1.8864,6.0
selected_two_stage_av,pass,-0.4967,0.0
selected_two_stage_av,pass,-1.4221,4.0
selected_two_stage_av,pass,-3.4654,1.0
selected_two_stage_av,pass,0.3071,6.0
selected_two_stage_av,pass,-0.7982,4.0
selected_two_stage_av,pass,-2.9731,4.0
selected_two_stage_av,pass,-0.8362,5.0
selected_two_stage_av,pass,-0.0509,3.0
selected_two_stage_av,pass,-0.7428,5.0
selected_two_stage_av,pass,-0.7243,0.0
selected_two_stage_av,pass,-0.6959,6.0
selected_two_stage_av,pass,0.1078,0.0
selected_two_stage_av,pass,-2.434,4.0
selected_two_stage_av,pass,-0.2037,0.0
selected_two_stage_av,pass,0.9214,0.0
selected_two_stage_av,pass,-0.9889,0.0
selected_two_stage_av,pass,0.4683,5.0
selected_two_stage_av,pass,-0.1852,3.0
selected_two_stage_av,pass,-0.6369,5.0
selected_two_stage_av,pass,-1.0912,9.0
selected_two_stage_av,pass,1.3473,8.0
selected_two_stage_av,pass,0.6001,0.0
selected_two_stage_av,pass,-0.525,7.0
selected_two_stage_av,pass,1.1012,7.0
selected_two_stage_av,pass,-1.8481,8.0
selected_two_stage_av,pass,1.3942,6.0
selected_two_stage_av,pass,-2.0671,0.0
selected_two_stage_av,pass,-2.4624,2.0
selected_two_stage_av,pass,-0.4029,2.0
selected_two_stage_av,pass,-0.0509,4.0
selected_two_stage_av,pass,-0.883,4.0
selected_two_stage_av,pass,-1.1292,8.0
selected_two_stage_av,pass,-1.4221,6.0
selected_two_stage_av,pass,0.5152,4.0
selected_two_stage_av,pass,0.1362,0.0
selected_two_stage_av,pass,1.1481,2.0
selected_two_stage_av,pass,1.0543,5.0
selected_two_stage_av,pass,0.0893,0.0
selected_two_stage_av,pass,-2.9731,4.0
selected_two_stage_av,pass,-0.0509,0.0
selected_two_stage_av,pass,-2.9263,2.0
selected_two_stage_av,pass,0.3539,5.0
selected_two_stage_av,pass,-1.8481,4.0
selected_two_stage_av,pass,-2.3872,4.0
selected_two_stage_av,pass,-0.8451,5.0
selected_two_stage_av,pass,0.061,0.0
selected_two_stage_av,pass,-3.2193,2.0
selected_two_stage_av,pass,-0.3908,6.0
selected_two_stage_av,pass,-0.4029,3.0
selected_two_stage_av,pass,1.3473,3.0
selected_two_stage_av,pass,-1.235,7.0
selected_two_stage_av,pass,0.3539,0.0
selected_two_stage_av,pass,-0.942,0.0
selected_two_stage_av,pass,0.2222,3.0
selected_two_stage_av,pass,-0.1099,0.0
selected_two_stage_av,pass,-1.8764,0.0
selected_two_stage_av,pass,0.4413,6.0
selected_two_stage_av,pass,0.4882,9.0
selected_two_stage_av,pass,0.4882,2.0
selected_two_stage_av,pass,-0.7428,0.0
selected_two_stage_av,pass,1.1012,8.0
selected_two_stage_av,pass,-1.0443,3.0
selected_two_stage_av,pass,-2.0671,0.0
selected_two_stage_av,pass,-2.6333,4.0
selected_two_stage_av,pass,-1.176,0.0
selected_two_stage_av,pass,-1.4811,0.0
selected_two_stage_av,pass,0.3823,4.0
selected_two_stage_av,pass,-0.0041,8.0
selected_two_stage_av,pass,-4.0513,1.0
selected_two_stage_av,pass,0.061,2.0
selected_two_stage_av,pass,0.4683,6.0
selected_two_stage_av,pass,-1.1292,5.0
selected_two_stage_av,pass,-0.1099,4.0
selected_two_stage_av,pass,-0.9889,0.0
selected_two_stage_av,pass,-0.59,0.0
selected_two_stage_av,pass,-0.883,0.0
selected_two_stage_av,pass,-2.1694,4.0
selected_two_stage_av,pass,-0.9889,0.0
selected_two_stage_av,pass,-0.0978,0.0
selected_two_stage_av,pass,-0.1568,0.0
selected_two_stage_av,pass,1.1392,3.0
selected_two_stage_av,pass,-1.2819,2.0
selected_two_stage_av,pass,-0.4029,4.0
selected_two_stage_av,pass,-1.8764,2.0
selected_two_stage_av,pass,-1.528,1.0
selected_two_stage_av,pass,-0.9889,4.0
selected_two_stage_av,pass,-0.6959,0.0
selected_two_stage_av,pass,0.061,0.0
selected_two_stage_av,pass,2.1325,7.0
selected_two_stage_av,pass,0.4292,4.0
selected_two_stage_av,pass,-0.232,0.0
selected_two_stage_av,pass,1.3473,3.0
selected_two_stage_av,pass,-1.1881,0.0
selected_two_stage_av,pass,0.0141,0.0
selected_two_stage_av,pass,-1.6772,5.0
selected_two_stage_av,pass,-0.59,1.0
selected_two_stage_av,pass,-0.1568,4.0
selected_two_stage_av,pass,-2.9263,4.0
selected_two_stage_av,pass,-0.1852,1.0
selected_two_stage_av,pass,-3.0015,2.0
selected_two_stage_av,pass,1.6403,9.0
selected_two_stage_av,pass,-2.6801,5.0
selected_two_stage_av,pass,0.8082,6.0
selected_two_stage_av,pass,-3.2193,4.0
selected_two_stage_av,pass,-3.2193,3.0
selected_two_stage_av,pass,-0.6369,3.0
selected_two_stage_av,pass,-0.883,3.0
selected_two_stage_av,pass,0.8931,0.0
selected_two_stage_av,pass,-1.8764,7.0
selected_two_stage_av,pass,0.6001,0.0
selected_two_stage_av,pass,1.9333,6.0
selected_two_stage_av,pass,-0.2971,2.0
selected_two_stage_av,pass,-0.6959,6.0
selected_two_stage_av,pass,-1.1292,5.0
selected_two_stage_av,pass,-0.6369,0.0
selected_two_stage_av,pass,-0.59,5.0
selected_two_stage_av,pass,-2.3872,3.0
selected_two_stage_av,pass,-0.7982,3.0
selected_two_stage_av,pass,0.3071,4.0
selected_two_stage_av,pass,-0.1099,4.0
selected_two_stage_av,pass,-0.8362,4.0
selected_two_stage_av,pass,1.8864,7.0
selected_two_stage_av,pass,-0.1099,6.0
selected_two_stage_av,pass,-0.4781,3.0
selected_two_stage_av,pass,-0.4781,0.0
selected_two_stage_av,pass,-0.4781,7.0
selected_two_stage_av,pass,-0.4498,0.0
selected_two_stage_av,pass,-1.176,4.0
selected_two_stage_av,pass,-1.528,0.0
selected_two_stage_av,pass,0.8931,2.0
selected_two_stage_av,pass,1.3473,8.0
selected_two_stage_av,pass,-0.883,4.0
selected_two_stage_av,pass,-1.9233,5.0
selected_two_stage_av,pass,-0.1568,2.0
selected_two_stage_av,pass,-0.0509,2.0
selected_two_stage_av,pass,0.1952,0.0
selected_two_stage_av,pass,-2.1694,2.0
selected_two_stage_av,pass,-0.942,4.0
selected_two_stage_av,pass,-0.4029,0.0
selected_two_stage_av,pass,-2.727,4.0
selected_two_stage_av,pass,-0.1568,0.0
selected_two_stage_av,pass,-0.7428,0.0
selected_two_stage_av,pass,0.7343,3.0
selected_two_stage_av,pass,-2.9263,3.0
selected_two_stage_av,pass,-1.9233,3.0
selected_two_stage_av,pass,-0.8951,5.0
selected_two_stage_av,pass,0.0141,0.0
selected_two_stage_av,pass,0.3071,8.0
selected_two_stage_av,pass,0.061,0.0
selected_two_stage_av,pass,-0.4781,0.0
selected_two_stage_av,pass,-2.3872,2.0
selected_two_stage_av,pass,-2.9731,5.0
selected_two_stage_av,pass,0.3071,0.0
selected_two_stage_av,pass,1.2144,0.0
selected_two_stage_av,pass,1.3473,8.0
selected_two_stage_av,pass,-0.59,2.0
selected_two_stage_av,pass,-1.0443,2.0
selected_two_stage_av,pass,-0.942,0.0
selected_two_stage_av,pass,-2.6333,2.0
selected_two_stage_av,pass,2.1794,8.0
selected_two_stage_av,pass,-0.4313,5.0
selected_two_stage_av,pass,-0.0978,0.0
selected_two_stage_av,pass,-0.6369,3.0
selected_two_stage_av,pass,-0.6959,0.0
selected_two_stage_av,pass,0.4413,3.0
selected_two_stage_av,pass,1.5934,9.0
selected_two_stage_av,pass,-1.469,10.0
selected_two_stage_av,pass,-0.4498,0.0
selected_two_stage_av,pass,0.4882,3.0
selected_two_stage_av,pass,-0.6959,4.0
selected_two_stage_av,pass,0.8462,7.0
selected_two_stage_av,pass,-0.1852,0.0
selected_two_stage_av,pass,-0.232,10.0
selected_two_stage_av,pass,0.061,3.0
selected_two_stage_av,pass,0.242,0.0
selected_two_stage_av,pass,-2.4155,4.0
selected_two_stage_av,pass,-2.6801,2.0
selected_two_stage_av,pass,-0.4498,1.0
selected_two_stage_av,pass,-2.0942,4.0
selected_two_stage_av,pass,-1.3842,1.0
selected_two_stage_av,pass,-0.4498,0.0
selected_two_stage_av,pass,-0.2971,3.0
selected_two_stage_av,pass,-1.5551,3.0
selected_two_stage_av,pass,0.0893,0.0
selected_two_stage_av,pass,0.242,0.0
selected_two_stage_av,pass,0.2691,7.0
selected_two_stage_av,pass,-2.141,3.0
selected_two_stage_av,pass,-1.528,0.0
selected_two_stage_av,pass,1.3473,8.0
selected_two_stage_av,pass,-0.0509,0.0
selected_two_stage_av,pass,1.3942,8.0
selected_two_stage_av,pass,-0.2037,0.0
selected_two_stage_av,pass,-0.4967,5.0
selected_two_stage_av,pass,-0.7711,7.0
selected_two_stage_av,pass,0.9804,3.0
selected_two_stage_av,pass,-1.6772,2.0
selected_two_stage_av,pass,1.5934,7.0
selected_two_stage_av,pass,-0.9889,0.0
selected_two_stage_av,pass,-0.1099,0.0
selected_two_stage_av,pass,-0.942,0.0
selected_two_stage_av,pass,-1.3373,1.0
selected_two_stage_av,pass,-0.1568,0.0
selected_two_stage_av,pass,-2.6333,3.0
selected_two_stage_av,pass,-0.4029,6.0
selected_two_stage_av,pass,-0.0978,0.0
selected_two_stage_av,pass,-3.4654,3.0
selected_two_stage_av,pass,-1.8949,5.0
selected_two_stage_av,pass,-0.9889,0.0
selected_two_stage_av,pass,-0.4313,7.0
selected_two_stage_av,pass,0.7613,7.0
selected_two_stage_av,pass,-0.6959,0.0
selected_two_stage_av,pass,0.8931,0.0
selected_two_stage_av,pass,0.0893,0.0
selected_two_stage_av,pass,-0.59,0.0
selected_two_stage_av,pass,-2.141,3.0
selected_two_stage_av,pass,1.1012,5.0
selected_two_stage_av,pass,0.8931,2.0
selected_two_stage_av,pass,-1.1292,3.0
selected_two_stage_av,pass,-0.2971,0.0
selected_two_stage_av,pass,-1.1881,0.0
selected_two_stage_av,pass,-1.309,3.0
selected_two_stage_av,pass,1.6872,9.0
selected_two_stage_av,pass,-0.649,0.0
selected_two_stage_av,pass,-0.1852,2.0
selected_two_stage_av,pass,-1.3373,4.0
selected_two_stage_av,pass,0.8082,8.0
selected_two_stage_av,pass,0.4882,0.0
selected_two_stage_av,pass,-0.1852,2.0
selected_two_stage_av,pass,-0.59,5.0
selected_two_stage_av,pass,2.1325,6.0
selected_two_stage_av,pass,-1.2819,0.0
selected_two_stage_av,pass,0.3539,2.0
selected_two_stage_av,pass,-0.7711,3.0
selected_two_stage_av,pass,0.8931,0.0
selected_two_stage_av,pass,-2.4624,4.0
selected_two_stage_av,pass,-1.8764,4.0
selected_two_stage_av,pass,0.1483,5.0
selected_two_stage_av,pass,0.8082,6.0
selected_two_stage_av,pass,-2.8794,3.0
selected_two_stage_av,pass,-2.6801,3.0
selected_two_stage_av,pass,0.7343,5.0
selected_two_stage_av,pass,-0.3439,3.0
selected_two_stage_av,pass,-2.5864,1.0
selected_two_stage_av,pass,-1.5834,1.0
selected_two_stage_av,pass,1.8864,7.0
selected_two_stage_av,pass,0.0141,6.0
selected_two_stage_av,pass,-0.9889,0.0
selected_two_stage_av,pass,-0.4498,0.0
selected_two_stage_av,pass,0.4882,0.0
selected_two_stage_av,pass,-0.0041,0.0
selected_two_stage_av,pass,1.3942,9.0
selected_two_stage_av,pass,-2.9263,3.0
selected_two_stage_av,pass,-0.525,6.0
selected_two_stage_av,pass,-0.883,4.0
selected_two_stage_av,pass,-0.232,0.0
selected_two_stage_av,pass,0.3071,0.0
selected_two_stage_av,pass,-0.9299,3.0
selected_two_stage_av,pass,-1.6303,3.0
selected_two_stage_av,pass,-1.5551,2.0
selected_two_stage_av,pass,1.6872,3.0
selected_two_stage_av,pass,-0.59,2.0
selected_two_stage_av,pass,0.1078,0.0
selected_two_stage_av,pass,0.7613,6.0
selected_two_stage_av,pass,-2.3872,5.0
selected_two_stage_av,pass,-1.8481,5.0
selected_two_stage_av,pass,-0.942,0.0
selected_two_stage_av,pass,-0.649,0.0
selected_two_stage_av,pass,-2.9263,2.0
selected_two_stage_av,pass,-0.6959,0.0
selected_two_stage_av,pass,0.8931,0.0
selected_two_stage_av,pass,-1.3842,2.0
selected_two_stage_av,pass,0.1952,7.0
selected_two_stage_av,pass,1.5934,9.0
selected_two_stage_av,pass,-0.0509,6.0
selected_two_stage_av,pass,0.6001,5.0
selected_two_stage_av,pass,-0.6959,1.0
selected_two_stage_av,pass,-0.6369,7.0
selected_two_stage_av,pass,-0.6959,0.0
selected_two_stage_av,pass,0.8931,3.0
selected_two_stage_av,pass,-0.59,3.0
selected_two_stage_av,pass,0.1483,3.0
selected_two_stage_av,pass,-1.0912,3.0
selected_two_stage_av,pass,-1.8012,3.0
selected_two_stage_av,pass,-0.6959,0.0
selected_two_stage_av,pass,-0.0978,4.0
selected_two_stage_av,pass,-0.1568,4.0
selected_two_stage_av,pass,-1.1292,3.0
selected_two_stage_av,pass,-2.1225,2.0
selected_two_stage_av,pass,-0.1568,0.0
selected_two_stage_av,pass,-2.8794,3.0
selected_two_stage_av,pass,-1.9233,4.0
selected_two_stage_av,pass,0.6001,0.0
selected_two_stage_av,pass,-2.9263,3.0
selected_two_stage_av,pass,-0.525,0.0
selected_two_stage_av,pass,0.1952,4.0
selected_two_stage_av,pass,-0.232,7.0
selected_two_stage_av,pass,0.1952,1.0
selected_two_stage_av,pass,0.4292,0.0
selected_two_stage_av,pass,-2.3872,4.0
selected_two_stage_av,pass,-1.5834,3.0
selected_two_stage_av,pass,-2.434,4.0
selected_two_stage_av,pass,0.3539,2.0
selected_two_stage_av,pass,-1.0358,0.0
selected_two_stage_av,pass,-0.4313,7.0
selected_two_stage_av,pass,1.3473,8.0
selected_two_stage_av,pass,-0.59,7.0
selected_two_stage_av,pass,-1.3842,2.0
selected_two_stage_av,pass,-0.59,3.0
selected_two_stage_av,pass,-0.0509,0.0
selected_two_stage_av,pass,-0.2502,0.0
selected_two_stage_av,pass,0.8082,6.0
selected_two_stage_av,pass,-0.883,6.0
selected_two_stage_av,pass,-0.4498,0.0
selected_two_stage_av,pass,0.242,5.0
selected_two_stage_av,pass,0.8551,5.0
selected_two_stage_av,pass,-2.0942,2.0
selected_two_stage_av,pass,-0.6369,4.0
selected_two_stage_av,pass,0.6001,0.0
selected_two_stage_av,pass,-0.1099,0.0
selected_two_stage_av,pass,1.8395,9.0
selected_two_stage_av,pass,0.8082,6.0
selected_two_stage_av,pass,0.6001,9.0
selected_two_stage_av,pass,-2.6333,5.0
selected_two_stage_av,pass,-0.1099,5.0
selected_two_stage_av,pass,-1.3373,2.0
selected_two_stage_av,pass,-2.4624,1.0
selected_two_stage_av,pass,1.3473,6.0
selected_two_stage_av,pass,-0.1568,0.0
selected_two_stage_av,pass,-1.7151,0.0
selected_two_stage_av,pass,-1.6303,1.0
selected_two_stage_av,pass,-0.6369,8.0
selected_two_stage_av,pass,-0.525,7.0
selected_two_stage_av,pass,0.6753,0.0
selected_two_stage_av,pass,0.6001,0.0
selected_two_stage_av,pass,-0.0509,0.0
selected_two_stage_av,pass,-0.3439,5.0
selected_two_stage_av,pass,0.4882,10.0
selected_two_stage_av,pass,-1.3842,3.0
selected_two_stage_av,pass,-2.9731,2.0
selected_two_stage_av,pass,0.6001,6.0
selected_two_stage_av,pass,1.8864,8.0
selected_two_stage_av,pass,-0.0509,4.0
selected_two_stage_av,pass,1.9333,8.0
selected_two_stage_av,pass,0.1362,5.0
selected_two_stage_av,pass,-0.9299,0.0
selected_two_stage_av,pass,-0.7243,0.0
selected_two_stage_av,pass,-2.0942,2.0
selected_two_stage_av,pass,-1.8764,5.0
selected_two_stage_av,pass,-0.9889,0.0
selected_two_stage_av,pass,-1.8949,3.0
selected_two_stage_av,pass,-0.3439,5.0
selected_two_stage_av,pass,0.6469,5.0
selected_two_stage_av,pass,1.6403,5.0
selected_two_stage_av,pass,-0.4029,0.0
selected_two_stage_av,pass,-0.2971,2.0
selected_two_stage_av,pass,-1.235,1.0
selected_two_stage_av,pass,-0.1568,0.0
selected_two_stage_av,pass,-1.9233,2.0
selected_two_stage_av,pass,-1.8764,4.0
selected_two_stage_av,pass,0.1362,0.0
selected_two_stage_av,pass,-1.6772,9.0
selected_two_stage_av,pass,1.1481,5.0
selected_two_stage_av,pass,-0.4029,0.0
selected_two_stage_av,pass,-0.0041,0.0
selected_two_stage_av,pass,-2.141,4.0
selected_two_stage_av,pass,-0.942,0.0
selected_two_stage_av,pass,-1.5551,6.0
selected_two_stage_av,pass,-1.8481,4.0
selected_two_stage_av,pass,0.6001,0.0
selected_two_stage_av,pass,-2.3872,2.0
selected_two_stage_av,pass,-0.6959,2.0
selected_two_stage_av,pass,-1.0641,4.0
selected_two_stage_av,pass,-0.356,0.0
selected_two_stage_av,pass,0.6001,2.0
selected_two_stage_av,pass,-0.3908,4.0
selected_two_stage_av,pass,0.6001,2.0
selected_two_stage_av,pass,-2.3872,3.0
selected_two_stage_av,pass,-0.0978,5.0
selected_two_stage_av,pass,0.7343,0.0
selected_two_stage_av,pass,-1.6772,4.0
selected_two_stage_av,pass,-0.6959,5.0
selected_two_stage_av,pass,1.6403,7.0
selected_two_stage_av,pass,-0.1852,3.0
selected_two_stage_av,pass,1.6403,5.0
selected_two_stage_av,pass,-0.3908,1.0
selected_two_stage_av,pass,-0.883,6.0
selected_two_stage_av,pass,-1.235,3.0
selected_two_stage_av,pass,0.5532,0.0
selected_two_stage_av,pass,1.3942,6.0
selected_two_stage_av,pass,0.7343,10.0
selected_two_stage_av,pass,1.9333,6.0
selected_two_stage_av,pass,0.3823,0.0
selected_two_stage_av,pass,-1.821,1.0
selected_two_stage_av,pass,0.8462,8.0
selected_two_stage_av,pass,0.3823,0.0
selected_two_stage_av,pass,1.3473,7.0
selected_two_stage_av,pass,-0.4781,3.0
selected_two_stage_av,pass,0.4413,4.0
selected_two_stage_av,pass,-0.1568,0.0
selected_two_stage_av,pass,0.6284,0.0
selected_two_stage_av,pass,1.8395,8.0
selected_two_stage_av,pass,-0.1099,2.0
selected_two_stage_av,pass,2.1794,6.0
selected_two_stage_av,pass,-0.1099,0.0
selected_two_stage_av,pass,0.061,4.0
selected_two_stage_av,pass,-0.2971,4.0
selected_two_stage_av,pass,1.2536,7.0
selected_two_stage_av,pass,-0.4498,0.0
selected_two_stage_av,pass,-0.4498,6.0
selected_two_stage_av,pass,-0.2971,0.0
selected_two_stage_av,pass,0.6469,5.0
selected_two_stage_av,pass,-3.2193,4.0
selected_two_stage_av,pass,2.4724,6.0
selected_two_stage_av,pass,-0.1099,3.0
selected_two_stage_av,pass,-0.6369,0.0
selected_two_stage_av,pass,0.0141,5.0
selected_two_stage_av,pass,-0.232,0.0
selected_two_stage_av,pass,-1.0443,3.0
selected_two_stage_av,pass,0.7613,6.0
selected_two_stage_av,pass,0.7343,0.0
selected_two_stage_av,pass,-1.2819,2.0
selected_two_stage_av,pass,1.6403,7.0
selected_two_stage_av,pass,0.4413,4.0
selected_two_stage_av,pass,-0.1099,0.0
selected_two_stage_av,pass,-0.883,3.0
selected_two_stage_av,pass,-0.9889,3.0
selected_two_stage_av,pass,-2.4624,1.0
selected_two_stage_av,pass,-0.883,2.0
selected_two_stage_av,pass,-0.4498,0.0
selected_two_stage_av,pass,1.0074,9.0
selected_two_stage_av,pass,1.1012,7.0
selected_two_stage_av,pass,1.9333,8.0
selected_two_stage_av,pass,1.0074,8.0
selected_two_stage_av,pass,1.3853,7.0
selected_two_stage_av,pass,-1.235,0.0
selected_two_stage_av,pass,-0.232,5.0
selected_two_stage_av,pass,0.061,5.0
selected_two_stage_av,pass,-1.8764,5.0
selected_two_stage_av,pass,-2.0942,4.0
selected_two_stage_av,pass,-1.3842,5.0
selected_two_stage_av,pass,-0.0509,7.0
selected_two_stage_av,pass,1.3473,8.0
selected_two_stage_av,pass,1.6403,9.0
selected_two_stage_av,pass,-2.6801,3.0
selected_two_stage_av,pass,-0.1568,2.0
selected_two_stage_av,pass,-2.4155,5.0
selected_two_stage_av,pass,-0.0509,2.0
selected_two_stage_av,pass,1.3473,5.0
selected_two_stage_av,pass,-1.821,5.0
selected_two_stage_av,pass,-0.0509,0.0
selected_two_stage_av,pass,-2.6801,2.0
selected_two_stage_av,pass,-0.3439,5.0
selected_two_stage_av,pass,-0.4029,0.0
selected_two_stage_av,pass,1.3942,8.0
selected_two_stage_av,pass,1.8864,4.0
selected_two_stage_av,pass,0.8082,7.0
selected_two_stage_av,pass,-0.1568,0.0
selected_two_stage_av,pass,0.0141,9.0
selected_two_stage_av,pass,-0.9889,0.0
selected_two_stage_av,pass,0.1362,1.0
selected_two_stage_av,pass,0.4683,7.0
selected_two_stage_av,pass,-0.649,0.0
selected_two_stage_av,pass,-0.8362,2.0
selected_two_stage_av,pass,1.1481,10.0
selected_two_stage_av,pass,-1.4811,3.0
selected_two_stage_av,pass,-0.59,3.0
selected_two_stage_av,pass,0.1362,0.0
selected_two_stage_av,pass,-2.6801,4.0
selected_two_stage_av,pass,1.186,0.0
selected_two_stage_av,pass,-1.0172,3.0
selected_two_stage_av,pass,-0.4313,3.0
selected_two_stage_av,pass,0.7613,8.0
selected_two_stage_av,pass,-0.9889,0.0
selected_two_stage_av,pass,-0.7428,2.0
selected_two_stage_av,pass,1.0923,7.0
selected_two_stage_av,pass,-0.2971,4.0
selected_two_stage_av,pass,-1.1881,0.0
selected_two_stage_av,pass,1.186,6.0
selected_two_stage_av,pass,-0.883,5.0
selected_two_stage_av,pass,-0.6369,0.0
selected_two_stage_av,pass,-3.5122,2.0
selected_two_stage_av,pass,0.061,2.0
selected_two_stage_av,pass,-2.6801,5.0
selected_two_stage_av,pass,0.5152,5.0
selected_two_stage_av,pass,-3.2193,4.0
selected_two_stage_av,pass,-1.0912,2.0
selected_two_stage_av,pass,0.5152,8.0
selected_two_stage_av,pass,0.061,5.0
selected_two_stage_av,pass,-0.942,6.0
selected_two_stage_av,pass,-1.3842,4.0
selected_two_stage_av,pass,-1.8764,3.0
selected_two_stage_av,pass,-0.1568,4.0
selected_two_stage_av,pass,-0.0978,0.0
selected_two_stage_av,pass,-1.235,3.0
selected_two_stage_av,pass,-0.525,7.0
selected_two_stage_av,pass,1.8395,7.0
selected_two_stage_av,pass,-0.3439,0.0
selected_two_stage_av,pass,0.1952,3.0
selected_two_stage_av,pass,-0.9889,0.0
selected_two_stage_av,pass,-1.0641,6.0
selected_two_stage_av,pass,-1.528,2.0
selected_two_stage_av,pass,-1.6303,3.0
selected_two_stage_av,pass,-0.3908,5.0
selected_two_stage_av,pass,0.1952,1.0
selected_two_stage_av,pass,-2.6333,3.0
selected_two_stage_av,pass,-0.3439,4.0
selected_two_stage_av,pass,1.0543,7.0
selected_two_stage_av,pass,1.0543,7.0
selected_two_stage_av,pass,-0.1099,2.0
selected_two_stage_av,pass,-0.4781,2.0
selected_two_stage_av,pass,-1.1292,0.0
selected_two_stage_av,pass,-0.2037,5.0
selected_two_stage_av,pass,0.061,0.0
selected_two_stage_av,pass,1.0543,7.0
selected_two_stage_av,pass,-0.1568,3.0
selected_two_stage_av,pass,-1.4221,3.0
selected_two_stage_av,pass,-0.4498,3.0
selected_two_stage_av,pass,-0.883,1.0
selected_two_stage_av,pass,1.6403,9.0
selected_two_stage_av,pass,-1.1381,4.0
selected_two_stage_av,pass,0.4882,0.0
selected_two_stage_av,pass,-1.235,4.0
selected_two_stage_av,pass,-0.0509,0.0
selected_two_stage_av,pass,-0.649,0.0
selected_two_stage_av,pass,1.4322,0.0
selected_two_stage_av,pass,-2.0473,2.0
selected_two_stage_av,pass,0.061,3.0
selected_two_stage_av,pass,-0.942,0.0
selected_two_stage_av,pass,-0.6369,6.0
selected_two_stage_av,pass,-2.2163,4.0
selected_two_stage_av,pass,-0.4029,0.0
selected_two_stage_av,pass,-0.0978,4.0
selected_two_stage_av,pass,-0.883,6.0
selected_two_stage_av,pass,-2.6333,2.0
selected_two_stage_av,pass,-0.4781,8.0
selected_two_stage_av,pass,0.8551,6.0
selected_two_stage_av,pass,-0.4498,0.0
selected_two_stage_av,pass,-0.1568,0.0
selected_two_stage_av,pass,-2.6333,2.0
selected_two_stage_av,pass,-0.6369,1.0
selected_two_stage_av,pass,-1.4221,4.0
selected_two_stage_av,pass,-1.6019,2.0
selected_two_stage_av,pass,1.3004,8.0
selected_two_stage_av,pass,1.8864,5.0
selected_two_stage_av,pass,-0.649,3.0
selected_two_stage_av,pass,-1.5834,5.0
selected_two_stage_av,pass,-0.3908,2.0
selected_two_stage_av,pass,-0.883,3.0
selected_two_stage_av,pass,1.0543,7.0
selected_two_stage_av,pass,-0.1852,8.0
selected_two_stage_av,pass,-0.4781,7.0
selected_two_stage_av,pass,1.6403,7.0
selected_two_stage_av,pass,-1.1881,0.0
selected_two_stage_av,pass,0.3823,4.0
selected_two_stage_av,pass,-0.4498,0.0
selected_two_stage_av,pass,-1.1881,5.0
selected_two_stage_av,pass,-0.0239,6.0
selected_two_stage_av,pass,-0.942,4.0
selected_two_stage_av,pass,-0.942,0.0
selected_two_stage_av,pass,0.1078,6.0
selected_two_stage_av,pass,-0.892,0.0
selected_two_stage_av,pass,0.7613,8.0
selected_two_stage_av,pass,-0.883,3.0
selected_two_stage_av,pass,-0.3439,4.0
selected_two_stage_av,pass,0.3539,2.0
selected_two_stage_av,pass,-0.1852,3.0
selected_two_stage_av,pass,1.6403,7.0
selected_two_stage_av,pass,0.4882,0.0
selected_two_stage_av,pass,-2.6333,2.0
selected_two_stage_av,pass,-0.7711,0.0
selected_two_stage_av,pass,1.6403,7.0
selected_two_stage_av,pass,-0.232,0.0
selected_two_stage_av,pass,-3.1724,1.0
selected_two_stage_av,pass,-0.942,0.0
selected_two_stage_av,pass,0.4413,2.0
selected_two_stage_av,pass,-1.3842,5.0
selected_two_stage_av,pass,0.1952,0.0
selected_two_stage_av,pass,-0.883,4.0
selected_two_stage_av,pass,-0.3439,3.0
selected_two_stage_av,pass,0.7613,6.0
selected_two_stage_av,pass,-1.235,3.0
selected_two_stage_av,pass,1.3473,6.0
selected_two_stage_av,pass,-1.176,1.0
selected_two_stage_av,pass,-1.3842,3.0
selected_two_stage_av,pass,-0.0509,3.0
selected_two_stage_av,pass,0.4413,5.0
selected_two_stage_av,pass,0.1362,6.0
selected_two_stage_av,pass,0.1483,6.0
selected_two_stage_av,pass,-0.525,6.0
selected_two_stage_av,pass,-1.7151,1.0
selected_two_stage_av,pass,0.1483,0.0
selected_two_stage_av,pass,0.3071,4.0
selected_two_stage_av,pass,1.3942,8.0
selected_two_stage_av,pass,1.5934,3.0
selected_two_stage_av,pass,1.3473,6.0
selected_two_stage_av,pass,-2.4624,2.0
selected_two_stage_av,pass,-0.6959,0.0
selected_two_stage_av,pass,-0.0509,0.0
selected_two_stage_av,pass,0.061,0.0
selected_two_stage_av,pass,0.1952,0.0
selected_two_stage_av,pass,-0.3908,0.0
selected_two_stage_av,pass,-0.3439,7.0
selected_two_stage_av,pass,-2.6801,4.0
selected_two_stage_av,pass,-0.7428,3.0
selected_two_stage_av,pass,-0.2971,0.0
selected_two_stage_av,pass,0.8551,7.0
selected_two_stage_av,pass,-0.232,0.0
selected_two_stage_av,pass,-2.8794,1.0
selected_two_stage_av,pass,1.1012,7.0
selected_two_stage_av,pass,-1.4811,2.0
selected_two_stage_av,pass,0.2691,7.0
selected_two_stage_av,pass,0.1952,0.0
selected_two_stage_av,pass,0.6001,0.0
selected_two_stage_av,pass,1.3473,7.0
selected_two_stage_av,pass,-1.0172,0.0
selected_two_stage_av,pass,1.3473,7.0
selected_two_stage_av,pass,0.1483,4.0
selected_two_stage_av,pass,0.8462,5.0
selected_two_stage_av,pass,-1.1381,2.0
selected_two_stage_av,pass,-0.3908,7.0
selected_two_stage_av,pass,-0.3439,5.0
selected_two_stage_av,pass,-2.6333,2.0
selected_two_stage_av,pass,0.8082,1.0
selected_two_stage_av,pass,0.3071,5.0
selected_two_stage_av,pass,1.0543,5.0
selected_two_stage_av,pass,-1.3373,4.0
selected_two_stage_av,pass,-0.4498,0.0
selected_two_stage_av,pass,2.1325,7.0
selected_two_stage_av,pass,-0.9299,2.0
selected_two_stage_av,pass,0.1362,0.0
selected_two_stage_av,pass,-0.5432,6.0
selected_two_stage_av,pass,-0.883,4.0
selected_two_stage_av,pass,0.3071,3.0
selected_two_stage_av,pass,-1.3373,7.0
selected_two_stage_av,pass,-0.1568,0.0
selected_two_stage_av,pass,-0.0509,4.0
selected_two_stage_av,pass,-0.3439,3.0
selected_two_stage_av,pass,0.6469,0.0
selected_two_stage_av,pass,0.3539,7.0
selected_two_stage_av,pass,-2.434,3.0
selected_two_stage_av,pass,1.0074,6.0
selected_two_stage_av,pass,-3.1724,3.0
selected_two_stage_av,pass,-0.4498,0.0
selected_two_stage_av,pass,-1.8949,1.0
selected_two_stage_av,pass,0.9804,0.0
selected_two_stage_av,pass,0.3071,0.0
selected_two_stage_av,pass,-1.8481,1.0
selected_two_stage_av,pass,-2.9731,4.0
selected_two_stage_av,pass,-0.818,7.0
selected_two_stage_av,pass,-0.7428,0.0
selected_two_stage_av,pass,0.8082,7.0
selected_two_stage_av,pass,2.3786,7.0
selected_two_stage_av,pass,-0.1099,0.0
selected_two_stage_av,pass,-1.0912,4.0
selected_two_stage_av,pass,-0.1852,4.0
selected_two_stage_av,pass,1.6783,0.0
selected_two_stage_av,pass,0.4882,0.0
selected_two_stage_av,pass,1.8864,7.0
selected_two_stage_av,pass,-0.9889,0.0
selected_two_stage_av,pass,-0.6959,0.0
selected_two_stage_av,pass,0.3071,2.0
selected_two_stage_av,pass,-2.9263,1.0
selected_two_stage_av,pass,-0.9889,0.0
selected_two_stage_av,pass,-1.3373,9.0
selected_two_stage_av,pass,-0.7428,0.0
selected_two_stage_av,pass,-0.1568,0.0
selected_two_stage_av,pass,0.1952,4.0
selected_two_stage_av,pass,0.6001,0.0
selected_two_stage_av,pass,1.2734,0.0
selected_two_stage_av,pass,-1.7151,3.0
selected_two_stage_av,pass,-0.5521,5.0
selected_two_stage_av,pass,-1.176,4.0
selected_two_stage_av,pass,-3.2193,1.0
selected_two_stage_av,pass,2.1794,8.0
selected_two_stage_av,pass,1.3473,6.0
selected_two_stage_av,pass,-0.6959,3.0
selected_two_stage_av,pass,1.3004,7.0
selected_two_stage_av,pass,-0.4313,0.0
selected_two_stage_av,pass,-0.0041,0.0
selected_two_stage_av,pass,-3.4654,4.0
selected_two_stage_av,pass,0.242,3.0
selected_two_stage_av,pass,-1.5834,3.0
selected_two_stage_av,pass,1.3004,7.0
selected_two_stage_av,pass,-0.4781,2.0
selected_two_stage_av,pass,-0.6959,2.0
selected_two_stage_av,pass,-0.4029,0.0
selected_two_stage_av,pass,-0.942,0.0
selected_two_stage_av,pass,-2.0942,6.0
selected_two_stage_av,pass,-1.5749,4.0
selected_two_stage_av,pass,-0.4029,0.0
selected_two_stage_av,pass,0.4413,2.0
selected_two_stage_av,pass,-1.3373,9.0
selected_two_stage_av,pass,-1.469,1.0
selected_two_stage_av,pass,0.7613,7.0
selected_two_stage_av,pass,-0.3439,0.0
selected_two_stage_av,pass,0.3539,5.0
selected_two_stage_av,pass,-1.1381,5.0
selected_two_stage_av,pass,-0.4029,4.0
selected_two_stage_av,pass,-1.2819,4.0
selected_two_stage_av,pass,-0.649,0.0
selected_two_stage_av,pass,0.7343,0.0
selected_two_stage_av,pass,-0.232,6.0
selected_two_stage_av,pass,1.3473,7.0
selected_two_stage_av,pass,-0.232,1.0
selected_two_stage_av,pass,-0.3908,0.0
selected_two_stage_av,pass,0.4413,8.0
selected_two_stage_av,pass,-1.2819,0.0
selected_two_stage_av,pass,-0.3439,8.0
selected_two_stage_av,pass,-0.7711,0.0
selected_two_stage_av,pass,-0.1447,4.0
selected_two_stage_av,pass,1.6403,6.0
selected_two_stage_av,pass,1.9333,5.0
selected_two_stage_av,pass,-0.8362,4.0
selected_two_stage_av,pass,-0.3439,1.0
selected_two_stage_av,pass,-1.176,4.0
selected_two_stage_av,pass,1.3473,7.0
selected_two_stage_av,pass,-0.525,4.0
selected_two_stage_av,pass,-0.649,0.0
selected_two_stage_av,pass,-2.1879,5.0
selected_two_stage_av,pass,-0.59,6.0
selected_two_stage_av,pass,-0.59,0.0
selected_two_stage_av,pass,1.1392,0.0
selected_two_stage_av,pass,-1.8764,5.0
selected_two_stage_av,pass,-1.9233,3.0
selected_two_stage_av,pass,0.061,6.0
selected_two_stage_av,pass,-0.6959,4.0
selected_two_stage_av,pass,-1.8481,6.0
selected_two_stage_av,pass,-1.1292,5.0
selected_two_stage_av,pass,1.8864,4.0
selected_two_stage_av,pass,-1.176,3.0
selected_two_stage_av,pass,-0.0978,5.0
selected_two_stage_av,pass,0.6001,4.0
selected_two_stage_av,pass,-0.4029,5.0
selected_two_stage_av,pass,-0.0509,0.0
selected_two_stage_av,pass,-0.0978,8.0
selected_two_stage_av,pass,-0.6959,2.0
selected_two_stage_av,pass,-0.4029,4.0
selected_two_stage_av,pass,0.061,5.0
selected_two_stage_av,pass,0.242,6.0
selected_two_stage_av,pass,2.1794,7.0
selected_two_stage_av,pass,-2.3403,5.0
selected_two_stage_av,pass,1.1012,5.0
selected_two_stage_av,pass,0.1483,4.0
selected_two_stage_av,pass,1.3473,7.0
selected_two_stage_av,pass,-0.3908,5.0
selected_two_stage_av,pass,0.1952,4.0
selected_two_stage_av,pass,0.8931,9.0
selected_two_stage_av,pass,-0.7243,3.0
selected_two_stage_av,pass,-0.1099,3.0
selected_two_stage_av,pass,-0.883,5.0
selected_two_stage_av,pass,-1.2819,2.0
selected_two_stage_av,pass,-2.2163,4.0
selected_two_stage_av,pass,1.3942,5.0
selected_two_stage_av,pass,-0.1447,0.0
selected_two_stage_av,pass,-0.942,2.0
selected_two_stage_av,pass,-0.6959,0.0
selected_two_stage_av,pass,-0.6369,4.0
selected_two_stage_av,pass,-0.6959,0.0
selected_two_stage_av,pass,0.6001,0.0
selected_two_stage_av,pass,-0.6959,4.0
selected_two_stage_av,pass,-0.9889,1.0
selected_two_stage_av,pass,0.061,0.0
selected_two_stage_av,pass,-0.3439,3.0
selected_two_stage_av,pass,-0.6369,10.0
selected_two_stage_av,pass,-0.7428,4.0
selected_two_stage_av,pass,-0.1852,0.0
selected_two_stage_av,pass,-0.0509,9.0
selected_two_stage_av,pass,-0.9889,5.0
selected_two_stage_av,pass,-2.3872,2.0
selected_two_stage_av,pass,0.3539,4.0
selected_two_stage_av,pass,-0.6369,6.0
selected_two_stage_av,pass,-0.3439,2.0
selected_two_stage_av,pass,0.3539,5.0
selected_two_stage_av,pass,0.8462,2.0
selected_two_stage_av,pass,-1.0172,7.0
selected_two_stage_av,pass,-0.7428,0.0
selected_two_stage_av,pass,0.8462,0.0
selected_two_stage_av,pass,-0.4498,0.0
selected_two_stage_av,pass,-0.9299,3.0
selected_two_stage_av,pass,-1.4221,0.0
selected_two_stage_av,pass,-1.8764,1.0
selected_two_stage_av,pass,1.1012,8.0
selected_two_stage_av,pass,0.0893,0.0
selected_two_stage_av,pass,-1.821,4.0
selected_two_stage_av,pass,0.6001,0.0
selected_two_stage_av,pass,-1.6303,1.0
selected_two_stage_av,pass,-2.434,0.0
selected_two_stage_av,pass,-2.434,4.0
selected_two_stage_av,pass,0.5621,7.0
selected_two_stage_av,pass,-0.9889,4.0
selected_two_stage_av,pass,-1.5551,4.0
selected_two_stage_av,pass,-0.3439,3.0
selected_two_stage_av,pass,0.4882,0.0
selected_two_stage_av,pass,-2.141,4.0
selected_two_stage_av,pass,-0.883,3.0
selected_two_stage_av,pass,-0.0509,5.0
selected_two_stage_av,pass,-0.232,0.0
selected_two_stage_av,pass,0.6469,0.0
selected_two_stage_av,pass,-1.6019,3.0
selected_two_stage_av,pass,-0.0978,3.0
selected_two_stage_av,pass,-0.0509,6.0
selected_two_stage_av,pass,-0.9889,4.0
selected_two_stage_av,pass,-1.1292,2.0
selected_two_stage_av,pass,-1.6303,4.0
selected_two_stage_av,pass,1.9333,7.0
selected_two_stage_av,pass,-0.1568,3.0
selected_two_stage_av,pass,-0.9889,0.0
selected_two_stage_av,pass,-2.727,4.0
selected_two_stage_av,pass,-0.2971,0.0
selected_two_stage_av,pass,-0.7428,0.0
selected_two_stage_av,pass,-2.434,4.0
selected_two_stage_av,pass,-0.1852,2.0
selected_two_stage_av,pass,1.1392,0.0
selected_two_stage_av,pass,-0.5432,0.0
selected_two_stage_av,pass,-1.0443,3.0
selected_two_stage_av,pass,-2.3403,4.0
selected_two_stage_av,pass,-1.235,2.0
selected_two_stage_av,pass,-0.232,0.0
selected_two_stage_av,pass,-1.6303,2.0
selected_two_stage_av,pass,-0.232,0.0
selected_two_stage_av,pass,-0.9299,5.0
selected_two_stage_av,pass,-2.3872,3.0
selected_two_stage_av,pass,0.6001,5.0
selected_two_stage_av,pass,0.8745,0.0
selected_two_stage_av,pass,-0.6369,0.0
selected_two_stage_av,pass,-0.4029,4.0
selected_two_stage_av,pass,0.3071,7.0
selected_two_stage_av,pass,-1.235,2.0
selected_two_stage_av,pass,-0.2971,0.0
selected_two_stage_av,pass,-2.3872,0.0
selected_two_stage_av,pass,0.061,5.0
selected_two_stage_av,pass,1.5934,7.0
selected_two_stage_av,pass,0.6001,0.0
selected_two_stage_av,pass,1.0543,8.0
selected_two_stage_av,pass,-1.5834,4.0
selected_two_stage_av,pass,-0.883,3.0
selected_two_stage_av,pass,-0.1099,0.0
selected_two_stage_av,pass,-0.59,4.0
selected_two_stage_av,pass,-0.9889,3.0
selected_two_stage_av,pass,-1.528,0.0
selected_two_stage_av,pass,1.3473,8.0
selected_two_stage_av,pass,0.1952,4.0
selected_two_stage_av,pass,1.5934,6.0
selected_two_stage_av,pass,0.4882,4.0
selected_two_stage_av,pass,-0.6959,5.0
selected_two_stage_av,pass,-1.6303,4.0
selected_two_stage_av,pass,-0.0239,5.0
selected_two_stage_av,pass,0.4882,3.0
selected_two_stage_av,pass,-0.7428,0.0
selected_two_stage_av,pass,0.3539,0.0
selected_two_stage_av,pass,-1.235,0.0
selected_two_stage_av,pass,0.1952,5.0
selected_two_stage_av,pass,-0.0509,6.0
selected_two_stage_av,pass,-0.3908,0.0
selected_two_stage_av,pass,-2.9263,3.0
selected_two_stage_av,pass,-0.6959,3.0
selected_two_stage_av,pass,0.0893,4.0
selected_two_stage_av,pass,0.2889,0.0
selected_two_stage_av,pass,-1.821,0.0
selected_two_stage_av,pass,-0.4498,0.0
selected_two_stage_av,pass,0.0141,0.0
selected_two_stage_av,pass,1.1012,7.0
selected_two_stage_av,pass,-2.2163,5.0
selected_two_stage_av,pass,-0.4029,0.0
selected_two_stage_av,pass,-1.5551,4.0
selected_two_stage_av,pass,-1.9233,2.0
selected_two_stage_av,pass,-0.9889,5.0
selected_two_stage_av,pass,-0.0509,3.0
selected_two_stage_av,pass,-1.0912,5.0
selected_two_stage_av,pass,2.1794,7.0
selected_two_stage_av,pass,-0.1852,6.0
selected_two_stage_av,pass,-0.4781,6.0
selected_two_stage_av,pass,-0.942,0.0
selected_two_stage_av,pass,-0.2971,0.0
selected_two_stage_av,pass,0.1952,4.0
selected_two_stage_av,pass,-0.6959,4.0
selected_two_stage_av,pass,-2.434,4.0
selected_two_stage_av,pass,-0.0509,8.0
selected_two_stage_av,pass,-0.4781,8.0
selected_two_stage_av,pass,-0.883,0.0
selected_two_stage_av,pass,0.7343,0.0
selected_two_stage_av,pass,-3.0015,1.0
selected_two_stage_av,pass,-1.4221,4.0
selected_two_stage_av,pass,-0.8362,2.0
selected_two_stage_av,pass,-0.0509,0.0
selected_two_stage_av,pass,1.3942,5.0
selected_two_stage_av,pass,0.4413,0.0
selected_two_stage_av,pass,-2.7085,5.0
selected_two_stage_av,pass,0.8462,3.0
selected_two_stage_av,pass,0.242,0.0
selected_two_stage_av,pass,0.6001,0.0
selected_two_stage_av,pass,0.0893,5.0
selected_two_stage_av,pass,-1.1881,0.0
selected_two_stage_av,pass,0.0141,0.0
selected_two_stage_av,pass,-1.9233,2.0
selected_two_stage_av,pass,0.8082,10.0
selected_two_stage_av,pass,0.5621,7.0
selected_two_stage_av,pass,0.9214,0.0
selected_two_stage_av,pass,-0.2037,3.0
selected_two_stage_av,pass,-1.235,3.0
selected_two_stage_av,pass,-0.1099,2.0
selected_two_stage_av,pass,-1.3842,4.0
selected_two_stage_av,pass,1.1012,5.0
selected_two_stage_av,pass,-0.2971,0.0
selected_two_stage_av,pass,-0.6959,0.0
selected_two_stage_av,pass,-1.0172,3.0
selected_two_stage_av,pass,0.6938,0.0
selected_two_stage_av,pass,-1.4811,4.0
selected_two_stage_av,pass,0.4413,0.0
selected_two_stage_av,pass,0.3539,0.0
selected_two_stage_av,pass,-2.6801,4.0
selected_two_stage_av,pass,-0.4029,4.0
selected_two_stage_av,pass,-2.1225,5.0
selected_two_stage_av,pass,0.7613,5.0
selected_two_stage_av,pass,-1.6303,3.0
selected_two_stage_av,pass,1.0543,6.0
selected_two_stage_av,pass,-0.0978,3.0
selected_two_stage_av,pass,-2.6801,7.0
selected_two_stage_av,pass,-1.469,2.0
selected_two_stage_av,pass,-0.0978,8.0
selected_two_stage_av,pass,-1.1292,2.0
selected_two_stage_av,pass,0.3823,0.0
selected_two_stage_av,pass,-0.649,0.0
selected_two_stage_av,pass,1.6403,7.0
selected_two_stage_av,pass,-2.1225,4.0
selected_two_stage_av,pass,-0.6959,4.0
selected_two_stage_av,pass,-0.4781,4.0
selected_two_stage_av,pass,-2.9263,3.0
selected_two_stage_av,pass,0.7343,2.0
selected_two_stage_av,pass,-0.1568,0.0
selected_two_stage_av,pass,1.3473,4.0
selected_two_stage_av,pass,1.3473,6.0
selected_two_stage_av,pass,-1.528,0.0
selected_two_stage_av,pass,0.3071,0.0
selected_two_stage_av,pass,-1.6303,5.0
selected_two_stage_av,pass,-0.4029,0.0
selected_two_stage_av,pass,0.061,6.0
selected_two_stage_av,pass,-0.0978,5.0
selected_two_stage_av,pass,-1.821,4.0
selected_two_stage_av,pass,1.8395,7.0
selected_two_stage_av,pass,-0.6959,0.0
selected_two_stage_av,pass,-2.434,2.0
selected_two_stage_av,pass,-0.7982,3.0
selected_two_stage_av,pass,-1.235,2.0
selected_two_stage_av,pass,-0.1852,0.0
selected_two_stage_av,pass,-3.2193,3.0
selected_two_stage_av,pass,-0.9889,2.0
selected_two_stage_av,pass,0.061,1.0
selected_two_stage_av,pass,-1.469,2.0
selected_two_stage_av,pass,0.4413,0.0
selected_two_stage_av,pass,0.2222,8.0
selected_two_stage_av,pass,0.3539,4.0
selected_two_stage_av,pass,-2.1694,5.0
selected_two_stage_av,pass,1.1012,9.0
selected_two_stage_av,pass,1.1012,2.0
selected_two_stage_av,pass,-1.8679,5.0
selected_two_stage_av,pass,-0.0509,3.0
selected_two_stage_av,pass,-0.1852,2.0
selected_two_stage_av,pass,-0.7428,0.0
selected_two_stage_av,pass,2.4724,3.0
selected_two_stage_av,pass,-0.0509,3.0
selected_two_stage_av,pass,0.3539,8.0
selected_two_stage_av,pass,-0.7428,4.0
selected_two_stage_av,pass,-0.1852,9.0
selected_two_stage_av,pass,1.8864,6.0
selected_two_stage_av,pass,0.6001,0.0
selected_two_stage_av,pass,-0.883,0.0
selected_two_stage_av,pass,0.0893,0.0
selected_two_stage_av,pass,2.6716,4.0
selected_two_stage_av,pass,-0.232,2.0
selected_two_stage_av,pass,-0.4498,2.0
selected_two_stage_av,pass,0.6469,6.0
selected_two_stage_av,pass,-1.9702,7.0
selected_two_stage_av,pass,-2.3872,4.0
selected_two_stage_av,pass,-0.3439,8.0
selected_two_stage_av,pass,-1.528,3.0
selected_two_stage_av,pass,-0.4967,0.0
selected_two_stage_av,pass,1.3473,7.0
selected_two_stage_av,pass,-0.1099,0.0
selected_two_stage_av,pass,0.6469,4.0
selected_two_stage_av,pass,-0.0509,0.0
selected_two_stage_av,pass,1.1012,6.0
selected_two_stage_av,pass,-0.2971,0.0
selected_two_stage_av,pass,-0.942,0.0
selected_two_stage_av,pass,-1.528,4.0
selected_two_stage_av,pass,2.1794,6.0
selected_two_stage_av,pass,0.061,0.0
selected_two_stage_av,pass,-0.232,5.0
selected_two_stage_av,pass,0.061,4.0
selected_two_stage_av,pass,-0.8451,10.0
selected_two_stage_av,pass,-0.0509,0.0
selected_two_stage_av,pass,-0.6959,3.0
selected_two_stage_av,pass,-1.2819,0.0
selected_two_stage_av,pass,-0.1852,6.0
selected_two_stage_av,pass,0.8462,0.0
selected_two_stage_av,pass,-0.4498,0.0
selected_two_stage_av,pass,-2.141,3.0
selected_two_stage_av,pass,-0.649,3.0
selected_two_stage_av,pass,-1.8949,5.0
selected_two_stage_av,pass,-0.2971,0.0
selected_two_stage_av,pass,-1.235,3.0
selected_two_stage_av,pass,-1.5834,3.0
selected_two_stage_av,pass,-1.235,1.0
selected_two_stage_av,pass,-0.6369,2.0
selected_two_stage_av,pass,0.3071,1.0
selected_two_stage_av,pass,-0.4029,3.0
selected_two_stage_av,pass,0.061,0.0
selected_two_stage_av,pass,-0.4313,0.0
selected_two_stage_av,pass,1.3473,9.0
selected_two_stage_av,pass,-0.1099,3.0
selected_two_stage_av,pass,-2.0942,2.0
selected_two_stage_av,pass,-0.0509,0.0
selected_two_stage_av,pass,-0.6959,0.0
selected_two_stage_av,pass,0.3539,7.0
selected_two_stage_av,pass,-0.232,4.0
selected_two_stage_av,pass,-0.232,0.0
selected_two_stage_av,pass,0.8082,5.0
selected_two_stage_av,pass,1.186,8.0
selected_two_stage_av,pass,0.8462,0.0
selected_two_stage_av,pass,-0.7428,4.0
selected_two_stage_av,pass,-0.7711,0.0
selected_two_stage_av,pass,-0.6369,7.0
selected_two_stage_av,pass,0.061,2.0
selected_two_stage_av,pass,0.6001,0.0
selected_two_stage_av,pass,-0.0509,5.0
selected_two_stage_av,pass,-1.0912,4.0
selected_two_stage_av,pass,1.3473,8.0
selected_two_stage_av,pass,-0.942,1.0
selected_two_stage_av,pass,-1.5551,5.0
selected_two_stage_av,pass,-0.1568,3.0
selected_two_stage_av,pass,0.4413,0.0
selected_two_stage_av,pass,-0.356,0.0
selected_two_stage_av,pass,0.5152,4.0
selected_two_stage_av,pass,-0.4498,2.0
selected_two_stage_av,pass,-3.2193,4.0
selected_two_stage_av,pass,1.1012,7.0
selected_two_stage_av,pass,1.3203,0.0
selected_two_stage_av,pass,-1.8764,6.0
selected_two_stage_av,pass,-0.883,3.0
selected_two_stage_av,pass,-1.0912,4.0
selected_two_stage_av,pass,-2.0942,4.0
selected_two_stage_av,pass,-2.434,3.0
selected_two_stage_av,pass,-2.141,4.0
selected_two_stage_av,pass,-2.141,4.0
selected_two_stage_av,pass,-0.9889,0.0
selected_two_stage_av,pass,1.3473,5.0
selected_two_stage_av,pass,-1.5551,3.0
selected_two_stage_av,pass,2.1325,7.0
selected_two_stage_av,pass,-0.6959,0.0
selected_two_stage_av,pass,-0.0978,0.0
selected_two_stage_av,pass,-0.59,7.0
selected_two_stage_av,pass,0.3539,0.0
selected_two_stage_av,pass,0.4008,0.0
selected_two_stage_av,pass,0.8082,7.0
selected_two_stage_av,pass,-0.8362,5.0
selected_two_stage_av,pass,-2.9263,2.0
selected_two_stage_av,pass,-0.232,0.0
selected_two_stage_av,pass,-0.7428,3.0
selected_two_stage_av,pass,1.6403,9.0
selected_two_stage_av,pass,0.1952,7.0
selected_two_stage_av,pass,0.061,6.0
selected_two_stage_av,pass,1.8395,5.0
selected_two_stage_av,pass,-1.4221,4.0
selected_two_stage_av,pass,-2.2163,1.0
selected_two_stage_av,pass,0.4683,6.0
selected_two_stage_av,pass,-1.9233,1.0
selected_two_stage_av,pass,-2.1694,2.0
selected_two_stage_av,pass,0.8462,8.0
selected_two_stage_av,pass,-0.9889,6.0
selected_two_stage_av,pass,-1.5551,5.0
selected_two_stage_av,pass,0.1952,0.0
selected_two_stage_av,pass,-0.2971,7.0
selected_two_stage_av,pass,-2.3872,4.0
selected_two_stage_av,pass,-0.883,4.0
selected_two_stage_av,pass,-0.942,0.0
selected_two_stage_av,pass,-0.4498,2.0
selected_two_stage_av,pass,-0.4498,0.0
selected_two_stage_av,pass,0.7343,8.0
selected_two_stage_av,pass,0.8462,4.0
selected_two_stage_av,pass,-2.3872,3.0
selected_two_stage_av,pass,-0.0041,5.0
selected_two_stage_av,pass,-0.3439,3.0
selected_two_stage_av,pass,1.3004,7.0
selected_two_stage_av,pass,-0.4498,0.0
selected_two_stage_av,pass,-0.3439,5.0
selected_two_stage_av,pass,-1.6303,2.0
selected_two_stage_av,pass,1.8864,6.0
selected_two_stage_av,pass,0.0141,4.0
selected_two_stage_av,pass,-0.4498,0.0
selected_two_stage_av,pass,-0.6959,5.0
selected_two_stage_av,pass,-1.469,1.0
selected_two_stage_av,pass,-0.7982,3.0
selected_two_stage_av,pass,0.3539,0.0
selected_two_stage_av,pass,1.3004,9.0
selected_two_stage_av,pass,-2.6801,3.0
selected_two_stage_av,pass,-0.942,0.0
selected_two_stage_av,pass,1.9333,8.0
selected_two_stage_av,pass,-0.6369,3.0
selected_two_stage_av,pass,-0.6369,0.0
selected_two_stage_av,pass,-1.6488,1.0
selected_two_stage_av,pass,-0.4781,8.0
selected_two_stage_av,pass,-0.9889,4.0
selected_two_stage_av,pass,-0.942,0.0
selected_two_stage_av,pass,-2.1694,3.0
selected_two_stage_av,pass,2.3786,7.0
selected_two_stage_av,pass,0.242,3.0
selected_two_stage_av,pass,1.1012,7.0
selected_two_stage_av,pass,1.6403,4.0
selected_two_stage_av,pass,-0.5052,4.0
selected_two_stage_av,pass,1.1392,0.0
selected_two_stage_av,pass,-2.3403,1.0
selected_two_stage_av,pass,-0.9889,4.0
selected_two_stage_av,pass,-1.4221,4.0
selected_two_stage_av,pass,-0.4029,0.0
selected_two_stage_av,pass,-0.599,4.0
selected_two_stage_av,pass,0.1952,4.0
selected_two_stage_av,pass,1.3004,9.0
selected_two_stage_av,pass,1.7251,0.0
selected_two_stage_av,pass,0.1483,5.0
selected_two_stage_av,pass,-0.0978,7.0
selected_two_stage_av,pass,1.0543,7.0
selected_two_stage_av,pass,0.4882,0.0
selected_two_stage_av,pass,0.6001,0.0
selected_two_stage_av,pass,-3.5122,5.0
selected_two_stage_av,pass,-0.649,0.0
selected_two_stage_av,pass,-0.4781,0.0
selected_two_stage_av,pass,-0.0978,4.0
selected_two_stage_av,pass,-1.3373,2.0
selected_two_stage_av,pass,-1.176,8.0
selected_two_stage_av,pass,-1.0172,5.0
selected_two_stage_av,pass,-0.4781,6.0
selected_two_stage_av,pass,-1.1292,1.0
selected_two_stage_av,pass,-0.649,5.0
selected_two_stage_av,pass,-0.7711,8.0
selected_two_stage_av,pass,-0.3439,5.0
selected_two_stage_av,pass,0.7222,5.0
selected_two_stage_av,pass,-0.1852,0.0
selected_two_stage_av,pass,-0.7243,7.0
selected_two_stage_av,pass,0.0893,4.0
selected_two_stage_av,pass,-0.59,4.0
selected_two_stage_av,pass,-0.1568,2.0
selected_two_stage_av,pass,-0.6959,5.0
selected_two_stage_av,pass,-2.6333,2.0
selected_two_stage_av,pass,-0.1099,0.0
selected_two_stage_av,pass,-3.2193,2.0
selected_two_stage_av,pass,-1.4311,4.0
selected_two_stage_av,pass,-0.4498,4.0
selected_two_stage_av,pass,0.3539,0.0
selected_two_stage_av,pass,-2.3872,4.0
selected_two_stage_av,pass,-1.1292,0.0
selected_two_stage_av,pass,-0.525,8.0
selected_two_stage_av,pass,0.1362,0.0
selected_two_stage_av,pass,-1.176,4.0
selected_two_stage_av,pass,-0.356,0.0
selected_two_stage_av,pass,-0.4781,6.0
selected_two_stage_av,pass,-0.9889,0.0
selected_two_stage_av,pass,0.3944,0.0
selected_two_stage_av,pass,-0.942,0.0
selected_two_stage_av,pass,-2.3403,4.0
selected_two_stage_av,pass,1.3473,8.0
selected_two_stage_av,pass,0.4882,3.0
selected_two_stage_av,pass,-0.1383,8.0
selected_two_stage_av,pass,-0.3439,9.0
selected_two_stage_av,pass,-2.6801,4.0
selected_two_stage_av,pass,1.3004,9.0
selected_two_stage_av,pass,2.4255,7.0
selected_two_stage_av,pass,-0.6369,2.0
selected_two_stage_av,pass,-1.2435,1.0
selected_two_stage_av,pass,0.7613,7.0
selected_two_stage_av,pass,-1.8764,2.0
selected_two_stage_av,pass,-0.8951,2.0
selected_two_stage_av,pass,-0.8362,5.0
selected_two_stage_av,pass,1.9244,0.0
selected_two_stage_av,pass,2.1794,8.0
selected_two_stage_av,pass,1.6403,7.0
selected_two_stage_av,pass,0.3539,0.0
selected_two_stage_av,pass,-0.2971,5.0
selected_two_stage_av,pass,-0.0239,4.0
selected_two_stage_av,pass,-1.3842,2.0
selected_two_stage_av,pass,1.3473,5.0
selected_two_stage_av,pass,-1.0358,1.0
selected_two_stage_av,pass,-1.6772,5.0
selected_two_stage_av,pass,-0.1852,1.0
selected_two_stage_av,pass,-0.232,5.0
selected_two_stage_av,pass,-0.6959,0.0
selected_two_stage_av,pass,0.8931,0.0
selected_two_stage_av,pass,0.6001,0.0
selected_two_stage_av,pass,-2.0942,1.0
selected_two_stage_av,pass,-2.0473,1.0
selected_two_stage_av,pass,-2.0671,5.0
selected_two_stage_av,pass,-0.7982,4.0
selected_two_stage_av,pass,-0.4498,5.0
selected_two_stage_av,pass,-0.4029,5.0
selected_two_stage_av,pass,-2.6333,1.0
selected_two_stage_av,pass,1.5934,5.0
selected_two_stage_av,pass,1.0543,7.0
selected_two_stage_av,pass,0.8931,7.0
selected_two_stage_av,pass,-1.176,5.0
selected_two_stage_av,pass,1.1012,9.0
selected_two_stage_av,pass,-0.6959,7.0
selected_two_stage_av,pass,-0.1099,0.0
selected_two_stage_av,pass,-0.0978,6.0
selected_two_stage_av,pass,-0.6959,4.0
selected_two_stage_av,pass,0.7993,4.0
selected_two_stage_av,pass,1.8864,6.0
selected_two_stage_av,pass,-2.141,6.0
selected_two_stage_av,pass,1.1012,5.0
selected_two_stage_av,pass,0.242,5.0
selected_two_stage_av,pass,-2.9263,4.0
selected_two_stage_av,pass,0.6001,0.0
selected_two_stage_av,pass,1.3473,7.0
selected_two_stage_av,pass,0.8082,5.0
selected_two_stage_av,pass,-0.883,3.0
selected_two_stage_av,pass,-0.0978,8.0
selected_two_stage_av,pass,-1.0172,8.0
selected_two_stage_av,pass,-1.8012,2.0
selected_two_stage_av,pass,-0.0041,2.0
selected_two_stage_av,pass,0.5152,6.0
selected_two_stage_av,pass,1.6403,6.0
selected_two_stage_av,pass,-0.3439,5.0
selected_two_stage_av,pass,0.061,6.0
selected_two_stage_av,pass,-0.232,10.0
selected_two_stage_av,pass,-0.4498,4.0
selected_two_stage_av,pass,-0.883,7.0
selected_two_stage_av,pass,1.0543,9.0
selected_two_stage_av,pass,-0.9889,0.0
selected_two_stage_av,pass,-2.3872,6.0
selected_two_stage_av,pass,-0.9299,0.0
selected_two_stage_av,pass,-0.59,3.0
selected_two_stage_av,pass,-0.8362,1.0
selected_two_stage_av,pass,-0.1568,0.0
selected_two_stage_av,pass,-1.3842,5.0
selected_two_stage_av,pass,-2.4624,1.0
selected_two_stage_av,pass,-0.9299,5.0
selected_two_stage_av,pass,2.4724,8.0
selected_two_stage_av,pass,-1.8764,7.0
selected_two_stage_av,pass,-0.3439,3.0
selected_two_stage_av,pass,0.242,0.0
selected_two_stage_av,pass,-0.9768,5.0
selected_two_stage_av,pass,-0.3439,8.0
selected_two_stage_av,pass,1.3942,8.0
selected_two_stage_av,pass,-3.7584,4.0
selected_two_stage_av,pass,-0.7711,0.0
selected_two_stage_av,pass,-0.0239,6.0
selected_two_stage_av,pass,-0.4029,0.0
selected_two_stage_av,pass,-1.821,0.0
selected_two_stage_av,pass,-0.883,4.0
selected_two_stage_av,pass,-0.59,5.0
selected_two_stage_av,pass,-1.235,4.0
selected_two_stage_av,pass,-0.0239,1.0
selected_two_stage_av,pass,-1.528,3.0
selected_two_stage_av,pass,-0.1099,0.0
selected_two_stage_av,pass,1.0074,5.0
selected_two_stage_av,pass,0.8551,5.0
selected_two_stage_av,pass,-0.0509,7.0
selected_two_stage_av,pass,0.0141,7.0
selected_two_stage_av,pass,-0.4029,0.0
selected_two_stage_av,pass,-1.0912,4.0
selected_two_stage_av,pass,-1.8481,5.0
selected_two_stage_av,pass,0.1952,0.0
selected_two_stage_av,pass,0.8082,7.0
selected_two_stage_av,pass,0.1952,3.0
selected_two_stage_av,pass,-1.235,1.0
selected_two_stage_av,pass,-0.8362,8.0
selected_two_stage_av,pass,-0.0509,4.0
selected_two_stage_av,pass,-1.6303,2.0
selected_two_stage_av,pass,0.1362,0.0
selected_two_stage_av,pass,-0.59,0.0
selected_two_stage_av,pass,-2.9263,4.0
selected_two_stage_av,pass,-1.1881,0.0
selected_two_stage_av,pass,-0.4498,0.0
selected_two_stage_av,pass,-0.883,0.0
selected_two_stage_av,pass,-0.4498,0.0
selected_two_stage_av,pass,-0.6369,0.0
selected_two_stage_av,pass,-3.4654,4.0
selected_two_stage_av,pass,-1.0641,3.0
selected_two_stage_av,pass,-2.6333,2.0
selected_two_stage_av,pass,-0.0509,7.0
selected_two_stage_av,pass,-0.3439,0.0
selected_two_stage_av,pass,-0.942,3.0
selected_two_stage_av,pass,-0.4029,0.0
selected_two_stage_av,pass,-1.6772,3.0
selected_two_stage_av,pass,-0.6459,4.0
selected_two_stage_av,pass,1.1012,7.0
selected_two_stage_av,pass,-1.8481,3.0
selected_two_stage_av,pass,-0.0509,0.0
selected_two_stage_av,pass,-1.5834,4.0
selected_two_stage_av,pass,-1.1292,4.0
selected_two_stage_av,pass,0.0893,0.0
selected_two_stage_av,pass,-2.6801,4.0
selected_two_stage_av,pass,-0.9299,1.0
selected_two_stage_av,pass,-1.016,5.0
selected_two_stage_av,pass,-0.1852,0.0
selected_two_stage_av,pass,-0.4781,3.0
selected_two_stage_av,pass,-0.525,2.0
selected_two_stage_av,pass,-0.6959,0.0
selected_two_stage_av,pass,-0.6369,7.0
selected_two_stage_av,pass,-1.1292,0.0
selected_two_stage_av,pass,0.8462,3.0
selected_two_stage_av,pass,-0.59,0.0
selected_two_stage_av,pass,-1.3558,3.0
selected_two_stage_av,pass,0.0141,0.0
selected_two_stage_av,pass,-1.9702,2.0
selected_two_stage_av,pass,2.4255,6.0
selected_two_stage_av,pass,-0.8451,5.0
selected_two_stage_av,pass,-0.9299,3.0
selected_two_stage_av,pass,0.5819,0.0
selected_two_stage_av,pass,-0.3908,3.0
selected_two_stage_av,pass,-0.7428,6.0
selected_two_stage_av,pass,0.8931,7.0
selected_two_stage_av,pass,0.6001,2.0
selected_two_stage_av,pass,-0.0239,5.0
selected_two_stage_av,pass,-1.3842,3.0
selected_two_stage_av,pass,-0.6369,5.0
selected_two_stage_av,pass,-0.649,0.0
selected_two_stage_av,pass,1.3942,6.0
selected_two_stage_av,pass,-1.6019,2.0
selected_two_stage_av,pass,-0.9889,0.0
selected_two_stage_av,pass,-2.0671,2.0
selected_two_stage_av,pass,-3.2193,1.0
selected_two_stage_av,pass,0.4882,5.0
selected_two_stage_av,pass,-1.7151,4.0
selected_two_stage_av,pass,0.8082,8.0
selected_two_stage_av,pass,-1.9233,4.0
selected_two_stage_av,pass,0.0141,7.0
selected_two_stage_av,pass,1.0543,6.0
selected_two_stage_av,pass,-0.1852,6.0
selected_two_stage_av,pass,2.1325,5.0
selected_two_stage_av,pass,-0.4029,4.0
selected_two_stage_av,pass,0.1952,4.0
selected_two_stage_av,pass,1.1012,7.0
selected_two_stage_av,pass,-1.3842,2.0
selected_two_stage_av,pass,1.3473,6.0
selected_two_stage_av,pass,-0.6369,3.0
selected_two_stage_av,pass,-0.1568,2.0
selected_two_stage_av,pass,-2.6801,3.0
selected_two_stage_av,pass,-0.1568,0.0
selected_two_stage_av,pass,-0.3439,3.0
selected_two_stage_av,pass,-0.1568,1.0
selected_two_stage_av,pass,0.7613,6.0
selected_two_stage_av,pass,-0.7711,2.0
selected_two_stage_av,pass,1.0543,5.0
selected_two_stage_av,pass,-1.7543,2.0
selected_two_stage_av,pass,-1.6303,3.0
selected_two_stage_av,pass,1.5934,7.0
selected_two_stage_av,pass,-0.0509,4.0
selected_two_stage_av,pass,0.1078,4.0
selected_two_stage_av,pass,-0.6959,3.0
selected_two_stage_av,pass,-0.1852,5.0
selected_two_stage_av,pass,0.8082,4.0
selected_two_stage_av,pass,0.7343,0.0
selected_two_stage_av,pass,-0.3908,6.0
selected_two_stage_av,pass,0.5152,5.0
selected_two_stage_av,pass,-0.0978,4.0
selected_two_stage_av,pass,2.1325,7.0
selected_two_stage_av,pass,0.2691,6.0
selected_two_stage_av,pass,-2.4624,4.0
selected_two_stage_av,pass,0.1362,3.0
selected_two_stage_av,pass,-1.235,4.0
selected_two_stage_av,pass,-1.8764,4.0
selected_two_stage_av,pass,-0.3439,0.0
selected_two_stage_av,pass,-0.8951,3.0
selected_two_stage_av,pass,-0.9889,0.0
selected_two_stage_av,pass,-1.762,3.0
selected_two_stage_av,pass,0.8462,0.0
selected_two_stage_av,pass,0.3354,4.0
selected_two_stage_av,pass,-0.4029,6.0
selected_two_stage_av,pass,-0.0978,8.0
selected_two_stage_av,pass,-2.141,4.0
selected_two_stage_av,pass,0.1483,3.0
selected_two_stage_av,pass,-0.3439,6.0
selected_two_stage_av,pass,1.6403,9.0
selected_two_stage_av,pass,-0.0978,0.0
selected_two_stage_av,pass,-1.8295,4.0
selected_two_stage_av,pass,-0.4498,0.0
selected_two_stage_av,pass,-0.4498,0.0
selected_two_stage_av,pass,0.6753,0.0
selected_two_stage_av,pass,-0.3439,2.0
selected_two_stage_av,pass,0.242,0.0
selected_two_stage_av,pass,-0.1099,0.0
selected_two_stage_av,pass,-1.5551,4.0
selected_two_stage_av,pass,1.8864,8.0
selected_two_stage_av,pass,-0.232,0.0
selected_two_stage_av,pass,-0.4029,2.0
selected_two_stage_av,pass,1.3942,6.0
selected_two_stage_av,pass,-0.7711,3.0
selected_two_stage_av,pass,-0.3439,4.0
selected_two_stage_av,pass,-2.3872,4.0
selected_two_stage_av,pass,-2.2163,4.0
selected_two_stage_av,pass,1.0543,7.0
selected_two_stage_av,pass,-0.59,0.0
selected_two_stage_av,pass,1.3004,8.0
selected_two_stage_av,pass,0.4413,4.0
selected_two_stage_av,pass,-2.0942,5.0
selected_two_stage_av,pass,0.4008,0.0
selected_two_stage_av,pass,2.4255,6.0
selected_two_stage_av,pass,-0.942,0.0
selected_two_stage_av,pass,0.4413,0.0
selected_two_stage_av,pass,-0.0509,3.0
selected_two_stage_av,pass,-0.1852,6.0
selected_two_stage_av,pass,-1.0912,2.0
selected_two_stage_av,pass,-0.59,6.0
selected_two_stage_av,pass,0.2222,5.0
selected_two_stage_av,pass,-0.942,0.0
selected_two_stage_av,pass,1.8864,6.0
selected_two_stage_av,pass,-1.6303,4.0
selected_two_stage_av,pass,-2.9263,4.0
selected_two_stage_av,pass,-2.3872,5.0
selected_two_stage_av,pass,-2.6333,3.0
selected_two_stage_av,pass,-0.0509,7.0
selected_two_stage_av,pass,-0.4029,0.0
selected_two_stage_av,pass,-1.8481,5.0
selected_two_stage_av,pass,-3.5122,4.0
selected_two_stage_av,pass,-0.942,0.0
selected_two_stage_av,pass,1.1012,5.0
selected_two_stage_av,pass,0.3071,0.0
selected_two_stage_av,pass,-0.9691,3.0
selected_two_stage_av,pass,-0.3908,0.0
selected_two_stage_av,pass,1.8864,8.0
selected_two_stage_av,pass,-0.8951,0.0
selected_two_stage_av,pass,0.7613,7.0
selected_two_stage_av,pass,0.3539,5.0
selected_two_stage_av,pass,-2.1694,6.0
selected_two_stage_av,pass,-1.3842,2.0
selected_two_stage_av,pass,-0.649,1.0
selected_two_stage_av,pass,0.4292,6.0
selected_two_stage_av,pass,-0.9299,4.0
selected_two_stage_av,pass,0.4413,0.0
selected_two_stage_av,pass,0.6001,0.0
selected_two_stage_av,pass,-0.1447,4.0
selected_two_stage_av,pass,-0.942,7.0
selected_two_stage_av,pass,-0.6369,0.0
selected_two_stage_av,pass,0.1831,0.0
selected_two_stage_av,pass,-0.7243,4.0
selected_two_stage_av,pass,-0.9299,0.0
selected_two_stage_av,pass,0.6469,9.0
selected_two_stage_av,pass,0.6469,2.0
selected_two_stage_av,pass,-0.9889,0.0
selected_two_stage_av,pass,-0.7982,4.0
selected_two_stage_av,pass,-2.3011,0.0
selected_two_stage_av,pass,-1.0172,7.0
selected_two_stage_av,pass,1.5934,5.0
selected_two_stage_av,pass,-1.176,0.0
selected_two_stage_av,pass,-0.4029,0.0
selected_two_stage_av,pass,-0.883,6.0
selected_two_stage_av,pass,-0.1852,0.0
selected_two_stage_av,pass,-0.1447,0.0
selected_two_stage_av,pass,-1.5551,3.0
selected_two_stage_av,pass,-0.9889,2.0
selected_two_stage_av,pass,-0.0509,6.0
selected_two_stage_av,pass,-0.1383,5.0
selected_two_stage_av,pass,0.1078,4.0
selected_two_stage_av,pass,-0.9299,1.0
selected_two_stage_av,pass,-0.5432,1.0
selected_two_stage_av,pass,-0.3439,5.0
selected_two_stage_av,pass,0.8462,2.0
selected_two_stage_av,pass,-1.8764,4.0
selected_two_stage_av,pass,-2.0473,2.0
selected_two_stage_av,pass,-2.9263,4.0
selected_two_stage_av,pass,-0.0978,5.0
selected_two_stage_av,pass,0.5621,5.0
selected_two_stage_av,pass,-2.1694,4.0
selected_two_stage_av,pass,1.8864,8.0
selected_two_stage_av,pass,0.3071,0.0
selected_two_stage_av,pass,-0.6959,0.0
selected_two_stage_av,pass,-0.7428,0.0
selected_two_stage_av,pass,-1.8481,4.0
selected_two_stage_av,pass,-0.525,0.0
selected_two_stage_av,pass,-0.0978,6.0
selected_two_stage_av,pass,-2.7554,4.0
selected_two_stage_av,pass,-2.141,4.0
selected_two_stage_av,pass,-0.3439,7.0
selected_two_stage_av,pass,-1.1881,1.0
selected_two_stage_av,pass,1.1012,7.0
selected_two_stage_av,pass,-2.3403,3.0
selected_two_stage_av,pass,-1.235,0.0
selected_two_stage_av,pass,1.6403,6.0
selected_two_stage_av,pass,0.3539,4.0
selected_two_stage_av,pass,-1.8481,2.0
selected_two_stage_av,pass,-2.141,3.0
selected_two_stage_av,pass,-0.7243,4.0
selected_two_stage_av,pass,-2.3872,3.0
selected_two_stage_av,pass,-0.59,0.0
selected_two_stage_av,pass,-1.2819,0.0
selected_two_stage_av,pass,-2.727,4.0
selected_two_stage_av,pass,0.3071,3.0
selected_two_stage_av,pass,-0.9889,0.0
selected_two_stage_av,pass,-0.59,1.0
selected_two_stage_av,pass,-0.649,1.0
selected_two_stage_av,pass,-0.4498,0.0
selected_two_stage_av,pass,0.7343,3.0
selected_two_stage_av,pass,1.0543,5.0
selected_two_stage_av,pass,2.0856,9.0
selected_two_stage_av,pass,0.8082,5.0
selected_two_stage_av,pass,0.3539,0.0
selected_two_stage_av,pass,-0.59,1.0
selected_two_stage_av,pass,-1.6303,3.0
selected_two_stage_av,pass,-0.525,0.0
selected_two_stage_av,pass,-2.3403,4.0
selected_two_stage_av,pass,0.1362,0.0
selected_two_stage_av,pass,-0.942,6.0
selected_two_stage_av,pass,-2.0942,2.0
selected_two_stage_av,pass,1.6403,5.0
selected_two_stage_av,pass,-2.2163,3.0
selected_two_stage_av,pass,-0.6369,3.0
selected_two_stage_av,pass,-2.0942,5.0
selected_two_stage_av,pass,0.0893,3.0
selected_two_stage_av,pass,-1.6032,0.0
selected_two_stage_av,pass,-0.1568,0.0
selected_two_stage_av,pass,-0.6959,0.0
selected_two_stage_av,pass,-0.0509,6.0
selected_two_stage_av,pass,-2.7085,4.0
selected_two_stage_av,pass,0.1362,2.0
selected_two_stage_av,pass,-0.2971,0.0
selected_two_stage_av,pass,-0.3439,1.0
selected_two_stage_av,pass,-1.2229,3.0
selected_two_stage_av,pass,-0.9889,0.0
selected_two_stage_av,pass,-0.942,0.0
selected_two_stage_av,pass,-0.6369,8.0
selected_two_stage_av,pass,1.0074,2.0
selected_two_stage_av,pass,-1.528,0.0
selected_two_stage_av,pass,-0.0509,2.0
selected_two_stage_av,pass,0.1952,7.0
selected_two_stage_av,pass,-0.6369,0.0
selected_two_stage_av,pass,0.828,2.0
selected_two_stage_av,pass,-2.0671,0.0
selected_two_stage_av,pass,-0.6369,6.0
selected_two_stage_av,pass,-0.6369,7.0
selected_two_stage_av,pass,-3.2193,1.0
selected_two_stage_av,pass,-1.8481,2.0
selected_two_stage_av,pass,-2.4624,2.0
selected_two_stage_av,pass,-3.2193,4.0
selected_two_stage_av,pass,-0.0978,6.0
selected_two_stage_av,pass,-0.3439,2.0
selected_two_stage_av,pass,-3.2193,6.0
selected_two_stage_av,pass,-1.3842,3.0
selected_two_stage_av,pass,-0.3439,4.0
selected_two_stage_av,pass,1.1392,0.0
selected_two_stage_av,pass,-0.4029,0.0
selected_two_stage_av,pass,-0.4029,0.0
selected_two_stage_av,pass,-1.8949,3.0
selected_two_stage_av,pass,-0.942,3.0
selected_two_stage_av,pass,-0.7711,0.0
selected_two_stage_av,pass,-1.235,1.0
selected_two_stage_av,pass,-1.235,2.0
selected_two_stage_av,pass,-2.1694,3.0
selected_two_stage_av,pass,-0.356,0.0
selected_two_stage_av,pass,-0.525,3.0
selected_two_stage_av,pass,0.8931,0.0
selected_two_stage_av,pass,0.061,0.0
selected_two_stage_av,pass,-1.8012,3.0
selected_two_stage_av,pass,-1.5749,0.0
selected_two_stage_av,pass,0.4413,4.0
selected_two_stage_av,pass,-1.6019,5.0
selected_two_stage_av,pass,-2.9731,1.0
selected_two_stage_av,pass,0.3539,0.0
selected_two_stage_av,pass,1.3473,8.0
selected_two_stage_av,pass,0.8082,5.0
selected_two_stage_av,pass,0.3071,2.0
selected_two_stage_av,pass,-0.4029,0.0
selected_two_stage_av,pass,0.1078,0.0
selected_two_stage_av,pass,-0.9889,3.0
selected_two_stage_av,pass,-1.7741,0.0
selected_two_stage_av,pass,-1.9233,0.0
selected_two_stage_av,pass,1.2536,4.0
selected_two_stage_av,pass,-1.3373,2.0
selected_two_stage_av,pass,-0.3439,0.0
selected_two_stage_av,pass,0.6001,0.0
selected_two_stage_av,pass,-0.59,3.0
selected_two_stage_av,pass,1.5934,7.0
selected_two_stage_av,pass,-0.6369,3.0
selected_two_stage_av,pass,-1.6303,2.0
selected_two_stage_av,pass,0.1952,4.0
selected_two_stage_av,pass,0.1952,3.0
selected_two_stage_av,pass,-2.9263,5.0
selected_two_stage_av,pass,-0.59,3.0
selected_two_stage_av,pass,-2.3872,3.0
selected_two_stage_av,pass,-0.3439,3.0
selected_two_stage_av,pass,1.6403,7.0
selected_two_stage_av,pass,-2.0942,5.0
selected_two_stage_av,pass,-1.8481,1.0
selected_two_stage_av,pass,-1.8764,5.0
selected_two_stage_av,pass,0.3539,7.0
selected_two_stage_av,pass,-2.4155,2.0
selected_two_stage_av,pass,-0.3439,4.0
selected_two_stage_av,pass,-1.8481,5.0
selected_two_stage_av,pass,-0.1447,0.0
selected_two_stage_av,pass,-0.3439,5.0
selected_two_stage_av,pass,-3.2193,3.0
selected_two_stage_av,pass,-0.6369,5.0
selected_two_stage_av,pass,-0.1852,6.0
selected_two_stage_av,pass,-0.4498,0.0
selected_two_stage_av,pass,-0.9889,0.0
selected_two_stage_av,pass,-1.7151,5.0
selected_two_stage_av,pass,-2.434,4.0
selected_two_stage_av,pass,0.0424,3.0
selected_two_stage_av,pass,-0.0509,3.0
selected_two_stage_av,pass,1.8864,8.0
selected_two_stage_av,pass,1.6403,7.0
selected_two_stage_av,pass,0.5152,8.0
selected_two_stage_av,pass,-1.469,2.0
selected_two_stage_av,pass,2.1794,7.0
selected_two_stage_av,pass,-0.232,2.0
selected_two_stage_av,pass,0.3539,0.0
selected_two_stage_av,pass,-0.649,3.0
selected_two_stage_av,pass,0.8931,5.0
selected_two_stage_av,pass,-0.59,3.0
selected_two_stage_av,pass,-0.3908,6.0
selected_two_stage_av,pass,-0.232,7.0
selected_two_stage_av,pass,1.1392,8.0
selected_two_stage_av,pass,-0.4029,0.0
selected_two_stage_av,pass,-0.232,0.0
selected_two_stage_av,pass,-0.649,0.0
selected_two_stage_av,pass,-2.4155,4.0
selected_two_stage_av,pass,-0.1568,0.0
selected_two_stage_av,pass,-0.3439,0.0
selected_two_stage_av,pass,-0.0509,2.0
selected_two_stage_av,pass,-0.0708,6.0
selected_two_stage_av,pass,0.4882,0.0
selected_two_stage_av,pass,-0.4781,0.0
selected_two_stage_av,pass,-2.9263,6.0
selected_two_stage_av,pass,0.8931,0.0
selected_two_stage_av,pass,-0.9889,2.0
selected_two_stage_av,pass,2.1794,6.0
selected_two_stage_av,pass,0.4413,0.0
selected_two_stage_av,pass,-2.0942,3.0
selected_two_stage_av,pass,-1.8949,2.0
selected_two_stage_av,pass,0.6001,0.0
selected_two_stage_av,pass,-1.2819,7.0
selected_two_stage_av,pass,0.8082,6.0
selected_two_stage_av,pass,1.1012,8.0
selected_two_stage_av,pass,-0.3439,8.0
selected_two_stage_av,pass,0.1952,2.0
selected_two_stage_av,pass,0.1362,2.0
selected_two_stage_av,pass,-2.0942,4.0
selected_two_stage_av,pass,-2.9731,2.0
selected_two_stage_av,pass,-0.883,5.0
selected_two_stage_av,pass,1.9333,9.0
selected_two_stage_av,pass,-1.0358,3.0
selected_two_stage_av,pass,0.5532,4.0
selected_two_stage_av,pass,-2.5864,2.0
selected_two_stage_av,pass,0.1952,9.0
selected_two_stage_av,pass,-1.3571,7.0
selected_two_stage_av,pass,0.061,0.0
selected_two_stage_av,pass,-0.0978,4.0
selected_two_stage_av,pass,-0.1852,5.0
selected_two_stage_av,pass,-0.232,0.0
selected_two_stage_av,pass,-0.3439,4.0
selected_two_stage_av,pass,1.3473,8.0
selected_two_stage_av,pass,2.1325,8.0
selected_two_stage_av,pass,0.7613,7.0
selected_two_stage_av,pass,-1.1292,4.0
selected_two_stage_av,pass,-0.232,0.0
selected_two_stage_av,pass,1.8864,8.0
selected_two_stage_av,pass,0.1483,3.0
selected_two_stage_av,pass,-0.4029,4.0
selected_two_stage_av,pass,0.7613,6.0
selected_two_stage_av,pass,0.4413,2.0
selected_two_stage_av,pass,-0.59,7.0
selected_two_stage_av,pass,-1.0172,6.0
selected_two_stage_av,pass,0.1952,3.0
selected_two_stage_av,pass,1.5934,6.0
selected_two_stage_av,pass,-0.7243,6.0
selected_two_stage_av,pass,0.3539,0.0
selected_two_stage_av,pass,-0.6959,2.0
selected_two_stage_av,pass,-0.59,5.0
selected_two_stage_av,pass,-0.6959,5.0
selected_two_stage_av,pass,-0.59,0.0
selected_two_stage_av,pass,-0.59,0.0
selected_two_stage_av,pass,0.5152,7.0
selected_two_stage_av,pass,-3.5122,2.0
selected_two_stage_av,pass,-0.525,4.0
selected_two_stage_av,pass,-0.3908,4.0
selected_two_stage_av,pass,-2.6801,2.0
selected_two_stage_av,pass,1.1012,7.0
selected_two_stage_av,pass,-0.3439,1.0
selected_two_stage_av,pass,-0.9889,3.0
selected_two_stage_av,pass,-1.469,1.0
selected_two_stage_av,pass,0.8082,6.0
selected_two_stage_av,pass,-1.0358,0.0
selected_two_stage_av,pass,-1.0912,2.0
selected_two_stage_av,pass,-0.4498,0.0
selected_two_stage_av,pass,-0.883,6.0
selected_two_stage_av,pass,1.6872,8.0
selected_two_stage_av,pass,-0.0978,0.0
selected_two_stage_av,pass,-1.0912,3.0
selected_two_stage_av,pass,-0.942,5.0
selected_two_stage_av,pass,-0.3908,2.0
selected_two_stage_av,pass,0.8462,0.0
selected_two_stage_av,pass,0.061,2.0
selected_two_stage_av,pass,-0.4498,2.0
selected_two_stage_av,pass,-2.2163,2.0
selected_two_stage_av,pass,0.8551,5.0
selected_two_stage_av,pass,-0.942,0.0
selected_two_stage_av,pass,-1.8949,2.0
selected_two_stage_av,pass,-2.1694,3.0
selected_two_stage_av,pass,-1.0172,6.0
selected_two_stage_av,pass,-1.016,3.0
selected_two_stage_av,pass,-0.2971,2.0
selected_two_stage_av,pass,-2.8794,2.0
selected_two_stage_av,pass,-0.1852,0.0
selected_two_stage_av,pass,-0.0978,0.0
selected_two_stage_av,pass,-0.525,7.0
selected_two_stage_av,pass,0.8082,7.0
selected_two_stage_av,pass,-1.5082,6.0
selected_two_stage_av,pass,0.3539,0.0
selected_two_stage_av,pass,-0.9299,0.0
selected_two_stage_av,pass,-1.2819,4.0
selected_two_stage_av,pass,-0.6838,5.0
selected_two_stage_av,pass,0.4413,8.0
selected_two_stage_av,pass,-1.6019,3.0
selected_two_stage_av,pass,-1.7741,0.0
selected_two_stage_av,pass,-0.232,5.0
selected_two_stage_av,pass,0.9399,0.0
selected_two_stage_av,pass,0.8082,7.0
selected_two_stage_av,pass,0.1483,0.0
selected_two_stage_av,pass,-1.235,0.0
selected_two_stage_av,pass,-2.1694,2.0
selected_two_stage_av,pass,-1.4811,0.0
selected_two_stage_av,pass,0.535,0.0
selected_two_stage_av,pass,-0.4781,8.0
selected_two_stage_av,pass,0.1952,3.0
selected_two_stage_av,pass,-0.3439,3.0
selected_two_stage_av,pass,-0.942,3.0
selected_two_stage_av,pass,-2.1694,1.0
selected_two_stage_av,pass,-3.5122,3.0
selected_two_stage_av,pass,-1.3102,2.0
selected_two_stage_av,pass,-2.0942,1.0
selected_two_stage_av,pass,-0.1568,6.0
selected_two_stage_av,pass,-2.434,4.0
selected_two_stage_av,pass,-0.883,6.0
selected_two_stage_av,pass,-0.942,0.0
selected_two_stage_av,pass,-0.6369,0.0
selected_two_stage_av,pass,0.1952,0.0
selected_two_stage_av,pass,0.1952,8.0
selected_two_stage_av,pass,-1.235,0.0
selected_two_stage_av,pass,-0.3439,4.0
selected_two_stage_av,pass,-0.0978,0.0
selected_two_stage_av,pass,-0.9889,1.0
selected_two_stage_av,pass,-0.9974,3.0
selected_two_stage_av,pass,-0.3908,4.0
selected_two_stage_av,pass,-0.883,7.0
selected_two_stage_av,pass,-0.356,0.0
selected_two_stage_av,pass,-0.3908,5.0
selected_two_stage_av,pass,1.8864,7.0
selected_two_stage_av,pass,0.5152,4.0
selected_two_stage_av,pass,0.8082,8.0
selected_two_stage_av,pass,0.1078,0.0
selected_two_stage_av,pass,-1.2819,0.0
selected_two_stage_av,pass,-0.4498,4.0
selected_two_stage_av,pass,-0.1852,0.0
selected_two_stage_av,pass,-2.4155,4.0
selected_two_stage_av,pass,-1.309,3.0
selected_two_stage_av,pass,-0.9299,4.0
selected_two_stage_av,pass,-0.232,0.0
selected_two_stage_av,pass,1.0543,6.0
selected_two_stage_av,pass,-0.0509,6.0
selected_two_stage_av,pass,-1.5834,5.0
selected_two_stage_av,pass,1.3004,8.0
selected_two_stage_av,pass,-0.0978,9.0
selected_two_stage_av,pass,-1.8764,1.0
selected_two_stage_av,pass,0.4292,2.0
selected_two_stage_av,pass,2.3786,9.0
selected_two_stage_av,pass,0.7613,8.0
selected_two_stage_av,pass,-0.4029,1.0
selected_two_stage_av,pass,-1.235,4.0
selected_two_stage_av,pass,-0.9889,2.0
selected_two_stage_av,pass,1.8864,3.0
selected_two_stage_av,pass,0.1078,0.0
selected_two_stage_av,pass,0.8082,4.0
selected_two_stage_av,pass,-0.2037,0.0
selected_two_stage_av,pass,-1.469,6.0
selected_two_stage_av,pass,-0.525,0.0
selected_two_stage_av,pass,0.2691,7.0
selected_two_stage_av,pass,0.242,0.0
selected_two_stage_av,pass,-2.9263,3.0
selected_two_stage_av,pass,0.1362,0.0
selected_two_stage_av,pass,1.3473,5.0
selected_two_stage_av,pass,-0.2971,0.0
selected_two_stage_av,pass,0.8082,6.0
selected_two_stage_av,pass,-2.3872,5.0
selected_two_stage_av,pass,-0.942,4.0
selected_two_stage_av,pass,-0.4498,0.0
selected_two_stage_av,pass,-3.4654,5.0
selected_two_stage_av,pass,-1.1381,2.0
selected_two_stage_av,pass,-0.883,1.0
selected_two_stage_av,pass,1.5934,9.0
selected_two_stage_av,pass,-0.942,3.0
selected_two_stage_av,pass,-0.6369,0.0
selected_two_stage_av,pass,-0.1852,0.0
selected_two_stage_av,pass,-0.7428,0.0
selected_two_stage_av,pass,0.1078,4.0
selected_two_stage_av,pass,-0.9889,0.0
selected_two_stage_av,pass,-0.4498,1.0
selected_two_stage_av,pass,-0.1568,4.0
selected_two_stage_av,pass,-0.4498,4.0
selected_two_stage_av,pass,-0.0509,0.0
selected_two_stage_av,pass,-0.6369,0.0
selected_two_stage_av,pass,-2.3601,0.0
selected_two_stage_av,pass,-1.762,3.0
selected_two_stage_av,pass,-2.3403,3.0
selected_two_stage_av,pass,0.242,5.0
selected_two_stage_av,pass,-1.6303,5.0
selected_two_stage_av,pass,-0.3439,2.0
selected_two_stage_av,pass,0.4292,0.0
selected_two_stage_av,pass,1.3473,7.0
selected_two_stage_av,pass,-0.942,0.0
selected_two_stage_av,pass,0.535,5.0
selected_two_stage_av,pass,-0.942,3.0
selected_two_stage_av,pass,0.061,3.0
selected_two_stage_av,pass,-0.6369,4.0
selected_two_stage_av,pass,-0.232,4.0
selected_two_stage_av,pass,-1.2819,0.0
selected_two_stage_av,pass,-2.3872,3.0
selected_two_stage_av,pass,-2.6333,4.0
selected_two_stage_av,pass,-0.883,3.0
selected_two_stage_av,pass,0.3071,1.0
selected_two_stage_av,pass,0.0893,0.0
selected_two_stage_av,pass,0.4882,6.0
selected_two_stage_av,pass,1.6872,4.0
selected_two_stage_av,pass,-0.356,0.0
selected_two_stage_av,pass,-0.232,0.0
selected_two_stage_av,pass,-0.9889,0.0
selected_two_stage_av,pass,-2.6333,1.0
selected_two_stage_av,pass,-0.0978,0.0
selected_two_stage_av,pass,1.0543,6.0
selected_two_stage_av,pass,0.8931,0.0
selected_two_stage_av,pass,1.1012,8.0
selected_two_stage_av,pass,-2.141,2.0
selected_two_stage_av,pass,1.3473,5.0
selected_two_stage_av,pass,-0.7428,3.0
selected_two_stage_av,pass,-0.4029,0.0
selected_two_stage_av,pass,-0.9889,0.0
selected_two_stage_av,pass,-0.6959,5.0
selected_two_stage_av,pass,-0.2971,7.0
selected_two_stage_av,pass,-0.4498,0.0
selected_two_stage_av,pass,-0.0978,6.0
selected_two_stage_av,pass,-0.3439,7.0
selected_two_stage_av,pass,-1.7151,4.0
selected_two_stage_av,pass,-0.649,0.0
selected_two_stage_av,pass,-2.0942,5.0
selected_two_stage_av,pass,-0.9889,0.0
selected_two_stage_av,pass,-1.2819,5.0
selected_two_stage_av,pass,-0.4781,0.0
selected_two_stage_av,pass,-0.3908,4.0
selected_two_stage_av,pass,-2.3872,3.0
selected_two_stage_av,pass,-1.0172,5.0
selected_two_stage_av,pass,-0.9889,0.0
selected_two_stage_av,pass,-0.7428,3.0
selected_two_stage_av,pass,-0.6369,3.0
selected_two_stage_av,pass,0.6001,2.0
selected_two_stage_av,pass,1.6403,9.0
selected_two_stage_av,pass,-0.0978,3.0
selected_two_stage_av,pass,2.5193,8.0
selected_two_stage_av,pass,-2.9263,5.0
selected_two_stage_av,pass,-1.5749,6.0
selected_two_stage_av,pass,-0.3439,0.0
selected_two_stage_av,pass,-0.6959,5.0
selected_two_stage_av,pass,0.6284,0.0
selected_two_stage_av,pass,-0.6369,4.0
selected_two_stage_av,pass,0.6001,0.0
selected_two_stage_av,pass,2.4255,8.0
selected_two_stage_av,pass,-0.3439,2.0
selected_two_stage_av,pass,0.061,7.0
selected_two_stage_av,pass,-1.5834,1.0
selected_two_stage_av,pass,-0.818,7.0
selected_two_stage_av,pass,-0.1099,0.0
selected_two_stage_av,pass,-0.6369,6.0
selected_two_stage_av,pass,-0.4781,2.0
selected_two_stage_av,pass,-1.176,2.0
selected_two_stage_av,pass,-1.8481,2.0
selected_two_stage_av,pass,-0.1852,0.0
selected_two_stage_av,pass,-1.4221,4.0
selected_two_stage_av,pass,0.4761,0.0
selected_two_stage_av,pass,-0.8451,4.0
selected_two_stage_av,pass,0.535,3.0
selected_two_stage_av,pass,-0.4781,6.0
selected_two_stage_av,pass,-0.59,4.0
selected_two_stage_av,pass,-1.7151,7.0
selected_two_stage_av,pass,0.6001,5.0
selected_two_stage_av,pass,-1.2904,3.0
selected_two_stage_av,pass,-1.0443,5.0
selected_two_stage_av,pass,-1.176,7.0
selected_two_stage_av,pass,-1.8481,2.0
selected_two_stage_av,pass,-3.2193,4.0
selected_two_stage_av,pass,-2.6801,4.0
selected_two_stage_av,pass,-1.4811,0.0
selected_two_stage_av,pass,-0.4781,6.0
selected_two_stage_av,pass,1.3942,7.0
selected_two_stage_av,pass,-0.9889,4.0
selected_two_stage_av,pass,0.6001,5.0
selected_two_stage_av,pass,-1.8764,3.0
selected_two_stage_av,pass,-0.8362,0.0
selected_two_stage_av,pass,-0.9299,5.0
selected_two_stage_av,pass,-1.3842,2.0
selected_two_stage_av,pass,-0.9889,4.0
selected_two_stage_av,pass,-0.6959,0.0
selected_two_stage_av,pass,-0.7711,4.0
selected_two_stage_av,pass,-1.5834,6.0
selected_two_stage_av,pass,-0.7428,3.0
selected_two_stage_av,pass,-2.1694,4.0
selected_two_stage_av,pass,-2.9263,2.0
selected_two_stage_av,pass,-0.3908,5.0
selected_two_stage_av,pass,-1.1292,6.0
selected_two_stage_av,pass,-1.235,0.0
selected_two_stage_av,pass,-1.5834,2.0
selected_two_stage_av,pass,-3.4654,3.0
selected_two_stage_av,pass,0.3539,0.0
selected_two_stage_av,pass,0.8082,6.0
selected_two_stage_av,pass,-1.4811,2.0
selected_two_stage_av,pass,0.6001,3.0
selected_two_stage_av,pass,-0.1099,0.0
selected_two_stage_av,pass,-0.3439,8.0
selected_two_stage_av,pass,1.3473,8.0
selected_two_stage_av,pass,-0.0509,0.0
selected_two_stage_av,pass,-1.235,3.0
selected_two_stage_av,pass,0.8082,5.0
selected_two_stage_av,pass,-0.9299,3.0
selected_two_stage_av,pass,-1.176,5.0
selected_two_stage_av,pass,-0.4781,7.0
selected_two_stage_av,pass,-3.2193,3.0
selected_two_stage_av,pass,-0.649,0.0
selected_two_stage_av,pass,-0.942,5.0
selected_two_stage_av,pass,-0.9889,0.0
selected_two_stage_av,pass,-3.2193,3.0
selected_two_stage_av,pass,-0.7428,4.0
selected_two_stage_av,pass,-0.4313,0.0
selected_two_stage_av,pass,-0.1568,0.0
selected_two_stage_av,pass,1.6403,7.0
selected_two_stage_av,pass,-0.59,2.0
selected_two_stage_av,pass,-2.7554,0.0
selected_two_stage_av,pass,1.0543,7.0
selected_two_stage_av,pass,-0.232,4.0
selected_two_stage_av,pass,-0.883,4.0
selected_two_stage_av,pass,-2.0942,3.0
selected_two_stage_av,pass,-0.4781,4.0
selected_two_stage_av,pass,-0.883,1.0
selected_two_stage_av,pass,-2.1694,5.0
selected_two_stage_av,pass,-1.176,1.0
selected_two_stage_av,pass,-0.0509,0.0
selected_two_stage_av,pass,-0.883,0.0
selected_two_stage_av,pass,-0.9889,0.0
selected_two_stage_av,pass,-2.141,1.0
selected_two_stage_av,pass,0.6753,0.0
selected_two_stage_av,pass,-0.942,1.0
selected_two_stage_av,pass,-1.8949,2.0
selected_two_stage_av,pass,-1.176,0.0
selected_two_stage_av,pass,-0.3439,7.0
selected_two_stage_av,pass,-0.1852,0.0
selected_two_stage_av,pass,-0.6959,0.0
selected_two_stage_av,pass,-1.6303,4.0
selected_two_stage_av,pass,-0.232,0.0
selected_two_stage_av,pass,-2.434,3.0
selected_two_stage_av,pass,0.3071,4.0
selected_two_stage_av,pass,0.242,8.0
selected_two_stage_av,pass,-0.232,0.0
selected_two_stage_av,pass,1.6403,9.0
selected_two_stage_av,pass,0.7343,0.0
selected_two_stage_av,pass,1.3473,6.0
selected_two_stage_av,pass,1.1392,1.0
selected_two_stage_av,pass,0.3539,0.0
selected_two_stage_av,pass,0.1362,0.0
selected_two_stage_av,pass,0.2222,4.0
selected_two_stage_av,pass,-0.6369,5.0
selected_two_stage_av,pass,-1.6303,4.0
selected_two_stage_av,pass,-0.0041,0.0
selected_two_stage_av,pass,0.061,8.0
selected_two_stage_av,pass,-1.1292,8.0
selected_two_stage_av,pass,-0.4967,0.0
selected_two_stage_av,pass,-0.0978,2.0
selected_two_stage_av,pass,-0.883,5.0
selected_two_stage_av,pass,-0.649,3.0
selected_two_stage_av,pass,-1.762,2.0
selected_two_stage_av,pass,-2.6333,3.0
selected_two_stage_av,pass,1.3004,8.0
selected_two_stage_av,pass,-1.6303,6.0
selected_two_stage_av,pass,-2.6801,4.0
selected_two_stage_av,pass,1.3473,7.0
selected_two_stage_av,pass,0.3823,5.0
selected_two_stage_av,pass,-2.0473,3.0
selected_two_stage_av,pass,-1.7741,0.0
selected_two_stage_av,pass,-0.7982,4.0
selected_two_stage_av,pass,-0.1852,5.0
selected_two_stage_av,pass,0.1952,0.0
selected_two_stage_av,pass,0.7222,0.0
selected_two_stage_av,pass,0.1483,3.0
selected_two_stage_av,pass,-2.0942,3.0
selected_two_stage_av,pass,-0.2971,0.0
selected_two_stage_av,pass,-0.0509,4.0
selected_two_stage_av,pass,-1.8481,3.0
selected_two_stage_av,pass,-1.1881,0.0
selected_two_stage_av,pass,-1.1381,2.0
selected_two_stage_av,pass,1.5934,4.0
selected_two_stage_av,pass,-0.4498,2.0
selected_two_stage_av,pass,-0.232,9.0
selected_two_stage_av,pass,-0.4313,0.0
selected_two_stage_av,pass,1.3004,5.0
selected_two_stage_av,pass,-0.6369,0.0
selected_two_stage_av,pass,0.6469,0.0
selected_two_stage_av,pass,-0.7428,3.0
selected_two_stage_av,pass,-2.3403,2.0
selected_two_stage_av,pass,-2.6801,2.0
selected_two_stage_av,pass,0.3539,0.0
selected_two_stage_av,pass,-0.9299,3.0
selected_two_stage_av,pass,0.8462,2.0
selected_two_stage_av,pass,-1.528,0.0
selected_two_stage_av,pass,1.3942,6.0
selected_two_stage_av,pass,0.3823,0.0
selected_two_stage_av,pass,-1.4221,1.0
selected_two_stage_av,pass,-0.5432,2.0
selected_two_stage_av,pass,-2.6801,4.0
selected_two_stage_av,pass,-1.5159,0.0
selected_two_stage_av,pass,-0.4781,8.0
selected_two_stage_av,pass,-0.1568,0.0
selected_two_stage_av,pass,-0.4498,4.0
selected_two_stage_av,pass,0.3539,6.0
selected_two_stage_av,pass,0.8462,8.0
selected_two_stage_av,pass,0.0893,0.0
selected_two_stage_av,pass,-0.8362,0.0
selected_two_stage_av,pass,-0.356,1.0
selected_two_stage_av,pass,-0.4498,1.0
selected_two_stage_av,pass,-0.9889,2.0
selected_two_stage_av,pass,0.7343,6.0
selected_two_stage_av,pass,-0.0509,2.0
selected_two_stage_av,pass,0.8931,0.0
selected_two_stage_av,pass,-0.9889,0.0
selected_two_stage_av,pass,-1.3373,3.0
selected_two_stage_av,pass,-0.883,6.0
selected_two_stage_av,pass,-1.9233,5.0
selected_two_stage_av,pass,0.061,3.0
selected_two_stage_av,pass,-0.883,3.0
selected_two_stage_av,pass,-1.1292,4.0
selected_two_stage_av,pass,1.1012,7.0
selected_two_stage_av,pass,1.9333,6.0
selected_two_stage_av,pass,-0.6369,0.0
selected_two_stage_av,pass,-0.3439,4.0
selected_two_stage_av,pass,-0.6369,4.0
selected_two_stage_av,pass,-0.6369,4.0
selected_two_stage_av,pass,-2.141,2.0
selected_two_stage_av,pass,0.1952,4.0
selected_two_stage_av,pass,-0.4029,0.0
selected_two_stage_av,pass,-0.6369,7.0
selected_two_stage_av,pass,-1.9233,2.0
selected_two_stage_av,pass,-0.942,3.0
selected_two_stage_av,pass,-0.0978,5.0
selected_two_stage_av,pass,0.1952,6.0
selected_two_stage_av,pass,1.3473,8.0
selected_two_stage_av,pass,0.3539,3.0
selected_two_stage_av,pass,0.8082,6.0
selected_two_stage_av,pass,-2.6333,2.0
selected_two_stage_av,pass,-0.3439,0.0
selected_two_stage_av,pass,-2.3872,1.0
selected_two_stage_av,pass,-0.6369,2.0
selected_two_stage_av,pass,-0.232,7.0
selected_two_stage_av,pass,-2.9263,4.0
selected_two_stage_av,pass,-0.4781,5.0
selected_two_stage_av,pass,0.6874,3.0
selected_two_stage_av,pass,-2.3872,3.0
selected_two_stage_av,pass,-0.59,3.0
selected_two_stage_av,pass,-0.6959,1.0
selected_two_stage_av,pass,-3.1724,3.0
selected_two_stage_av,pass,-2.6333,3.0
selected_two_stage_av,pass,-1.0641,8.0
selected_two_stage_av,pass,-0.9889,4.0
selected_two_stage_av,pass,-0.883,9.0
selected_two_stage_av,pass,-1.5551,3.0
selected_two_stage_av,pass,-1.235,0.0
selected_two_stage_av,pass,0.0893,0.0
selected_two_stage_av,pass,-1.4811,0.0
selected_two_stage_av,pass,-1.2819,4.0
selected_two_stage_av,pass,-0.232,0.0
selected_two_stage_av,pass,-2.6333,2.0
selected_two_stage_av,pass,-2.0942,5.0
selected_two_stage_av,pass,-1.0912,5.0
selected_two_stage_av,pass,0.8551,7.0
selected_two_stage_av,pass,0.6001,0.0
selected_two_stage_av,pass,-0.883,3.0
selected_two_stage_av,pass,1.0543,4.0
selected_two_stage_av,pass,2.1794,7.0
selected_two_stage_av,pass,-0.59,6.0
selected_two_stage_av,pass,-0.3439,1.0
selected_two_stage_av,pass,1.6403,5.0
selected_two_stage_av,pass,-0.0509,3.0
selected_two_stage_av,pass,-0.6959,0.0
selected_two_stage_av,pass,1.0543,9.0
selected_two_stage_av,pass,-0.0509,0.0
selected_two_stage_av,pass,-0.0509,0.0
selected_two_stage_av,pass,0.2691,7.0
selected_two_stage_av,pass,0.1952,0.0
selected_two_stage_av,pass,-1.0172,3.0
selected_two_stage_av,pass,-1.2819,5.0
selected_two_stage_av,pass,-2.6333,6.0
selected_two_stage_av,pass,-1.3373,4.0
selected_two_stage_av,pass,-0.5432,7.0
selected_two_stage_av,pass,0.5152,9.0
selected_two_stage_av,pass,1.1012,6.0
selected_two_stage_av,pass,0.9399,0.0
selected_two_stage_av,pass,-0.7711,0.0
selected_two_stage_av,pass,-0.1099,7.0
selected_two_stage_av,pass,-0.59,4.0
selected_two_stage_av,pass,-0.6369,5.0
selected_two_stage_av,pass,-0.59,2.0
selected_two_stage_av,pass,-1.176,1.0
selected_two_stage_av,pass,1.0543,6.0
selected_two_stage_av,pass,-1.235,3.0
selected_two_stage_av,pass,0.4008,0.0
selected_two_stage_av,pass,-1.235,5.0
selected_two_stage_av,pass,-0.2037,4.0
selected_two_stage_av,pass,-0.1568,0.0
selected_two_stage_av,pass,0.7222,6.0
selected_two_stage_av,pass,0.1952,3.0
selected_two_stage_av,pass,-0.4781,6.0
selected_two_stage_av,pass,0.1952,2.0
selected_two_stage_av,pass,0.3071,5.0
selected_two_stage_av,pass,0.061,4.0
selected_two_stage_av,pass,-0.7711,6.0
selected_two_stage_av,pass,-3.2193,5.0
selected_two_stage_av,pass,-0.883,3.0
selected_two_stage_av,pass,-0.6959,0.0
selected_two_stage_av,pass,-0.9889,0.0
selected_two_stage_av,pass,-0.0978,6.0
selected_two_stage_av,pass,-2.1694,2.0
selected_two_stage_av,pass,-2.6801,0.0
selected_two_stage_av,pass,0.3539,2.0
selected_two_stage_av,pass,-1.8481,4.0
selected_two_stage_av,pass,1.3853,0.0
selected_two_stage_av,pass,0.8462,4.0
selected_two_stage_av,pass,1.3473,7.0
selected_two_stage_av,pass,-0.063,1.0
selected_two_stage_av,pass,-2.1694,4.0
selected_two_stage_av,pass,-1.176,3.0
selected_two_stage_av,pass,0.242,0.0
selected_two_stage_av,pass,-0.6959,2.0
selected_two_stage_av,pass,0.6284,4.0
selected_two_stage_av,pass,-1.9233,4.0
selected_two_stage_av,pass,-1.469,0.0
selected_two_stage_av,pass,-0.59,3.0
selected_two_stage_av,pass,1.3473,7.0
selected_two_stage_av,pass,-0.6959,4.0
selected_two_stage_av,pass,0.8082,6.0
selected_two_stage_av,pass,-0.232,0.0
selected_two_stage_av,pass,-0.6959,0.0
selected_two_stage_av,pass,0.6001,2.0
selected_two_stage_av,pass,0.3823,3.0
selected_two_stage_av,pass,-2.9263,4.0
selected_two_stage_av,pass,-2.9263,3.0
selected_two_stage_av,pass,-0.4029,0.0
selected_two_stage_av,pass,-0.6369,4.0
selected_two_stage_av,pass,1.1012,7.0
selected_two_stage_av,pass,-1.176,4.0
selected_two_stage_av,pass,-1.7741,5.0
selected_two_stage_av,pass,-1.528,3.0
selected_two_stage_av,pass,-1.235,0.0
selected_two_stage_av,pass,-0.1852,0.0
selected_two_stage_av,pass,0.1078,0.0
selected_two_stage_av,pass,1.6872,6.0
selected_two_stage_av,pass,-3.4654,2.0
selected_two_stage_av,pass,0.1078,0.0
selected_two_stage_av,pass,1.1012,7.0
selected_two_stage_av,pass,-1.1292,3.0
selected_two_stage_av,pass,-0.3439,8.0
selected_two_stage_av,pass,0.3539,5.0
selected_two_stage_av,pass,-2.7085,1.0
selected_two_stage_av,pass,-0.4029,0.0
selected_two_stage_av,pass,-2.3872,1.0
selected_two_stage_av,pass,0.061,6.0
selected_two_stage_av,pass,-0.1099,5.0
selected_two_stage_av,pass,-1.5551,4.0
selected_two_stage_av,pass,-1.4811,0.0
selected_two_stage_av,pass,-0.1099,0.0
selected_two_stage_av,pass,-2.3403,5.0
selected_two_stage_av,pass,0.1078,7.0
selected_two_stage_av,pass,-1.8764,2.0
selected_two_stage_av,pass,1.1481,4.0
selected_two_stage_av,pass,1.8395,8.0
selected_two_stage_av,pass,-0.3439,4.0
selected_two_stage_av,pass,-0.3439,7.0
selected_two_stage_av,pass,-2.9731,3.0
selected_two_stage_av,pass,-0.3439,9.0
selected_two_stage_av,pass,0.1952,5.0
selected_two_stage_av,pass,-0.0509,8.0
selected_two_stage_av,pass,0.242,8.0
selected_two_stage_av,pass,1.3942,6.0
selected_two_stage_av,pass,0.1952,0.0
selected_two_stage_av,pass,-0.9299,0.0
selected_two_stage_av,pass,1.3853,8.0
selected_two_stage_av,pass,-1.8764,2.0
selected_two_stage_av,pass,-1.8764,3.0
selected_two_stage_av,pass,1.0543,6.0
selected_two_stage_av,pass,-2.1879,4.0
selected_two_stage_av,pass,-1.6303,4.0
selected_two_stage_av,pass,-1.6303,5.0
selected_two_stage_av,pass,0.1078,0.0
selected_two_stage_av,pass,-1.7151,2.0
selected_two_stage_av,pass,0.3071,0.0
selected_two_stage_av,pass,0.061,7.0
selected_two_stage_av,pass,0.1362,0.0
selected_two_stage_av,pass,-1.821,3.0
selected_two_stage_av,pass,-0.3439,3.0
selected_two_stage_av,pass,-2.0473,2.0
selected_two_stage_av,pass,0.3354,0.0
selected_two_stage_av,pass,-1.6772,4.0
selected_two_stage_av,pass,-1.9233,2.0
selected_two_stage_av,pass,0.1952,0.0
selected_two_stage_av,pass,-0.0509,7.0
selected_two_stage_av,pass,-0.6959,4.0
selected_two_stage_av,pass,1.1012,4.0
selected_two_stage_av,pass,0.061,9.0
selected_two_stage_av,pass,2.4255,7.0
selected_two_stage_av,pass,-0.232,7.0
selected_two_stage_av,pass,-0.0978,8.0
selected_two_stage_av,pass,0.6469,0.0
selected_two_stage_av,pass,-2.3872,0.0
selected_two_stage_av,pass,-0.0978,7.0
selected_two_stage_av,pass,-0.4029,4.0
selected_two_stage_av,pass,0.2222,8.0
selected_two_stage_av,pass,0.061,5.0
selected_two_stage_av,pass,-1.528,0.0
selected_two_stage_av,pass,0.0893,0.0
selected_two_stage_av,pass,-0.9889,0.0
selected_two_stage_av,pass,0.1078,5.0
selected_two_stage_av,pass,-0.0978,3.0
selected_two_stage_av,pass,2.1794,8.0
selected_two_stage_av,pass,-0.1568,5.0
selected_two_stage_av,pass,-0.4029,3.0
selected_two_stage_av,pass,1.0923,0.0
selected_two_stage_av,pass,-2.3872,2.0
selected_two_stage_av,pass,-2.6333,5.0
selected_two_stage_av,pass,-0.649,7.0
selected_two_stage_av,pass,-0.7243,3.0
selected_two_stage_av,pass,-0.649,0.0
selected_two_stage_av,pass,-0.3908,0.0
selected_two_stage_av,pass,0.7811,5.0
selected_two_stage_av,pass,0.1831,0.0
selected_two_stage_av,pass,-0.0509,0.0
selected_two_stage_av,pass,-0.0239,9.0
selected_two_stage_av,pass,1.0543,2.0
selected_two_stage_av,pass,-2.3872,1.0
selected_two_stage_av,pass,1.6403,9.0
selected_two_stage_av,pass,-1.2819,0.0
selected_two_stage_av,pass,-2.1694,3.0
selected_two_stage_av,pass,-1.176,0.0
selected_two_stage_av,pass,-0.3439,7.0
selected_two_stage_av,pass,-0.6959,0.0
selected_two_stage_av,pass,0.7811,5.0
selected_two_stage_av,pass,-0.0509,4.0
selected_two_stage_av,pass,-0.4029,0.0
selected_two_stage_av,pass,-1.0443,5.0
selected_two_stage_av,pass,-1.176,4.0
selected_two_stage_av,pass,-1.176,5.0
selected_two_stage_av,pass,-0.9299,0.0
selected_two_stage_av,pass,0.6001,0.0
selected_two_stage_av,pass,1.1012,6.0
selected_two_stage_av,pass,-2.4624,2.0
selected_two_stage_av,pass,1.3004,6.0
selected_two_stage_av,pass,-0.6959,0.0
selected_two_stage_av,pass,-2.6333,1.0
selected_two_stage_av,pass,-2.7085,2.0
selected_two_stage_av,pass,-0.649,0.0
selected_two_stage_av,pass,0.8082,5.0
selected_two_stage_av,pass,1.5934,5.0
selected_two_stage_av,pass,0.0893,0.0
selected_two_stage_av,pass,0.1952,3.0
selected_two_stage_av,pass,0.3823,0.0
selected_two_stage_av,pass,0.4413,7.0
selected_two_stage_av,pass,-1.8764,3.0
selected_two_stage_av,pass,-0.3439,4.0
selected_two_stage_av,pass,-1.0172,4.0
selected_two_stage_av,pass,-0.4029,0.0
selected_two_stage_av,pass,-0.2037,0.0
selected_two_stage_av,pass,0.4882,5.0
selected_two_stage_av,pass,-0.2971,3.0
selected_two_stage_av,pass,-2.7554,3.0
selected_two_stage_av,pass,-2.9263,5.0
selected_two_stage_av,pass,0.5621,3.0
selected_two_stage_av,pass,-0.3439,3.0
selected_two_stage_av,pass,-0.7428,5.0
selected_two_stage_av,pass,-1.6303,4.0
selected_two_stage_av,pass,-0.649,3.0
selected_two_stage_av,pass,-0.2789,0.0
selected_two_stage_av,pass,-2.8794,3.0
selected_two_stage_av,pass,1.0923,4.0
selected_two_stage_av,pass,-0.0978,5.0
selected_two_stage_av,pass,-1.3571,0.0
selected_two_stage_av,pass,-1.6303,5.0
selected_two_stage_av,pass,0.2222,7.0
selected_two_stage_av,pass,-0.6959,5.0
selected_two_stage_av,pass,1.5934,6.0
selected_two_stage_av,pass,-0.4029,0.0
selected_two_stage_av,pass,-2.434,2.0
selected_two_stage_av,pass,-2.3403,3.0
selected_two_stage_av,pass,1.8864,8.0
selected_two_stage_av,pass,-0.3439,2.0
selected_two_stage_av,pass,-1.2819,0.0
selected_two_stage_av,pass,-2.9263,4.0
selected_two_stage_av,pass,-0.0509,0.0
selected_two_stage_av,pass,-1.5551,9.0
selected_two_stage_av,pass,-0.9889,2.0
selected_two_stage_av,pass,-0.3439,0.0
selected_two_stage_av,pass,-2.727,3.0
selected_two_stage_av,pass,-2.0942,1.0
selected_two_stage_av,pass,0.061,4.0
selected_two_stage_av,pass,0.061,0.0
selected_two_stage_av,pass,-0.356,0.0
selected_two_stage_av,pass,-0.3908,5.0
selected_two_stage_av,pass,-2.1694,6.0
selected_two_stage_av,pass,0.7613,7.0
selected_two_stage_av,pass,-2.4624,4.0
selected_two_stage_av,pass,-0.1852,0.0
selected_two_stage_av,pass,0.7343,0.0
selected_two_stage_av,pass,-1.8764,2.0
selected_two_stage_av,pass,-0.9889,0.0
selected_two_stage_av,pass,0.1362,0.0
selected_two_stage_av,pass,0.0893,2.0
selected_two_stage_av,pass,-0.3908,4.0
selected_two_stage_av,pass,-0.6959,4.0
selected_two_stage_av,pass,1.8864,10.0
selected_two_stage_av,pass,-0.4781,0.0
selected_two_stage_av,pass,0.7613,10.0
selected_two_stage_av,pass,-0.3439,7.0
selected_two_stage_av,pass,-0.1568,0.0
selected_two_stage_av,pass,0.8551,5.0
selected_two_stage_av,pass,-1.2819,0.0
selected_two_stage_av,pass,-0.9299,4.0
selected_two_stage_av,pass,-1.176,5.0
selected_two_stage_av,pass,-0.4498,4.0
selected_two_stage_av,pass,-0.4781,0.0
selected_two_stage_av,pass,-1.235,0.0
selected_two_stage_av,pass,0.242,0.0
selected_two_stage_av,pass,-1.235,0.0
selected_two_stage_av,pass,0.1952,4.0
selected_two_stage_av,pass,-2.141,2.0
selected_two_stage_av,pass,-0.3439,9.0
selected_two_stage_av,pass,1.9333,6.0
selected_two_stage_av,pass,-0.5719,0.0
selected_two_stage_av,pass,-1.1292,8.0
selected_two_stage_av,pass,1.0543,7.0
selected_two_stage_av,pass,-2.141,3.0
selected_two_stage_av,pass,-2.7554,2.0
selected_two_stage_av,pass,-0.4498,3.0
selected_two_stage_av,pass,-0.649,0.0
selected_two_stage_av,pass,-0.6369,2.0
selected_two_stage_av,pass,-0.883,5.0
selected_two_stage_av,pass,-2.1694,3.0
selected_two_stage_av,pass,1.8864,9.0
selected_two_stage_av,pass,-0.4029,3.0
selected_two_stage_av,pass,-2.141,4.0
selected_two_stage_av,pass,-1.0172,0.0
selected_two_stage_av,pass,0.0141,0.0
selected_two_stage_av,pass,1.0543,6.0
selected_two_stage_av,pass,-2.3872,5.0
selected_two_stage_av,pass,-1.6303,2.0
selected_two_stage_av,pass,-1.469,5.0
selected_two_stage_av,pass,0.1952,0.0
selected_two_stage_av,pass,-0.6369,8.0
selected_two_stage_av,pass,-0.1568,0.0
selected_two_stage_av,pass,-0.9889,4.0
selected_two_stage_av,pass,-0.0239,5.0
selected_two_stage_av,pass,-1.8949,5.0
selected_two_stage_av,pass,-2.6333,3.0
selected_two_stage_av,pass,-0.2037,6.0
selected_two_stage_av,pass,0.1362,4.0
selected_two_stage_av,pass,-1.235,2.0
selected_two_stage_av,pass,0.0893,0.0
selected_two_stage_av,pass,1.8864,4.0
selected_two_stage_av,pass,1.6403,6.0
selected_two_stage_av,pass,0.8082,7.0
selected_two_stage_av,pass,-1.2621,5.0
selected_two_stage_av,pass,1.3473,10.0
selected_two_stage_av,pass,-0.7711,2.0
selected_two_stage_av,pass,0.8462,7.0
selected_two_stage_av,pass,-0.1568,5.0
selected_two_stage_av,pass,0.3539,0.0
selected_two_stage_av,pass,1.0543,8.0
selected_two_stage_av,pass,-0.6369,3.0
selected_two_stage_av,pass,-1.0641,7.0
selected_two_stage_av,pass,-1.235,5.0
selected_two_stage_av,pass,-0.59,0.0
selected_two_stage_av,pass,0.061,8.0
selected_two_stage_av,pass,0.8082,7.0
selected_two_stage_av,pass,-0.6959,4.0
selected_two_stage_av,pass,-0.9299,3.0
selected_two_stage_av,pass,0.8931,0.0
selected_two_stage_av,pass,-0.6959,0.0
selected_two_stage_av,pass,-2.3872,3.0
selected_two_stage_av,pass,-0.2971,0.0
selected_two_stage_av,pass,-1.0912,3.0
selected_two_stage_av,pass,0.7613,6.0
selected_two_stage_av,pass,0.1952,7.0
selected_two_stage_av,pass,-0.0509,7.0
selected_two_stage_av,pass,-1.1292,10.0
selected_two_stage_av,pass,-0.9299,8.0
selected_two_stage_av,pass,-2.9263,6.0
selected_two_stage_av,pass,-2.3872,3.0
selected_two_stage_av,pass,0.8082,8.0
selected_two_stage_av,pass,0.1078,5.0
selected_two_stage_av,pass,-0.4498,0.0
selected_two_stage_av,pass,-0.6369,0.0
selected_two_stage_av,pass,-0.59,1.0
selected_two_stage_av,pass,-1.8481,5.0
selected_two_stage_av,pass,0.5152,4.0
selected_two_stage_av,pass,-1.5749,1.0
selected_two_stage_av,pass,-2.2163,4.0
selected_two_stage_av,pass,-0.063,0.0
selected_two_stage_av,pass,-0.4029,0.0
selected_two_stage_av,pass,-0.4498,4.0
selected_two_stage_av,pass,-1.8764,5.0
selected_two_stage_av,pass,0.1952,2.0
selected_two_stage_av,pass,1.1481,7.0
selected_two_stage_av,pass,1.5934,3.0
selected_two_stage_av,pass,-1.4311,3.0
selected_two_stage_av,pass,-2.6333,4.0
selected_two_stage_av,pass,0.7993,0.0
selected_two_stage_av,pass,0.3071,0.0
selected_two_stage_av,pass,0.1952,6.0
selected_two_stage_av,pass,-0.9299,4.0
selected_two_stage_av,pass,0.1078,0.0
selected_two_stage_av,pass,-0.4967,0.0
selected_two_stage_av,pass,1.8864,8.0
selected_two_stage_av,pass,-0.232,1.0
selected_two_stage_av,pass,-0.59,4.0
selected_two_stage_av,pass,1.0074,7.0
selected_two_stage_av,pass,-1.3842,4.0
selected_two_stage_av,pass,0.3539,0.0
selected_two_stage_av,pass,-0.4498,2.0
selected_two_stage_av,pass,-1.1292,7.0
selected_two_stage_av,pass,-0.3908,0.0
selected_two_stage_av,pass,0.3539,0.0
selected_two_stage_av,pass,-0.3439,4.0
selected_two_stage_av,pass,0.4882,0.0
selected_two_stage_av,pass,0.1952,0.0
selected_two_stage_av,pass,-0.6959,5.0
selected_two_stage_av,pass,-0.7428,2.0
selected_two_stage_av,pass,-0.59,9.0
selected_two_stage_av,pass,0.061,7.0
selected_two_stage_av,pass,-1.4221,0.0
selected_two_stage_av,pass,-1.0443,5.0
selected_two_stage_av,pass,-2.141,6.0
selected_two_stage_av,pass,-0.2971,0.0
selected_two_stage_av,pass,-1.176,3.0
selected_two_stage_av,pass,-2.141,1.0
selected_two_stage_av,pass,1.1392,0.0
selected_two_stage_av,pass,-0.4498,2.0
selected_two_stage_av,pass,-1.3373,2.0
selected_two_stage_av,pass,0.061,8.0
selected_two_stage_av,pass,-0.6369,5.0
selected_two_stage_av,pass,-0.6959,0.0
selected_two_stage_av,pass,-0.1568,0.0
selected_two_stage_av,pass,0.1078,3.0
selected_two_stage_av,pass,-2.6333,2.0
selected_two_stage_av,pass,-0.9299,4.0
selected_two_stage_av,pass,-0.1099,4.0
selected_two_stage_av,pass,-0.3439,0.0
selected_two_stage_av,pass,-3.1724,5.0
selected_two_stage_av,pass,0.4413,0.0
selected_two_stage_av,pass,1.3004,7.0
selected_two_stage_av,pass,-0.0978,7.0
selected_two_stage_av,pass,-0.3439,0.0
selected_two_stage_av,pass,1.3004,6.0
selected_two_stage_av,pass,-2.141,5.0
selected_two_stage_av,pass,1.5934,3.0
selected_two_stage_av,pass,0.1078,0.0
selected_two_stage_av,pass,-1.7741,4.0
selected_two_stage_av,pass,-0.6959,4.0
selected_two_stage_av,pass,1.3004,9.0
selected_two_stage_av,pass,-0.2037,3.0
selected_two_stage_av,pass,1.3473,5.0
selected_two_stage_av,pass,-0.4498,2.0
selected_two_stage_av,pass,0.9804,4.0
selected_two_stage_av,pass,-2.3872,4.0
selected_two_stage_av,pass,1.3942,8.0
selected_two_stage_av,pass,0.4413,6.0
selected_two_stage_av,pass,0.2222,3.0
selected_two_stage_av,pass,0.5532,0.0
selected_two_stage_av,pass,-2.1694,7.0
selected_two_stage_av,pass,-0.2971,0.0
selected_two_stage_av,pass,-0.4029,0.0
selected_two_stage_av,pass,0.4292,0.0
selected_two_stage_av,pass,-1.1381,3.0
selected_two_stage_av,pass,0.3071,5.0
selected_two_stage_av,pass,-1.4811,5.0
selected_two_stage_av,pass,-1.821,2.0
selected_two_stage_av,pass,-1.5749,0.0
selected_two_stage_av,pass,-0.4967,0.0
selected_two_stage_av,pass,-1.4811,1.0
selected_two_stage_av,pass,-0.9889,2.0
selected_two_stage_av,pass,-2.3872,4.0
selected_two_stage_av,pass,-0.3439,8.0
selected_two_stage_av,pass,-2.6801,4.0
selected_two_stage_av,pass,-2.434,2.0
selected_two_stage_av,pass,0.5621,8.0
selected_two_stage_av,pass,0.0141,0.0
selected_two_stage_av,pass,-1.235,0.0
selected_two_stage_av,pass,0.8082,7.0
selected_two_stage_av,pass,0.061,0.0
selected_two_stage_av,pass,-0.1568,4.0
selected_two_stage_av,pass,-0.9299,1.0
selected_two_stage_av,pass,-1.235,0.0
selected_two_stage_av,pass,-0.4029,0.0
selected_two_stage_av,pass,-0.232,4.0
selected_two_stage_av,pass,-0.4781,6.0
selected_two_stage_av,pass,0.2222,9.0
selected_two_stage_av,pass,-0.2971,5.0
selected_two_stage_av,pass,-1.176,3.0
selected_two_stage_av,pass,-0.3439,0.0
selected_two_stage_av,pass,0.7613,5.0
selected_two_stage_av,pass,-0.883,4.0
selected_two_stage_av,pass,-0.59,2.0
selected_two_stage_av,pass,-1.235,0.0
selected_two_stage_av,pass,-0.59,5.0
selected_two_stage_av,pass,1.6403,5.0
selected_two_stage_av,pass,-0.6369,4.0
selected_two_stage_av,pass,-1.1881,4.0
selected_two_stage_av,pass,-0.6959,0.0
selected_two_stage_av,pass,1.9333,6.0
selected_two_stage_av,pass,1.8864,10.0
selected_two_stage_av,pass,-0.4498,6.0
selected_two_stage_av,pass,-0.6959,4.0
selected_two_stage_av,pass,0.1952,2.0
selected_two_stage_av,pass,-1.9233,4.0
selected_two_stage_av,pass,1.0273,0.0
selected_two_stage_av,pass,-2.7554,4.0
selected_two_stage_av,pass,-0.649,0.0
selected_two_stage_av,pass,-1.0358,0.0
selected_two_stage_av,pass,-0.0509,6.0
selected_two_stage_av,pass,0.6001,0.0
selected_two_stage_av,pass,-0.942,2.0
selected_two_stage_av,pass,-0.356,5.0
selected_two_stage_av,pass,-0.59,3.0
selected_two_stage_av,pass,-2.141,3.0
selected_two_stage_av,pass,-2.0942,2.0
selected_two_stage_av,pass,-1.1292,6.0
selected_two_stage_av,pass,-0.1852,7.0
selected_two_stage_av,pass,-0.59,0.0
selected_two_stage_av,pass,-0.4313,0.0
selected_two_stage_av,pass,-0.9889,0.0
selected_two_stage_av,pass,-0.1852,0.0
selected_two_stage_av,pass,-1.4221,0.0
selected_two_stage_av,pass,0.4882,0.0
selected_two_stage_av,pass,-0.9299,0.0
selected_two_stage_av,pass,1.8395,8.0
selected_two_stage_av,pass,-0.6369,3.0
selected_two_stage_av,pass,-0.6959,0.0
selected_two_stage_av,pass,-2.6333,4.0
selected_two_stage_av,pass,0.4882,10.0
selected_two_stage_av,pass,0.3823,0.0
selected_two_stage_av,pass,-2.141,3.0
selected_two_stage_av,pass,-0.8362,4.0
selected_two_stage_av,pass,-0.4029,0.0
selected_two_stage_av,pass,-1.3102,0.0
selected_two_stage_av,pass,-2.0942,4.0
selected_two_stage_av,pass,-0.1447,4.0
selected_two_stage_av,pass,0.1952,0.0
selected_two_stage_av,pass,-2.6801,4.0
selected_two_stage_av,pass,-0.942,0.0
selected_two_stage_av,pass,-0.1852,2.0
selected_two_stage_av,pass,-0.0041,4.0
selected_two_stage_av,pass,-0.59,2.0
selected_two_stage_av,pass,0.4413,4.0
selected_two_stage_av,pass,0.1483,8.0
selected_two_stage_av,pass,-0.4029,0.0
selected_two_stage_av,pass,-2.6801,2.0
selected_two_stage_av,pass,0.3539,0.0
selected_two_stage_av,pass,-0.1447,9.0
selected_two_stage_av,pass,-0.0041,4.0
selected_two_stage_av,pass,0.3354,3.0
selected_two_stage_av,pass,-0.6021,4.0
selected_two_stage_av,pass,-0.0509,5.0
selected_two_stage_av,pass,-0.1568,0.0
selected_two_stage_av,pass,-0.2971,0.0
selected_two_stage_av,pass,-0.9299,4.0
selected_two_stage_av,pass,-0.4313,4.0
selected_two_stage_av,pass,-0.4029,0.0
selected_two_stage_av,pass,-1.4811,0.0
selected_two_stage_av,pass,0.1952,6.0
selected_two_stage_av,pass,0.7145,6.0
selected_two_stage_av,pass,0.3071,0.0
selected_two_stage_av,pass,-3.8052,2.0
selected_two_stage_av,pass,1.8395,8.0
selected_two_stage_av,pass,-1.6772,7.0
selected_two_stage_av,pass,-0.4967,0.0
selected_two_stage_av,pass,-2.727,4.0
selected_two_stage_av,pass,-0.6369,4.0
selected_two_stage_av,pass,-0.59,0.0
selected_two_stage_av,pass,0.1362,0.0
selected_two_stage_av,pass,0.3071,7.0
selected_two_stage_av,pass,0.1078,7.0
selected_two_stage_av,pass,-2.0942,5.0
selected_two_stage_av,pass,-2.6333,2.0
selected_two_stage_av,pass,1.8864,7.0
selected_two_stage_av,pass,0.1952,9.0
selected_two_stage_av,pass,-0.232,0.0
selected_two_stage_av,pass,-2.3872,2.0
selected_two_stage_av,pass,-2.434,3.0
selected_two_stage_av,pass,1.0923,4.0
selected_two_stage_av,pass,-0.1383,0.0
selected_two_stage_av,pass,-1.3373,3.0
selected_two_stage_av,pass,-0.8362,0.0
selected_two_stage_av,pass,-2.3872,5.0
selected_two_stage_av,pass,0.3823,5.0
selected_two_stage_av,pass,-2.3403,5.0
selected_two_stage_av,pass,0.6874,3.0
selected_two_stage_av,pass,-0.3439,2.0
selected_two_stage_av,pass,1.3942,8.0
selected_two_stage_av,pass,-1.3842,2.0
selected_two_stage_av,pass,-0.3439,5.0
selected_two_stage_av,pass,1.3473,9.0
selected_two_stage_av,pass,1.3473,4.0
selected_two_stage_av,pass,-0.9889,0.0
selected_two_stage_av,pass,0.4882,2.0
selected_two_stage_av,pass,-1.2819,0.0
selected_two_stage_av,pass,1.3004,6.0
selected_two_stage_av,pass,-2.1694,2.0
selected_two_stage_av,pass,-0.3439,3.0
selected_two_stage_av,pass,-1.6772,3.0
selected_two_stage_av,pass,-1.6019,5.0
selected_two_stage_av,pass,-0.1568,3.0
selected_two_stage_av,pass,-1.6303,8.0
selected_two_stage_av,pass,0.8082,5.0
selected_two_stage_av,pass,-1.5551,2.0
selected_two_stage_av,pass,-1.5551,5.0
selected_two_stage_av,pass,-0.59,7.0
selected_two_stage_av,pass,0.4292,0.0
selected_two_stage_av,pass,-0.883,0.0
selected_two_stage_av,pass,1.3473,6.0
selected_two_stage_av,pass,-0.5432,9.0
selected_two_stage_av,pass,1.5934,7.0
selected_two_stage_av,pass,-0.6369,1.0
selected_two_stage_av,pass,0.061,5.0
selected_two_stage_av,pass,1.9333,7.0
selected_two_stage_av,pass,1.3473,8.0
selected_two_stage_av,pass,-1.0912,3.0
selected_two_stage_av,pass,-3.4654,5.0
selected_two_stage_av,pass,1.0543,9.0
selected_two_stage_av,pass,-1.0358,0.0
selected_two_stage_av,pass,-1.8949,4.0
selected_two_stage_av,pass,-0.1852,5.0
selected_two_stage_av,pass,0.242,0.0
selected_two_stage_av,pass,-0.7428,0.0
selected_two_stage_av,pass,-0.3908,8.0
selected_two_stage_av,pass,-0.649,3.0
selected_two_stage_av,pass,-0.3439,2.0
selected_two_stage_av,pass,-0.8362,0.0
selected_two_stage_av,pass,-0.1852,6.0
selected_two_stage_av,pass,-1.3842,4.0
selected_two_stage_av,pass,-2.141,4.0
selected_two_stage_av,pass,0.061,4.0
selected_two_stage_av,pass,-0.4313,5.0
selected_two_stage_av,pass,0.0141,5.0
selected_two_stage_av,pass,-0.525,7.0
selected_two_stage_av,pass,-0.2037,0.0
selected_two_stage_av,pass,0.5152,6.0
selected_two_stage_av,pass,-0.0041,0.0
selected_two_stage_av,pass,1.3942,3.0
selected_two_stage_av,pass,-0.3439,5.0
selected_two_stage_av,pass,1.9333,6.0
selected_two_stage_av,pass,-0.2971,1.0
selected_two_stage_av,pass,0.1831,3.0
selected_two_stage_av,pass,-0.0509,6.0
selected_two_stage_av,pass,-0.0509,0.0
selected_two_stage_av,pass,-0.942,2.0
selected_two_stage_av,pass,-1.1292,2.0
selected_two_stage_av,pass,-1.821,4.0
selected_two_stage_av,pass,-0.2971,3.0
selected_two_stage_av,pass,1.9333,6.0
selected_two_stage_av,pass,-3.0015,3.0
selected_two_stage_av,pass,-0.7428,0.0
selected_two_stage_av,pass,1.6403,6.0
selected_two_stage_av,pass,0.1831,0.0
selected_two_stage_av,pass,0.242,0.0
selected_two_stage_av,pass,0.1078,3.0
selected_two_stage_av,pass,-0.2971,5.0
selected_two_stage_av,pass,-1.235,0.0
selected_two_stage_av,pass,-0.525,6.0
selected_two_stage_av,pass,-0.6959,3.0
selected_two_stage_av,pass,-0.883,8.0
selected_two_stage_av,pass,1.3004,9.0
selected_two_stage_av,pass,0.8462,0.0
selected_two_stage_av,pass,-2.3403,3.0
selected_two_stage_av,pass,0.1952,3.0
selected_two_stage_av,pass,-0.8362,0.0
selected_two_stage_av,pass,1.0543,7.0
selected_two_stage_av,pass,1.186,0.0
selected_two_stage_av,pass,-2.1694,2.0
selected_two_stage_av,pass,-1.3102,5.0
selected_two_stage_av,pass,-0.883,2.0
selected_two_stage_av,pass,0.2889,0.0
selected_two_stage_av,pass,-0.3439,3.0
selected_two_stage_av,pass,-2.7554,3.0
selected_two_stage_av,pass,-0.4313,3.0
selected_two_stage_av,pass,0.8931,0.0
selected_two_stage_av,pass,0.8462,0.0
selected_two_stage_av,pass,-1.2819,0.0
selected_two_stage_av,pass,-1.309,6.0
selected_two_stage_av,pass,-0.525,5.0
selected_two_stage_av,pass,0.8082,5.0
selected_two_stage_av,pass,-0.4029,2.0
selected_two_stage_av,pass,-1.0358,2.0
selected_two_stage_av,pass,-1.176,3.0
selected_two_stage_av,pass,0.2691,6.0
selected_two_stage_av,pass,-0.6959,5.0
selected_two_stage_av,pass,-0.9768,5.0
selected_two_stage_av,pass,0.1078,0.0
selected_two_stage_av,pass,-2.9263,0.0
selected_two_stage_av,pass,-0.9889,0.0
selected_two_stage_av,pass,0.7343,2.0
selected_two_stage_av,pass,0.1362,0.0
selected_two_stage_av,pass,2.1794,8.0
selected_two_stage_av,pass,0.4292,3.0
selected_two_stage_av,pass,-1.821,0.0
selected_two_stage_av,pass,0.8082,5.0
selected_two_stage_av,pass,-0.3439,0.0
selected_two_stage_av,pass,-0.3439,7.0
selected_two_stage_av,pass,-0.4029,2.0
selected_two_stage_av,pass,-0.6021,0.0
selected_two_stage_av,pass,-0.232,6.0
selected_two_stage_av,pass,-1.469,5.0
selected_two_stage_av,pass,-0.3439,4.0
selected_two_stage_av,pass,-1.8481,4.0
selected_two_stage_av,pass,-0.0509,2.0
selected_two_stage_av,pass,-0.6959,0.0
selected_two_stage_av,pass,1.8864,7.0
selected_two_stage_av,pass,-0.6959,0.0
selected_two_stage_av,pass,0.061,4.0
selected_two_stage_av,pass,-0.6369,4.0
selected_two_stage_av,pass,-1.8012,4.0
selected_two_stage_av,pass,0.3539,0.0
selected_two_stage_av,pass,-0.883,4.0
selected_two_stage_av,pass,-0.9889,0.0
selected_two_stage_av,pass,-0.6959,0.0
selected_two_stage_av,pass,-0.942,0.0
selected_two_stage_av,pass,-1.1292,3.0
selected_two_stage_av,pass,-0.3439,2.0
selected_two_stage_av,pass,-0.3439,2.0
selected_two_stage_av,pass,0.0141,0.0
selected_two_stage_av,pass,-2.6801,2.0
selected_two_stage_av,pass,-1.0912,2.0
selected_two_stage_av,pass,-0.7428,0.0
selected_two_stage_av,pass,0.1362,6.0
selected_two_stage_av,pass,-0.6369,0.0
selected_two_stage_av,pass,0.8082,0.0
selected_two_stage_av,pass,-2.0671,3.0
selected_two_stage_av,pass,-1.2819,0.0
selected_two_stage_av,pass,1.6403,10.0
selected_two_stage_av,pass,1.8864,5.0
selected_two_stage_av,pass,-0.3908,0.0
selected_two_stage_av,pass,-0.1568,0.0
selected_two_stage_av,pass,1.0074,6.0
selected_two_stage_av,pass,-0.6959,0.0
selected_two_stage_av,pass,-2.3872,3.0
selected_two_stage_av,pass,1.1392,5.0
selected_two_stage_av,pass,2.0856,4.0
selected_two_stage_av,pass,-1.176,1.0
selected_two_stage_av,pass,0.5621,9.0
selected_two_stage_av,pass,-1.235,0.0
selected_two_stage_av,pass,-0.4029,4.0
selected_two_stage_av,pass,-0.9889,5.0
selected_two_stage_av,pass,-1.4811,3.0
selected_two_stage_av,pass,-0.59,4.0
selected_two_stage_av,pass,0.5152,8.0
selected_two_stage_av,pass,-0.2971,3.0
selected_two_stage_av,pass,-1.8764,7.0
selected_two_stage_av,pass,-1.1881,0.0
selected_two_stage_av,pass,0.1078,3.0
selected_two_stage_av,pass,0.061,0.0
selected_two_stage_av,pass,1.8864,9.0
selected_two_stage_av,pass,0.1952,0.0
selected_two_stage_av,pass,-1.7151,4.0
selected_two_stage_av,pass,2.4255,5.0
selected_two_stage_av,pass,-0.649,3.0
selected_two_stage_av,pass,-0.0978,0.0
selected_two_stage_av,pass,-1.7741,3.0
selected_two_stage_av,pass,0.061,4.0
selected_two_stage_av,pass,1.1012,4.0
selected_two_stage_av,pass,0.8082,5.0
selected_two_stage_av,pass,-0.4498,0.0
selected_two_stage_av,pass,0.7343,0.0
selected_two_stage_av,pass,-0.4029,2.0
selected_two_stage_av,pass,-0.942,0.0
selected_two_stage_av,pass,1.0543,5.0
selected_two_stage_av,pass,-0.0978,0.0
selected_two_stage_av,pass,-0.7428,5.0
selected_two_stage_av,pass,-0.0509,0.0
selected_two_stage_av,pass,-1.2819,2.0
selected_two_stage_av,pass,0.0141,6.0
selected_two_stage_av,pass,0.3539,7.0
selected_two_stage_av,pass,-0.6959,0.0
selected_two_stage_av,pass,-0.942,0.0
selected_two_stage_av,pass,-1.235,0.0
selected_two_stage_av,pass,-0.1568,4.0
selected_two_stage_av,pass,-2.9263,4.0
selected_two_stage_av,pass,0.6284,3.0
selected_two_stage_av,pass,-1.469,5.0
selected_two_stage_av,pass,-0.3439,3.0
selected_two_stage_av,pass,0.061,0.0
selected_two_stage_av,pass,1.186,0.0
selected_two_stage_av,pass,-0.883,0.0
selected_two_stage_av,pass,-2.6801,4.0
selected_two_stage_av,pass,-0.3439,2.0
selected_two_stage_av,pass,-0.6959,2.0
selected_two_stage_av,pass,0.6469,0.0
selected_two_stage_av,pass,-0.9299,2.0
selected_two_stage_av,pass,0.5152,5.0
selected_two_stage_av,pass,-0.59,0.0
selected_two_stage_av,pass,-3.2193,2.0
selected_two_stage_av,pass,-0.942,3.0
selected_two_stage_av,pass,0.8462,0.0
selected_two_stage_av,pass,0.1831,0.0
selected_two_stage_av,pass,0.6001,7.0
selected_two_stage_av,pass,-0.4781,0.0
selected_two_stage_av,pass,-1.4811,0.0
selected_two_stage_av,pass,-2.0671,0.0
selected_two_stage_av,pass,-2.1694,2.0
selected_two_stage_av,pass,-0.2971,5.0
selected_two_stage_av,pass,2.1794,8.0
selected_two_stage_av,pass,-0.4029,0.0
selected_two_stage_av,pass,-1.9233,5.0
selected_two_stage_av,pass,-0.3439,7.0
selected_two_stage_av,pass,-0.59,0.0
selected_two_stage_av,pass,-1.528,4.0
selected_two_stage_av,pass,-1.1881,1.0
selected_two_stage_av,pass,0.1952,6.0
selected_two_stage_av,pass,-1.528,4.0
selected_two_stage_av,pass,-2.6801,2.0
selected_two_stage_av,pass,-0.232,5.0
selected_two_stage_av,pass,-1.2819,0.0
selected_two_stage_av,pass,-1.0172,3.0
selected_two_stage_av,pass,-2.1694,1.0
selected_two_stage_av,pass,-0.9889,0.0
selected_two_stage_av,pass,1.1392,4.0
selected_two_stage_av,pass,-0.0978,0.0
selected_two_stage_av,pass,0.1952,7.0
selected_two_stage_av,pass,1.2734,6.0
selected_two_stage_av,pass,0.1831,0.0
selected_two_stage_av,pass,-1.5082,4.0
selected_two_stage_av,pass,-0.6369,0.0
selected_two_stage_av,pass,-0.4498,0.0
selected_two_stage_av,pass,2.1325,6.0
selected_two_stage_av,pass,-0.3439,2.0
selected_two_stage_av,pass,-0.4029,0.0
selected_two_stage_av,pass,-0.3439,8.0
selected_two_stage_av,pass,0.5152,8.0
selected_two_stage_av,pass,-0.9889,5.0
selected_two_stage_av,pass,-0.0041,1.0
selected_two_stage_av,pass,0.061,0.0
selected_two_stage_av,pass,1.5934,6.0
selected_two_stage_av,pass,0.1078,4.0
selected_two_stage_av,pass,-2.0942,2.0
selected_two_stage_av,pass,0.2222,6.0
selected_two_stage_av,pass,-0.59,1.0
selected_two_stage_av,pass,1.5934,8.0
selected_two_stage_av,pass,1.3473,4.0
selected_two_stage_av,pass,0.1078,3.0
selected_two_stage_av,pass,1.6403,7.0
selected_two_stage_av,pass,0.8082,6.0
selected_two_stage_av,pass,0.8082,7.0
selected_two_stage_av,pass,0.3071,0.0
selected_two_stage_av,pass,-0.6959,0.0
selected_two_stage_av,pass,-0.6959,1.0
selected_two_stage_av,pass,-0.7428,1.0
selected_two_stage_av,pass,-0.4029,0.0
selected_two_stage_av,pass,-1.5551,5.0
selected_two_stage_av,pass,-1.3842,3.0
selected_two_stage_av,pass,-1.235,1.0
selected_two_stage_av,pass,-0.525,0.0
selected_two_stage_av,pass,1.479,0.0
selected_two_stage_av,pass,-1.3571,5.0
selected_two_stage_av,pass,-2.4155,3.0
selected_two_stage_av,pass,0.061,0.0
selected_two_stage_av,pass,2.1794,8.0
selected_two_stage_av,pass,0.6469,0.0
selected_two_stage_av,pass,1.3473,6.0
selected_two_stage_av,pass,-1.3842,2.0
selected_two_stage_av,pass,-0.232,0.0
selected_two_stage_av,pass,0.1952,0.0
selected_two_stage_av,pass,2.4255,7.0
selected_two_stage_av,pass,-2.3872,4.0
selected_two_stage_av,pass,-0.1852,7.0
selected_two_stage_av,pass,-0.4029,0.0
selected_two_stage_av,pass,0.8551,7.0
selected_two_stage_av,pass,-1.235,4.0
selected_two_stage_av,pass,0.242,2.0
selected_two_stage_av,pass,0.1952,3.0
selected_two_stage_av,pass,-2.8794,3.0
selected_two_stage_av,pass,-0.6369,1.0
selected_two_stage_av,pass,-1.5834,4.0
selected_two_stage_av,pass,-0.232,2.0
selected_two_stage_av,pass,-1.235,2.0
selected_two_stage_av,pass,0.1362,4.0
selected_two_stage_av,pass,-2.1694,3.0
selected_two_stage_av,pass,1.0923,5.0
selected_two_stage_av,pass,-1.309,3.0
selected_two_stage_av,pass,-1.9233,4.0
selected_two_stage_av,pass,-0.942,0.0
selected_two_stage_av,pass,-1.235,0.0
selected_two_stage_av,pass,-0.0978,3.0
selected_two_stage_av,pass,0.4882,9.0
selected_two_stage_av,pass,0.0141,4.0
selected_two_stage_av,pass,0.242,2.0
selected_two_stage_av,pass,-0.3908,6.0
selected_two_stage_av,pass,-1.235,3.0
selected_two_stage_av,pass,0.3823,0.0
selected_two_stage_av,pass,-0.9889,5.0
selected_two_stage_av,pass,0.7343,6.0
selected_two_stage_av,pass,1.0543,6.0
selected_two_stage_av,pass,0.8082,8.0
selected_two_stage_av,pass,-1.528,1.0
selected_two_stage_av,pass,0.6001,5.0
selected_two_stage_av,pass,-0.4029,3.0
selected_two_stage_av,pass,-0.942,0.0
selected_two_stage_av,pass,1.3942,7.0
selected_two_stage_av,pass,-0.883,5.0
selected_two_stage_av,pass,-0.4781,6.0
selected_two_stage_av,pass,0.6753,0.0
selected_two_stage_av,pass,-1.4811,0.0
selected_two_stage_av,pass,0.1362,0.0
selected_two_stage_av,pass,-0.6369,5.0
selected_two_stage_av,pass,1.4322,7.0
selected_two_stage_av,pass,-1.4221,6.0
selected_two_stage_av,pass,1.7927,8.0
selected_two_stage_av,pass,-2.5093,6.0
selected_two_stage_av,pass,0.3539,7.0
selected_two_stage_av,pass,0.8082,6.0
selected_two_stage_av,pass,-0.4498,0.0
selected_two_stage_av,pass,-0.9889,0.0
selected_two_stage_av,pass,0.242,0.0
selected_two_stage_av,pass,-1.176,3.0
selected_two_stage_av,pass,-0.942,0.0
selected_two_stage_av,pass,1.8864,6.0
selected_two_stage_av,pass,2.4724,6.0
selected_two_stage_av,pass,-0.1852,0.0
selected_two_stage_av,pass,1.1392,0.0
selected_two_stage_av,pass,0.6001,3.0
selected_two_stage_av,pass,-1.1292,6.0
selected_two_stage_av,pass,-0.6369,3.0
selected_two_stage_av,pass,-2.0942,3.0
selected_two_stage_av,pass,-1.6303,0.0
selected_two_stage_av,pass,0.8082,7.0
selected_two_stage_av,pass,0.1952,3.0
selected_two_stage_av,pass,-1.8949,4.0
selected_two_stage_av,pass,0.6001,6.0
selected_two_stage_av,pass,-0.1099,0.0
selected_two_stage_av,pass,-2.9263,5.0
selected_two_stage_av,pass,-0.59,4.0
selected_two_stage_av,pass,-0.6369,4.0
selected_two_stage_av,pass,0.1362,0.0
selected_two_stage_av,pass,-0.1852,3.0
selected_two_stage_av,pass,-0.4498,0.0
selected_two_stage_av,pass,-0.3439,9.0
selected_two_stage_av,pass,0.061,5.0
selected_two_stage_av,pass,-2.6801,4.0
selected_two_stage_av,pass,-0.59,7.0
selected_two_stage_av,pass,0.061,5.0
selected_two_stage_av,pass,0.061,0.0
selected_two_stage_av,pass,-0.6838,5.0
selected_two_stage_av,pass,0.4882,0.0
selected_two_stage_av,pass,0.1952,0.0
selected_two_stage_av,pass,-0.1568,0.0
selected_two_stage_av,pass,0.061,2.0
selected_two_stage_av,pass,-1.8764,7.0
selected_two_stage_av,pass,-0.0509,4.0
selected_two_stage_av,pass,-2.7085,3.0
selected_two_stage_av,pass,-1.6019,3.0
selected_two_stage_av,pass,1.2265,4.0
selected_two_stage_av,pass,-1.3842,4.0
selected_two_stage_av,pass,-0.6959,0.0
selected_two_stage_av,pass,0.8931,7.0
selected_two_stage_av,pass,-0.6959,0.0
selected_two_stage_av,pass,-1.1381,4.0
selected_two_stage_av,pass,-1.235,0.0
selected_two_stage_av,pass,-0.9299,2.0
selected_two_stage_av,pass,-0.6369,6.0
selected_two_stage_av,pass,-0.1099,5.0
selected_two_stage_av,pass,-0.7982,3.0
selected_two_stage_av,pass,-2.1694,5.0
selected_two_stage_av,pass,-0.4029,0.0
selected_two_stage_av,pass,-2.3872,2.0
selected_two_stage_av,pass,-0.4781,7.0
selected_two_stage_av,pass,-0.6369,0.0
selected_two_stage_av,pass,-1.6772,1.0
selected_two_stage_av,pass,-1.235,2.0
selected_two_stage_av,pass,-0.1447,3.0
selected_two_stage_av,pass,-2.6801,5.0
selected_two_stage_av,pass,-0.7428,4.0
selected_two_stage_av,pass,-0.3439,0.0
selected_two_stage_av,pass,-0.59,4.0
selected_two_stage_av,pass,0.1952,5.0
selected_two_stage_av,pass,0.242,4.0
selected_two_stage_av,pass,-0.1568,0.0
selected_two_stage_av,pass,-0.232,9.0
selected_two_stage_av,pass,-1.9233,3.0
selected_two_stage_av,pass,-0.6959,2.0
selected_two_stage_av,pass,0.3539,6.0
selected_two_stage_av,pass,-1.3373,1.0
selected_two_stage_av,pass,0.5621,5.0
selected_two_stage_av,pass,-2.3872,2.0
selected_two_stage_av,pass,0.4882,2.0
selected_two_stage_av,pass,-1.3373,4.0
selected_two_stage_av,pass,-2.6801,5.0
selected_two_stage_av,pass,-0.1568,0.0
selected_two_stage_av,pass,-1.4221,4.0
selected_two_stage_av,pass,-0.4498,0.0
selected_two_stage_av,pass,0.061,0.0
selected_two_stage_av,pass,2.1325,6.0
selected_two_stage_av,pass,-0.4029,4.0
selected_two_stage_av,pass,-1.8481,4.0
selected_two_stage_av,pass,1.3853,0.0
selected_two_stage_av,pass,-0.3439,5.0
selected_two_stage_av,pass,-0.4029,0.0
selected_two_stage_av,pass,-1.235,0.0
selected_two_stage_av,pass,-0.4498,0.0
selected_two_stage_av,pass,-1.235,5.0
selected_two_stage_av,pass,-1.5834,4.0
selected_two_stage_av,pass,-0.0978,7.0
selected_two_stage_av,pass,0.1078,6.0
selected_two_stage_av,pass,-1.9233,5.0
selected_two_stage_av,pass,1.3004,7.0
selected_two_stage_av,pass,-0.3439,4.0
selected_two_stage_av,pass,0.3354,5.0
selected_two_stage_av,pass,0.8082,5.0
selected_two_stage_av,pass,-0.7428,0.0
selected_two_stage_av,pass,-2.4624,4.0
selected_two_stage_av,pass,-0.1852,0.0
selected_two_stage_av,pass,0.3539,4.0
selected_two_stage_av,pass,1.3004,7.0
selected_two_stage_av,pass,0.7343,5.0
selected_two_stage_av,pass,2.4255,5.0
selected_two_stage_av,pass,0.3071,5.0
selected_two_stage_av,pass,-2.434,3.0
selected_two_stage_av,pass,-0.1852,0.0
selected_two_stage_av,pass,0.3071,0.0
selected_two_stage_av,pass,-0.1099,0.0
selected_two_stage_av,pass,-0.0978,5.0
selected_two_stage_av,pass,-1.8949,2.0
selected_two_stage_av,pass,-1.528,0.0
selected_two_stage_av,pass,1.0543,5.0
selected_two_stage_av,pass,-1.235,0.0
selected_two_stage_av,pass,-0.9889,0.0
selected_two_stage_av,pass,0.3539,7.0
selected_two_stage_av,pass,0.0893,0.0
selected_two_stage_av,pass,0.242,4.0
selected_two_stage_av,pass,-0.7428,0.0
selected_two_stage_av,pass,-1.0912,5.0
selected_two_stage_av,pass,-0.649,3.0
selected_two_stage_av,pass,-1.4221,1.0
selected_two_stage_av,pass,1.6403,6.0
selected_two_stage_av,pass,-0.1099,4.0
selected_two_stage_av,pass,-0.8451,4.0
selected_two_stage_av,pass,0.4413,7.0
selected_two_stage_av,pass,-0.4313,0.0
selected_two_stage_av,pass,1.1012,7.0
selected_two_stage_av,pass,-0.649,0.0
selected_two_stage_av,pass,-2.141,5.0
selected_two_stage_av,pass,-0.649,4.0
selected_two_stage_av,pass,-1.2819,0.0
selected_two_stage_av,pass,1.1392,0.0
selected_two_stage_av,pass,-1.8764,3.0
selected_two_stage_av,pass,-1.5082,3.0
selected_two_stage_av,pass,-1.1881,4.0
selected_two_stage_av,pass,-0.0509,7.0
selected_two_stage_av,pass,0.1952,6.0
selected_two_stage_av,pass,-0.5719,2.0
selected_two_stage_av,pass,0.6001,0.0
selected_two_stage_av,pass,-1.1292,0.0
selected_two_stage_av,pass,-0.6959,4.0
selected_two_stage_av,pass,-0.4498,0.0
selected_two_stage_av,pass,-0.7243,0.0
selected_two_stage_av,pass,-0.3439,9.0
selected_two_stage_av,pass,0.5532,8.0
selected_two_stage_av,pass,-1.235,0.0
selected_two_stage_av,pass,-2.0473,0.0
selected_two_stage_av,pass,0.6001,3.0
selected_two_stage_av,pass,-0.0509,3.0
selected_two_stage_av,pass,2.7185,8.0
selected_two_stage_av,pass,-0.8362,4.0
selected_two_stage_av,pass,-0.232,6.0
selected_two_stage_av,pass,-0.7428,0.0
selected_two_stage_av,pass,-1.7151,0.0
selected_two_stage_av,pass,-0.6959,4.0
selected_two_stage_av,pass,-0.883,4.0
selected_two_stage_av,pass,-0.2971,0.0
selected_two_stage_av,pass,-0.942,0.0
selected_two_stage_av,pass,-1.235,0.0
selected_two_stage_av,pass,-2.0942,2.0
selected_two_stage_av,pass,0.4413,4.0
selected_two_stage_av,pass,0.6001,0.0
selected_two_stage_av,pass,1.3473,8.0
selected_two_stage_av,pass,0.6469,3.0
selected_two_stage_av,pass,1.3004,4.0
selected_two_stage_av,pass,-1.9233,4.0
selected_two_stage_av,pass,-1.9233,4.0
selected_two_stage_av,pass,-0.232,0.0
selected_two_stage_av,pass,-1.3373,6.0
selected_two_stage_av,pass,-2.0942,7.0
selected_two_stage_av,pass,1.0543,6.0
selected_two_stage_av,pass,-1.0628,6.0
selected_two_stage_av,pass,-0.4029,0.0
selected_two_stage_av,pass,-0.4967,2.0
selected_two_stage_av,pass,-0.3439,2.0
selected_two_stage_av,pass,0.242,0.0
selected_two_stage_av,pass,0.8931,0.0
selected_two_stage_av,pass,1.3473,6.0
selected_two_stage_av,pass,-1.3842,5.0
selected_two_stage_av,pass,-2.6801,2.0
selected_two_stage_av,pass,0.061,6.0
selected_two_stage_av,pass,-0.4029,0.0
selected_two_stage_av,pass,-0.232,3.0
selected_two_stage_av,pass,-0.9889,3.0
selected_two_stage_av,pass,-0.4781,2.0
selected_two_stage_av,pass,-0.7711,2.0
selected_two_stage_av,pass,-0.59,4.0
selected_two_stage_av,pass,-1.528,1.0
selected_two_stage_av,pass,-0.6369,0.0
selected_two_stage_av,pass,-1.176,8.0
selected_two_stage_av,pass,-2.6333,5.0
selected_two_stage_av,pass,0.3071,4.0
selected_two_stage_av,pass,0.4882,9.0
selected_two_stage_av,pass,-0.9299,5.0
selected_two_stage_av,pass,-0.6369,5.0
selected_two_stage_av,pass,-0.1852,3.0
selected_two_stage_av,pass,0.6001,4.0
selected_two_stage_av,pass,-0.7711,3.0
selected_two_stage_av,pass,1.0543,6.0
selected_two_stage_av,pass,-1.3373,4.0
selected_two_stage_av,pass,0.3539,0.0
selected_two_stage_av,pass,-1.3373,3.0
selected_two_stage_av,pass,-0.7428,0.0
selected_two_stage_av,pass,-0.7243,7.0
selected_two_stage_av,pass,0.4008,0.0
selected_two_stage_av,pass,-0.0978,3.0
selected_two_stage_av,pass,-2.9263,3.0
selected_two_stage_av,pass,0.4413,6.0
selected_two_stage_av,pass,0.3539,8.0
selected_two_stage_av,pass,0.2691,6.0
selected_two_stage_av,pass,-0.7711,6.0
selected_two_stage_av,pass,-1.3373,2.0
selected_two_stage_av,pass,0.6001,6.0
selected_two_stage_av,pass,-0.942,0.0
selected_two_stage_av,pass,0.8082,8.0
selected_two_stage_av,pass,-0.7711,7.0
selected_two_stage_av,pass,-0.59,3.0
selected_two_stage_av,pass,0.3539,3.0
selected_two_stage_av,pass,-0.1852,3.0
selected_two_stage_av,pass,1.5934,7.0
selected_two_stage_av,pass,0.3071,7.0
selected_two_stage_av,pass,0.0893,4.0
selected_two_stage_av,pass,-0.1383,0.0
selected_two_stage_av,pass,0.061,4.0
selected_two_stage_av,pass,-2.7554,4.0
selected_two_stage_av,pass,0.2222,8.0
selected_two_stage_av,pass,0.4413,7.0
selected_two_stage_av,pass,-1.3373,4.0
selected_two_stage_av,pass,-0.59,0.0
selected_two_stage_av,pass,-0.0978,0.0
selected_two_stage_av,pass,0.1362,0.0
selected_two_stage_av,pass,-0.4029,3.0
selected_two_stage_av,pass,-0.4313,0.0
selected_two_stage_av,pass,-0.9889,2.0
selected_two_stage_av,pass,-1.6772,4.0
selected_two_stage_av,pass,-2.0081,7.0
selected_two_stage_av,pass,-0.0978,0.0
selected_two_stage_av,pass,1.1012,10.0
selected_two_stage_av,pass,-1.1292,6.0
selected_two_stage_av,pass,-0.6369,0.0
selected_two_stage_av,pass,-2.4155,5.0
selected_two_stage_av,pass,0.8082,7.0
selected_two_stage_av,pass,-2.3872,1.0
selected_two_stage_av,pass,-0.7513,2.0
selected_two_stage_av,pass,0.3539,0.0
selected_two_stage_av,pass,-0.4029,0.0
selected_two_stage_av,pass,-1.235,0.0
selected_two_stage_av,pass,0.0893,0.0
selected_two_stage_av,pass,-0.2971,0.0
selected_two_stage_av,pass,-1.2819,0.0
selected_two_stage_av,pass,0.1952,0.0
selected_two_stage_av,pass,-0.4313,0.0
selected_two_stage_av,pass,-1.235,0.0
selected_two_stage_av,pass,-0.7243,0.0
selected_two_stage_av,pass,0.1078,7.0
selected_two_stage_av,pass,-0.6369,6.0
selected_two_stage_av,pass,-0.9889,0.0
selected_two_stage_av,pass,-1.0358,1.0
selected_two_stage_av,pass,-0.2971,2.0
selected_two_stage_av,pass,1.8395,6.0
selected_two_stage_av,pass,0.061,3.0
selected_two_stage_av,pass,1.3473,6.0
selected_two_stage_av,pass,-1.8295,7.0
selected_two_stage_av,pass,-3.4654,1.0
selected_two_stage_av,pass,0.5152,7.0
selected_two_stage_av,pass,0.061,4.0
selected_two_stage_av,pass,1.1392,0.0
selected_two_stage_av,pass,0.8462,4.0
selected_two_stage_av,pass,-0.3439,2.0
selected_two_stage_av,pass,-0.649,0.0
selected_two_stage_av,pass,0.1078,8.0
selected_two_stage_av,pass,-0.7428,0.0
selected_two_stage_av,pass,0.0141,8.0
selected_two_stage_av,pass,-0.6369,4.0
selected_two_stage_av,pass,-0.883,1.0
selected_two_stage_av,pass,0.6469,3.0
selected_two_stage_av,pass,-0.3439,3.0
selected_two_stage_av,pass,0.3071,3.0
selected_two_stage_av,pass,1.5934,8.0
selected_two_stage_av,pass,-0.7711,0.0
selected_two_stage_av,pass,-2.1694,1.0
selected_two_stage_av,pass,-3.2193,2.0
selected_two_stage_av,pass,-0.0509,9.0
selected_two_stage_av,pass,-1.8012,3.0
selected_two_stage_av,pass,1.0074,5.0
selected_two_stage_av,pass,1.1012,7.0
selected_two_stage_av,pass,-1.1292,0.0
selected_two_stage_av,pass,-1.235,0.0
selected_two_stage_av,pass,-1.235,3.0
selected_two_stage_av,pass,-0.2971,3.0
selected_two_stage_av,pass,-0.883,3.0
selected_two_stage_av,pass,-2.0473,4.0
selected_two_stage_av,pass,-3.1724,3.0
selected_two_stage_av,pass,-1.3373,2.0
selected_two_stage_av,pass,1.8864,8.0
selected_two_stage_av,pass,0.061,7.0
selected_two_stage_av,pass,-0.0509,6.0
selected_two_stage_av,pass,-0.3908,2.0
selected_two_stage_av,pass,-1.4811,0.0
selected_two_stage_av,pass,0.1078,3.0
selected_two_stage_av,pass,-0.2971,0.0
selected_two_stage_av,pass,-2.0942,2.0
selected_two_stage_av,pass,-0.0239,6.0
selected_two_stage_av,pass,-0.2971,7.0
selected_two_stage_av,pass,-1.176,3.0
selected_two_stage_av,pass,-0.942,0.0
selected_two_stage_av,pass,-1.0443,4.0
selected_two_stage_av,pass,2.1325,7.0
selected_two_stage_av,pass,0.1078,4.0
selected_two_stage_av,pass,-1.176,2.0
selected_two_stage_av,pass,0.535,0.0
selected_two_stage_av,pass,-1.2819,0.0
selected_two_stage_av,pass,-1.2819,0.0
selected_two_stage_av,pass,1.3473,7.0
selected_two_stage_av,pass,-1.469,1.0
selected_two_stage_av,pass,-0.7711,4.0
selected_two_stage_av,pass,0.7343,0.0
selected_two_stage_av,pass,-2.9263,3.0
selected_two_stage_av,pass,-2.3403,1.0
selected_two_stage_av,pass,-2.3872,3.0
selected_two_stage_av,pass,0.5152,5.0
selected_two_stage_av,pass,-2.7554,3.0
selected_two_stage_av,pass,1.5934,6.0
selected_two_stage_av,pass,0.1483,4.0
selected_two_stage_av,pass,-2.1694,7.0
selected_two_stage_av,pass,-1.6303,4.0
selected_two_stage_av,pass,-0.9889,4.0
selected_two_stage_av,pass,0.6874,0.0
selected_two_stage_av,pass,-0.883,6.0
selected_two_stage_av,pass,0.3071,0.0
selected_two_stage_av,pass,0.1952,3.0
selected_two_stage_av,pass,-0.9889,0.0
selected_two_stage_av,pass,-1.9233,3.0
selected_two_stage_av,pass,-0.3439,0.0
selected_two_stage_av,pass,0.5152,8.0
selected_two_stage_av,pass,-0.3439,3.0
selected_two_stage_av,pass,-0.232,0.0
selected_two_stage_av,pass,-0.1852,4.0
selected_two_stage_av,pass,-1.4811,2.0
selected_two_stage_av,pass,-0.4498,0.0
selected_two_stage_av,pass,0.4882,3.0
selected_two_stage_av,pass,-1.176,6.0
selected_two_stage_av,pass,-1.6303,6.0
selected_two_stage_av,pass,-0.649,0.0
selected_two_stage_av,pass,-0.4498,0.0
selected_two_stage_av,pass,-0.525,0.0
selected_two_stage_av,pass,-1.528,0.0
selected_two_stage_av,pass,-0.7428,0.0
selected_two_stage_av,pass,-1.1292,6.0
selected_two_stage_av,pass,0.061,2.0
selected_two_stage_av,pass,-1.8012,4.0
selected_two_stage_av,pass,-1.1381,2.0
selected_two_stage_av,pass,-0.942,0.0
selected_two_stage_av,pass,2.2263,8.0
selected_two_stage_av,pass,-0.0978,6.0
selected_two_stage_av,pass,-2.141,3.0
selected_two_stage_av,pass,-1.8481,3.0
selected_two_stage_av,pass,-0.6959,0.0
selected_two_stage_av,pass,-1.528,0.0
selected_two_stage_av,pass,-0.59,4.0
selected_two_stage_av,pass,0.5152,6.0
selected_two_stage_av,pass,-0.4029,3.0
selected_two_stage_av,pass,-1.5551,5.0
selected_two_stage_av,pass,0.3539,0.0
selected_two_stage_av,pass,1.3004,9.0
selected_two_stage_av,pass,-2.1694,2.0
selected_two_stage_av,pass,0.1078,8.0
selected_two_stage_av,pass,-0.4498,0.0
selected_two_stage_av,pass,-0.4029,1.0
selected_two_stage_av,pass,2.4255,7.0
selected_two_stage_av,pass,-2.434,4.0
selected_two_stage_av,pass,1.7251,0.0
selected_two_stage_av,pass,1.6872,7.0
selected_two_stage_av,pass,-1.3842,5.0
selected_two_stage_av,pass,0.5621,5.0
selected_two_stage_av,pass,0.1831,0.0
selected_two_stage_av,pass,2.1325,4.0
selected_two_stage_av,pass,-0.649,0.0
selected_two_stage_av,pass,-2.7554,2.0
selected_two_stage_av,pass,-1.9702,3.0
selected_two_stage_av,pass,-0.9889,4.0
selected_two_stage_av,pass,0.5532,0.0
selected_two_stage_av,pass,-2.1694,1.0
selected_two_stage_av,pass,1.3473,5.0
selected_two_stage_av,pass,-0.883,2.0
selected_two_stage_av,pass,0.6001,0.0
selected_two_stage_av,pass,-0.4781,0.0
selected_two_stage_av,pass,-2.1225,6.0
selected_two_stage_av,pass,-0.0708,8.0
selected_two_stage_av,pass,-1.176,8.0
selected_two_stage_av,pass,-0.6959,0.0
selected_two_stage_av,pass,-0.9299,3.0
selected_two_stage_av,pass,-2.6333,5.0
selected_two_stage_av,pass,-0.1852,2.0
selected_two_stage_av,pass,-0.3439,8.0
selected_two_stage_av,pass,-3.4654,4.0
selected_two_stage_av,pass,-0.4498,2.0
selected_two_stage_av,pass,0.1362,0.0
selected_two_stage_av,pass,2.1325,7.0
selected_two_stage_av,pass,-0.4029,5.0
selected_two_stage_av,pass,-0.883,3.0
selected_two_stage_av,pass,-0.0978,4.0
selected_two_stage_av,pass,-1.3842,3.0
selected_two_stage_av,pass,-0.6369,0.0
selected_two_stage_av,pass,0.1952,0.0
selected_two_stage_av,pass,-0.3439,0.0
selected_two_stage_av,pass,0.8082,4.0
selected_two_stage_av,pass,-0.6838,0.0
selected_two_stage_av,pass,0.242,0.0
selected_two_stage_av,pass,-0.3908,7.0
selected_two_stage_av,pass,-0.59,0.0
selected_two_stage_av,pass,-1.469,10.0
selected_two_stage_av,pass,0.4882,2.0
selected_two_stage_av,pass,-0.4029,0.0
selected_two_stage_av,pass,-0.4498,0.0
selected_two_stage_av,pass,-2.3872,3.0
selected_two_stage_av,pass,-0.4029,0.0
selected_two_stage_av,pass,-1.1881,0.0
selected_two_stage_av,pass,0.535,6.0
selected_two_stage_av,pass,-0.4029,2.0
selected_two_stage_av,pass,-0.0509,3.0
selected_two_stage_av,pass,-0.942,0.0
selected_two_stage_av,pass,-0.9889,0.0
selected_two_stage_av,pass,-0.3439,1.0
selected_two_stage_av,pass,0.5621,4.0
selected_two_stage_av,pass,0.3539,0.0
selected_two_stage_av,pass,-1.6303,5.0
selected_two_stage_av,pass,-0.9889,0.0
selected_two_stage_av,pass,-1.176,8.0
selected_two_stage_av,pass,1.3473,7.0
selected_two_stage_av,pass,0.1952,6.0
selected_two_stage_av,pass,0.5621,8.0
selected_two_stage_av,pass,-1.235,0.0
selected_two_stage_av,pass,0.242,0.0
selected_two_stage_av,pass,-0.8362,6.0
selected_two_stage_av,pass,-0.4498,4.0
selected_two_stage_av,pass,-1.8012,4.0
selected_two_stage_av,pass,-0.3908,4.0
selected_two_stage_av,pass,-1.2819,0.0
selected_two_stage_av,pass,-0.942,5.0
selected_two_stage_av,pass,-1.8764,5.0
selected_two_stage_av,pass,-0.8362,0.0
selected_two_stage_av,pass,0.3539,5.0
selected_two_stage_av,pass,-0.9889,5.0
selected_two_stage_av,pass,0.535,0.0
selected_two_stage_av,pass,0.3071,0.0
selected_two_stage_av,pass,0.061,2.0
selected_two_stage_av,pass,-0.6369,5.0
selected_two_stage_av,pass,-0.232,6.0
selected_two_stage_av,pass,-0.59,2.0
selected_two_stage_av,pass,-1.528,0.0
selected_two_stage_av,pass,0.1952,3.0
selected_two_stage_av,pass,-0.6959,2.0
selected_two_stage_av,pass,-0.4029,5.0
selected_two_stage_av,pass,0.8931,0.0
selected_two_stage_av,pass,-2.0942,4.0
selected_two_stage_av,pass,0.5152,4.0
selected_two_stage_av,pass,-2.8794,3.0
selected_two_stage_av,pass,1.6403,6.0
selected_two_stage_av,pass,-1.3842,3.0
selected_two_stage_av,pass,-0.883,9.0
selected_two_stage_av,pass,0.3071,0.0
selected_two_stage_av,pass,-1.821,4.0
selected_two_stage_av,pass,2.3786,7.0
selected_two_stage_av,pass,0.242,3.0
selected_two_stage_av,pass,0.0893,0.0
selected_two_stage_av,pass,-0.9889,0.0
selected_two_stage_av,pass,-2.3872,4.0
selected_two_stage_av,pass,0.3823,0.0
selected_two_stage_av,pass,-0.1568,0.0
selected_two_stage_av,pass,-0.0509,0.0
selected_two_stage_av,pass,-0.1852,1.0
selected_two_stage_av,pass,0.8462,0.0
selected_two_stage_av,pass,0.1952,5.0
selected_two_stage_av,pass,-0.3439,8.0
selected_two_stage_av,pass,0.4008,1.0
selected_two_stage_av,pass,-0.59,6.0
selected_two_stage_av,pass,-0.6369,6.0
selected_two_stage_av,pass,1.3473,3.0
selected_two_stage_av,pass,-0.4498,5.0
selected_two_stage_av,pass,-1.0172,7.0
selected_two_stage_av,pass,1.9333,9.0
selected_two_stage_av,pass,-0.6369,3.0
selected_two_stage_av,pass,-0.8362,1.0
selected_two_stage_av,pass,1.3004,7.0
selected_two_stage_av,pass,-0.59,1.0
selected_two_stage_av,pass,-3.2193,1.0
selected_two_stage_av,pass,-0.9889,3.0
selected_two_stage_av,pass,0.3539,0.0
selected_two_stage_av,pass,-1.235,0.0
selected_two_stage_av,pass,0.8462,4.0
selected_two_stage_av,pass,1.3473,8.0
selected_two_stage_av,pass,-1.016,1.0
selected_two_stage_av,pass,0.1078,5.0
selected_two_stage_av,pass,0.1362,0.0
selected_two_stage_av,pass,-0.6959,0.0
selected_two_stage_av,pass,-0.0978,0.0
selected_two_stage_av,pass,-0.6369,6.0
selected_two_stage_av,pass,0.242,0.0
selected_two_stage_av,pass,1.3004,5.0
selected_two_stage_av,pass,-0.7711,5.0
selected_two_stage_av,pass,-2.2163,7.0
selected_two_stage_av,pass,-1.5834,3.0
selected_two_stage_av,pass,0.1362,0.0
selected_two_stage_av,pass,-0.232,4.0
selected_two_stage_av,pass,0.242,3.0
selected_two_stage_av,pass,-0.3439,3.0
selected_two_stage_av,pass,-1.4221,4.0
selected_two_stage_av,pass,-0.9299,0.0
selected_two_stage_av,pass,-0.649,0.0
selected_two_stage_av,pass,1.8395,7.0
selected_two_stage_av,pass,1.186,0.0
selected_two_stage_av,pass,-2.141,4.0
selected_two_stage_av,pass,-0.5521,5.0
selected_two_stage_av,pass,-0.59,0.0
selected_two_stage_av,pass,-1.9233,2.0
selected_two_stage_av,pass,1.3004,6.0
selected_two_stage_av,pass,-1.4811,0.0
selected_two_stage_av,pass,-0.0978,0.0
selected_two_stage_av,pass,0.1952,0.0
selected_two_stage_av,pass,-0.883,0.0
selected_two_stage_av,pass,-0.7982,4.0
selected_two_stage_av,pass,-1.4811,0.0
selected_two_stage_av,pass,-0.4029,4.0
selected_two_stage_av,pass,-1.8012,2.0
selected_two_stage_av,pass,-0.7711,0.0
selected_two_stage_av,pass,1.8864,6.0
selected_two_stage_av,pass,-1.1381,2.0
selected_two_stage_av,pass,-0.9889,3.0
selected_two_stage_av,pass,0.2889,8.0
selected_two_stage_av,pass,-0.883,2.0
selected_two_stage_av,pass,0.1078,6.0
selected_two_stage_av,pass,0.8082,9.0
selected_two_stage_av,pass,0.242,0.0
selected_two_stage_av,pass,0.5152,6.0
selected_two_stage_av,pass,1.6403,5.0
selected_two_stage_av,pass,0.5621,6.0
selected_two_stage_av,pass,-0.2971,4.0
selected_two_stage_av,pass,-0.6369,4.0
selected_two_stage_av,pass,0.8462,0.0
selected_two_stage_av,pass,2.1794,7.0
selected_two_stage_av,pass,-1.9233,2.0
selected_two_stage_av,pass,-2.6801,5.0
selected_two_stage_av,pass,-0.59,6.0
selected_two_stage_av,pass,-0.6369,0.0
selected_two_stage_av,pass,-0.4781,2.0
selected_two_stage_av,pass,-2.6333,1.0
selected_two_stage_av,pass,-0.0978,7.0
selected_two_stage_av,pass,0.3539,5.0
selected_two_stage_av,pass,-0.0509,0.0
selected_two_stage_av,pass,0.0141,0.0
selected_two_stage_av,pass,0.1362,0.0
selected_two_stage_av,pass,-0.883,0.0
selected_two_stage_av,pass,-0.3439,7.0
selected_two_stage_av,pass,-0.3439,2.0
selected_two_stage_av,pass,-1.8764,2.0
selected_two_stage_av,pass,-0.4029,5.0
selected_two_stage_av,pass,-3.4654,2.0
selected_two_stage_av,pass,-1.8764,3.0
selected_two_stage_av,pass,1.0543,7.0
selected_two_stage_av,pass,-0.4781,2.0
selected_two_stage_av,pass,1.6403,7.0
selected_two_stage_av,pass,-0.1099,0.0
selected_two_stage_av,pass,0.061,0.0
selected_two_stage_av,pass,-2.6801,4.0
selected_two_stage_av,pass,-0.6959,5.0
selected_two_stage_av,pass,-0.4967,0.0
selected_two_stage_av,pass,0.6001,7.0
selected_two_stage_av,pass,-0.4029,0.0
selected_two_stage_av,pass,-0.883,4.0
selected_two_stage_av,pass,-0.0978,4.0
selected_two_stage_av,pass,-0.6838,6.0
selected_two_stage_av,pass,-0.4498,1.0
selected_two_stage_av,pass,0.4882,4.0
selected_two_stage_av,pass,-0.232,5.0
selected_two_stage_av,pass,-1.111,3.0
selected_two_stage_av,pass,-0.525,4.0
selected_two_stage_av,pass,-2.3403,5.0
selected_two_stage_av,pass,0.7811,5.0
selected_two_stage_av,pass,-2.6333,6.0
selected_two_stage_av,pass,1.3473,5.0
selected_two_stage_av,pass,-0.9299,7.0
selected_two_stage_av,pass,0.4882,0.0
selected_two_stage_av,pass,-1.8012,6.0
selected_two_stage_av,pass,-3.2193,3.0
selected_two_stage_av,pass,-0.649,0.0
selected_two_stage_av,pass,0.061,9.0
selected_two_stage_av,pass,0.1078,7.0
selected_two_stage_av,pass,-1.2819,0.0
selected_two_stage_av,pass,1.0543,4.0
selected_two_stage_av,pass,-2.9263,3.0
selected_two_stage_av,pass,-0.942,0.0
selected_two_stage_av,pass,0.3071,0.0
selected_two_stage_av,pass,-2.1694,4.0
selected_two_stage_av,pass,-0.4313,2.0
selected_two_stage_av,pass,0.1831,0.0
selected_two_stage_av,pass,0.1831,3.0
selected_two_stage_av,pass,-0.9889,2.0
selected_two_stage_av,pass,-0.4029,0.0
selected_two_stage_av,pass,-0.942,6.0
selected_two_stage_av,pass,0.242,0.0
selected_two_stage_av,pass,-2.3872,5.0
selected_two_stage_av,pass,-1.8012,5.0
selected_two_stage_av,pass,-0.6959,2.0
selected_two_stage_av,pass,-1.0912,5.0
selected_two_stage_av,pass,0.0141,0.0
selected_two_stage_av,pass,-2.3403,5.0
selected_two_stage_av,pass,-1.235,0.0
selected_two_stage_av,pass,-1.6772,5.0
selected_two_stage_av,pass,-1.3373,2.0
selected_two_stage_av,pass,-0.7711,5.0
selected_two_stage_av,pass,-0.3908,0.0
selected_two_stage_av,pass,1.3473,6.0
selected_two_stage_av,pass,-0.2971,6.0
selected_two_stage_av,pass,0.4882,6.0
selected_two_stage_av,pass,-0.0509,0.0
selected_two_stage_av,pass,-2.1694,9.0
selected_two_stage_av,pass,1.0543,6.0
selected_two_stage_av,pass,-0.063,2.0
selected_two_stage_av,pass,-0.4029,0.0
selected_two_stage_av,pass,2.1794,8.0
selected_two_stage_av,pass,0.9804,9.0
selected_two_stage_av,pass,-1.235,4.0
selected_two_stage_av,pass,-0.8362,6.0
selected_two_stage_av,pass,0.6001,3.0
selected_two_stage_av,pass,0.6001,8.0
selected_two_stage_av,pass,-0.9889,3.0
selected_two_stage_av,pass,-1.235,0.0
selected_two_stage_av,pass,0.3823,0.0
selected_two_stage_av,pass,-0.9889,0.0
selected_two_stage_av,pass,-1.3842,3.0
selected_two_stage_av,pass,1.1012,6.0
selected_two_stage_av,pass,-2.7085,4.0
selected_two_stage_av,pass,1.8864,8.0
selected_two_stage_av,pass,1.5934,7.0
selected_two_stage_av,pass,1.6403,6.0
selected_two_stage_av,pass,-0.6959,2.0
selected_two_stage_av,pass,-0.1568,0.0
selected_two_stage_av,pass,0.1952,6.0
selected_two_stage_av,pass,-2.3403,3.0
selected_two_stage_av,pass,-0.4029,0.0
selected_two_stage_av,pass,-0.1099,0.0
selected_two_stage_av,pass,-0.0509,8.0
selected_two_stage_av,pass,1.3473,6.0
selected_two_stage_av,pass,-0.4781,6.0
selected_two_stage_av,pass,0.242,4.0
selected_two_stage_av,pass,-0.9299,0.0
selected_two_stage_av,pass,-0.0509,4.0
selected_two_stage_av,pass,0.5532,8.0
selected_two_stage_av,pass,1.8864,6.0
selected_two_stage_av,pass,-0.59,7.0
selected_two_stage_av,pass,-0.4498,0.0
selected_two_stage_av,pass,-0.7711,4.0
selected_two_stage_av,pass,-1.235,0.0
selected_two_stage_av,pass,-1.0443,3.0
selected_two_stage_av,pass,0.1362,0.0
selected_two_stage_av,pass,-2.0942,3.0
selected_two_stage_av,pass,0.1952,7.0
selected_two_stage_av,pass,-2.2163,0.0
selected_two_stage_av,pass,0.4008,0.0
selected_two_stage_av,pass,-0.7428,4.0
selected_two_stage_av,pass,-1.4811,4.0
selected_two_stage_av,pass,0.8931,4.0
selected_two_stage_av,pass,1.0543,7.0
selected_two_stage_av,pass,-0.6369,2.0
selected_two_stage_av,pass,-1.176,1.0
selected_two_stage_av,pass,-1.4221,1.0
selected_two_stage_av,pass,-0.4029,5.0
selected_two_stage_av,pass,1.0273,2.0
selected_two_stage_av,pass,0.6874,0.0
selected_two_stage_av,pass,-1.235,0.0
selected_two_stage_av,pass,-1.4221,6.0
selected_two_stage_av,pass,-1.1881,2.0
selected_two_stage_av,pass,0.5621,8.0
selected_two_stage_av,pass,-0.525,4.0
selected_two_stage_av,pass,1.8864,4.0
selected_two_stage_av,pass,-2.141,4.0
selected_two_stage_av,pass,-1.469,2.0
selected_two_stage_av,pass,0.7343,0.0
