model,contract,prediction,actual
constrained_ols_av,pass,0.4679,3.0
constrained_ols_av,pass,-1.3134,7.0
constrained_ols_av,pass,-0.4227,3.0
constrained_ols_av,pass,-0.4227,0.0
constrained_ols_av,pass,-0.4227,7.0
constrained_ols_av,pass,-0.4227,3.0
constrained_ols_av,pass,-0.4227,6.0
constrained_ols_av,pass,-0.4227,3.0
constrained_ols_av,pass,0.4679,9.0
constrained_ols_av,pass,0.0226,5.0
constrained_ols_av,pass,-1.3134,5.0
constrained_ols_av,pass,-0.8681,5.0
constrained_ols_av,pass,-0.8681,7.0
constrained_ols_av,pass,-0.8681,4.0
constrained_ols_av,pass,0.0226,6.0
constrained_ols_av,pass,0.0226,4.0
constrained_ols_av,pass,0.0226,5.0
constrained_ols_av,pass,-0.4227,5.0
constrained_ols_av,pass,-0.8681,4.0
constrained_ols_av,pass,-0.4227,5.0
constrained_ols_av,pass,0.0226,0.0
constrained_ols_av,pass,-0.4227,3.0
constrained_ols_av,pass,-0.8681,7.0
constrained_ols_av,pass,-0.4227,3.0
constrained_ols_av,pass,0.4679,0.0
constrained_ols_av,pass,-0.8681,0.0
constrained_ols_av,pass,-0.4227,0.0
constrained_ols_av,pass,-0.8681,0.0
constrained_ols_av,pass,0.4679,9.0
constrained_ols_av,pass,-0.8681,1.0
constrained_ols_av,pass,0.0226,0.0
constrained_ols_av,pass,-1.3134,1.0
constrained_ols_av,pass,-0.8681,0.0
constrained_ols_av,pass,0.0226,0.0
constrained_ols_av,pass,-0.8681,0.0
constrained_ols_av,pass,0.0226,0.0
constrained_ols_av,pass,-0.4227,6.0
constrained_ols_av,pass,-0.8681,4.0
constrained_ols_av,pass,0.4679,4.0
constrained_ols_av,pass,-0.8681,4.0
constrained_ols_av,pass,-0.4227,3.0
constrained_ols_av,pass,0.0226,7.0
constrained_ols_av,pass,-0.8681,3.0
constrained_ols_av,pass,-0.4227,5.0
constrained_ols_av,pass,0.0226,0.0
constrained_ols_av,pass,-1.3134,2.0
constrained_ols_av,pass,-0.8681,8.0
constrained_ols_av,pass,0.4679,2.0
constrained_ols_av,pass,-0.4227,0.0
constrained_ols_av,pass,-0.4227,0.0
constrained_ols_av,pass,0.0226,0.0
constrained_ols_av,pass,-0.8681,0.0
constrained_ols_av,pass,0.0226,3.0
constrained_ols_av,pass,-0.4227,7.0
constrained_ols_av,pass,0.0226,3.0
constrained_ols_av,pass,-1.3134,4.0
constrained_ols_av,pass,-0.4227,2.0
constrained_ols_av,pass,-0.4227,2.0
constrained_ols_av,pass,-0.8681,2.0
constrained_ols_av,pass,0.0226,8.0
constrained_ols_av,pass,-0.8681,0.0
constrained_ols_av,pass,0.0226,0.0
constrained_ols_av,pass,-0.8681,0.0
constrained_ols_av,pass,0.0226,0.0
constrained_ols_av,pass,-0.4227,2.0
constrained_ols_av,pass,0.4679,0.0
constrained_ols_av,pass,-0.8681,2.0
constrained_ols_av,pass,-0.8681,8.0
constrained_ols_av,pass,0.0226,0.0
constrained_ols_av,pass,-0.4227,5.0
constrained_ols_av,pass,-0.8681,5.0
constrained_ols_av,pass,-0.4227,5.0
constrained_ols_av,pass,0.0226,2.0
constrained_ols_av,pass,-0.8681,3.0
constrained_ols_av,pass,0.0226,2.0
constrained_ols_av,pass,-0.8681,8.0
constrained_ols_av,pass,-0.4227,10.0
constrained_ols_av,pass,-0.4227,0.0
constrained_ols_av,pass,-0.4227,4.0
constrained_ols_av,pass,-0.4227,0.0
constrained_ols_av,pass,-0.4227,8.0
constrained_ols_av,pass,-0.4227,2.0
constrained_ols_av,pass,0.0226,8.0
constrained_ols_av,pass,-0.8681,2.0
constrained_ols_av,pass,0.0226,4.0
constrained_ols_av,pass,-0.4227,5.0
constrained_ols_av,pass,0.0226,4.0
constrained_ols_av,pass,-1.3134,6.0
constrained_ols_av,pass,-0.4227,3.0
constrained_ols_av,pass,-0.8681,5.0
constrained_ols_av,pass,-0.4227,3.0
constrained_ols_av,pass,0.0226,7.0
constrained_ols_av,pass,-0.8681,4.0
constrained_ols_av,pass,-0.8681,6.0
constrained_ols_av,pass,0.0226,4.0
constrained_ols_av,pass,0.0226,0.0
constrained_ols_av,pass,-1.3134,3.0
constrained_ols_av,pass,0.0226,5.0
constrained_ols_av,pass,0.0226,3.0
constrained_ols_av,pass,-0.4227,7.0
constrained_ols_av,pass,-0.8681,6.0
constrained_ols_av,pass,-1.3134,4.0
constrained_ols_av,pass,0.9132,0.0
constrained_ols_av,pass,-0.4227,4.0
constrained_ols_av,pass,-1.3134,5.0
constrained_ols_av,pass,0.0226,8.0
constrained_ols_av,pass,0.4679,5.0
constrained_ols_av,pass,-0.8681,5.0
constrained_ols_av,pass,-0.4227,5.0
constrained_ols_av,pass,0.0226,5.0
constrained_ols_av,pass,-0.4227,5.0
constrained_ols_av,pass,-0.8681,0.0
constrained_ols_av,pass,0.0226,2.0
constrained_ols_av,pass,-0.4227,2.0
constrained_ols_av,pass,-0.8681,8.0
constrained_ols_av,pass,-0.4227,2.0
constrained_ols_av,pass,0.4679,0.0
constrained_ols_av,pass,-0.4227,0.0
constrained_ols_av,pass,-0.8681,0.0
constrained_ols_av,pass,-0.8681,0.0
constrained_ols_av,pass,-0.8681,3.0
constrained_ols_av,pass,-0.8681,1.0
constrained_ols_av,pass,-0.4227,3.0
constrained_ols_av,pass,0.4679,7.0
constrained_ols_av,pass,-1.3134,0.0
constrained_ols_av,pass,-0.8681,0.0
constrained_ols_av,pass,0.4679,0.0
constrained_ols_av,pass,0.0226,0.0
constrained_ols_av,pass,-0.4227,3.0
constrained_ols_av,pass,0.0226,7.0
constrained_ols_av,pass,-0.8681,3.0
constrained_ols_av,pass,-0.4227,0.0
constrained_ols_av,pass,0.0226,3.0
constrained_ols_av,pass,-0.8681,3.0
constrained_ols_av,pass,0.0226,3.0
constrained_ols_av,pass,-0.8681,7.0
constrained_ols_av,pass,-0.4227,3.0
constrained_ols_av,pass,-0.4227,7.0
constrained_ols_av,pass,0.0226,4.0
constrained_ols_av,pass,-0.8681,3.0
constrained_ols_av,pass,0.0226,3.0
constrained_ols_av,pass,-0.8681,0.0
constrained_ols_av,pass,-0.8681,3.0
constrained_ols_av,pass,0.0226,7.0
constrained_ols_av,pass,-0.8681,1.0
constrained_ols_av,pass,0.4679,5.0
constrained_ols_av,pass,-0.8681,1.0
constrained_ols_av,pass,-0.4227,9.0
constrained_ols_av,pass,-0.8681,4.0
constrained_ols_av,pass,-0.4227,0.0
constrained_ols_av,pass,-0.8681,4.0
constrained_ols_av,pass,0.4679,6.0
constrained_ols_av,pass,-0.8681,3.0
constrained_ols_av,pass,-0.8681,7.0
constrained_ols_av,pass,0.4679,3.0
constrained_ols_av,pass,-0.4227,0.0
constrained_ols_av,pass,-0.4227,0.0
constrained_ols_av,pass,0.0226,0.0
constrained_ols_av,pass,-0.4227,0.0
constrained_ols_av,pass,-0.8681,0.0
constrained_ols_av,pass,-0.4227,0.0
constrained_ols_av,pass,-0.8681,0.0
constrained_ols_av,pass,0.0226,0.0
constrained_ols_av,pass,-0.4227,0.0
constrained_ols_av,pass,-0.4227,0.0
constrained_ols_av,pass,-0.8681,0.0
constrained_ols_av,pass,-0.4227,0.0
constrained_ols_av,pass,0.0226,0.0
constrained_ols_av,pass,0.0226,5.0
constrained_ols_av,pass,-0.4227,5.0
constrained_ols_av,pass,-0.8681,5.0
constrained_ols_av,pass,-0.4227,0.0
constrained_ols_av,pass,-0.4227,0.0
constrained_ols_av,pass,-0.8681,0.0
constrained_ols_av,pass,-0.4227,0.0
constrained_ols_av,pass,0.0226,0.0
constrained_ols_av,pass,0.0226,4.0
constrained_ols_av,pass,-0.4227,6.0
constrained_ols_av,pass,-0.8681,4.0
constrained_ols_av,pass,-0.4227,0.0
constrained_ols_av,pass,-0.4227,3.0
constrained_ols_av,pass,-0.8681,7.0
constrained_ols_av,pass,-0.8681,3.0
constrained_ols_av,pass,0.4679,0.0
constrained_ols_av,pass,0.4679,0.0
constrained_ols_av,pass,-0.8681,0.0
constrained_ols_av,pass,0.0226,0.0
constrained_ols_av,pass,-1.3134,0.0
constrained_ols_av,pass,-1.3134,5.0
constrained_ols_av,pass,-0.8681,4.0
constrained_ols_av,pass,0.4679,6.0
constrained_ols_av,pass,0.0226,4.0
constrained_ols_av,pass,-0.8681,4.0
constrained_ols_av,pass,0.4679,0.0
constrained_ols_av,pass,-1.3134,4.0
constrained_ols_av,pass,0.0226,6.0
constrained_ols_av,pass,0.0226,3.0
constrained_ols_av,pass,-0.4227,7.0
constrained_ols_av,pass,-1.3134,3.0
constrained_ols_av,pass,0.0226,7.0
constrained_ols_av,pass,-0.4227,4.0
constrained_ols_av,pass,0.0226,6.0
constrained_ols_av,pass,-0.4227,4.0
constrained_ols_av,pass,-0.8681,0.0
constrained_ols_av,pass,-0.8681,2.0
constrained_ols_av,pass,-0.8681,0.0
constrained_ols_av,pass,0.0226,2.0
constrained_ols_av,pass,0.0226,8.0
constrained_ols_av,pass,-0.4227,7.0
constrained_ols_av,pass,-1.3134,2.0
constrained_ols_av,pass,0.4679,8.0
constrained_ols_av,pass,-0.4227,2.0
constrained_ols_av,pass,-0.8681,0.0
constrained_ols_av,pass,0.0226,0.0
constrained_ols_av,pass,-0.4227,0.0
constrained_ols_av,pass,-0.4227,0.0
constrained_ols_av,pass,0.0226,3.0
constrained_ols_av,pass,-0.4227,7.0
constrained_ols_av,pass,-0.8681,3.0
constrained_ols_av,pass,-0.4227,3.0
constrained_ols_av,pass,-0.8681,3.0
constrained_ols_av,pass,-0.4227,5.0
constrained_ols_av,pass,-0.8681,3.0
constrained_ols_av,pass,0.4679,7.0
constrained_ols_av,pass,0.0226,0.0
constrained_ols_av,pass,0.0226,4.0
constrained_ols_av,pass,-0.4227,6.0
constrained_ols_av,pass,-1.3134,4.0
constrained_ols_av,pass,-1.3134,0.0
constrained_ols_av,pass,0.0226,0.0
constrained_ols_av,pass,-0.8681,0.0
constrained_ols_av,pass,0.4679,0.0
constrained_ols_av,pass,-0.4227,3.0
constrained_ols_av,pass,0.0226,6.0
constrained_ols_av,pass,-0.8681,3.0
constrained_ols_av,pass,-0.4227,7.0
constrained_ols_av,pass,0.0226,0.0
constrained_ols_av,pass,-0.4227,6.0
constrained_ols_av,pass,0.0226,4.0
constrained_ols_av,pass,-1.3134,6.0
constrained_ols_av,pass,0.4679,3.0
constrained_ols_av,pass,-0.4227,1.0
constrained_ols_av,pass,-0.8681,9.0
constrained_ols_av,pass,-0.8681,1.0
constrained_ols_av,pass,-0.4227,6.0
constrained_ols_av,pass,-1.3134,4.0
constrained_ols_av,pass,0.4679,8.0
constrained_ols_av,pass,-0.4227,4.0
constrained_ols_av,pass,0.0226,3.0
constrained_ols_av,pass,-0.4227,7.0
constrained_ols_av,pass,-0.8681,3.0
constrained_ols_av,pass,-0.4227,0.0
constrained_ols_av,pass,0.0226,3.0
constrained_ols_av,pass,-0.8681,7.0
constrained_ols_av,pass,-0.8681,3.0
constrained_ols_av,pass,0.0226,0.0
constrained_ols_av,pass,0.0226,1.0
constrained_ols_av,pass,0.4679,9.0
constrained_ols_av,pass,-1.3134,1.0
constrained_ols_av,pass,-0.8681,3.0
constrained_ols_av,pass,-0.4227,5.0
constrained_ols_av,pass,-0.4227,0.0
constrained_ols_av,pass,-0.4227,5.0
constrained_ols_av,pass,-0.4227,5.0
constrained_ols_av,pass,0.0226,7.0
constrained_ols_av,pass,-0.8681,3.0
constrained_ols_av,pass,-0.4227,0.0
constrained_ols_av,pass,-0.4227,3.0
constrained_ols_av,pass,-0.4227,0.0
constrained_ols_av,pass,-0.4227,3.0
constrained_ols_av,pass,-0.4227,7.0
constrained_ols_av,pass,-0.4227,3.0
constrained_ols_av,pass,-0.4227,4.0
constrained_ols_av,pass,-0.8681,0.0
constrained_ols_av,pass,-0.8681,4.0
constrained_ols_av,pass,0.4679,6.0
constrained_ols_av,pass,-0.4227,0.0
constrained_ols_av,pass,0.0226,0.0
constrained_ols_av,pass,0.0226,0.0
constrained_ols_av,pass,-1.3134,0.0
constrained_ols_av,pass,-0.4227,7.0
constrained_ols_av,pass,-0.4227,3.0
constrained_ols_av,pass,0.0226,0.0
constrained_ols_av,pass,-0.8681,3.0
constrained_ols_av,pass,0.0226,5.0
constrained_ols_av,pass,-1.3134,4.0
constrained_ols_av,pass,0.0226,5.0
constrained_ols_av,pass,-0.4227,5.0
constrained_ols_av,pass,0.0226,0.0
constrained_ols_av,pass,-0.4227,0.0
constrained_ols_av,pass,-0.4227,0.0
constrained_ols_av,pass,-0.8681,0.0
constrained_ols_av,pass,-0.8681,5.0
constrained_ols_av,pass,-0.4227,4.0
constrained_ols_av,pass,-0.4227,6.0
constrained_ols_av,pass,0.0226,4.0
constrained_ols_av,pass,-0.8681,3.0
constrained_ols_av,pass,0.0226,7.0
constrained_ols_av,pass,-0.8681,3.0
constrained_ols_av,pass,0.0226,8.0
constrained_ols_av,pass,0.4679,0.0
constrained_ols_av,pass,-0.4227,2.0
constrained_ols_av,pass,-0.4227,8.0
constrained_ols_av,pass,-1.3134,2.0
constrained_ols_av,pass,0.0226,0.0
constrained_ols_av,pass,-0.8681,0.0
constrained_ols_av,pass,-0.4227,0.0
constrained_ols_av,pass,-0.4227,0.0
constrained_ols_av,pass,-1.3134,3.0
constrained_ols_av,pass,0.4679,4.0
constrained_ols_av,pass,-0.4227,3.0
constrained_ols_av,pass,-0.4227,7.0
constrained_ols_av,pass,-0.4227,0.0
constrained_ols_av,pass,0.0226,4.0
constrained_ols_av,pass,-1.3134,6.0
constrained_ols_av,pass,0.0226,4.0
constrained_ols_av,pass,-0.8681,2.0
constrained_ols_av,pass,-0.4227,0.0
constrained_ols_av,pass,-0.4227,2.0
constrained_ols_av,pass,0.0226,8.0
constrained_ols_av,pass,-0.4227,1.0
constrained_ols_av,pass,-0.4227,0.0
constrained_ols_av,pass,-0.8681,1.0
constrained_ols_av,pass,0.0226,9.0
constrained_ols_av,pass,-0.8681,0.0
constrained_ols_av,pass,0.0226,4.0
constrained_ols_av,pass,-0.8681,6.0
constrained_ols_av,pass,0.0226,4.0
constrained_ols_av,pass,-0.4227,0.0
constrained_ols_av,pass,-0.4227,0.0
constrained_ols_av,pass,-0.4227,0.0
constrained_ols_av,pass,-0.4227,0.0
constrained_ols_av,pass,-0.4227,0.0
constrained_ols_av,pass,-0.4227,2.0
constrained_ols_av,pass,0.0226,8.0
constrained_ols_av,pass,-0.8681,2.0
constrained_ols_av,pass,-0.8681,5.0
constrained_ols_av,pass,-1.3134,5.0
constrained_ols_av,pass,0.0226,5.0
constrained_ols_av,pass,0.4679,0.0
constrained_ols_av,pass,-0.4227,0.0
constrained_ols_av,pass,-1.3134,3.0
constrained_ols_av,pass,0.4679,7.0
constrained_ols_av,pass,-0.4227,3.0
constrained_ols_av,pass,-0.8681,5.0
constrained_ols_av,pass,-0.4227,7.0
constrained_ols_av,pass,0.0226,3.0
constrained_ols_av,pass,-0.4227,7.0
constrained_ols_av,pass,-0.4227,7.0
constrained_ols_av,pass,-0.8681,3.0
constrained_ols_av,pass,0.4679,0.0
constrained_ols_av,pass,-0.8681,3.0
constrained_ols_av,pass,-0.4227,0.0
constrained_ols_av,pass,-0.4227,3.0
constrained_ols_av,pass,-0.8681,7.0
constrained_ols_av,pass,0.0226,3.0
constrained_ols_av,pass,-0.4227,0.0
constrained_ols_av,pass,0.4679,0.0
constrained_ols_av,pass,-1.3134,0.0
constrained_ols_av,pass,-0.4227,0.0
constrained_ols_av,pass,-0.8681,8.0
constrained_ols_av,pass,0.0226,4.0
constrained_ols_av,pass,-0.4227,6.0
constrained_ols_av,pass,-0.4227,4.0
constrained_ols_av,pass,-0.4227,0.0
constrained_ols_av,pass,-0.4227,0.0
constrained_ols_av,pass,-0.8681,0.0
constrained_ols_av,pass,0.0226,0.0
constrained_ols_av,pass,-0.4227,4.0
constrained_ols_av,pass,-0.4227,0.0
constrained_ols_av,pass,-0.8681,4.0
constrained_ols_av,pass,0.0226,6.0
constrained_ols_av,pass,-0.8681,3.0
constrained_ols_av,pass,-0.8681,7.0
constrained_ols_av,pass,-0.8681,3.0
constrained_ols_av,pass,0.9132,7.0
constrained_ols_av,pass,-0.4227,7.0
constrained_ols_av,pass,-0.8681,3.0
constrained_ols_av,pass,-0.8681,7.0
constrained_ols_av,pass,0.4679,3.0
constrained_ols_av,pass,-0.8681,1.0
constrained_ols_av,pass,0.4679,0.0
constrained_ols_av,pass,-0.8681,1.0
constrained_ols_av,pass,-0.4227,9.0
constrained_ols_av,pass,-0.8681,8.0
constrained_ols_av,pass,-0.4227,2.0
constrained_ols_av,pass,0.0226,5.0
constrained_ols_av,pass,-0.4227,2.0
constrained_ols_av,pass,0.0226,0.0
constrained_ols_av,pass,0.0226,0.0
constrained_ols_av,pass,-0.8681,0.0
constrained_ols_av,pass,-0.8681,0.0
constrained_ols_av,pass,0.0226,6.0
constrained_ols_av,pass,-0.4227,4.0
constrained_ols_av,pass,0.0226,3.0
constrained_ols_av,pass,-1.3134,4.0
constrained_ols_av,pass,-0.8681,2.0
constrained_ols_av,pass,-1.3134,8.0
constrained_ols_av,pass,-0.8681,2.0
constrained_ols_av,pass,1.3585,0.0
constrained_ols_av,pass,-1.3134,5.0
constrained_ols_av,pass,0.4679,3.0
constrained_ols_av,pass,-0.8681,7.0
constrained_ols_av,pass,0.0226,3.0
constrained_ols_av,pass,-0.4227,0.0
constrained_ols_av,pass,-0.4227,0.0
constrained_ols_av,pass,-0.8681,0.0
constrained_ols_av,pass,0.0226,0.0
constrained_ols_av,pass,-0.8681,2.0
constrained_ols_av,pass,0.4679,3.0
constrained_ols_av,pass,-0.8681,7.0
constrained_ols_av,pass,-0.4227,3.0
constrained_ols_av,pass,-0.8681,2.0
constrained_ols_av,pass,-0.4227,8.0
constrained_ols_av,pass,-0.8681,2.0
constrained_ols_av,pass,0.4679,7.0
constrained_ols_av,pass,-0.8681,4.0
constrained_ols_av,pass,0.4679,0.0
constrained_ols_av,pass,-0.8681,4.0
constrained_ols_av,pass,-0.4227,6.0
constrained_ols_av,pass,-0.8681,4.0
constrained_ols_av,pass,-0.8681,7.0
constrained_ols_av,pass,-0.4227,4.0
constrained_ols_av,pass,0.4679,6.0
constrained_ols_av,pass,-0.8681,3.0
constrained_ols_av,pass,0.4679,7.0
constrained_ols_av,pass,-0.4227,3.0
constrained_ols_av,pass,-0.8681,7.0
constrained_ols_av,pass,-0.8681,2.0
constrained_ols_av,pass,0.0226,8.0
constrained_ols_av,pass,-0.4227,2.0
constrained_ols_av,pass,-0.4227,5.0
constrained_ols_av,pass,-0.4227,7.0
constrained_ols_av,pass,0.4679,3.0
constrained_ols_av,pass,-0.8681,7.0
constrained_ols_av,pass,-0.8681,3.0
constrained_ols_av,pass,-0.4227,6.0
constrained_ols_av,pass,-0.4227,4.0
constrained_ols_av,pass,-0.8681,6.0
constrained_ols_av,pass,0.0226,0.0
constrained_ols_av,pass,0.4679,7.0
constrained_ols_av,pass,-0.8681,3.0
constrained_ols_av,pass,-0.4227,0.0
constrained_ols_av,pass,-0.8681,3.0
constrained_ols_av,pass,0.0226,8.0
constrained_ols_av,pass,0.0226,2.0
constrained_ols_av,pass,-1.3134,0.0
constrained_ols_av,pass,-0.4227,2.0
constrained_ols_av,pass,0.4679,2.0
constrained_ols_av,pass,-0.4227,5.0
constrained_ols_av,pass,-1.3134,2.0
constrained_ols_av,pass,-0.4227,8.0
constrained_ols_av,pass,0.4679,0.0
constrained_ols_av,pass,-0.8681,1.0
constrained_ols_av,pass,-0.4227,9.0
constrained_ols_av,pass,-0.8681,1.0
constrained_ols_av,pass,-1.3134,0.0
constrained_ols_av,pass,0.4679,0.0
constrained_ols_av,pass,0.0226,0.0
constrained_ols_av,pass,-0.8681,0.0
constrained_ols_av,pass,-0.4227,0.0
constrained_ols_av,pass,-1.3134,5.0
constrained_ols_av,pass,0.4679,5.0
constrained_ols_av,pass,-0.4227,5.0
constrained_ols_av,pass,0.0226,0.0
constrained_ols_av,pass,0.0226,1.0
constrained_ols_av,pass,-0.8681,9.0
constrained_ols_av,pass,-0.8681,1.0
constrained_ols_av,pass,-0.4227,0.0
constrained_ols_av,pass,-0.8681,0.0
constrained_ols_av,pass,-0.4227,0.0
constrained_ols_av,pass,0.0226,0.0
constrained_ols_av,pass,-0.8681,4.0
constrained_ols_av,pass,0.4679,0.0
constrained_ols_av,pass,-0.4227,4.0
constrained_ols_av,pass,-0.8681,6.0
constrained_ols_av,pass,0.0226,9.0
constrained_ols_av,pass,-0.8681,1.0
constrained_ols_av,pass,-0.4227,5.0
constrained_ols_av,pass,-0.4227,1.0
constrained_ols_av,pass,-0.4227,4.0
constrained_ols_av,pass,0.9132,4.0
constrained_ols_av,pass,-1.3134,6.0
constrained_ols_av,pass,-0.8681,4.0
constrained_ols_av,pass,-0.4227,5.0
constrained_ols_av,pass,-0.8681,2.0
constrained_ols_av,pass,0.0226,5.0
constrained_ols_av,pass,-0.4227,5.0
constrained_ols_av,pass,-0.4227,4.0
constrained_ols_av,pass,0.0226,2.0
constrained_ols_av,pass,-0.8681,8.0
constrained_ols_av,pass,-0.4227,2.0
constrained_ols_av,pass,-0.4227,4.0
constrained_ols_av,pass,-0.8681,4.0
constrained_ols_av,pass,0.9132,4.0
constrained_ols_av,pass,-1.3134,6.0
constrained_ols_av,pass,-0.4227,6.0
constrained_ols_av,pass,-0.8681,4.0
constrained_ols_av,pass,-0.4227,0.0
constrained_ols_av,pass,0.0226,4.0
constrained_ols_av,pass,-0.8681,0.0
constrained_ols_av,pass,-0.4227,0.0
constrained_ols_av,pass,-0.4227,0.0
constrained_ols_av,pass,0.0226,10.0
constrained_ols_av,pass,-0.4227,0.0
constrained_ols_av,pass,0.0226,4.0
constrained_ols_av,pass,-0.8681,6.0
constrained_ols_av,pass,-0.4227,4.0
constrained_ols_av,pass,-0.8681,7.0
constrained_ols_av,pass,-0.4227,3.0
constrained_ols_av,pass,-0.4227,0.0
constrained_ols_av,pass,0.0226,3.0
constrained_ols_av,pass,-0.4227,0.0
constrained_ols_av,pass,0.0226,0.0
constrained_ols_av,pass,-0.8681,0.0
constrained_ols_av,pass,-0.4227,0.0
constrained_ols_av,pass,0.0226,5.0
constrained_ols_av,pass,-1.3134,0.0
constrained_ols_av,pass,0.4679,5.0
constrained_ols_av,pass,-0.8681,5.0
constrained_ols_av,pass,-0.4227,6.0
constrained_ols_av,pass,-0.8681,4.0
constrained_ols_av,pass,-0.4227,5.0
constrained_ols_av,pass,0.0226,4.0
constrained_ols_av,pass,0.0226,0.0
constrained_ols_av,pass,-0.8681,3.0
constrained_ols_av,pass,-0.8681,7.0
constrained_ols_av,pass,0.0226,3.0
constrained_ols_av,pass,-0.4227,1.0
constrained_ols_av,pass,-0.8681,9.0
constrained_ols_av,pass,-1.3134,1.0
constrained_ols_av,pass,0.9132,0.0
constrained_ols_av,pass,-1.3134,8.0
constrained_ols_av,pass,0.4679,2.0
constrained_ols_av,pass,0.0226,0.0
constrained_ols_av,pass,-0.8681,2.0
constrained_ols_av,pass,-0.8681,4.0
constrained_ols_av,pass,0.4679,6.0
constrained_ols_av,pass,-0.4227,4.0
constrained_ols_av,pass,-0.8681,0.0
constrained_ols_av,pass,0.4679,8.0
constrained_ols_av,pass,0.0226,2.0
constrained_ols_av,pass,-0.8681,8.0
constrained_ols_av,pass,-1.3134,2.0
constrained_ols_av,pass,-0.8681,3.0
constrained_ols_av,pass,-0.4227,7.0
constrained_ols_av,pass,0.0226,3.0
constrained_ols_av,pass,-0.4227,0.0
constrained_ols_av,pass,-0.8681,5.0
constrained_ols_av,pass,0.0226,5.0
constrained_ols_av,pass,-0.4227,5.0
constrained_ols_av,pass,-0.4227,0.0
constrained_ols_av,pass,-0.4227,6.0
constrained_ols_av,pass,-0.4227,4.0
constrained_ols_av,pass,-0.8681,6.0
constrained_ols_av,pass,0.0226,0.0
constrained_ols_av,pass,0.9132,2.0
constrained_ols_av,pass,-0.8681,8.0
constrained_ols_av,pass,-0.8681,2.0
constrained_ols_av,pass,-0.8681,2.0
constrained_ols_av,pass,-0.8681,2.0
constrained_ols_av,pass,0.0226,8.0
constrained_ols_av,pass,-1.3134,2.0
constrained_ols_av,pass,0.4679,0.0
constrained_ols_av,pass,-0.4227,4.0
constrained_ols_av,pass,-0.4227,6.0
constrained_ols_av,pass,-0.8681,3.0
constrained_ols_av,pass,0.0226,6.0
constrained_ols_av,pass,-0.4227,0.0
constrained_ols_av,pass,-0.4227,3.0
constrained_ols_av,pass,-0.4227,7.0
constrained_ols_av,pass,-0.4227,3.0
constrained_ols_av,pass,0.0226,5.0
constrained_ols_av,pass,-1.3134,5.0
constrained_ols_av,pass,-0.8681,5.0
constrained_ols_av,pass,0.4679,6.0
constrained_ols_av,pass,0.0226,8.0
constrained_ols_av,pass,-0.4227,2.0
constrained_ols_av,pass,-1.3134,6.0
constrained_ols_av,pass,0.0226,2.0
constrained_ols_av,pass,-0.8681,8.0
constrained_ols_av,pass,-0.4227,2.0
constrained_ols_av,pass,-0.4227,5.0
constrained_ols_av,pass,0.0226,2.0
constrained_ols_av,pass,0.0226,4.0
constrained_ols_av,pass,-0.4227,6.0
constrained_ols_av,pass,-0.8681,4.0
constrained_ols_av,pass,-0.4227,5.0
constrained_ols_av,pass,-0.4227,1.0
constrained_ols_av,pass,-0.8681,9.0
constrained_ols_av,pass,-0.8681,1.0
constrained_ols_av,pass,0.4679,8.0
constrained_ols_av,pass,-0.8681,3.0
constrained_ols_av,pass,0.9132,7.0
constrained_ols_av,pass,-1.3134,3.0
constrained_ols_av,pass,-0.4227,5.0
constrained_ols_av,pass,-1.3134,4.0
constrained_ols_av,pass,-0.4227,6.0
constrained_ols_av,pass,-0.8681,0.0
constrained_ols_av,pass,0.9132,6.0
constrained_ols_av,pass,-0.4227,0.0
constrained_ols_av,pass,-0.4227,0.0
constrained_ols_av,pass,-0.8681,0.0
constrained_ols_av,pass,0.0226,0.0
constrained_ols_av,pass,-1.3134,5.0
constrained_ols_av,pass,0.0226,6.0
constrained_ols_av,pass,-0.8681,5.0
constrained_ols_av,pass,0.4679,5.0
constrained_ols_av,pass,-0.4227,3.0
constrained_ols_av,pass,-0.4227,7.0
constrained_ols_av,pass,0.0226,3.0
constrained_ols_av,pass,-0.8681,3.0
constrained_ols_av,pass,0.0226,3.0
constrained_ols_av,pass,-1.3134,0.0
constrained_ols_av,pass,0.0226,3.0
constrained_ols_av,pass,-0.4227,7.0
constrained_ols_av,pass,-0.4227,1.0
constrained_ols_av,pass,0.0226,9.0
constrained_ols_av,pass,-0.8681,1.0
constrained_ols_av,pass,-0.4227,4.0
constrained_ols_av,pass,-0.4227,7.0
constrained_ols_av,pass,-0.4227,3.0
constrained_ols_av,pass,-0.8681,0.0
constrained_ols_av,pass,0.0226,3.0
constrained_ols_av,pass,-0.4227,8.0
constrained_ols_av,pass,0.4679,2.0
constrained_ols_av,pass,-0.4227,0.0
constrained_ols_av,pass,-1.3134,2.0
constrained_ols_av,pass,0.0226,9.0
constrained_ols_av,pass,-0.8681,3.0
constrained_ols_av,pass,-0.4227,7.0
constrained_ols_av,pass,-0.4227,3.0
constrained_ols_av,pass,-0.4227,2.0
constrained_ols_av,pass,0.0226,8.0
constrained_ols_av,pass,0.0226,2.0
constrained_ols_av,pass,-1.3134,5.0
constrained_ols_av,pass,-0.8681,4.0
constrained_ols_av,pass,0.0226,3.0
constrained_ols_av,pass,-0.8681,4.0
constrained_ols_av,pass,0.0226,6.0
constrained_ols_av,pass,-0.8681,2.0
constrained_ols_av,pass,-0.4227,8.0
constrained_ols_av,pass,0.0226,2.0
constrained_ols_av,pass,-0.4227,5.0
constrained_ols_av,pass,-0.4227,7.0
constrained_ols_av,pass,-0.4227,3.0
constrained_ols_av,pass,0.0226,0.0
constrained_ols_av,pass,-0.8681,3.0
constrained_ols_av,pass,0.0226,5.0
constrained_ols_av,pass,-0.4227,4.0
constrained_ols_av,pass,-0.4227,6.0
constrained_ols_av,pass,-0.8681,4.0
constrained_ols_av,pass,-0.4227,0.0
constrained_ols_av,pass,0.4679,0.0
constrained_ols_av,pass,-0.4227,0.0
constrained_ols_av,pass,-1.3134,0.0
constrained_ols_av,pass,-0.8681,3.0
constrained_ols_av,pass,-0.4227,7.0
constrained_ols_av,pass,0.0226,5.0
constrained_ols_av,pass,-0.4227,7.0
constrained_ols_av,pass,0.0226,0.0
constrained_ols_av,pass,-0.4227,0.0
constrained_ols_av,pass,-0.4227,0.0
constrained_ols_av,pass,-0.8681,0.0
constrained_ols_av,pass,-0.4227,1.0
constrained_ols_av,pass,-0.8681,9.0
constrained_ols_av,pass,0.4679,1.0
constrained_ols_av,pass,-0.8681,0.0
constrained_ols_av,pass,-0.4227,5.0
constrained_ols_av,pass,-0.4227,5.0
constrained_ols_av,pass,0.0226,5.0
constrained_ols_av,pass,-0.8681,0.0
constrained_ols_av,pass,-0.8681,7.0
constrained_ols_av,pass,-0.8681,3.0
constrained_ols_av,pass,0.0226,0.0
constrained_ols_av,pass,0.0226,3.0
constrained_ols_av,pass,0.0226,7.0
constrained_ols_av,pass,-1.3134,3.0
constrained_ols_av,pass,0.4679,7.0
constrained_ols_av,pass,-0.8681,3.0
constrained_ols_av,pass,-0.8681,0.0
constrained_ols_av,pass,0.0226,0.0
constrained_ols_av,pass,-0.8681,0.0
constrained_ols_av,pass,0.0226,0.0
constrained_ols_av,pass,-1.3134,2.0
constrained_ols_av,pass,-0.4227,8.0
constrained_ols_av,pass,-0.8681,2.0
constrained_ols_av,pass,0.9132,2.0
constrained_ols_av,pass,-0.8681,3.0
constrained_ols_av,pass,0.4679,7.0
constrained_ols_av,pass,-0.4227,3.0
constrained_ols_av,pass,-0.8681,0.0
constrained_ols_av,pass,-1.3134,0.0
constrained_ols_av,pass,0.0226,10.0
constrained_ols_av,pass,-1.3134,0.0
constrained_ols_av,pass,0.9132,0.0
constrained_ols_av,pass,-0.8681,6.0
constrained_ols_av,pass,0.0226,4.0
constrained_ols_av,pass,0.4679,0.0
constrained_ols_av,pass,-1.3134,4.0
constrained_ols_av,pass,-0.8681,0.0
constrained_ols_av,pass,0.0226,0.0
constrained_ols_av,pass,-0.4227,0.0
constrained_ols_av,pass,-0.4227,0.0
constrained_ols_av,pass,-0.8681,3.0
constrained_ols_av,pass,-0.8681,4.0
constrained_ols_av,pass,-0.4227,6.0
constrained_ols_av,pass,0.4679,4.0
constrained_ols_av,pass,0.0226,0.0
constrained_ols_av,pass,-0.4227,0.0
constrained_ols_av,pass,0.0226,0.0
constrained_ols_av,pass,-1.3134,0.0
constrained_ols_av,pass,-1.3134,0.0
constrained_ols_av,pass,0.4679,4.0
constrained_ols_av,pass,-0.4227,6.0
constrained_ols_av,pass,-0.4227,4.0
constrained_ols_av,pass,-0.8681,1.0
constrained_ols_av,pass,0.0226,1.0
constrained_ols_av,pass,0.0226,9.0
constrained_ols_av,pass,-0.8681,1.0
constrained_ols_av,pass,-0.4227,5.0
constrained_ols_av,pass,-1.3134,5.0
constrained_ols_av,pass,0.4679,5.0
constrained_ols_av,pass,-0.4227,2.0
constrained_ols_av,pass,-0.4227,0.0
constrained_ols_av,pass,-0.8681,0.0
constrained_ols_av,pass,0.0226,0.0
constrained_ols_av,pass,-0.4227,0.0
constrained_ols_av,pass,-0.4227,3.0
constrained_ols_av,pass,-0.8681,7.0
constrained_ols_av,pass,-0.8681,3.0
constrained_ols_av,pass,0.4679,0.0
constrained_ols_av,pass,-0.8681,5.0
constrained_ols_av,pass,-0.8681,5.0
constrained_ols_av,pass,-0.4227,5.0
constrained_ols_av,pass,0.4679,5.0
constrained_ols_av,pass,0.0226,0.0
constrained_ols_av,pass,-0.4227,0.0
constrained_ols_av,pass,-0.8681,0.0
constrained_ols_av,pass,-0.4227,0.0
constrained_ols_av,pass,-0.4227,1.0
constrained_ols_av,pass,-0.4227,9.0
constrained_ols_av,pass,-0.4227,1.0
constrained_ols_av,pass,-0.4227,0.0
constrained_ols_av,pass,-0.4227,7.0
constrained_ols_av,pass,0.0226,3.0
constrained_ols_av,pass,-0.8681,0.0
constrained_ols_av,pass,-0.4227,3.0
constrained_ols_av,pass,0.9132,2.0
constrained_ols_av,pass,-0.8681,2.0
constrained_ols_av,pass,-0.8681,2.0
constrained_ols_av,pass,-0.8681,8.0
constrained_ols_av,pass,-0.4227,7.0
constrained_ols_av,pass,-0.8681,3.0
constrained_ols_av,pass,0.0226,0.0
constrained_ols_av,pass,-0.4227,3.0
constrained_ols_av,pass,-0.8681,6.0
constrained_ols_av,pass,-0.4227,4.0
constrained_ols_av,pass,-0.8681,0.0
constrained_ols_av,pass,0.4679,4.0
constrained_ols_av,pass,-0.8681,0.0
constrained_ols_av,pass,-0.4227,0.0
constrained_ols_av,pass,-0.8681,0.0
constrained_ols_av,pass,0.4679,0.0
constrained_ols_av,pass,-0.8681,4.0
constrained_ols_av,pass,-0.4227,0.0
constrained_ols_av,pass,0.0226,4.0
constrained_ols_av,pass,-0.4227,6.0
constrained_ols_av,pass,-0.4227,4.0
constrained_ols_av,pass,0.0226,0.0
constrained_ols_av,pass,-0.8681,4.0
constrained_ols_av,pass,-0.4227,6.0
constrained_ols_av,pass,-0.4227,3.0
constrained_ols_av,pass,0.0226,0.0
constrained_ols_av,pass,-0.8681,3.0
constrained_ols_av,pass,-0.4227,7.0
constrained_ols_av,pass,-0.8681,2.0
constrained_ols_av,pass,-0.4227,8.0
constrained_ols_av,pass,-0.4227,2.0
constrained_ols_av,pass,0.0226,0.0
constrained_ols_av,pass,-0.8681,4.0
constrained_ols_av,pass,0.0226,4.0
constrained_ols_av,pass,0.0226,6.0
constrained_ols_av,pass,-0.8681,4.0
constrained_ols_av,pass,-0.4227,0.0
constrained_ols_av,pass,0.0226,0.0
constrained_ols_av,pass,-1.3134,0.0
constrained_ols_av,pass,0.0226,0.0
constrained_ols_av,pass,-0.8681,0.0
constrained_ols_av,pass,0.0226,0.0
constrained_ols_av,pass,-1.3134,0.0
constrained_ols_av,pass,0.4679,0.0
constrained_ols_av,pass,-1.3134,3.0
constrained_ols_av,pass,-0.4227,3.0
constrained_ols_av,pass,0.9132,2.0
constrained_ols_av,pass,-0.8681,7.0
constrained_ols_av,pass,0.4679,3.0
constrained_ols_av,pass,-0.4227,7.0
constrained_ols_av,pass,-0.8681,3.0
constrained_ols_av,pass,-0.8681,3.0
constrained_ols_av,pass,-0.8681,3.0
constrained_ols_av,pass,-0.4227,3.0
constrained_ols_av,pass,0.0226,7.0
constrained_ols_av,pass,-0.4227,3.0
constrained_ols_av,pass,0.9132,5.0
constrained_ols_av,pass,-0.8681,6.0
constrained_ols_av,pass,-0.8681,5.0
constrained_ols_av,pass,-0.8681,5.0
constrained_ols_av,pass,-0.8681,4.0
constrained_ols_av,pass,-0.8681,6.0
constrained_ols_av,pass,0.0226,4.0
constrained_ols_av,pass,0.0226,0.0
constrained_ols_av,pass,-0.8681,5.0
constrained_ols_av,pass,-0.4227,5.0
constrained_ols_av,pass,-0.4227,4.0
constrained_ols_av,pass,0.0226,5.0
constrained_ols_av,pass,-0.4227,4.0
constrained_ols_av,pass,-0.8681,6.0
constrained_ols_av,pass,-0.4227,4.0
constrained_ols_av,pass,0.0226,0.0
constrained_ols_av,pass,-1.3134,1.0
constrained_ols_av,pass,0.0226,9.0
constrained_ols_av,pass,-0.4227,1.0
constrained_ols_av,pass,0.0226,2.0
constrained_ols_av,pass,0.4679,0.0
constrained_ols_av,pass,-0.8681,0.0
constrained_ols_av,pass,-1.3134,0.0
constrained_ols_av,pass,0.0226,0.0
constrained_ols_av,pass,0.4679,0.0
constrained_ols_av,pass,-1.3134,0.0
constrained_ols_av,pass,-0.8681,0.0
constrained_ols_av,pass,0.0226,0.0
constrained_ols_av,pass,-0.4227,0.0
constrained_ols_av,pass,-0.4227,0.0
constrained_ols_av,pass,-0.4227,0.0
constrained_ols_av,pass,-0.4227,0.0
constrained_ols_av,pass,0.0226,4.0
constrained_ols_av,pass,-0.4227,0.0
constrained_ols_av,pass,0.0226,4.0
constrained_ols_av,pass,-1.3134,6.0
constrained_ols_av,pass,-0.4227,0.0
constrained_ols_av,pass,0.0226,5.0
constrained_ols_av,pass,-0.4227,5.0
constrained_ols_av,pass,-0.8681,5.0
constrained_ols_av,pass,-0.8681,3.0
constrained_ols_av,pass,-0.8681,7.0
constrained_ols_av,pass,-0.8681,3.0
constrained_ols_av,pass,0.9132,0.0
constrained_ols_av,pass,-0.8681,7.0
constrained_ols_av,pass,-0.8681,3.0
constrained_ols_av,pass,0.4679,4.0
constrained_ols_av,pass,-0.4227,3.0
constrained_ols_av,pass,-0.8681,2.0
constrained_ols_av,pass,-0.8681,8.0
constrained_ols_av,pass,-0.8681,2.0
constrained_ols_av,pass,0.9132,0.0
constrained_ols_av,pass,-0.4227,4.0
constrained_ols_av,pass,0.0226,6.0
constrained_ols_av,pass,-0.4227,4.0
constrained_ols_av,pass,-0.8681,0.0
constrained_ols_av,pass,-0.4227,3.0
constrained_ols_av,pass,-1.3134,7.0
constrained_ols_av,pass,0.0226,3.0
constrained_ols_av,pass,0.0226,0.0
constrained_ols_av,pass,-0.4227,4.0
constrained_ols_av,pass,-0.8681,5.0
constrained_ols_av,pass,-0.4227,4.0
constrained_ols_av,pass,0.0226,6.0
constrained_ols_av,pass,0.4679,1.0
constrained_ols_av,pass,-0.4227,9.0
constrained_ols_av,pass,-1.3134,1.0
constrained_ols_av,pass,-0.4227,5.0
constrained_ols_av,pass,-0.4227,6.0
constrained_ols_av,pass,0.0226,4.0
constrained_ols_av,pass,-0.8681,0.0
constrained_ols_av,pass,-0.4227,4.0
constrained_ols_av,pass,-0.8681,0.0
constrained_ols_av,pass,-0.4227,0.0
constrained_ols_av,pass,-0.8681,0.0
constrained_ols_av,pass,0.4679,0.0
constrained_ols_av,pass,-0.4227,5.0
constrained_ols_av,pass,-0.4227,5.0
constrained_ols_av,pass,-0.4227,7.0
constrained_ols_av,pass,-0.4227,5.0
constrained_ols_av,pass,-0.8681,3.0
constrained_ols_av,pass,-0.4227,6.0
constrained_ols_av,pass,0.0226,4.0
constrained_ols_av,pass,-0.4227,6.0
constrained_ols_av,pass,-1.3134,3.0
constrained_ols_av,pass,-0.4227,4.0
constrained_ols_av,pass,0.0226,6.0
constrained_ols_av,pass,0.0226,4.0
constrained_ols_av,pass,-0.4227,4.0
constrained_ols_av,pass,-0.8681,3.0
constrained_ols_av,pass,0.4679,4.0
constrained_ols_av,pass,-0.8681,6.0
constrained_ols_av,pass,0.0226,3.0
constrained_ols_av,pass,-0.8681,7.0
constrained_ols_av,pass,-1.3134,3.0
constrained_ols_av,pass,0.4679,7.0
constrained_ols_av,pass,0.4679,0.0
constrained_ols_av,pass,-0.8681,0.0
constrained_ols_av,pass,-1.3134,0.0
constrained_ols_av,pass,0.0226,0.0
constrained_ols_av,pass,-0.4227,0.0
constrained_ols_av,pass,-0.4227,3.0
constrained_ols_av,pass,0.0226,7.0
constrained_ols_av,pass,-0.8681,3.0
constrained_ols_av,pass,-0.4227,2.0
constrained_ols_av,pass,-0.8681,8.0
constrained_ols_av,pass,-1.3134,2.0
constrained_ols_av,pass,0.9132,4.0
constrained_ols_av,pass,-0.8681,4.0
constrained_ols_av,pass,-0.4227,6.0
constrained_ols_av,pass,0.0226,4.0
constrained_ols_av,pass,-0.4227,6.0
constrained_ols_av,pass,0.0226,6.0
constrained_ols_av,pass,0.0226,5.0
constrained_ols_av,pass,-0.8681,5.0
constrained_ols_av,pass,-0.8681,5.0
constrained_ols_av,pass,0.0226,2.0
constrained_ols_av,pass,-0.8681,5.0
constrained_ols_av,pass,-0.4227,5.0
constrained_ols_av,pass,-0.4227,5.0
constrained_ols_av,pass,-0.4227,0.0
constrained_ols_av,pass,-1.3134,0.0
constrained_ols_av,pass,0.0226,0.0
constrained_ols_av,pass,0.0226,0.0
constrained_ols_av,pass,-0.4227,5.0
constrained_ols_av,pass,0.0226,5.0
constrained_ols_av,pass,-0.4227,0.0
constrained_ols_av,pass,-0.8681,5.0
constrained_ols_av,pass,-0.8681,0.0
constrained_ols_av,pass,0.4679,0.0
constrained_ols_av,pass,-0.4227,0.0
constrained_ols_av,pass,-0.8681,0.0
constrained_ols_av,pass,-1.3134,7.0
constrained_ols_av,pass,-0.8681,3.0
constrained_ols_av,pass,0.0226,0.0
constrained_ols_av,pass,0.4679,3.0
constrained_ols_av,pass,0.0226,5.0
constrained_ols_av,pass,-0.8681,0.0
constrained_ols_av,pass,-0.4227,5.0
constrained_ols_av,pass,-0.4227,5.0
constrained_ols_av,pass,-0.4227,4.0
constrained_ols_av,pass,-0.4227,0.0
constrained_ols_av,pass,-1.3134,4.0
constrained_ols_av,pass,0.4679,6.0
constrained_ols_av,pass,-0.8681,4.0
constrained_ols_av,pass,-0.4227,6.0
constrained_ols_av,pass,0.4679,4.0
constrained_ols_av,pass,-0.8681,0.0
constrained_ols_av,pass,-0.4227,4.0
constrained_ols_av,pass,-0.8681,0.0
constrained_ols_av,pass,0.0226,4.0
constrained_ols_av,pass,-0.4227,6.0
constrained_ols_av,pass,-0.4227,0.0
constrained_ols_av,pass,-0.4227,0.0
constrained_ols_av,pass,0.0226,0.0
constrained_ols_av,pass,-0.8681,0.0
constrained_ols_av,pass,-0.4227,2.0
constrained_ols_av,pass,0.4679,5.0
constrained_ols_av,pass,-0.4227,5.0
constrained_ols_av,pass,-1.3134,5.0
constrained_ols_av,pass,0.4679,2.0
constrained_ols_av,pass,-1.3134,5.0
constrained_ols_av,pass,-0.8681,7.0
constrained_ols_av,pass,0.0226,3.0
constrained_ols_av,pass,-0.4227,6.0
constrained_ols_av,pass,-0.8681,6.0
constrained_ols_av,pass,0.0226,4.0
constrained_ols_av,pass,-0.4227,6.0
constrained_ols_av,pass,0.0226,3.0
constrained_ols_av,pass,-0.4227,7.0
constrained_ols_av,pass,-0.8681,3.0
constrained_ols_av,pass,-0.4227,5.0
constrained_ols_av,pass,0.0226,0.0
constrained_ols_av,pass,-1.3134,0.0
constrained_ols_av,pass,-0.4227,0.0
constrained_ols_av,pass,0.0226,0.0
constrained_ols_av,pass,-0.8681,2.0
constrained_ols_av,pass,0.0226,0.0
constrained_ols_av,pass,-0.4227,2.0
constrained_ols_av,pass,-0.4227,8.0
constrained_ols_av,pass,0.0226,2.0
constrained_ols_av,pass,0.0226,0.0
constrained_ols_av,pass,-1.3134,2.0
constrained_ols_av,pass,-0.4227,8.0
constrained_ols_av,pass,-0.4227,6.0
constrained_ols_av,pass,0.0226,4.0
constrained_ols_av,pass,-0.8681,6.0
constrained_ols_av,pass,-0.4227,4.0
constrained_ols_av,pass,0.0226,0.0
constrained_ols_av,pass,-0.8681,4.0
constrained_ols_av,pass,-0.4227,6.0
constrained_ols_av,pass,-0.4227,4.0
constrained_ols_av,pass,-0.4227,4.0
constrained_ols_av,pass,-0.4227,0.0
constrained_ols_av,pass,-0.4227,4.0
constrained_ols_av,pass,-0.4227,6.0
constrained_ols_av,pass,-0.4227,0.0
constrained_ols_av,pass,-0.4227,0.0
constrained_ols_av,pass,-0.4227,0.0
constrained_ols_av,pass,-0.4227,0.0
constrained_ols_av,pass,-0.4227,5.0
constrained_ols_av,pass,0.0226,0.0
constrained_ols_av,pass,-0.4227,5.0
constrained_ols_av,pass,-0.8681,5.0
constrained_ols_av,pass,-0.4227,0.0
constrained_ols_av,pass,-0.4227,0.0
constrained_ols_av,pass,-0.4227,0.0
constrained_ols_av,pass,-0.4227,0.0
constrained_ols_av,pass,0.0226,5.0
constrained_ols_av,pass,-0.8681,0.0
constrained_ols_av,pass,0.0226,5.0
constrained_ols_av,pass,-0.8681,5.0
constrained_ols_av,pass,-0.4227,2.0
constrained_ols_av,pass,-0.8681,4.0
constrained_ols_av,pass,-0.4227,2.0
constrained_ols_av,pass,0.0226,8.0
constrained_ols_av,pass,-0.4227,4.0
constrained_ols_av,pass,-0.8681,6.0
constrained_ols_av,pass,-0.4227,5.0
constrained_ols_av,pass,0.0226,6.0
constrained_ols_av,pass,-0.4227,10.0
constrained_ols_av,pass,-0.8681,0.0
constrained_ols_av,pass,0.0226,0.0
constrained_ols_av,pass,-0.4227,0.0
constrained_ols_av,pass,-0.4227,2.0
constrained_ols_av,pass,-0.4227,8.0
constrained_ols_av,pass,-0.4227,2.0
constrained_ols_av,pass,-0.4227,9.0
constrained_ols_av,pass,-0.4227,4.0
constrained_ols_av,pass,0.0226,0.0
constrained_ols_av,pass,-0.4227,4.0
constrained_ols_av,pass,-0.8681,6.0
constrained_ols_av,pass,0.4679,5.0
constrained_ols_av,pass,0.0226,5.0
constrained_ols_av,pass,-1.3134,0.0
constrained_ols_av,pass,-0.8681,5.0
constrained_ols_av,pass,-0.8681,0.0
constrained_ols_av,pass,-0.8681,0.0
constrained_ols_av,pass,0.0226,0.0
constrained_ols_av,pass,0.0226,0.0
constrained_ols_av,pass,-0.4227,5.0
constrained_ols_av,pass,-0.4227,0.0
constrained_ols_av,pass,-0.4227,5.0
constrained_ols_av,pass,-0.4227,5.0
constrained_ols_av,pass,0.4679,4.0
constrained_ols_av,pass,-0.4227,0.0
constrained_ols_av,pass,-0.8681,4.0
constrained_ols_av,pass,-0.8681,6.0
constrained_ols_av,pass,-0.4227,7.0
constrained_ols_av,pass,-0.4227,3.0
constrained_ols_av,pass,-0.8681,5.0
constrained_ols_av,pass,0.0226,3.0
constrained_ols_av,pass,-0.4227,4.0
constrained_ols_av,pass,-0.4227,6.0
constrained_ols_av,pass,-0.4227,4.0
constrained_ols_av,pass,-0.4227,6.0
constrained_ols_av,pass,-0.4227,6.0
constrained_ols_av,pass,-0.8681,2.0
constrained_ols_av,pass,0.4679,8.0
constrained_ols_av,pass,-0.8681,2.0
constrained_ols_av,pass,-0.8681,3.0
constrained_ols_av,pass,-1.3134,7.0
constrained_ols_av,pass,0.4679,3.0
constrained_ols_av,pass,0.0226,0.0
constrained_ols_av,pass,0.0226,4.0
constrained_ols_av,pass,-0.4227,3.0
constrained_ols_av,pass,-0.8681,4.0
constrained_ols_av,pass,-0.4227,6.0
constrained_ols_av,pass,-0.4227,6.0
constrained_ols_av,pass,-0.8681,3.0
constrained_ols_av,pass,-0.4227,7.0
constrained_ols_av,pass,0.0226,3.0
constrained_ols_av,pass,0.0226,0.0
constrained_ols_av,pass,0.0226,0.0
constrained_ols_av,pass,-0.4227,0.0
constrained_ols_av,pass,-1.3134,0.0
constrained_ols_av,pass,-0.8681,4.0
constrained_ols_av,pass,-0.4227,6.0
constrained_ols_av,pass,0.0226,4.0
constrained_ols_av,pass,-0.4227,0.0
constrained_ols_av,pass,-0.8681,2.0
constrained_ols_av,pass,-0.8681,8.0
constrained_ols_av,pass,0.0226,2.0
constrained_ols_av,pass,0.0226,0.0
constrained_ols_av,pass,-0.8681,2.0
constrained_ols_av,pass,-0.4227,0.0
constrained_ols_av,pass,0.4679,2.0
constrained_ols_av,pass,-0.8681,8.0
constrained_ols_av,pass,0.0226,2.0
constrained_ols_av,pass,-1.3134,8.0
constrained_ols_av,pass,-0.4227,2.0
constrained_ols_av,pass,0.0226,2.0
constrained_ols_av,pass,-0.4227,2.0
constrained_ols_av,pass,0.0226,8.0
constrained_ols_av,pass,-0.4227,2.0
constrained_ols_av,pass,-0.8681,8.0
constrained_ols_av,pass,-1.3134,8.0
constrained_ols_av,pass,0.4679,2.0
constrained_ols_av,pass,0.0226,3.0
constrained_ols_av,pass,-0.8681,2.0
constrained_ols_av,pass,-0.4227,4.0
constrained_ols_av,pass,-0.8681,3.0
constrained_ols_av,pass,0.0226,7.0
constrained_ols_av,pass,-0.4227,3.0
constrained_ols_av,pass,-1.3134,5.0
constrained_ols_av,pass,0.0226,8.0
constrained_ols_av,pass,0.0226,5.0
constrained_ols_av,pass,-0.4227,5.0
constrained_ols_av,pass,-1.3134,1.0
constrained_ols_av,pass,0.0226,5.0
constrained_ols_av,pass,-0.4227,1.0
constrained_ols_av,pass,0.0226,9.0
constrained_ols_av,pass,-0.4227,4.0
constrained_ols_av,pass,0.0226,0.0
constrained_ols_av,pass,-0.4227,4.0
constrained_ols_av,pass,-0.8681,6.0
constrained_ols_av,pass,-0.8681,5.0
constrained_ols_av,pass,0.0226,5.0
constrained_ols_av,pass,-0.4227,2.0
constrained_ols_av,pass,-0.4227,5.0
constrained_ols_av,pass,-1.3134,5.0
constrained_ols_av,pass,-0.8681,5.0
constrained_ols_av,pass,-0.4227,5.0
constrained_ols_av,pass,0.9132,0.0
constrained_ols_av,pass,0.0226,0.0
constrained_ols_av,pass,-0.4227,0.0
constrained_ols_av,pass,-0.8681,0.0
constrained_ols_av,pass,-0.4227,0.0
constrained_ols_av,pass,0.0226,0.0
constrained_ols_av,pass,-0.4227,0.0
constrained_ols_av,pass,-0.8681,0.0
constrained_ols_av,pass,-0.4227,0.0
constrained_ols_av,pass,0.4679,0.0
constrained_ols_av,pass,-0.4227,3.0
constrained_ols_av,pass,-0.8681,7.0
constrained_ols_av,pass,-0.8681,3.0
constrained_ols_av,pass,-0.4227,0.0
constrained_ols_av,pass,0.0226,0.0
constrained_ols_av,pass,-0.8681,0.0
constrained_ols_av,pass,-0.4227,0.0
constrained_ols_av,pass,-0.8681,2.0
constrained_ols_av,pass,0.0226,1.0
constrained_ols_av,pass,0.0226,9.0
constrained_ols_av,pass,-0.8681,1.0
constrained_ols_av,pass,-0.8681,0.0
constrained_ols_av,pass,-0.4227,2.0
constrained_ols_av,pass,0.0226,8.0
constrained_ols_av,pass,-0.4227,2.0
constrained_ols_av,pass,0.4679,4.0
constrained_ols_av,pass,-0.4227,3.0
constrained_ols_av,pass,-0.8681,7.0
constrained_ols_av,pass,-0.8681,3.0
constrained_ols_av,pass,0.0226,7.0
constrained_ols_av,pass,-0.4227,3.0
constrained_ols_av,pass,-0.4227,8.0
constrained_ols_av,pass,-0.8681,3.0
constrained_ols_av,pass,-0.8681,0.0
constrained_ols_av,pass,-0.4227,0.0
constrained_ols_av,pass,-0.8681,0.0
constrained_ols_av,pass,0.4679,0.0
constrained_ols_av,pass,0.0226,5.0
constrained_ols_av,pass,-0.8681,5.0
constrained_ols_av,pass,-0.4227,5.0
constrained_ols_av,pass,-0.4227,4.0
constrained_ols_av,pass,-0.8681,0.0
constrained_ols_av,pass,0.0226,4.0
constrained_ols_av,pass,0.0226,6.0
constrained_ols_av,pass,-0.8681,4.0
constrained_ols_av,pass,-0.8681,5.0
constrained_ols_av,pass,0.0226,5.0
constrained_ols_av,pass,-0.4227,0.0
constrained_ols_av,pass,-0.4227,5.0
constrained_ols_av,pass,-0.8681,4.0
constrained_ols_av,pass,-0.4227,6.0
constrained_ols_av,pass,-1.3134,5.0
constrained_ols_av,pass,0.9132,6.0
constrained_ols_av,pass,0.4679,6.0
constrained_ols_av,pass,-0.8681,0.0
constrained_ols_av,pass,-0.4227,6.0
constrained_ols_av,pass,-0.8681,4.0
constrained_ols_av,pass,0.4679,0.0
constrained_ols_av,pass,-0.4227,0.0
constrained_ols_av,pass,-1.3134,0.0
constrained_ols_av,pass,-0.4227,0.0
constrained_ols_av,pass,-0.8681,3.0
constrained_ols_av,pass,0.4679,6.0
constrained_ols_av,pass,-0.4227,3.0
constrained_ols_av,pass,-0.8681,5.0
constrained_ols_av,pass,-0.8681,0.0
constrained_ols_av,pass,-0.4227,0.0
constrained_ols_av,pass,-0.4227,0.0
constrained_ols_av,pass,0.0226,0.0
constrained_ols_av,pass,-0.8681,2.0
constrained_ols_av,pass,0.0226,8.0
constrained_ols_av,pass,-0.4227,2.0
constrained_ols_av,pass,-0.4227,5.0
constrained_ols_av,pass,0.4679,7.0
constrained_ols_av,pass,-1.3134,4.0
constrained_ols_av,pass,-0.8681,6.0
constrained_ols_av,pass,0.0226,4.0
constrained_ols_av,pass,-0.4227,4.0
constrained_ols_av,pass,-0.4227,0.0
constrained_ols_av,pass,-0.4227,4.0
constrained_ols_av,pass,-0.4227,6.0
constrained_ols_av,pass,-0.8681,5.0
constrained_ols_av,pass,-0.4227,5.0
constrained_ols_av,pass,-0.4227,5.0
constrained_ols_av,pass,0.0226,5.0
constrained_ols_av,pass,-1.3134,1.0
constrained_ols_av,pass,-0.4227,2.0
constrained_ols_av,pass,0.4679,8.0
constrained_ols_av,pass,-0.4227,2.0
constrained_ols_av,pass,0.4679,8.0
constrained_ols_av,pass,-1.3134,2.0
constrained_ols_av,pass,-0.8681,0.0
constrained_ols_av,pass,0.0226,2.0
constrained_ols_av,pass,-0.4227,3.0
constrained_ols_av,pass,-0.8681,7.0
constrained_ols_av,pass,-0.8681,3.0
constrained_ols_av,pass,0.4679,0.0
constrained_ols_av,pass,-0.8681,4.0
constrained_ols_av,pass,-0.4227,3.0
constrained_ols_av,pass,0.0226,7.0
constrained_ols_av,pass,-0.4227,3.0
constrained_ols_av,pass,-0.8681,0.0
constrained_ols_av,pass,-0.4227,0.0
constrained_ols_av,pass,0.0226,0.0
constrained_ols_av,pass,-0.4227,0.0
constrained_ols_av,pass,-0.4227,4.0
constrained_ols_av,pass,-0.4227,6.0
constrained_ols_av,pass,-1.3134,4.0
constrained_ols_av,pass,0.4679,0.0
constrained_ols_av,pass,0.4679,6.0
constrained_ols_av,pass,-0.8681,4.0
constrained_ols_av,pass,-1.3134,0.0
constrained_ols_av,pass,0.0226,4.0
constrained_ols_av,pass,0.0226,0.0
constrained_ols_av,pass,-0.4227,0.0
constrained_ols_av,pass,-1.3134,0.0
constrained_ols_av,pass,0.0226,0.0
constrained_ols_av,pass,0.0226,3.0
constrained_ols_av,pass,-1.3134,2.0
constrained_ols_av,pass,0.0226,8.0
constrained_ols_av,pass,-0.4227,2.0
constrained_ols_av,pass,0.4679,0.0
constrained_ols_av,pass,-0.8681,3.0
constrained_ols_av,pass,-0.8681,7.0
constrained_ols_av,pass,-0.4227,3.0
constrained_ols_av,pass,-0.8681,5.0
constrained_ols_av,pass,-0.8681,5.0
constrained_ols_av,pass,0.0226,0.0
constrained_ols_av,pass,0.0226,5.0
constrained_ols_av,pass,0.0226,0.0
constrained_ols_av,pass,-0.4227,0.0
constrained_ols_av,pass,-0.4227,0.0
constrained_ols_av,pass,-0.8681,0.0
constrained_ols_av,pass,0.0226,5.0
constrained_ols_av,pass,-0.8681,0.0
constrained_ols_av,pass,0.0226,5.0
constrained_ols_av,pass,-0.8681,5.0
constrained_ols_av,pass,0.0226,3.0
constrained_ols_av,pass,-0.8681,7.0
constrained_ols_av,pass,-1.3134,3.0
constrained_ols_av,pass,0.4679,4.0
constrained_ols_av,pass,-0.4227,0.0
constrained_ols_av,pass,-0.4227,4.0
constrained_ols_av,pass,-0.4227,6.0
constrained_ols_av,pass,-0.4227,4.0
constrained_ols_av,pass,-0.8681,3.0
constrained_ols_av,pass,0.0226,7.0
constrained_ols_av,pass,-0.8681,3.0
constrained_ols_av,pass,0.0226,0.0
constrained_ols_av,pass,-0.8681,0.0
constrained_ols_av,pass,-0.4227,0.0
constrained_ols_av,pass,0.4679,0.0
constrained_ols_av,pass,-0.8681,0.0
constrained_ols_av,pass,-0.8681,3.0
constrained_ols_av,pass,-0.4227,0.0
constrained_ols_av,pass,-0.4227,3.0
constrained_ols_av,pass,0.0226,7.0
constrained_ols_av,pass,-0.4227,3.0
constrained_ols_av,pass,-0.8681,7.0
constrained_ols_av,pass,-0.4227,3.0
constrained_ols_av,pass,0.0226,0.0
constrained_ols_av,pass,0.4679,2.0
constrained_ols_av,pass,-0.4227,8.0
constrained_ols_av,pass,-1.3134,2.0
constrained_ols_av,pass,-0.4227,6.0
constrained_ols_av,pass,0.4679,3.0
constrained_ols_av,pass,-0.4227,0.0
constrained_ols_av,pass,-0.8681,3.0
constrained_ols_av,pass,-0.8681,7.0
constrained_ols_av,pass,-0.4227,8.0
constrained_ols_av,pass,-1.3134,2.0
constrained_ols_av,pass,0.0226,0.0
constrained_ols_av,pass,0.0226,2.0
constrained_ols_av,pass,-0.8681,5.0
constrained_ols_av,pass,-0.4227,5.0
constrained_ols_av,pass,0.0226,0.0
constrained_ols_av,pass,-0.4227,5.0
constrained_ols_av,pass,-0.8681,0.0
constrained_ols_av,pass,-0.4227,4.0
constrained_ols_av,pass,0.0226,6.0
constrained_ols_av,pass,-0.4227,4.0
constrained_ols_av,pass,-0.4227,9.0
constrained_ols_av,pass,-0.8681,1.0
constrained_ols_av,pass,0.0226,0.0
constrained_ols_av,pass,-0.4227,1.0
constrained_ols_av,pass,-0.4227,2.0
constrained_ols_av,pass,-0.8681,3.0
constrained_ols_av,pass,-0.4227,7.0
constrained_ols_av,pass,0.0226,3.0
constrained_ols_av,pass,-0.4227,4.0
constrained_ols_av,pass,0.0226,6.0
constrained_ols_av,pass,-0.4227,4.0
constrained_ols_av,pass,-0.8681,6.0
constrained_ols_av,pass,-0.4227,2.0
constrained_ols_av,pass,-0.4227,3.0
constrained_ols_av,pass,-0.8681,7.0
constrained_ols_av,pass,0.0226,3.0
constrained_ols_av,pass,-0.4227,1.0
constrained_ols_av,pass,-0.4227,3.0
constrained_ols_av,pass,0.0226,7.0
constrained_ols_av,pass,-0.8681,3.0
constrained_ols_av,pass,-0.8681,2.0
constrained_ols_av,pass,0.9132,0.0
constrained_ols_av,pass,-1.3134,2.0
constrained_ols_av,pass,-0.4227,8.0
constrained_ols_av,pass,-0.4227,0.0
constrained_ols_av,pass,0.0226,2.0
constrained_ols_av,pass,-0.4227,8.0
constrained_ols_av,pass,-0.8681,2.0
constrained_ols_av,pass,0.4679,6.0
constrained_ols_av,pass,-0.8681,3.0
constrained_ols_av,pass,-0.4227,7.0
constrained_ols_av,pass,-0.8681,3.0
constrained_ols_av,pass,-0.8681,0.0
constrained_ols_av,pass,-0.4227,0.0
constrained_ols_av,pass,-0.4227,0.0
constrained_ols_av,pass,0.0226,0.0
constrained_ols_av,pass,-0.4227,0.0
constrained_ols_av,pass,-0.4227,10.0
constrained_ols_av,pass,-1.3134,0.0
constrained_ols_av,pass,0.4679,3.0
constrained_ols_av,pass,0.0226,0.0
constrained_ols_av,pass,0.0226,0.0
constrained_ols_av,pass,-1.3134,0.0
constrained_ols_av,pass,-0.4227,0.0
constrained_ols_av,pass,-0.8681,1.0
constrained_ols_av,pass,-0.4227,9.0
constrained_ols_av,pass,-0.8681,1.0
constrained_ols_av,pass,0.4679,9.0
constrained_ols_av,pass,0.0226,4.0
constrained_ols_av,pass,-0.4227,0.0
constrained_ols_av,pass,0.0226,4.0
constrained_ols_av,pass,-1.3134,6.0
constrained_ols_av,pass,0.0226,0.0
constrained_ols_av,pass,-0.4227,2.0
constrained_ols_av,pass,-0.4227,8.0
constrained_ols_av,pass,-0.8681,2.0
constrained_ols_av,pass,0.0226,4.0
constrained_ols_av,pass,-0.8681,2.0
constrained_ols_av,pass,0.0226,6.0
constrained_ols_av,pass,-0.8681,4.0
constrained_ols_av,pass,-0.4227,2.0
constrained_ols_av,pass,-0.4227,8.0
constrained_ols_av,pass,-1.3134,2.0
constrained_ols_av,pass,0.4679,3.0
constrained_ols_av,pass,0.0226,5.0
constrained_ols_av,pass,-1.3134,5.0
constrained_ols_av,pass,0.0226,5.0
constrained_ols_av,pass,-0.4227,0.0
constrained_ols_av,pass,0.4679,0.0
constrained_ols_av,pass,-0.8681,4.0
constrained_ols_av,pass,0.0226,6.0
constrained_ols_av,pass,-1.3134,4.0
constrained_ols_av,pass,-0.4227,2.0
constrained_ols_av,pass,-0.4227,8.0
constrained_ols_av,pass,0.0226,2.0
constrained_ols_av,pass,-0.8681,0.0
constrained_ols_av,pass,0.0226,6.0
constrained_ols_av,pass,-0.8681,4.0
constrained_ols_av,pass,-1.3134,4.0
constrained_ols_av,pass,0.4679,4.0
constrained_ols_av,pass,0.0226,8.0
constrained_ols_av,pass,-0.8681,2.0
constrained_ols_av,pass,-0.8681,8.0
constrained_ols_av,pass,0.0226,2.0
constrained_ols_av,pass,0.0226,0.0
constrained_ols_av,pass,-0.8681,3.0
constrained_ols_av,pass,-0.8681,7.0
constrained_ols_av,pass,0.0226,3.0
constrained_ols_av,pass,0.4679,3.0
constrained_ols_av,pass,0.0226,0.0
constrained_ols_av,pass,-0.8681,3.0
constrained_ols_av,pass,-1.3134,7.0
constrained_ols_av,pass,-0.8681,3.0
constrained_ols_av,pass,-0.8681,7.0
constrained_ols_av,pass,0.4679,3.0
constrained_ols_av,pass,-0.4227,0.0
constrained_ols_av,pass,-0.8681,0.0
constrained_ols_av,pass,-0.4227,0.0
constrained_ols_av,pass,-0.8681,0.0
constrained_ols_av,pass,0.4679,0.0
constrained_ols_av,pass,0.0226,0.0
constrained_ols_av,pass,0.0226,0.0
constrained_ols_av,pass,-1.3134,0.0
constrained_ols_av,pass,-0.4227,0.0
constrained_ols_av,pass,-0.4227,6.0
constrained_ols_av,pass,-1.3134,4.0
constrained_ols_av,pass,0.0226,4.0
constrained_ols_av,pass,0.0226,4.0
constrained_ols_av,pass,-0.4227,2.0
constrained_ols_av,pass,-1.3134,8.0
constrained_ols_av,pass,-0.4227,2.0
constrained_ols_av,pass,0.4679,9.0
constrained_ols_av,pass,-0.4227,5.0
constrained_ols_av,pass,-0.8681,0.0
constrained_ols_av,pass,0.4679,5.0
constrained_ols_av,pass,-0.8681,5.0
constrained_ols_av,pass,0.0226,0.0
constrained_ols_av,pass,-0.8681,1.0
constrained_ols_av,pass,0.0226,9.0
constrained_ols_av,pass,-0.8681,1.0
constrained_ols_av,pass,0.0226,2.0
constrained_ols_av,pass,-0.4227,6.0
constrained_ols_av,pass,-1.3134,2.0
constrained_ols_av,pass,0.0226,8.0
constrained_ols_av,pass,-1.3134,4.0
constrained_ols_av,pass,0.0226,6.0
constrained_ols_av,pass,0.4679,4.0
constrained_ols_av,pass,-0.8681,3.0
constrained_ols_av,pass,0.0226,1.0
constrained_ols_av,pass,0.0226,2.0
constrained_ols_av,pass,-0.8681,8.0
constrained_ols_av,pass,-0.8681,2.0
constrained_ols_av,pass,-0.8681,5.0
constrained_ols_av,pass,-1.3134,3.0
constrained_ols_av,pass,0.4679,7.0
constrained_ols_av,pass,0.0226,3.0
constrained_ols_av,pass,-0.8681,1.0
constrained_ols_av,pass,0.0226,0.0
constrained_ols_av,pass,-0.4227,1.0
constrained_ols_av,pass,-0.4227,9.0
constrained_ols_av,pass,0.0226,0.0
constrained_ols_av,pass,-0.4227,0.0
constrained_ols_av,pass,-0.8681,0.0
constrained_ols_av,pass,-0.4227,0.0
constrained_ols_av,pass,-0.8681,5.0
constrained_ols_av,pass,0.0226,4.0
constrained_ols_av,pass,-0.4227,6.0
constrained_ols_av,pass,-0.4227,4.0
constrained_ols_av,pass,-0.8681,4.0
constrained_ols_av,pass,-0.4227,6.0
constrained_ols_av,pass,-0.4227,4.0
constrained_ols_av,pass,0.0226,8.0
constrained_ols_av,pass,-0.8681,5.0
constrained_ols_av,pass,-1.3134,5.0
constrained_ols_av,pass,0.0226,4.0
constrained_ols_av,pass,0.4679,4.0
constrained_ols_av,pass,-0.4227,4.0
constrained_ols_av,pass,-0.8681,6.0
constrained_ols_av,pass,-0.4227,4.0
constrained_ols_av,pass,0.0226,0.0
constrained_ols_av,pass,0.4679,7.0
constrained_ols_av,pass,-1.3134,3.0
constrained_ols_av,pass,-0.4227,3.0
constrained_ols_av,pass,-0.4227,3.0
constrained_ols_av,pass,0.0226,4.0
constrained_ols_av,pass,-0.4227,6.0
constrained_ols_av,pass,-0.4227,4.0
constrained_ols_av,pass,-0.8681,5.0
constrained_ols_av,pass,-0.8681,0.0
constrained_ols_av,pass,-0.8681,0.0
constrained_ols_av,pass,0.0226,0.0
constrained_ols_av,pass,0.0226,0.0
constrained_ols_av,pass,-0.8681,4.0
constrained_ols_av,pass,-0.4227,0.0
constrained_ols_av,pass,0.0226,4.0
constrained_ols_av,pass,-0.4227,6.0
constrained_ols_av,pass,-0.4227,5.0
constrained_ols_av,pass,0.9132,0.0
constrained_ols_av,pass,-0.8681,5.0
constrained_ols_av,pass,-1.3134,5.0
constrained_ols_av,pass,-0.8681,3.0
constrained_ols_av,pass,-0.8681,7.0
constrained_ols_av,pass,-0.8681,3.0
constrained_ols_av,pass,0.9132,3.0
constrained_ols_av,pass,0.0226,3.0
constrained_ols_av,pass,0.0226,4.0
constrained_ols_av,pass,-0.8681,3.0
constrained_ols_av,pass,-0.8681,7.0
constrained_ols_av,pass,-0.4227,6.0
constrained_ols_av,pass,0.0226,4.0
constrained_ols_av,pass,-1.3134,0.0
constrained_ols_av,pass,0.0226,4.0
constrained_ols_av,pass,-0.4227,3.0
constrained_ols_av,pass,-0.4227,7.0
constrained_ols_av,pass,0.0226,3.0
constrained_ols_av,pass,-0.8681,0.0
constrained_ols_av,pass,-0.4227,0.0
constrained_ols_av,pass,0.0226,0.0
constrained_ols_av,pass,-0.4227,0.0
constrained_ols_av,pass,-0.8681,0.0
constrained_ols_av,pass,-0.8681,0.0
constrained_ols_av,pass,-0.4227,0.0
constrained_ols_av,pass,-0.4227,0.0
constrained_ols_av,pass,0.0226,0.0
constrained_ols_av,pass,0.4679,0.0
constrained_ols_av,pass,-0.4227,4.0
constrained_ols_av,pass,-0.4227,6.0
constrained_ols_av,pass,-1.3134,4.0
constrained_ols_av,pass,-0.4227,3.0
constrained_ols_av,pass,0.0226,7.0
constrained_ols_av,pass,-0.8681,3.0
constrained_ols_av,pass,-0.4227,7.0
constrained_ols_av,pass,-0.8681,6.0
constrained_ols_av,pass,-0.8681,4.0
constrained_ols_av,pass,0.9132,5.0
constrained_ols_av,pass,-0.8681,4.0
constrained_ols_av,pass,-1.3134,0.0
constrained_ols_av,pass,0.4679,0.0
constrained_ols_av,pass,-0.8681,0.0
constrained_ols_av,pass,0.0226,0.0
constrained_ols_av,pass,-0.4227,2.0
constrained_ols_av,pass,-0.4227,0.0
constrained_ols_av,pass,-0.4227,2.0
constrained_ols_av,pass,-0.4227,8.0
constrained_ols_av,pass,-0.4227,5.0
constrained_ols_av,pass,0.0226,5.0
constrained_ols_av,pass,-0.8681,5.0
constrained_ols_av,pass,-0.4227,1.0
constrained_ols_av,pass,-0.8681,2.0
constrained_ols_av,pass,-0.8681,8.0
constrained_ols_av,pass,-0.4227,2.0
constrained_ols_av,pass,0.4679,8.0
constrained_ols_av,pass,0.0226,4.0
constrained_ols_av,pass,-1.3134,6.0
constrained_ols_av,pass,0.4679,4.0
constrained_ols_av,pass,-0.8681,0.0
constrained_ols_av,pass,0.0226,8.0
constrained_ols_av,pass,0.4679,1.0
constrained_ols_av,pass,-1.3134,9.0
constrained_ols_av,pass,-0.8681,1.0
constrained_ols_av,pass,-0.8681,2.0
constrained_ols_av,pass,-0.4227,9.0
constrained_ols_av,pass,-0.8681,2.0
constrained_ols_av,pass,0.4679,8.0
constrained_ols_av,pass,-0.8681,1.0
constrained_ols_av,pass,-0.8681,2.0
constrained_ols_av,pass,-0.4227,1.0
constrained_ols_av,pass,0.4679,9.0
constrained_ols_av,pass,0.0226,3.0
constrained_ols_av,pass,-0.8681,0.0
constrained_ols_av,pass,0.0226,3.0
constrained_ols_av,pass,-0.8681,7.0
constrained_ols_av,pass,0.0226,0.0
constrained_ols_av,pass,-0.8681,0.0
constrained_ols_av,pass,-0.4227,0.0
constrained_ols_av,pass,-0.4227,0.0
constrained_ols_av,pass,0.0226,5.0
constrained_ols_av,pass,-1.3134,5.0
constrained_ols_av,pass,0.0226,5.0
constrained_ols_av,pass,-0.4227,3.0
constrained_ols_av,pass,-0.4227,4.0
constrained_ols_av,pass,0.0226,6.0
constrained_ols_av,pass,-0.8681,4.0
constrained_ols_av,pass,-0.4227,7.0
constrained_ols_av,pass,-0.4227,0.0
constrained_ols_av,pass,-0.4227,0.0
constrained_ols_av,pass,-0.4227,0.0
constrained_ols_av,pass,-0.4227,0.0
constrained_ols_av,pass,-0.8681,5.0
constrained_ols_av,pass,-0.4227,5.0
constrained_ols_av,pass,-0.4227,0.0
constrained_ols_av,pass,0.0226,5.0
constrained_ols_av,pass,-0.4227,0.0
constrained_ols_av,pass,-0.4227,0.0
constrained_ols_av,pass,-0.8681,0.0
constrained_ols_av,pass,0.0226,0.0
constrained_ols_av,pass,-0.8681,7.0
constrained_ols_av,pass,0.0226,3.0
constrained_ols_av,pass,0.0226,6.0
constrained_ols_av,pass,-0.8681,3.0
constrained_ols_av,pass,-0.4227,2.0
constrained_ols_av,pass,0.0226,8.0
constrained_ols_av,pass,-0.4227,2.0
constrained_ols_av,pass,-0.8681,3.0
constrained_ols_av,pass,0.0226,4.0
constrained_ols_av,pass,-1.3134,6.0
constrained_ols_av,pass,-0.4227,4.0
constrained_ols_av,pass,0.0226,5.0
constrained_ols_av,pass,-0.8681,2.0
constrained_ols_av,pass,0.0226,8.0
constrained_ols_av,pass,-1.3134,2.0
constrained_ols_av,pass,0.4679,0.0
constrained_ols_av,pass,0.4679,7.0
constrained_ols_av,pass,-1.3134,3.0
constrained_ols_av,pass,0.0226,0.0
constrained_ols_av,pass,-0.8681,3.0
constrained_ols_av,pass,0.0226,0.0
constrained_ols_av,pass,-0.8681,0.0
constrained_ols_av,pass,0.0226,0.0
constrained_ols_av,pass,-0.8681,0.0
constrained_ols_av,pass,-0.8681,2.0
constrained_ols_av,pass,0.4679,5.0
constrained_ols_av,pass,-0.8681,2.0
constrained_ols_av,pass,-0.4227,8.0
constrained_ols_av,pass,-0.4227,4.0
constrained_ols_av,pass,-0.8681,6.0
constrained_ols_av,pass,-0.8681,4.0
constrained_ols_av,pass,0.4679,6.0
constrained_ols_av,pass,-0.4227,1.0
constrained_ols_av,pass,0.0226,0.0
constrained_ols_av,pass,-0.4227,1.0
constrained_ols_av,pass,-0.8681,9.0
constrained_ols_av,pass,-0.4227,0.0
constrained_ols_av,pass,-0.4227,0.0
constrained_ols_av,pass,-0.4227,0.0
constrained_ols_av,pass,-0.4227,0.0
constrained_ols_av,pass,0.0226,9.0
constrained_ols_av,pass,-0.8681,1.0
constrained_ols_av,pass,0.4679,0.0
constrained_ols_av,pass,-1.3134,1.0
constrained_ols_av,pass,0.0226,7.0
constrained_ols_av,pass,0.0226,3.0
constrained_ols_av,pass,-1.3134,5.0
constrained_ols_av,pass,-0.4227,3.0
constrained_ols_av,pass,-0.4227,8.0
constrained_ols_av,pass,-0.4227,3.0
constrained_ols_av,pass,0.0226,7.0
constrained_ols_av,pass,-0.8681,3.0
constrained_ols_av,pass,-0.4227,5.0
constrained_ols_av,pass,-0.8681,4.0
constrained_ols_av,pass,0.0226,6.0
constrained_ols_av,pass,-0.4227,4.0
constrained_ols_av,pass,-0.8681,0.0
constrained_ols_av,pass,0.0226,0.0
constrained_ols_av,pass,-0.4227,0.0
constrained_ols_av,pass,-0.4227,0.0
constrained_ols_av,pass,-1.3134,6.0
constrained_ols_av,pass,-0.4227,4.0
constrained_ols_av,pass,0.4679,0.0
constrained_ols_av,pass,-0.4227,4.0
constrained_ols_av,pass,0.0226,3.0
constrained_ols_av,pass,0.0226,7.0
constrained_ols_av,pass,-0.8681,3.0
constrained_ols_av,pass,-0.8681,0.0
constrained_ols_av,pass,0.4679,3.0
constrained_ols_av,pass,-0.4227,7.0
constrained_ols_av,pass,-0.4227,3.0
constrained_ols_av,pass,-1.3134,6.0
constrained_ols_av,pass,-0.4227,7.0
constrained_ols_av,pass,-0.4227,3.0
constrained_ols_av,pass,-0.8681,0.0
constrained_ols_av,pass,0.0226,3.0
constrained_ols_av,pass,-0.8681,4.0
constrained_ols_av,pass,0.0226,6.0
constrained_ols_av,pass,-0.4227,4.0
constrained_ols_av,pass,-0.4227,0.0
constrained_ols_av,pass,0.0226,0.0
constrained_ols_av,pass,-0.8681,0.0
constrained_ols_av,pass,-0.4227,0.0
constrained_ols_av,pass,-0.4227,0.0
constrained_ols_av,pass,-0.4227,4.0
constrained_ols_av,pass,0.9132,0.0
constrained_ols_av,pass,-1.3134,4.0
constrained_ols_av,pass,-0.8681,6.0
constrained_ols_av,pass,0.0226,8.0
constrained_ols_av,pass,-0.4227,2.0
constrained_ols_av,pass,-0.4227,0.0
constrained_ols_av,pass,-0.8681,2.0
constrained_ols_av,pass,-0.4227,7.0
constrained_ols_av,pass,-0.8681,6.0
constrained_ols_av,pass,0.4679,7.0
constrained_ols_av,pass,-0.8681,3.0
constrained_ols_av,pass,-0.8681,4.0
constrained_ols_av,pass,-0.8681,5.0
constrained_ols_av,pass,0.4679,4.0
constrained_ols_av,pass,-0.4227,6.0
constrained_ols_av,pass,-0.8681,0.0
constrained_ols_av,pass,0.4679,5.0
constrained_ols_av,pass,-0.4227,5.0
constrained_ols_av,pass,-0.8681,5.0
constrained_ols_av,pass,0.0226,2.0
constrained_ols_av,pass,-0.8681,8.0
constrained_ols_av,pass,-0.8681,2.0
constrained_ols_av,pass,0.0226,0.0
constrained_ols_av,pass,0.0226,0.0
constrained_ols_av,pass,-0.4227,0.0
constrained_ols_av,pass,-0.4227,0.0
constrained_ols_av,pass,-0.8681,0.0
constrained_ols_av,pass,-0.4227,3.0
constrained_ols_av,pass,0.4679,5.0
constrained_ols_av,pass,-1.3134,5.0
constrained_ols_av,pass,-0.4227,5.0
constrained_ols_av,pass,-0.8681,5.0
constrained_ols_av,pass,-0.4227,5.0
constrained_ols_av,pass,-0.4227,0.0
constrained_ols_av,pass,0.0226,5.0
constrained_ols_av,pass,-0.4227,0.0
constrained_ols_av,pass,0.4679,4.0
constrained_ols_av,pass,-0.8681,6.0
constrained_ols_av,pass,-0.8681,4.0
constrained_ols_av,pass,-1.3134,3.0
constrained_ols_av,pass,-0.4227,0.0
constrained_ols_av,pass,0.0226,3.0
constrained_ols_av,pass,0.0226,7.0
constrained_ols_av,pass,-0.4227,7.0
constrained_ols_av,pass,-0.4227,3.0
constrained_ols_av,pass,-0.4227,0.0
constrained_ols_av,pass,-0.4227,3.0
constrained_ols_av,pass,-1.3134,3.0
constrained_ols_av,pass,-0.4227,7.0
constrained_ols_av,pass,0.0226,3.0
constrained_ols_av,pass,0.0226,7.0
constrained_ols_av,pass,-0.8681,7.0
constrained_ols_av,pass,-0.4227,3.0
constrained_ols_av,pass,0.4679,4.0
constrained_ols_av,pass,-0.8681,3.0
constrained_ols_av,pass,-0.4227,4.0
constrained_ols_av,pass,0.4679,4.0
constrained_ols_av,pass,-0.8681,4.0
constrained_ols_av,pass,-0.8681,6.0
constrained_ols_av,pass,-1.3134,5.0
constrained_ols_av,pass,-0.4227,5.0
constrained_ols_av,pass,0.4679,5.0
constrained_ols_av,pass,-0.4227,5.0
constrained_ols_av,pass,0.0226,5.0
constrained_ols_av,pass,-0.4227,0.0
constrained_ols_av,pass,-0.4227,5.0
constrained_ols_av,pass,-0.8681,5.0
constrained_ols_av,pass,-0.4227,0.0
constrained_ols_av,pass,-0.4227,5.0
constrained_ols_av,pass,0.0226,5.0
constrained_ols_av,pass,-0.8681,5.0
constrained_ols_av,pass,-0.8681,1.0
constrained_ols_av,pass,0.4679,9.0
constrained_ols_av,pass,-0.8681,1.0
constrained_ols_av,pass,-0.4227,6.0
constrained_ols_av,pass,-0.4227,4.0
constrained_ols_av,pass,-0.4227,0.0
constrained_ols_av,pass,-0.4227,4.0
constrained_ols_av,pass,-0.4227,6.0
constrained_ols_av,pass,0.0226,0.0
constrained_ols_av,pass,-0.4227,1.0
constrained_ols_av,pass,-0.8681,9.0
constrained_ols_av,pass,-0.4227,1.0
constrained_ols_av,pass,-1.3134,0.0
constrained_ols_av,pass,-0.4227,0.0
constrained_ols_av,pass,0.0226,0.0
constrained_ols_av,pass,0.0226,0.0
constrained_ols_av,pass,-0.4227,5.0
constrained_ols_av,pass,0.4679,0.0
constrained_ols_av,pass,-0.8681,5.0
constrained_ols_av,pass,-0.8681,5.0
constrained_ols_av,pass,0.0226,2.0
constrained_ols_av,pass,-0.4227,4.0
constrained_ols_av,pass,-0.8681,6.0
constrained_ols_av,pass,-0.4227,4.0
constrained_ols_av,pass,-0.4227,2.0
constrained_ols_av,pass,-0.4227,9.0
constrained_ols_av,pass,-0.4227,2.0
constrained_ols_av,pass,-0.4227,8.0
constrained_ols_av,pass,0.0226,0.0
constrained_ols_av,pass,0.0226,2.0
constrained_ols_av,pass,-0.4227,8.0
constrained_ols_av,pass,-1.3134,2.0
constrained_ols_av,pass,-1.3134,0.0
constrained_ols_av,pass,0.0226,2.0
constrained_ols_av,pass,0.0226,8.0
constrained_ols_av,pass,-0.4227,2.0
constrained_ols_av,pass,-0.8681,1.0
constrained_ols_av,pass,-0.4227,3.0
constrained_ols_av,pass,-0.8681,7.0
constrained_ols_av,pass,0.4679,3.0
constrained_ols_av,pass,-0.4227,3.0
constrained_ols_av,pass,0.0226,0.0
constrained_ols_av,pass,-0.8681,3.0
constrained_ols_av,pass,-0.4227,7.0
constrained_ols_av,pass,0.4679,6.0
constrained_ols_av,pass,-0.4227,3.0
constrained_ols_av,pass,-0.8681,6.0
constrained_ols_av,pass,-0.8681,4.0
constrained_ols_av,pass,-0.4227,2.0
constrained_ols_av,pass,0.0226,6.0
constrained_ols_av,pass,-0.8681,2.0
constrained_ols_av,pass,-0.4227,8.0
constrained_ols_av,pass,-0.8681,7.0
constrained_ols_av,pass,-0.8681,3.0
constrained_ols_av,pass,-0.4227,3.0
constrained_ols_av,pass,0.4679,3.0
constrained_ols_av,pass,-0.4227,8.0
constrained_ols_av,pass,0.0226,2.0
constrained_ols_av,pass,-0.4227,7.0
constrained_ols_av,pass,-0.8681,2.0
constrained_ols_av,pass,-1.3134,8.0
constrained_ols_av,pass,0.0226,2.0
constrained_ols_av,pass,0.4679,9.0
constrained_ols_av,pass,-0.8681,2.0
constrained_ols_av,pass,0.0226,0.0
constrained_ols_av,pass,-0.4227,0.0
constrained_ols_av,pass,-0.8681,0.0
constrained_ols_av,pass,-0.4227,0.0
constrained_ols_av,pass,-0.4227,3.0
constrained_ols_av,pass,-0.4227,1.0
constrained_ols_av,pass,0.0226,9.0
constrained_ols_av,pass,-0.8681,1.0
constrained_ols_av,pass,-0.4227,0.0
constrained_ols_av,pass,-1.3134,0.0
constrained_ols_av,pass,0.0226,0.0
constrained_ols_av,pass,0.0226,0.0
constrained_ols_av,pass,-0.4227,0.0
constrained_ols_av,pass,0.4679,3.0
constrained_ols_av,pass,-0.8681,7.0
constrained_ols_av,pass,-0.8681,3.0
constrained_ols_av,pass,0.4679,4.0
constrained_ols_av,pass,0.0226,5.0
constrained_ols_av,pass,-1.3134,5.0
constrained_ols_av,pass,-0.8681,5.0
constrained_ols_av,pass,-0.8681,4.0
constrained_ols_av,pass,0.0226,6.0
constrained_ols_av,pass,-0.8681,0.0
constrained_ols_av,pass,0.0226,6.0
constrained_ols_av,pass,-0.8681,2.0
constrained_ols_av,pass,0.0226,0.0
constrained_ols_av,pass,-0.8681,2.0
constrained_ols_av,pass,0.0226,8.0
constrained_ols_av,pass,-1.3134,4.0
constrained_ols_av,pass,-0.8681,3.0
constrained_ols_av,pass,-0.4227,7.0
constrained_ols_av,pass,0.9132,3.0
constrained_ols_av,pass,-0.8681,0.0
constrained_ols_av,pass,-0.4227,3.0
constrained_ols_av,pass,-0.4227,7.0
constrained_ols_av,pass,0.0226,3.0
constrained_ols_av,pass,-0.8681,3.0
constrained_ols_av,pass,0.0226,5.0
constrained_ols_av,pass,-0.4227,3.0
constrained_ols_av,pass,-0.4227,7.0
constrained_ols_av,pass,-1.3134,4.0
constrained_ols_av,pass,-0.4227,0.0
constrained_ols_av,pass,0.9132,4.0
constrained_ols_av,pass,-0.8681,6.0
constrained_ols_av,pass,-0.4227,2.0
constrained_ols_av,pass,-0.8681,8.0
constrained_ols_av,pass,-0.4227,2.0
constrained_ols_av,pass,0.0226,6.0
constrained_ols_av,pass,-0.4227,7.0
constrained_ols_av,pass,-0.4227,3.0
constrained_ols_av,pass,-0.8681,7.0
constrained_ols_av,pass,0.0226,3.0
constrained_ols_av,pass,0.0226,3.0
constrained_ols_av,pass,0.4679,0.0
constrained_ols_av,pass,-0.8681,3.0
constrained_ols_av,pass,-1.3134,7.0
constrained_ols_av,pass,0.4679,0.0
constrained_ols_av,pass,-0.8681,0.0
constrained_ols_av,pass,-0.4227,0.0
constrained_ols_av,pass,-0.8681,0.0
constrained_ols_av,pass,-1.3134,7.0
constrained_ols_av,pass,0.0226,3.0
constrained_ols_av,pass,0.0226,0.0
constrained_ols_av,pass,-0.4227,3.0
constrained_ols_av,pass,-0.8681,3.0
constrained_ols_av,pass,-1.3134,7.0
constrained_ols_av,pass,0.9132,3.0
constrained_ols_av,pass,-0.4227,6.0
constrained_ols_av,pass,0.4679,7.0
constrained_ols_av,pass,0.0226,3.0
constrained_ols_av,pass,-0.8681,0.0
constrained_ols_av,pass,-1.3134,3.0
constrained_ols_av,pass,-0.8681,3.0
constrained_ols_av,pass,0.0226,4.0
constrained_ols_av,pass,0.0226,3.0
constrained_ols_av,pass,-0.8681,7.0
constrained_ols_av,pass,-0.8681,3.0
constrained_ols_av,pass,-0.4227,7.0
constrained_ols_av,pass,-0.4227,3.0
constrained_ols_av,pass,0.0226,0.0
constrained_ols_av,pass,-0.8681,7.0
constrained_ols_av,pass,0.0226,3.0
constrained_ols_av,pass,0.0226,4.0
constrained_ols_av,pass,-0.8681,3.0
constrained_ols_av,pass,-0.8681,7.0
constrained_ols_av,pass,-0.8681,3.0
constrained_ols_av,pass,0.9132,4.0
constrained_ols_av,pass,-0.8681,3.0
constrained_ols_av,pass,-0.4227,7.0
constrained_ols_av,pass,-0.8681,3.0
constrained_ols_av,pass,-0.4227,0.0
constrained_ols_av,pass,0.0226,3.0
constrained_ols_av,pass,0.0226,7.0
constrained_ols_av,pass,-0.4227,3.0
constrained_ols_av,pass,-0.8681,3.0
constrained_ols_av,pass,-0.4227,3.0
constrained_ols_av,pass,-0.4227,6.0
constrained_ols_av,pass,-0.8681,4.0
constrained_ols_av,pass,-0.4227,6.0
constrained_ols_av,pass,0.0226,4.0
constrained_ols_av,pass,-0.4227,4.0
constrained_ols_av,pass,0.0226,0.0
constrained_ols_av,pass,-0.4227,4.0
constrained_ols_av,pass,-0.8681,6.0
constrained_ols_av,pass,-1.3134,6.0
constrained_ols_av,pass,0.4679,4.0
constrained_ols_av,pass,0.4679,0.0
constrained_ols_av,pass,-1.3134,4.0
constrained_ols_av,pass,-0.8681,2.0
constrained_ols_av,pass,0.0226,3.0
constrained_ols_av,pass,-0.8681,7.0
constrained_ols_av,pass,0.0226,3.0
constrained_ols_av,pass,-1.3134,0.0
constrained_ols_av,pass,-0.4227,0.0
constrained_ols_av,pass,0.4679,0.0
constrained_ols_av,pass,-0.4227,0.0
constrained_ols_av,pass,0.0226,6.0
constrained_ols_av,pass,-0.8681,4.0
constrained_ols_av,pass,0.0226,6.0
constrained_ols_av,pass,-0.8681,0.0
constrained_ols_av,pass,-0.8681,4.0
constrained_ols_av,pass,0.0226,0.0
constrained_ols_av,pass,-0.4227,4.0
constrained_ols_av,pass,-0.4227,6.0
constrained_ols_av,pass,-1.3134,0.0
constrained_ols_av,pass,-0.8681,0.0
constrained_ols_av,pass,0.0226,0.0
constrained_ols_av,pass,0.4679,0.0
constrained_ols_av,pass,-0.4227,8.0
constrained_ols_av,pass,-0.8681,2.0
constrained_ols_av,pass,0.4679,6.0
constrained_ols_av,pass,-0.8681,2.0
constrained_ols_av,pass,0.0226,0.0
constrained_ols_av,pass,-0.4227,2.0
constrained_ols_av,pass,-0.4227,8.0
constrained_ols_av,pass,-0.8681,2.0
constrained_ols_av,pass,0.0226,0.0
constrained_ols_av,pass,-0.8681,0.0
constrained_ols_av,pass,-0.8681,0.0
constrained_ols_av,pass,0.0226,0.0
constrained_ols_av,pass,-0.4227,5.0
constrained_ols_av,pass,0.0226,4.0
constrained_ols_av,pass,-0.8681,5.0
constrained_ols_av,pass,-0.4227,5.0
constrained_ols_av,pass,0.0226,3.0
constrained_ols_av,pass,0.4679,0.0
constrained_ols_av,pass,-1.3134,3.0
constrained_ols_av,pass,-0.8681,7.0
constrained_ols_av,pass,0.0226,0.0
constrained_ols_av,pass,-1.3134,4.0
constrained_ols_av,pass,-0.4227,6.0
constrained_ols_av,pass,0.0226,4.0
constrained_ols_av,pass,-0.8681,0.0
constrained_ols_av,pass,-1.3134,5.0
constrained_ols_av,pass,0.4679,5.0
constrained_ols_av,pass,0.0226,5.0
constrained_ols_av,pass,-0.4227,6.0
constrained_ols_av,pass,-0.4227,4.0
constrained_ols_av,pass,-0.4227,0.0
constrained_ols_av,pass,-0.4227,4.0
constrained_ols_av,pass,-0.4227,0.0
constrained_ols_av,pass,-0.4227,3.0
constrained_ols_av,pass,-0.4227,7.0
constrained_ols_av,pass,-0.4227,3.0
constrained_ols_av,pass,-0.4227,8.0
constrained_ols_av,pass,-0.4227,2.0
constrained_ols_av,pass,0.0226,0.0
constrained_ols_av,pass,-0.8681,2.0
constrained_ols_av,pass,-0.4227,4.0
constrained_ols_av,pass,-0.8681,3.0
constrained_ols_av,pass,0.0226,7.0
constrained_ols_av,pass,-0.4227,3.0
constrained_ols_av,pass,0.0226,0.0
constrained_ols_av,pass,-0.4227,0.0
constrained_ols_av,pass,-0.4227,0.0
constrained_ols_av,pass,-0.8681,0.0
constrained_ols_av,pass,-0.4227,4.0
constrained_ols_av,pass,-0.8681,6.0
constrained_ols_av,pass,0.4679,0.0
constrained_ols_av,pass,-0.8681,6.0
constrained_ols_av,pass,-1.3134,3.0
constrained_ols_av,pass,-0.4227,1.0
constrained_ols_av,pass,0.4679,3.0
constrained_ols_av,pass,-0.4227,7.0
constrained_ols_av,pass,-0.8681,3.0
constrained_ols_av,pass,-0.4227,7.0
constrained_ols_av,pass,-0.4227,3.0
constrained_ols_av,pass,0.0226,6.0
constrained_ols_av,pass,0.0226,4.0
constrained_ols_av,pass,0.0226,0.0
constrained_ols_av,pass,-0.8681,4.0
constrained_ols_av,pass,-0.8681,6.0
constrained_ols_av,pass,-1.3134,0.0
constrained_ols_av,pass,0.0226,3.0
constrained_ols_av,pass,0.4679,7.0
constrained_ols_av,pass,-0.8681,3.0
constrained_ols_av,pass,0.0226,5.0
constrained_ols_av,pass,0.4679,5.0
constrained_ols_av,pass,-1.3134,3.0
constrained_ols_av,pass,-0.8681,5.0
constrained_ols_av,pass,0.0226,4.0
constrained_ols_av,pass,-0.8681,6.0
constrained_ols_av,pass,-0.4227,4.0
constrained_ols_av,pass,-0.4227,0.0
constrained_ols_av,pass,-0.8681,0.0
constrained_ols_av,pass,0.0226,0.0
constrained_ols_av,pass,-0.4227,0.0
constrained_ols_av,pass,-0.4227,0.0
constrained_ols_av,pass,-0.4227,7.0
constrained_ols_av,pass,-1.3134,2.0
constrained_ols_av,pass,0.0226,8.0
constrained_ols_av,pass,0.0226,2.0
constrained_ols_av,pass,-0.4227,7.0
constrained_ols_av,pass,0.0226,3.0
constrained_ols_av,pass,-0.8681,0.0
constrained_ols_av,pass,-0.4227,3.0
constrained_ols_av,pass,-0.4227,5.0
constrained_ols_av,pass,-1.3134,5.0
constrained_ols_av,pass,0.0226,0.0
constrained_ols_av,pass,0.0226,5.0
constrained_ols_av,pass,-0.8681,3.0
constrained_ols_av,pass,-1.3134,0.0
constrained_ols_av,pass,0.4679,3.0
constrained_ols_av,pass,0.0226,7.0
constrained_ols_av,pass,0.4679,0.0
constrained_ols_av,pass,-0.4227,3.0
constrained_ols_av,pass,-1.3134,7.0
constrained_ols_av,pass,-0.4227,3.0
constrained_ols_av,pass,-0.8681,8.0
constrained_ols_av,pass,-0.8681,2.0
constrained_ols_av,pass,0.0226,0.0
constrained_ols_av,pass,0.0226,2.0
constrained_ols_av,pass,0.0226,0.0
constrained_ols_av,pass,-0.4227,0.0
constrained_ols_av,pass,-0.4227,0.0
constrained_ols_av,pass,-0.8681,0.0
constrained_ols_av,pass,-1.3134,1.0
constrained_ols_av,pass,-1.3134,0.0
constrained_ols_av,pass,0.9132,1.0
constrained_ols_av,pass,0.0226,9.0
constrained_ols_av,pass,0.4679,0.0
constrained_ols_av,pass,-0.4227,6.0
constrained_ols_av,pass,-0.8681,4.0
constrained_ols_av,pass,-0.8681,6.0
constrained_ols_av,pass,0.4679,1.0
constrained_ols_av,pass,-0.8681,0.0
constrained_ols_av,pass,-0.8681,1.0
constrained_ols_av,pass,-0.4227,9.0
constrained_ols_av,pass,-0.8681,0.0
constrained_ols_av,pass,0.0226,0.0
constrained_ols_av,pass,0.0226,0.0
constrained_ols_av,pass,-0.8681,0.0
constrained_ols_av,pass,0.0226,2.0
constrained_ols_av,pass,-0.8681,7.0
constrained_ols_av,pass,0.4679,2.0
constrained_ols_av,pass,-1.3134,8.0
constrained_ols_av,pass,-0.4227,4.0
constrained_ols_av,pass,-0.8681,0.0
constrained_ols_av,pass,-0.4227,4.0
constrained_ols_av,pass,0.0226,6.0
constrained_ols_av,pass,-0.8681,4.0
constrained_ols_av,pass,-0.8681,2.0
constrained_ols_av,pass,0.9132,9.0
constrained_ols_av,pass,-0.8681,2.0
constrained_ols_av,pass,-0.8681,0.0
constrained_ols_av,pass,0.4679,0.0
constrained_ols_av,pass,-0.4227,0.0
constrained_ols_av,pass,-0.8681,0.0
constrained_ols_av,pass,-0.4227,4.0
constrained_ols_av,pass,-0.4227,6.0
constrained_ols_av,pass,-1.3134,4.0
constrained_ols_av,pass,0.4679,0.0
constrained_ols_av,pass,-0.4227,0.0
constrained_ols_av,pass,0.0226,2.0
constrained_ols_av,pass,-0.8681,8.0
constrained_ols_av,pass,-0.4227,2.0
constrained_ols_av,pass,-0.4227,2.0
constrained_ols_av,pass,-0.4227,8.0
constrained_ols_av,pass,-0.4227,2.0
constrained_ols_av,pass,-0.4227,0.0
constrained_ols_av,pass,-0.4227,0.0
constrained_ols_av,pass,-0.4227,0.0
constrained_ols_av,pass,-0.4227,0.0
constrained_ols_av,pass,-0.4227,0.0
constrained_ols_av,pass,-0.4227,6.0
constrained_ols_av,pass,-0.8681,4.0
constrained_ols_av,pass,0.4679,0.0
constrained_ols_av,pass,-0.8681,4.0
constrained_ols_av,pass,-0.8681,4.0
constrained_ols_av,pass,0.0226,0.0
constrained_ols_av,pass,-0.8681,4.0
constrained_ols_av,pass,0.0226,6.0
constrained_ols_av,pass,-0.8681,5.0
constrained_ols_av,pass,0.0226,0.0
constrained_ols_av,pass,0.0226,5.0
constrained_ols_av,pass,-0.8681,5.0
constrained_ols_av,pass,0.4679,0.0
constrained_ols_av,pass,-0.8681,1.0
constrained_ols_av,pass,-0.8681,9.0
constrained_ols_av,pass,-0.4227,1.0
constrained_ols_av,pass,0.0226,6.0
constrained_ols_av,pass,-0.4227,4.0
constrained_ols_av,pass,-0.8681,0.0
constrained_ols_av,pass,-0.4227,4.0
constrained_ols_av,pass,-0.4227,6.0
constrained_ols_av,pass,0.0226,4.0
constrained_ols_av,pass,-1.3134,4.0
constrained_ols_av,pass,0.0226,4.0
constrained_ols_av,pass,0.0226,3.0
constrained_ols_av,pass,-1.3134,0.0
constrained_ols_av,pass,0.0226,3.0
constrained_ols_av,pass,-0.4227,7.0
constrained_ols_av,pass,-0.4227,0.0
constrained_ols_av,pass,0.0226,0.0
constrained_ols_av,pass,-0.4227,0.0
constrained_ols_av,pass,-0.8681,0.0
constrained_ols_av,pass,-0.4227,0.0
constrained_ols_av,pass,-0.8681,0.0
constrained_ols_av,pass,-0.4227,0.0
constrained_ols_av,pass,0.0226,0.0
constrained_ols_av,pass,-0.4227,0.0
constrained_ols_av,pass,0.0226,1.0
constrained_ols_av,pass,-0.8681,9.0
constrained_ols_av,pass,-0.4227,1.0
constrained_ols_av,pass,-0.4227,6.0
constrained_ols_av,pass,-0.8681,4.0
constrained_ols_av,pass,0.4679,6.0
constrained_ols_av,pass,-0.8681,4.0
constrained_ols_av,pass,-0.4227,7.0
constrained_ols_av,pass,-0.4227,3.0
constrained_ols_av,pass,0.0226,7.0
constrained_ols_av,pass,-0.8681,3.0
constrained_ols_av,pass,0.0226,2.0
constrained_ols_av,pass,0.0226,4.0
constrained_ols_av,pass,-0.8681,6.0
constrained_ols_av,pass,-0.8681,4.0
constrained_ols_av,pass,0.0226,7.0
constrained_ols_av,pass,-1.3134,3.0
constrained_ols_av,pass,-0.8681,4.0
constrained_ols_av,pass,0.4679,3.0
constrained_ols_av,pass,-0.8681,5.0
constrained_ols_av,pass,0.0226,5.0
constrained_ols_av,pass,-0.4227,5.0
constrained_ols_av,pass,-0.4227,5.0
constrained_ols_av,pass,-0.4227,1.0
constrained_ols_av,pass,0.4679,4.0
constrained_ols_av,pass,-1.3134,1.0
constrained_ols_av,pass,-0.4227,9.0
constrained_ols_av,pass,-0.8681,5.0
constrained_ols_av,pass,-0.8681,5.0
constrained_ols_av,pass,0.4679,0.0
constrained_ols_av,pass,-0.4227,5.0
constrained_ols_av,pass,-0.8681,0.0
constrained_ols_av,pass,-0.4227,0.0
constrained_ols_av,pass,0.4679,0.0
constrained_ols_av,pass,-0.8681,0.0
constrained_ols_av,pass,-1.3134,4.0
constrained_ols_av,pass,0.0226,0.0
constrained_ols_av,pass,-0.4227,4.0
constrained_ols_av,pass,0.0226,6.0
constrained_ols_av,pass,0.9132,4.0
constrained_ols_av,pass,-0.8681,6.0
constrained_ols_av,pass,-0.8681,4.0
constrained_ols_av,pass,-0.8681,0.0
constrained_ols_av,pass,0.0226,0.0
constrained_ols_av,pass,-0.4227,0.0
constrained_ols_av,pass,-0.8681,0.0
constrained_ols_av,pass,-0.4227,0.0
constrained_ols_av,pass,0.0226,3.0
constrained_ols_av,pass,-0.8681,7.0
constrained_ols_av,pass,-1.3134,3.0
constrained_ols_av,pass,0.4679,0.0
constrained_ols_av,pass,0.0226,0.0
constrained_ols_av,pass,-0.8681,3.0
constrained_ols_av,pass,-0.8681,7.0
constrained_ols_av,pass,0.0226,3.0
constrained_ols_av,pass,0.0226,7.0
constrained_ols_av,pass,-0.8681,3.0
constrained_ols_av,pass,-0.8681,0.0
constrained_ols_av,pass,0.0226,3.0
constrained_ols_av,pass,-0.4227,5.0
constrained_ols_av,pass,0.0226,3.0
constrained_ols_av,pass,-0.4227,7.0
constrained_ols_av,pass,-0.8681,3.0
constrained_ols_av,pass,-0.8681,6.0
constrained_ols_av,pass,-0.4227,4.0
constrained_ols_av,pass,-0.4227,0.0
constrained_ols_av,pass,0.0226,4.0
constrained_ols_av,pass,-0.8681,6.0
constrained_ols_av,pass,0.0226,4.0
constrained_ols_av,pass,-0.4227,0.0
constrained_ols_av,pass,-0.4227,4.0
constrained_ols_av,pass,-0.4227,4.0
constrained_ols_av,pass,0.0226,5.0
constrained_ols_av,pass,-0.8681,4.0
constrained_ols_av,pass,-0.4227,6.0
constrained_ols_av,pass,-0.8681,5.0
constrained_ols_av,pass,-0.8681,5.0
constrained_ols_av,pass,-0.8681,5.0
constrained_ols_av,pass,0.9132,0.0
constrained_ols_av,pass,-0.8681,0.0
constrained_ols_av,pass,-0.4227,0.0
constrained_ols_av,pass,-0.4227,0.0
constrained_ols_av,pass,0.0226,0.0
constrained_ols_av,pass,-0.8681,10.0
constrained_ols_av,pass,-0.8681,0.0
constrained_ols_av,pass,-0.4227,7.0
constrained_ols_av,pass,0.4679,0.0
constrained_ols_av,pass,-0.8681,7.0
constrained_ols_av,pass,0.0226,3.0
constrained_ols_av,pass,-0.8681,0.0
constrained_ols_av,pass,0.0226,3.0
constrained_ols_av,pass,-0.8681,7.0
constrained_ols_av,pass,-0.8681,5.0
constrained_ols_av,pass,-0.4227,5.0
constrained_ols_av,pass,0.4679,5.0
constrained_ols_av,pass,0.4679,3.0
constrained_ols_av,pass,-1.3134,5.0
constrained_ols_av,pass,-0.8681,5.0
constrained_ols_av,pass,0.0226,5.0
constrained_ols_av,pass,0.0226,0.0
constrained_ols_av,pass,-0.8681,0.0
constrained_ols_av,pass,-0.8681,0.0
constrained_ols_av,pass,0.0226,0.0
constrained_ols_av,pass,0.0226,0.0
constrained_ols_av,pass,-0.8681,0.0
constrained_ols_av,pass,0.0226,0.0
constrained_ols_av,pass,-0.8681,0.0
constrained_ols_av,pass,-0.4227,0.0
constrained_ols_av,pass,0.0226,0.0
constrained_ols_av,pass,-0.4227,0.0
constrained_ols_av,pass,-0.8681,0.0
constrained_ols_av,pass,-0.8681,0.0
constrained_ols_av,pass,0.4679,0.0
constrained_ols_av,pass,0.0226,0.0
constrained_ols_av,pass,-1.3134,0.0
constrained_ols_av,pass,-0.8681,1.0
constrained_ols_av,pass,-0.8681,4.0
constrained_ols_av,pass,0.4679,6.0
constrained_ols_av,pass,-0.4227,4.0
constrained_ols_av,pass,-0.4227,5.0
constrained_ols_av,pass,-1.3134,5.0
constrained_ols_av,pass,0.0226,5.0
constrained_ols_av,pass,0.0226,5.0
constrained_ols_av,pass,-0.8681,3.0
constrained_ols_av,pass,0.4679,0.0
constrained_ols_av,pass,0.0226,3.0
constrained_ols_av,pass,-1.3134,7.0
constrained_ols_av,pass,0.0226,0.0
constrained_ols_av,pass,-0.8681,0.0
constrained_ols_av,pass,0.0226,0.0
constrained_ols_av,pass,-0.8681,0.0
constrained_ols_av,pass,0.9132,6.0
constrained_ols_av,pass,-1.3134,4.0
constrained_ols_av,pass,0.0226,6.0
constrained_ols_av,pass,-1.3134,4.0
constrained_ols_av,pass,0.0226,1.0
constrained_ols_av,pass,-0.8681,0.0
constrained_ols_av,pass,-1.3134,1.0
constrained_ols_av,pass,0.4679,9.0
constrained_ols_av,pass,0.0226,7.0
constrained_ols_av,pass,-0.4227,3.0
constrained_ols_av,pass,-0.8681,0.0
constrained_ols_av,pass,-0.4227,3.0
constrained_ols_av,pass,-0.4227,7.0
constrained_ols_av,pass,-0.8681,2.0
constrained_ols_av,pass,0.0226,8.0
constrained_ols_av,pass,-0.4227,2.0
constrained_ols_av,pass,-0.8681,5.0
constrained_ols_av,pass,0.0226,5.0
constrained_ols_av,pass,-0.4227,5.0
constrained_ols_av,pass,-0.4227,5.0
constrained_ols_av,pass,-0.8681,0.0
constrained_ols_av,pass,-0.4227,0.0
constrained_ols_av,pass,-0.4227,0.0
constrained_ols_av,pass,0.0226,0.0
constrained_ols_av,pass,0.4679,0.0
constrained_ols_av,pass,-0.4227,0.0
constrained_ols_av,pass,-0.8681,0.0
constrained_ols_av,pass,-0.8681,0.0
constrained_ols_av,pass,-0.8681,8.0
constrained_ols_av,pass,0.4679,3.0
constrained_ols_av,pass,0.0226,7.0
constrained_ols_av,pass,-1.3134,3.0
constrained_ols_av,pass,0.0226,0.0
constrained_ols_av,pass,0.0226,5.0
constrained_ols_av,pass,-0.8681,5.0
constrained_ols_av,pass,-0.8681,5.0
constrained_ols_av,pass,-0.4227,0.0
constrained_ols_av,pass,-0.4227,0.0
constrained_ols_av,pass,-0.8681,0.0
constrained_ols_av,pass,0.0226,0.0
constrained_ols_av,pass,-0.8681,5.0
constrained_ols_av,pass,0.4679,5.0
constrained_ols_av,pass,-1.3134,5.0
constrained_ols_av,pass,0.0226,5.0
constrained_ols_av,pass,-0.4227,5.0
constrained_ols_av,pass,0.4679,0.0
constrained_ols_av,pass,-0.8681,5.0
constrained_ols_av,pass,-0.8681,5.0
constrained_ols_av,pass,-0.4227,0.0
constrained_ols_av,pass,-0.4227,0.0
constrained_ols_av,pass,-0.4227,0.0
constrained_ols_av,pass,-0.4227,0.0
constrained_ols_av,pass,0.0226,3.0
constrained_ols_av,pass,-0.4227,7.0
constrained_ols_av,pass,-0.8681,3.0
constrained_ols_av,pass,-0.4227,0.0
constrained_ols_av,pass,-0.4227,2.0
constrained_ols_av,pass,-0.4227,5.0
constrained_ols_av,pass,-0.8681,2.0
constrained_ols_av,pass,0.0226,8.0
constrained_ols_av,pass,-0.8681,2.0
constrained_ols_av,pass,-0.4227,8.0
constrained_ols_av,pass,0.0226,2.0
constrained_ols_av,pass,-0.4227,0.0
constrained_ols_av,pass,-0.8681,5.0
constrained_ols_av,pass,0.0226,0.0
constrained_ols_av,pass,0.0226,5.0
constrained_ols_av,pass,-0.8681,5.0
constrained_ols_av,pass,0.0226,3.0
constrained_ols_av,pass,-1.3134,7.0
constrained_ols_av,pass,-1.3134,3.0
constrained_ols_av,pass,0.9132,5.0
constrained_ols_av,pass,-0.8681,7.0
constrained_ols_av,pass,-0.4227,5.0
constrained_ols_av,pass,0.0226,5.0
constrained_ols_av,pass,-0.4227,5.0
constrained_ols_av,pass,-0.4227,2.0
constrained_ols_av,pass,-0.4227,8.0
constrained_ols_av,pass,0.0226,2.0
constrained_ols_av,pass,-0.8681,3.0
constrained_ols_av,pass,-0.4227,6.0
constrained_ols_av,pass,0.0226,4.0
constrained_ols_av,pass,-0.4227,6.0
constrained_ols_av,pass,-0.8681,4.0
constrained_ols_av,pass,-1.3134,3.0
constrained_ols_av,pass,0.9132,5.0
constrained_ols_av,pass,0.0226,3.0
constrained_ols_av,pass,-1.3134,7.0
constrained_ols_av,pass,-0.4227,0.0
constrained_ols_av,pass,-0.4227,0.0
constrained_ols_av,pass,-0.4227,0.0
constrained_ols_av,pass,-0.4227,0.0
constrained_ols_av,pass,0.4679,3.0
constrained_ols_av,pass,-0.8681,7.0
constrained_ols_av,pass,-0.4227,3.0
constrained_ols_av,pass,-0.8681,1.0
constrained_ols_av,pass,0.0226,0.0
constrained_ols_av,pass,-0.8681,0.0
constrained_ols_av,pass,0.0226,0.0
constrained_ols_av,pass,-0.8681,0.0
constrained_ols_av,pass,-0.4227,0.0
constrained_ols_av,pass,-0.8681,0.0
constrained_ols_av,pass,0.4679,0.0
constrained_ols_av,pass,-0.8681,0.0
constrained_ols_av,pass,0.4679,2.0
constrained_ols_av,pass,-0.4227,4.0
constrained_ols_av,pass,-0.8681,6.0
constrained_ols_av,pass,-0.8681,4.0
constrained_ols_av,pass,-0.4227,4.0
constrained_ols_av,pass,-0.4227,6.0
constrained_ols_av,pass,0.0226,4.0
constrained_ols_av,pass,-0.8681,4.0
constrained_ols_av,pass,-0.4227,0.0
constrained_ols_av,pass,-0.8681,4.0
constrained_ols_av,pass,-0.4227,6.0
constrained_ols_av,pass,0.0226,4.0
constrained_ols_av,pass,-0.4227,7.0
constrained_ols_av,pass,-0.4227,3.0
constrained_ols_av,pass,-0.8681,0.0
constrained_ols_av,pass,0.0226,3.0
constrained_ols_av,pass,-0.4227,7.0
constrained_ols_av,pass,-0.8681,3.0
constrained_ols_av,pass,-0.8681,7.0
constrained_ols_av,pass,0.4679,3.0
constrained_ols_av,pass,-0.4227,7.0
constrained_ols_av,pass,-1.3134,3.0
constrained_ols_av,pass,0.0226,0.0
constrained_ols_av,pass,0.0226,3.0
constrained_ols_av,pass,-0.4227,3.0
constrained_ols_av,pass,0.0226,7.0
constrained_ols_av,pass,0.0226,3.0
constrained_ols_av,pass,-1.3134,0.0
constrained_ols_av,pass,-0.4227,3.0
constrained_ols_av,pass,-0.8681,1.0
constrained_ols_av,pass,0.0226,9.0
constrained_ols_av,pass,-0.4227,1.0
constrained_ols_av,pass,-0.8681,3.0
constrained_ols_av,pass,-0.4227,0.0
constrained_ols_av,pass,-0.4227,3.0
constrained_ols_av,pass,0.0226,7.0
constrained_ols_av,pass,-1.3134,6.0
constrained_ols_av,pass,-0.4227,4.0
constrained_ols_av,pass,0.4679,4.0
constrained_ols_av,pass,-0.4227,4.0
constrained_ols_av,pass,-0.4227,8.0
constrained_ols_av,pass,-0.4227,2.0
constrained_ols_av,pass,-0.4227,0.0
constrained_ols_av,pass,-0.4227,2.0
constrained_ols_av,pass,-0.4227,0.0
constrained_ols_av,pass,-0.4227,3.0
constrained_ols_av,pass,-0.8681,7.0
constrained_ols_av,pass,0.0226,3.0
constrained_ols_av,pass,-0.4227,0.0
constrained_ols_av,pass,-0.4227,3.0
constrained_ols_av,pass,-0.8681,7.0
constrained_ols_av,pass,0.0226,3.0
constrained_ols_av,pass,-0.8681,3.0
constrained_ols_av,pass,0.0226,8.0
constrained_ols_av,pass,-0.4227,3.0
constrained_ols_av,pass,-0.4227,7.0
constrained_ols_av,pass,-0.4227,0.0
constrained_ols_av,pass,-1.3134,0.0
constrained_ols_av,pass,-0.8681,0.0
constrained_ols_av,pass,0.9132,0.0
constrained_ols_av,pass,-0.4227,0.0
constrained_ols_av,pass,-1.3134,0.0
constrained_ols_av,pass,-0.4227,0.0
constrained_ols_av,pass,0.4679,0.0
constrained_ols_av,pass,-0.8681,6.0
constrained_ols_av,pass,-0.4227,4.0
constrained_ols_av,pass,0.0226,0.0
constrained_ols_av,pass,-0.4227,4.0
constrained_ols_av,pass,-1.3134,5.0
constrained_ols_av,pass,-0.4227,5.0
constrained_ols_av,pass,0.4679,2.0
constrained_ols_av,pass,-0.4227,4.0
constrained_ols_av,pass,-0.8681,0.0
constrained_ols_av,pass,0.0226,8.0
constrained_ols_av,pass,-0.4227,0.0
constrained_ols_av,pass,-0.4227,10.0
constrained_ols_av,pass,-0.8681,5.0
constrained_ols_av,pass,-1.3134,3.0
constrained_ols_av,pass,0.9132,7.0
constrained_ols_av,pass,-0.4227,3.0
constrained_ols_av,pass,0.4679,0.0
constrained_ols_av,pass,-0.8681,4.0
constrained_ols_av,pass,-0.8681,6.0
constrained_ols_av,pass,-0.4227,4.0
constrained_ols_av,pass,-0.8681,3.0
constrained_ols_av,pass,-0.8681,3.0
constrained_ols_av,pass,0.4679,3.0
constrained_ols_av,pass,-0.4227,7.0
constrained_ols_av,pass,-0.4227,0.0
constrained_ols_av,pass,-0.4227,0.0
constrained_ols_av,pass,-0.8681,0.0
constrained_ols_av,pass,0.0226,0.0
constrained_ols_av,pass,-0.4227,6.0
constrained_ols_av,pass,-1.3134,4.0
constrained_ols_av,pass,0.0226,6.0
constrained_ols_av,pass,0.0226,5.0
constrained_ols_av,pass,-0.4227,4.0
constrained_ols_av,pass,-0.8681,6.0
constrained_ols_av,pass,-0.4227,4.0
constrained_ols_av,pass,0.0226,0.0
constrained_ols_av,pass,-1.3134,0.0
constrained_ols_av,pass,0.0226,3.0
constrained_ols_av,pass,0.4679,7.0
constrained_ols_av,pass,-0.8681,3.0
constrained_ols_av,pass,-0.4227,3.0
constrained_ols_av,pass,-0.4227,0.0
constrained_ols_av,pass,-0.4227,3.0
constrained_ols_av,pass,-0.4227,7.0
constrained_ols_av,pass,-0.8681,3.0
constrained_ols_av,pass,-0.8681,3.0
constrained_ols_av,pass,-0.4227,7.0
constrained_ols_av,pass,0.4679,3.0
constrained_ols_av,pass,-0.4227,4.0
constrained_ols_av,pass,0.0226,6.0
constrained_ols_av,pass,-0.4227,4.0
constrained_ols_av,pass,-0.8681,6.0
constrained_ols_av,pass,-0.8681,4.0
constrained_ols_av,pass,-0.8681,6.0
constrained_ols_av,pass,0.0226,4.0
constrained_ols_av,pass,0.0226,0.0
constrained_ols_av,pass,-0.4227,6.0
constrained_ols_av,pass,-1.3134,4.0
constrained_ols_av,pass,0.4679,4.0
constrained_ols_av,pass,-0.4227,4.0
constrained_ols_av,pass,-0.4227,7.0
constrained_ols_av,pass,0.0226,3.0
constrained_ols_av,pass,-0.4227,0.0
constrained_ols_av,pass,-0.8681,3.0
constrained_ols_av,pass,-0.8681,0.0
constrained_ols_av,pass,-0.4227,0.0
constrained_ols_av,pass,0.0226,10.0
constrained_ols_av,pass,-0.4227,0.0
constrained_ols_av,pass,0.4679,0.0
constrained_ols_av,pass,-1.3134,0.0
constrained_ols_av,pass,0.0226,10.0
constrained_ols_av,pass,-0.8681,0.0
constrained_ols_av,pass,-0.4227,3.0
constrained_ols_av,pass,-0.8681,2.0
constrained_ols_av,pass,0.0226,3.0
constrained_ols_av,pass,-0.4227,7.0
constrained_ols_av,pass,-0.8681,3.0
constrained_ols_av,pass,-0.4227,7.0
constrained_ols_av,pass,0.0226,3.0
constrained_ols_av,pass,-0.4227,4.0
constrained_ols_av,pass,0.0226,6.0
constrained_ols_av,pass,-0.4227,2.0
constrained_ols_av,pass,0.0226,8.0
constrained_ols_av,pass,-1.3134,2.0
constrained_ols_av,pass,-0.4227,0.0
constrained_ols_av,pass,0.0226,0.0
constrained_ols_av,pass,-0.8681,0.0
constrained_ols_av,pass,-0.4227,0.0
constrained_ols_av,pass,0.0226,3.0
constrained_ols_av,pass,-0.4227,0.0
constrained_ols_av,pass,-0.8681,3.0
constrained_ols_av,pass,-0.4227,7.0
constrained_ols_av,pass,-0.8681,4.0
constrained_ols_av,pass,-0.4227,6.0
constrained_ols_av,pass,0.0226,0.0
constrained_ols_av,pass,-0.4227,6.0
constrained_ols_av,pass,-0.4227,4.0
constrained_ols_av,pass,-0.4227,0.0
constrained_ols_av,pass,0.0226,4.0
constrained_ols_av,pass,-0.8681,6.0
constrained_ols_av,pass,-0.8681,7.0
constrained_ols_av,pass,0.0226,1.0
constrained_ols_av,pass,-0.8681,9.0
constrained_ols_av,pass,0.0226,1.0
constrained_ols_av,pass,-0.8681,7.0
constrained_ols_av,pass,0.0226,3.0
constrained_ols_av,pass,-0.4227,0.0
constrained_ols_av,pass,-0.4227,3.0
constrained_ols_av,pass,-0.8681,6.0
constrained_ols_av,pass,-0.8681,4.0
constrained_ols_av,pass,0.0226,0.0
constrained_ols_av,pass,0.0226,4.0
constrained_ols_av,pass,-0.8681,3.0
constrained_ols_av,pass,-0.8681,0.0
constrained_ols_av,pass,-0.4227,3.0
constrained_ols_av,pass,0.4679,7.0
constrained_ols_av,pass,-0.4227,9.0
constrained_ols_av,pass,-0.8681,1.0
constrained_ols_av,pass,-0.4227,1.0
constrained_ols_av,pass,0.0226,1.0
constrained_ols_av,pass,0.9132,7.0
constrained_ols_av,pass,-0.4227,4.0
constrained_ols_av,pass,-0.8681,6.0
constrained_ols_av,pass,-1.3134,4.0
constrained_ols_av,pass,-0.4227,4.0
constrained_ols_av,pass,0.0226,3.0
constrained_ols_av,pass,-0.4227,4.0
constrained_ols_av,pass,-0.8681,6.0
constrained_ols_av,pass,-0.4227,4.0
constrained_ols_av,pass,0.0226,6.0
constrained_ols_av,pass,-0.4227,4.0
constrained_ols_av,pass,-0.8681,0.0
constrained_ols_av,pass,-0.4227,5.0
constrained_ols_av,pass,0.4679,0.0
constrained_ols_av,pass,-0.4227,5.0
constrained_ols_av,pass,-1.3134,5.0
constrained_ols_av,pass,-1.3134,5.0
constrained_ols_av,pass,0.4679,5.0
constrained_ols_av,pass,0.4679,7.0
constrained_ols_av,pass,-1.3134,5.0
constrained_ols_av,pass,-0.4227,5.0
constrained_ols_av,pass,-0.4227,3.0
constrained_ols_av,pass,0.0226,7.0
constrained_ols_av,pass,-0.8681,3.0
constrained_ols_av,pass,0.0226,3.0
constrained_ols_av,pass,-0.8681,7.0
constrained_ols_av,pass,-0.8681,3.0
constrained_ols_av,pass,0.0226,0.0
constrained_ols_av,pass,0.0226,4.0
constrained_ols_av,pass,-0.4227,0.0
constrained_ols_av,pass,-0.4227,4.0
constrained_ols_av,pass,-0.8681,6.0
constrained_ols_av,pass,-1.3134,1.0
constrained_ols_av,pass,0.4679,9.0
constrained_ols_av,pass,-1.3134,1.0
constrained_ols_av,pass,0.4679,10.0
constrained_ols_av,pass,-0.8681,2.0
constrained_ols_av,pass,-0.4227,4.0
constrained_ols_av,pass,-0.4227,6.0
constrained_ols_av,pass,0.0226,4.0
constrained_ols_av,pass,-0.4227,4.0
constrained_ols_av,pass,-0.4227,6.0
constrained_ols_av,pass,-0.4227,4.0
constrained_ols_av,pass,-0.4227,0.0
constrained_ols_av,pass,0.0226,3.0
constrained_ols_av,pass,0.0226,0.0
constrained_ols_av,pass,-0.8681,3.0
constrained_ols_av,pass,-0.8681,7.0
constrained_ols_av,pass,-1.3134,2.0
constrained_ols_av,pass,-0.4227,8.0
constrained_ols_av,pass,0.0226,2.0
constrained_ols_av,pass,0.0226,0.0
constrained_ols_av,pass,0.0226,3.0
constrained_ols_av,pass,0.0226,0.0
constrained_ols_av,pass,-1.3134,3.0
constrained_ols_av,pass,-0.4227,7.0
constrained_ols_av,pass,-0.4227,2.0
constrained_ols_av,pass,-0.4227,8.0
constrained_ols_av,pass,-0.8681,2.0
constrained_ols_av,pass,0.0226,0.0
constrained_ols_av,pass,-0.4227,5.0
constrained_ols_av,pass,-0.8681,5.0
constrained_ols_av,pass,-0.4227,5.0
constrained_ols_av,pass,0.0226,6.0
constrained_ols_av,pass,-0.4227,0.0
constrained_ols_av,pass,-0.4227,0.0
constrained_ols_av,pass,0.0226,0.0
constrained_ols_av,pass,-0.8681,0.0
constrained_ols_av,pass,-1.3134,3.0
constrained_ols_av,pass,0.0226,7.0
constrained_ols_av,pass,-0.4227,3.0
constrained_ols_av,pass,0.0226,0.0
constrained_ols_av,pass,0.0226,7.0
constrained_ols_av,pass,-0.4227,3.0
constrained_ols_av,pass,0.0226,7.0
constrained_ols_av,pass,-1.3134,3.0
constrained_ols_av,pass,-0.4227,0.0
constrained_ols_av,pass,-0.4227,7.0
constrained_ols_av,pass,-0.4227,3.0
constrained_ols_av,pass,-0.4227,7.0
constrained_ols_av,pass,0.4679,0.0
constrained_ols_av,pass,-0.4227,0.0
constrained_ols_av,pass,-0.8681,0.0
constrained_ols_av,pass,-0.8681,0.0
constrained_ols_av,pass,0.0226,2.0
constrained_ols_av,pass,0.0226,7.0
constrained_ols_av,pass,-0.8681,2.0
constrained_ols_av,pass,-0.8681,8.0
constrained_ols_av,pass,0.0226,0.0
constrained_ols_av,pass,-1.3134,1.0
constrained_ols_av,pass,0.9132,9.0
constrained_ols_av,pass,-1.3134,1.0
constrained_ols_av,pass,-0.8681,4.0
constrained_ols_av,pass,-0.4227,6.0
constrained_ols_av,pass,0.4679,4.0
constrained_ols_av,pass,-0.8681,0.0
constrained_ols_av,pass,0.0226,7.0
constrained_ols_av,pass,-0.8681,1.0
constrained_ols_av,pass,-0.4227,9.0
constrained_ols_av,pass,-0.4227,1.0
constrained_ols_av,pass,-1.3134,0.0
constrained_ols_av,pass,0.0226,0.0
constrained_ols_av,pass,-0.4227,0.0
constrained_ols_av,pass,0.0226,10.0
constrained_ols_av,pass,-0.4227,0.0
constrained_ols_av,pass,-0.8681,0.0
constrained_ols_av,pass,-0.8681,0.0
constrained_ols_av,pass,0.4679,0.0
constrained_ols_av,pass,0.9132,6.0
constrained_ols_av,pass,-0.4227,5.0
constrained_ols_av,pass,-1.3134,5.0
constrained_ols_av,pass,-0.8681,5.0
constrained_ols_av,pass,-0.4227,0.0
constrained_ols_av,pass,-0.8681,0.0
constrained_ols_av,pass,0.4679,0.0
constrained_ols_av,pass,-0.8681,0.0
constrained_ols_av,pass,0.4679,0.0
constrained_ols_av,pass,0.0226,3.0
constrained_ols_av,pass,-1.3134,7.0
constrained_ols_av,pass,-0.8681,3.0
constrained_ols_av,pass,-0.4227,0.0
constrained_ols_av,pass,-0.4227,0.0
constrained_ols_av,pass,-0.8681,0.0
constrained_ols_av,pass,0.0226,0.0
constrained_ols_av,pass,-0.4227,6.0
constrained_ols_av,pass,-0.4227,4.0
constrained_ols_av,pass,0.0226,8.0
constrained_ols_av,pass,-0.8681,4.0
constrained_ols_av,pass,0.0226,0.0
constrained_ols_av,pass,-0.4227,4.0
constrained_ols_av,pass,-0.8681,6.0
constrained_ols_av,pass,-0.4227,4.0
constrained_ols_av,pass,-0.4227,8.0
constrained_ols_av,pass,-0.4227,2.0
constrained_ols_av,pass,0.0226,0.0
constrained_ols_av,pass,-0.8681,2.0
constrained_ols_av,pass,-0.4227,0.0
constrained_ols_av,pass,-0.8681,0.0
constrained_ols_av,pass,0.0226,0.0
constrained_ols_av,pass,-0.4227,0.0
constrained_ols_av,pass,-0.8681,0.0
constrained_ols_av,pass,-0.4227,4.0
constrained_ols_av,pass,-0.4227,6.0
constrained_ols_av,pass,0.0226,4.0
constrained_ols_av,pass,-0.4227,2.0
constrained_ols_av,pass,0.4679,2.0
constrained_ols_av,pass,-0.8681,8.0
constrained_ols_av,pass,-0.8681,2.0
constrained_ols_av,pass,-0.4227,8.0
constrained_ols_av,pass,-0.8681,1.0
constrained_ols_av,pass,-0.8681,9.0
constrained_ols_av,pass,0.4679,1.0
constrained_ols_av,pass,-0.4227,0.0
constrained_ols_av,pass,-0.4227,0.0
constrained_ols_av,pass,-0.8681,0.0
constrained_ols_av,pass,0.0226,0.0
constrained_ols_av,pass,-0.8681,1.0
constrained_ols_av,pass,0.4679,0.0
constrained_ols_av,pass,-0.4227,1.0
constrained_ols_av,pass,-0.8681,9.0
constrained_ols_av,pass,-0.8681,0.0
constrained_ols_av,pass,-0.8681,2.0
constrained_ols_av,pass,0.9132,8.0
constrained_ols_av,pass,-0.8681,2.0
constrained_ols_av,pass,0.0226,1.0
constrained_ols_av,pass,-0.8681,9.0
constrained_ols_av,pass,0.0226,1.0
constrained_ols_av,pass,-0.8681,0.0
constrained_ols_av,pass,-0.4227,0.0
constrained_ols_av,pass,-0.4227,0.0
constrained_ols_av,pass,-0.4227,0.0
constrained_ols_av,pass,-0.4227,0.0
constrained_ols_av,pass,-1.3134,3.0
constrained_ols_av,pass,-0.4227,7.0
constrained_ols_av,pass,-0.4227,0.0
constrained_ols_av,pass,0.4679,7.0
constrained_ols_av,pass,0.0226,8.0
constrained_ols_av,pass,-1.3134,3.0
constrained_ols_av,pass,-1.3134,7.0
constrained_ols_av,pass,0.9132,3.0
constrained_ols_av,pass,-0.4227,1.0
constrained_ols_av,pass,0.4679,9.0
constrained_ols_av,pass,-0.8681,1.0
constrained_ols_av,pass,-0.8681,0.0
constrained_ols_av,pass,0.4679,5.0
constrained_ols_av,pass,-0.8681,5.0
constrained_ols_av,pass,-1.3134,5.0
constrained_ols_av,pass,0.0226,0.0
constrained_ols_av,pass,-0.8681,8.0
constrained_ols_av,pass,-0.4227,2.0
constrained_ols_av,pass,-0.4227,10.0
constrained_ols_av,pass,0.0226,2.0
constrained_ols_av,pass,-1.3134,0.0
constrained_ols_av,pass,-0.4227,0.0
constrained_ols_av,pass,0.0226,0.0
constrained_ols_av,pass,0.0226,0.0
constrained_ols_av,pass,-0.4227,2.0
constrained_ols_av,pass,0.0226,8.0
constrained_ols_av,pass,-0.8681,2.0
constrained_ols_av,pass,-0.4227,0.0
constrained_ols_av,pass,0.0226,3.0
constrained_ols_av,pass,-0.8681,7.0
constrained_ols_av,pass,0.0226,3.0
constrained_ols_av,pass,-0.8681,5.0
constrained_ols_av,pass,-0.4227,3.0
constrained_ols_av,pass,-1.3134,7.0
constrained_ols_av,pass,0.4679,3.0
constrained_ols_av,pass,-0.4227,4.0
constrained_ols_av,pass,0.0226,0.0
constrained_ols_av,pass,-1.3134,0.0
constrained_ols_av,pass,-0.8681,0.0
constrained_ols_av,pass,0.4679,0.0
constrained_ols_av,pass,-0.4227,0.0
constrained_ols_av,pass,-0.4227,0.0
constrained_ols_av,pass,0.4679,0.0
constrained_ols_av,pass,-1.3134,0.0
constrained_ols_av,pass,-0.4227,0.0
constrained_ols_av,pass,-0.8681,0.0
constrained_ols_av,pass,-0.4227,0.0
constrained_ols_av,pass,0.0226,0.0
constrained_ols_av,pass,0.9132,2.0
constrained_ols_av,pass,-0.8681,5.0
constrained_ols_av,pass,-0.4227,2.0
constrained_ols_av,pass,-1.3134,8.0
constrained_ols_av,pass,0.0226,5.0
constrained_ols_av,pass,0.0226,5.0
constrained_ols_av,pass,-0.4227,5.0
constrained_ols_av,pass,-1.3134,7.0
constrained_ols_av,pass,-1.3134,4.0
constrained_ols_av,pass,-0.8681,7.0
constrained_ols_av,pass,0.0226,4.0
constrained_ols_av,pass,0.4679,6.0
constrained_ols_av,pass,-1.3134,5.0
constrained_ols_av,pass,-0.8681,5.0
constrained_ols_av,pass,0.9132,0.0
constrained_ols_av,pass,-0.4227,5.0
constrained_ols_av,pass,-1.3134,0.0
constrained_ols_av,pass,-0.4227,0.0
constrained_ols_av,pass,0.4679,0.0
constrained_ols_av,pass,-0.4227,0.0
constrained_ols_av,pass,0.0226,3.0
constrained_ols_av,pass,-0.8681,7.0
constrained_ols_av,pass,-0.4227,3.0
constrained_ols_av,pass,-0.4227,0.0
constrained_ols_av,pass,0.0226,0.0
constrained_ols_av,pass,-0.4227,4.0
constrained_ols_av,pass,-0.8681,6.0
constrained_ols_av,pass,-0.4227,4.0
constrained_ols_av,pass,-0.4227,3.0
constrained_ols_av,pass,0.4679,7.0
constrained_ols_av,pass,-0.8681,3.0
constrained_ols_av,pass,-0.8681,0.0
constrained_ols_av,pass,-0.4227,9.0
constrained_ols_av,pass,-0.4227,1.0
constrained_ols_av,pass,-0.4227,7.0
constrained_ols_av,pass,-0.4227,1.0
constrained_ols_av,pass,-0.8681,5.0
constrained_ols_av,pass,-0.8681,5.0
constrained_ols_av,pass,0.0226,0.0
constrained_ols_av,pass,0.0226,5.0
constrained_ols_av,pass,-0.4227,3.0
constrained_ols_av,pass,-0.8681,7.0
constrained_ols_av,pass,0.4679,3.0
constrained_ols_av,pass,-0.8681,0.0
constrained_ols_av,pass,-1.3134,4.0
constrained_ols_av,pass,0.0226,6.0
constrained_ols_av,pass,0.0226,0.0
constrained_ols_av,pass,-0.4227,6.0
constrained_ols_av,pass,-0.4227,5.0
constrained_ols_av,pass,-0.4227,5.0
constrained_ols_av,pass,0.4679,4.0
constrained_ols_av,pass,-1.3134,5.0
constrained_ols_av,pass,0.0226,0.0
constrained_ols_av,pass,-0.4227,6.0
constrained_ols_av,pass,-0.4227,4.0
constrained_ols_av,pass,-0.8681,6.0
constrained_ols_av,pass,-0.4227,0.0
constrained_ols_av,pass,-0.4227,3.0
constrained_ols_av,pass,0.0226,7.0
constrained_ols_av,pass,-0.8681,3.0
constrained_ols_av,pass,-1.3134,2.0
constrained_ols_av,pass,0.9132,0.0
constrained_ols_av,pass,-0.4227,2.0
constrained_ols_av,pass,-0.8681,8.0
constrained_ols_av,pass,-0.8681,0.0
constrained_ols_av,pass,-0.4227,0.0
constrained_ols_av,pass,-0.4227,0.0
constrained_ols_av,pass,0.0226,0.0
constrained_ols_av,pass,-0.4227,7.0
constrained_ols_av,pass,0.0226,3.0
constrained_ols_av,pass,0.0226,0.0
constrained_ols_av,pass,-1.3134,3.0
constrained_ols_av,pass,0.0226,7.0
constrained_ols_av,pass,-0.4227,1.0
constrained_ols_av,pass,0.0226,9.0
constrained_ols_av,pass,-1.3134,1.0
constrained_ols_av,pass,-0.8681,4.0
constrained_ols_av,pass,0.0226,3.0
constrained_ols_av,pass,0.0226,4.0
constrained_ols_av,pass,-0.8681,6.0
constrained_ols_av,pass,-0.4227,6.0
constrained_ols_av,pass,-0.8681,0.0
constrained_ols_av,pass,0.0226,6.0
constrained_ols_av,pass,-0.4227,4.0
constrained_ols_av,pass,-0.4227,6.0
constrained_ols_av,pass,0.4679,4.0
constrained_ols_av,pass,-0.4227,4.0
constrained_ols_av,pass,-1.3134,4.0
constrained_ols_av,pass,0.0226,9.0
constrained_ols_av,pass,-0.8681,1.0
constrained_ols_av,pass,0.0226,0.0
constrained_ols_av,pass,-0.8681,1.0
constrained_ols_av,pass,0.0226,3.0
constrained_ols_av,pass,-0.8681,7.0
constrained_ols_av,pass,-0.8681,3.0
constrained_ols_av,pass,0.0226,0.0
constrained_ols_av,pass,0.9132,0.0
constrained_ols_av,pass,-0.8681,5.0
constrained_ols_av,pass,-0.8681,5.0
constrained_ols_av,pass,-0.8681,5.0
constrained_ols_av,pass,-0.8681,0.0
constrained_ols_av,pass,-0.8681,0.0
constrained_ols_av,pass,0.9132,0.0
constrained_ols_av,pass,-0.8681,0.0
constrained_ols_av,pass,0.0226,0.0
constrained_ols_av,pass,-0.4227,0.0
constrained_ols_av,pass,-0.4227,0.0
constrained_ols_av,pass,-0.8681,0.0
constrained_ols_av,pass,-0.8681,5.0
constrained_ols_av,pass,0.0226,5.0
constrained_ols_av,pass,-1.3134,6.0
constrained_ols_av,pass,0.4679,5.0
constrained_ols_av,pass,0.0226,9.0
constrained_ols_av,pass,-0.8681,3.0
constrained_ols_av,pass,0.4679,7.0
constrained_ols_av,pass,-1.3134,3.0
constrained_ols_av,pass,-0.4227,1.0
constrained_ols_av,pass,0.0226,9.0
constrained_ols_av,pass,-0.8681,1.0
constrained_ols_av,pass,-0.4227,0.0
constrained_ols_av,pass,0.4679,3.0
constrained_ols_av,pass,-0.8681,1.0
constrained_ols_av,pass,-0.8681,9.0
constrained_ols_av,pass,-0.4227,1.0
constrained_ols_av,pass,0.0226,0.0
constrained_ols_av,pass,-0.4227,0.0
constrained_ols_av,pass,-0.8681,0.0
constrained_ols_av,pass,-0.4227,0.0
constrained_ols_av,pass,-0.8681,5.0
constrained_ols_av,pass,-0.4227,5.0
constrained_ols_av,pass,0.0226,0.0
constrained_ols_av,pass,-0.4227,5.0
constrained_ols_av,pass,0.0226,4.0
constrained_ols_av,pass,-0.4227,3.0
constrained_ols_av,pass,-0.8681,7.0
constrained_ols_av,pass,-0.4227,3.0
constrained_ols_av,pass,-0.4227,6.0
constrained_ols_av,pass,-0.8681,4.0
constrained_ols_av,pass,-0.4227,0.0
constrained_ols_av,pass,0.0226,4.0
constrained_ols_av,pass,-0.4227,0.0
constrained_ols_av,pass,0.0226,0.0
constrained_ols_av,pass,-0.8681,0.0
constrained_ols_av,pass,-0.4227,0.0
constrained_ols_av,pass,-0.4227,2.0
constrained_ols_av,pass,0.0226,5.0
constrained_ols_av,pass,-0.4227,5.0
constrained_ols_av,pass,-0.8681,5.0
constrained_ols_av,pass,0.0226,2.0
constrained_ols_av,pass,0.0226,4.0
constrained_ols_av,pass,-1.3134,2.0
constrained_ols_av,pass,-0.4227,8.0
constrained_ols_av,pass,0.0226,0.0
constrained_ols_av,pass,-0.4227,3.0
constrained_ols_av,pass,-0.8681,7.0
constrained_ols_av,pass,-0.4227,3.0
constrained_ols_av,pass,-1.3134,3.0
constrained_ols_av,pass,-0.4227,7.0
constrained_ols_av,pass,0.4679,3.0
constrained_ols_av,pass,-0.4227,0.0
constrained_ols_av,pass,-0.4227,3.0
constrained_ols_av,pass,0.0226,2.0
constrained_ols_av,pass,-0.4227,3.0
constrained_ols_av,pass,-0.8681,7.0
constrained_ols_av,pass,0.0226,8.0
constrained_ols_av,pass,-0.4227,2.0
constrained_ols_av,pass,-0.4227,5.0
constrained_ols_av,pass,-0.8681,2.0
constrained_ols_av,pass,-0.8681,9.0
constrained_ols_av,pass,-0.4227,1.0
constrained_ols_av,pass,-1.3134,1.0
constrained_ols_av,pass,0.9132,1.0
constrained_ols_av,pass,-0.4227,0.0
constrained_ols_av,pass,0.0226,3.0
constrained_ols_av,pass,-0.4227,7.0
constrained_ols_av,pass,-0.8681,3.0
constrained_ols_av,pass,-0.4227,4.0
constrained_ols_av,pass,-0.8681,6.0
constrained_ols_av,pass,0.0226,4.0
constrained_ols_av,pass,-0.4227,3.0
constrained_ols_av,pass,0.9132,2.0
constrained_ols_av,pass,-0.8681,3.0
constrained_ols_av,pass,-0.4227,2.0
constrained_ols_av,pass,-1.3134,8.0
constrained_ols_av,pass,-0.8681,6.0
constrained_ols_av,pass,0.4679,5.0
constrained_ols_av,pass,-0.4227,5.0
constrained_ols_av,pass,-0.8681,5.0
constrained_ols_av,pass,-1.3134,7.0
constrained_ols_av,pass,-0.8681,3.0
constrained_ols_av,pass,0.0226,4.0
constrained_ols_av,pass,0.4679,3.0
constrained_ols_av,pass,-0.8681,3.0
constrained_ols_av,pass,0.0226,8.0
constrained_ols_av,pass,-0.8681,3.0
constrained_ols_av,pass,0.0226,7.0
constrained_ols_av,pass,-0.4227,6.0
constrained_ols_av,pass,-0.8681,4.0
constrained_ols_av,pass,0.0226,6.0
constrained_ols_av,pass,-0.4227,0.0
constrained_ols_av,pass,0.0226,7.0
constrained_ols_av,pass,-1.3134,3.0
constrained_ols_av,pass,0.0226,0.0
constrained_ols_av,pass,-0.4227,3.0
constrained_ols_av,pass,-0.4227,6.0
constrained_ols_av,pass,-0.8681,6.0
constrained_ols_av,pass,-0.4227,4.0
constrained_ols_av,pass,0.0226,6.0
constrained_ols_av,pass,-0.4227,6.0
constrained_ols_av,pass,0.0226,4.0
constrained_ols_av,pass,-0.8681,3.0
constrained_ols_av,pass,-0.4227,4.0
constrained_ols_av,pass,-0.8681,1.0
constrained_ols_av,pass,-0.4227,0.0
constrained_ols_av,pass,0.4679,1.0
constrained_ols_av,pass,-0.8681,9.0
constrained_ols_av,pass,0.0226,0.0
constrained_ols_av,pass,-0.8681,3.0
constrained_ols_av,pass,0.0226,7.0
constrained_ols_av,pass,-0.8681,3.0
constrained_ols_av,pass,-0.8681,5.0
constrained_ols_av,pass,-0.4227,5.0
constrained_ols_av,pass,-0.4227,5.0
constrained_ols_av,pass,0.0226,0.0
constrained_ols_av,pass,0.4679,6.0
constrained_ols_av,pass,-0.4227,4.0
constrained_ols_av,pass,-0.8681,0.0
constrained_ols_av,pass,-0.8681,4.0
constrained_ols_av,pass,-0.8681,0.0
constrained_ols_av,pass,0.4679,0.0
constrained_ols_av,pass,0.0226,0.0
constrained_ols_av,pass,-1.3134,0.0
constrained_ols_av,pass,-0.4227,9.0
constrained_ols_av,pass,-0.4227,1.0
constrained_ols_av,pass,-0.4227,2.0
constrained_ols_av,pass,-0.4227,1.0
constrained_ols_av,pass,-0.4227,0.0
constrained_ols_av,pass,0.0226,0.0
constrained_ols_av,pass,-0.4227,0.0
constrained_ols_av,pass,-0.8681,0.0
constrained_ols_av,pass,-0.8681,2.0
constrained_ols_av,pass,-0.4227,0.0
constrained_ols_av,pass,-0.4227,2.0
constrained_ols_av,pass,0.0226,8.0
constrained_ols_av,pass,-0.8681,3.0
constrained_ols_av,pass,-0.4227,0.0
constrained_ols_av,pass,-0.4227,3.0
constrained_ols_av,pass,0.0226,7.0
constrained_ols_av,pass,-0.4227,6.0
constrained_ols_av,pass,0.0226,4.0
constrained_ols_av,pass,-0.4227,4.0
constrained_ols_av,pass,-0.8681,4.0
constrained_ols_av,pass,-0.4227,0.0
constrained_ols_av,pass,-0.4227,2.0
constrained_ols_av,pass,0.0226,8.0
constrained_ols_av,pass,-0.8681,2.0
constrained_ols_av,pass,0.0226,4.0
constrained_ols_av,pass,-0.4227,7.0
constrained_ols_av,pass,-0.8681,4.0
constrained_ols_av,pass,-0.4227,6.0
constrained_ols_av,pass,-0.4227,4.0
constrained_ols_av,pass,-0.8681,1.0
constrained_ols_av,pass,0.0226,4.0
constrained_ols_av,pass,-0.4227,6.0
constrained_ols_av,pass,-1.3134,7.0
constrained_ols_av,pass,-0.8681,3.0
constrained_ols_av,pass,0.4679,6.0
constrained_ols_av,pass,0.0226,3.0
constrained_ols_av,pass,-0.4227,3.0
constrained_ols_av,pass,-0.4227,7.0
constrained_ols_av,pass,-0.4227,3.0
constrained_ols_av,pass,-0.4227,0.0
constrained_ols_av,pass,0.0226,3.0
constrained_ols_av,pass,0.0226,7.0
constrained_ols_av,pass,-0.8681,3.0
constrained_ols_av,pass,-0.8681,3.0
constrained_ols_av,pass,0.0226,0.0
constrained_ols_av,pass,-0.4227,0.0
constrained_ols_av,pass,-0.4227,0.0
constrained_ols_av,pass,-0.8681,0.0
constrained_ols_av,pass,-0.8681,0.0
constrained_ols_av,pass,0.0226,0.0
constrained_ols_av,pass,-1.3134,0.0
constrained_ols_av,pass,0.4679,0.0
constrained_ols_av,pass,0.0226,0.0
constrained_ols_av,pass,0.0226,0.0
constrained_ols_av,pass,-1.3134,0.0
constrained_ols_av,pass,-0.4227,0.0
constrained_ols_av,pass,-0.8681,1.0
constrained_ols_av,pass,-0.4227,5.0
constrained_ols_av,pass,0.4679,1.0
constrained_ols_av,pass,-0.8681,9.0
constrained_ols_av,pass,-0.4227,6.0
constrained_ols_av,pass,0.0226,1.0
constrained_ols_av,pass,-0.4227,9.0
constrained_ols_av,pass,-0.8681,1.0
constrained_ols_av,pass,-0.8681,2.0
constrained_ols_av,pass,-0.4227,8.0
constrained_ols_av,pass,-0.4227,2.0
constrained_ols_av,pass,0.0226,0.0
constrained_ols_av,pass,-0.4227,0.0
constrained_ols_av,pass,-0.4227,0.0
constrained_ols_av,pass,-0.4227,0.0
constrained_ols_av,pass,-0.4227,0.0
constrained_ols_av,pass,-0.4227,2.0
constrained_ols_av,pass,-0.8681,8.0
constrained_ols_av,pass,0.0226,2.0
constrained_ols_av,pass,-0.4227,2.0
constrained_ols_av,pass,0.0226,7.0
constrained_ols_av,pass,-0.4227,3.0
constrained_ols_av,pass,0.0226,1.0
constrained_ols_av,pass,-1.3134,3.0
constrained_ols_av,pass,0.4679,9.0
constrained_ols_av,pass,-0.8681,1.0
constrained_ols_av,pass,-0.8681,0.0
constrained_ols_av,pass,-0.4227,1.0
constrained_ols_av,pass,0.0226,9.0
constrained_ols_av,pass,-0.8681,1.0
constrained_ols_av,pass,0.0226,0.0
constrained_ols_av,pass,-0.8681,1.0
constrained_ols_av,pass,-0.4227,0.0
constrained_ols_av,pass,0.0226,3.0
constrained_ols_av,pass,-0.4227,7.0
constrained_ols_av,pass,-0.8681,3.0
constrained_ols_av,pass,-0.4227,3.0
constrained_ols_av,pass,0.0226,0.0
constrained_ols_av,pass,-0.8681,3.0
constrained_ols_av,pass,-0.4227,7.0
constrained_ols_av,pass,-0.8681,6.0
constrained_ols_av,pass,-0.8681,4.0
constrained_ols_av,pass,0.4679,6.0
constrained_ols_av,pass,-0.4227,4.0
constrained_ols_av,pass,0.0226,0.0
constrained_ols_av,pass,-0.4227,0.0
constrained_ols_av,pass,0.0226,0.0
constrained_ols_av,pass,-1.3134,0.0
constrained_ols_av,pass,-0.8681,2.0
constrained_ols_av,pass,-0.4227,0.0
constrained_ols_av,pass,-0.4227,2.0
constrained_ols_av,pass,0.0226,8.0
constrained_ols_av,pass,0.0226,5.0
constrained_ols_av,pass,-0.8681,5.0
constrained_ols_av,pass,0.0226,5.0
constrained_ols_av,pass,-0.8681,4.0
constrained_ols_av,pass,-0.4227,0.0
constrained_ols_av,pass,-0.4227,0.0
constrained_ols_av,pass,-0.4227,0.0
constrained_ols_av,pass,-0.4227,0.0
constrained_ols_av,pass,-0.4227,5.0
constrained_ols_av,pass,-0.4227,5.0
constrained_ols_av,pass,0.0226,5.0
constrained_ols_av,pass,-0.8681,0.0
constrained_ols_av,pass,-0.8681,0.0
constrained_ols_av,pass,0.0226,4.0
constrained_ols_av,pass,-0.4227,6.0
constrained_ols_av,pass,-0.4227,4.0
constrained_ols_av,pass,0.0226,4.0
constrained_ols_av,pass,-0.4227,6.0
constrained_ols_av,pass,-1.3134,4.0
constrained_ols_av,pass,0.0226,6.0
constrained_ols_av,pass,0.0226,3.0
constrained_ols_av,pass,-0.8681,5.0
constrained_ols_av,pass,-1.3134,3.0
constrained_ols_av,pass,0.4679,7.0
constrained_ols_av,pass,-0.4227,0.0
constrained_ols_av,pass,-0.4227,0.0
constrained_ols_av,pass,-0.4227,0.0
constrained_ols_av,pass,-0.4227,0.0
constrained_ols_av,pass,0.0226,0.0
constrained_ols_av,pass,-0.8681,0.0
constrained_ols_av,pass,0.0226,0.0
constrained_ols_av,pass,-0.8681,0.0
constrained_ols_av,pass,-0.8681,0.0
constrained_ols_av,pass,0.0226,0.0
constrained_ols_av,pass,-0.8681,0.0
constrained_ols_av,pass,0.0226,0.0
constrained_ols_av,pass,-1.3134,4.0
constrained_ols_av,pass,0.0226,6.0
constrained_ols_av,pass,0.4679,5.0
constrained_ols_av,pass,-0.8681,6.0
constrained_ols_av,pass,0.4679,0.0
constrained_ols_av,pass,-0.4227,0.0
constrained_ols_av,pass,-1.3134,0.0
constrained_ols_av,pass,-0.4227,0.0
constrained_ols_av,pass,-0.4227,5.0
constrained_ols_av,pass,-0.8681,3.0
constrained_ols_av,pass,0.0226,7.0
constrained_ols_av,pass,-0.4227,3.0
constrained_ols_av,pass,-0.4227,3.0
constrained_ols_av,pass,0.9132,7.0
constrained_ols_av,pass,-0.8681,3.0
constrained_ols_av,pass,-1.3134,7.0
constrained_ols_av,pass,-0.4227,6.0
constrained_ols_av,pass,-0.4227,1.0
constrained_ols_av,pass,-0.4227,9.0
constrained_ols_av,pass,-0.4227,1.0
constrained_ols_av,pass,0.0226,0.0
constrained_ols_av,pass,-0.8681,0.0
constrained_ols_av,pass,0.0226,10.0
constrained_ols_av,pass,-0.8681,0.0
constrained_ols_av,pass,-1.3134,0.0
constrained_ols_av,pass,-0.4227,0.0
constrained_ols_av,pass,0.0226,0.0
constrained_ols_av,pass,0.0226,0.0
constrained_ols_av,pass,-1.3134,0.0
constrained_ols_av,pass,0.0226,5.0
constrained_ols_av,pass,-0.4227,5.0
constrained_ols_av,pass,0.0226,5.0
constrained_ols_av,pass,0.0226,4.0
constrained_ols_av,pass,-1.3134,6.0
constrained_ols_av,pass,-0.4227,4.0
constrained_ols_av,pass,0.0226,0.0
constrained_ols_av,pass,-1.3134,2.0
constrained_ols_av,pass,0.0226,7.0
constrained_ols_av,pass,-0.4227,2.0
constrained_ols_av,pass,0.0226,9.0
constrained_ols_av,pass,-0.4227,1.0
constrained_ols_av,pass,-0.4227,9.0
constrained_ols_av,pass,-1.3134,1.0
constrained_ols_av,pass,0.4679,4.0
constrained_ols_av,pass,-0.8681,0.0
constrained_ols_av,pass,-0.8681,0.0
constrained_ols_av,pass,0.0226,0.0
constrained_ols_av,pass,0.0226,0.0
constrained_ols_av,pass,-0.4227,0.0
constrained_ols_av,pass,-0.4227,0.0
constrained_ols_av,pass,-0.8681,0.0
constrained_ols_av,pass,0.0226,0.0
constrained_ols_av,pass,0.0226,1.0
constrained_ols_av,pass,0.0226,5.0
constrained_ols_av,pass,-0.8681,1.0
constrained_ols_av,pass,-0.8681,9.0
constrained_ols_av,pass,0.0226,3.0
constrained_ols_av,pass,-1.3134,7.0
constrained_ols_av,pass,-0.8681,3.0
constrained_ols_av,pass,0.4679,6.0
constrained_ols_av,pass,-0.4227,2.0
constrained_ols_av,pass,-0.8681,8.0
constrained_ols_av,pass,0.0226,2.0
constrained_ols_av,pass,-0.4227,0.0
constrained_ols_av,pass,-0.8681,5.0
constrained_ols_av,pass,0.0226,5.0
constrained_ols_av,pass,0.4679,5.0
constrained_ols_av,pass,-1.3134,2.0
constrained_ols_av,pass,0.0226,8.0
constrained_ols_av,pass,0.0226,2.0
constrained_ols_av,pass,-0.4227,0.0
constrained_ols_av,pass,-1.3134,2.0
constrained_ols_av,pass,0.0226,2.0
constrained_ols_av,pass,-0.8681,8.0
constrained_ols_av,pass,-0.8681,2.0
constrained_ols_av,pass,0.0226,0.0
constrained_ols_av,pass,0.0226,6.0
constrained_ols_av,pass,-0.4227,4.0
constrained_ols_av,pass,-0.4227,3.0
constrained_ols_av,pass,-0.8681,4.0
constrained_ols_av,pass,-1.3134,5.0
constrained_ols_av,pass,0.0226,5.0
constrained_ols_av,pass,0.0226,5.0
constrained_ols_av,pass,-0.4227,0.0
constrained_ols_av,pass,-0.4227,4.0
constrained_ols_av,pass,-0.4227,6.0
constrained_ols_av,pass,0.4679,0.0
constrained_ols_av,pass,-1.3134,6.0
constrained_ols_av,pass,-0.4227,0.0
constrained_ols_av,pass,-1.3134,0.0
constrained_ols_av,pass,-0.4227,0.0
constrained_ols_av,pass,0.4679,0.0
constrained_ols_av,pass,-0.4227,0.0
constrained_ols_av,pass,-0.8681,4.0
constrained_ols_av,pass,-0.4227,6.0
constrained_ols_av,pass,0.0226,4.0
constrained_ols_av,pass,-0.8681,6.0
constrained_ols_av,pass,-0.8681,4.0
constrained_ols_av,pass,0.4679,0.0
constrained_ols_av,pass,-0.4227,4.0
constrained_ols_av,pass,0.0226,9.0
constrained_ols_av,pass,-0.4227,1.0
constrained_ols_av,pass,-0.4227,2.0
constrained_ols_av,pass,-0.8681,1.0
constrained_ols_av,pass,-0.4227,5.0
constrained_ols_av,pass,-0.4227,2.0
constrained_ols_av,pass,-0.4227,8.0
constrained_ols_av,pass,-0.4227,2.0
constrained_ols_av,pass,-1.3134,3.0
constrained_ols_av,pass,0.4679,3.0
constrained_ols_av,pass,0.0226,7.0
constrained_ols_av,pass,-0.8681,3.0
constrained_ols_av,pass,0.0226,5.0
constrained_ols_av,pass,-0.8681,5.0
constrained_ols_av,pass,0.0226,5.0
constrained_ols_av,pass,-0.8681,2.0
constrained_ols_av,pass,-0.8681,7.0
constrained_ols_av,pass,-0.8681,3.0
constrained_ols_av,pass,0.0226,8.0
constrained_ols_av,pass,0.0226,3.0
constrained_ols_av,pass,-0.8681,2.0
constrained_ols_av,pass,-0.4227,8.0
constrained_ols_av,pass,-0.8681,2.0
constrained_ols_av,pass,0.4679,0.0
constrained_ols_av,pass,-0.4227,0.0
constrained_ols_av,pass,-0.8681,0.0
constrained_ols_av,pass,-0.4227,0.0
constrained_ols_av,pass,0.0226,0.0
constrained_ols_av,pass,-0.8681,4.0
constrained_ols_av,pass,-0.8681,6.0
constrained_ols_av,pass,0.4679,0.0
constrained_ols_av,pass,-0.4227,6.0
constrained_ols_av,pass,-1.3134,3.0
constrained_ols_av,pass,0.4679,7.0
constrained_ols_av,pass,-0.8681,3.0
constrained_ols_av,pass,0.0226,0.0
constrained_ols_av,pass,-0.4227,0.0
constrained_ols_av,pass,-0.4227,5.0
constrained_ols_av,pass,-0.4227,5.0
constrained_ols_av,pass,-0.4227,5.0
constrained_ols_av,pass,-0.4227,6.0
constrained_ols_av,pass,-0.4227,4.0
constrained_ols_av,pass,-0.4227,6.0
constrained_ols_av,pass,-0.4227,7.0
constrained_ols_av,pass,-1.3134,3.0
constrained_ols_av,pass,-0.4227,7.0
constrained_ols_av,pass,-0.4227,3.0
constrained_ols_av,pass,0.4679,0.0
constrained_ols_av,pass,-0.4227,0.0
constrained_ols_av,pass,0.0226,0.0
constrained_ols_av,pass,-0.8681,0.0
constrained_ols_av,pass,-0.4227,0.0
constrained_ols_av,pass,-0.4227,2.0
constrained_ols_av,pass,-1.3134,3.0
constrained_ols_av,pass,0.0226,2.0
constrained_ols_av,pass,0.0226,8.0
constrained_ols_av,pass,-0.4227,5.0
constrained_ols_av,pass,0.4679,5.0
constrained_ols_av,pass,-0.8681,0.0
constrained_ols_av,pass,-0.8681,5.0
constrained_ols_av,pass,0.0226,2.0
constrained_ols_av,pass,-0.8681,3.0
constrained_ols_av,pass,-0.4227,7.0
constrained_ols_av,pass,-0.4227,3.0
constrained_ols_av,pass,-0.8681,5.0
constrained_ols_av,pass,-0.8681,5.0
constrained_ols_av,pass,0.0226,5.0
constrained_ols_av,pass,0.0226,6.0
constrained_ols_av,pass,-0.8681,7.0
constrained_ols_av,pass,-1.3134,3.0
constrained_ols_av,pass,0.4679,5.0
constrained_ols_av,pass,0.0226,3.0
constrained_ols_av,pass,-0.4227,3.0
constrained_ols_av,pass,-0.4227,0.0
constrained_ols_av,pass,-0.8681,3.0
constrained_ols_av,pass,0.0226,7.0
constrained_ols_av,pass,-0.4227,8.0
constrained_ols_av,pass,0.0226,2.0
constrained_ols_av,pass,-0.4227,0.0
constrained_ols_av,pass,-0.8681,2.0
constrained_ols_av,pass,-0.8681,7.0
constrained_ols_av,pass,-0.8681,3.0
constrained_ols_av,pass,0.0226,0.0
constrained_ols_av,pass,0.0226,3.0
constrained_ols_av,pass,-0.4227,0.0
constrained_ols_av,pass,-0.8681,1.0
constrained_ols_av,pass,0.4679,9.0
constrained_ols_av,pass,-0.8681,1.0
constrained_ols_av,pass,-0.8681,0.0
constrained_ols_av,pass,-0.4227,0.0
constrained_ols_av,pass,0.0226,0.0
constrained_ols_av,pass,-0.4227,0.0
constrained_ols_av,pass,0.0226,5.0
constrained_ols_av,pass,-0.8681,5.0
constrained_ols_av,pass,-0.4227,0.0
constrained_ols_av,pass,-0.4227,5.0
constrained_ols_av,pass,0.0226,6.0
constrained_ols_av,pass,-0.8681,4.0
constrained_ols_av,pass,-0.8681,6.0
constrained_ols_av,pass,0.0226,8.0
constrained_ols_av,pass,0.4679,0.0
constrained_ols_av,pass,-0.4227,4.0
constrained_ols_av,pass,-1.3134,6.0
constrained_ols_av,pass,-0.4227,4.0
constrained_ols_av,pass,-0.4227,5.0
constrained_ols_av,pass,-0.4227,0.0
constrained_ols_av,pass,-0.4227,5.0
constrained_ols_av,pass,-0.4227,5.0
constrained_ols_av,pass,0.0226,6.0
constrained_ols_av,pass,-0.4227,4.0
constrained_ols_av,pass,-0.8681,4.0
constrained_ols_av,pass,-0.4227,4.0
constrained_ols_av,pass,-1.3134,0.0
constrained_ols_av,pass,0.0226,0.0
constrained_ols_av,pass,-0.4227,0.0
constrained_ols_av,pass,0.0226,0.0
constrained_ols_av,pass,-0.4227,0.0
constrained_ols_av,pass,0.0226,0.0
constrained_ols_av,pass,-0.4227,0.0
constrained_ols_av,pass,-0.8681,0.0
constrained_ols_av,pass,0.0226,2.0
constrained_ols_av,pass,-0.4227,8.0
constrained_ols_av,pass,-0.8681,2.0
constrained_ols_av,pass,-0.4227,0.0
constrained_ols_av,pass,0.0226,5.0
constrained_ols_av,pass,-0.4227,5.0
constrained_ols_av,pass,-0.8681,4.0
constrained_ols_av,pass,-0.4227,5.0
constrained_ols_av,pass,0.0226,2.0
constrained_ols_av,pass,-0.4227,8.0
constrained_ols_av,pass,-0.8681,2.0
constrained_ols_av,pass,-0.4227,0.0
constrained_ols_av,pass,-0.4227,6.0
constrained_ols_av,pass,-0.8681,4.0
constrained_ols_av,pass,-0.4227,0.0
constrained_ols_av,pass,0.0226,4.0
constrained_ols_av,pass,-0.8681,0.0
constrained_ols_av,pass,-0.8681,0.0
constrained_ols_av,pass,-0.4227,0.0
constrained_ols_av,pass,0.4679,0.0
constrained_ols_av,pass,-1.3134,4.0
constrained_ols_av,pass,-0.8681,6.0
constrained_ols_av,pass,0.4679,0.0
constrained_ols_av,pass,0.0226,6.0
constrained_ols_av,pass,0.4679,6.0
constrained_ols_av,pass,-0.8681,4.0
constrained_ols_av,pass,-0.8681,6.0
constrained_ols_av,pass,-0.4227,4.0
constrained_ols_av,pass,-0.4227,4.0
constrained_ols_av,pass,-0.4227,4.0
constrained_ols_av,pass,-0.4227,4.0
constrained_ols_av,pass,-0.4227,6.0
constrained_ols_av,pass,0.0226,8.0
constrained_ols_av,pass,-0.8681,3.0
constrained_ols_av,pass,-0.8681,7.0
constrained_ols_av,pass,0.0226,3.0
constrained_ols_av,pass,-0.4227,3.0
constrained_ols_av,pass,-0.4227,7.0
constrained_ols_av,pass,-0.8681,3.0
constrained_ols_av,pass,0.0226,0.0
constrained_ols_av,pass,-0.4227,6.0
constrained_ols_av,pass,-0.4227,4.0
constrained_ols_av,pass,-0.4227,3.0
constrained_ols_av,pass,-0.4227,4.0
constrained_ols_av,pass,0.0226,9.0
constrained_ols_av,pass,-0.4227,3.0
constrained_ols_av,pass,-0.8681,7.0
constrained_ols_av,pass,-0.4227,3.0
constrained_ols_av,pass,-0.8681,5.0
constrained_ols_av,pass,0.0226,5.0
constrained_ols_av,pass,-0.4227,3.0
constrained_ols_av,pass,-0.4227,5.0
constrained_ols_av,pass,-1.3134,2.0
constrained_ols_av,pass,-0.4227,8.0
constrained_ols_av,pass,0.0226,2.0
constrained_ols_av,pass,0.0226,4.0
constrained_ols_av,pass,-0.4227,3.0
constrained_ols_av,pass,0.0226,7.0
constrained_ols_av,pass,-0.4227,3.0
constrained_ols_av,pass,-0.8681,0.0
constrained_ols_av,pass,0.0226,0.0
constrained_ols_av,pass,0.4679,2.0
constrained_ols_av,pass,-1.3134,8.0
constrained_ols_av,pass,-0.8681,2.0
constrained_ols_av,pass,-0.8681,2.0
constrained_ols_av,pass,-0.4227,3.0
constrained_ols_av,pass,0.4679,2.0
constrained_ols_av,pass,-0.8681,8.0
constrained_ols_av,pass,-0.4227,7.0
constrained_ols_av,pass,-0.4227,3.0
constrained_ols_av,pass,0.0226,0.0
constrained_ols_av,pass,-0.8681,3.0
constrained_ols_av,pass,0.0226,4.0
constrained_ols_av,pass,-0.4227,1.0
constrained_ols_av,pass,-0.8681,9.0
constrained_ols_av,pass,-0.4227,1.0
constrained_ols_av,pass,-0.4227,4.0
constrained_ols_av,pass,-0.4227,3.0
constrained_ols_av,pass,-0.4227,7.0
constrained_ols_av,pass,-0.4227,3.0
constrained_ols_av,pass,0.4679,5.0
constrained_ols_av,pass,-1.3134,3.0
constrained_ols_av,pass,0.0226,7.0
constrained_ols_av,pass,-0.8681,3.0
constrained_ols_av,pass,0.0226,0.0
constrained_ols_av,pass,-0.8681,0.0
constrained_ols_av,pass,-0.8681,0.0
constrained_ols_av,pass,0.0226,0.0
constrained_ols_av,pass,-0.4227,6.0
constrained_ols_av,pass,-1.3134,4.0
constrained_ols_av,pass,0.4679,0.0
constrained_ols_av,pass,-0.4227,4.0
constrained_ols_av,pass,-0.4227,0.0
constrained_ols_av,pass,-0.8681,0.0
constrained_ols_av,pass,0.0226,0.0
constrained_ols_av,pass,-0.4227,0.0
constrained_ols_av,pass,-0.4227,0.0
constrained_ols_av,pass,-0.8681,0.0
constrained_ols_av,pass,0.4679,10.0
constrained_ols_av,pass,-0.8681,0.0
constrained_ols_av,pass,-0.4227,3.0
constrained_ols_av,pass,-0.4227,0.0
constrained_ols_av,pass,-0.8681,3.0
constrained_ols_av,pass,0.0226,7.0
constrained_ols_av,pass,0.0226,4.0
constrained_ols_av,pass,-0.8681,4.0
constrained_ols_av,pass,0.0226,4.0
constrained_ols_av,pass,-0.8681,6.0
constrained_ols_av,pass,-0.8681,3.0
constrained_ols_av,pass,1.3585,5.0
constrained_ols_av,pass,-1.3134,3.0
constrained_ols_av,pass,-0.8681,7.0
constrained_ols_av,pass,-1.3134,7.0
constrained_ols_av,pass,-0.4227,3.0
constrained_ols_av,pass,0.0226,0.0
constrained_ols_av,pass,0.0226,3.0
constrained_ols_av,pass,-0.4227,2.0
constrained_ols_av,pass,0.0226,8.0
constrained_ols_av,pass,-0.4227,2.0
constrained_ols_av,pass,-0.8681,9.0
constrained_ols_av,pass,0.4679,3.0
constrained_ols_av,pass,-0.8681,0.0
constrained_ols_av,pass,-0.8681,3.0
constrained_ols_av,pass,-0.4227,7.0
constrained_ols_av,pass,-0.8681,4.0
constrained_ols_av,pass,0.0226,6.0
constrained_ols_av,pass,-0.4227,4.0
constrained_ols_av,pass,-0.4227,5.0
constrained_ols_av,pass,0.9132,0.0
constrained_ols_av,pass,-1.3134,0.0
constrained_ols_av,pass,0.0226,0.0
constrained_ols_av,pass,-1.3134,0.0
constrained_ols_av,pass,-0.4227,4.0
constrained_ols_av,pass,-0.8681,3.0
constrained_ols_av,pass,-0.8681,7.0
constrained_ols_av,pass,0.4679,3.0
constrained_ols_av,pass,-1.3134,0.0
constrained_ols_av,pass,-0.4227,5.0
constrained_ols_av,pass,0.4679,5.0
constrained_ols_av,pass,-0.4227,5.0
constrained_ols_av,pass,0.0226,6.0
constrained_ols_av,pass,-0.4227,4.0
constrained_ols_av,pass,-0.4227,6.0
constrained_ols_av,pass,-0.8681,4.0
constrained_ols_av,pass,-0.4227,1.0
constrained_ols_av,pass,0.4679,9.0
constrained_ols_av,pass,-0.8681,1.0
constrained_ols_av,pass,-0.8681,6.0
constrained_ols_av,pass,-0.8681,6.0
constrained_ols_av,pass,-0.4227,0.0
constrained_ols_av,pass,-0.4227,6.0
constrained_ols_av,pass,0.0226,4.0
constrained_ols_av,pass,-0.8681,5.0
constrained_ols_av,pass,-1.3134,5.0
constrained_ols_av,pass,0.0226,0.0
constrained_ols_av,pass,0.4679,5.0
constrained_ols_av,pass,0.0226,8.0
constrained_ols_av,pass,-0.8681,2.0
constrained_ols_av,pass,-0.4227,0.0
constrained_ols_av,pass,-0.4227,2.0
constrained_ols_av,pass,-0.8681,6.0
constrained_ols_av,pass,-0.4227,4.0
constrained_ols_av,pass,0.0226,5.0
constrained_ols_av,pass,-0.4227,4.0
constrained_ols_av,pass,-0.4227,4.0
constrained_ols_av,pass,-0.8681,0.0
constrained_ols_av,pass,-0.8681,4.0
constrained_ols_av,pass,0.4679,6.0
constrained_ols_av,pass,0.0226,0.0
constrained_ols_av,pass,-0.4227,4.0
constrained_ols_av,pass,-0.8681,6.0
constrained_ols_av,pass,-0.4227,4.0
constrained_ols_av,pass,0.0226,1.0
constrained_ols_av,pass,0.0226,0.0
constrained_ols_av,pass,-0.8681,1.0
constrained_ols_av,pass,-0.8681,9.0
constrained_ols_av,pass,-0.8681,0.0
constrained_ols_av,pass,-0.4227,4.0
constrained_ols_av,pass,0.0226,6.0
constrained_ols_av,pass,-0.4227,4.0
constrained_ols_av,pass,-0.4227,7.0
constrained_ols_av,pass,-0.4227,3.0
constrained_ols_av,pass,-0.8681,2.0
constrained_ols_av,pass,0.0226,3.0
constrained_ols_av,pass,0.0226,3.0
constrained_ols_av,pass,-0.4227,7.0
constrained_ols_av,pass,-1.3134,3.0
constrained_ols_av,pass,0.0226,0.0
constrained_ols_av,pass,-1.3134,3.0
constrained_ols_av,pass,-0.4227,7.0
constrained_ols_av,pass,-0.4227,3.0
constrained_ols_av,pass,0.4679,3.0
constrained_ols_av,pass,0.0226,3.0
constrained_ols_av,pass,-0.8681,7.0
constrained_ols_av,pass,0.0226,3.0
constrained_ols_av,pass,-0.8681,7.0
constrained_ols_av,pass,-0.8681,0.0
constrained_ols_av,pass,0.0226,0.0
constrained_ols_av,pass,0.0226,0.0
constrained_ols_av,pass,-0.8681,0.0
constrained_ols_av,pass,0.0226,0.0
constrained_ols_av,pass,-0.8681,4.0
constrained_ols_av,pass,-0.8681,6.0
constrained_ols_av,pass,0.0226,4.0
constrained_ols_av,pass,-0.8681,9.0
constrained_ols_av,pass,-0.8681,1.0
constrained_ols_av,pass,0.4679,0.0
constrained_ols_av,pass,-0.4227,1.0
constrained_ols_av,pass,0.4679,3.0
constrained_ols_av,pass,0.0226,0.0
constrained_ols_av,pass,-0.8681,3.0
constrained_ols_av,pass,-1.3134,7.0
constrained_ols_av,pass,-0.4227,7.0
constrained_ols_av,pass,-0.4227,3.0
constrained_ols_av,pass,-0.4227,0.0
constrained_ols_av,pass,-0.4227,3.0
constrained_ols_av,pass,-0.8681,2.0
constrained_ols_av,pass,-0.4227,0.0
constrained_ols_av,pass,-0.8681,2.0
constrained_ols_av,pass,0.4679,8.0
constrained_ols_av,pass,-0.8681,1.0
constrained_ols_av,pass,-0.8681,9.0
constrained_ols_av,pass,0.4679,1.0
constrained_ols_av,pass,-0.4227,0.0
constrained_ols_av,pass,-0.8681,6.0
constrained_ols_av,pass,-0.4227,4.0
constrained_ols_av,pass,-0.4227,0.0
constrained_ols_av,pass,0.0226,4.0
constrained_ols_av,pass,0.4679,8.0
constrained_ols_av,pass,-0.8681,2.0
constrained_ols_av,pass,-0.8681,0.0
constrained_ols_av,pass,-0.4227,2.0
constrained_ols_av,pass,0.4679,0.0
constrained_ols_av,pass,-0.4227,3.0
constrained_ols_av,pass,-0.8681,7.0
constrained_ols_av,pass,-0.8681,3.0
constrained_ols_av,pass,-0.8681,3.0
constrained_ols_av,pass,-0.4227,1.0
constrained_ols_av,pass,0.0226,9.0
constrained_ols_av,pass,-0.4227,1.0
constrained_ols_av,pass,0.0226,2.0
constrained_ols_av,pass,0.0226,0.0
constrained_ols_av,pass,-0.4227,2.0
constrained_ols_av,pass,-1.3134,8.0
constrained_ols_av,pass,0.0226,3.0
constrained_ols_av,pass,-0.4227,7.0
constrained_ols_av,pass,-0.8681,3.0
constrained_ols_av,pass,-0.4227,0.0
constrained_ols_av,pass,0.4679,6.0
constrained_ols_av,pass,-0.8681,0.0
constrained_ols_av,pass,0.0226,6.0
constrained_ols_av,pass,-1.3134,4.0
constrained_ols_av,pass,-0.4227,3.0
constrained_ols_av,pass,-0.8681,7.0
constrained_ols_av,pass,-1.3134,3.0
constrained_ols_av,pass,0.9132,3.0
constrained_ols_av,pass,-0.4227,0.0
constrained_ols_av,pass,-0.4227,4.0
constrained_ols_av,pass,-0.8681,6.0
constrained_ols_av,pass,0.0226,4.0
constrained_ols_av,pass,-0.4227,6.0
constrained_ols_av,pass,-0.4227,4.0
constrained_ols_av,pass,-0.4227,6.0
constrained_ols_av,pass,-0.4227,5.0
constrained_ols_av,pass,0.0226,0.0
constrained_ols_av,pass,-0.8681,2.0
constrained_ols_av,pass,-0.8681,8.0
constrained_ols_av,pass,0.0226,2.0
constrained_ols_av,pass,-0.8681,2.0
constrained_ols_av,pass,0.0226,8.0
constrained_ols_av,pass,-0.4227,2.0
constrained_ols_av,pass,-0.4227,6.0
constrained_ols_av,pass,-0.4227,8.0
constrained_ols_av,pass,0.0226,2.0
constrained_ols_av,pass,0.0226,0.0
constrained_ols_av,pass,-1.3134,2.0
constrained_ols_av,pass,-0.4227,0.0
constrained_ols_av,pass,-0.8681,0.0
constrained_ols_av,pass,0.0226,0.0
constrained_ols_av,pass,-0.4227,0.0
constrained_ols_av,pass,0.0226,4.0
constrained_ols_av,pass,-1.3134,6.0
constrained_ols_av,pass,-0.8681,4.0
constrained_ols_av,pass,0.4679,6.0
constrained_ols_av,pass,-0.4227,0.0
constrained_ols_av,pass,-0.4227,0.0
constrained_ols_av,pass,-0.4227,0.0
constrained_ols_av,pass,-0.4227,0.0
constrained_ols_av,pass,0.0226,3.0
constrained_ols_av,pass,-0.4227,0.0
constrained_ols_av,pass,-0.4227,3.0
constrained_ols_av,pass,-0.8681,7.0
constrained_ols_av,pass,-0.4227,2.0
constrained_ols_av,pass,0.0226,8.0
constrained_ols_av,pass,-0.8681,2.0
constrained_ols_av,pass,-0.4227,8.0
constrained_ols_av,pass,-0.8681,3.0
constrained_ols_av,pass,-1.3134,5.0
constrained_ols_av,pass,0.9132,5.0
constrained_ols_av,pass,-0.4227,5.0
constrained_ols_av,pass,-0.4227,2.0
constrained_ols_av,pass,-0.8681,5.0
constrained_ols_av,pass,-0.8681,2.0
constrained_ols_av,pass,0.4679,8.0
constrained_ols_av,pass,-1.3134,2.0
constrained_ols_av,pass,0.4679,5.0
constrained_ols_av,pass,-0.4227,2.0
constrained_ols_av,pass,-0.4227,8.0
constrained_ols_av,pass,-1.3134,9.0
constrained_ols_av,pass,0.0226,1.0
constrained_ols_av,pass,-0.4227,0.0
constrained_ols_av,pass,0.0226,1.0
constrained_ols_av,pass,-0.8681,3.0
constrained_ols_av,pass,-0.8681,7.0
constrained_ols_av,pass,-0.4227,3.0
constrained_ols_av,pass,0.4679,5.0
constrained_ols_av,pass,-0.8681,1.0
constrained_ols_av,pass,1.3585,0.0
constrained_ols_av,pass,-1.3134,1.0
constrained_ols_av,pass,-0.8681,9.0
constrained_ols_av,pass,-0.4227,4.0
constrained_ols_av,pass,-0.4227,3.0
constrained_ols_av,pass,-0.4227,4.0
constrained_ols_av,pass,-0.4227,6.0
constrained_ols_av,pass,-0.8681,4.0
constrained_ols_av,pass,0.0226,0.0
constrained_ols_av,pass,-0.8681,4.0
constrained_ols_av,pass,0.0226,6.0
constrained_ols_av,pass,0.0226,0.0
constrained_ols_av,pass,0.0226,4.0
constrained_ols_av,pass,-0.4227,6.0
constrained_ols_av,pass,-1.3134,4.0
constrained_ols_av,pass,-0.8681,0.0
constrained_ols_av,pass,-0.4227,0.0
constrained_ols_av,pass,0.0226,0.0
constrained_ols_av,pass,-0.4227,0.0
constrained_ols_av,pass,-0.8681,6.0
constrained_ols_av,pass,-0.4227,4.0
constrained_ols_av,pass,-0.8681,0.0
constrained_ols_av,pass,0.4679,4.0
constrained_ols_av,pass,0.0226,0.0
constrained_ols_av,pass,-0.8681,0.0
constrained_ols_av,pass,-0.4227,0.0
constrained_ols_av,pass,-0.4227,0.0
constrained_ols_av,pass,0.0226,2.0
constrained_ols_av,pass,-0.4227,8.0
constrained_ols_av,pass,0.0226,2.0
constrained_ols_av,pass,-1.3134,2.0
constrained_ols_av,pass,-0.8681,4.0
constrained_ols_av,pass,0.0226,0.0
constrained_ols_av,pass,-0.4227,4.0
constrained_ols_av,pass,-0.4227,6.0
constrained_ols_av,pass,-0.4227,0.0
constrained_ols_av,pass,-0.4227,5.0
constrained_ols_av,pass,0.0226,5.0
constrained_ols_av,pass,-0.8681,5.0
constrained_ols_av,pass,0.0226,5.0
constrained_ols_av,pass,-1.3134,5.0
constrained_ols_av,pass,-0.8681,0.0
constrained_ols_av,pass,0.4679,5.0
constrained_ols_av,pass,-0.8681,0.0
constrained_ols_av,pass,-0.4227,0.0
constrained_ols_av,pass,0.0226,0.0
constrained_ols_av,pass,-0.4227,0.0
constrained_ols_av,pass,-0.8681,6.0
constrained_ols_av,pass,-0.4227,4.0
constrained_ols_av,pass,0.0226,0.0
constrained_ols_av,pass,-0.4227,4.0
constrained_ols_av,pass,0.0226,2.0
constrained_ols_av,pass,-0.8681,8.0
constrained_ols_av,pass,0.0226,2.0
constrained_ols_av,pass,-0.8681,3.0
constrained_ols_av,pass,-0.4227,5.0
constrained_ols_av,pass,-0.8681,4.0
constrained_ols_av,pass,-0.4227,5.0
constrained_ols_av,pass,0.0226,5.0
constrained_ols_av,pass,-0.8681,5.0
constrained_ols_av,pass,-0.4227,5.0
constrained_ols_av,pass,-1.3134,5.0
constrained_ols_av,pass,0.9132,5.0
constrained_ols_av,pass,0.0226,0.0
constrained_ols_av,pass,-0.8681,3.0
constrained_ols_av,pass,-0.4227,7.0
constrained_ols_av,pass,-0.4227,3.0
constrained_ols_av,pass,-0.8681,6.0
constrained_ols_av,pass,-0.8681,4.0
constrained_ols_av,pass,0.4679,6.0
constrained_ols_av,pass,-0.4227,4.0
constrained_ols_av,pass,-0.4227,0.0
constrained_ols_av,pass,0.0226,0.0
constrained_ols_av,pass,-0.8681,0.0
constrained_ols_av,pass,-0.4227,0.0
constrained_ols_av,pass,-0.4227,9.0
constrained_ols_av,pass,0.0226,1.0
constrained_ols_av,pass,-0.8681,4.0
constrained_ols_av,pass,-0.4227,1.0
constrained_ols_av,pass,-0.4227,4.0
constrained_ols_av,pass,0.0226,2.0
constrained_ols_av,pass,-0.8681,8.0
constrained_ols_av,pass,-0.4227,2.0
constrained_ols_av,pass,-0.4227,6.0
constrained_ols_av,pass,-0.4227,4.0
constrained_ols_av,pass,-0.8681,0.0
constrained_ols_av,pass,0.0226,4.0
constrained_ols_av,pass,0.0226,8.0
constrained_ols_av,pass,-0.8681,0.0
constrained_ols_av,pass,0.0226,10.0
constrained_ols_av,pass,-0.8681,0.0
constrained_ols_av,pass,-0.4227,3.0
constrained_ols_av,pass,-0.8681,0.0
constrained_ols_av,pass,-0.4227,3.0
constrained_ols_av,pass,0.0226,7.0
constrained_ols_av,pass,0.0226,3.0
constrained_ols_av,pass,-0.4227,8.0
constrained_ols_av,pass,-0.8681,3.0
constrained_ols_av,pass,-0.4227,7.0
constrained_ols_av,pass,-0.8681,0.0
constrained_ols_av,pass,0.4679,0.0
constrained_ols_av,pass,-0.4227,0.0
constrained_ols_av,pass,-0.8681,0.0
constrained_ols_av,pass,0.0226,5.0
constrained_ols_av,pass,-0.4227,5.0
constrained_ols_av,pass,0.0226,6.0
constrained_ols_av,pass,-1.3134,5.0
constrained_ols_av,pass,-0.4227,0.0
constrained_ols_av,pass,-0.4227,2.0
constrained_ols_av,pass,0.0226,8.0
constrained_ols_av,pass,-0.8681,2.0
constrained_ols_av,pass,0.0226,5.0
constrained_ols_av,pass,-0.8681,5.0
constrained_ols_av,pass,-0.4227,0.0
constrained_ols_av,pass,-0.4227,5.0
constrained_ols_av,pass,-0.8681,3.0
constrained_ols_av,pass,0.0226,0.0
constrained_ols_av,pass,0.0226,3.0
constrained_ols_av,pass,-0.8681,7.0
constrained_ols_av,pass,-0.4227,0.0
constrained_ols_av,pass,-0.8681,0.0
constrained_ols_av,pass,-0.4227,0.0
constrained_ols_av,pass,0.0226,0.0
constrained_ols_av,pass,-0.4227,7.0
constrained_ols_av,pass,-0.4227,3.0
constrained_ols_av,pass,0.0226,4.0
constrained_ols_av,pass,-0.8681,3.0
constrained_ols_av,pass,-0.4227,0.0
constrained_ols_av,pass,0.0226,0.0
constrained_ols_av,pass,-1.3134,0.0
constrained_ols_av,pass,0.0226,0.0
constrained_ols_av,pass,-0.4227,2.0
constrained_ols_av,pass,-0.4227,8.0
constrained_ols_av,pass,-0.8681,2.0
constrained_ols_av,pass,0.0226,2.0
constrained_ols_av,pass,-0.4227,4.0
constrained_ols_av,pass,-0.4227,6.0
constrained_ols_av,pass,-0.4227,0.0
constrained_ols_av,pass,-0.4227,6.0
constrained_ols_av,pass,-0.4227,0.0
constrained_ols_av,pass,-0.8681,0.0
constrained_ols_av,pass,0.0226,0.0
constrained_ols_av,pass,-0.4227,0.0
constrained_ols_av,pass,-0.8681,3.0
constrained_ols_av,pass,-0.8681,2.0
constrained_ols_av,pass,0.4679,3.0
constrained_ols_av,pass,-0.4227,7.0
constrained_ols_av,pass,-0.8681,3.0
constrained_ols_av,pass,0.0226,0.0
constrained_ols_av,pass,-0.4227,3.0
constrained_ols_av,pass,-0.4227,7.0
constrained_ols_av,pass,-0.8681,0.0
constrained_ols_av,pass,-0.8681,6.0
constrained_ols_av,pass,-0.4227,4.0
constrained_ols_av,pass,0.4679,6.0
constrained_ols_av,pass,-0.4227,1.0
constrained_ols_av,pass,-0.4227,4.0
constrained_ols_av,pass,-0.4227,1.0
constrained_ols_av,pass,-0.4227,9.0
constrained_ols_av,pass,-0.4227,0.0
constrained_ols_av,pass,-0.4227,0.0
constrained_ols_av,pass,-0.8681,0.0
constrained_ols_av,pass,0.0226,0.0
constrained_ols_av,pass,-0.8681,5.0
constrained_ols_av,pass,0.0226,5.0
constrained_ols_av,pass,0.0226,5.0
constrained_ols_av,pass,-0.8681,7.0
constrained_ols_av,pass,-0.8681,7.0
constrained_ols_av,pass,-0.4227,3.0
constrained_ols_av,pass,0.0226,0.0
constrained_ols_av,pass,-0.4227,3.0
constrained_ols_av,pass,-0.4227,0.0
constrained_ols_av,pass,-0.4227,10.0
constrained_ols_av,pass,-0.4227,0.0
constrained_ols_av,pass,-0.4227,3.0
constrained_ols_av,pass,0.0226,0.0
constrained_ols_av,pass,0.0226,0.0
constrained_ols_av,pass,-0.4227,0.0
constrained_ols_av,pass,-1.3134,0.0
constrained_ols_av,pass,-0.4227,0.0
constrained_ols_av,pass,-0.4227,0.0
constrained_ols_av,pass,-0.4227,0.0
constrained_ols_av,pass,-0.4227,0.0
constrained_ols_av,pass,-0.4227,0.0
constrained_ols_av,pass,-0.8681,0.0
constrained_ols_av,pass,0.0226,0.0
constrained_ols_av,pass,-0.4227,0.0
constrained_ols_av,pass,-0.4227,4.0
constrained_ols_av,pass,-0.8681,6.0
constrained_ols_av,pass,-0.8681,3.0
constrained_ols_av,pass,0.4679,6.0
constrained_ols_av,pass,-0.4227,0.0
constrained_ols_av,pass,-0.8681,0.0
constrained_ols_av,pass,0.0226,0.0
constrained_ols_av,pass,-0.4227,0.0
constrained_ols_av,pass,-0.8681,6.0
constrained_ols_av,pass,0.0226,4.0
constrained_ols_av,pass,-0.4227,6.0
constrained_ols_av,pass,-0.4227,4.0
constrained_ols_av,pass,0.0226,5.0
constrained_ols_av,pass,-0.8681,5.0
constrained_ols_av,pass,0.4679,0.0
constrained_ols_av,pass,-1.3134,5.0
constrained_ols_av,pass,-0.4227,4.0
constrained_ols_av,pass,0.0226,6.0
constrained_ols_av,pass,-0.8681,4.0
constrained_ols_av,pass,-0.4227,6.0
constrained_ols_av,pass,-0.8681,2.0
constrained_ols_av,pass,-0.4227,0.0
constrained_ols_av,pass,-0.4227,2.0
constrained_ols_av,pass,0.0226,8.0
constrained_ols_av,pass,-0.4227,4.0
constrained_ols_av,pass,0.4679,6.0
constrained_ols_av,pass,-0.8681,4.0
constrained_ols_av,pass,-0.8681,6.0
constrained_ols_av,pass,0.9132,0.0
constrained_ols_av,pass,-0.8681,0.0
constrained_ols_av,pass,-0.8681,0.0
constrained_ols_av,pass,-0.8681,0.0
constrained_ols_av,pass,-0.4227,2.0
constrained_ols_av,pass,-0.4227,8.0
constrained_ols_av,pass,0.0226,2.0
constrained_ols_av,pass,-0.8681,5.0
constrained_ols_av,pass,-0.8681,6.0
constrained_ols_av,pass,-0.4227,4.0
constrained_ols_av,pass,-0.4227,0.0
constrained_ols_av,pass,0.0226,4.0
constrained_ols_av,pass,-1.3134,0.0
constrained_ols_av,pass,0.0226,0.0
constrained_ols_av,pass,-0.4227,0.0
constrained_ols_av,pass,0.0226,0.0
constrained_ols_av,pass,-0.8681,0.0
constrained_ols_av,pass,-0.8681,0.0
constrained_ols_av,pass,0.0226,0.0
constrained_ols_av,pass,0.0226,0.0
constrained_ols_av,pass,0.0226,8.0
constrained_ols_av,pass,-0.8681,2.0
constrained_ols_av,pass,-0.8681,0.0
constrained_ols_av,pass,0.0226,2.0
constrained_ols_av,pass,0.4679,0.0
constrained_ols_av,pass,-0.4227,1.0
constrained_ols_av,pass,-1.3134,9.0
constrained_ols_av,pass,-0.4227,1.0
constrained_ols_av,pass,-0.4227,3.0
constrained_ols_av,pass,-0.8681,7.0
constrained_ols_av,pass,0.0226,3.0
constrained_ols_av,pass,-0.4227,6.0
constrained_ols_av,pass,-0.8681,5.0
constrained_ols_av,pass,-0.4227,1.0
constrained_ols_av,pass,0.0226,9.0
constrained_ols_av,pass,-0.4227,1.0
constrained_ols_av,pass,-0.8681,0.0
constrained_ols_av,pass,0.0226,4.0
constrained_ols_av,pass,-0.4227,6.0
constrained_ols_av,pass,-0.4227,4.0
constrained_ols_av,pass,-0.4227,2.0
constrained_ols_av,pass,-0.4227,4.0
constrained_ols_av,pass,-0.4227,2.0
constrained_ols_av,pass,-0.4227,8.0
constrained_ols_av,pass,-0.8681,5.0
constrained_ols_av,pass,0.0226,6.0
constrained_ols_av,pass,0.0226,4.0
constrained_ols_av,pass,-0.8681,6.0
constrained_ols_av,pass,-0.4227,3.0
constrained_ols_av,pass,-0.4227,1.0
constrained_ols_av,pass,-0.4227,3.0
constrained_ols_av,pass,-0.4227,7.0
constrained_ols_av,pass,-0.4227,5.0
constrained_ols_av,pass,-0.8681,3.0
constrained_ols_av,pass,0.4679,7.0
constrained_ols_av,pass,-0.8681,3.0
constrained_ols_av,pass,-0.4227,2.0
constrained_ols_av,pass,-0.8681,5.0
constrained_ols_av,pass,-0.4227,5.0
constrained_ols_av,pass,0.0226,5.0
constrained_ols_av,pass,0.0226,4.0
constrained_ols_av,pass,0.0226,0.0
constrained_ols_av,pass,-0.8681,4.0
constrained_ols_av,pass,-0.8681,6.0
constrained_ols_av,pass,-0.4227,2.0
constrained_ols_av,pass,-0.8681,7.0
constrained_ols_av,pass,-0.8681,2.0
constrained_ols_av,pass,0.4679,8.0
constrained_ols_av,pass,0.4679,4.0
constrained_ols_av,pass,-1.3134,6.0
constrained_ols_av,pass,0.0226,4.0
constrained_ols_av,pass,-0.8681,2.0
constrained_ols_av,pass,-0.4227,4.0
constrained_ols_av,pass,0.0226,6.0
constrained_ols_av,pass,-0.8681,4.0
constrained_ols_av,pass,-0.4227,6.0
constrained_ols_av,pass,-0.8681,5.0
constrained_ols_av,pass,-0.4227,5.0
constrained_ols_av,pass,-0.4227,0.0
constrained_ols_av,pass,0.0226,5.0
constrained_ols_av,pass,0.4679,0.0
constrained_ols_av,pass,-0.4227,5.0
constrained_ols_av,pass,-0.8681,5.0
constrained_ols_av,pass,-0.8681,5.0
constrained_ols_av,pass,-0.8681,2.0
constrained_ols_av,pass,0.4679,8.0
constrained_ols_av,pass,-0.8681,2.0
constrained_ols_av,pass,-0.4227,7.0
constrained_ols_av,pass,0.0226,0.0
constrained_ols_av,pass,-0.4227,2.0
constrained_ols_av,pass,0.0226,8.0
constrained_ols_av,pass,-1.3134,2.0
constrained_ols_av,pass,-1.3134,0.0
constrained_ols_av,pass,0.0226,0.0
constrained_ols_av,pass,-0.8681,0.0
constrained_ols_av,pass,0.4679,0.0
constrained_ols_av,pass,-0.4227,7.0
constrained_ols_av,pass,-0.4227,3.0
constrained_ols_av,pass,-0.4227,0.0
constrained_ols_av,pass,-0.4227,3.0
constrained_ols_av,pass,-0.8681,0.0
constrained_ols_av,pass,-0.4227,0.0
constrained_ols_av,pass,0.0226,0.0
constrained_ols_av,pass,-0.4227,0.0
constrained_ols_av,pass,0.4679,0.0
constrained_ols_av,pass,-0.4227,0.0
constrained_ols_av,pass,-1.3134,0.0
constrained_ols_av,pass,-0.4227,0.0
full_ols_av,pass,-0.5026,3.0
full_ols_av,pass,-1.0503,7.0
full_ols_av,pass,-0.2717,3.0
full_ols_av,pass,-0.6818,0.0
full_ols_av,pass,0.0316,7.0
full_ols_av,pass,-1.9642,3.0
full_ols_av,pass,2.3377,6.0
full_ols_av,pass,-3.7612,3.0
full_ols_av,pass,0.5503,9.0
full_ols_av,pass,-0.0389,5.0
full_ols_av,pass,0.1783,5.0
full_ols_av,pass,-2.1749,5.0
full_ols_av,pass,-0.2972,7.0
full_ols_av,pass,-1.7313,4.0
full_ols_av,pass,1.8071,6.0
full_ols_av,pass,-1.1603,4.0
full_ols_av,pass,-0.0464,5.0
full_ols_av,pass,0.8106,5.0
full_ols_av,pass,-1.6383,4.0
full_ols_av,pass,-1.5981,5.0
full_ols_av,pass,0.4343,0.0
full_ols_av,pass,-1.6826,3.0
full_ols_av,pass,1.1685,7.0
full_ols_av,pass,0.0133,3.0
full_ols_av,pass,0.0613,0.0
full_ols_av,pass,-0.4424,0.0
full_ols_av,pass,-0.1344,0.0
full_ols_av,pass,-1.7677,0.0
full_ols_av,pass,0.2095,9.0
full_ols_av,pass,-0.4718,1.0
full_ols_av,pass,-0.7031,0.0
full_ols_av,pass,-1.8644,1.0
full_ols_av,pass,-1.4686,0.0
full_ols_av,pass,-0.1606,0.0
full_ols_av,pass,-1.2883,0.0
full_ols_av,pass,0.0007,0.0
full_ols_av,pass,1.7199,6.0
full_ols_av,pass,-2.0043,4.0
full_ols_av,pass,0.58,4.0
full_ols_av,pass,-1.6291,4.0
full_ols_av,pass,-1.908,3.0
full_ols_av,pass,1.5511,7.0
full_ols_av,pass,-0.8034,3.0
full_ols_av,pass,-0.5746,5.0
full_ols_av,pass,1.2375,0.0
full_ols_av,pass,-3.3473,2.0
full_ols_av,pass,1.3932,8.0
full_ols_av,pass,0.432,2.0
full_ols_av,pass,-0.7683,0.0
full_ols_av,pass,-0.6049,0.0
full_ols_av,pass,-0.0599,0.0
full_ols_av,pass,-0.1434,0.0
full_ols_av,pass,-2.2049,3.0
full_ols_av,pass,-0.0806,7.0
full_ols_av,pass,-1.5014,3.0
full_ols_av,pass,1.4353,4.0
full_ols_av,pass,-2.5887,2.0
full_ols_av,pass,-0.474,2.0
full_ols_av,pass,-1.9854,2.0
full_ols_av,pass,2.4064,8.0
full_ols_av,pass,-0.6621,0.0
full_ols_av,pass,-0.3901,0.0
full_ols_av,pass,-1.325,0.0
full_ols_av,pass,-0.4031,0.0
full_ols_av,pass,-0.3087,2.0
full_ols_av,pass,1.0713,0.0
full_ols_av,pass,-2.3626,2.0
full_ols_av,pass,1.9321,8.0
full_ols_av,pass,0.2209,0.0
full_ols_av,pass,-1.5036,5.0
full_ols_av,pass,0.39,5.0
full_ols_av,pass,-1.0682,5.0
full_ols_av,pass,-0.0671,2.0
full_ols_av,pass,-0.6744,3.0
full_ols_av,pass,-1.6191,2.0
full_ols_av,pass,0.9303,8.0
full_ols_av,pass,1.7262,10.0
full_ols_av,pass,-1.2807,0.0
full_ols_av,pass,-0.363,4.0
full_ols_av,pass,-1.1308,0.0
full_ols_av,pass,1.7079,8.0
full_ols_av,pass,-3.212,2.0
full_ols_av,pass,0.2142,8.0
full_ols_av,pass,-1.7633,2.0
full_ols_av,pass,2.6609,4.0
full_ols_av,pass,-1.7311,5.0
full_ols_av,pass,-0.1832,4.0
full_ols_av,pass,-2.2967,6.0
full_ols_av,pass,-0.2397,3.0
full_ols_av,pass,-0.0439,5.0
full_ols_av,pass,-1.8898,3.0
full_ols_av,pass,2.2597,7.0
full_ols_av,pass,-2.2736,4.0
full_ols_av,pass,-1.5932,6.0
full_ols_av,pass,-0.2325,4.0
full_ols_av,pass,0.4498,0.0
full_ols_av,pass,-2.3998,3.0
full_ols_av,pass,-0.0357,5.0
full_ols_av,pass,0.5087,3.0
full_ols_av,pass,-0.5643,7.0
full_ols_av,pass,1.8249,6.0
full_ols_av,pass,-2.0512,4.0
full_ols_av,pass,0.5564,0.0
full_ols_av,pass,-1.8163,4.0
full_ols_av,pass,-2.845,5.0
full_ols_av,pass,0.5698,8.0
full_ols_av,pass,-0.9529,5.0
full_ols_av,pass,0.8254,5.0
full_ols_av,pass,-0.6478,5.0
full_ols_av,pass,0.3445,5.0
full_ols_av,pass,-1.2745,5.0
full_ols_av,pass,0.1086,0.0
full_ols_av,pass,0.3152,2.0
full_ols_av,pass,0.2372,2.0
full_ols_av,pass,0.0902,8.0
full_ols_av,pass,-0.679,2.0
full_ols_av,pass,0.5731,0.0
full_ols_av,pass,-0.2128,0.0
full_ols_av,pass,-0.9372,0.0
full_ols_av,pass,-1.2038,0.0
full_ols_av,pass,-1.8149,3.0
full_ols_av,pass,-1.4277,1.0
full_ols_av,pass,-0.9801,3.0
full_ols_av,pass,1.7415,7.0
full_ols_av,pass,-1.3543,0.0
full_ols_av,pass,-0.7521,0.0
full_ols_av,pass,0.0946,0.0
full_ols_av,pass,0.1728,0.0
full_ols_av,pass,-2.6152,3.0
full_ols_av,pass,1.9501,7.0
full_ols_av,pass,-0.8492,3.0
full_ols_av,pass,0.4436,0.0
full_ols_av,pass,-0.5662,3.0
full_ols_av,pass,-0.9743,3.0
full_ols_av,pass,-0.787,3.0
full_ols_av,pass,0.7238,7.0
full_ols_av,pass,-0.6512,3.0
full_ols_av,pass,-0.8249,7.0
full_ols_av,pass,-0.0625,4.0
full_ols_av,pass,-1.901,3.0
full_ols_av,pass,-0.755,3.0
full_ols_av,pass,-0.2702,0.0
full_ols_av,pass,-2.5198,3.0
full_ols_av,pass,1.3161,7.0
full_ols_av,pass,-1.9333,1.0
full_ols_av,pass,0.4267,5.0
full_ols_av,pass,-2.1494,1.0
full_ols_av,pass,2.3175,9.0
full_ols_av,pass,-2.3871,4.0
full_ols_av,pass,-0.9868,0.0
full_ols_av,pass,-1.7193,4.0
full_ols_av,pass,2.0055,6.0
full_ols_av,pass,-2.4034,3.0
full_ols_av,pass,0.7498,7.0
full_ols_av,pass,-0.0533,3.0
full_ols_av,pass,-0.2641,0.0
full_ols_av,pass,0.0302,0.0
full_ols_av,pass,0.097,0.0
full_ols_av,pass,-0.6113,0.0
full_ols_av,pass,-1.6184,0.0
full_ols_av,pass,-0.813,0.0
full_ols_av,pass,-1.0511,0.0
full_ols_av,pass,-0.9114,0.0
full_ols_av,pass,0.194,0.0
full_ols_av,pass,-0.9522,0.0
full_ols_av,pass,-0.5907,0.0
full_ols_av,pass,-0.1595,0.0
full_ols_av,pass,0.3872,0.0
full_ols_av,pass,-0.6413,5.0
full_ols_av,pass,0.5985,5.0
full_ols_av,pass,-2.0327,5.0
full_ols_av,pass,0.2786,0.0
full_ols_av,pass,-0.5327,0.0
full_ols_av,pass,-0.3518,0.0
full_ols_av,pass,-0.3873,0.0
full_ols_av,pass,-0.435,0.0
full_ols_av,pass,-1.6098,4.0
full_ols_av,pass,-0.8063,6.0
full_ols_av,pass,-0.2784,4.0
full_ols_av,pass,-0.0217,0.0
full_ols_av,pass,-1.3191,3.0
full_ols_av,pass,-0.2551,7.0
full_ols_av,pass,-1.0754,3.0
full_ols_av,pass,0.847,0.0
full_ols_av,pass,0.0554,0.0
full_ols_av,pass,-1.0031,0.0
full_ols_av,pass,0.3995,0.0
full_ols_av,pass,-1.1899,0.0
full_ols_av,pass,-0.4644,5.0
full_ols_av,pass,-2.432,4.0
full_ols_av,pass,3.0618,6.0
full_ols_av,pass,-0.0403,4.0
full_ols_av,pass,-0.8292,4.0
full_ols_av,pass,1.2416,0.0
full_ols_av,pass,-2.8969,4.0
full_ols_av,pass,2.2104,6.0
full_ols_av,pass,-0.7431,3.0
full_ols_av,pass,1.5095,7.0
full_ols_av,pass,-2.8122,3.0
full_ols_av,pass,0.4451,7.0
full_ols_av,pass,-1.3662,4.0
full_ols_av,pass,0.1057,6.0
full_ols_av,pass,0.1052,4.0
full_ols_av,pass,-1.0847,0.0
full_ols_av,pass,-0.5791,2.0
full_ols_av,pass,-0.0893,0.0
full_ols_av,pass,-0.9384,2.0
full_ols_av,pass,0.3308,8.0
full_ols_av,pass,-0.3358,7.0
full_ols_av,pass,-1.02,2.0
full_ols_av,pass,1.9307,8.0
full_ols_av,pass,-0.5669,2.0
full_ols_av,pass,-0.4123,0.0
full_ols_av,pass,0.3811,0.0
full_ols_av,pass,-1.2867,0.0
full_ols_av,pass,-0.2261,0.0
full_ols_av,pass,1.2786,3.0
full_ols_av,pass,-0.7662,7.0
full_ols_av,pass,-0.4354,3.0
full_ols_av,pass,-1.5815,3.0
full_ols_av,pass,-1.7705,3.0
full_ols_av,pass,-0.2384,5.0
full_ols_av,pass,-2.1449,3.0
full_ols_av,pass,1.9044,7.0
full_ols_av,pass,0.2387,0.0
full_ols_av,pass,-1.756,4.0
full_ols_av,pass,0.0237,6.0
full_ols_av,pass,-0.6795,4.0
full_ols_av,pass,-0.9004,0.0
full_ols_av,pass,0.3629,0.0
full_ols_av,pass,-1.592,0.0
full_ols_av,pass,-0.0386,0.0
full_ols_av,pass,-1.5638,3.0
full_ols_av,pass,-0.2341,6.0
full_ols_av,pass,-1.5575,3.0
full_ols_av,pass,1.7175,7.0
full_ols_av,pass,0.0562,0.0
full_ols_av,pass,-1.2692,6.0
full_ols_av,pass,-0.18,4.0
full_ols_av,pass,-1.0206,6.0
full_ols_av,pass,0.3622,3.0
full_ols_av,pass,-1.6734,1.0
full_ols_av,pass,2.0688,9.0
full_ols_av,pass,-0.9607,1.0
full_ols_av,pass,1.4957,6.0
full_ols_av,pass,-1.9416,4.0
full_ols_av,pass,1.2675,8.0
full_ols_av,pass,-2.464,4.0
full_ols_av,pass,-1.4801,3.0
full_ols_av,pass,2.0841,7.0
full_ols_av,pass,-1.8369,3.0
full_ols_av,pass,0.7767,0.0
full_ols_av,pass,-1.8744,3.0
full_ols_av,pass,1.0609,7.0
full_ols_av,pass,-0.3667,3.0
full_ols_av,pass,0.7035,0.0
full_ols_av,pass,0.7528,1.0
full_ols_av,pass,0.2213,9.0
full_ols_av,pass,-1.3425,1.0
full_ols_av,pass,-1.4137,3.0
full_ols_av,pass,-0.6429,5.0
full_ols_av,pass,0.4599,0.0
full_ols_av,pass,-1.9952,5.0
full_ols_av,pass,1.5745,5.0
full_ols_av,pass,2.6148,7.0
full_ols_av,pass,-0.5416,3.0
full_ols_av,pass,0.2195,0.0
full_ols_av,pass,-1.972,3.0
full_ols_av,pass,0.1043,0.0
full_ols_av,pass,-2.1153,3.0
full_ols_av,pass,1.5902,7.0
full_ols_av,pass,-1.4956,3.0
full_ols_av,pass,0.4317,4.0
full_ols_av,pass,-0.6473,0.0
full_ols_av,pass,-2.6808,4.0
full_ols_av,pass,0.3435,6.0
full_ols_av,pass,-0.6357,0.0
full_ols_av,pass,-0.3926,0.0
full_ols_av,pass,0.8175,0.0
full_ols_av,pass,-1.4231,0.0
full_ols_av,pass,1.8946,7.0
full_ols_av,pass,-0.3005,3.0
full_ols_av,pass,1.2121,0.0
full_ols_av,pass,-3.0241,3.0
full_ols_av,pass,-0.1785,5.0
full_ols_av,pass,-1.3793,4.0
full_ols_av,pass,-1.1022,5.0
full_ols_av,pass,0.5263,5.0
full_ols_av,pass,0.4015,0.0
full_ols_av,pass,-0.9482,0.0
full_ols_av,pass,-0.6412,0.0
full_ols_av,pass,-1.1793,0.0
full_ols_av,pass,-0.6488,5.0
full_ols_av,pass,-0.9189,4.0
full_ols_av,pass,1.7327,6.0
full_ols_av,pass,-1.6899,4.0
full_ols_av,pass,-1.4782,3.0
full_ols_av,pass,-0.2074,7.0
full_ols_av,pass,-2.7527,3.0
full_ols_av,pass,3.4871,8.0
full_ols_av,pass,0.6915,0.0
full_ols_av,pass,-1.9256,2.0
full_ols_av,pass,1.5997,8.0
full_ols_av,pass,-1.9615,2.0
full_ols_av,pass,-0.1145,0.0
full_ols_av,pass,-1.2381,0.0
full_ols_av,pass,0.0975,0.0
full_ols_av,pass,-0.4222,0.0
full_ols_av,pass,-2.7139,3.0
full_ols_av,pass,0.6309,4.0
full_ols_av,pass,-2.0131,3.0
full_ols_av,pass,1.852,7.0
full_ols_av,pass,-0.2071,0.0
full_ols_av,pass,-1.6561,4.0
full_ols_av,pass,0.1897,6.0
full_ols_av,pass,-1.347,4.0
full_ols_av,pass,-0.5427,2.0
full_ols_av,pass,0.9864,0.0
full_ols_av,pass,-2.6506,2.0
full_ols_av,pass,2.0636,8.0
full_ols_av,pass,-0.9527,1.0
full_ols_av,pass,0.0017,0.0
full_ols_av,pass,-2.6178,1.0
full_ols_av,pass,2.2761,9.0
full_ols_av,pass,-0.6608,0.0
full_ols_av,pass,-2.3449,4.0
full_ols_av,pass,-0.0745,6.0
full_ols_av,pass,0.0627,4.0
full_ols_av,pass,-1.0351,0.0
full_ols_av,pass,-0.7895,0.0
full_ols_av,pass,-0.2565,0.0
full_ols_av,pass,0.0016,0.0
full_ols_av,pass,0.7251,0.0
full_ols_av,pass,-1.0818,2.0
full_ols_av,pass,0.6206,8.0
full_ols_av,pass,-1.6246,2.0
full_ols_av,pass,-1.8612,5.0
full_ols_av,pass,0.4395,5.0
full_ols_av,pass,-0.8802,5.0
full_ols_av,pass,0.4422,0.0
full_ols_av,pass,0.2859,0.0
full_ols_av,pass,-3.0587,3.0
full_ols_av,pass,2.1265,7.0
full_ols_av,pass,-1.0717,3.0
full_ols_av,pass,1.7281,5.0
full_ols_av,pass,-2.778,7.0
full_ols_av,pass,0.3843,3.0
full_ols_av,pass,-0.9957,7.0
full_ols_av,pass,-0.2992,7.0
full_ols_av,pass,-0.8011,3.0
full_ols_av,pass,-0.0776,0.0
full_ols_av,pass,-1.8523,3.0
full_ols_av,pass,0.0459,0.0
full_ols_av,pass,-2.3249,3.0
full_ols_av,pass,1.0872,7.0
full_ols_av,pass,-0.0305,3.0
full_ols_av,pass,0.0621,0.0
full_ols_av,pass,0.6304,0.0
full_ols_av,pass,-1.761,0.0
full_ols_av,pass,-0.5857,0.0
full_ols_av,pass,0.1277,8.0
full_ols_av,pass,-2.0527,4.0
full_ols_av,pass,2.129,6.0
full_ols_av,pass,-0.2976,4.0
full_ols_av,pass,-0.6733,0.0
full_ols_av,pass,0.2117,0.0
full_ols_av,pass,-0.9199,0.0
full_ols_av,pass,-0.1947,0.0
full_ols_av,pass,-0.5421,4.0
full_ols_av,pass,-0.2348,0.0
full_ols_av,pass,-1.8933,4.0
full_ols_av,pass,0.2401,6.0
full_ols_av,pass,-1.7976,3.0
full_ols_av,pass,1.343,7.0
full_ols_av,pass,-1.977,3.0
full_ols_av,pass,0.7692,7.0
full_ols_av,pass,1.313,7.0
full_ols_av,pass,-0.4128,3.0
full_ols_av,pass,-1.0259,7.0
full_ols_av,pass,-1.1198,3.0
full_ols_av,pass,-0.4614,1.0
full_ols_av,pass,1.0428,0.0
full_ols_av,pass,-2.4694,1.0
full_ols_av,pass,2.0351,9.0
full_ols_av,pass,1.4492,8.0
full_ols_av,pass,-0.5812,2.0
full_ols_av,pass,-0.0808,5.0
full_ols_av,pass,-1.6522,2.0
full_ols_av,pass,-0.8006,0.0
full_ols_av,pass,-0.2833,0.0
full_ols_av,pass,-0.1103,0.0
full_ols_av,pass,-0.294,0.0
full_ols_av,pass,-0.1521,6.0
full_ols_av,pass,-0.2959,4.0
full_ols_av,pass,0.8303,3.0
full_ols_av,pass,-2.5304,4.0
full_ols_av,pass,-2.1297,2.0
full_ols_av,pass,-1.4244,8.0
full_ols_av,pass,-1.5183,2.0
full_ols_av,pass,1.0467,0.0
full_ols_av,pass,-0.1984,5.0
full_ols_av,pass,-1.1908,3.0
full_ols_av,pass,0.8131,7.0
full_ols_av,pass,-0.6626,3.0
full_ols_av,pass,-0.603,0.0
full_ols_av,pass,-0.6503,0.0
full_ols_av,pass,-1.5226,0.0
full_ols_av,pass,0.2225,0.0
full_ols_av,pass,-1.1113,2.0
full_ols_av,pass,-0.9531,3.0
full_ols_av,pass,1.0339,7.0
full_ols_av,pass,-1.4435,3.0
full_ols_av,pass,-1.5746,2.0
full_ols_av,pass,1.7485,8.0
full_ols_av,pass,-2.6299,2.0
full_ols_av,pass,0.8875,7.0
full_ols_av,pass,-2.014,4.0
full_ols_av,pass,0.5609,0.0
full_ols_av,pass,-2.5238,4.0
full_ols_av,pass,1.0442,6.0
full_ols_av,pass,-0.4212,4.0
full_ols_av,pass,0.0861,7.0
full_ols_av,pass,-2.2396,4.0
full_ols_av,pass,3.0969,6.0
full_ols_av,pass,-2.8086,3.0
full_ols_av,pass,2.9465,7.0
full_ols_av,pass,-1.3811,3.0
full_ols_av,pass,-0.0302,7.0
full_ols_av,pass,-0.1713,2.0
full_ols_av,pass,0.5616,8.0
full_ols_av,pass,-0.6878,2.0
full_ols_av,pass,-1.1823,5.0
full_ols_av,pass,-0.2332,7.0
full_ols_av,pass,-0.8139,3.0
full_ols_av,pass,1.2551,7.0
full_ols_av,pass,-3.6295,3.0
full_ols_av,pass,-0.8778,6.0
full_ols_av,pass,-0.5434,4.0
full_ols_av,pass,-1.3888,6.0
full_ols_av,pass,1.1955,0.0
full_ols_av,pass,1.3837,7.0
full_ols_av,pass,-2.0734,3.0
full_ols_av,pass,0.7318,0.0
full_ols_av,pass,-2.5016,3.0
full_ols_av,pass,0.591,8.0
full_ols_av,pass,-0.8552,2.0
full_ols_av,pass,-0.7456,0.0
full_ols_av,pass,-0.5393,2.0
full_ols_av,pass,-0.5861,2.0
full_ols_av,pass,0.0521,5.0
full_ols_av,pass,-3.0637,2.0
full_ols_av,pass,2.0488,8.0
full_ols_av,pass,1.1973,0.0
full_ols_av,pass,-2.7868,1.0
full_ols_av,pass,2.0501,9.0
full_ols_av,pass,-0.8553,1.0
full_ols_av,pass,-0.7727,0.0
full_ols_av,pass,-0.5669,0.0
full_ols_av,pass,0.4387,0.0
full_ols_av,pass,-0.9539,0.0
full_ols_av,pass,-0.8629,0.0
full_ols_av,pass,-2.6641,5.0
full_ols_av,pass,2.2073,5.0
full_ols_av,pass,-1.7829,5.0
full_ols_av,pass,0.8367,0.0
full_ols_av,pass,-0.6332,1.0
full_ols_av,pass,1.4438,9.0
full_ols_av,pass,-2.5049,1.0
full_ols_av,pass,-1.0785,0.0
full_ols_av,pass,-1.3397,0.0
full_ols_av,pass,-0.6414,0.0
full_ols_av,pass,0.0594,0.0
full_ols_av,pass,-1.5972,4.0
full_ols_av,pass,0.7528,0.0
full_ols_av,pass,-1.8132,4.0
full_ols_av,pass,0.4249,6.0
full_ols_av,pass,1.562,9.0
full_ols_av,pass,-1.5196,1.0
full_ols_av,pass,0.7585,5.0
full_ols_av,pass,-2.2783,1.0
full_ols_av,pass,-0.3663,4.0
full_ols_av,pass,-0.7974,4.0
full_ols_av,pass,-1.2086,6.0
full_ols_av,pass,-0.8389,4.0
full_ols_av,pass,-0.631,5.0
full_ols_av,pass,-0.5933,2.0
full_ols_av,pass,-1.3689,5.0
full_ols_av,pass,1.4666,5.0
full_ols_av,pass,-0.8156,4.0
full_ols_av,pass,0.3682,2.0
full_ols_av,pass,0.7965,8.0
full_ols_av,pass,-1.0961,2.0
full_ols_av,pass,-1.3072,4.0
full_ols_av,pass,-0.1912,4.0
full_ols_av,pass,0.2181,4.0
full_ols_av,pass,-0.0876,6.0
full_ols_av,pass,0.4803,6.0
full_ols_av,pass,-1.8166,4.0
full_ols_av,pass,-0.2115,0.0
full_ols_av,pass,-1.1174,4.0
full_ols_av,pass,-0.5897,0.0
full_ols_av,pass,-0.0736,0.0
full_ols_av,pass,-2.4561,0.0
full_ols_av,pass,-0.3828,10.0
full_ols_av,pass,-0.2718,0.0
full_ols_av,pass,-0.7751,4.0
full_ols_av,pass,0.9255,6.0
full_ols_av,pass,-1.3468,4.0
full_ols_av,pass,1.695,7.0
full_ols_av,pass,-0.219,3.0
full_ols_av,pass,0.4336,0.0
full_ols_av,pass,-1.6799,3.0
full_ols_av,pass,-0.5592,0.0
full_ols_av,pass,0.2731,0.0
full_ols_av,pass,-1.7785,0.0
full_ols_av,pass,0.1228,0.0
full_ols_av,pass,-0.0828,5.0
full_ols_av,pass,-1.3889,0.0
full_ols_av,pass,-0.3031,5.0
full_ols_av,pass,-1.4452,5.0
full_ols_av,pass,1.377,6.0
full_ols_av,pass,-0.6189,4.0
full_ols_av,pass,0.1069,5.0
full_ols_av,pass,-1.0888,4.0
full_ols_av,pass,0.2885,0.0
full_ols_av,pass,-2.468,3.0
full_ols_av,pass,-1.6515,7.0
full_ols_av,pass,1.0005,3.0
full_ols_av,pass,0.226,1.0
full_ols_av,pass,-0.9158,9.0
full_ols_av,pass,-1.7114,1.0
full_ols_av,pass,0.6945,0.0
full_ols_av,pass,1.0706,8.0
full_ols_av,pass,0.5759,2.0
full_ols_av,pass,0.8848,0.0
full_ols_av,pass,-3.1999,2.0
full_ols_av,pass,-0.8295,4.0
full_ols_av,pass,-0.1362,6.0
full_ols_av,pass,-1.6602,4.0
full_ols_av,pass,-0.0147,0.0
full_ols_av,pass,2.8892,8.0
full_ols_av,pass,-0.3368,2.0
full_ols_av,pass,-0.3365,8.0
full_ols_av,pass,-3.9574,2.0
full_ols_av,pass,-0.7403,3.0
full_ols_av,pass,0.3111,7.0
full_ols_av,pass,-0.718,3.0
full_ols_av,pass,0.0727,0.0
full_ols_av,pass,-1.9901,5.0
full_ols_av,pass,2.2256,5.0
full_ols_av,pass,-0.7842,5.0
full_ols_av,pass,-0.7527,0.0
full_ols_av,pass,-1.7845,6.0
full_ols_av,pass,-0.1004,4.0
full_ols_av,pass,-0.6909,6.0
full_ols_av,pass,-0.1531,0.0
full_ols_av,pass,-0.8733,2.0
full_ols_av,pass,1.4298,8.0
full_ols_av,pass,-1.3468,2.0
full_ols_av,pass,-0.6724,2.0
full_ols_av,pass,-0.2612,2.0
full_ols_av,pass,0.8678,8.0
full_ols_av,pass,-1.5724,2.0
full_ols_av,pass,0.0249,0.0
full_ols_av,pass,1.273,4.0
full_ols_av,pass,-1.1295,6.0
full_ols_av,pass,-0.222,3.0
full_ols_av,pass,-1.3287,6.0
full_ols_av,pass,-0.52,0.0
full_ols_av,pass,-1.6124,3.0
full_ols_av,pass,-0.459,7.0
full_ols_av,pass,-0.3537,3.0
full_ols_av,pass,0.0176,5.0
full_ols_av,pass,-2.5137,5.0
full_ols_av,pass,1.6099,5.0
full_ols_av,pass,-0.1873,6.0
full_ols_av,pass,1.5872,8.0
full_ols_av,pass,-0.5375,2.0
full_ols_av,pass,-1.4805,6.0
full_ols_av,pass,-1.0831,2.0
full_ols_av,pass,-1.1995,8.0
full_ols_av,pass,-0.41,2.0
full_ols_av,pass,-0.3283,5.0
full_ols_av,pass,-0.9246,2.0
full_ols_av,pass,-1.4141,4.0
full_ols_av,pass,1.7026,6.0
full_ols_av,pass,-0.5116,4.0
full_ols_av,pass,0.2314,5.0
full_ols_av,pass,-0.9873,1.0
full_ols_av,pass,-0.4617,9.0
full_ols_av,pass,-2.7044,1.0
full_ols_av,pass,3.7552,8.0
full_ols_av,pass,-2.8022,3.0
full_ols_av,pass,2.4314,7.0
full_ols_av,pass,-0.5759,3.0
full_ols_av,pass,0.2169,5.0
full_ols_av,pass,0.8216,4.0
full_ols_av,pass,-1.4976,6.0
full_ols_av,pass,-0.6838,0.0
full_ols_av,pass,-0.0114,6.0
full_ols_av,pass,-0.8894,0.0
full_ols_av,pass,-1.1937,0.0
full_ols_av,pass,-0.8333,0.0
full_ols_av,pass,0.0066,0.0
full_ols_av,pass,-2.8928,5.0
full_ols_av,pass,0.5798,6.0
full_ols_av,pass,-2.12,5.0
full_ols_av,pass,2.4527,5.0
full_ols_av,pass,-2.2071,3.0
full_ols_av,pass,-0.6072,7.0
full_ols_av,pass,-1.2429,3.0
full_ols_av,pass,0.6326,3.0
full_ols_av,pass,-0.805,3.0
full_ols_av,pass,-0.7199,0.0
full_ols_av,pass,-1.3377,3.0
full_ols_av,pass,1.5649,7.0
full_ols_av,pass,-2.2537,1.0
full_ols_av,pass,2.2526,9.0
full_ols_av,pass,-1.9479,1.0
full_ols_av,pass,0.6424,4.0
full_ols_av,pass,1.7291,7.0
full_ols_av,pass,-0.5645,3.0
full_ols_av,pass,-0.3461,0.0
full_ols_av,pass,-2.0033,3.0
full_ols_av,pass,-0.4161,8.0
full_ols_av,pass,0.6026,2.0
full_ols_av,pass,-0.5115,0.0
full_ols_av,pass,-2.6603,2.0
full_ols_av,pass,1.3128,9.0
full_ols_av,pass,-3.4258,3.0
full_ols_av,pass,2.2831,7.0
full_ols_av,pass,-0.6372,3.0
full_ols_av,pass,-2.4575,2.0
full_ols_av,pass,3.2933,8.0
full_ols_av,pass,-0.3103,2.0
full_ols_av,pass,-0.6139,5.0
full_ols_av,pass,-0.7366,4.0
full_ols_av,pass,-0.8686,3.0
full_ols_av,pass,-0.2277,4.0
full_ols_av,pass,0.3476,6.0
full_ols_av,pass,-2.4839,2.0
full_ols_av,pass,1.4944,8.0
full_ols_av,pass,-1.434,2.0
full_ols_av,pass,0.3018,5.0
full_ols_av,pass,-1.2399,7.0
full_ols_av,pass,-0.1699,3.0
full_ols_av,pass,-0.1722,0.0
full_ols_av,pass,-2.488,3.0
full_ols_av,pass,-0.3513,5.0
full_ols_av,pass,-1.0129,4.0
full_ols_av,pass,-0.5521,6.0
full_ols_av,pass,-0.6159,4.0
full_ols_av,pass,-0.7624,0.0
full_ols_av,pass,0.5292,0.0
full_ols_av,pass,-0.3467,0.0
full_ols_av,pass,-1.7654,0.0
full_ols_av,pass,0.9413,3.0
full_ols_av,pass,-1.6026,7.0
full_ols_av,pass,0.8094,5.0
full_ols_av,pass,-1.6154,7.0
full_ols_av,pass,-0.1144,0.0
full_ols_av,pass,-0.503,0.0
full_ols_av,pass,-0.3222,0.0
full_ols_av,pass,-1.1416,0.0
full_ols_av,pass,-2.171,1.0
full_ols_av,pass,1.524,9.0
full_ols_av,pass,0.2954,1.0
full_ols_av,pass,-0.0115,0.0
full_ols_av,pass,-2.109,5.0
full_ols_av,pass,-0.7839,5.0
full_ols_av,pass,-0.0759,5.0
full_ols_av,pass,-0.6632,0.0
full_ols_av,pass,0.7404,7.0
full_ols_av,pass,-0.4164,3.0
full_ols_av,pass,0.3373,0.0
full_ols_av,pass,-2.044,3.0
full_ols_av,pass,2.0807,7.0
full_ols_av,pass,-1.7322,3.0
full_ols_av,pass,1.0333,7.0
full_ols_av,pass,-3.2084,3.0
full_ols_av,pass,-0.8105,0.0
full_ols_av,pass,0.1931,0.0
full_ols_av,pass,-0.93,0.0
full_ols_av,pass,0.3578,0.0
full_ols_av,pass,-1.6984,2.0
full_ols_av,pass,-0.6956,8.0
full_ols_av,pass,-0.4272,2.0
full_ols_av,pass,-0.1893,2.0
full_ols_av,pass,-1.3524,3.0
full_ols_av,pass,0.4953,7.0
full_ols_av,pass,-1.3211,3.0
full_ols_av,pass,-0.3902,0.0
full_ols_av,pass,-2.4758,0.0
full_ols_av,pass,2.8722,10.0
full_ols_av,pass,-1.5799,0.0
full_ols_av,pass,1.241,0.0
full_ols_av,pass,-1.2561,6.0
full_ols_av,pass,0.1506,4.0
full_ols_av,pass,0.5617,0.0
full_ols_av,pass,-2.4736,4.0
full_ols_av,pass,-1.1022,0.0
full_ols_av,pass,0.3932,0.0
full_ols_av,pass,-0.3729,0.0
full_ols_av,pass,-0.3482,0.0
full_ols_av,pass,-1.3762,3.0
full_ols_av,pass,-1.4216,4.0
full_ols_av,pass,1.1546,6.0
full_ols_av,pass,-0.5244,4.0
full_ols_av,pass,-0.2709,0.0
full_ols_av,pass,0.5461,0.0
full_ols_av,pass,-0.0484,0.0
full_ols_av,pass,-1.366,0.0
full_ols_av,pass,-0.6471,0.0
full_ols_av,pass,0.0375,4.0
full_ols_av,pass,-0.1615,6.0
full_ols_av,pass,-1.7172,4.0
full_ols_av,pass,-0.0578,1.0
full_ols_av,pass,-1.3858,1.0
full_ols_av,pass,1.3121,9.0
full_ols_av,pass,-2.1642,1.0
full_ols_av,pass,-0.8083,5.0
full_ols_av,pass,0.04,5.0
full_ols_av,pass,-0.7904,5.0
full_ols_av,pass,-0.3111,2.0
full_ols_av,pass,0.2348,0.0
full_ols_av,pass,-0.5472,0.0
full_ols_av,pass,-0.7167,0.0
full_ols_av,pass,0.0396,0.0
full_ols_av,pass,-2.2383,3.0
full_ols_av,pass,0.2713,7.0
full_ols_av,pass,-2.5726,3.0
full_ols_av,pass,0.86,0.0
full_ols_av,pass,-0.3287,5.0
full_ols_av,pass,0.722,5.0
full_ols_av,pass,-0.5391,5.0
full_ols_av,pass,-0.2508,5.0
full_ols_av,pass,-0.0166,0.0
full_ols_av,pass,-1.1454,0.0
full_ols_av,pass,-0.5166,0.0
full_ols_av,pass,-0.1171,0.0
full_ols_av,pass,-2.2966,1.0
full_ols_av,pass,1.9055,9.0
full_ols_av,pass,-1.2909,1.0
full_ols_av,pass,0.1071,0.0
full_ols_av,pass,-0.4027,7.0
full_ols_av,pass,0.0828,3.0
full_ols_av,pass,-0.164,0.0
full_ols_av,pass,-0.4988,3.0
full_ols_av,pass,0.0595,2.0
full_ols_av,pass,-1.3085,2.0
full_ols_av,pass,-1.262,2.0
full_ols_av,pass,0.7875,8.0
full_ols_av,pass,0.6842,7.0
full_ols_av,pass,-0.9553,3.0
full_ols_av,pass,-0.0604,0.0
full_ols_av,pass,-0.7433,3.0
full_ols_av,pass,-0.5508,6.0
full_ols_av,pass,-0.9183,4.0
full_ols_av,pass,-0.5656,0.0
full_ols_av,pass,-1.4772,4.0
full_ols_av,pass,-0.8213,0.0
full_ols_av,pass,-0.6473,0.0
full_ols_av,pass,-1.7117,0.0
full_ols_av,pass,1.0391,0.0
full_ols_av,pass,-1.3161,4.0
full_ols_av,pass,-0.667,0.0
full_ols_av,pass,-1.7835,4.0
full_ols_av,pass,0.4704,6.0
full_ols_av,pass,-0.4705,4.0
full_ols_av,pass,-0.0915,0.0
full_ols_av,pass,-1.5377,4.0
full_ols_av,pass,-0.6012,6.0
full_ols_av,pass,-0.4182,3.0
full_ols_av,pass,0.5506,0.0
full_ols_av,pass,-1.5466,3.0
full_ols_av,pass,-0.7378,7.0
full_ols_av,pass,-1.983,2.0
full_ols_av,pass,0.9573,8.0
full_ols_av,pass,-0.9334,2.0
full_ols_av,pass,-0.1262,0.0
full_ols_av,pass,-1.0639,4.0
full_ols_av,pass,-1.4966,4.0
full_ols_av,pass,-0.2394,6.0
full_ols_av,pass,-0.6896,4.0
full_ols_av,pass,-0.519,0.0
full_ols_av,pass,-0.5689,0.0
full_ols_av,pass,-1.6654,0.0
full_ols_av,pass,0.1815,0.0
full_ols_av,pass,-1.0076,0.0
full_ols_av,pass,-0.5673,0.0
full_ols_av,pass,-1.6577,0.0
full_ols_av,pass,-0.2144,0.0
full_ols_av,pass,0.6399,3.0
full_ols_av,pass,0.0279,3.0
full_ols_av,pass,0.1762,2.0
full_ols_av,pass,-1.0655,7.0
full_ols_av,pass,-0.63,3.0
full_ols_av,pass,1.0628,7.0
full_ols_av,pass,-1.5387,3.0
full_ols_av,pass,-0.5861,3.0
full_ols_av,pass,0.904,3.0
full_ols_av,pass,-1.9988,3.0
full_ols_av,pass,-0.3304,7.0
full_ols_av,pass,-1.6088,3.0
full_ols_av,pass,-0.3439,5.0
full_ols_av,pass,1.3371,6.0
full_ols_av,pass,-3.5466,5.0
full_ols_av,pass,-0.7877,5.0
full_ols_av,pass,-2.6431,4.0
full_ols_av,pass,0.0528,6.0
full_ols_av,pass,-0.2329,4.0
full_ols_av,pass,0.6164,0.0
full_ols_av,pass,-1.8022,5.0
full_ols_av,pass,0.3462,5.0
full_ols_av,pass,0.5383,4.0
full_ols_av,pass,-1.7361,5.0
full_ols_av,pass,-0.6647,4.0
full_ols_av,pass,-0.9326,6.0
full_ols_av,pass,0.0745,4.0
full_ols_av,pass,0.3837,0.0
full_ols_av,pass,-1.876,1.0
full_ols_av,pass,1.6358,9.0
full_ols_av,pass,-2.0464,1.0
full_ols_av,pass,0.2076,2.0
full_ols_av,pass,1.034,0.0
full_ols_av,pass,-0.755,0.0
full_ols_av,pass,-1.5618,0.0
full_ols_av,pass,-1.0616,0.0
full_ols_av,pass,0.2603,0.0
full_ols_av,pass,-1.8839,0.0
full_ols_av,pass,-0.1881,0.0
full_ols_av,pass,-0.5804,0.0
full_ols_av,pass,0.0885,0.0
full_ols_av,pass,-0.5618,0.0
full_ols_av,pass,0.4484,0.0
full_ols_av,pass,-0.9066,0.0
full_ols_av,pass,-0.9904,4.0
full_ols_av,pass,0.3863,0.0
full_ols_av,pass,-1.5663,4.0
full_ols_av,pass,0.512,6.0
full_ols_av,pass,0.0009,0.0
full_ols_av,pass,-1.0936,5.0
full_ols_av,pass,1.4223,5.0
full_ols_av,pass,-1.4036,5.0
full_ols_av,pass,-1.3167,3.0
full_ols_av,pass,0.9018,7.0
full_ols_av,pass,-1.8754,3.0
full_ols_av,pass,0.6144,0.0
full_ols_av,pass,-0.7029,7.0
full_ols_av,pass,-0.4017,3.0
full_ols_av,pass,0.6031,4.0
full_ols_av,pass,-1.4301,3.0
full_ols_av,pass,-1.5992,2.0
full_ols_av,pass,0.8513,8.0
full_ols_av,pass,-2.2207,2.0
full_ols_av,pass,0.8448,0.0
full_ols_av,pass,-0.1776,4.0
full_ols_av,pass,-0.9524,6.0
full_ols_av,pass,-0.2913,4.0
full_ols_av,pass,-0.7869,0.0
full_ols_av,pass,-1.506,3.0
full_ols_av,pass,-1.7397,7.0
full_ols_av,pass,0.7589,3.0
full_ols_av,pass,-0.0159,0.0
full_ols_av,pass,-1.0099,4.0
full_ols_av,pass,-1.1083,5.0
full_ols_av,pass,-1.5504,4.0
full_ols_av,pass,2.0575,6.0
full_ols_av,pass,-1.4937,1.0
full_ols_av,pass,2.0699,9.0
full_ols_av,pass,-2.0947,1.0
full_ols_av,pass,0.4162,5.0
full_ols_av,pass,-0.8826,6.0
full_ols_av,pass,1.2647,4.0
full_ols_av,pass,-0.6939,0.0
full_ols_av,pass,-1.6578,4.0
full_ols_av,pass,-1.1489,0.0
full_ols_av,pass,-1.1547,0.0
full_ols_av,pass,-0.3235,0.0
full_ols_av,pass,0.3069,0.0
full_ols_av,pass,1.8743,5.0
full_ols_av,pass,-0.8386,5.0
full_ols_av,pass,0.5021,7.0
full_ols_av,pass,-2.1843,5.0
full_ols_av,pass,-0.6305,3.0
full_ols_av,pass,-1.081,6.0
full_ols_av,pass,0.9192,4.0
full_ols_av,pass,-0.2694,6.0
full_ols_av,pass,-1.145,3.0
full_ols_av,pass,-1.9386,4.0
full_ols_av,pass,1.192,6.0
full_ols_av,pass,-0.995,4.0
full_ols_av,pass,-2.0002,4.0
full_ols_av,pass,-0.4072,3.0
full_ols_av,pass,-0.3853,4.0
full_ols_av,pass,1.1637,6.0
full_ols_av,pass,0.395,3.0
full_ols_av,pass,-1.1965,7.0
full_ols_av,pass,-2.5387,3.0
full_ols_av,pass,2.9025,7.0
full_ols_av,pass,0.4484,0.0
full_ols_av,pass,-0.6361,0.0
full_ols_av,pass,-1.8907,0.0
full_ols_av,pass,0.09,0.0
full_ols_av,pass,0.1841,0.0
full_ols_av,pass,-0.3734,3.0
full_ols_av,pass,0.4381,7.0
full_ols_av,pass,-2.0505,3.0
full_ols_av,pass,-2.8559,2.0
full_ols_av,pass,-0.3694,8.0
full_ols_av,pass,-2.5469,2.0
full_ols_av,pass,2.7011,4.0
full_ols_av,pass,-1.2921,4.0
full_ols_av,pass,1.6116,6.0
full_ols_av,pass,-0.4779,4.0
full_ols_av,pass,-0.2863,6.0
full_ols_av,pass,0.1305,6.0
full_ols_av,pass,-0.7351,5.0
full_ols_av,pass,1.6241,5.0
full_ols_av,pass,-2.5942,5.0
full_ols_av,pass,-0.6095,2.0
full_ols_av,pass,-1.57,5.0
full_ols_av,pass,1.1061,5.0
full_ols_av,pass,-1.5819,5.0
full_ols_av,pass,-0.8797,0.0
full_ols_av,pass,-1.0689,0.0
full_ols_av,pass,-0.2502,0.0
full_ols_av,pass,0.4769,0.0
full_ols_av,pass,-1.0935,5.0
full_ols_av,pass,-0.5849,5.0
full_ols_av,pass,0.4751,0.0
full_ols_av,pass,-0.8297,5.0
full_ols_av,pass,-1.0131,0.0
full_ols_av,pass,0.4184,0.0
full_ols_av,pass,-0.8656,0.0
full_ols_av,pass,0.1763,0.0
full_ols_av,pass,-1.8589,7.0
full_ols_av,pass,-0.1156,3.0
full_ols_av,pass,-0.1205,0.0
full_ols_av,pass,-0.7225,3.0
full_ols_av,pass,-0.1372,5.0
full_ols_av,pass,-0.4948,0.0
full_ols_av,pass,-2.5289,5.0
full_ols_av,pass,1.9217,5.0
full_ols_av,pass,-0.2685,4.0
full_ols_av,pass,0.4392,0.0
full_ols_av,pass,-2.3063,4.0
full_ols_av,pass,0.7157,6.0
full_ols_av,pass,-2.5091,4.0
full_ols_av,pass,-1.0407,6.0
full_ols_av,pass,0.6965,4.0
full_ols_av,pass,0.0448,0.0
full_ols_av,pass,-1.5373,4.0
full_ols_av,pass,-0.916,0.0
full_ols_av,pass,-0.4813,4.0
full_ols_av,pass,1.447,6.0
full_ols_av,pass,-0.2403,0.0
full_ols_av,pass,-0.1252,0.0
full_ols_av,pass,-0.0543,0.0
full_ols_av,pass,-0.5081,0.0
full_ols_av,pass,-0.0559,2.0
full_ols_av,pass,0.1558,5.0
full_ols_av,pass,1.418,5.0
full_ols_av,pass,-3.0149,5.0
full_ols_av,pass,-0.86,2.0
full_ols_av,pass,-0.8551,5.0
full_ols_av,pass,-2.3228,7.0
full_ols_av,pass,2.1398,3.0
full_ols_av,pass,0.2037,6.0
full_ols_av,pass,-2.7561,6.0
full_ols_av,pass,2.5467,4.0
full_ols_av,pass,0.348,6.0
full_ols_av,pass,-0.1256,3.0
full_ols_av,pass,1.1599,7.0
full_ols_av,pass,-2.2482,3.0
full_ols_av,pass,0.107,5.0
full_ols_av,pass,-0.7548,0.0
full_ols_av,pass,-1.0383,0.0
full_ols_av,pass,-0.8486,0.0
full_ols_av,pass,0.2176,0.0
full_ols_av,pass,-1.413,2.0
full_ols_av,pass,-0.285,0.0
full_ols_av,pass,-0.4744,2.0
full_ols_av,pass,-0.2323,8.0
full_ols_av,pass,-1.4667,2.0
full_ols_av,pass,-0.2345,0.0
full_ols_av,pass,-2.1104,2.0
full_ols_av,pass,1.2229,8.0
full_ols_av,pass,0.6108,6.0
full_ols_av,pass,-0.4421,4.0
full_ols_av,pass,-0.6067,6.0
full_ols_av,pass,-1.8775,4.0
full_ols_av,pass,-0.1054,0.0
full_ols_av,pass,-2.0509,4.0
full_ols_av,pass,-1.0442,6.0
full_ols_av,pass,-0.1253,4.0
full_ols_av,pass,-0.8087,4.0
full_ols_av,pass,-0.1676,0.0
full_ols_av,pass,0.3301,4.0
full_ols_av,pass,-0.4728,6.0
full_ols_av,pass,-0.2191,0.0
full_ols_av,pass,0.0476,0.0
full_ols_av,pass,-0.3659,0.0
full_ols_av,pass,-0.8207,0.0
full_ols_av,pass,-0.166,5.0
full_ols_av,pass,0.2626,0.0
full_ols_av,pass,-1.4538,5.0
full_ols_av,pass,-1.0572,5.0
full_ols_av,pass,-0.5689,0.0
full_ols_av,pass,-0.5118,0.0
full_ols_av,pass,-0.0816,0.0
full_ols_av,pass,0.0684,0.0
full_ols_av,pass,0.2699,5.0
full_ols_av,pass,0.8936,0.0
full_ols_av,pass,-2.2738,5.0
full_ols_av,pass,1.2049,5.0
full_ols_av,pass,-1.5724,2.0
full_ols_av,pass,-0.4986,4.0
full_ols_av,pass,-1.7005,2.0
full_ols_av,pass,2.5632,8.0
full_ols_av,pass,2.132,4.0
full_ols_av,pass,-1.451,6.0
full_ols_av,pass,-0.0297,5.0
full_ols_av,pass,-1.5523,6.0
full_ols_av,pass,-1.2633,10.0
full_ols_av,pass,0.239,0.0
full_ols_av,pass,0.2702,0.0
full_ols_av,pass,-1.9598,0.0
full_ols_av,pass,-1.7823,2.0
full_ols_av,pass,1.544,8.0
full_ols_av,pass,-1.288,2.0
full_ols_av,pass,-0.0299,9.0
full_ols_av,pass,-0.1921,4.0
full_ols_av,pass,0.9299,0.0
full_ols_av,pass,-2.3133,4.0
full_ols_av,pass,1.2551,6.0
full_ols_av,pass,3.1291,5.0
full_ols_av,pass,-0.6529,5.0
full_ols_av,pass,0.0685,0.0
full_ols_av,pass,-2.3741,5.0
full_ols_av,pass,-0.9024,0.0
full_ols_av,pass,-1.2882,0.0
full_ols_av,pass,1.0878,0.0
full_ols_av,pass,-0.7582,0.0
full_ols_av,pass,-0.8172,5.0
full_ols_av,pass,-0.4882,0.0
full_ols_av,pass,-0.5826,5.0
full_ols_av,pass,0.8134,5.0
full_ols_av,pass,0.2885,4.0
full_ols_av,pass,-0.4441,0.0
full_ols_av,pass,-1.5255,4.0
full_ols_av,pass,-0.6186,6.0
full_ols_av,pass,1.9821,7.0
full_ols_av,pass,-0.8885,3.0
full_ols_av,pass,-1.0528,5.0
full_ols_av,pass,-1.3984,3.0
full_ols_av,pass,-1.1537,4.0
full_ols_av,pass,-0.2163,6.0
full_ols_av,pass,-0.7632,4.0
full_ols_av,pass,1.5234,6.0
full_ols_av,pass,1.6634,6.0
full_ols_av,pass,-2.8726,2.0
full_ols_av,pass,0.3171,8.0
full_ols_av,pass,-1.9735,2.0
full_ols_av,pass,-2.6744,3.0
full_ols_av,pass,-1.4384,7.0
full_ols_av,pass,1.2725,3.0
full_ols_av,pass,0.1905,0.0
full_ols_av,pass,-0.5454,4.0
full_ols_av,pass,-0.2141,3.0
full_ols_av,pass,-1.6931,4.0
full_ols_av,pass,0.4528,6.0
full_ols_av,pass,-0.3361,6.0
full_ols_av,pass,-0.9572,3.0
full_ols_av,pass,1.6816,7.0
full_ols_av,pass,0.67,3.0
full_ols_av,pass,-0.7971,0.0
full_ols_av,pass,-0.1294,0.0
full_ols_av,pass,-0.0747,0.0
full_ols_av,pass,-0.2859,0.0
full_ols_av,pass,-2.195,4.0
full_ols_av,pass,1.5363,6.0
full_ols_av,pass,-1.0418,4.0
full_ols_av,pass,-0.4748,0.0
full_ols_av,pass,-2.3914,2.0
full_ols_av,pass,1.508,8.0
full_ols_av,pass,-0.8815,2.0
full_ols_av,pass,0.8938,0.0
full_ols_av,pass,-1.3908,2.0
full_ols_av,pass,-0.3907,0.0
full_ols_av,pass,-0.4309,2.0
full_ols_av,pass,1.0888,8.0
full_ols_av,pass,-1.0094,2.0
full_ols_av,pass,-1.7665,8.0
full_ols_av,pass,-0.2947,2.0
full_ols_av,pass,0.5047,2.0
full_ols_av,pass,-1.111,2.0
full_ols_av,pass,2.1646,8.0
full_ols_av,pass,-0.6725,2.0
full_ols_av,pass,-0.624,8.0
full_ols_av,pass,0.3099,8.0
full_ols_av,pass,-0.8822,2.0
full_ols_av,pass,0.3382,3.0
full_ols_av,pass,-2.5545,2.0
full_ols_av,pass,-0.8314,4.0
full_ols_av,pass,-1.824,3.0
full_ols_av,pass,0.0764,7.0
full_ols_av,pass,-0.7973,3.0
full_ols_av,pass,-2.7748,5.0
full_ols_av,pass,0.1878,8.0
full_ols_av,pass,-1.3956,5.0
full_ols_av,pass,1.5493,5.0
full_ols_av,pass,-1.841,1.0
full_ols_av,pass,0.4271,5.0
full_ols_av,pass,-1.5449,1.0
full_ols_av,pass,1.9381,9.0
full_ols_av,pass,-0.1588,4.0
full_ols_av,pass,0.0097,0.0
full_ols_av,pass,-1.4185,4.0
full_ols_av,pass,-0.2695,6.0
full_ols_av,pass,1.5896,5.0
full_ols_av,pass,-1.1093,5.0
full_ols_av,pass,-0.0905,2.0
full_ols_av,pass,-1.2946,5.0
full_ols_av,pass,-2.4697,5.0
full_ols_av,pass,-1.2395,5.0
full_ols_av,pass,-0.0891,5.0
full_ols_av,pass,0.5746,0.0
full_ols_av,pass,0.7589,0.0
full_ols_av,pass,-0.6873,0.0
full_ols_av,pass,-0.5929,0.0
full_ols_av,pass,-0.6488,0.0
full_ols_av,pass,-0.3041,0.0
full_ols_av,pass,0.3945,0.0
full_ols_av,pass,-1.0368,0.0
full_ols_av,pass,-0.6279,0.0
full_ols_av,pass,1.3652,0.0
full_ols_av,pass,-2.1435,3.0
full_ols_av,pass,1.5059,7.0
full_ols_av,pass,-0.9408,3.0
full_ols_av,pass,-0.2423,0.0
full_ols_av,pass,-0.6018,0.0
full_ols_av,pass,-0.901,0.0
full_ols_av,pass,-0.5564,0.0
full_ols_av,pass,-0.3816,2.0
full_ols_av,pass,-1.6454,1.0
full_ols_av,pass,1.8234,9.0
full_ols_av,pass,-1.8344,1.0
full_ols_av,pass,-0.4039,0.0
full_ols_av,pass,-0.0932,2.0
full_ols_av,pass,0.3855,8.0
full_ols_av,pass,-1.7275,2.0
full_ols_av,pass,0.5338,4.0
full_ols_av,pass,-0.3648,3.0
full_ols_av,pass,1.456,7.0
full_ols_av,pass,-2.9698,3.0
full_ols_av,pass,0.5452,7.0
full_ols_av,pass,-2.3901,3.0
full_ols_av,pass,2.2802,8.0
full_ols_av,pass,-0.8693,3.0
full_ols_av,pass,-1.1997,0.0
full_ols_av,pass,-0.8444,0.0
full_ols_av,pass,-1.1465,0.0
full_ols_av,pass,0.4913,0.0
full_ols_av,pass,0.0066,5.0
full_ols_av,pass,-2.2081,5.0
full_ols_av,pass,1.2736,5.0
full_ols_av,pass,-1.1189,4.0
full_ols_av,pass,0.1403,0.0
full_ols_av,pass,-2.2637,4.0
full_ols_av,pass,2.6717,6.0
full_ols_av,pass,-1.1835,4.0
full_ols_av,pass,-0.6727,5.0
full_ols_av,pass,-0.3766,5.0
full_ols_av,pass,-0.4142,0.0
full_ols_av,pass,0.1134,5.0
full_ols_av,pass,1.5238,4.0
full_ols_av,pass,0.0723,6.0
full_ols_av,pass,-1.1961,5.0
full_ols_av,pass,-0.8926,6.0
full_ols_av,pass,-0.2826,6.0
full_ols_av,pass,-0.2641,0.0
full_ols_av,pass,-2.1373,6.0
full_ols_av,pass,0.4698,4.0
full_ols_av,pass,0.611,0.0
full_ols_av,pass,0.0197,0.0
full_ols_av,pass,-1.3783,0.0
full_ols_av,pass,-0.3467,0.0
full_ols_av,pass,-2.4145,3.0
full_ols_av,pass,2.9883,6.0
full_ols_av,pass,-0.9863,3.0
full_ols_av,pass,-1.0494,5.0
full_ols_av,pass,-0.5046,0.0
full_ols_av,pass,-0.7535,0.0
full_ols_av,pass,-1.3921,0.0
full_ols_av,pass,0.0147,0.0
full_ols_av,pass,-1.7372,2.0
full_ols_av,pass,1.9034,8.0
full_ols_av,pass,-1.8826,2.0
full_ols_av,pass,-0.4115,5.0
full_ols_av,pass,0.9288,7.0
full_ols_av,pass,-3.1389,4.0
full_ols_av,pass,1.158,6.0
full_ols_av,pass,-1.1082,4.0
full_ols_av,pass,-0.6386,4.0
full_ols_av,pass,0.0257,0.0
full_ols_av,pass,-1.1612,4.0
full_ols_av,pass,1.7228,6.0
full_ols_av,pass,-0.0868,5.0
full_ols_av,pass,-1.9403,5.0
full_ols_av,pass,1.5155,5.0
full_ols_av,pass,-0.6123,5.0
full_ols_av,pass,-1.7089,1.0
full_ols_av,pass,-1.6431,2.0
full_ols_av,pass,1.906,8.0
full_ols_av,pass,0.1445,2.0
full_ols_av,pass,1.601,8.0
full_ols_av,pass,-2.18,2.0
full_ols_av,pass,-0.5988,0.0
full_ols_av,pass,-1.3824,2.0
full_ols_av,pass,-0.7918,3.0
full_ols_av,pass,-0.3406,7.0
full_ols_av,pass,-1.4405,3.0
full_ols_av,pass,0.9066,0.0
full_ols_av,pass,-1.3264,4.0
full_ols_av,pass,-1.0248,3.0
full_ols_av,pass,-0.9923,7.0
full_ols_av,pass,-0.1321,3.0
full_ols_av,pass,-1.5347,0.0
full_ols_av,pass,0.1969,0.0
full_ols_av,pass,0.1815,0.0
full_ols_av,pass,-0.7882,0.0
full_ols_av,pass,-0.7817,4.0
full_ols_av,pass,-0.2629,6.0
full_ols_av,pass,-1.4201,4.0
full_ols_av,pass,0.6552,0.0
full_ols_av,pass,2.2455,6.0
full_ols_av,pass,-2.1247,4.0
full_ols_av,pass,-1.2293,0.0
full_ols_av,pass,-1.2622,4.0
full_ols_av,pass,-0.356,0.0
full_ols_av,pass,-0.4523,0.0
full_ols_av,pass,-1.2678,0.0
full_ols_av,pass,-0.1959,0.0
full_ols_av,pass,0.6494,3.0
full_ols_av,pass,-3.076,2.0
full_ols_av,pass,2.9505,8.0
full_ols_av,pass,-0.2005,2.0
full_ols_av,pass,0.1643,0.0
full_ols_av,pass,-1.9071,3.0
full_ols_av,pass,1.4789,7.0
full_ols_av,pass,-1.5702,3.0
full_ols_av,pass,-1.4005,5.0
full_ols_av,pass,0.2418,5.0
full_ols_av,pass,-0.3972,0.0
full_ols_av,pass,-1.1771,5.0
full_ols_av,pass,-0.3471,0.0
full_ols_av,pass,-0.1156,0.0
full_ols_av,pass,0.0046,0.0
full_ols_av,pass,-0.8388,0.0
full_ols_av,pass,-0.1559,5.0
full_ols_av,pass,-0.3368,0.0
full_ols_av,pass,-0.7006,5.0
full_ols_av,pass,-0.3563,5.0
full_ols_av,pass,-0.2049,3.0
full_ols_av,pass,0.5352,7.0
full_ols_av,pass,-3.2133,3.0
full_ols_av,pass,1.2621,4.0
full_ols_av,pass,0.1601,0.0
full_ols_av,pass,-2.0452,4.0
full_ols_av,pass,1.8158,6.0
full_ols_av,pass,-0.9413,4.0
full_ols_av,pass,-1.2563,3.0
full_ols_av,pass,-0.1578,7.0
full_ols_av,pass,-1.0362,3.0
full_ols_av,pass,1.0693,0.0
full_ols_av,pass,-1.5485,0.0
full_ols_av,pass,-0.0174,0.0
full_ols_av,pass,-0.0477,0.0
full_ols_av,pass,-0.1431,0.0
full_ols_av,pass,-1.2283,3.0
full_ols_av,pass,0.0684,0.0
full_ols_av,pass,-2.0538,3.0
full_ols_av,pass,2.5368,7.0
full_ols_av,pass,-0.8999,3.0
full_ols_av,pass,-0.9381,7.0
full_ols_av,pass,-1.4432,3.0
full_ols_av,pass,0.9673,0.0
full_ols_av,pass,0.314,2.0
full_ols_av,pass,-0.9552,8.0
full_ols_av,pass,-0.1709,2.0
full_ols_av,pass,-1.0761,6.0
full_ols_av,pass,-0.2847,3.0
full_ols_av,pass,0.2723,0.0
full_ols_av,pass,-3.2704,3.0
full_ols_av,pass,1.5741,7.0
full_ols_av,pass,1.206,8.0
full_ols_av,pass,-1.3558,2.0
full_ols_av,pass,0.601,0.0
full_ols_av,pass,-1.5569,2.0
full_ols_av,pass,-0.8355,5.0
full_ols_av,pass,0.5214,5.0
full_ols_av,pass,-0.8179,0.0
full_ols_av,pass,-1.2007,5.0
full_ols_av,pass,-0.7129,0.0
full_ols_av,pass,-1.7496,4.0
full_ols_av,pass,-0.4058,6.0
full_ols_av,pass,-0.0367,4.0
full_ols_av,pass,0.8795,9.0
full_ols_av,pass,-2.3091,1.0
full_ols_av,pass,1.1141,0.0
full_ols_av,pass,-1.3817,1.0
full_ols_av,pass,0.6222,2.0
full_ols_av,pass,-2.2167,3.0
full_ols_av,pass,1.8469,7.0
full_ols_av,pass,-1.2949,3.0
full_ols_av,pass,-2.252,4.0
full_ols_av,pass,2.6994,6.0
full_ols_av,pass,-3.0516,4.0
full_ols_av,pass,-0.2723,6.0
full_ols_av,pass,-0.2778,2.0
full_ols_av,pass,-1.3845,3.0
full_ols_av,pass,0.8146,7.0
full_ols_av,pass,-0.947,3.0
full_ols_av,pass,-1.3552,1.0
full_ols_av,pass,-0.755,3.0
full_ols_av,pass,-0.3873,7.0
full_ols_av,pass,-0.8435,3.0
full_ols_av,pass,-0.5235,2.0
full_ols_av,pass,1.1883,0.0
full_ols_av,pass,-2.6621,2.0
full_ols_av,pass,2.0569,8.0
full_ols_av,pass,0.1372,0.0
full_ols_av,pass,-0.7534,2.0
full_ols_av,pass,1.1891,8.0
full_ols_av,pass,-2.6273,2.0
full_ols_av,pass,3.0812,6.0
full_ols_av,pass,-0.5633,3.0
full_ols_av,pass,0.4146,7.0
full_ols_av,pass,-2.6021,3.0
full_ols_av,pass,-1.155,0.0
full_ols_av,pass,-0.3071,0.0
full_ols_av,pass,-0.0142,0.0
full_ols_av,pass,0.0448,0.0
full_ols_av,pass,-1.1517,0.0
full_ols_av,pass,1.9965,10.0
full_ols_av,pass,-2.6819,0.0
full_ols_av,pass,0.536,3.0
full_ols_av,pass,0.5651,0.0
full_ols_av,pass,-0.4756,0.0
full_ols_av,pass,-1.1082,0.0
full_ols_av,pass,-0.3571,0.0
full_ols_av,pass,-3.1297,1.0
full_ols_av,pass,2.2086,9.0
full_ols_av,pass,-0.3901,1.0
full_ols_av,pass,0.7622,9.0
full_ols_av,pass,0.2789,4.0
full_ols_av,pass,-0.2529,0.0
full_ols_av,pass,-1.2347,4.0
full_ols_av,pass,-1.7537,6.0
full_ols_av,pass,0.4044,0.0
full_ols_av,pass,-1.5151,2.0
full_ols_av,pass,0.9627,8.0
full_ols_av,pass,-1.9153,2.0
full_ols_av,pass,-0.8354,4.0
full_ols_av,pass,-0.2755,2.0
full_ols_av,pass,-1.2886,6.0
full_ols_av,pass,0.4319,4.0
full_ols_av,pass,-0.5638,2.0
full_ols_av,pass,1.4773,8.0
full_ols_av,pass,-2.9579,2.0
full_ols_av,pass,0.6423,3.0
full_ols_av,pass,0.263,5.0
full_ols_av,pass,-1.1588,5.0
full_ols_av,pass,-0.1129,5.0
full_ols_av,pass,-0.1073,0.0
full_ols_av,pass,0.8097,0.0
full_ols_av,pass,-0.1725,4.0
full_ols_av,pass,-0.1738,6.0
full_ols_av,pass,-2.2061,4.0
full_ols_av,pass,-1.6347,2.0
full_ols_av,pass,1.6132,8.0
full_ols_av,pass,-1.4463,2.0
full_ols_av,pass,-0.6161,0.0
full_ols_av,pass,-0.5006,6.0
full_ols_av,pass,-0.8064,4.0
full_ols_av,pass,-2.5578,4.0
full_ols_av,pass,2.0092,4.0
full_ols_av,pass,0.3496,8.0
full_ols_av,pass,-2.3513,2.0
full_ols_av,pass,1.5573,8.0
full_ols_av,pass,-1.0373,2.0
full_ols_av,pass,0.9381,0.0
full_ols_av,pass,-1.5363,3.0
full_ols_av,pass,-1.0664,7.0
full_ols_av,pass,-0.244,3.0
full_ols_av,pass,-0.2296,3.0
full_ols_av,pass,0.8296,0.0
full_ols_av,pass,-3.2315,3.0
full_ols_av,pass,0.9898,7.0
full_ols_av,pass,-2.6157,3.0
full_ols_av,pass,1.4856,7.0
full_ols_av,pass,0.2832,3.0
full_ols_av,pass,0.3896,0.0
full_ols_av,pass,-0.7541,0.0
full_ols_av,pass,-0.2299,0.0
full_ols_av,pass,-1.1516,0.0
full_ols_av,pass,0.5761,0.0
full_ols_av,pass,-0.4724,0.0
full_ols_av,pass,-0.4798,0.0
full_ols_av,pass,-2.1042,0.0
full_ols_av,pass,0.6765,0.0
full_ols_av,pass,1.854,6.0
full_ols_av,pass,-1.7155,4.0
full_ols_av,pass,0.0679,4.0
full_ols_av,pass,-1.6122,4.0
full_ols_av,pass,-1.6111,2.0
full_ols_av,pass,-0.1757,8.0
full_ols_av,pass,-1.1163,2.0
full_ols_av,pass,0.9278,9.0
full_ols_av,pass,-1.3633,5.0
full_ols_av,pass,0.2538,0.0
full_ols_av,pass,0.1573,5.0
full_ols_av,pass,-0.7815,5.0
full_ols_av,pass,0.9379,0.0
full_ols_av,pass,-3.0634,1.0
full_ols_av,pass,2.3408,9.0
full_ols_av,pass,-3.137,1.0
full_ols_av,pass,-1.2316,2.0
full_ols_av,pass,0.6089,6.0
full_ols_av,pass,-1.7765,2.0
full_ols_av,pass,1.5277,8.0
full_ols_av,pass,-1.2614,4.0
full_ols_av,pass,0.0688,6.0
full_ols_av,pass,0.1774,4.0
full_ols_av,pass,-2.4377,3.0
full_ols_av,pass,0.1391,1.0
full_ols_av,pass,-1.5467,2.0
full_ols_av,pass,-0.9397,8.0
full_ols_av,pass,-0.6808,2.0
full_ols_av,pass,-1.9428,5.0
full_ols_av,pass,-1.5994,3.0
full_ols_av,pass,0.6717,7.0
full_ols_av,pass,0.1824,3.0
full_ols_av,pass,-2.6746,1.0
full_ols_av,pass,0.0828,0.0
full_ols_av,pass,-1.6848,1.0
full_ols_av,pass,1.9595,9.0
full_ols_av,pass,-0.7102,0.0
full_ols_av,pass,0.1007,0.0
full_ols_av,pass,-1.3579,0.0
full_ols_av,pass,-0.0195,0.0
full_ols_av,pass,1.4736,5.0
full_ols_av,pass,-2.0746,4.0
full_ols_av,pass,-1.0907,6.0
full_ols_av,pass,-1.378,4.0
full_ols_av,pass,-1.7167,4.0
full_ols_av,pass,0.0193,6.0
full_ols_av,pass,-2.5401,4.0
full_ols_av,pass,3.1083,8.0
full_ols_av,pass,0.2233,5.0
full_ols_av,pass,-0.2254,5.0
full_ols_av,pass,0.2633,4.0
full_ols_av,pass,-0.6766,4.0
full_ols_av,pass,-0.0755,4.0
full_ols_av,pass,-1.0138,6.0
full_ols_av,pass,-1.0803,4.0
full_ols_av,pass,0.4531,0.0
full_ols_av,pass,1.7114,7.0
full_ols_av,pass,-2.2044,3.0
full_ols_av,pass,0.0723,3.0
full_ols_av,pass,-1.5837,3.0
full_ols_av,pass,-1.9303,4.0
full_ols_av,pass,1.2979,6.0
full_ols_av,pass,-2.0511,4.0
full_ols_av,pass,-0.5512,5.0
full_ols_av,pass,-0.6395,0.0
full_ols_av,pass,-0.9139,0.0
full_ols_av,pass,0.2997,0.0
full_ols_av,pass,-0.3973,0.0
full_ols_av,pass,-1.154,4.0
full_ols_av,pass,0.8824,0.0
full_ols_av,pass,-1.4946,4.0
full_ols_av,pass,1.261,6.0
full_ols_av,pass,-1.2304,5.0
full_ols_av,pass,0.1113,0.0
full_ols_av,pass,-2.3264,5.0
full_ols_av,pass,0.0386,5.0
full_ols_av,pass,0.3076,3.0
full_ols_av,pass,-1.0023,7.0
full_ols_av,pass,-0.6621,3.0
full_ols_av,pass,-1.2175,3.0
full_ols_av,pass,-0.4985,3.0
full_ols_av,pass,-0.0176,4.0
full_ols_av,pass,-2.5982,3.0
full_ols_av,pass,0.9617,7.0
full_ols_av,pass,1.0156,6.0
full_ols_av,pass,-0.2094,4.0
full_ols_av,pass,-0.0301,0.0
full_ols_av,pass,-1.682,4.0
full_ols_av,pass,-0.87,3.0
full_ols_av,pass,-0.5762,7.0
full_ols_av,pass,-0.551,3.0
full_ols_av,pass,-0.0334,0.0
full_ols_av,pass,-0.0956,0.0
full_ols_av,pass,-0.2043,0.0
full_ols_av,pass,-0.3463,0.0
full_ols_av,pass,-0.1558,0.0
full_ols_av,pass,-0.7354,0.0
full_ols_av,pass,-0.9322,0.0
full_ols_av,pass,0.1921,0.0
full_ols_av,pass,-0.5974,0.0
full_ols_av,pass,0.9256,0.0
full_ols_av,pass,-2.27,4.0
full_ols_av,pass,2.1898,6.0
full_ols_av,pass,-1.8963,4.0
full_ols_av,pass,0.0956,3.0
full_ols_av,pass,0.277,7.0
full_ols_av,pass,-3.3145,3.0
full_ols_av,pass,2.7274,7.0
full_ols_av,pass,1.8186,6.0
full_ols_av,pass,-1.0689,4.0
full_ols_av,pass,0.9097,5.0
full_ols_av,pass,-2.0833,4.0
full_ols_av,pass,-1.8437,0.0
full_ols_av,pass,0.5234,0.0
full_ols_av,pass,-0.5803,0.0
full_ols_av,pass,-0.03,0.0
full_ols_av,pass,-1.8119,2.0
full_ols_av,pass,0.8348,0.0
full_ols_av,pass,-1.4254,2.0
full_ols_av,pass,0.935,8.0
full_ols_av,pass,-0.9707,5.0
full_ols_av,pass,1.4285,5.0
full_ols_av,pass,-0.7881,5.0
full_ols_av,pass,-0.2231,1.0
full_ols_av,pass,-2.6862,2.0
full_ols_av,pass,2.6619,8.0
full_ols_av,pass,-0.8224,2.0
full_ols_av,pass,0.452,8.0
full_ols_av,pass,-1.6897,4.0
full_ols_av,pass,0.6756,6.0
full_ols_av,pass,0.4146,4.0
full_ols_av,pass,-0.3397,0.0
full_ols_av,pass,3.1201,8.0
full_ols_av,pass,0.0594,1.0
full_ols_av,pass,-0.6634,9.0
full_ols_av,pass,-2.2957,1.0
full_ols_av,pass,-3.307,2.0
full_ols_av,pass,3.0707,9.0
full_ols_av,pass,-1.6472,2.0
full_ols_av,pass,1.3778,8.0
full_ols_av,pass,-1.0233,1.0
full_ols_av,pass,-0.4735,2.0
full_ols_av,pass,-1.2641,1.0
full_ols_av,pass,1.733,9.0
full_ols_av,pass,-1.434,3.0
full_ols_av,pass,-0.7828,0.0
full_ols_av,pass,-0.8096,3.0
full_ols_av,pass,1.4981,7.0
full_ols_av,pass,-0.2457,0.0
full_ols_av,pass,-0.6788,0.0
full_ols_av,pass,-0.4497,0.0
full_ols_av,pass,0.0096,0.0
full_ols_av,pass,-0.7837,5.0
full_ols_av,pass,0.5718,5.0
full_ols_av,pass,-1.8414,5.0
full_ols_av,pass,-0.4182,3.0
full_ols_av,pass,-1.6195,4.0
full_ols_av,pass,1.1736,6.0
full_ols_av,pass,-2.5228,4.0
full_ols_av,pass,2.2231,7.0
full_ols_av,pass,-1.1998,0.0
full_ols_av,pass,0.0536,0.0
full_ols_av,pass,-1.2054,0.0
full_ols_av,pass,0.0569,0.0
full_ols_av,pass,1.1685,5.0
full_ols_av,pass,-0.7495,5.0
full_ols_av,pass,0.5273,0.0
full_ols_av,pass,-1.9011,5.0
full_ols_av,pass,0.2706,0.0
full_ols_av,pass,-0.9351,0.0
full_ols_av,pass,-0.4629,0.0
full_ols_av,pass,-0.1477,0.0
full_ols_av,pass,0.2943,7.0
full_ols_av,pass,-0.0073,3.0
full_ols_av,pass,-0.0199,6.0
full_ols_av,pass,-1.0494,3.0
full_ols_av,pass,-1.702,2.0
full_ols_av,pass,2.2389,8.0
full_ols_av,pass,-1.4978,2.0
full_ols_av,pass,-0.6979,3.0
full_ols_av,pass,-1.4079,4.0
full_ols_av,pass,0.4468,6.0
full_ols_av,pass,0.0384,4.0
full_ols_av,pass,0.9307,5.0
full_ols_av,pass,-2.5716,2.0
full_ols_av,pass,2.0106,8.0
full_ols_av,pass,-1.9721,2.0
full_ols_av,pass,1.8402,0.0
full_ols_av,pass,0.2804,7.0
full_ols_av,pass,-0.8603,3.0
full_ols_av,pass,0.2994,0.0
full_ols_av,pass,-2.3844,3.0
full_ols_av,pass,-0.1379,0.0
full_ols_av,pass,-1.1584,0.0
full_ols_av,pass,0.6849,0.0
full_ols_av,pass,-1.2093,0.0
full_ols_av,pass,0.1934,2.0
full_ols_av,pass,-1.0935,5.0
full_ols_av,pass,0.2004,2.0
full_ols_av,pass,-0.2698,8.0
full_ols_av,pass,-0.6813,4.0
full_ols_av,pass,-0.3329,6.0
full_ols_av,pass,-1.9562,4.0
full_ols_av,pass,2.3232,6.0
full_ols_av,pass,-0.7696,1.0
full_ols_av,pass,1.0419,0.0
full_ols_av,pass,-2.1845,1.0
full_ols_av,pass,0.9878,9.0
full_ols_av,pass,-0.5397,0.0
full_ols_av,pass,-0.8859,0.0
full_ols_av,pass,-0.4843,0.0
full_ols_av,pass,0.1055,0.0
full_ols_av,pass,2.3893,9.0
full_ols_av,pass,-1.2882,1.0
full_ols_av,pass,1.3416,0.0
full_ols_av,pass,-3.246,1.0
full_ols_av,pass,-0.2943,7.0
full_ols_av,pass,-0.2259,3.0
full_ols_av,pass,-1.347,5.0
full_ols_av,pass,-1.2935,3.0
full_ols_av,pass,3.0187,8.0
full_ols_av,pass,-0.2955,3.0
full_ols_av,pass,0.5405,7.0
full_ols_av,pass,-2.4278,3.0
full_ols_av,pass,0.6591,5.0
full_ols_av,pass,-2.3778,4.0
full_ols_av,pass,1.773,6.0
full_ols_av,pass,-0.5819,4.0
full_ols_av,pass,-0.5486,0.0
full_ols_av,pass,0.0886,0.0
full_ols_av,pass,0.5801,0.0
full_ols_av,pass,-1.4941,0.0
full_ols_av,pass,-2.8064,6.0
full_ols_av,pass,0.5155,4.0
full_ols_av,pass,0.4516,0.0
full_ols_av,pass,-1.6086,4.0
full_ols_av,pass,-0.1359,3.0
full_ols_av,pass,0.3174,7.0
full_ols_av,pass,-1.4704,3.0
full_ols_av,pass,-0.4116,0.0
full_ols_av,pass,-1.3232,3.0
full_ols_av,pass,1.1532,7.0
full_ols_av,pass,-0.3132,3.0
full_ols_av,pass,-0.8944,6.0
full_ols_av,pass,-0.643,7.0
full_ols_av,pass,-0.5732,3.0
full_ols_av,pass,-0.6406,0.0
full_ols_av,pass,-1.7173,3.0
full_ols_av,pass,-2.3849,4.0
full_ols_av,pass,-0.4378,6.0
full_ols_av,pass,-0.5238,4.0
full_ols_av,pass,-0.1312,0.0
full_ols_av,pass,0.541,0.0
full_ols_av,pass,-1.0275,0.0
full_ols_av,pass,-0.4299,0.0
full_ols_av,pass,-0.6369,0.0
full_ols_av,pass,-1.8502,4.0
full_ols_av,pass,1.3458,0.0
full_ols_av,pass,-2.8238,4.0
full_ols_av,pass,0.5329,6.0
full_ols_av,pass,2.4659,8.0
full_ols_av,pass,-1.2571,2.0
full_ols_av,pass,0.6089,0.0
full_ols_av,pass,-2.7827,2.0
full_ols_av,pass,-0.9104,7.0
full_ols_av,pass,0.0202,6.0
full_ols_av,pass,-1.1105,7.0
full_ols_av,pass,1.1539,3.0
full_ols_av,pass,-2.433,4.0
full_ols_av,pass,-0.4897,5.0
full_ols_av,pass,-0.0898,4.0
full_ols_av,pass,0.8322,6.0
full_ols_av,pass,-0.4307,0.0
full_ols_av,pass,-0.8709,5.0
full_ols_av,pass,-0.8006,5.0
full_ols_av,pass,-1.0755,5.0
full_ols_av,pass,0.7365,2.0
full_ols_av,pass,-1.486,8.0
full_ols_av,pass,-1.1737,2.0
full_ols_av,pass,0.2912,0.0
full_ols_av,pass,0.3512,0.0
full_ols_av,pass,-0.4509,0.0
full_ols_av,pass,0.1532,0.0
full_ols_av,pass,-1.3636,0.0
full_ols_av,pass,0.2829,3.0
full_ols_av,pass,-1.2141,5.0
full_ols_av,pass,0.6742,5.0
full_ols_av,pass,-0.7714,5.0
full_ols_av,pass,0.4368,5.0
full_ols_av,pass,-0.6908,5.0
full_ols_av,pass,-0.0158,0.0
full_ols_av,pass,-1.2383,5.0
full_ols_av,pass,0.8574,0.0
full_ols_av,pass,-0.2865,4.0
full_ols_av,pass,-0.302,6.0
full_ols_av,pass,-2.2019,4.0
full_ols_av,pass,-2.0432,3.0
full_ols_av,pass,-0.1288,0.0
full_ols_av,pass,-0.4745,3.0
full_ols_av,pass,0.9192,7.0
full_ols_av,pass,1.6356,7.0
full_ols_av,pass,-0.4977,3.0
full_ols_av,pass,0.7368,0.0
full_ols_av,pass,-2.2838,3.0
full_ols_av,pass,-2.8248,3.0
full_ols_av,pass,1.3467,7.0
full_ols_av,pass,-2.5274,3.0
full_ols_av,pass,-0.0055,7.0
full_ols_av,pass,0.6505,7.0
full_ols_av,pass,-1.2269,3.0
full_ols_av,pass,0.6073,4.0
full_ols_av,pass,-1.637,3.0
full_ols_av,pass,0.1441,4.0
full_ols_av,pass,-0.2828,4.0
full_ols_av,pass,0.1212,4.0
full_ols_av,pass,-0.1064,6.0
full_ols_av,pass,0.1553,5.0
full_ols_av,pass,-0.2233,5.0
full_ols_av,pass,0.214,5.0
full_ols_av,pass,0.1582,5.0
full_ols_av,pass,-1.149,5.0
full_ols_av,pass,-0.0853,0.0
full_ols_av,pass,-1.6474,5.0
full_ols_av,pass,0.8933,5.0
full_ols_av,pass,0.7873,0.0
full_ols_av,pass,-2.6416,5.0
full_ols_av,pass,2.332,5.0
full_ols_av,pass,-0.7081,5.0
full_ols_av,pass,-2.0145,1.0
full_ols_av,pass,2.2849,9.0
full_ols_av,pass,-1.5987,1.0
full_ols_av,pass,-0.1399,6.0
full_ols_av,pass,-0.6054,4.0
full_ols_av,pass,0.2828,0.0
full_ols_av,pass,-1.8413,4.0
full_ols_av,pass,0.1188,6.0
full_ols_av,pass,0.6537,0.0
full_ols_av,pass,-1.6084,1.0
full_ols_av,pass,1.609,9.0
full_ols_av,pass,-1.6938,1.0
full_ols_av,pass,-1.4594,0.0
full_ols_av,pass,-1.2073,0.0
full_ols_av,pass,0.2612,0.0
full_ols_av,pass,0.4787,0.0
full_ols_av,pass,-0.5467,5.0
full_ols_av,pass,0.8998,0.0
full_ols_av,pass,-1.0097,5.0
full_ols_av,pass,0.0854,5.0
full_ols_av,pass,-0.3991,2.0
full_ols_av,pass,0.4369,4.0
full_ols_av,pass,-0.0241,6.0
full_ols_av,pass,0.0387,4.0
full_ols_av,pass,-1.8519,2.0
full_ols_av,pass,-0.2445,9.0
full_ols_av,pass,-1.8452,2.0
full_ols_av,pass,1.6435,8.0
full_ols_av,pass,0.0684,0.0
full_ols_av,pass,-2.0508,2.0
full_ols_av,pass,-0.6667,8.0
full_ols_av,pass,-0.4046,2.0
full_ols_av,pass,-0.5726,0.0
full_ols_av,pass,-2.0014,2.0
full_ols_av,pass,0.2806,8.0
full_ols_av,pass,-0.5556,2.0
full_ols_av,pass,-1.3001,1.0
full_ols_av,pass,-1.6956,3.0
full_ols_av,pass,-0.631,7.0
full_ols_av,pass,0.7682,3.0
full_ols_av,pass,-0.3287,3.0
full_ols_av,pass,0.3388,0.0
full_ols_av,pass,-2.4206,3.0
full_ols_av,pass,-0.4483,7.0
full_ols_av,pass,-0.7907,6.0
full_ols_av,pass,0.3726,3.0
full_ols_av,pass,-2.1321,6.0
full_ols_av,pass,0.9351,4.0
full_ols_av,pass,-0.5482,2.0
full_ols_av,pass,0.1456,6.0
full_ols_av,pass,-1.4952,2.0
full_ols_av,pass,2.5177,8.0
full_ols_av,pass,0.6329,7.0
full_ols_av,pass,-1.1164,3.0
full_ols_av,pass,0.4525,3.0
full_ols_av,pass,-1.2739,3.0
full_ols_av,pass,-0.6032,8.0
full_ols_av,pass,-1.1441,2.0
full_ols_av,pass,1.8088,7.0
full_ols_av,pass,-3.3611,2.0
full_ols_av,pass,-0.5582,8.0
full_ols_av,pass,-1.1772,2.0
full_ols_av,pass,3.1333,9.0
full_ols_av,pass,-1.7903,2.0
full_ols_av,pass,0.1661,0.0
full_ols_av,pass,-0.7765,0.0
full_ols_av,pass,-0.4407,0.0
full_ols_av,pass,-0.051,0.0
full_ols_av,pass,0.4226,3.0
full_ols_av,pass,-1.7692,1.0
full_ols_av,pass,3.3669,9.0
full_ols_av,pass,-2.1569,1.0
full_ols_av,pass,0.0965,0.0
full_ols_av,pass,-1.182,0.0
full_ols_av,pass,-0.1958,0.0
full_ols_av,pass,-0.7042,0.0
full_ols_av,pass,-0.2447,0.0
full_ols_av,pass,-0.2328,3.0
full_ols_av,pass,-0.5738,7.0
full_ols_av,pass,-1.7563,3.0
full_ols_av,pass,0.3819,4.0
full_ols_av,pass,-0.5184,5.0
full_ols_av,pass,0.5206,5.0
full_ols_av,pass,-1.8534,5.0
full_ols_av,pass,-0.3995,4.0
full_ols_av,pass,-0.4416,6.0
full_ols_av,pass,-0.1439,0.0
full_ols_av,pass,-0.0709,6.0
full_ols_av,pass,-1.0711,2.0
full_ols_av,pass,1.0448,0.0
full_ols_av,pass,-1.3858,2.0
full_ols_av,pass,0.0213,8.0
full_ols_av,pass,-0.9791,4.0
full_ols_av,pass,-1.9449,3.0
full_ols_av,pass,1.6367,7.0
full_ols_av,pass,-0.8756,3.0
full_ols_av,pass,-0.366,0.0
full_ols_av,pass,-1.6382,3.0
full_ols_av,pass,1.5866,7.0
full_ols_av,pass,-1.5726,3.0
full_ols_av,pass,-2.3054,3.0
full_ols_av,pass,0.3037,5.0
full_ols_av,pass,-1.2142,3.0
full_ols_av,pass,1.0659,7.0
full_ols_av,pass,-0.8793,4.0
full_ols_av,pass,-0.1939,0.0
full_ols_av,pass,-0.963,4.0
full_ols_av,pass,-1.0442,6.0
full_ols_av,pass,-1.1176,2.0
full_ols_av,pass,0.5839,8.0
full_ols_av,pass,-1.8381,2.0
full_ols_av,pass,0.6056,6.0
full_ols_av,pass,0.5931,7.0
full_ols_av,pass,-2.5627,3.0
full_ols_av,pass,1.7869,7.0
full_ols_av,pass,-0.1861,3.0
full_ols_av,pass,-0.8361,3.0
full_ols_av,pass,0.5205,0.0
full_ols_av,pass,-1.7363,3.0
full_ols_av,pass,-0.6484,7.0
full_ols_av,pass,1.371,0.0
full_ols_av,pass,-2.0145,0.0
full_ols_av,pass,-0.7923,0.0
full_ols_av,pass,-0.6947,0.0
full_ols_av,pass,-0.8614,7.0
full_ols_av,pass,-0.2544,3.0
full_ols_av,pass,0.3115,0.0
full_ols_av,pass,-0.4697,3.0
full_ols_av,pass,-3.1163,3.0
full_ols_av,pass,1.1452,7.0
full_ols_av,pass,0.2636,3.0
full_ols_av,pass,0.2191,6.0
full_ols_av,pass,2.3605,7.0
full_ols_av,pass,0.3332,3.0
full_ols_av,pass,0.0634,0.0
full_ols_av,pass,-3.3312,3.0
full_ols_av,pass,-1.3199,3.0
full_ols_av,pass,1.0778,4.0
full_ols_av,pass,-1.4435,3.0
full_ols_av,pass,1.0129,7.0
full_ols_av,pass,-3.4122,3.0
full_ols_av,pass,2.0524,7.0
full_ols_av,pass,-0.3694,3.0
full_ols_av,pass,0.8116,0.0
full_ols_av,pass,0.5458,7.0
full_ols_av,pass,-1.4811,3.0
full_ols_av,pass,0.402,4.0
full_ols_av,pass,-1.8832,3.0
full_ols_av,pass,1.6369,7.0
full_ols_av,pass,-0.7303,3.0
full_ols_av,pass,1.4068,4.0
full_ols_av,pass,-2.1342,3.0
full_ols_av,pass,1.6546,7.0
full_ols_av,pass,-1.5742,3.0
full_ols_av,pass,0.6013,0.0
full_ols_av,pass,-1.3052,3.0
full_ols_av,pass,1.1675,7.0
full_ols_av,pass,-0.3514,3.0
full_ols_av,pass,-1.1902,3.0
full_ols_av,pass,0.2894,3.0
full_ols_av,pass,2.2628,6.0
full_ols_av,pass,-1.2336,4.0
full_ols_av,pass,-0.075,6.0
full_ols_av,pass,-1.6992,4.0
full_ols_av,pass,-0.6301,4.0
full_ols_av,pass,0.2408,0.0
full_ols_av,pass,-2.402,4.0
full_ols_av,pass,2.1243,6.0
full_ols_av,pass,0.136,6.0
full_ols_av,pass,-1.2508,4.0
full_ols_av,pass,0.4985,0.0
full_ols_av,pass,-2.1754,4.0
full_ols_av,pass,-1.6754,2.0
full_ols_av,pass,0.3752,3.0
full_ols_av,pass,-0.9619,7.0
full_ols_av,pass,-0.2721,3.0
full_ols_av,pass,-1.3022,0.0
full_ols_av,pass,-0.2992,0.0
full_ols_av,pass,0.6958,0.0
full_ols_av,pass,-1.4113,0.0
full_ols_av,pass,-0.5697,6.0
full_ols_av,pass,-0.7559,4.0
full_ols_av,pass,0.1975,6.0
full_ols_av,pass,-1.1621,0.0
full_ols_av,pass,-2.1687,4.0
full_ols_av,pass,0.6926,0.0
full_ols_av,pass,-1.6771,4.0
full_ols_av,pass,1.1148,6.0
full_ols_av,pass,-1.3951,0.0
full_ols_av,pass,-1.0537,0.0
full_ols_av,pass,-0.3796,0.0
full_ols_av,pass,0.5221,0.0
full_ols_av,pass,0.4883,8.0
full_ols_av,pass,-1.7689,2.0
full_ols_av,pass,0.689,6.0
full_ols_av,pass,-2.2311,2.0
full_ols_av,pass,0.8861,0.0
full_ols_av,pass,-2.2423,2.0
full_ols_av,pass,1.9953,8.0
full_ols_av,pass,-2.0153,2.0
full_ols_av,pass,-0.3555,0.0
full_ols_av,pass,-0.6451,0.0
full_ols_av,pass,-1.411,0.0
full_ols_av,pass,0.5394,0.0
full_ols_av,pass,-0.7629,5.0
full_ols_av,pass,-0.5743,4.0
full_ols_av,pass,-1.1011,5.0
full_ols_av,pass,-0.3866,5.0
full_ols_av,pass,-0.4153,3.0
full_ols_av,pass,0.3799,0.0
full_ols_av,pass,-2.8,3.0
full_ols_av,pass,-0.3752,7.0
full_ols_av,pass,0.2259,0.0
full_ols_av,pass,-2.5135,4.0
full_ols_av,pass,0.9049,6.0
full_ols_av,pass,-1.2486,4.0
full_ols_av,pass,-1.2116,0.0
full_ols_av,pass,-2.2073,5.0
full_ols_av,pass,1.6899,5.0
full_ols_av,pass,-0.3047,5.0
full_ols_av,pass,1.9794,6.0
full_ols_av,pass,-2.0591,4.0
full_ols_av,pass,0.1203,0.0
full_ols_av,pass,-1.5536,4.0
full_ols_av,pass,-0.1532,0.0
full_ols_av,pass,-0.9496,3.0
full_ols_av,pass,-0.905,7.0
full_ols_av,pass,0.1563,3.0
full_ols_av,pass,1.912,8.0
full_ols_av,pass,-2.1527,2.0
full_ols_av,pass,0.1599,0.0
full_ols_av,pass,-1.5324,2.0
full_ols_av,pass,-0.0968,4.0
full_ols_av,pass,-2.1209,3.0
full_ols_av,pass,-0.18,7.0
full_ols_av,pass,0.2481,3.0
full_ols_av,pass,-0.2699,0.0
full_ols_av,pass,0.1816,0.0
full_ols_av,pass,-0.4701,0.0
full_ols_av,pass,-0.0108,0.0
full_ols_av,pass,1.9665,4.0
full_ols_av,pass,-0.184,6.0
full_ols_av,pass,0.1257,0.0
full_ols_av,pass,-2.6937,6.0
full_ols_av,pass,-3.4071,3.0
full_ols_av,pass,0.1794,1.0
full_ols_av,pass,-0.2022,3.0
full_ols_av,pass,0.5918,7.0
full_ols_av,pass,-2.5014,3.0
full_ols_av,pass,2.5283,7.0
full_ols_av,pass,-0.2935,3.0
full_ols_av,pass,0.453,6.0
full_ols_av,pass,-0.0607,4.0
full_ols_av,pass,0.2908,0.0
full_ols_av,pass,-1.853,4.0
full_ols_av,pass,-1.1117,6.0
full_ols_av,pass,-0.7707,0.0
full_ols_av,pass,-1.2532,3.0
full_ols_av,pass,2.1397,7.0
full_ols_av,pass,-0.9982,3.0
full_ols_av,pass,1.8264,5.0
full_ols_av,pass,0.0789,5.0
full_ols_av,pass,-1.9831,3.0
full_ols_av,pass,-1.3673,5.0
full_ols_av,pass,-1.8494,4.0
full_ols_av,pass,1.6251,6.0
full_ols_av,pass,-1.2619,4.0
full_ols_av,pass,0.7345,0.0
full_ols_av,pass,-1.0021,0.0
full_ols_av,pass,1.2672,0.0
full_ols_av,pass,-0.5714,0.0
full_ols_av,pass,0.0183,0.0
full_ols_av,pass,0.0396,7.0
full_ols_av,pass,-3.3993,2.0
full_ols_av,pass,2.5609,8.0
full_ols_av,pass,-1.1937,2.0
full_ols_av,pass,1.508,7.0
full_ols_av,pass,0.3304,3.0
full_ols_av,pass,0.4496,0.0
full_ols_av,pass,-2.7296,3.0
full_ols_av,pass,1.587,5.0
full_ols_av,pass,-2.2626,5.0
full_ols_av,pass,0.0267,0.0
full_ols_av,pass,-1.4096,5.0
full_ols_av,pass,-2.8056,3.0
full_ols_av,pass,-1.3405,0.0
full_ols_av,pass,-0.7372,3.0
full_ols_av,pass,2.0708,7.0
full_ols_av,pass,0.8133,0.0
full_ols_av,pass,-1.7671,3.0
full_ols_av,pass,0.7153,7.0
full_ols_av,pass,-0.7962,3.0
full_ols_av,pass,-0.0732,8.0
full_ols_av,pass,-1.4857,2.0
full_ols_av,pass,1.0933,0.0
full_ols_av,pass,-0.0016,2.0
full_ols_av,pass,0.0428,0.0
full_ols_av,pass,-0.5503,0.0
full_ols_av,pass,-1.4673,0.0
full_ols_av,pass,-0.115,0.0
full_ols_av,pass,-1.8742,1.0
full_ols_av,pass,-1.3656,0.0
full_ols_av,pass,0.4614,1.0
full_ols_av,pass,-0.1355,9.0
full_ols_av,pass,0.9027,0.0
full_ols_av,pass,-0.8131,6.0
full_ols_av,pass,0.5313,4.0
full_ols_av,pass,-2.304,6.0
full_ols_av,pass,0.1789,1.0
full_ols_av,pass,-0.1902,0.0
full_ols_av,pass,-2.4071,1.0
full_ols_av,pass,-0.5825,9.0
full_ols_av,pass,-0.1311,0.0
full_ols_av,pass,-0.2595,0.0
full_ols_av,pass,-0.1386,0.0
full_ols_av,pass,-1.2753,0.0
full_ols_av,pass,-1.4186,2.0
full_ols_av,pass,1.5419,7.0
full_ols_av,pass,-2.1207,2.0
full_ols_av,pass,-0.7963,8.0
full_ols_av,pass,-0.9652,4.0
full_ols_av,pass,-0.244,0.0
full_ols_av,pass,-0.0605,4.0
full_ols_av,pass,0.0487,6.0
full_ols_av,pass,-0.9674,4.0
full_ols_av,pass,-2.5232,2.0
full_ols_av,pass,2.5228,9.0
full_ols_av,pass,-1.0955,2.0
full_ols_av,pass,-1.3415,0.0
full_ols_av,pass,0.2567,0.0
full_ols_av,pass,-1.1396,0.0
full_ols_av,pass,-0.1865,0.0
full_ols_av,pass,-2.2771,4.0
full_ols_av,pass,1.2343,6.0
full_ols_av,pass,-0.6808,4.0
full_ols_av,pass,0.832,0.0
full_ols_av,pass,-0.292,0.0
full_ols_av,pass,-0.7041,2.0
full_ols_av,pass,0.4856,8.0
full_ols_av,pass,-0.7356,2.0
full_ols_av,pass,-1.6216,2.0
full_ols_av,pass,-0.2468,8.0
full_ols_av,pass,-0.6693,2.0
full_ols_av,pass,-0.2025,0.0
full_ols_av,pass,-0.4685,0.0
full_ols_av,pass,-0.8493,0.0
full_ols_av,pass,-0.2672,0.0
full_ols_av,pass,-0.9331,0.0
full_ols_av,pass,1.4307,6.0
full_ols_av,pass,-2.2525,4.0
full_ols_av,pass,0.7724,0.0
full_ols_av,pass,-1.7,4.0
full_ols_av,pass,-2.7734,4.0
full_ols_av,pass,0.0475,0.0
full_ols_av,pass,-1.9791,4.0
full_ols_av,pass,1.8328,6.0
full_ols_av,pass,-0.5429,5.0
full_ols_av,pass,-0.3464,0.0
full_ols_av,pass,-1.077,5.0
full_ols_av,pass,-0.9434,5.0
full_ols_av,pass,0.4427,0.0
full_ols_av,pass,-1.9446,1.0
full_ols_av,pass,-1.2434,9.0
full_ols_av,pass,-0.702,1.0
full_ols_av,pass,0.6396,6.0
full_ols_av,pass,-1.4735,4.0
full_ols_av,pass,0.2208,0.0
full_ols_av,pass,-0.3412,4.0
full_ols_av,pass,-1.6638,6.0
full_ols_av,pass,2.0232,4.0
full_ols_av,pass,-2.2332,4.0
full_ols_av,pass,0.2484,4.0
full_ols_av,pass,0.6386,3.0
full_ols_av,pass,-0.9006,0.0
full_ols_av,pass,-2.0002,3.0
full_ols_av,pass,-0.6286,7.0
full_ols_av,pass,-0.3017,0.0
full_ols_av,pass,-0.1408,0.0
full_ols_av,pass,0.1505,0.0
full_ols_av,pass,-1.2805,0.0
full_ols_av,pass,0.0647,0.0
full_ols_av,pass,-0.7245,0.0
full_ols_av,pass,-0.1626,0.0
full_ols_av,pass,-0.2876,0.0
full_ols_av,pass,-0.1728,0.0
full_ols_av,pass,-1.8288,1.0
full_ols_av,pass,-0.5757,9.0
full_ols_av,pass,-0.3712,1.0
full_ols_av,pass,2.4641,6.0
full_ols_av,pass,-2.5386,4.0
full_ols_av,pass,0.92,6.0
full_ols_av,pass,-2.4609,4.0
full_ols_av,pass,0.5238,7.0
full_ols_av,pass,-1.6443,3.0
full_ols_av,pass,1.8825,7.0
full_ols_av,pass,-0.2375,3.0
full_ols_av,pass,1.1077,2.0
full_ols_av,pass,-1.3123,4.0
full_ols_av,pass,1.7074,6.0
full_ols_av,pass,-1.0406,4.0
full_ols_av,pass,0.4037,7.0
full_ols_av,pass,-1.5282,3.0
full_ols_av,pass,-1.9238,4.0
full_ols_av,pass,2.3982,3.0
full_ols_av,pass,-1.995,5.0
full_ols_av,pass,1.8074,5.0
full_ols_av,pass,-1.7987,5.0
full_ols_av,pass,-0.3111,5.0
full_ols_av,pass,-2.185,1.0
full_ols_av,pass,1.968,4.0
full_ols_av,pass,-3.3406,1.0
full_ols_av,pass,-0.2965,9.0
full_ols_av,pass,1.3713,5.0
full_ols_av,pass,-0.9896,5.0
full_ols_av,pass,0.5141,0.0
full_ols_av,pass,-1.5863,5.0
full_ols_av,pass,-0.306,0.0
full_ols_av,pass,-0.7,0.0
full_ols_av,pass,0.6562,0.0
full_ols_av,pass,-2.0582,0.0
full_ols_av,pass,-1.0975,4.0
full_ols_av,pass,0.0288,0.0
full_ols_av,pass,-1.9509,4.0
full_ols_av,pass,0.049,6.0
full_ols_av,pass,-0.1316,4.0
full_ols_av,pass,0.7696,6.0
full_ols_av,pass,-2.4222,4.0
full_ols_av,pass,0.0147,0.0
full_ols_av,pass,0.2558,0.0
full_ols_av,pass,-0.1598,0.0
full_ols_av,pass,-0.2586,0.0
full_ols_av,pass,-1.0385,0.0
full_ols_av,pass,-1.6313,3.0
full_ols_av,pass,1.3215,7.0
full_ols_av,pass,-1.6142,3.0
full_ols_av,pass,0.874,0.0
full_ols_av,pass,-0.0745,0.0
full_ols_av,pass,-1.6288,3.0
full_ols_av,pass,-1.2101,7.0
full_ols_av,pass,-0.4836,3.0
full_ols_av,pass,1.997,7.0
full_ols_av,pass,-1.0896,3.0
full_ols_av,pass,-0.8055,0.0
full_ols_av,pass,-1.7879,3.0
full_ols_av,pass,-1.3217,5.0
full_ols_av,pass,-0.3524,3.0
full_ols_av,pass,-0.4959,7.0
full_ols_av,pass,-0.8503,3.0
full_ols_av,pass,0.7211,6.0
full_ols_av,pass,-1.935,4.0
full_ols_av,pass,0.0812,0.0
full_ols_av,pass,-1.4863,4.0
full_ols_av,pass,0.0401,6.0
full_ols_av,pass,0.6223,4.0
full_ols_av,pass,-0.728,0.0
full_ols_av,pass,-1.2517,4.0
full_ols_av,pass,-1.8284,4.0
full_ols_av,pass,0.4558,5.0
full_ols_av,pass,-1.0824,4.0
full_ols_av,pass,1.7099,6.0
full_ols_av,pass,-2.6527,5.0
full_ols_av,pass,2.0587,5.0
full_ols_av,pass,-1.1775,5.0
full_ols_av,pass,1.2494,0.0
full_ols_av,pass,-1.6888,0.0
full_ols_av,pass,-0.4027,0.0
full_ols_av,pass,0.0928,0.0
full_ols_av,pass,0.7272,0.0
full_ols_av,pass,-1.7139,10.0
full_ols_av,pass,0.1298,0.0
full_ols_av,pass,-1.4061,7.0
full_ols_av,pass,1.3188,0.0
full_ols_av,pass,-0.3132,7.0
full_ols_av,pass,0.3627,3.0
full_ols_av,pass,-0.7883,0.0
full_ols_av,pass,-1.889,3.0
full_ols_av,pass,0.2101,7.0
full_ols_av,pass,-2.7093,5.0
full_ols_av,pass,2.0398,5.0
full_ols_av,pass,0.7192,5.0
full_ols_av,pass,0.2173,3.0
full_ols_av,pass,-2.7753,5.0
full_ols_av,pass,2.0665,5.0
full_ols_av,pass,-0.5879,5.0
full_ols_av,pass,0.1826,0.0
full_ols_av,pass,-1.2157,0.0
full_ols_av,pass,-0.4193,0.0
full_ols_av,pass,-1.0656,0.0
full_ols_av,pass,-0.9119,0.0
full_ols_av,pass,0.0192,0.0
full_ols_av,pass,-0.6691,0.0
full_ols_av,pass,-0.2882,0.0
full_ols_av,pass,-0.5805,0.0
full_ols_av,pass,0.0512,0.0
full_ols_av,pass,-0.6496,0.0
full_ols_av,pass,-0.9215,0.0
full_ols_av,pass,-0.7369,0.0
full_ols_av,pass,1.4921,0.0
full_ols_av,pass,-0.1745,0.0
full_ols_av,pass,-1.6619,0.0
full_ols_av,pass,-1.2262,1.0
full_ols_av,pass,-1.4093,4.0
full_ols_av,pass,-0.2719,6.0
full_ols_av,pass,-0.7282,4.0
full_ols_av,pass,-0.9916,5.0
full_ols_av,pass,-1.116,5.0
full_ols_av,pass,1.5119,5.0
full_ols_av,pass,0.3783,5.0
full_ols_av,pass,-0.2126,3.0
full_ols_av,pass,0.4176,0.0
full_ols_av,pass,-1.6512,3.0
full_ols_av,pass,-1.4569,7.0
full_ols_av,pass,0.239,0.0
full_ols_av,pass,-1.089,0.0
full_ols_av,pass,0.5998,0.0
full_ols_av,pass,-0.4333,0.0
full_ols_av,pass,-0.1581,6.0
full_ols_av,pass,-0.3466,4.0
full_ols_av,pass,0.5587,6.0
full_ols_av,pass,-1.874,4.0
full_ols_av,pass,-0.408,1.0
full_ols_av,pass,0.0378,0.0
full_ols_av,pass,-3.0833,1.0
full_ols_av,pass,1.6964,9.0
full_ols_av,pass,1.8013,7.0
full_ols_av,pass,-0.9479,3.0
full_ols_av,pass,-0.2078,0.0
full_ols_av,pass,-2.0502,3.0
full_ols_av,pass,0.5162,7.0
full_ols_av,pass,-1.7119,2.0
full_ols_av,pass,2.4418,8.0
full_ols_av,pass,-1.4585,2.0
full_ols_av,pass,-0.6769,5.0
full_ols_av,pass,-0.9226,5.0
full_ols_av,pass,1.4378,5.0
full_ols_av,pass,-2.6812,5.0
full_ols_av,pass,-0.4684,0.0
full_ols_av,pass,-0.0549,0.0
full_ols_av,pass,0.172,0.0
full_ols_av,pass,-0.7283,0.0
full_ols_av,pass,-0.2966,0.0
full_ols_av,pass,-0.037,0.0
full_ols_av,pass,-1.1368,0.0
full_ols_av,pass,-0.5259,0.0
full_ols_av,pass,-0.4289,8.0
full_ols_av,pass,-1.4429,3.0
full_ols_av,pass,2.5202,7.0
full_ols_av,pass,-1.3657,3.0
full_ols_av,pass,0.2577,0.0
full_ols_av,pass,-0.7216,5.0
full_ols_av,pass,0.242,5.0
full_ols_av,pass,-2.4051,5.0
full_ols_av,pass,-0.2272,0.0
full_ols_av,pass,-0.0192,0.0
full_ols_av,pass,-1.3268,0.0
full_ols_av,pass,-0.2242,0.0
full_ols_av,pass,1.0696,5.0
full_ols_av,pass,-0.4617,5.0
full_ols_av,pass,-0.8102,5.0
full_ols_av,pass,-1.3507,5.0
full_ols_av,pass,-0.1721,5.0
full_ols_av,pass,0.0418,0.0
full_ols_av,pass,-2.9872,5.0
full_ols_av,pass,-1.0098,5.0
full_ols_av,pass,0.238,0.0
full_ols_av,pass,-0.5955,0.0
full_ols_av,pass,0.1484,0.0
full_ols_av,pass,-0.6599,0.0
full_ols_av,pass,0.2254,3.0
full_ols_av,pass,-0.2633,7.0
full_ols_av,pass,-2.1409,3.0
full_ols_av,pass,0.5821,0.0
full_ols_av,pass,-1.3293,2.0
full_ols_av,pass,0.2003,5.0
full_ols_av,pass,-2.124,2.0
full_ols_av,pass,1.9051,8.0
full_ols_av,pass,-2.5899,2.0
full_ols_av,pass,1.4,8.0
full_ols_av,pass,0.2978,2.0
full_ols_av,pass,0.2409,0.0
full_ols_av,pass,-0.6527,5.0
full_ols_av,pass,0.2801,0.0
full_ols_av,pass,-0.9212,5.0
full_ols_av,pass,-1.6478,5.0
full_ols_av,pass,0.2308,3.0
full_ols_av,pass,0.2936,7.0
full_ols_av,pass,-0.8005,3.0
full_ols_av,pass,0.2153,5.0
full_ols_av,pass,-0.2585,7.0
full_ols_av,pass,-1.6439,5.0
full_ols_av,pass,1.4093,5.0
full_ols_av,pass,-1.5819,5.0
full_ols_av,pass,-1.6403,2.0
full_ols_av,pass,0.8808,8.0
full_ols_av,pass,0.9526,2.0
full_ols_av,pass,-0.9061,3.0
full_ols_av,pass,0.4977,6.0
full_ols_av,pass,-1.5268,4.0
full_ols_av,pass,1.8709,6.0
full_ols_av,pass,-0.9836,4.0
full_ols_av,pass,-0.9495,3.0
full_ols_av,pass,-1.1146,5.0
full_ols_av,pass,1.544,3.0
full_ols_av,pass,-1.2254,7.0
full_ols_av,pass,-0.6279,0.0
full_ols_av,pass,-0.8855,0.0
full_ols_av,pass,-0.2402,0.0
full_ols_av,pass,-1.3537,0.0
full_ols_av,pass,1.2296,3.0
full_ols_av,pass,0.3872,7.0
full_ols_av,pass,-0.5891,3.0
full_ols_av,pass,-1.5641,1.0
full_ols_av,pass,-0.2432,0.0
full_ols_av,pass,-0.7165,0.0
full_ols_av,pass,0.7179,0.0
full_ols_av,pass,-0.6932,0.0
full_ols_av,pass,-0.0394,0.0
full_ols_av,pass,-1.4767,0.0
full_ols_av,pass,0.6517,0.0
full_ols_av,pass,-0.0985,0.0
full_ols_av,pass,-1.3315,2.0
full_ols_av,pass,1.2737,4.0
full_ols_av,pass,-1.4771,6.0
full_ols_av,pass,-0.7769,4.0
full_ols_av,pass,-1.3823,4.0
full_ols_av,pass,1.5529,6.0
full_ols_av,pass,-1.0975,4.0
full_ols_av,pass,-1.0016,4.0
full_ols_av,pass,-0.4589,0.0
full_ols_av,pass,-2.3425,4.0
full_ols_av,pass,1.4452,6.0
full_ols_av,pass,-1.3446,4.0
full_ols_av,pass,0.4564,7.0
full_ols_av,pass,-0.7581,3.0
full_ols_av,pass,-0.6324,0.0
full_ols_av,pass,-1.1867,3.0
full_ols_av,pass,2.2159,7.0
full_ols_av,pass,-2.9967,3.0
full_ols_av,pass,-0.569,7.0
full_ols_av,pass,-0.9143,3.0
full_ols_av,pass,0.9441,7.0
full_ols_av,pass,-1.4983,3.0
full_ols_av,pass,0.7276,0.0
full_ols_av,pass,-1.3605,3.0
full_ols_av,pass,-0.4102,3.0
full_ols_av,pass,-0.0368,7.0
full_ols_av,pass,-0.421,3.0
full_ols_av,pass,-0.3669,0.0
full_ols_av,pass,-0.3228,3.0
full_ols_av,pass,-2.5677,1.0
full_ols_av,pass,1.4684,9.0
full_ols_av,pass,-1.1719,1.0
full_ols_av,pass,-1.014,3.0
full_ols_av,pass,-0.0372,0.0
full_ols_av,pass,-1.9622,3.0
full_ols_av,pass,2.3124,7.0
full_ols_av,pass,0.7045,6.0
full_ols_av,pass,0.2177,4.0
full_ols_av,pass,0.3158,4.0
full_ols_av,pass,-1.2465,4.0
full_ols_av,pass,0.1009,8.0
full_ols_av,pass,-0.0967,2.0
full_ols_av,pass,-0.2394,0.0
full_ols_av,pass,-1.7574,2.0
full_ols_av,pass,0.2622,0.0
full_ols_av,pass,-2.0612,3.0
full_ols_av,pass,1.8119,7.0
full_ols_av,pass,-0.5564,3.0
full_ols_av,pass,-0.0158,0.0
full_ols_av,pass,-0.1536,3.0
full_ols_av,pass,-0.5123,7.0
full_ols_av,pass,-1.1123,3.0
full_ols_av,pass,-2.0874,3.0
full_ols_av,pass,-0.0302,8.0
full_ols_av,pass,-1.8091,3.0
full_ols_av,pass,1.8921,7.0
full_ols_av,pass,-0.5974,0.0
full_ols_av,pass,-1.7316,0.0
full_ols_av,pass,-0.8587,0.0
full_ols_av,pass,1.0741,0.0
full_ols_av,pass,-0.6512,0.0
full_ols_av,pass,-1.0089,0.0
full_ols_av,pass,-0.945,0.0
full_ols_av,pass,0.2905,0.0
full_ols_av,pass,1.2099,6.0
full_ols_av,pass,-0.5456,4.0
full_ols_av,pass,0.5028,0.0
full_ols_av,pass,-1.3499,4.0
full_ols_av,pass,-0.6063,5.0
full_ols_av,pass,0.0052,5.0
full_ols_av,pass,0.5446,2.0
full_ols_av,pass,-0.8855,4.0
full_ols_av,pass,-1.0913,0.0
full_ols_av,pass,-0.0955,8.0
full_ols_av,pass,-0.2368,0.0
full_ols_av,pass,0.6411,10.0
full_ols_av,pass,-0.9002,5.0
full_ols_av,pass,-2.2156,3.0
full_ols_av,pass,1.8698,7.0
full_ols_av,pass,-0.9694,3.0
full_ols_av,pass,1.1442,0.0
full_ols_av,pass,-2.5381,4.0
full_ols_av,pass,1.5564,6.0
full_ols_av,pass,0.0574,4.0
full_ols_av,pass,1.5571,3.0
full_ols_av,pass,-1.4894,3.0
full_ols_av,pass,0.0133,3.0
full_ols_av,pass,-1.7757,7.0
full_ols_av,pass,-0.345,0.0
full_ols_av,pass,-0.6718,0.0
full_ols_av,pass,-1.0265,0.0
full_ols_av,pass,0.029,0.0
full_ols_av,pass,-1.1698,6.0
full_ols_av,pass,1.3819,4.0
full_ols_av,pass,-0.2569,6.0
full_ols_av,pass,0.2551,5.0
full_ols_av,pass,-1.657,4.0
full_ols_av,pass,0.4858,6.0
full_ols_av,pass,-1.6903,4.0
full_ols_av,pass,1.0266,0.0
full_ols_av,pass,-0.7091,0.0
full_ols_av,pass,-1.8267,3.0
full_ols_av,pass,2.2196,7.0
full_ols_av,pass,-0.5094,3.0
full_ols_av,pass,-0.8867,3.0
full_ols_av,pass,0.8853,0.0
full_ols_av,pass,-1.6889,3.0
full_ols_av,pass,1.8631,7.0
full_ols_av,pass,-2.1649,3.0
full_ols_av,pass,-0.9589,3.0
full_ols_av,pass,-0.9992,7.0
full_ols_av,pass,-0.2749,3.0
full_ols_av,pass,-1.5005,4.0
full_ols_av,pass,0.785,6.0
full_ols_av,pass,-2.1434,4.0
full_ols_av,pass,0.7774,6.0
full_ols_av,pass,-1.4323,4.0
full_ols_av,pass,-1.1934,6.0
full_ols_av,pass,0.6334,4.0
full_ols_av,pass,-0.4163,0.0
full_ols_av,pass,1.5631,6.0
full_ols_av,pass,-1.6436,4.0
full_ols_av,pass,0.507,4.0
full_ols_av,pass,-1.0937,4.0
full_ols_av,pass,-0.7582,7.0
full_ols_av,pass,0.3668,3.0
full_ols_av,pass,-0.4162,0.0
full_ols_av,pass,-2.128,3.0
full_ols_av,pass,-0.9828,0.0
full_ols_av,pass,-2.3678,0.0
full_ols_av,pass,-0.5755,10.0
full_ols_av,pass,0.4735,0.0
full_ols_av,pass,0.0976,0.0
full_ols_av,pass,-2.4544,0.0
full_ols_av,pass,0.3138,10.0
full_ols_av,pass,-0.9427,0.0
full_ols_av,pass,0.2618,3.0
full_ols_av,pass,-1.7667,2.0
full_ols_av,pass,0.5158,3.0
full_ols_av,pass,-1.1016,7.0
full_ols_av,pass,-1.8491,3.0
full_ols_av,pass,1.6894,7.0
full_ols_av,pass,-0.6461,3.0
full_ols_av,pass,-0.4371,4.0
full_ols_av,pass,0.6523,6.0
full_ols_av,pass,-2.1893,2.0
full_ols_av,pass,3.5009,8.0
full_ols_av,pass,-2.0258,2.0
full_ols_av,pass,-0.569,0.0
full_ols_av,pass,-0.1848,0.0
full_ols_av,pass,-0.6823,0.0
full_ols_av,pass,-0.1215,0.0
full_ols_av,pass,-0.3155,3.0
full_ols_av,pass,0.6691,0.0
full_ols_av,pass,-3.0341,3.0
full_ols_av,pass,1.9033,7.0
full_ols_av,pass,1.5412,4.0
full_ols_av,pass,-0.6493,6.0
full_ols_av,pass,0.7203,0.0
full_ols_av,pass,-1.8282,6.0
full_ols_av,pass,-2.323,4.0
full_ols_av,pass,0.0053,0.0
full_ols_av,pass,-0.6817,4.0
full_ols_av,pass,1.0934,6.0
full_ols_av,pass,1.0613,7.0
full_ols_av,pass,-2.7368,1.0
full_ols_av,pass,-0.4982,9.0
full_ols_av,pass,-0.4412,1.0
full_ols_av,pass,-1.1895,7.0
full_ols_av,pass,-0.8038,3.0
full_ols_av,pass,0.0324,0.0
full_ols_av,pass,-1.789,3.0
full_ols_av,pass,0.43,6.0
full_ols_av,pass,-1.3939,4.0
full_ols_av,pass,1.5342,0.0
full_ols_av,pass,-1.4248,4.0
full_ols_av,pass,-2.3375,3.0
full_ols_av,pass,-0.3161,0.0
full_ols_av,pass,-1.7023,3.0
full_ols_av,pass,2.2145,7.0
full_ols_av,pass,1.3105,9.0
full_ols_av,pass,-1.9067,1.0
full_ols_av,pass,-0.5249,1.0
full_ols_av,pass,-1.5032,1.0
full_ols_av,pass,0.98,7.0
full_ols_av,pass,-2.4732,4.0
full_ols_av,pass,2.1365,6.0
full_ols_av,pass,-1.5149,4.0
full_ols_av,pass,0.0368,4.0
full_ols_av,pass,1.2395,3.0
full_ols_av,pass,-1.701,4.0
full_ols_av,pass,1.1927,6.0
full_ols_av,pass,-1.8023,4.0
full_ols_av,pass,-0.0405,6.0
full_ols_av,pass,-0.108,4.0
full_ols_av,pass,-0.7989,0.0
full_ols_av,pass,0.1294,5.0
full_ols_av,pass,0.2327,0.0
full_ols_av,pass,-2.3248,5.0
full_ols_av,pass,-1.5646,5.0
full_ols_av,pass,-1.1309,5.0
full_ols_av,pass,-1.2966,5.0
full_ols_av,pass,3.0875,7.0
full_ols_av,pass,-0.5318,5.0
full_ols_av,pass,-0.156,5.0
full_ols_av,pass,-1.3861,3.0
full_ols_av,pass,2.2732,7.0
full_ols_av,pass,-2.2468,3.0
full_ols_av,pass,-0.6423,3.0
full_ols_av,pass,0.8792,7.0
full_ols_av,pass,-1.6501,3.0
full_ols_av,pass,-0.297,0.0
full_ols_av,pass,0.5967,4.0
full_ols_av,pass,0.3621,0.0
full_ols_av,pass,-2.6786,4.0
full_ols_av,pass,1.1733,6.0
full_ols_av,pass,-2.4926,1.0
full_ols_av,pass,2.0247,9.0
full_ols_av,pass,-2.2444,1.0
full_ols_av,pass,0.6873,10.0
full_ols_av,pass,0.0304,2.0
full_ols_av,pass,-1.7679,4.0
full_ols_av,pass,1.3966,6.0
full_ols_av,pass,-1.3534,4.0
full_ols_av,pass,-0.2565,4.0
full_ols_av,pass,-0.6196,6.0
full_ols_av,pass,-0.409,4.0
full_ols_av,pass,0.1669,0.0
full_ols_av,pass,-1.1032,3.0
full_ols_av,pass,-0.1098,0.0
full_ols_av,pass,-1.9701,3.0
full_ols_av,pass,1.1036,7.0
full_ols_av,pass,-1.7896,2.0
full_ols_av,pass,-0.1248,8.0
full_ols_av,pass,-0.9608,2.0
full_ols_av,pass,0.4805,0.0
full_ols_av,pass,-0.5331,3.0
full_ols_av,pass,0.6048,0.0
full_ols_av,pass,-4.0344,3.0
full_ols_av,pass,2.1423,7.0
full_ols_av,pass,-1.9968,2.0
full_ols_av,pass,0.2257,8.0
full_ols_av,pass,-0.1771,2.0
full_ols_av,pass,-0.7951,0.0
full_ols_av,pass,-1.3056,5.0
full_ols_av,pass,0.5626,5.0
full_ols_av,pass,-1.7591,5.0
full_ols_av,pass,0.4826,6.0
full_ols_av,pass,-0.2744,0.0
full_ols_av,pass,-0.3399,0.0
full_ols_av,pass,-0.008,0.0
full_ols_av,pass,-1.1708,0.0
full_ols_av,pass,-2.9827,3.0
full_ols_av,pass,2.3988,7.0
full_ols_av,pass,-1.5292,3.0
full_ols_av,pass,0.9073,0.0
full_ols_av,pass,2.9146,7.0
full_ols_av,pass,-0.479,3.0
full_ols_av,pass,0.4683,7.0
full_ols_av,pass,-3.0455,3.0
full_ols_av,pass,-0.3106,0.0
full_ols_av,pass,-1.5362,7.0
full_ols_av,pass,1.9178,3.0
full_ols_av,pass,-1.5872,7.0
full_ols_av,pass,0.3669,0.0
full_ols_av,pass,0.1961,0.0
full_ols_av,pass,-1.5043,0.0
full_ols_av,pass,-1.4405,0.0
full_ols_av,pass,-0.2231,2.0
full_ols_av,pass,0.906,7.0
full_ols_av,pass,-2.9142,2.0
full_ols_av,pass,1.5327,8.0
full_ols_av,pass,-0.4046,0.0
full_ols_av,pass,-1.7685,1.0
full_ols_av,pass,2.2849,9.0
full_ols_av,pass,-2.4546,1.0
full_ols_av,pass,-2.177,4.0
full_ols_av,pass,-0.2597,6.0
full_ols_av,pass,0.6871,4.0
full_ols_av,pass,-0.9698,0.0
full_ols_av,pass,0.11,7.0
full_ols_av,pass,-2.4374,1.0
full_ols_av,pass,1.8544,9.0
full_ols_av,pass,-1.351,1.0
full_ols_av,pass,-1.3767,0.0
full_ols_av,pass,0.3848,0.0
full_ols_av,pass,-1.4268,0.0
full_ols_av,pass,0.1985,10.0
full_ols_av,pass,-0.7439,0.0
full_ols_av,pass,-1.2335,0.0
full_ols_av,pass,-0.7162,0.0
full_ols_av,pass,0.9612,0.0
full_ols_av,pass,1.305,6.0
full_ols_av,pass,-1.5193,5.0
full_ols_av,pass,1.173,5.0
full_ols_av,pass,-1.7492,5.0
full_ols_av,pass,-0.5304,0.0
full_ols_av,pass,-0.5089,0.0
full_ols_av,pass,0.0274,0.0
full_ols_av,pass,-0.7581,0.0
full_ols_av,pass,-0.0089,0.0
full_ols_av,pass,-1.9367,3.0
full_ols_av,pass,-0.7217,7.0
full_ols_av,pass,-0.8881,3.0
full_ols_av,pass,-1.2358,0.0
full_ols_av,pass,0.4192,0.0
full_ols_av,pass,-0.0674,0.0
full_ols_av,pass,0.16,0.0
full_ols_av,pass,2.0799,6.0
full_ols_av,pass,-0.7177,4.0
full_ols_av,pass,0.8364,8.0
full_ols_av,pass,-3.0969,4.0
full_ols_av,pass,0.78,0.0
full_ols_av,pass,-1.9151,4.0
full_ols_av,pass,-1.8984,6.0
full_ols_av,pass,0.0725,4.0
full_ols_av,pass,-0.9751,8.0
full_ols_av,pass,0.725,2.0
full_ols_av,pass,0.2504,0.0
full_ols_av,pass,-2.999,2.0
full_ols_av,pass,-0.4739,0.0
full_ols_av,pass,-1.0429,0.0
full_ols_av,pass,0.5077,0.0
full_ols_av,pass,-1.1083,0.0
full_ols_av,pass,-0.0756,0.0
full_ols_av,pass,-2.3181,4.0
full_ols_av,pass,2.0019,6.0
full_ols_av,pass,-0.0595,4.0
full_ols_av,pass,-0.4787,2.0
full_ols_av,pass,1.2894,2.0
full_ols_av,pass,-0.6323,8.0
full_ols_av,pass,-0.7877,2.0
full_ols_av,pass,-0.1152,8.0
full_ols_av,pass,-2.6441,1.0
full_ols_av,pass,1.3734,9.0
full_ols_av,pass,0.1015,1.0
full_ols_av,pass,-0.5115,0.0
full_ols_av,pass,-0.5756,0.0
full_ols_av,pass,-0.3361,0.0
full_ols_av,pass,0.1813,0.0
full_ols_av,pass,-1.8553,1.0
full_ols_av,pass,0.6005,0.0
full_ols_av,pass,-1.4544,1.0
full_ols_av,pass,1.0444,9.0
full_ols_av,pass,-0.2551,0.0
full_ols_av,pass,-2.5807,2.0
full_ols_av,pass,2.2674,8.0
full_ols_av,pass,-1.1294,2.0
full_ols_av,pass,-0.6136,1.0
full_ols_av,pass,0.977,9.0
full_ols_av,pass,-0.3966,1.0
full_ols_av,pass,-0.838,0.0
full_ols_av,pass,-0.2904,0.0
full_ols_av,pass,0.243,0.0
full_ols_av,pass,-0.2716,0.0
full_ols_av,pass,-0.1396,0.0
full_ols_av,pass,-1.9055,3.0
full_ols_av,pass,-0.3599,7.0
full_ols_av,pass,-0.0859,0.0
full_ols_av,pass,1.0683,7.0
full_ols_av,pass,1.0488,8.0
full_ols_av,pass,-3.5923,3.0
full_ols_av,pass,0.9714,7.0
full_ols_av,pass,0.7033,3.0
full_ols_av,pass,-1.7479,1.0
full_ols_av,pass,2.2442,9.0
full_ols_av,pass,-2.4266,1.0
full_ols_av,pass,0.1468,0.0
full_ols_av,pass,-0.3123,5.0
full_ols_av,pass,-1.5032,5.0
full_ols_av,pass,-1.3666,5.0
full_ols_av,pass,0.1777,0.0
full_ols_av,pass,-1.2661,8.0
full_ols_av,pass,-1.2465,2.0
full_ols_av,pass,1.8659,10.0
full_ols_av,pass,-1.2795,2.0
full_ols_av,pass,-1.7258,0.0
full_ols_av,pass,0.1318,0.0
full_ols_av,pass,-0.2021,0.0
full_ols_av,pass,0.1902,0.0
full_ols_av,pass,-1.9949,2.0
full_ols_av,pass,2.8928,8.0
full_ols_av,pass,-1.5978,2.0
full_ols_av,pass,-0.2849,0.0
full_ols_av,pass,0.1983,3.0
full_ols_av,pass,-2.232,7.0
full_ols_av,pass,1.9885,3.0
full_ols_av,pass,-1.9308,5.0
full_ols_av,pass,-2.728,3.0
full_ols_av,pass,1.2589,7.0
full_ols_av,pass,-0.4052,3.0
full_ols_av,pass,-0.2524,4.0
full_ols_av,pass,0.6894,0.0
full_ols_av,pass,-1.4894,0.0
full_ols_av,pass,-1.6457,0.0
full_ols_av,pass,0.1783,0.0
full_ols_av,pass,0.4789,0.0
full_ols_av,pass,0.1478,0.0
full_ols_av,pass,0.5075,0.0
full_ols_av,pass,-1.9769,0.0
full_ols_av,pass,-0.8353,0.0
full_ols_av,pass,-1.5292,0.0
full_ols_av,pass,-0.0044,0.0
full_ols_av,pass,0.646,0.0
full_ols_av,pass,0.6161,2.0
full_ols_av,pass,-1.2886,5.0
full_ols_av,pass,-1.2486,2.0
full_ols_av,pass,-0.5203,8.0
full_ols_av,pass,-1.6496,5.0
full_ols_av,pass,2.2838,5.0
full_ols_av,pass,-1.2473,5.0
full_ols_av,pass,-0.6806,7.0
full_ols_av,pass,-2.5334,4.0
full_ols_av,pass,-0.3197,7.0
full_ols_av,pass,-0.8326,4.0
full_ols_av,pass,2.6581,6.0
full_ols_av,pass,1.1393,5.0
full_ols_av,pass,-0.8192,5.0
full_ols_av,pass,1.503,0.0
full_ols_av,pass,-2.3098,5.0
full_ols_av,pass,-1.1149,0.0
full_ols_av,pass,-0.6866,0.0
full_ols_av,pass,0.6089,0.0
full_ols_av,pass,-1.0439,0.0
full_ols_av,pass,-1.0172,3.0
full_ols_av,pass,1.1011,7.0
full_ols_av,pass,-1.0804,3.0
full_ols_av,pass,-0.6699,0.0
full_ols_av,pass,0.1711,0.0
full_ols_av,pass,-1.576,4.0
full_ols_av,pass,1.5043,6.0
full_ols_av,pass,-1.1146,4.0
full_ols_av,pass,-2.0304,3.0
full_ols_av,pass,1.9779,7.0
full_ols_av,pass,-1.5722,3.0
full_ols_av,pass,-0.7479,0.0
full_ols_av,pass,0.173,9.0
full_ols_av,pass,-2.0205,1.0
full_ols_av,pass,2.0364,7.0
full_ols_av,pass,-2.5117,1.0
full_ols_av,pass,-1.0621,5.0
full_ols_av,pass,-0.0996,5.0
full_ols_av,pass,-0.1965,0.0
full_ols_av,pass,-0.8638,5.0
full_ols_av,pass,-0.9444,3.0
full_ols_av,pass,-0.4125,7.0
full_ols_av,pass,-0.4879,3.0
full_ols_av,pass,-0.3135,0.0
full_ols_av,pass,-2.1673,4.0
full_ols_av,pass,1.1044,6.0
full_ols_av,pass,0.2606,0.0
full_ols_av,pass,-1.4818,6.0
full_ols_av,pass,1.0662,5.0
full_ols_av,pass,-1.5896,5.0
full_ols_av,pass,0.8739,4.0
full_ols_av,pass,-2.1767,5.0
full_ols_av,pass,0.4671,0.0
full_ols_av,pass,-0.4888,6.0
full_ols_av,pass,0.2686,4.0
full_ols_av,pass,-1.199,6.0
full_ols_av,pass,0.3229,0.0
full_ols_av,pass,-1.373,3.0
full_ols_av,pass,1.943,7.0
full_ols_av,pass,-2.293,3.0
full_ols_av,pass,-1.4414,2.0
full_ols_av,pass,0.4029,0.0
full_ols_av,pass,0.0986,2.0
full_ols_av,pass,-0.5182,8.0
full_ols_av,pass,-0.8814,0.0
full_ols_av,pass,-1.0322,0.0
full_ols_av,pass,-0.491,0.0
full_ols_av,pass,0.5664,0.0
full_ols_av,pass,2.042,7.0
full_ols_av,pass,-0.1082,3.0
full_ols_av,pass,0.1763,0.0
full_ols_av,pass,-2.8765,3.0
full_ols_av,pass,0.3943,7.0
full_ols_av,pass,-1.8071,1.0
full_ols_av,pass,2.58,9.0
full_ols_av,pass,-2.4352,1.0
full_ols_av,pass,-1.17,4.0
full_ols_av,pass,0.8,3.0
full_ols_av,pass,-1.3925,4.0
full_ols_av,pass,1.7325,6.0
full_ols_av,pass,-0.8922,6.0
full_ols_av,pass,0.5207,0.0
full_ols_av,pass,-1.7164,6.0
full_ols_av,pass,1.6089,4.0
full_ols_av,pass,-1.5678,6.0
full_ols_av,pass,1.9038,4.0
full_ols_av,pass,-1.2784,4.0
full_ols_av,pass,-0.5415,4.0
full_ols_av,pass,0.0875,9.0
full_ols_av,pass,-0.9395,1.0
full_ols_av,pass,-0.112,0.0
full_ols_av,pass,-1.9294,1.0
full_ols_av,pass,-1.8288,3.0
full_ols_av,pass,1.8277,7.0
full_ols_av,pass,-1.1321,3.0
full_ols_av,pass,0.9581,0.0
full_ols_av,pass,1.0155,0.0
full_ols_av,pass,-1.1361,5.0
full_ols_av,pass,-0.328,5.0
full_ols_av,pass,-1.036,5.0
full_ols_av,pass,-1.3566,0.0
full_ols_av,pass,-0.4537,0.0
full_ols_av,pass,0.9076,0.0
full_ols_av,pass,-0.7122,0.0
full_ols_av,pass,-0.2539,0.0
full_ols_av,pass,-0.283,0.0
full_ols_av,pass,-0.6754,0.0
full_ols_av,pass,-0.3879,0.0
full_ols_av,pass,-0.6015,5.0
full_ols_av,pass,-1.2439,5.0
full_ols_av,pass,0.5386,6.0
full_ols_av,pass,-1.991,5.0
full_ols_av,pass,0.9042,9.0
full_ols_av,pass,-2.8344,3.0
full_ols_av,pass,3.0477,7.0
full_ols_av,pass,-1.6233,3.0
full_ols_av,pass,-2.7123,1.0
full_ols_av,pass,2.0744,9.0
full_ols_av,pass,-1.2466,1.0
full_ols_av,pass,0.4886,0.0
full_ols_av,pass,1.4074,3.0
full_ols_av,pass,-2.3787,1.0
full_ols_av,pass,0.8562,9.0
full_ols_av,pass,-1.2003,1.0
full_ols_av,pass,0.2733,0.0
full_ols_av,pass,-0.7256,0.0
full_ols_av,pass,-0.6428,0.0
full_ols_av,pass,-0.5965,0.0
full_ols_av,pass,1.3196,5.0
full_ols_av,pass,-0.749,5.0
full_ols_av,pass,0.8551,0.0
full_ols_av,pass,-1.7106,5.0
full_ols_av,pass,0.522,4.0
full_ols_av,pass,-1.423,3.0
full_ols_av,pass,1.2103,7.0
full_ols_av,pass,-1.2299,3.0
full_ols_av,pass,0.7229,6.0
full_ols_av,pass,-1.7426,4.0
full_ols_av,pass,0.4438,0.0
full_ols_av,pass,-1.2877,4.0
full_ols_av,pass,-0.6603,0.0
full_ols_av,pass,-0.169,0.0
full_ols_av,pass,0.0224,0.0
full_ols_av,pass,-0.6681,0.0
full_ols_av,pass,-0.2432,2.0
full_ols_av,pass,-1.0042,5.0
full_ols_av,pass,1.3866,5.0
full_ols_av,pass,-2.298,5.0
full_ols_av,pass,-0.5009,2.0
full_ols_av,pass,0.0896,4.0
full_ols_av,pass,-1.823,2.0
full_ols_av,pass,0.8467,8.0
full_ols_av,pass,0.2306,0.0
full_ols_av,pass,-1.9121,3.0
full_ols_av,pass,-1.1026,7.0
full_ols_av,pass,-0.163,3.0
full_ols_av,pass,-0.7688,3.0
full_ols_av,pass,-0.2994,7.0
full_ols_av,pass,-0.2676,3.0
full_ols_av,pass,-0.5445,0.0
full_ols_av,pass,2.2241,3.0
full_ols_av,pass,-1.104,2.0
full_ols_av,pass,-0.7072,3.0
full_ols_av,pass,-3.0039,7.0
full_ols_av,pass,1.6662,8.0
full_ols_av,pass,-2.4068,2.0
full_ols_av,pass,0.458,5.0
full_ols_av,pass,-1.8352,2.0
full_ols_av,pass,0.5062,9.0
full_ols_av,pass,-0.8147,1.0
full_ols_av,pass,-0.3687,1.0
full_ols_av,pass,-0.9956,1.0
full_ols_av,pass,0.3387,0.0
full_ols_av,pass,-0.3845,3.0
full_ols_av,pass,0.5719,7.0
full_ols_av,pass,-2.1314,3.0
full_ols_av,pass,0.392,4.0
full_ols_av,pass,-0.8905,6.0
full_ols_av,pass,0.3553,4.0
full_ols_av,pass,-1.5585,3.0
full_ols_av,pass,0.7313,2.0
full_ols_av,pass,-1.4827,3.0
full_ols_av,pass,-0.9713,2.0
full_ols_av,pass,-0.974,8.0
full_ols_av,pass,-1.3964,6.0
full_ols_av,pass,1.1126,5.0
full_ols_av,pass,-1.7716,5.0
full_ols_av,pass,0.0797,5.0
full_ols_av,pass,0.25,7.0
full_ols_av,pass,-2.5146,3.0
full_ols_av,pass,0.3206,4.0
full_ols_av,pass,-0.5023,3.0
full_ols_av,pass,-2.1836,3.0
full_ols_av,pass,2.4185,8.0
full_ols_av,pass,-0.577,3.0
full_ols_av,pass,0.0559,7.0
full_ols_av,pass,-2.1684,6.0
full_ols_av,pass,0.4276,4.0
full_ols_av,pass,-0.0442,6.0
full_ols_av,pass,0.8783,0.0
full_ols_av,pass,2.0158,7.0
full_ols_av,pass,-1.2754,3.0
full_ols_av,pass,0.7152,0.0
full_ols_av,pass,-1.8119,3.0
full_ols_av,pass,-0.3204,6.0
full_ols_av,pass,-1.438,6.0
full_ols_av,pass,-0.4933,4.0
full_ols_av,pass,0.2241,6.0
full_ols_av,pass,-1.4507,6.0
full_ols_av,pass,2.098,4.0
full_ols_av,pass,-1.9633,3.0
full_ols_av,pass,-0.8792,4.0
full_ols_av,pass,-0.4303,1.0
full_ols_av,pass,-0.7188,0.0
full_ols_av,pass,-1.3844,1.0
full_ols_av,pass,-1.3888,9.0
full_ols_av,pass,0.5086,0.0
full_ols_av,pass,-2.0027,3.0
full_ols_av,pass,-0.4959,7.0
full_ols_av,pass,-0.6618,3.0
full_ols_av,pass,-1.1767,5.0
full_ols_av,pass,0.049,5.0
full_ols_av,pass,-0.4177,5.0
full_ols_av,pass,-0.1318,0.0
full_ols_av,pass,0.5012,6.0
full_ols_av,pass,-0.151,4.0
full_ols_av,pass,-0.5995,0.0
full_ols_av,pass,-2.662,4.0
full_ols_av,pass,-0.7748,0.0
full_ols_av,pass,1.0284,0.0
full_ols_av,pass,-0.8305,0.0
full_ols_av,pass,-1.0326,0.0
full_ols_av,pass,-1.1322,9.0
full_ols_av,pass,1.5971,1.0
full_ols_av,pass,-0.7344,2.0
full_ols_av,pass,-0.6097,1.0
full_ols_av,pass,-0.6227,0.0
full_ols_av,pass,-0.0636,0.0
full_ols_av,pass,-0.635,0.0
full_ols_av,pass,-0.9432,0.0
full_ols_av,pass,-1.6996,2.0
full_ols_av,pass,-0.1402,0.0
full_ols_av,pass,-0.0427,2.0
full_ols_av,pass,0.8206,8.0
full_ols_av,pass,-1.6818,3.0
full_ols_av,pass,0.382,0.0
full_ols_av,pass,-1.85,3.0
full_ols_av,pass,1.3248,7.0
full_ols_av,pass,1.017,6.0
full_ols_av,pass,-1.1092,4.0
full_ols_av,pass,-0.6979,4.0
full_ols_av,pass,-1.946,4.0
full_ols_av,pass,0.2948,0.0
full_ols_av,pass,-3.0379,2.0
full_ols_av,pass,2.9845,8.0
full_ols_av,pass,-1.2274,2.0
full_ols_av,pass,-1.401,4.0
full_ols_av,pass,2.3504,7.0
full_ols_av,pass,-3.6072,4.0
full_ols_av,pass,0.2178,6.0
full_ols_av,pass,-0.2002,4.0
full_ols_av,pass,-1.5145,1.0
full_ols_av,pass,0.9893,4.0
full_ols_av,pass,-0.2778,6.0
full_ols_av,pass,1.1154,7.0
full_ols_av,pass,-2.4296,3.0
full_ols_av,pass,0.9876,6.0
full_ols_av,pass,-1.3743,3.0
full_ols_av,pass,-0.4483,3.0
full_ols_av,pass,-0.1017,7.0
full_ols_av,pass,-1.144,3.0
full_ols_av,pass,0.1212,0.0
full_ols_av,pass,-1.5472,3.0
full_ols_av,pass,1.1313,7.0
full_ols_av,pass,-0.6994,3.0
full_ols_av,pass,-0.2311,3.0
full_ols_av,pass,-0.1453,0.0
full_ols_av,pass,-0.5952,0.0
full_ols_av,pass,0.7857,0.0
full_ols_av,pass,-1.5182,0.0
full_ols_av,pass,0.0821,0.0
full_ols_av,pass,-0.7395,0.0
full_ols_av,pass,-0.7847,0.0
full_ols_av,pass,-0.3015,0.0
full_ols_av,pass,0.4169,0.0
full_ols_av,pass,-1.0704,0.0
full_ols_av,pass,-1.0381,0.0
full_ols_av,pass,0.2267,0.0
full_ols_av,pass,-0.1486,1.0
full_ols_av,pass,1.3009,5.0
full_ols_av,pass,-0.0734,1.0
full_ols_av,pass,-1.7411,9.0
full_ols_av,pass,-0.2646,6.0
full_ols_av,pass,-0.8111,1.0
full_ols_av,pass,-0.1321,9.0
full_ols_av,pass,-0.6336,1.0
full_ols_av,pass,-2.1081,2.0
full_ols_av,pass,1.6943,8.0
full_ols_av,pass,-0.4362,2.0
full_ols_av,pass,0.6327,0.0
full_ols_av,pass,0.2872,0.0
full_ols_av,pass,0.0439,0.0
full_ols_av,pass,-1.1603,0.0
full_ols_av,pass,-0.7062,0.0
full_ols_av,pass,-2.0614,2.0
full_ols_av,pass,-1.3657,8.0
full_ols_av,pass,0.6928,2.0
full_ols_av,pass,-0.1951,2.0
full_ols_av,pass,0.822,7.0
full_ols_av,pass,-0.5937,3.0
full_ols_av,pass,-0.4886,1.0
full_ols_av,pass,-0.6029,3.0
full_ols_av,pass,0.4934,9.0
full_ols_av,pass,-1.4333,1.0
full_ols_av,pass,-0.1393,0.0
full_ols_av,pass,-0.5593,1.0
full_ols_av,pass,2.0938,9.0
full_ols_av,pass,-3.1358,1.0
full_ols_av,pass,0.5235,0.0
full_ols_av,pass,-2.3023,1.0
full_ols_av,pass,-0.3401,0.0
full_ols_av,pass,-1.1944,3.0
full_ols_av,pass,-0.3786,7.0
full_ols_av,pass,-0.3075,3.0
full_ols_av,pass,-0.3725,3.0
full_ols_av,pass,0.8954,0.0
full_ols_av,pass,-3.0205,3.0
full_ols_av,pass,1.1221,7.0
full_ols_av,pass,0.0871,6.0
full_ols_av,pass,-2.5969,4.0
full_ols_av,pass,2.9134,6.0
full_ols_av,pass,-0.6529,4.0
full_ols_av,pass,-0.6999,0.0
full_ols_av,pass,0.0597,0.0
full_ols_av,pass,-0.7468,0.0
full_ols_av,pass,-1.1103,0.0
full_ols_av,pass,-2.0813,2.0
full_ols_av,pass,0.0947,0.0
full_ols_av,pass,-1.8106,2.0
full_ols_av,pass,1.3315,8.0
full_ols_av,pass,-0.7851,5.0
full_ols_av,pass,1.0336,5.0
full_ols_av,pass,-1.0856,5.0
full_ols_av,pass,-0.4603,4.0
full_ols_av,pass,-1.5661,0.0
full_ols_av,pass,-0.8629,0.0
full_ols_av,pass,0.0532,0.0
full_ols_av,pass,-0.3228,0.0
full_ols_av,pass,-1.9037,5.0
full_ols_av,pass,0.7614,5.0
full_ols_av,pass,-1.0846,5.0
full_ols_av,pass,-0.3816,0.0
full_ols_av,pass,-0.5996,0.0
full_ols_av,pass,-0.1312,4.0
full_ols_av,pass,0.1632,6.0
full_ols_av,pass,-1.4018,4.0
full_ols_av,pass,2.0134,4.0
full_ols_av,pass,-0.2764,6.0
full_ols_av,pass,-1.3542,4.0
full_ols_av,pass,-1.474,6.0
full_ols_av,pass,-0.5039,3.0
full_ols_av,pass,-0.5492,5.0
full_ols_av,pass,-3.4426,3.0
full_ols_av,pass,3.0473,7.0
full_ols_av,pass,-0.5878,0.0
full_ols_av,pass,-0.4436,0.0
full_ols_av,pass,-1.1124,0.0
full_ols_av,pass,-0.1857,0.0
full_ols_av,pass,0.2624,0.0
full_ols_av,pass,0.0813,0.0
full_ols_av,pass,-0.4716,0.0
full_ols_av,pass,-1.2792,0.0
full_ols_av,pass,-1.6104,0.0
full_ols_av,pass,0.2695,0.0
full_ols_av,pass,-1.019,0.0
full_ols_av,pass,0.9741,0.0
full_ols_av,pass,0.7363,4.0
full_ols_av,pass,-0.8052,6.0
full_ols_av,pass,0.0425,5.0
full_ols_av,pass,-1.6427,6.0
full_ols_av,pass,0.1527,0.0
full_ols_av,pass,-0.536,0.0
full_ols_av,pass,-1.2468,0.0
full_ols_av,pass,0.1873,0.0
full_ols_av,pass,-1.5493,5.0
full_ols_av,pass,-0.6761,3.0
full_ols_av,pass,-0.5106,7.0
full_ols_av,pass,0.5088,3.0
full_ols_av,pass,-2.7583,3.0
full_ols_av,pass,0.7952,7.0
full_ols_av,pass,-2.2128,3.0
full_ols_av,pass,1.1665,7.0
full_ols_av,pass,1.5994,6.0
full_ols_av,pass,-2.9882,1.0
full_ols_av,pass,0.151,9.0
full_ols_av,pass,-1.7978,1.0
full_ols_av,pass,1.8245,0.0
full_ols_av,pass,-2.8751,0.0
full_ols_av,pass,2.4101,10.0
full_ols_av,pass,-1.3129,0.0
full_ols_av,pass,-0.7798,0.0
full_ols_av,pass,0.3356,0.0
full_ols_av,pass,-0.7392,0.0
full_ols_av,pass,0.1539,0.0
full_ols_av,pass,-0.8492,0.0
full_ols_av,pass,-0.3923,5.0
full_ols_av,pass,-0.1621,5.0
full_ols_av,pass,-0.7918,5.0
full_ols_av,pass,-0.6272,4.0
full_ols_av,pass,-0.0099,6.0
full_ols_av,pass,-1.8248,4.0
full_ols_av,pass,0.8708,0.0
full_ols_av,pass,-4.1363,2.0
full_ols_av,pass,0.6119,7.0
full_ols_av,pass,-1.647,2.0
full_ols_av,pass,1.9096,9.0
full_ols_av,pass,-1.1106,1.0
full_ols_av,pass,-0.3032,9.0
full_ols_av,pass,-1.1294,1.0
full_ols_av,pass,-0.3687,4.0
full_ols_av,pass,-0.3173,0.0
full_ols_av,pass,-1.1711,0.0
full_ols_av,pass,0.039,0.0
full_ols_av,pass,-1.5256,0.0
full_ols_av,pass,-0.5204,0.0
full_ols_av,pass,0.7572,0.0
full_ols_av,pass,-0.9935,0.0
full_ols_av,pass,-0.341,0.0
full_ols_av,pass,0.0643,1.0
full_ols_av,pass,-0.3139,5.0
full_ols_av,pass,-1.2677,1.0
full_ols_av,pass,-0.3358,9.0
full_ols_av,pass,-1.5981,3.0
full_ols_av,pass,0.8795,7.0
full_ols_av,pass,-2.0368,3.0
full_ols_av,pass,1.0203,6.0
full_ols_av,pass,-1.9857,2.0
full_ols_av,pass,-0.4339,8.0
full_ols_av,pass,0.0154,2.0
full_ols_av,pass,-0.3306,0.0
full_ols_av,pass,-1.1334,5.0
full_ols_av,pass,-0.2298,5.0
full_ols_av,pass,0.1548,5.0
full_ols_av,pass,-2.6432,2.0
full_ols_av,pass,1.1264,8.0
full_ols_av,pass,0.2245,2.0
full_ols_av,pass,-0.0048,0.0
full_ols_av,pass,-2.2837,2.0
full_ols_av,pass,-1.3487,2.0
full_ols_av,pass,1.8207,8.0
full_ols_av,pass,-2.2641,2.0
full_ols_av,pass,0.4885,0.0
full_ols_av,pass,-0.373,6.0
full_ols_av,pass,-0.3388,4.0
full_ols_av,pass,-1.0363,3.0
full_ols_av,pass,-1.0705,4.0
full_ols_av,pass,-2.5508,5.0
full_ols_av,pass,-1.0427,5.0
full_ols_av,pass,0.4429,5.0
full_ols_av,pass,-0.4355,0.0
full_ols_av,pass,1.3153,4.0
full_ols_av,pass,-1.3215,6.0
full_ols_av,pass,0.1889,0.0
full_ols_av,pass,-2.8199,6.0
full_ols_av,pass,-0.3472,0.0
full_ols_av,pass,-1.4009,0.0
full_ols_av,pass,0.5043,0.0
full_ols_av,pass,0.3708,0.0
full_ols_av,pass,0.2636,0.0
full_ols_av,pass,-2.3388,4.0
full_ols_av,pass,1.6354,6.0
full_ols_av,pass,-0.8741,4.0
full_ols_av,pass,1.5802,6.0
full_ols_av,pass,-1.2626,4.0
full_ols_av,pass,1.3707,0.0
full_ols_av,pass,-2.132,4.0
full_ols_av,pass,-1.3376,9.0
full_ols_av,pass,1.2945,1.0
full_ols_av,pass,-1.3506,2.0
full_ols_av,pass,-1.4167,1.0
full_ols_av,pass,0.3937,5.0
full_ols_av,pass,-1.9755,2.0
full_ols_av,pass,1.5098,8.0
full_ols_av,pass,-0.6208,2.0
full_ols_av,pass,-1.7186,3.0
full_ols_av,pass,-0.9106,3.0
full_ols_av,pass,2.1228,7.0
full_ols_av,pass,-0.547,3.0
full_ols_av,pass,1.5776,5.0
full_ols_av,pass,-0.3637,5.0
full_ols_av,pass,0.3765,5.0
full_ols_av,pass,-1.3645,2.0
full_ols_av,pass,1.4301,7.0
full_ols_av,pass,-1.3717,3.0
full_ols_av,pass,0.9411,8.0
full_ols_av,pass,-2.1753,3.0
full_ols_av,pass,-1.9149,2.0
full_ols_av,pass,1.587,8.0
full_ols_av,pass,-2.1988,2.0
full_ols_av,pass,-0.0709,0.0
full_ols_av,pass,-0.3736,0.0
full_ols_av,pass,-1.1553,0.0
full_ols_av,pass,-0.2301,0.0
full_ols_av,pass,0.0543,0.0
full_ols_av,pass,0.9608,4.0
full_ols_av,pass,-1.6768,6.0
full_ols_av,pass,0.9409,0.0
full_ols_av,pass,-1.483,6.0
full_ols_av,pass,-1.4197,3.0
full_ols_av,pass,1.016,7.0
full_ols_av,pass,-1.2874,3.0
full_ols_av,pass,0.1373,0.0
full_ols_av,pass,-0.6958,0.0
full_ols_av,pass,-1.9273,5.0
full_ols_av,pass,-0.3796,5.0
full_ols_av,pass,0.4321,5.0
full_ols_av,pass,-1.7301,6.0
full_ols_av,pass,1.7537,4.0
full_ols_av,pass,-0.4629,6.0
full_ols_av,pass,-0.419,7.0
full_ols_av,pass,-2.7541,3.0
full_ols_av,pass,1.0889,7.0
full_ols_av,pass,-1.2592,3.0
full_ols_av,pass,0.3382,0.0
full_ols_av,pass,0.0135,0.0
full_ols_av,pass,-0.2179,0.0
full_ols_av,pass,-1.1393,0.0
full_ols_av,pass,-1.0616,0.0
full_ols_av,pass,1.5226,2.0
full_ols_av,pass,-2.6346,3.0
full_ols_av,pass,-0.1864,2.0
full_ols_av,pass,-1.315,8.0
full_ols_av,pass,2.0353,5.0
full_ols_av,pass,-0.172,5.0
full_ols_av,pass,0.5229,0.0
full_ols_av,pass,-1.8828,5.0
full_ols_av,pass,-0.5122,2.0
full_ols_av,pass,0.3348,3.0
full_ols_av,pass,-0.4001,7.0
full_ols_av,pass,0.0585,3.0
full_ols_av,pass,-0.8713,5.0
full_ols_av,pass,0.7465,5.0
full_ols_av,pass,-0.9101,5.0
full_ols_av,pass,-0.0859,6.0
full_ols_av,pass,0.3106,7.0
full_ols_av,pass,-0.8965,3.0
full_ols_av,pass,-0.4403,5.0
full_ols_av,pass,0.7152,3.0
full_ols_av,pass,0.3444,3.0
full_ols_av,pass,-1.2109,0.0
full_ols_av,pass,-1.8145,3.0
full_ols_av,pass,-0.2327,7.0
full_ols_av,pass,-1.1465,8.0
full_ols_av,pass,0.5895,2.0
full_ols_av,pass,0.4308,0.0
full_ols_av,pass,-2.5592,2.0
full_ols_av,pass,1.4423,7.0
full_ols_av,pass,-0.9248,3.0
full_ols_av,pass,0.614,0.0
full_ols_av,pass,-1.2202,3.0
full_ols_av,pass,-0.3187,0.0
full_ols_av,pass,-1.3573,1.0
full_ols_av,pass,1.7856,9.0
full_ols_av,pass,-2.2966,1.0
full_ols_av,pass,-0.1516,0.0
full_ols_av,pass,-0.3681,0.0
full_ols_av,pass,0.6354,0.0
full_ols_av,pass,-0.8371,0.0
full_ols_av,pass,-0.0524,5.0
full_ols_av,pass,-0.5171,5.0
full_ols_av,pass,-0.7693,0.0
full_ols_av,pass,-1.5372,5.0
full_ols_av,pass,-1.8135,6.0
full_ols_av,pass,-0.9314,4.0
full_ols_av,pass,-1.1398,6.0
full_ols_av,pass,2.3218,8.0
full_ols_av,pass,0.5235,0.0
full_ols_av,pass,-1.5888,4.0
full_ols_av,pass,-2.1858,6.0
full_ols_av,pass,-0.4458,4.0
full_ols_av,pass,-0.8122,5.0
full_ols_av,pass,-0.5277,0.0
full_ols_av,pass,-1.8916,5.0
full_ols_av,pass,0.9002,5.0
full_ols_av,pass,0.8274,6.0
full_ols_av,pass,-0.5997,4.0
full_ols_av,pass,-0.0892,4.0
full_ols_av,pass,-0.8255,4.0
full_ols_av,pass,-0.874,0.0
full_ols_av,pass,-0.1495,0.0
full_ols_av,pass,-0.4451,0.0
full_ols_av,pass,-0.2559,0.0
full_ols_av,pass,-0.6587,0.0
full_ols_av,pass,0.4945,0.0
full_ols_av,pass,-1.6034,0.0
full_ols_av,pass,-0.5669,0.0
full_ols_av,pass,-1.7444,2.0
full_ols_av,pass,1.6877,8.0
full_ols_av,pass,-0.8802,2.0
full_ols_av,pass,-0.2227,0.0
full_ols_av,pass,1.1081,5.0
full_ols_av,pass,-1.2623,5.0
full_ols_av,pass,-0.8202,4.0
full_ols_av,pass,-1.0096,5.0
full_ols_av,pass,0.2302,2.0
full_ols_av,pass,0.0565,8.0
full_ols_av,pass,-1.7672,2.0
full_ols_av,pass,-0.5212,0.0
full_ols_av,pass,1.4842,6.0
full_ols_av,pass,-0.6974,4.0
full_ols_av,pass,0.9905,0.0
full_ols_av,pass,-2.1802,4.0
full_ols_av,pass,-1.0722,0.0
full_ols_av,pass,-1.8022,0.0
full_ols_av,pass,1.0258,0.0
full_ols_av,pass,-0.5179,0.0
full_ols_av,pass,-1.491,4.0
full_ols_av,pass,-0.5011,6.0
full_ols_av,pass,0.3616,0.0
full_ols_av,pass,-0.7302,6.0
full_ols_av,pass,2.6602,6.0
full_ols_av,pass,-1.5178,4.0
full_ols_av,pass,-0.7312,6.0
full_ols_av,pass,-2.0882,4.0
full_ols_av,pass,-0.1726,4.0
full_ols_av,pass,0.2883,4.0
full_ols_av,pass,-0.2765,4.0
full_ols_av,pass,1.2401,6.0
full_ols_av,pass,1.1752,8.0
full_ols_av,pass,-2.6683,3.0
full_ols_av,pass,1.8633,7.0
full_ols_av,pass,-0.719,3.0
full_ols_av,pass,-1.8288,3.0
full_ols_av,pass,-0.9749,7.0
full_ols_av,pass,-0.8794,3.0
full_ols_av,pass,0.4014,0.0
full_ols_av,pass,-0.5045,6.0
full_ols_av,pass,-0.3317,4.0
full_ols_av,pass,-0.5232,3.0
full_ols_av,pass,-1.9603,4.0
full_ols_av,pass,3.1631,9.0
full_ols_av,pass,0.0976,3.0
full_ols_av,pass,-0.2874,7.0
full_ols_av,pass,-3.1601,3.0
full_ols_av,pass,0.5272,5.0
full_ols_av,pass,-1.1571,5.0
full_ols_av,pass,-0.364,3.0
full_ols_av,pass,-1.6667,5.0
full_ols_av,pass,-2.363,2.0
full_ols_av,pass,1.2051,8.0
full_ols_av,pass,-1.1991,2.0
full_ols_av,pass,0.1384,4.0
full_ols_av,pass,-1.2488,3.0
full_ols_av,pass,2.2474,7.0
full_ols_av,pass,-0.8675,3.0
full_ols_av,pass,-1.3136,0.0
full_ols_av,pass,0.6139,0.0
full_ols_av,pass,-1.3674,2.0
full_ols_av,pass,-0.2372,8.0
full_ols_av,pass,-1.5512,2.0
full_ols_av,pass,1.1462,2.0
full_ols_av,pass,-1.447,3.0
full_ols_av,pass,0.5812,2.0
full_ols_av,pass,-1.7148,8.0
full_ols_av,pass,-0.1909,7.0
full_ols_av,pass,-0.6066,3.0
full_ols_av,pass,0.0151,0.0
full_ols_av,pass,-1.7073,3.0
full_ols_av,pass,0.6178,4.0
full_ols_av,pass,-2.5561,1.0
full_ols_av,pass,1.6178,9.0
full_ols_av,pass,-0.6885,1.0
full_ols_av,pass,0.2448,4.0
full_ols_av,pass,-1.8262,3.0
full_ols_av,pass,2.3675,7.0
full_ols_av,pass,-0.3763,3.0
full_ols_av,pass,0.7015,5.0
full_ols_av,pass,-2.4302,3.0
full_ols_av,pass,1.4185,7.0
full_ols_av,pass,-2.531,3.0
full_ols_av,pass,0.0681,0.0
full_ols_av,pass,-0.4323,0.0
full_ols_av,pass,-1.3328,0.0
full_ols_av,pass,-0.7765,0.0
full_ols_av,pass,-0.7008,6.0
full_ols_av,pass,-1.3236,4.0
full_ols_av,pass,0.1496,0.0
full_ols_av,pass,-0.9496,4.0
full_ols_av,pass,-0.4084,0.0
full_ols_av,pass,-0.0669,0.0
full_ols_av,pass,0.3963,0.0
full_ols_av,pass,-1.084,0.0
full_ols_av,pass,-1.1747,0.0
full_ols_av,pass,-1.486,0.0
full_ols_av,pass,0.5241,10.0
full_ols_av,pass,-0.6514,0.0
full_ols_av,pass,-0.7366,3.0
full_ols_av,pass,0.9156,0.0
full_ols_av,pass,-2.85,3.0
full_ols_av,pass,2.4149,7.0
full_ols_av,pass,0.1014,4.0
full_ols_av,pass,-1.6507,4.0
full_ols_av,pass,0.1782,4.0
full_ols_av,pass,-0.6717,6.0
full_ols_av,pass,-0.6004,3.0
full_ols_av,pass,0.7278,5.0
full_ols_av,pass,-2.6579,3.0
full_ols_av,pass,1.5357,7.0
full_ols_av,pass,0.8661,7.0
full_ols_av,pass,-2.138,3.0
full_ols_av,pass,0.3687,0.0
full_ols_av,pass,-1.1995,3.0
full_ols_av,pass,-1.3667,2.0
full_ols_av,pass,1.8485,8.0
full_ols_av,pass,-2.6148,2.0
full_ols_av,pass,-0.277,9.0
full_ols_av,pass,0.4633,3.0
full_ols_av,pass,-0.1196,0.0
full_ols_av,pass,-2.5364,3.0
full_ols_av,pass,1.8277,7.0
full_ols_av,pass,-1.6593,4.0
full_ols_av,pass,1.7828,6.0
full_ols_av,pass,-1.8558,4.0
full_ols_av,pass,0.0496,5.0
full_ols_av,pass,0.3355,0.0
full_ols_av,pass,-0.8491,0.0
full_ols_av,pass,-0.1223,0.0
full_ols_av,pass,-1.5749,0.0
full_ols_av,pass,-1.2071,4.0
full_ols_av,pass,-0.4874,3.0
full_ols_av,pass,-0.0095,7.0
full_ols_av,pass,0.5767,3.0
full_ols_av,pass,-0.7234,0.0
full_ols_av,pass,-1.2618,5.0
full_ols_av,pass,0.0322,5.0
full_ols_av,pass,-0.7848,5.0
full_ols_av,pass,0.0794,6.0
full_ols_av,pass,-1.6903,4.0
full_ols_av,pass,1.5367,6.0
full_ols_av,pass,-1.9564,4.0
full_ols_av,pass,-1.938,1.0
full_ols_av,pass,2.2866,9.0
full_ols_av,pass,-0.8561,1.0
full_ols_av,pass,-0.0903,6.0
full_ols_av,pass,-0.0253,6.0
full_ols_av,pass,-0.8644,0.0
full_ols_av,pass,-1.8631,6.0
full_ols_av,pass,-0.1424,4.0
full_ols_av,pass,1.823,5.0
full_ols_av,pass,-2.3924,5.0
full_ols_av,pass,-0.0948,0.0
full_ols_av,pass,-0.8639,5.0
full_ols_av,pass,2.0145,8.0
full_ols_av,pass,-1.4257,2.0
full_ols_av,pass,0.2467,0.0
full_ols_av,pass,-1.3429,2.0
full_ols_av,pass,-2.3119,6.0
full_ols_av,pass,1.225,4.0
full_ols_av,pass,-0.501,5.0
full_ols_av,pass,-0.1042,4.0
full_ols_av,pass,-0.5577,4.0
full_ols_av,pass,0.1035,0.0
full_ols_av,pass,-2.5608,4.0
full_ols_av,pass,2.1075,6.0
full_ols_av,pass,0.3165,0.0
full_ols_av,pass,-1.1701,4.0
full_ols_av,pass,1.052,6.0
full_ols_av,pass,-1.026,4.0
full_ols_av,pass,-1.3078,1.0
full_ols_av,pass,1.0747,0.0
full_ols_av,pass,-2.7859,1.0
full_ols_av,pass,0.4362,9.0
full_ols_av,pass,-0.7279,0.0
full_ols_av,pass,-1.7601,4.0
full_ols_av,pass,2.0533,6.0
full_ols_av,pass,-1.5522,4.0
full_ols_av,pass,1.6965,7.0
full_ols_av,pass,-0.4481,3.0
full_ols_av,pass,-0.9449,2.0
full_ols_av,pass,-0.8891,3.0
full_ols_av,pass,-1.8173,3.0
full_ols_av,pass,1.6574,7.0
full_ols_av,pass,-2.0734,3.0
full_ols_av,pass,-0.0078,0.0
full_ols_av,pass,-1.8021,3.0
full_ols_av,pass,-0.8425,7.0
full_ols_av,pass,1.4978,3.0
full_ols_av,pass,-0.4453,3.0
full_ols_av,pass,-1.4344,3.0
full_ols_av,pass,1.2435,7.0
full_ols_av,pass,-1.2173,3.0
full_ols_av,pass,-0.1798,7.0
full_ols_av,pass,-0.6168,0.0
full_ols_av,pass,0.3874,0.0
full_ols_av,pass,-0.2558,0.0
full_ols_av,pass,-0.7765,0.0
full_ols_av,pass,0.4364,0.0
full_ols_av,pass,-0.4686,4.0
full_ols_av,pass,-0.7333,6.0
full_ols_av,pass,-0.7691,4.0
full_ols_av,pass,-1.0008,9.0
full_ols_av,pass,-1.2692,1.0
full_ols_av,pass,1.5767,0.0
full_ols_av,pass,-1.3154,1.0
full_ols_av,pass,0.0577,3.0
full_ols_av,pass,0.5527,0.0
full_ols_av,pass,-2.6651,3.0
full_ols_av,pass,0.8345,7.0
full_ols_av,pass,0.835,7.0
full_ols_av,pass,-0.589,3.0
full_ols_av,pass,0.4265,0.0
full_ols_av,pass,-2.4011,3.0
full_ols_av,pass,-0.5325,2.0
full_ols_av,pass,0.4441,0.0
full_ols_av,pass,-2.4123,2.0
full_ols_av,pass,0.4377,8.0
full_ols_av,pass,-2.5941,1.0
full_ols_av,pass,-0.6585,9.0
full_ols_av,pass,0.7667,1.0
full_ols_av,pass,0.1322,0.0
full_ols_av,pass,-1.5863,6.0
full_ols_av,pass,-0.3718,4.0
full_ols_av,pass,0.2838,0.0
full_ols_av,pass,-0.9757,4.0
full_ols_av,pass,1.0222,8.0
full_ols_av,pass,-2.0255,2.0
full_ols_av,pass,-0.0882,0.0
full_ols_av,pass,-0.6013,2.0
full_ols_av,pass,0.6898,0.0
full_ols_av,pass,-1.4974,3.0
full_ols_av,pass,-1.5825,7.0
full_ols_av,pass,-0.1293,3.0
full_ols_av,pass,-1.9324,3.0
full_ols_av,pass,-0.399,1.0
full_ols_av,pass,0.2414,9.0
full_ols_av,pass,-1.0578,1.0
full_ols_av,pass,-0.836,2.0
full_ols_av,pass,0.3565,0.0
full_ols_av,pass,-1.3724,2.0
full_ols_av,pass,0.7952,8.0
full_ols_av,pass,-2.1824,3.0
full_ols_av,pass,0.2465,7.0
full_ols_av,pass,-0.674,3.0
full_ols_av,pass,-0.5835,0.0
full_ols_av,pass,0.0417,6.0
full_ols_av,pass,-0.2417,0.0
full_ols_av,pass,0.2496,6.0
full_ols_av,pass,-1.166,4.0
full_ols_av,pass,-0.2072,3.0
full_ols_av,pass,-1.413,7.0
full_ols_av,pass,0.1587,3.0
full_ols_av,pass,-0.0453,3.0
full_ols_av,pass,0.3464,0.0
full_ols_av,pass,-1.0328,4.0
full_ols_av,pass,-0.8446,6.0
full_ols_av,pass,-0.3001,4.0
full_ols_av,pass,-1.998,6.0
full_ols_av,pass,2.3858,4.0
full_ols_av,pass,-0.043,6.0
full_ols_av,pass,-0.6951,5.0
full_ols_av,pass,-0.6487,0.0
full_ols_av,pass,-2.5866,2.0
full_ols_av,pass,-0.6338,8.0
full_ols_av,pass,0.6327,2.0
full_ols_av,pass,-2.8762,2.0
full_ols_av,pass,3.1017,8.0
full_ols_av,pass,-0.6302,2.0
full_ols_av,pass,0.5948,6.0
full_ols_av,pass,0.3176,8.0
full_ols_av,pass,-0.7228,2.0
full_ols_av,pass,0.5683,0.0
full_ols_av,pass,-1.2945,2.0
full_ols_av,pass,-0.5602,0.0
full_ols_av,pass,-0.881,0.0
full_ols_av,pass,0.6395,0.0
full_ols_av,pass,-1.3017,0.0
full_ols_av,pass,-0.5649,4.0
full_ols_av,pass,0.9544,6.0
full_ols_av,pass,-4.0424,4.0
full_ols_av,pass,0.748,6.0
full_ols_av,pass,0.4237,0.0
full_ols_av,pass,-0.774,0.0
full_ols_av,pass,0.1038,0.0
full_ols_av,pass,-0.8914,0.0
full_ols_av,pass,-0.5369,3.0
full_ols_av,pass,0.8997,0.0
full_ols_av,pass,-2.3131,3.0
full_ols_av,pass,1.2811,7.0
full_ols_av,pass,-1.5455,2.0
full_ols_av,pass,0.6734,8.0
full_ols_av,pass,-1.799,2.0
full_ols_av,pass,2.0435,8.0
full_ols_av,pass,-1.6037,3.0
full_ols_av,pass,-1.7345,5.0
full_ols_av,pass,0.5665,5.0
full_ols_av,pass,-0.8424,5.0
full_ols_av,pass,-0.5031,2.0
full_ols_av,pass,-0.2976,5.0
full_ols_av,pass,-1.3373,2.0
full_ols_av,pass,1.6273,8.0
full_ols_av,pass,0.4604,2.0
full_ols_av,pass,-0.39,5.0
full_ols_av,pass,-0.3371,2.0
full_ols_av,pass,-1.1588,8.0
full_ols_av,pass,0.6242,9.0
full_ols_av,pass,0.3937,1.0
full_ols_av,pass,0.7205,0.0
full_ols_av,pass,-2.2299,1.0
full_ols_av,pass,-2.0648,3.0
full_ols_av,pass,1.1721,7.0
full_ols_av,pass,-0.8515,3.0
full_ols_av,pass,0.4156,5.0
full_ols_av,pass,-0.9454,1.0
full_ols_av,pass,1.376,0.0
full_ols_av,pass,-2.8449,1.0
full_ols_av,pass,1.4265,9.0
full_ols_av,pass,-0.0747,4.0
full_ols_av,pass,-0.5143,3.0
full_ols_av,pass,-1.3286,4.0
full_ols_av,pass,0.8711,6.0
full_ols_av,pass,-1.2979,4.0
full_ols_av,pass,-0.0457,0.0
full_ols_av,pass,-1.617,4.0
full_ols_av,pass,2.1462,6.0
full_ols_av,pass,1.0247,0.0
full_ols_av,pass,-0.4948,4.0
full_ols_av,pass,0.8367,6.0
full_ols_av,pass,-3.3112,4.0
full_ols_av,pass,-0.6562,0.0
full_ols_av,pass,-0.8033,0.0
full_ols_av,pass,0.7206,0.0
full_ols_av,pass,-0.5674,0.0
full_ols_av,pass,1.0483,6.0
full_ols_av,pass,-2.2896,4.0
full_ols_av,pass,-0.4618,0.0
full_ols_av,pass,-1.3137,4.0
full_ols_av,pass,0.9606,0.0
full_ols_av,pass,-0.8972,0.0
full_ols_av,pass,-0.4179,0.0
full_ols_av,pass,-0.7004,0.0
full_ols_av,pass,-0.6467,2.0
full_ols_av,pass,1.3205,8.0
full_ols_av,pass,-1.4552,2.0
full_ols_av,pass,-1.1203,2.0
full_ols_av,pass,-0.5979,4.0
full_ols_av,pass,0.8926,0.0
full_ols_av,pass,-0.3059,4.0
full_ols_av,pass,-0.5194,6.0
full_ols_av,pass,-0.6058,0.0
full_ols_av,pass,-0.1602,5.0
full_ols_av,pass,0.6536,5.0
full_ols_av,pass,-1.9595,5.0
full_ols_av,pass,2.0135,5.0
full_ols_av,pass,-2.0632,5.0
full_ols_av,pass,-1.2557,0.0
full_ols_av,pass,-0.8617,5.0
full_ols_av,pass,-1.448,0.0
full_ols_av,pass,-0.8355,0.0
full_ols_av,pass,0.1815,0.0
full_ols_av,pass,0.3455,0.0
full_ols_av,pass,-0.3128,6.0
full_ols_av,pass,-0.1854,4.0
full_ols_av,pass,0.6907,0.0
full_ols_av,pass,-0.8944,4.0
full_ols_av,pass,-0.6096,2.0
full_ols_av,pass,1.1912,8.0
full_ols_av,pass,-1.3039,2.0
full_ols_av,pass,-0.4064,3.0
full_ols_av,pass,-0.5302,5.0
full_ols_av,pass,-0.9329,4.0
full_ols_av,pass,-1.9435,5.0
full_ols_av,pass,-0.2475,5.0
full_ols_av,pass,-1.9238,5.0
full_ols_av,pass,1.6419,5.0
full_ols_av,pass,-1.917,5.0
full_ols_av,pass,1.0428,5.0
full_ols_av,pass,0.1608,0.0
full_ols_av,pass,-2.5143,3.0
full_ols_av,pass,2.2934,7.0
full_ols_av,pass,0.2465,3.0
full_ols_av,pass,1.3406,6.0
full_ols_av,pass,-2.0143,4.0
full_ols_av,pass,0.6688,6.0
full_ols_av,pass,-2.0233,4.0
full_ols_av,pass,-0.8799,0.0
full_ols_av,pass,-0.3686,0.0
full_ols_av,pass,-1.0219,0.0
full_ols_av,pass,0.0956,0.0
full_ols_av,pass,2.1095,9.0
full_ols_av,pass,-0.1806,1.0
full_ols_av,pass,-0.86,4.0
full_ols_av,pass,-1.2813,1.0
full_ols_av,pass,0.0612,4.0
full_ols_av,pass,-1.2865,2.0
full_ols_av,pass,1.935,8.0
full_ols_av,pass,-1.3632,2.0
full_ols_av,pass,-1.5114,6.0
full_ols_av,pass,-0.5263,4.0
full_ols_av,pass,-0.1261,0.0
full_ols_av,pass,-1.7078,4.0
full_ols_av,pass,0.5799,8.0
full_ols_av,pass,-2.7475,0.0
full_ols_av,pass,2.5813,10.0
full_ols_av,pass,-1.4475,0.0
full_ols_av,pass,-0.9223,3.0
full_ols_av,pass,-0.5968,0.0
full_ols_av,pass,-0.7984,3.0
full_ols_av,pass,1.4514,7.0
full_ols_av,pass,-0.9106,3.0
full_ols_av,pass,-0.0272,8.0
full_ols_av,pass,-2.4558,3.0
full_ols_av,pass,1.9168,7.0
full_ols_av,pass,-1.1207,0.0
full_ols_av,pass,0.476,0.0
full_ols_av,pass,-0.95,0.0
full_ols_av,pass,-0.6168,0.0
full_ols_av,pass,1.7935,5.0
full_ols_av,pass,-1.4953,5.0
full_ols_av,pass,0.129,6.0
full_ols_av,pass,-2.4385,5.0
full_ols_av,pass,-0.563,0.0
full_ols_av,pass,-0.7046,2.0
full_ols_av,pass,0.1785,8.0
full_ols_av,pass,-1.9473,2.0
full_ols_av,pass,-0.1799,5.0
full_ols_av,pass,0.1814,5.0
full_ols_av,pass,-0.1658,0.0
full_ols_av,pass,-1.5208,5.0
full_ols_av,pass,-1.5795,3.0
full_ols_av,pass,0.1386,0.0
full_ols_av,pass,-1.3006,3.0
full_ols_av,pass,1.2374,7.0
full_ols_av,pass,-1.2075,0.0
full_ols_av,pass,-0.7672,0.0
full_ols_av,pass,-0.187,0.0
full_ols_av,pass,0.525,0.0
full_ols_av,pass,1.2678,7.0
full_ols_av,pass,-1.0642,3.0
full_ols_av,pass,-0.2343,4.0
full_ols_av,pass,-2.1953,3.0
full_ols_av,pass,-0.0713,0.0
full_ols_av,pass,-0.7905,0.0
full_ols_av,pass,-0.4875,0.0
full_ols_av,pass,0.0013,0.0
full_ols_av,pass,-1.4603,2.0
full_ols_av,pass,1.7016,8.0
full_ols_av,pass,-2.8772,2.0
full_ols_av,pass,0.2073,2.0
full_ols_av,pass,-1.1858,4.0
full_ols_av,pass,-0.2355,6.0
full_ols_av,pass,-0.7556,0.0
full_ols_av,pass,-1.7435,6.0
full_ols_av,pass,-0.5095,0.0
full_ols_av,pass,-0.6388,0.0
full_ols_av,pass,0.037,0.0
full_ols_av,pass,-0.7527,0.0
full_ols_av,pass,-0.4505,3.0
full_ols_av,pass,-2.2514,2.0
full_ols_av,pass,1.6216,3.0
full_ols_av,pass,-0.1902,7.0
full_ols_av,pass,-1.2715,3.0
full_ols_av,pass,0.1612,0.0
full_ols_av,pass,-2.1644,3.0
full_ols_av,pass,1.5264,7.0
full_ols_av,pass,-1.4786,0.0
full_ols_av,pass,-1.7488,6.0
full_ols_av,pass,-0.4787,4.0
full_ols_av,pass,1.0396,6.0
full_ols_av,pass,-1.6956,1.0
full_ols_av,pass,0.1417,4.0
full_ols_av,pass,-1.5058,1.0
full_ols_av,pass,1.1824,9.0
full_ols_av,pass,0.5403,0.0
full_ols_av,pass,-0.5486,0.0
full_ols_av,pass,-0.1615,0.0
full_ols_av,pass,-0.6759,0.0
full_ols_av,pass,-3.2112,5.0
full_ols_av,pass,0.0106,5.0
full_ols_av,pass,-0.6981,5.0
full_ols_av,pass,1.4745,7.0
full_ols_av,pass,1.2673,7.0
full_ols_av,pass,-1.847,3.0
full_ols_av,pass,0.6979,0.0
full_ols_av,pass,-1.6772,3.0
full_ols_av,pass,-2.1667,0.0
full_ols_av,pass,0.9632,10.0
full_ols_av,pass,-1.0676,0.0
full_ols_av,pass,0.2908,3.0
full_ols_av,pass,-0.079,0.0
full_ols_av,pass,0.2921,0.0
full_ols_av,pass,-0.3614,0.0
full_ols_av,pass,-0.5594,0.0
full_ols_av,pass,0.7946,0.0
full_ols_av,pass,-0.9511,0.0
full_ols_av,pass,-0.2674,0.0
full_ols_av,pass,-0.7904,0.0
full_ols_av,pass,-1.0457,0.0
full_ols_av,pass,-0.9356,0.0
full_ols_av,pass,0.6391,0.0
full_ols_av,pass,-0.6635,0.0
full_ols_av,pass,-0.3398,4.0
full_ols_av,pass,-0.4955,6.0
full_ols_av,pass,-2.5378,3.0
full_ols_av,pass,0.823,6.0
full_ols_av,pass,0.1614,0.0
full_ols_av,pass,-1.1056,0.0
full_ols_av,pass,-0.1424,0.0
full_ols_av,pass,-0.1115,0.0
full_ols_av,pass,-0.3856,6.0
full_ols_av,pass,-0.101,4.0
full_ols_av,pass,0.7585,6.0
full_ols_av,pass,-2.3665,4.0
full_ols_av,pass,1.0307,5.0
full_ols_av,pass,-0.8015,5.0
full_ols_av,pass,0.6589,0.0
full_ols_av,pass,-1.8898,5.0
full_ols_av,pass,-0.1826,4.0
full_ols_av,pass,-1.1956,6.0
full_ols_av,pass,-1.9357,4.0
full_ols_av,pass,-0.0517,6.0
full_ols_av,pass,-1.4972,2.0
full_ols_av,pass,0.3946,0.0
full_ols_av,pass,-0.1152,2.0
full_ols_av,pass,0.5045,8.0
full_ols_av,pass,0.604,4.0
full_ols_av,pass,-0.4848,6.0
full_ols_av,pass,-0.3147,4.0
full_ols_av,pass,-2.3383,6.0
full_ols_av,pass,0.4291,0.0
full_ols_av,pass,-0.4917,0.0
full_ols_av,pass,-0.409,0.0
full_ols_av,pass,-1.1711,0.0
full_ols_av,pass,-0.0588,2.0
full_ols_av,pass,0.7897,8.0
full_ols_av,pass,-0.1765,2.0
full_ols_av,pass,-1.6445,5.0
full_ols_av,pass,0.7139,6.0
full_ols_av,pass,-0.1536,4.0
full_ols_av,pass,0.1652,0.0
full_ols_av,pass,-1.5677,4.0
full_ols_av,pass,-1.7971,0.0
full_ols_av,pass,0.3824,0.0
full_ols_av,pass,-1.4519,0.0
full_ols_av,pass,0.082,0.0
full_ols_av,pass,-0.6691,0.0
full_ols_av,pass,-0.5419,0.0
full_ols_av,pass,-0.0266,0.0
full_ols_av,pass,-0.1253,0.0
full_ols_av,pass,2.201,8.0
full_ols_av,pass,-1.3056,2.0
full_ols_av,pass,0.4208,0.0
full_ols_av,pass,-1.6299,2.0
full_ols_av,pass,1.4371,0.0
full_ols_av,pass,-1.0287,1.0
full_ols_av,pass,-1.1153,9.0
full_ols_av,pass,-1.1275,1.0
full_ols_av,pass,-2.3543,3.0
full_ols_av,pass,1.6105,7.0
full_ols_av,pass,-1.1202,3.0
full_ols_av,pass,0.2678,6.0
full_ols_av,pass,-1.6324,5.0
full_ols_av,pass,-0.9573,1.0
full_ols_av,pass,-0.9381,9.0
full_ols_av,pass,1.2708,1.0
full_ols_av,pass,-0.7877,0.0
full_ols_av,pass,0.2375,4.0
full_ols_av,pass,-0.4243,6.0
full_ols_av,pass,-0.4015,4.0
full_ols_av,pass,-1.8022,2.0
full_ols_av,pass,1.9624,4.0
full_ols_av,pass,-2.9314,2.0
full_ols_av,pass,-0.3781,8.0
full_ols_av,pass,-1.0775,5.0
full_ols_av,pass,-0.561,6.0
full_ols_av,pass,1.9298,4.0
full_ols_av,pass,-1.8297,6.0
full_ols_av,pass,0.1812,3.0
full_ols_av,pass,-1.2997,1.0
full_ols_av,pass,0.6521,3.0
full_ols_av,pass,-0.5153,7.0
full_ols_av,pass,-0.2626,5.0
full_ols_av,pass,-2.0119,3.0
full_ols_av,pass,2.8925,7.0
full_ols_av,pass,-1.9956,3.0
full_ols_av,pass,-0.5798,2.0
full_ols_av,pass,-0.768,5.0
full_ols_av,pass,-0.6444,5.0
full_ols_av,pass,0.2274,5.0
full_ols_av,pass,-0.1123,4.0
full_ols_av,pass,0.8731,0.0
full_ols_av,pass,-0.7392,4.0
full_ols_av,pass,-0.8503,6.0
full_ols_av,pass,-1.7813,2.0
full_ols_av,pass,-0.7771,7.0
full_ols_av,pass,-2.6318,2.0
full_ols_av,pass,2.3007,8.0
full_ols_av,pass,0.4081,4.0
full_ols_av,pass,-3.1017,6.0
full_ols_av,pass,1.4709,4.0
full_ols_av,pass,-1.1947,2.0
full_ols_av,pass,0.6103,4.0
full_ols_av,pass,-1.6653,6.0
full_ols_av,pass,1.2478,4.0
full_ols_av,pass,-1.451,6.0
full_ols_av,pass,-0.8314,5.0
full_ols_av,pass,-0.0916,5.0
full_ols_av,pass,-1.1883,0.0
full_ols_av,pass,-1.1619,5.0
full_ols_av,pass,0.1754,0.0
full_ols_av,pass,-1.2821,5.0
full_ols_av,pass,0.8129,5.0
full_ols_av,pass,-1.3951,5.0
full_ols_av,pass,-0.904,2.0
full_ols_av,pass,0.6743,8.0
full_ols_av,pass,-2.4607,2.0
full_ols_av,pass,2.7164,7.0
full_ols_av,pass,0.5925,0.0
full_ols_av,pass,-2.1207,2.0
full_ols_av,pass,2.493,8.0
full_ols_av,pass,-2.6323,2.0
full_ols_av,pass,-1.5289,0.0
full_ols_av,pass,-0.2572,0.0
full_ols_av,pass,-0.8304,0.0
full_ols_av,pass,0.4743,0.0
full_ols_av,pass,1.0405,7.0
full_ols_av,pass,-1.6191,3.0
full_ols_av,pass,-0.5444,0.0
full_ols_av,pass,-1.7082,3.0
full_ols_av,pass,-0.7165,0.0
full_ols_av,pass,-0.021,0.0
full_ols_av,pass,0.5193,0.0
full_ols_av,pass,-1.1392,0.0
full_ols_av,pass,-0.1242,0.0
full_ols_av,pass,-0.1638,0.0
full_ols_av,pass,-1.2319,0.0
full_ols_av,pass,-0.6849,0.0
selected_ols_av,pass,-1.3155,3.0
selected_ols_av,pass,-1.2093,7.0
selected_ols_av,pass,0.0287,3.0
selected_ols_av,pass,-0.6411,0.0
selected_ols_av,pass,-0.3147,7.0
selected_ols_av,pass,-1.5404,3.0
selected_ols_av,pass,1.2544,6.0
selected_ols_av,pass,-2.2101,3.0
selected_ols_av,pass,0.58,9.0
selected_ols_av,pass,-1.093,5.0
selected_ols_av,pass,0.3597,5.0
selected_ols_av,pass,-1.0884,5.0
selected_ols_av,pass,-0.762,7.0
selected_ols_av,pass,-1.9877,4.0
selected_ols_av,pass,1.7017,6.0
selected_ols_av,pass,-0.1938,4.0
selected_ols_av,pass,0.1327,5.0
selected_ols_av,pass,0.0287,5.0
selected_ols_av,pass,-1.0884,4.0
selected_ols_av,pass,-2.2101,5.0
selected_ols_av,pass,0.476,0.0
selected_ols_av,pass,-2.2101,3.0
selected_ols_av,pass,0.807,7.0
selected_ols_av,pass,-0.3147,3.0
selected_ols_av,pass,0.2535,0.0
selected_ols_av,pass,-0.762,0.0
selected_ols_av,pass,0.0287,0.0
selected_ols_av,pass,-1.0884,0.0
selected_ols_av,pass,0.58,9.0
selected_ols_av,pass,-0.4187,1.0
selected_ols_av,pass,-0.1938,0.0
selected_ols_av,pass,-3.1048,1.0
selected_ols_av,pass,-1.0884,0.0
selected_ols_av,pass,-0.1938,0.0
selected_ols_av,pass,-0.762,0.0
selected_ols_av,pass,0.476,0.0
selected_ols_av,pass,1.2544,6.0
selected_ols_av,pass,-1.0884,4.0
selected_ols_av,pass,0.58,4.0
selected_ols_av,pass,-1.9877,4.0
selected_ols_av,pass,-1.5404,3.0
selected_ols_av,pass,1.7017,7.0
selected_ols_av,pass,-1.0884,3.0
selected_ols_av,pass,-0.3147,5.0
selected_ols_av,pass,0.476,0.0
selected_ols_av,pass,-3.1048,2.0
selected_ols_av,pass,0.807,8.0
selected_ols_av,pass,0.58,2.0
selected_ols_av,pass,-0.3147,0.0
selected_ols_av,pass,0.0287,0.0
selected_ols_av,pass,-0.1938,0.0
selected_ols_av,pass,-1.0884,0.0
selected_ols_av,pass,-1.7628,3.0
selected_ols_av,pass,-0.3147,7.0
selected_ols_av,pass,-1.093,3.0
selected_ols_av,pass,0.3597,4.0
selected_ols_av,pass,-0.6411,2.0
selected_ols_av,pass,-0.3147,2.0
selected_ols_av,pass,-1.9877,2.0
selected_ols_av,pass,1.7017,8.0
selected_ols_av,pass,-0.4187,0.0
selected_ols_av,pass,-0.1938,0.0
selected_ols_av,pass,-1.0884,0.0
selected_ols_av,pass,0.1327,0.0
selected_ols_av,pass,-0.3147,2.0
selected_ols_av,pass,0.9233,0.0
selected_ols_av,pass,-2.6575,2.0
selected_ols_av,pass,0.807,8.0
selected_ols_av,pass,0.1327,0.0
selected_ols_av,pass,-1.5404,5.0
selected_ols_av,pass,0.807,5.0
selected_ols_av,pass,-0.6411,5.0
selected_ols_av,pass,-0.1938,2.0
selected_ols_av,pass,-0.762,3.0
selected_ols_av,pass,-1.093,2.0
selected_ols_av,pass,0.807,8.0
selected_ols_av,pass,1.2544,10.0
selected_ols_av,pass,-0.3147,0.0
selected_ols_av,pass,0.0287,4.0
selected_ols_av,pass,-2.2101,0.0
selected_ols_av,pass,1.2544,8.0
selected_ols_av,pass,-2.2101,2.0
selected_ols_av,pass,0.1327,8.0
selected_ols_av,pass,-1.9877,2.0
selected_ols_av,pass,1.7017,4.0
selected_ols_av,pass,-0.6411,5.0
selected_ols_av,pass,0.1327,4.0
selected_ols_av,pass,-2.435,6.0
selected_ols_av,pass,-0.3147,3.0
selected_ols_av,pass,-0.4187,5.0
selected_ols_av,pass,-2.2101,3.0
selected_ols_av,pass,1.7017,7.0
selected_ols_av,pass,-2.6575,4.0
selected_ols_av,pass,-0.762,6.0
selected_ols_av,pass,0.476,4.0
selected_ols_av,pass,-0.1938,0.0
selected_ols_av,pass,-1.5357,3.0
selected_ols_av,pass,-1.7628,5.0
selected_ols_av,pass,0.1327,3.0
selected_ols_av,pass,0.0287,7.0
selected_ols_av,pass,0.807,6.0
selected_ols_av,pass,-1.2093,4.0
selected_ols_av,pass,1.3706,0.0
selected_ols_av,pass,-2.2101,4.0
selected_ols_av,pass,-1.5357,5.0
selected_ols_av,pass,0.1327,8.0
selected_ols_av,pass,-0.6457,5.0
selected_ols_av,pass,0.807,5.0
selected_ols_av,pass,-0.3147,5.0
selected_ols_av,pass,0.476,5.0
selected_ols_av,pass,-0.6411,5.0
selected_ols_av,pass,-1.0884,0.0
selected_ols_av,pass,-1.093,2.0
selected_ols_av,pass,-0.3147,2.0
selected_ols_av,pass,0.807,8.0
selected_ols_av,pass,-0.3147,2.0
selected_ols_av,pass,0.2535,0.0
selected_ols_av,pass,-0.3147,0.0
selected_ols_av,pass,-0.4187,0.0
selected_ols_av,pass,-1.0884,0.0
selected_ols_av,pass,-1.0884,3.0
selected_ols_av,pass,-0.762,1.0
selected_ols_av,pass,-1.5404,3.0
selected_ols_av,pass,2.149,7.0
selected_ols_av,pass,-1.2093,0.0
selected_ols_av,pass,-0.4187,0.0
selected_ols_av,pass,0.2535,0.0
selected_ols_av,pass,-0.1938,0.0
selected_ols_av,pass,-2.2101,3.0
selected_ols_av,pass,1.7017,7.0
selected_ols_av,pass,-0.762,3.0
selected_ols_av,pass,0.0287,0.0
selected_ols_av,pass,-0.1938,3.0
selected_ols_av,pass,-0.762,3.0
selected_ols_av,pass,-1.093,3.0
selected_ols_av,pass,0.807,7.0
selected_ols_av,pass,-0.3147,3.0
selected_ols_av,pass,0.0287,7.0
selected_ols_av,pass,-0.1938,4.0
selected_ols_av,pass,-2.6575,3.0
selected_ols_av,pass,0.1327,3.0
selected_ols_av,pass,-0.4187,0.0
selected_ols_av,pass,-2.6575,3.0
selected_ols_av,pass,1.7017,7.0
selected_ols_av,pass,-1.0884,1.0
selected_ols_av,pass,0.58,5.0
selected_ols_av,pass,-1.9877,1.0
selected_ols_av,pass,1.2544,9.0
selected_ols_av,pass,-1.0884,4.0
selected_ols_av,pass,-0.3147,0.0
selected_ols_av,pass,-1.9877,4.0
selected_ols_av,pass,2.149,6.0
selected_ols_av,pass,-2.6575,3.0
selected_ols_av,pass,0.807,7.0
selected_ols_av,pass,0.58,3.0
selected_ols_av,pass,0.0287,0.0
selected_ols_av,pass,0.0287,0.0
selected_ols_av,pass,-0.1938,0.0
selected_ols_av,pass,-0.6411,0.0
selected_ols_av,pass,-0.762,0.0
selected_ols_av,pass,-0.3147,0.0
selected_ols_av,pass,-0.4187,0.0
selected_ols_av,pass,-0.1938,0.0
selected_ols_av,pass,-0.6411,0.0
selected_ols_av,pass,-0.6411,0.0
selected_ols_av,pass,-1.0884,0.0
selected_ols_av,pass,-0.3147,0.0
selected_ols_av,pass,0.476,0.0
selected_ols_av,pass,-1.093,5.0
selected_ols_av,pass,1.2544,5.0
selected_ols_av,pass,-1.0884,5.0
selected_ols_av,pass,-0.3147,0.0
selected_ols_av,pass,-0.6411,0.0
selected_ols_av,pass,-1.0884,0.0
selected_ols_av,pass,-0.3147,0.0
selected_ols_av,pass,0.476,0.0
selected_ols_av,pass,-1.7628,4.0
selected_ols_av,pass,-0.3147,6.0
selected_ols_av,pass,-0.4187,4.0
selected_ols_av,pass,-0.6411,0.0
selected_ols_av,pass,-0.3147,3.0
selected_ols_av,pass,-0.4187,7.0
selected_ols_av,pass,-1.0884,3.0
selected_ols_av,pass,0.2535,0.0
selected_ols_av,pass,0.2535,0.0
selected_ols_av,pass,-0.762,0.0
selected_ols_av,pass,0.476,0.0
selected_ols_av,pass,-1.5357,0.0
selected_ols_av,pass,-0.866,5.0
selected_ols_av,pass,-2.6575,4.0
selected_ols_av,pass,2.149,6.0
selected_ols_av,pass,0.1327,4.0
selected_ols_av,pass,-0.762,4.0
selected_ols_av,pass,0.9233,0.0
selected_ols_av,pass,-3.1048,4.0
selected_ols_av,pass,1.7017,6.0
selected_ols_av,pass,-1.093,3.0
selected_ols_av,pass,1.2544,7.0
selected_ols_av,pass,-1.5357,3.0
selected_ols_av,pass,0.1327,7.0
selected_ols_av,pass,-2.2101,4.0
selected_ols_av,pass,0.1327,6.0
selected_ols_av,pass,0.0287,4.0
selected_ols_av,pass,-1.0884,0.0
selected_ols_av,pass,-1.0884,2.0
selected_ols_av,pass,-1.0884,0.0
selected_ols_av,pass,0.1327,2.0
selected_ols_av,pass,0.476,8.0
selected_ols_av,pass,-1.5404,7.0
selected_ols_av,pass,-1.2093,2.0
selected_ols_av,pass,2.149,8.0
selected_ols_av,pass,-0.3147,2.0
selected_ols_av,pass,-1.0884,0.0
selected_ols_av,pass,0.1327,0.0
selected_ols_av,pass,0.0287,0.0
selected_ols_av,pass,-0.6411,0.0
selected_ols_av,pass,0.1327,3.0
selected_ols_av,pass,-0.3147,7.0
selected_ols_av,pass,-0.4187,3.0
selected_ols_av,pass,-2.2101,3.0
selected_ols_av,pass,-1.0884,3.0
selected_ols_av,pass,-0.3147,5.0
selected_ols_av,pass,-1.9877,3.0
selected_ols_av,pass,2.149,7.0
selected_ols_av,pass,-0.1938,0.0
selected_ols_av,pass,-1.7628,4.0
selected_ols_av,pass,-0.3147,6.0
selected_ols_av,pass,-0.866,4.0
selected_ols_av,pass,-0.866,0.0
selected_ols_av,pass,-0.1938,0.0
selected_ols_av,pass,-1.0884,0.0
selected_ols_av,pass,0.58,0.0
selected_ols_av,pass,-0.6411,3.0
selected_ols_av,pass,0.1327,6.0
selected_ols_av,pass,-1.9877,3.0
selected_ols_av,pass,1.2544,7.0
selected_ols_av,pass,-0.1938,0.0
selected_ols_av,pass,-2.2101,6.0
selected_ols_av,pass,0.1327,4.0
selected_ols_av,pass,-0.866,6.0
selected_ols_av,pass,0.9233,3.0
selected_ols_av,pass,-2.2101,1.0
selected_ols_av,pass,0.807,9.0
selected_ols_av,pass,-0.762,1.0
selected_ols_av,pass,1.2544,6.0
selected_ols_av,pass,-1.2093,4.0
selected_ols_av,pass,0.9233,8.0
selected_ols_av,pass,-2.2101,4.0
selected_ols_av,pass,-1.7628,3.0
selected_ols_av,pass,1.2544,7.0
selected_ols_av,pass,-0.762,3.0
selected_ols_av,pass,0.0287,0.0
selected_ols_av,pass,-1.7628,3.0
selected_ols_av,pass,0.807,7.0
selected_ols_av,pass,-0.762,3.0
selected_ols_av,pass,0.476,0.0
selected_ols_av,pass,0.1327,1.0
selected_ols_av,pass,0.58,9.0
selected_ols_av,pass,-0.866,1.0
selected_ols_av,pass,-2.6575,3.0
selected_ols_av,pass,-0.3147,5.0
selected_ols_av,pass,0.0287,0.0
selected_ols_av,pass,-2.2101,5.0
selected_ols_av,pass,1.2544,5.0
selected_ols_av,pass,1.7017,7.0
selected_ols_av,pass,-0.762,3.0
selected_ols_av,pass,0.0287,0.0
selected_ols_av,pass,-2.2101,3.0
selected_ols_av,pass,-0.3147,0.0
selected_ols_av,pass,-1.5404,3.0
selected_ols_av,pass,1.2544,7.0
selected_ols_av,pass,-0.6411,3.0
selected_ols_av,pass,0.0287,4.0
selected_ols_av,pass,-1.0884,0.0
selected_ols_av,pass,-2.6575,4.0
selected_ols_av,pass,0.58,6.0
selected_ols_av,pass,0.0287,0.0
selected_ols_av,pass,-0.1938,0.0
selected_ols_av,pass,-0.1938,0.0
selected_ols_av,pass,-1.2093,0.0
selected_ols_av,pass,1.2544,7.0
selected_ols_av,pass,-0.3147,3.0
selected_ols_av,pass,0.476,0.0
selected_ols_av,pass,-2.6575,3.0
selected_ols_av,pass,0.1327,5.0
selected_ols_av,pass,-0.866,4.0
selected_ols_av,pass,-1.7628,5.0
selected_ols_av,pass,1.2544,5.0
selected_ols_av,pass,0.476,0.0
selected_ols_av,pass,-0.6411,0.0
selected_ols_av,pass,-0.6411,0.0
selected_ols_av,pass,-0.762,0.0
selected_ols_av,pass,-0.762,5.0
selected_ols_av,pass,-1.5404,4.0
selected_ols_av,pass,1.2544,6.0
selected_ols_av,pass,-0.1938,4.0
selected_ols_av,pass,-0.762,3.0
selected_ols_av,pass,0.476,7.0
selected_ols_av,pass,-2.6575,3.0
selected_ols_av,pass,1.7017,8.0
selected_ols_av,pass,0.9233,0.0
selected_ols_av,pass,-2.2101,2.0
selected_ols_av,pass,1.2544,8.0
selected_ols_av,pass,-1.2093,2.0
selected_ols_av,pass,-0.1938,0.0
selected_ols_av,pass,-0.762,0.0
selected_ols_av,pass,0.0287,0.0
selected_ols_av,pass,-0.6411,0.0
selected_ols_av,pass,-1.5357,3.0
selected_ols_av,pass,0.58,4.0
selected_ols_av,pass,-1.5404,3.0
selected_ols_av,pass,1.2544,7.0
selected_ols_av,pass,-0.3147,0.0
selected_ols_av,pass,-1.093,4.0
selected_ols_av,pass,0.3597,6.0
selected_ols_av,pass,-0.1938,4.0
selected_ols_av,pass,-0.762,2.0
selected_ols_av,pass,0.0287,0.0
selected_ols_av,pass,-2.2101,2.0
selected_ols_av,pass,1.7017,8.0
selected_ols_av,pass,-0.3147,1.0
selected_ols_av,pass,0.0287,0.0
selected_ols_av,pass,-2.6575,1.0
selected_ols_av,pass,1.7017,9.0
selected_ols_av,pass,-1.0884,0.0
selected_ols_av,pass,-1.7628,4.0
selected_ols_av,pass,-0.762,6.0
selected_ols_av,pass,0.476,4.0
selected_ols_av,pass,-0.6411,0.0
selected_ols_av,pass,-0.6411,0.0
selected_ols_av,pass,-0.3147,0.0
selected_ols_av,pass,0.0287,0.0
selected_ols_av,pass,-0.6411,0.0
selected_ols_av,pass,-0.3147,2.0
selected_ols_av,pass,0.476,8.0
selected_ols_av,pass,-1.0884,2.0
selected_ols_av,pass,-1.9877,5.0
selected_ols_av,pass,0.3597,5.0
selected_ols_av,pass,-0.1938,5.0
selected_ols_av,pass,0.58,0.0
selected_ols_av,pass,-0.3147,0.0
selected_ols_av,pass,-2.435,3.0
selected_ols_av,pass,2.149,7.0
selected_ols_av,pass,-0.6411,3.0
selected_ols_av,pass,0.807,5.0
selected_ols_av,pass,-2.2101,7.0
selected_ols_av,pass,0.1327,3.0
selected_ols_av,pass,-1.5404,7.0
selected_ols_av,pass,-0.3147,7.0
selected_ols_av,pass,-0.4187,3.0
selected_ols_av,pass,0.2535,0.0
selected_ols_av,pass,-2.6575,3.0
selected_ols_av,pass,0.0287,0.0
selected_ols_av,pass,-2.2101,3.0
selected_ols_av,pass,0.807,7.0
selected_ols_av,pass,0.1327,3.0
selected_ols_av,pass,-0.3147,0.0
selected_ols_av,pass,0.9233,0.0
selected_ols_av,pass,-1.5357,0.0
selected_ols_av,pass,-0.6411,0.0
selected_ols_av,pass,-0.4187,8.0
selected_ols_av,pass,-1.7628,4.0
selected_ols_av,pass,1.2544,6.0
selected_ols_av,pass,-0.3147,4.0
selected_ols_av,pass,-0.3147,0.0
selected_ols_av,pass,0.0287,0.0
selected_ols_av,pass,-1.0884,0.0
selected_ols_av,pass,-0.1938,0.0
selected_ols_av,pass,0.0287,4.0
selected_ols_av,pass,-0.6411,0.0
selected_ols_av,pass,-2.6575,4.0
selected_ols_av,pass,0.1327,6.0
selected_ols_av,pass,-1.9877,3.0
selected_ols_av,pass,0.807,7.0
selected_ols_av,pass,-1.0884,3.0
selected_ols_av,pass,1.0273,7.0
selected_ols_av,pass,1.2544,7.0
selected_ols_av,pass,-1.0884,3.0
selected_ols_av,pass,-0.762,7.0
selected_ols_av,pass,-0.6457,3.0
selected_ols_av,pass,-0.762,1.0
selected_ols_av,pass,0.9233,0.0
selected_ols_av,pass,-2.6575,1.0
selected_ols_av,pass,1.2544,9.0
selected_ols_av,pass,0.807,8.0
selected_ols_av,pass,-0.3147,2.0
selected_ols_av,pass,0.476,5.0
selected_ols_av,pass,-2.2101,2.0
selected_ols_av,pass,-0.1938,0.0
selected_ols_av,pass,-0.1938,0.0
selected_ols_av,pass,-0.762,0.0
selected_ols_av,pass,-0.4187,0.0
selected_ols_av,pass,0.1327,6.0
selected_ols_av,pass,0.0287,4.0
selected_ols_av,pass,-0.1938,3.0
selected_ols_av,pass,-3.1048,4.0
selected_ols_av,pass,-2.6575,2.0
selected_ols_av,pass,-1.2093,8.0
selected_ols_av,pass,-0.4187,2.0
selected_ols_av,pass,1.1482,0.0
selected_ols_av,pass,-0.866,5.0
selected_ols_av,pass,-1.3155,3.0
selected_ols_av,pass,0.807,7.0
selected_ols_av,pass,0.1327,3.0
selected_ols_av,pass,0.0287,0.0
selected_ols_av,pass,-0.6411,0.0
selected_ols_av,pass,-1.0884,0.0
selected_ols_av,pass,0.1327,0.0
selected_ols_av,pass,-0.762,2.0
selected_ols_av,pass,-0.6457,3.0
selected_ols_av,pass,0.807,7.0
selected_ols_av,pass,-0.6411,3.0
selected_ols_av,pass,-1.9877,2.0
selected_ols_av,pass,1.2544,8.0
selected_ols_av,pass,-1.0884,2.0
selected_ols_av,pass,0.58,7.0
selected_ols_av,pass,-1.0884,4.0
selected_ols_av,pass,0.58,0.0
selected_ols_av,pass,-1.9877,4.0
selected_ols_av,pass,1.2544,6.0
selected_ols_av,pass,-0.762,4.0
selected_ols_av,pass,-0.4187,7.0
selected_ols_av,pass,-2.2101,4.0
selected_ols_av,pass,2.149,6.0
selected_ols_av,pass,-2.6575,3.0
selected_ols_av,pass,2.149,7.0
selected_ols_av,pass,-0.3147,3.0
selected_ols_av,pass,-0.4187,7.0
selected_ols_av,pass,-0.762,2.0
selected_ols_av,pass,1.7017,8.0
selected_ols_av,pass,-0.3147,2.0
selected_ols_av,pass,-1.5404,5.0
selected_ols_av,pass,-0.3147,7.0
selected_ols_av,pass,-0.6457,3.0
selected_ols_av,pass,0.807,7.0
selected_ols_av,pass,-2.6575,3.0
selected_ols_av,pass,-0.3147,6.0
selected_ols_av,pass,0.0287,4.0
selected_ols_av,pass,-1.0884,6.0
selected_ols_av,pass,-0.1938,0.0
selected_ols_av,pass,2.149,7.0
selected_ols_av,pass,-1.0884,3.0
selected_ols_av,pass,-0.3147,0.0
selected_ols_av,pass,-1.9877,3.0
selected_ols_av,pass,0.476,8.0
selected_ols_av,pass,-0.1938,2.0
selected_ols_av,pass,-1.5357,0.0
selected_ols_av,pass,-0.3147,2.0
selected_ols_av,pass,0.2535,2.0
selected_ols_av,pass,-0.3147,5.0
selected_ols_av,pass,-2.435,2.0
selected_ols_av,pass,1.2544,8.0
selected_ols_av,pass,0.9233,0.0
selected_ols_av,pass,-2.6575,1.0
selected_ols_av,pass,1.2544,9.0
selected_ols_av,pass,-0.762,1.0
selected_ols_av,pass,-0.866,0.0
selected_ols_av,pass,0.2535,0.0
selected_ols_av,pass,-0.1938,0.0
selected_ols_av,pass,-0.762,0.0
selected_ols_av,pass,-0.3147,0.0
selected_ols_av,pass,-2.435,5.0
selected_ols_av,pass,2.149,5.0
selected_ols_av,pass,-0.6411,5.0
selected_ols_av,pass,0.1327,0.0
selected_ols_av,pass,-1.093,1.0
selected_ols_av,pass,0.807,9.0
selected_ols_av,pass,-1.0884,1.0
selected_ols_av,pass,-0.6411,0.0
selected_ols_av,pass,-1.0884,0.0
selected_ols_av,pass,-0.3147,0.0
selected_ols_av,pass,0.476,0.0
selected_ols_av,pass,-1.0884,4.0
selected_ols_av,pass,0.58,0.0
selected_ols_av,pass,-1.5404,4.0
selected_ols_av,pass,0.807,6.0
selected_ols_av,pass,1.7017,9.0
selected_ols_av,pass,-0.762,1.0
selected_ols_av,pass,0.0287,5.0
selected_ols_av,pass,-2.2101,1.0
selected_ols_av,pass,-0.6411,4.0
selected_ols_av,pass,-0.8682,4.0
selected_ols_av,pass,-1.2093,6.0
selected_ols_av,pass,-0.4187,4.0
selected_ols_av,pass,-0.3147,5.0
selected_ols_av,pass,-0.4187,2.0
selected_ols_av,pass,-1.7628,5.0
selected_ols_av,pass,1.2544,5.0
selected_ols_av,pass,-1.5404,4.0
selected_ols_av,pass,0.1327,2.0
selected_ols_av,pass,0.807,8.0
selected_ols_av,pass,-0.3147,2.0
selected_ols_av,pass,-0.6411,4.0
selected_ols_av,pass,-0.762,4.0
selected_ols_av,pass,-0.1984,4.0
selected_ols_av,pass,0.3597,6.0
selected_ols_av,pass,1.2544,6.0
selected_ols_av,pass,-1.0884,4.0
selected_ols_av,pass,-0.3147,0.0
selected_ols_av,pass,-1.093,4.0
selected_ols_av,pass,-0.4187,0.0
selected_ols_av,pass,-0.6411,0.0
selected_ols_av,pass,-2.2101,0.0
selected_ols_av,pass,0.1327,10.0
selected_ols_av,pass,-0.3147,0.0
selected_ols_av,pass,-1.093,4.0
selected_ols_av,pass,0.807,6.0
selected_ols_av,pass,-0.6411,4.0
selected_ols_av,pass,0.807,7.0
selected_ols_av,pass,-0.3147,3.0
selected_ols_av,pass,0.0287,0.0
selected_ols_av,pass,-1.7628,3.0
selected_ols_av,pass,-0.3147,0.0
selected_ols_av,pass,0.476,0.0
selected_ols_av,pass,-1.0884,0.0
selected_ols_av,pass,-0.6411,0.0
selected_ols_av,pass,0.476,5.0
selected_ols_av,pass,-1.5357,0.0
selected_ols_av,pass,-1.3155,5.0
selected_ols_av,pass,-0.762,5.0
selected_ols_av,pass,1.2544,6.0
selected_ols_av,pass,-0.762,4.0
selected_ols_av,pass,0.0287,5.0
selected_ols_av,pass,-1.7628,4.0
selected_ols_av,pass,-0.1938,0.0
selected_ols_av,pass,-2.6575,3.0
selected_ols_av,pass,-0.762,7.0
selected_ols_av,pass,0.476,3.0
selected_ols_av,pass,-0.3147,1.0
selected_ols_av,pass,-0.4187,9.0
selected_ols_av,pass,-1.5357,1.0
selected_ols_av,pass,0.7008,0.0
selected_ols_av,pass,0.3597,8.0
selected_ols_av,pass,0.58,2.0
selected_ols_av,pass,0.476,0.0
selected_ols_av,pass,-2.6575,2.0
selected_ols_av,pass,-0.762,4.0
selected_ols_av,pass,0.9233,6.0
selected_ols_av,pass,-0.6411,4.0
selected_ols_av,pass,-1.0884,0.0
selected_ols_av,pass,2.149,8.0
selected_ols_av,pass,0.1327,2.0
selected_ols_av,pass,-0.4187,8.0
selected_ols_av,pass,-3.1048,2.0
selected_ols_av,pass,-0.762,3.0
selected_ols_av,pass,0.0287,7.0
selected_ols_av,pass,-0.1938,3.0
selected_ols_av,pass,-0.6411,0.0
selected_ols_av,pass,-1.9877,5.0
selected_ols_av,pass,1.7017,5.0
selected_ols_av,pass,-0.6411,5.0
selected_ols_av,pass,-0.3147,0.0
selected_ols_av,pass,-2.2101,6.0
selected_ols_av,pass,-0.3147,4.0
selected_ols_av,pass,-0.4187,6.0
selected_ols_av,pass,-0.1938,0.0
selected_ols_av,pass,-0.1984,2.0
selected_ols_av,pass,0.807,8.0
selected_ols_av,pass,-1.0884,2.0
selected_ols_av,pass,-0.762,2.0
selected_ols_av,pass,-0.762,2.0
selected_ols_av,pass,0.476,8.0
selected_ols_av,pass,-1.5357,2.0
selected_ols_av,pass,0.2535,0.0
selected_ols_av,pass,1.2544,4.0
selected_ols_av,pass,-0.3147,6.0
selected_ols_av,pass,-0.4187,3.0
selected_ols_av,pass,-1.7628,6.0
selected_ols_av,pass,-0.6411,0.0
selected_ols_av,pass,-2.2101,3.0
selected_ols_av,pass,-0.3147,7.0
selected_ols_av,pass,0.0287,3.0
selected_ols_av,pass,0.1327,5.0
selected_ols_av,pass,-2.435,5.0
selected_ols_av,pass,0.807,5.0
selected_ols_av,pass,0.2535,6.0
selected_ols_av,pass,1.7017,8.0
selected_ols_av,pass,-0.6411,2.0
selected_ols_av,pass,-1.2093,6.0
selected_ols_av,pass,-1.093,2.0
selected_ols_av,pass,-0.762,8.0
selected_ols_av,pass,0.0287,2.0
selected_ols_av,pass,-0.6411,5.0
selected_ols_av,pass,-1.7628,2.0
selected_ols_av,pass,-1.7628,4.0
selected_ols_av,pass,1.2544,6.0
selected_ols_av,pass,-0.762,4.0
selected_ols_av,pass,0.0287,5.0
selected_ols_av,pass,-0.3147,1.0
selected_ols_av,pass,-0.4187,9.0
selected_ols_av,pass,-2.6575,1.0
selected_ols_av,pass,2.149,8.0
selected_ols_av,pass,-2.6575,3.0
selected_ols_av,pass,2.5963,7.0
selected_ols_av,pass,-1.2093,3.0
selected_ols_av,pass,0.0287,5.0
selected_ols_av,pass,0.3597,4.0
selected_ols_av,pass,-0.6411,6.0
selected_ols_av,pass,-0.762,0.0
selected_ols_av,pass,-0.1984,6.0
selected_ols_av,pass,-0.6411,0.0
selected_ols_av,pass,-0.6411,0.0
selected_ols_av,pass,-0.762,0.0
selected_ols_av,pass,0.476,0.0
selected_ols_av,pass,-1.5357,5.0
selected_ols_av,pass,0.1327,6.0
selected_ols_av,pass,-1.9877,5.0
selected_ols_av,pass,2.149,5.0
selected_ols_av,pass,-2.2101,3.0
selected_ols_av,pass,-0.3147,7.0
selected_ols_av,pass,-1.093,3.0
selected_ols_av,pass,0.807,3.0
selected_ols_av,pass,-0.1938,3.0
selected_ols_av,pass,-1.2093,0.0
selected_ols_av,pass,-1.093,3.0
selected_ols_av,pass,1.2544,7.0
selected_ols_av,pass,-2.2101,1.0
selected_ols_av,pass,1.7017,9.0
selected_ols_av,pass,-0.762,1.0
selected_ols_av,pass,0.0287,4.0
selected_ols_av,pass,1.2544,7.0
selected_ols_av,pass,-0.3147,3.0
selected_ols_av,pass,-0.4187,0.0
selected_ols_av,pass,-1.7628,3.0
selected_ols_av,pass,-0.3147,8.0
selected_ols_av,pass,0.9233,2.0
selected_ols_av,pass,-0.6411,0.0
selected_ols_av,pass,-3.1048,2.0
selected_ols_av,pass,0.476,9.0
selected_ols_av,pass,-2.6575,3.0
selected_ols_av,pass,1.2544,7.0
selected_ols_av,pass,-0.3147,3.0
selected_ols_av,pass,-2.2101,2.0
selected_ols_av,pass,1.7017,8.0
selected_ols_av,pass,0.1327,2.0
selected_ols_av,pass,-0.866,5.0
selected_ols_av,pass,-0.762,4.0
selected_ols_av,pass,-1.093,3.0
selected_ols_av,pass,-0.762,4.0
selected_ols_av,pass,1.7017,6.0
selected_ols_av,pass,-1.9877,2.0
selected_ols_av,pass,1.2544,8.0
selected_ols_av,pass,-0.1938,2.0
selected_ols_av,pass,-0.3147,5.0
selected_ols_av,pass,-0.3147,7.0
selected_ols_av,pass,0.0287,3.0
selected_ols_av,pass,-0.1938,0.0
selected_ols_av,pass,-2.6575,3.0
selected_ols_av,pass,-1.7628,5.0
selected_ols_av,pass,-0.3147,4.0
selected_ols_av,pass,0.0287,6.0
selected_ols_av,pass,-1.0884,4.0
selected_ols_av,pass,-0.6411,0.0
selected_ols_av,pass,0.2535,0.0
selected_ols_av,pass,-0.3147,0.0
selected_ols_av,pass,-0.866,0.0
selected_ols_av,pass,0.807,3.0
selected_ols_av,pass,-0.6411,7.0
selected_ols_av,pass,0.1327,5.0
selected_ols_av,pass,-1.5404,7.0
selected_ols_av,pass,-0.1938,0.0
selected_ols_av,pass,-0.3147,0.0
selected_ols_av,pass,0.0287,0.0
selected_ols_av,pass,-1.0884,0.0
selected_ols_av,pass,-2.2101,1.0
selected_ols_av,pass,0.807,9.0
selected_ols_av,pass,0.58,1.0
selected_ols_av,pass,-0.4187,0.0
selected_ols_av,pass,-2.2101,5.0
selected_ols_av,pass,-0.3147,5.0
selected_ols_av,pass,0.476,5.0
selected_ols_av,pass,-1.0884,0.0
selected_ols_av,pass,0.807,7.0
selected_ols_av,pass,-0.762,3.0
selected_ols_av,pass,0.476,0.0
selected_ols_av,pass,-1.7628,3.0
selected_ols_av,pass,1.7017,7.0
selected_ols_av,pass,-1.2093,3.0
selected_ols_av,pass,0.9233,7.0
selected_ols_av,pass,-2.6575,3.0
selected_ols_av,pass,-0.762,0.0
selected_ols_av,pass,0.476,0.0
selected_ols_av,pass,-1.0884,0.0
selected_ols_av,pass,-0.1938,0.0
selected_ols_av,pass,-1.2093,2.0
selected_ols_av,pass,0.0287,8.0
selected_ols_av,pass,-1.0884,2.0
selected_ols_av,pass,-0.8682,2.0
selected_ols_av,pass,-0.762,3.0
selected_ols_av,pass,0.9233,7.0
selected_ols_av,pass,-0.6411,3.0
selected_ols_av,pass,-1.0884,0.0
selected_ols_av,pass,-3.1048,0.0
selected_ols_av,pass,1.7017,10.0
selected_ols_av,pass,-1.2093,0.0
selected_ols_av,pass,1.3706,0.0
selected_ols_av,pass,-0.762,6.0
selected_ols_av,pass,0.476,4.0
selected_ols_av,pass,0.2535,0.0
selected_ols_av,pass,-3.1048,4.0
selected_ols_av,pass,-1.0884,0.0
selected_ols_av,pass,-0.1938,0.0
selected_ols_av,pass,-0.3147,0.0
selected_ols_av,pass,0.0287,0.0
selected_ols_av,pass,-0.762,3.0
selected_ols_av,pass,-1.9877,4.0
selected_ols_av,pass,1.2544,6.0
selected_ols_av,pass,0.2535,4.0
selected_ols_av,pass,0.1327,0.0
selected_ols_av,pass,0.0287,0.0
selected_ols_av,pass,-0.1938,0.0
selected_ols_av,pass,-1.5357,0.0
selected_ols_av,pass,-1.5357,0.0
selected_ols_av,pass,0.58,4.0
selected_ols_av,pass,0.0287,6.0
selected_ols_av,pass,-0.6411,4.0
selected_ols_av,pass,-0.762,1.0
selected_ols_av,pass,-1.093,1.0
selected_ols_av,pass,1.7017,9.0
selected_ols_av,pass,-1.0884,1.0
selected_ols_av,pass,-1.5404,5.0
selected_ols_av,pass,0.3597,5.0
selected_ols_av,pass,0.2535,5.0
selected_ols_av,pass,-0.3147,2.0
selected_ols_av,pass,-0.6411,0.0
selected_ols_av,pass,-1.0884,0.0
selected_ols_av,pass,0.1327,0.0
selected_ols_av,pass,0.0287,0.0
selected_ols_av,pass,-1.5404,3.0
selected_ols_av,pass,0.807,7.0
selected_ols_av,pass,-1.0884,3.0
selected_ols_av,pass,0.58,0.0
selected_ols_av,pass,-0.762,5.0
selected_ols_av,pass,0.807,5.0
selected_ols_av,pass,-0.3147,5.0
selected_ols_av,pass,-0.6457,5.0
selected_ols_av,pass,0.476,0.0
selected_ols_av,pass,-0.6411,0.0
selected_ols_av,pass,-1.0884,0.0
selected_ols_av,pass,-0.3147,0.0
selected_ols_av,pass,-1.5404,1.0
selected_ols_av,pass,1.2544,9.0
selected_ols_av,pass,-0.6411,1.0
selected_ols_av,pass,-0.3147,0.0
selected_ols_av,pass,0.0287,7.0
selected_ols_av,pass,-0.1938,3.0
selected_ols_av,pass,-1.0884,0.0
selected_ols_av,pass,-0.3147,3.0
selected_ols_av,pass,0.7008,2.0
selected_ols_av,pass,-0.762,2.0
selected_ols_av,pass,-1.9877,2.0
selected_ols_av,pass,0.807,8.0
selected_ols_av,pass,0.0287,7.0
selected_ols_av,pass,-1.0884,3.0
selected_ols_av,pass,-0.1938,0.0
selected_ols_av,pass,-0.3147,3.0
selected_ols_av,pass,-0.762,6.0
selected_ols_av,pass,0.0287,4.0
selected_ols_av,pass,-1.0884,0.0
selected_ols_av,pass,-1.3155,4.0
selected_ols_av,pass,-0.762,0.0
selected_ols_av,pass,0.0287,0.0
selected_ols_av,pass,-1.0884,0.0
selected_ols_av,pass,0.2535,0.0
selected_ols_av,pass,-0.4187,4.0
selected_ols_av,pass,-0.6411,0.0
selected_ols_av,pass,-1.7628,4.0
selected_ols_av,pass,-0.3147,6.0
selected_ols_av,pass,0.0287,4.0
selected_ols_av,pass,-0.1938,0.0
selected_ols_av,pass,-2.6575,4.0
selected_ols_av,pass,-0.3147,6.0
selected_ols_av,pass,0.0287,3.0
selected_ols_av,pass,-0.1938,0.0
selected_ols_av,pass,-2.6575,3.0
selected_ols_av,pass,-0.3147,7.0
selected_ols_av,pass,-1.9877,2.0
selected_ols_av,pass,1.2544,8.0
selected_ols_av,pass,-0.6411,2.0
selected_ols_av,pass,0.1327,0.0
selected_ols_av,pass,-1.0884,4.0
selected_ols_av,pass,-1.7628,4.0
selected_ols_av,pass,0.1327,6.0
selected_ols_av,pass,-0.4187,4.0
selected_ols_av,pass,-0.6411,0.0
selected_ols_av,pass,-0.1938,0.0
selected_ols_av,pass,-1.2093,0.0
selected_ols_av,pass,0.476,0.0
selected_ols_av,pass,-0.4187,0.0
selected_ols_av,pass,-0.1938,0.0
selected_ols_av,pass,-1.5357,0.0
selected_ols_av,pass,0.58,0.0
selected_ols_av,pass,0.3597,3.0
selected_ols_av,pass,-0.3147,3.0
selected_ols_av,pass,-0.1984,2.0
selected_ols_av,pass,-0.762,7.0
selected_ols_av,pass,-0.6457,3.0
selected_ols_av,pass,1.2544,7.0
selected_ols_av,pass,-1.0884,3.0
selected_ols_av,pass,-0.762,3.0
selected_ols_av,pass,0.807,3.0
selected_ols_av,pass,-2.2101,3.0
selected_ols_av,pass,0.1327,7.0
selected_ols_av,pass,-1.5404,3.0
selected_ols_av,pass,-0.1984,5.0
selected_ols_av,pass,0.807,6.0
selected_ols_av,pass,-2.6575,5.0
selected_ols_av,pass,-0.762,5.0
selected_ols_av,pass,-2.6575,4.0
selected_ols_av,pass,0.807,6.0
selected_ols_av,pass,0.1327,4.0
selected_ols_av,pass,0.476,0.0
selected_ols_av,pass,-0.762,5.0
selected_ols_av,pass,0.0287,5.0
selected_ols_av,pass,-0.6411,4.0
selected_ols_av,pass,-1.7628,5.0
selected_ols_av,pass,-0.3147,4.0
selected_ols_av,pass,-0.4187,6.0
selected_ols_av,pass,-0.6411,4.0
selected_ols_av,pass,-0.1938,0.0
selected_ols_av,pass,-2.435,1.0
selected_ols_av,pass,1.7017,9.0
selected_ols_av,pass,-0.6411,1.0
selected_ols_av,pass,0.1327,2.0
selected_ols_av,pass,0.2535,0.0
selected_ols_av,pass,-0.762,0.0
selected_ols_av,pass,-0.866,0.0
selected_ols_av,pass,-0.1938,0.0
selected_ols_av,pass,0.2535,0.0
selected_ols_av,pass,-1.2093,0.0
selected_ols_av,pass,-0.4187,0.0
selected_ols_av,pass,-0.1938,0.0
selected_ols_av,pass,-0.6411,0.0
selected_ols_av,pass,-0.3147,0.0
selected_ols_av,pass,0.0287,0.0
selected_ols_av,pass,-0.6411,0.0
selected_ols_av,pass,-0.1938,4.0
selected_ols_av,pass,-0.3147,0.0
selected_ols_av,pass,-1.093,4.0
selected_ols_av,pass,0.3597,6.0
selected_ols_av,pass,0.0287,0.0
selected_ols_av,pass,-1.7628,5.0
selected_ols_av,pass,1.2544,5.0
selected_ols_av,pass,-0.762,5.0
selected_ols_av,pass,-1.9877,3.0
selected_ols_av,pass,0.807,7.0
selected_ols_av,pass,-1.0884,3.0
selected_ols_av,pass,1.0273,0.0
selected_ols_av,pass,-0.762,7.0
selected_ols_av,pass,-0.4187,3.0
selected_ols_av,pass,0.2535,4.0
selected_ols_av,pass,-2.2101,3.0
selected_ols_av,pass,-1.9877,2.0
selected_ols_av,pass,0.807,8.0
selected_ols_av,pass,-1.0884,2.0
selected_ols_av,pass,1.0273,0.0
selected_ols_av,pass,-0.3147,4.0
selected_ols_av,pass,0.476,6.0
selected_ols_av,pass,-0.6411,4.0
selected_ols_av,pass,-1.0884,0.0
selected_ols_av,pass,-2.2101,3.0
selected_ols_av,pass,-1.2093,7.0
selected_ols_av,pass,0.476,3.0
selected_ols_av,pass,-0.1938,0.0
selected_ols_av,pass,-0.6411,4.0
selected_ols_av,pass,-0.762,5.0
selected_ols_av,pass,-1.5404,4.0
selected_ols_av,pass,1.7017,6.0
selected_ols_av,pass,-1.3155,1.0
selected_ols_av,pass,1.2544,9.0
selected_ols_av,pass,-1.2093,1.0
selected_ols_av,pass,0.0287,5.0
selected_ols_av,pass,-0.3147,6.0
selected_ols_av,pass,0.476,4.0
selected_ols_av,pass,-1.0884,0.0
selected_ols_av,pass,-2.2101,4.0
selected_ols_av,pass,-0.4187,0.0
selected_ols_av,pass,-0.6411,0.0
selected_ols_av,pass,-1.0884,0.0
selected_ols_av,pass,0.58,0.0
selected_ols_av,pass,1.2544,5.0
selected_ols_av,pass,-0.3147,5.0
selected_ols_av,pass,0.0287,7.0
selected_ols_av,pass,-2.2101,5.0
selected_ols_av,pass,-0.762,3.0
selected_ols_av,pass,-1.5404,6.0
selected_ols_av,pass,1.7017,4.0
selected_ols_av,pass,-0.6411,6.0
selected_ols_av,pass,-1.2093,3.0
selected_ols_av,pass,-1.5404,4.0
selected_ols_av,pass,1.7017,6.0
selected_ols_av,pass,-0.1938,4.0
selected_ols_av,pass,-0.6411,4.0
selected_ols_av,pass,-0.762,3.0
selected_ols_av,pass,-0.6457,4.0
selected_ols_av,pass,0.807,6.0
selected_ols_av,pass,0.1327,3.0
selected_ols_av,pass,-0.4187,7.0
selected_ols_av,pass,-3.1048,3.0
selected_ols_av,pass,2.149,7.0
selected_ols_av,pass,0.58,0.0
selected_ols_av,pass,-0.4187,0.0
selected_ols_av,pass,-1.5357,0.0
selected_ols_av,pass,-0.1938,0.0
selected_ols_av,pass,-0.6411,0.0
selected_ols_av,pass,-0.3147,3.0
selected_ols_av,pass,0.476,7.0
selected_ols_av,pass,-1.0884,3.0
selected_ols_av,pass,-2.2101,2.0
selected_ols_av,pass,-0.762,8.0
selected_ols_av,pass,-2.435,2.0
selected_ols_av,pass,2.5963,4.0
selected_ols_av,pass,-2.6575,4.0
selected_ols_av,pass,1.2544,6.0
selected_ols_av,pass,0.1327,4.0
selected_ols_av,pass,0.0287,6.0
selected_ols_av,pass,0.1327,6.0
selected_ols_av,pass,-1.093,5.0
selected_ols_av,pass,0.807,5.0
selected_ols_av,pass,-1.0884,5.0
selected_ols_av,pass,0.1327,2.0
selected_ols_av,pass,-1.9877,5.0
selected_ols_av,pass,1.2544,5.0
selected_ols_av,pass,-0.6411,5.0
selected_ols_av,pass,-0.6411,0.0
selected_ols_av,pass,-1.5357,0.0
selected_ols_av,pass,0.1327,0.0
selected_ols_av,pass,0.476,0.0
selected_ols_av,pass,0.0287,5.0
selected_ols_av,pass,-0.1938,5.0
selected_ols_av,pass,-0.6411,0.0
selected_ols_av,pass,-0.762,5.0
selected_ols_av,pass,-0.762,0.0
selected_ols_av,pass,0.9233,0.0
selected_ols_av,pass,-0.6411,0.0
selected_ols_av,pass,-1.0884,0.0
selected_ols_av,pass,-1.2093,7.0
selected_ols_av,pass,-0.4187,3.0
selected_ols_av,pass,-0.1938,0.0
selected_ols_av,pass,-1.3155,3.0
selected_ols_av,pass,0.1327,5.0
selected_ols_av,pass,-0.4187,0.0
selected_ols_av,pass,-2.2101,5.0
selected_ols_av,pass,1.2544,5.0
selected_ols_av,pass,-0.6411,4.0
selected_ols_av,pass,-0.6411,0.0
selected_ols_av,pass,-1.2093,4.0
selected_ols_av,pass,0.9233,6.0
selected_ols_av,pass,-2.6575,4.0
selected_ols_av,pass,-0.3147,6.0
selected_ols_av,pass,0.9233,4.0
selected_ols_av,pass,-1.0884,0.0
selected_ols_av,pass,-0.6411,4.0
selected_ols_av,pass,-0.762,0.0
selected_ols_av,pass,-1.093,4.0
selected_ols_av,pass,1.2544,6.0
selected_ols_av,pass,-0.3147,0.0
selected_ols_av,pass,0.0287,0.0
selected_ols_av,pass,-0.1938,0.0
selected_ols_av,pass,-1.0884,0.0
selected_ols_av,pass,-0.3147,2.0
selected_ols_av,pass,-0.6457,5.0
selected_ols_av,pass,1.2544,5.0
selected_ols_av,pass,-1.5357,5.0
selected_ols_av,pass,0.2535,2.0
selected_ols_av,pass,-1.2093,5.0
selected_ols_av,pass,-1.9877,7.0
selected_ols_av,pass,1.7017,3.0
selected_ols_av,pass,0.0287,6.0
selected_ols_av,pass,-2.6575,6.0
selected_ols_av,pass,1.7017,4.0
selected_ols_av,pass,-0.3147,6.0
selected_ols_av,pass,-1.093,3.0
selected_ols_av,pass,1.2544,7.0
selected_ols_av,pass,-1.0884,3.0
selected_ols_av,pass,-0.3147,5.0
selected_ols_av,pass,-0.1938,0.0
selected_ols_av,pass,-1.5357,0.0
selected_ols_av,pass,-0.3147,0.0
selected_ols_av,pass,0.476,0.0
selected_ols_av,pass,-1.0884,2.0
selected_ols_av,pass,-0.1938,0.0
selected_ols_av,pass,-0.3147,2.0
selected_ols_av,pass,0.0287,8.0
selected_ols_av,pass,-0.1938,2.0
selected_ols_av,pass,0.1327,0.0
selected_ols_av,pass,-2.435,2.0
selected_ols_av,pass,1.2544,8.0
selected_ols_av,pass,1.2544,6.0
selected_ols_av,pass,-0.1938,4.0
selected_ols_av,pass,-0.762,6.0
selected_ols_av,pass,-1.5404,4.0
selected_ols_av,pass,-0.1938,0.0
selected_ols_av,pass,-2.6575,4.0
selected_ols_av,pass,-0.3147,6.0
selected_ols_av,pass,0.0287,4.0
selected_ols_av,pass,-0.6411,4.0
selected_ols_av,pass,-0.6411,0.0
selected_ols_av,pass,-0.3147,4.0
selected_ols_av,pass,0.0287,6.0
selected_ols_av,pass,-0.6411,0.0
selected_ols_av,pass,-0.3147,0.0
selected_ols_av,pass,0.0287,0.0
selected_ols_av,pass,-0.6411,0.0
selected_ols_av,pass,0.0287,5.0
selected_ols_av,pass,-0.1938,0.0
selected_ols_av,pass,-2.2101,5.0
selected_ols_av,pass,-0.762,5.0
selected_ols_av,pass,-0.6411,0.0
selected_ols_av,pass,-0.6411,0.0
selected_ols_av,pass,-0.3147,0.0
selected_ols_av,pass,0.0287,0.0
selected_ols_av,pass,0.1327,5.0
selected_ols_av,pass,-0.4187,0.0
selected_ols_av,pass,-1.7628,5.0
selected_ols_av,pass,0.807,5.0
selected_ols_av,pass,-0.3147,2.0
selected_ols_av,pass,-0.4187,4.0
selected_ols_av,pass,-2.2101,2.0
selected_ols_av,pass,1.7017,8.0
selected_ols_av,pass,1.2544,4.0
selected_ols_av,pass,-0.762,6.0
selected_ols_av,pass,0.0287,5.0
selected_ols_av,pass,-1.7628,6.0
selected_ols_av,pass,-0.3147,10.0
selected_ols_av,pass,-0.4187,0.0
selected_ols_av,pass,-0.1938,0.0
selected_ols_av,pass,-2.2101,0.0
selected_ols_av,pass,-2.2101,2.0
selected_ols_av,pass,1.2544,8.0
selected_ols_av,pass,-0.3147,2.0
selected_ols_av,pass,0.0287,9.0
selected_ols_av,pass,-0.3147,4.0
selected_ols_av,pass,0.476,0.0
selected_ols_av,pass,-2.2101,4.0
selected_ols_av,pass,0.807,6.0
selected_ols_av,pass,2.149,5.0
selected_ols_av,pass,0.1327,5.0
selected_ols_av,pass,-0.866,0.0
selected_ols_av,pass,-2.6575,5.0
selected_ols_av,pass,-1.0884,0.0
selected_ols_av,pass,-0.762,0.0
selected_ols_av,pass,0.476,0.0
selected_ols_av,pass,-0.1938,0.0
selected_ols_av,pass,-0.6411,5.0
selected_ols_av,pass,-0.6411,0.0
selected_ols_av,pass,-0.3147,5.0
selected_ols_av,pass,0.0287,5.0
selected_ols_av,pass,0.2535,4.0
selected_ols_av,pass,-0.6411,0.0
selected_ols_av,pass,-0.762,4.0
selected_ols_av,pass,-0.4187,6.0
selected_ols_av,pass,1.2544,7.0
selected_ols_av,pass,-0.3147,3.0
selected_ols_av,pass,-0.4187,5.0
selected_ols_av,pass,-1.7628,3.0
selected_ols_av,pass,-0.6411,4.0
selected_ols_av,pass,-0.3147,6.0
selected_ols_av,pass,-1.5404,4.0
selected_ols_av,pass,1.2544,6.0
selected_ols_av,pass,1.2544,6.0
selected_ols_av,pass,-2.6575,2.0
selected_ols_av,pass,0.58,8.0
selected_ols_av,pass,-1.9877,2.0
selected_ols_av,pass,-2.6575,3.0
selected_ols_av,pass,-1.2093,7.0
selected_ols_av,pass,0.9233,3.0
selected_ols_av,pass,-0.1938,0.0
selected_ols_av,pass,-0.1938,4.0
selected_ols_av,pass,-0.3147,3.0
selected_ols_av,pass,-1.9877,4.0
selected_ols_av,pass,1.2544,6.0
selected_ols_av,pass,-1.5404,6.0
selected_ols_av,pass,-0.762,3.0
selected_ols_av,pass,1.2544,7.0
selected_ols_av,pass,0.1327,3.0
selected_ols_av,pass,-0.1938,0.0
selected_ols_av,pass,-0.1938,0.0
selected_ols_av,pass,-0.3147,0.0
selected_ols_av,pass,-0.866,0.0
selected_ols_av,pass,-1.9877,4.0
selected_ols_av,pass,1.2544,6.0
selected_ols_av,pass,-0.1938,4.0
selected_ols_av,pass,-0.3147,0.0
selected_ols_av,pass,-2.6575,2.0
selected_ols_av,pass,0.807,8.0
selected_ols_av,pass,0.1327,2.0
selected_ols_av,pass,0.476,0.0
selected_ols_av,pass,-1.0884,2.0
selected_ols_av,pass,-0.3147,0.0
selected_ols_av,pass,-0.6457,2.0
selected_ols_av,pass,0.807,8.0
selected_ols_av,pass,-1.7628,2.0
selected_ols_av,pass,-1.2093,8.0
selected_ols_av,pass,0.0287,2.0
selected_ols_av,pass,-0.1938,2.0
selected_ols_av,pass,-1.5404,2.0
selected_ols_av,pass,1.7017,8.0
selected_ols_av,pass,-0.6411,2.0
selected_ols_av,pass,-0.762,8.0
selected_ols_av,pass,0.3597,8.0
selected_ols_av,pass,0.2535,2.0
selected_ols_av,pass,0.1327,3.0
selected_ols_av,pass,-1.9877,2.0
selected_ols_av,pass,-0.6411,4.0
selected_ols_av,pass,-2.6575,3.0
selected_ols_av,pass,0.1327,7.0
selected_ols_av,pass,0.0287,3.0
selected_ols_av,pass,-1.5357,5.0
selected_ols_av,pass,0.1327,8.0
selected_ols_av,pass,-1.093,5.0
selected_ols_av,pass,1.2544,5.0
selected_ols_av,pass,-1.2093,1.0
selected_ols_av,pass,0.476,5.0
selected_ols_av,pass,-2.2101,1.0
selected_ols_av,pass,1.7017,9.0
selected_ols_av,pass,0.0287,4.0
selected_ols_av,pass,-0.1938,0.0
selected_ols_av,pass,-2.2101,4.0
selected_ols_av,pass,-0.762,6.0
selected_ols_av,pass,0.807,5.0
selected_ols_av,pass,-0.1938,5.0
selected_ols_av,pass,-0.3147,2.0
selected_ols_av,pass,-1.5404,5.0
selected_ols_av,pass,-3.1048,5.0
selected_ols_av,pass,-0.762,5.0
selected_ols_av,pass,0.0287,5.0
selected_ols_av,pass,0.7008,0.0
selected_ols_av,pass,0.476,0.0
selected_ols_av,pass,-0.6411,0.0
selected_ols_av,pass,-1.0884,0.0
selected_ols_av,pass,-0.3147,0.0
selected_ols_av,pass,0.1327,0.0
selected_ols_av,pass,0.0287,0.0
selected_ols_av,pass,-1.0884,0.0
selected_ols_av,pass,-0.6411,0.0
selected_ols_av,pass,0.9233,0.0
selected_ols_av,pass,-2.2101,3.0
selected_ols_av,pass,0.807,7.0
selected_ols_av,pass,-0.762,3.0
selected_ols_av,pass,0.0287,0.0
selected_ols_av,pass,-0.1938,0.0
selected_ols_av,pass,-1.0884,0.0
selected_ols_av,pass,-0.3147,0.0
selected_ols_av,pass,-0.762,2.0
selected_ols_av,pass,-1.093,1.0
selected_ols_av,pass,1.7017,9.0
selected_ols_av,pass,-1.0884,1.0
selected_ols_av,pass,-1.0884,0.0
selected_ols_av,pass,-0.3147,2.0
selected_ols_av,pass,0.476,8.0
selected_ols_av,pass,-0.6411,2.0
selected_ols_av,pass,0.58,4.0
selected_ols_av,pass,-1.5404,3.0
selected_ols_av,pass,0.807,7.0
selected_ols_av,pass,-1.0884,3.0
selected_ols_av,pass,0.476,7.0
selected_ols_av,pass,-2.2101,3.0
selected_ols_av,pass,1.2544,8.0
selected_ols_av,pass,-0.762,3.0
selected_ols_av,pass,-0.762,0.0
selected_ols_av,pass,0.0287,0.0
selected_ols_av,pass,-1.0884,0.0
selected_ols_av,pass,0.2535,0.0
selected_ols_av,pass,0.1327,5.0
selected_ols_av,pass,-1.9877,5.0
selected_ols_av,pass,1.2544,5.0
selected_ols_av,pass,-0.6411,4.0
selected_ols_av,pass,-0.4187,0.0
selected_ols_av,pass,-1.7628,4.0
selected_ols_av,pass,1.7017,6.0
selected_ols_av,pass,-0.762,4.0
selected_ols_av,pass,-0.4187,5.0
selected_ols_av,pass,-0.1938,5.0
selected_ols_av,pass,-0.6411,0.0
selected_ols_av,pass,-0.3147,5.0
selected_ols_av,pass,0.807,4.0
selected_ols_av,pass,-0.3147,6.0
selected_ols_av,pass,-0.866,5.0
selected_ols_av,pass,-0.8682,6.0
selected_ols_av,pass,0.58,6.0
selected_ols_av,pass,-0.4187,0.0
selected_ols_av,pass,-2.2101,6.0
selected_ols_av,pass,0.807,4.0
selected_ols_av,pass,0.58,0.0
selected_ols_av,pass,0.0287,0.0
selected_ols_av,pass,-1.5357,0.0
selected_ols_av,pass,-0.6411,0.0
selected_ols_av,pass,-2.6575,3.0
selected_ols_av,pass,2.149,6.0
selected_ols_av,pass,-0.3147,3.0
selected_ols_av,pass,-0.4187,5.0
selected_ols_av,pass,-0.4187,0.0
selected_ols_av,pass,-0.6411,0.0
selected_ols_av,pass,-0.6411,0.0
selected_ols_av,pass,0.1327,0.0
selected_ols_av,pass,-1.9877,2.0
selected_ols_av,pass,1.7017,8.0
selected_ols_av,pass,-0.6411,2.0
selected_ols_av,pass,-0.3147,5.0
selected_ols_av,pass,0.58,7.0
selected_ols_av,pass,-2.435,4.0
selected_ols_av,pass,0.807,6.0
selected_ols_av,pass,-0.1938,4.0
selected_ols_av,pass,-0.3147,4.0
selected_ols_av,pass,0.0287,0.0
selected_ols_av,pass,-2.2101,4.0
selected_ols_av,pass,1.2544,6.0
selected_ols_av,pass,-0.4187,5.0
selected_ols_av,pass,-2.2101,5.0
selected_ols_av,pass,1.2544,5.0
selected_ols_av,pass,0.1327,5.0
selected_ols_av,pass,-1.2093,1.0
selected_ols_av,pass,-1.5404,2.0
selected_ols_av,pass,2.149,8.0
selected_ols_av,pass,-0.6411,2.0
selected_ols_av,pass,2.149,8.0
selected_ols_av,pass,-1.5357,2.0
selected_ols_av,pass,-0.762,0.0
selected_ols_av,pass,-1.093,2.0
selected_ols_av,pass,-0.3147,3.0
selected_ols_av,pass,-0.4187,7.0
selected_ols_av,pass,-1.0884,3.0
selected_ols_av,pass,0.2535,0.0
selected_ols_av,pass,-1.0884,4.0
selected_ols_av,pass,-2.2101,3.0
selected_ols_av,pass,0.1327,7.0
selected_ols_av,pass,0.0287,3.0
selected_ols_av,pass,-0.762,0.0
selected_ols_av,pass,0.0287,0.0
selected_ols_av,pass,-0.1938,0.0
selected_ols_av,pass,-0.6411,0.0
selected_ols_av,pass,-0.3147,4.0
selected_ols_av,pass,0.0287,6.0
selected_ols_av,pass,-1.5357,4.0
selected_ols_av,pass,0.2535,0.0
selected_ols_av,pass,2.149,6.0
selected_ols_av,pass,-1.0884,4.0
selected_ols_av,pass,-1.2093,0.0
selected_ols_av,pass,-1.093,4.0
selected_ols_av,pass,-0.1938,0.0
selected_ols_av,pass,-0.6411,0.0
selected_ols_av,pass,-1.2093,0.0
selected_ols_av,pass,0.476,0.0
selected_ols_av,pass,0.476,3.0
selected_ols_av,pass,-3.1048,2.0
selected_ols_av,pass,1.7017,8.0
selected_ols_av,pass,-0.3147,2.0
selected_ols_av,pass,0.58,0.0
selected_ols_av,pass,-1.9877,3.0
selected_ols_av,pass,0.807,7.0
selected_ols_av,pass,-0.6411,3.0
selected_ols_av,pass,-0.762,5.0
selected_ols_av,pass,-0.4187,5.0
selected_ols_av,pass,-0.1938,0.0
selected_ols_av,pass,-1.7628,5.0
selected_ols_av,pass,0.1327,0.0
selected_ols_av,pass,0.0287,0.0
selected_ols_av,pass,-0.6411,0.0
selected_ols_av,pass,-1.0884,0.0
selected_ols_av,pass,-0.1938,5.0
selected_ols_av,pass,-1.0884,0.0
selected_ols_av,pass,0.1327,5.0
selected_ols_av,pass,-0.4187,5.0
selected_ols_av,pass,-1.093,3.0
selected_ols_av,pass,0.807,7.0
selected_ols_av,pass,-1.5357,3.0
selected_ols_av,pass,0.58,4.0
selected_ols_av,pass,0.0287,0.0
selected_ols_av,pass,-2.2101,4.0
selected_ols_av,pass,1.2544,6.0
selected_ols_av,pass,-0.3147,4.0
selected_ols_av,pass,-0.762,3.0
selected_ols_av,pass,0.476,7.0
selected_ols_av,pass,-1.0884,3.0
selected_ols_av,pass,-0.1938,0.0
selected_ols_av,pass,-1.0884,0.0
selected_ols_av,pass,-0.6411,0.0
selected_ols_av,pass,0.58,0.0
selected_ols_av,pass,-0.4187,0.0
selected_ols_av,pass,-0.762,3.0
selected_ols_av,pass,0.0287,0.0
selected_ols_av,pass,-2.2101,3.0
selected_ols_av,pass,1.7017,7.0
selected_ols_av,pass,-0.3147,3.0
selected_ols_av,pass,-0.4187,7.0
selected_ols_av,pass,-0.6411,3.0
selected_ols_av,pass,-0.1938,0.0
selected_ols_av,pass,0.58,2.0
selected_ols_av,pass,-1.5404,8.0
selected_ols_av,pass,0.3597,2.0
selected_ols_av,pass,-0.6411,6.0
selected_ols_av,pass,0.58,3.0
selected_ols_av,pass,0.0287,0.0
selected_ols_av,pass,-2.6575,3.0
selected_ols_av,pass,0.807,7.0
selected_ols_av,pass,1.2544,8.0
selected_ols_av,pass,-1.5357,2.0
selected_ols_av,pass,0.1327,0.0
selected_ols_av,pass,-1.093,2.0
selected_ols_av,pass,-0.762,5.0
selected_ols_av,pass,0.0287,5.0
selected_ols_av,pass,-0.1938,0.0
selected_ols_av,pass,-2.2101,5.0
selected_ols_av,pass,-1.0884,0.0
selected_ols_av,pass,-2.2101,4.0
selected_ols_av,pass,0.1327,6.0
selected_ols_av,pass,0.0287,4.0
selected_ols_av,pass,1.2544,9.0
selected_ols_av,pass,-1.0884,1.0
selected_ols_av,pass,0.1327,0.0
selected_ols_av,pass,-1.5404,1.0
selected_ols_av,pass,-0.3147,2.0
selected_ols_av,pass,-1.9877,3.0
selected_ols_av,pass,1.2544,7.0
selected_ols_av,pass,-0.1938,3.0
selected_ols_av,pass,-1.5404,4.0
selected_ols_av,pass,1.7017,6.0
selected_ols_av,pass,-2.2101,4.0
selected_ols_av,pass,-0.762,6.0
selected_ols_av,pass,-0.3147,2.0
selected_ols_av,pass,-1.5404,3.0
selected_ols_av,pass,0.807,7.0
selected_ols_av,pass,-0.1938,3.0
selected_ols_av,pass,-2.2101,1.0
selected_ols_av,pass,-0.3147,3.0
selected_ols_av,pass,0.476,7.0
selected_ols_av,pass,-1.0884,3.0
selected_ols_av,pass,-0.762,2.0
selected_ols_av,pass,1.3706,0.0
selected_ols_av,pass,-3.1048,2.0
selected_ols_av,pass,1.2544,8.0
selected_ols_av,pass,-0.3147,0.0
selected_ols_av,pass,-1.093,2.0
selected_ols_av,pass,1.2544,8.0
selected_ols_av,pass,-1.0884,2.0
selected_ols_av,pass,2.149,6.0
selected_ols_av,pass,-0.762,3.0
selected_ols_av,pass,0.0287,7.0
selected_ols_av,pass,-2.6575,3.0
selected_ols_av,pass,-1.0884,0.0
selected_ols_av,pass,-0.3147,0.0
selected_ols_av,pass,0.0287,0.0
selected_ols_av,pass,-0.1938,0.0
selected_ols_av,pass,-1.5404,0.0
selected_ols_av,pass,1.2544,10.0
selected_ols_av,pass,-1.5357,0.0
selected_ols_av,pass,0.58,3.0
selected_ols_av,pass,0.476,0.0
selected_ols_av,pass,-0.1938,0.0
selected_ols_av,pass,-1.5357,0.0
selected_ols_av,pass,-0.3147,0.0
selected_ols_av,pass,-2.6575,1.0
selected_ols_av,pass,1.2544,9.0
selected_ols_av,pass,-0.762,1.0
selected_ols_av,pass,0.9233,9.0
selected_ols_av,pass,0.476,4.0
selected_ols_av,pass,-0.6411,0.0
selected_ols_av,pass,-1.7628,4.0
selected_ols_av,pass,-1.2093,6.0
selected_ols_av,pass,0.1327,0.0
selected_ols_av,pass,-1.5404,2.0
selected_ols_av,pass,1.2544,8.0
selected_ols_av,pass,-1.0884,2.0
selected_ols_av,pass,-0.1938,4.0
selected_ols_av,pass,-0.762,2.0
selected_ols_av,pass,-1.093,6.0
selected_ols_av,pass,0.807,4.0
selected_ols_av,pass,-1.5404,2.0
selected_ols_av,pass,1.2544,8.0
selected_ols_av,pass,-1.5357,2.0
selected_ols_av,pass,0.58,3.0
selected_ols_av,pass,0.1327,5.0
selected_ols_av,pass,-0.866,5.0
selected_ols_av,pass,-0.1938,5.0
selected_ols_av,pass,-0.6411,0.0
selected_ols_av,pass,0.2535,0.0
selected_ols_av,pass,-0.762,4.0
selected_ols_av,pass,0.476,6.0
selected_ols_av,pass,-1.5357,4.0
selected_ols_av,pass,-1.5404,2.0
selected_ols_av,pass,1.2544,8.0
selected_ols_av,pass,-0.1938,2.0
selected_ols_av,pass,-0.762,0.0
selected_ols_av,pass,0.1327,6.0
selected_ols_av,pass,-0.4187,4.0
selected_ols_av,pass,-3.1048,4.0
selected_ols_av,pass,0.58,4.0
selected_ols_av,pass,0.1327,8.0
selected_ols_av,pass,-1.9877,2.0
selected_ols_av,pass,0.807,8.0
selected_ols_av,pass,-0.1938,2.0
selected_ols_av,pass,-0.1938,0.0
selected_ols_av,pass,-0.762,3.0
selected_ols_av,pass,-0.4187,7.0
selected_ols_av,pass,-0.1938,3.0
selected_ols_av,pass,0.58,3.0
selected_ols_av,pass,0.476,0.0
selected_ols_av,pass,-2.6575,3.0
selected_ols_av,pass,0.3597,7.0
selected_ols_av,pass,-2.6575,3.0
selected_ols_av,pass,0.807,7.0
selected_ols_av,pass,0.58,3.0
selected_ols_av,pass,0.0287,0.0
selected_ols_av,pass,-0.4187,0.0
selected_ols_av,pass,-0.6411,0.0
selected_ols_av,pass,-1.0884,0.0
selected_ols_av,pass,0.58,0.0
selected_ols_av,pass,-0.1938,0.0
selected_ols_av,pass,-0.1938,0.0
selected_ols_av,pass,-1.2093,0.0
selected_ols_av,pass,0.0287,0.0
selected_ols_av,pass,1.2544,6.0
selected_ols_av,pass,-1.2093,4.0
selected_ols_av,pass,0.476,4.0
selected_ols_av,pass,-1.7628,4.0
selected_ols_av,pass,-1.5404,2.0
selected_ols_av,pass,0.3597,8.0
selected_ols_av,pass,-0.6411,2.0
selected_ols_av,pass,0.58,9.0
selected_ols_av,pass,-0.6411,5.0
selected_ols_av,pass,-1.0884,0.0
selected_ols_av,pass,0.58,5.0
selected_ols_av,pass,-0.4187,5.0
selected_ols_av,pass,0.1327,0.0
selected_ols_av,pass,-1.9877,1.0
selected_ols_av,pass,1.7017,9.0
selected_ols_av,pass,-1.0884,1.0
selected_ols_av,pass,-0.1938,2.0
selected_ols_av,pass,-0.3147,6.0
selected_ols_av,pass,-2.435,2.0
selected_ols_av,pass,1.7017,8.0
selected_ols_av,pass,-1.2093,4.0
selected_ols_av,pass,0.476,6.0
selected_ols_av,pass,0.2535,4.0
selected_ols_av,pass,-2.6575,3.0
selected_ols_av,pass,-0.1938,1.0
selected_ols_av,pass,-1.7628,2.0
selected_ols_av,pass,-0.762,8.0
selected_ols_av,pass,-0.4187,2.0
selected_ols_av,pass,-2.6575,5.0
selected_ols_av,pass,-1.2093,3.0
selected_ols_av,pass,0.9233,7.0
selected_ols_av,pass,-0.1938,3.0
selected_ols_av,pass,-1.0884,1.0
selected_ols_av,pass,0.1327,0.0
selected_ols_av,pass,-1.5404,1.0
selected_ols_av,pass,1.2544,9.0
selected_ols_av,pass,-0.1938,0.0
selected_ols_av,pass,-0.6411,0.0
selected_ols_av,pass,-0.762,0.0
selected_ols_av,pass,0.0287,0.0
selected_ols_av,pass,0.807,5.0
selected_ols_av,pass,-1.7628,4.0
selected_ols_av,pass,-0.3147,6.0
selected_ols_av,pass,-1.5404,4.0
selected_ols_av,pass,-0.762,4.0
selected_ols_av,pass,0.0287,6.0
selected_ols_av,pass,-2.2101,4.0
selected_ols_av,pass,1.7017,8.0
selected_ols_av,pass,-0.762,5.0
selected_ols_av,pass,0.3597,5.0
selected_ols_av,pass,0.1327,4.0
selected_ols_av,pass,-0.6457,4.0
selected_ols_av,pass,-0.3147,4.0
selected_ols_av,pass,-0.4187,6.0
selected_ols_av,pass,-0.6411,4.0
selected_ols_av,pass,-0.1938,0.0
selected_ols_av,pass,2.149,7.0
selected_ols_av,pass,-1.5357,3.0
selected_ols_av,pass,-0.3147,3.0
selected_ols_av,pass,-1.5404,3.0
selected_ols_av,pass,-1.093,4.0
selected_ols_av,pass,1.2544,6.0
selected_ols_av,pass,-0.6411,4.0
selected_ols_av,pass,-0.762,5.0
selected_ols_av,pass,-0.4187,0.0
selected_ols_av,pass,-1.0884,0.0
selected_ols_av,pass,-0.1938,0.0
selected_ols_av,pass,0.1327,0.0
selected_ols_av,pass,-0.762,4.0
selected_ols_av,pass,0.0287,0.0
selected_ols_av,pass,-1.7628,4.0
selected_ols_av,pass,1.2544,6.0
selected_ols_av,pass,-0.6411,5.0
selected_ols_av,pass,1.0273,0.0
selected_ols_av,pass,-1.9877,5.0
selected_ols_av,pass,0.3597,5.0
selected_ols_av,pass,-0.762,3.0
selected_ols_av,pass,-0.762,7.0
selected_ols_av,pass,-0.4187,3.0
selected_ols_av,pass,-0.8682,3.0
selected_ols_av,pass,-0.1938,3.0
selected_ols_av,pass,0.1327,4.0
selected_ols_av,pass,-1.9877,3.0
selected_ols_av,pass,0.807,7.0
selected_ols_av,pass,1.2544,6.0
selected_ols_av,pass,0.1327,4.0
selected_ols_av,pass,-0.866,0.0
selected_ols_av,pass,-1.7628,4.0
selected_ols_av,pass,-0.3147,3.0
selected_ols_av,pass,0.0287,7.0
selected_ols_av,pass,-0.1938,3.0
selected_ols_av,pass,-1.0884,0.0
selected_ols_av,pass,-0.6411,0.0
selected_ols_av,pass,-0.1938,0.0
selected_ols_av,pass,-0.3147,0.0
selected_ols_av,pass,-0.4187,0.0
selected_ols_av,pass,-1.0884,0.0
selected_ols_av,pass,-0.3147,0.0
selected_ols_av,pass,0.0287,0.0
selected_ols_av,pass,-0.1938,0.0
selected_ols_av,pass,0.9233,0.0
selected_ols_av,pass,-2.2101,4.0
selected_ols_av,pass,1.2544,6.0
selected_ols_av,pass,-1.2093,4.0
selected_ols_av,pass,-0.3147,3.0
selected_ols_av,pass,0.476,7.0
selected_ols_av,pass,-2.6575,3.0
selected_ols_av,pass,1.2544,7.0
selected_ols_av,pass,0.807,6.0
selected_ols_av,pass,-0.762,4.0
selected_ols_av,pass,1.3706,5.0
selected_ols_av,pass,-2.6575,4.0
selected_ols_av,pass,-1.2093,0.0
selected_ols_av,pass,0.9233,0.0
selected_ols_av,pass,-1.0884,0.0
selected_ols_av,pass,-0.1938,0.0
selected_ols_av,pass,-0.6411,2.0
selected_ols_av,pass,-0.3147,0.0
selected_ols_av,pass,-1.5404,2.0
selected_ols_av,pass,1.2544,8.0
selected_ols_av,pass,-1.5404,5.0
selected_ols_av,pass,1.7017,5.0
selected_ols_av,pass,-1.0884,5.0
selected_ols_av,pass,-0.3147,1.0
selected_ols_av,pass,-2.6575,2.0
selected_ols_av,pass,0.807,8.0
selected_ols_av,pass,-0.3147,2.0
selected_ols_av,pass,0.9233,8.0
selected_ols_av,pass,-1.7628,4.0
selected_ols_av,pass,0.3597,6.0
selected_ols_av,pass,0.58,4.0
selected_ols_av,pass,-0.4187,0.0
selected_ols_av,pass,1.7017,8.0
selected_ols_av,pass,0.58,1.0
selected_ols_av,pass,-0.866,9.0
selected_ols_av,pass,-2.6575,1.0
selected_ols_av,pass,-2.6575,2.0
selected_ols_av,pass,1.2544,9.0
selected_ols_av,pass,-0.762,2.0
selected_ols_av,pass,0.9233,8.0
selected_ols_av,pass,-1.0884,1.0
selected_ols_av,pass,-0.762,2.0
selected_ols_av,pass,-1.5404,1.0
selected_ols_av,pass,2.149,9.0
selected_ols_av,pass,-0.1938,3.0
selected_ols_av,pass,-0.762,0.0
selected_ols_av,pass,-1.093,3.0
selected_ols_av,pass,0.807,7.0
selected_ols_av,pass,-0.1938,0.0
selected_ols_av,pass,-1.0884,0.0
selected_ols_av,pass,-0.3147,0.0
selected_ols_av,pass,0.0287,0.0
selected_ols_av,pass,-1.093,5.0
selected_ols_av,pass,0.3597,5.0
selected_ols_av,pass,-0.1938,5.0
selected_ols_av,pass,-0.3147,3.0
selected_ols_av,pass,-0.3147,4.0
selected_ols_av,pass,0.476,6.0
selected_ols_av,pass,-2.6575,4.0
selected_ols_av,pass,1.2544,7.0
selected_ols_av,pass,-0.3147,0.0
selected_ols_av,pass,0.0287,0.0
selected_ols_av,pass,-0.6411,0.0
selected_ols_av,pass,-0.6411,0.0
selected_ols_av,pass,0.807,5.0
selected_ols_av,pass,-0.3147,5.0
selected_ols_av,pass,0.0287,0.0
selected_ols_av,pass,-1.7628,5.0
selected_ols_av,pass,-0.6411,0.0
selected_ols_av,pass,-0.3147,0.0
selected_ols_av,pass,-0.4187,0.0
selected_ols_av,pass,-0.1938,0.0
selected_ols_av,pass,0.807,7.0
selected_ols_av,pass,0.1327,3.0
selected_ols_av,pass,-1.093,6.0
selected_ols_av,pass,-0.762,3.0
selected_ols_av,pass,-1.5404,2.0
selected_ols_av,pass,1.7017,8.0
selected_ols_av,pass,-0.6411,2.0
selected_ols_av,pass,-0.762,3.0
selected_ols_av,pass,-1.7628,4.0
selected_ols_av,pass,0.3597,6.0
selected_ols_av,pass,-0.3147,4.0
selected_ols_av,pass,0.476,5.0
selected_ols_av,pass,-2.6575,2.0
selected_ols_av,pass,1.7017,8.0
selected_ols_av,pass,-1.2093,2.0
selected_ols_av,pass,0.9233,0.0
selected_ols_av,pass,0.58,7.0
selected_ols_av,pass,-0.866,3.0
selected_ols_av,pass,-0.1938,0.0
selected_ols_av,pass,-2.6575,3.0
selected_ols_av,pass,-0.1938,0.0
selected_ols_av,pass,-0.762,0.0
selected_ols_av,pass,0.476,0.0
selected_ols_av,pass,-1.0884,0.0
selected_ols_av,pass,-0.4187,2.0
selected_ols_av,pass,-1.3155,5.0
selected_ols_av,pass,-0.762,2.0
selected_ols_av,pass,-0.3147,8.0
selected_ols_av,pass,-0.6411,4.0
selected_ols_av,pass,-0.762,6.0
selected_ols_av,pass,-1.9877,4.0
selected_ols_av,pass,2.149,6.0
selected_ols_av,pass,-0.3147,1.0
selected_ols_av,pass,0.476,0.0
selected_ols_av,pass,-2.2101,1.0
selected_ols_av,pass,0.807,9.0
selected_ols_av,pass,-0.6411,0.0
selected_ols_av,pass,-0.6411,0.0
selected_ols_av,pass,-0.3147,0.0
selected_ols_av,pass,0.0287,0.0
selected_ols_av,pass,1.7017,9.0
selected_ols_av,pass,-0.762,1.0
selected_ols_av,pass,0.9233,0.0
selected_ols_av,pass,-3.1048,1.0
selected_ols_av,pass,0.1327,7.0
selected_ols_av,pass,0.476,3.0
selected_ols_av,pass,-1.5357,5.0
selected_ols_av,pass,-2.2101,3.0
selected_ols_av,pass,1.2544,8.0
selected_ols_av,pass,-0.3147,3.0
selected_ols_av,pass,0.476,7.0
selected_ols_av,pass,-2.6575,3.0
selected_ols_av,pass,0.0287,5.0
selected_ols_av,pass,-2.6575,4.0
selected_ols_av,pass,1.7017,6.0
selected_ols_av,pass,-0.3147,4.0
selected_ols_av,pass,-1.0884,0.0
selected_ols_av,pass,0.1327,0.0
selected_ols_av,pass,0.0287,0.0
selected_ols_av,pass,-0.6411,0.0
selected_ols_av,pass,-1.2093,6.0
selected_ols_av,pass,0.0287,4.0
selected_ols_av,pass,0.2535,0.0
selected_ols_av,pass,-2.2101,4.0
selected_ols_av,pass,0.1327,3.0
selected_ols_av,pass,0.476,7.0
selected_ols_av,pass,-1.0884,3.0
selected_ols_av,pass,-1.0884,0.0
selected_ols_av,pass,-1.3155,3.0
selected_ols_av,pass,1.2544,7.0
selected_ols_av,pass,-0.3147,3.0
selected_ols_av,pass,-0.866,6.0
selected_ols_av,pass,-0.3147,7.0
selected_ols_av,pass,0.0287,3.0
selected_ols_av,pass,-1.0884,0.0
selected_ols_av,pass,-1.7628,3.0
selected_ols_av,pass,-2.6575,4.0
selected_ols_av,pass,0.1327,6.0
selected_ols_av,pass,0.0287,4.0
selected_ols_av,pass,-0.6411,0.0
selected_ols_av,pass,0.476,0.0
selected_ols_av,pass,-1.0884,0.0
selected_ols_av,pass,-0.6411,0.0
selected_ols_av,pass,-0.3147,0.0
selected_ols_av,pass,-0.6411,4.0
selected_ols_av,pass,1.0273,0.0
selected_ols_av,pass,-2.435,4.0
selected_ols_av,pass,0.807,6.0
selected_ols_av,pass,1.7017,8.0
selected_ols_av,pass,-0.3147,2.0
selected_ols_av,pass,0.0287,0.0
selected_ols_av,pass,-2.6575,2.0
selected_ols_av,pass,-0.3147,7.0
selected_ols_av,pass,-0.4187,6.0
selected_ols_av,pass,-1.3155,7.0
selected_ols_av,pass,0.807,3.0
selected_ols_av,pass,-1.0884,4.0
selected_ols_av,pass,-0.762,5.0
selected_ols_av,pass,-0.6457,4.0
selected_ols_av,pass,1.2544,6.0
selected_ols_av,pass,-1.0884,0.0
selected_ols_av,pass,-1.3155,5.0
selected_ols_av,pass,-0.3147,5.0
selected_ols_av,pass,-0.4187,5.0
selected_ols_av,pass,0.1327,2.0
selected_ols_av,pass,-0.4187,8.0
selected_ols_av,pass,-1.0884,2.0
selected_ols_av,pass,-0.1938,0.0
selected_ols_av,pass,-0.1938,0.0
selected_ols_av,pass,-0.3147,0.0
selected_ols_av,pass,0.0287,0.0
selected_ols_av,pass,-1.0884,0.0
selected_ols_av,pass,0.0287,3.0
selected_ols_av,pass,-1.3155,5.0
selected_ols_av,pass,0.3597,5.0
selected_ols_av,pass,-0.3147,5.0
selected_ols_av,pass,0.807,5.0
selected_ols_av,pass,-0.3147,5.0
selected_ols_av,pass,0.0287,0.0
selected_ols_av,pass,-1.7628,5.0
selected_ols_av,pass,-0.6411,0.0
selected_ols_av,pass,0.58,4.0
selected_ols_av,pass,-0.4187,6.0
selected_ols_av,pass,-1.0884,4.0
selected_ols_av,pass,-1.5357,3.0
selected_ols_av,pass,-0.6411,0.0
selected_ols_av,pass,0.1327,3.0
selected_ols_av,pass,0.476,7.0
selected_ols_av,pass,1.2544,7.0
selected_ols_av,pass,-0.3147,3.0
selected_ols_av,pass,0.0287,0.0
selected_ols_av,pass,-2.2101,3.0
selected_ols_av,pass,-2.435,3.0
selected_ols_av,pass,1.2544,7.0
selected_ols_av,pass,-1.7628,3.0
selected_ols_av,pass,0.1327,7.0
selected_ols_av,pass,0.807,7.0
selected_ols_av,pass,-0.6411,3.0
selected_ols_av,pass,0.58,4.0
selected_ols_av,pass,-1.9877,3.0
selected_ols_av,pass,-0.3147,4.0
selected_ols_av,pass,-0.6457,4.0
selected_ols_av,pass,-0.762,4.0
selected_ols_av,pass,0.807,6.0
selected_ols_av,pass,0.3597,5.0
selected_ols_av,pass,-0.3147,5.0
selected_ols_av,pass,-0.6457,5.0
selected_ols_av,pass,-0.3147,5.0
selected_ols_av,pass,-0.1938,5.0
selected_ols_av,pass,-0.3147,0.0
selected_ols_av,pass,-1.5404,5.0
selected_ols_av,pass,0.807,5.0
selected_ols_av,pass,0.0287,0.0
selected_ols_av,pass,-2.2101,5.0
selected_ols_av,pass,1.7017,5.0
selected_ols_av,pass,-0.762,5.0
selected_ols_av,pass,-1.9877,1.0
selected_ols_av,pass,2.149,9.0
selected_ols_av,pass,-1.0884,1.0
selected_ols_av,pass,-0.3147,6.0
selected_ols_av,pass,-0.6411,4.0
selected_ols_av,pass,-0.6411,0.0
selected_ols_av,pass,-0.3147,4.0
selected_ols_av,pass,0.0287,6.0
selected_ols_av,pass,0.1327,0.0
selected_ols_av,pass,-1.5404,1.0
selected_ols_av,pass,0.807,9.0
selected_ols_av,pass,-0.6411,1.0
selected_ols_av,pass,-1.5357,0.0
selected_ols_av,pass,-0.6411,0.0
selected_ols_av,pass,0.1327,0.0
selected_ols_av,pass,0.476,0.0
selected_ols_av,pass,-0.6411,5.0
selected_ols_av,pass,0.2535,0.0
selected_ols_av,pass,-0.762,5.0
selected_ols_av,pass,-0.4187,5.0
selected_ols_av,pass,-1.093,2.0
selected_ols_av,pass,-0.3147,4.0
selected_ols_av,pass,0.807,6.0
selected_ols_av,pass,-0.3147,4.0
selected_ols_av,pass,-0.6411,2.0
selected_ols_av,pass,-0.3147,9.0
selected_ols_av,pass,-1.5404,2.0
selected_ols_av,pass,1.2544,8.0
selected_ols_av,pass,-0.1938,0.0
selected_ols_av,pass,-1.7628,2.0
selected_ols_av,pass,-0.3147,8.0
selected_ols_av,pass,-0.866,2.0
selected_ols_av,pass,-1.5357,0.0
selected_ols_av,pass,-1.7628,2.0
selected_ols_av,pass,0.1327,8.0
selected_ols_av,pass,0.0287,2.0
selected_ols_av,pass,-1.0884,1.0
selected_ols_av,pass,-2.2101,3.0
selected_ols_av,pass,-0.762,7.0
selected_ols_av,pass,0.9233,3.0
selected_ols_av,pass,0.0287,3.0
selected_ols_av,pass,-0.1938,0.0
selected_ols_av,pass,-2.6575,3.0
selected_ols_av,pass,-0.3147,7.0
selected_ols_av,pass,0.2535,6.0
selected_ols_av,pass,-0.3147,3.0
selected_ols_av,pass,-1.9877,6.0
selected_ols_av,pass,0.807,4.0
selected_ols_av,pass,-0.3147,2.0
selected_ols_av,pass,-1.093,6.0
selected_ols_av,pass,-0.762,2.0
selected_ols_av,pass,1.2544,8.0
selected_ols_av,pass,0.807,7.0
selected_ols_av,pass,-0.762,3.0
selected_ols_av,pass,0.0287,3.0
selected_ols_av,pass,-1.3155,3.0
selected_ols_av,pass,-0.3147,8.0
selected_ols_av,pass,-1.093,2.0
selected_ols_av,pass,1.2544,7.0
selected_ols_av,pass,-2.6575,2.0
selected_ols_av,pass,-0.866,8.0
selected_ols_av,pass,-1.7628,2.0
selected_ols_av,pass,2.149,9.0
selected_ols_av,pass,-0.762,2.0
selected_ols_av,pass,0.476,0.0
selected_ols_av,pass,-0.6411,0.0
selected_ols_av,pass,-1.0884,0.0
selected_ols_av,pass,-0.3147,0.0
selected_ols_av,pass,0.0287,3.0
selected_ols_av,pass,-2.2101,1.0
selected_ols_av,pass,1.7017,9.0
selected_ols_av,pass,-0.762,1.0
selected_ols_av,pass,0.0287,0.0
selected_ols_av,pass,-1.5357,0.0
selected_ols_av,pass,-0.1938,0.0
selected_ols_av,pass,0.1327,0.0
selected_ols_av,pass,-0.6411,0.0
selected_ols_av,pass,0.58,3.0
selected_ols_av,pass,-0.4187,7.0
selected_ols_av,pass,-1.0884,3.0
selected_ols_av,pass,0.58,4.0
selected_ols_av,pass,-1.093,5.0
selected_ols_av,pass,0.3597,5.0
selected_ols_av,pass,-1.0884,5.0
selected_ols_av,pass,-0.4187,4.0
selected_ols_av,pass,-0.1938,6.0
selected_ols_av,pass,-1.0884,0.0
selected_ols_av,pass,0.1327,6.0
selected_ols_av,pass,-1.0884,2.0
selected_ols_av,pass,-0.1938,0.0
selected_ols_av,pass,-0.762,2.0
selected_ols_av,pass,0.476,8.0
selected_ols_av,pass,-1.2093,4.0
selected_ols_av,pass,-1.9877,3.0
selected_ols_av,pass,1.2544,7.0
selected_ols_av,pass,0.7008,3.0
selected_ols_av,pass,-0.762,0.0
selected_ols_av,pass,-1.5404,3.0
selected_ols_av,pass,1.2544,7.0
selected_ols_av,pass,-0.1938,3.0
selected_ols_av,pass,-1.0884,3.0
selected_ols_av,pass,0.1327,5.0
selected_ols_av,pass,-1.5404,3.0
selected_ols_av,pass,1.2544,7.0
selected_ols_av,pass,-0.866,4.0
selected_ols_av,pass,-0.6411,0.0
selected_ols_av,pass,-0.8682,4.0
selected_ols_av,pass,-0.762,6.0
selected_ols_av,pass,-1.5404,2.0
selected_ols_av,pass,0.807,8.0
selected_ols_av,pass,-0.6411,2.0
selected_ols_av,pass,0.1327,6.0
selected_ols_av,pass,0.0287,7.0
selected_ols_av,pass,-2.2101,3.0
selected_ols_av,pass,0.807,7.0
selected_ols_av,pass,0.1327,3.0
selected_ols_av,pass,-0.1938,3.0
selected_ols_av,pass,0.2535,0.0
selected_ols_av,pass,-0.762,3.0
selected_ols_av,pass,-0.866,7.0
selected_ols_av,pass,0.9233,0.0
selected_ols_av,pass,-1.0884,0.0
selected_ols_av,pass,-0.6411,0.0
selected_ols_av,pass,-0.762,0.0
selected_ols_av,pass,-0.866,7.0
selected_ols_av,pass,-0.1938,3.0
selected_ols_av,pass,-0.1938,0.0
selected_ols_av,pass,-0.3147,3.0
selected_ols_av,pass,-2.6575,3.0
selected_ols_av,pass,0.3597,7.0
selected_ols_av,pass,1.0273,3.0
selected_ols_av,pass,0.0287,6.0
selected_ols_av,pass,2.149,7.0
selected_ols_av,pass,0.1327,3.0
selected_ols_av,pass,-0.4187,0.0
selected_ols_av,pass,-3.1048,3.0
selected_ols_av,pass,-0.762,3.0
selected_ols_av,pass,0.476,4.0
selected_ols_av,pass,-1.7628,3.0
selected_ols_av,pass,0.807,7.0
selected_ols_av,pass,-2.6575,3.0
selected_ols_av,pass,1.2544,7.0
selected_ols_av,pass,-0.3147,3.0
selected_ols_av,pass,0.476,0.0
selected_ols_av,pass,0.807,7.0
selected_ols_av,pass,-0.1938,3.0
selected_ols_av,pass,0.1327,4.0
selected_ols_av,pass,-1.9877,3.0
selected_ols_av,pass,0.807,7.0
selected_ols_av,pass,-0.762,3.0
selected_ols_av,pass,1.3706,4.0
selected_ols_av,pass,-2.6575,3.0
selected_ols_av,pass,1.2544,7.0
selected_ols_av,pass,-0.762,3.0
selected_ols_av,pass,0.0287,0.0
selected_ols_av,pass,-1.7628,3.0
selected_ols_av,pass,1.7017,7.0
selected_ols_av,pass,-0.3147,3.0
selected_ols_av,pass,-1.9877,3.0
selected_ols_av,pass,-0.3147,3.0
selected_ols_av,pass,1.2544,6.0
selected_ols_av,pass,-0.762,4.0
selected_ols_av,pass,0.0287,6.0
selected_ols_av,pass,-1.7628,4.0
selected_ols_av,pass,-0.3147,4.0
selected_ols_av,pass,0.476,0.0
selected_ols_av,pass,-2.2101,4.0
selected_ols_av,pass,0.807,6.0
selected_ols_av,pass,0.3597,6.0
selected_ols_av,pass,0.2535,4.0
selected_ols_av,pass,0.58,0.0
selected_ols_av,pass,-2.435,4.0
selected_ols_av,pass,-2.6575,2.0
selected_ols_av,pass,0.1327,3.0
selected_ols_av,pass,-0.4187,7.0
selected_ols_av,pass,-0.1938,3.0
selected_ols_av,pass,-1.5357,0.0
selected_ols_av,pass,-0.3147,0.0
selected_ols_av,pass,0.9233,0.0
selected_ols_av,pass,-0.6411,0.0
selected_ols_av,pass,-1.7628,6.0
selected_ols_av,pass,-0.762,4.0
selected_ols_av,pass,0.476,6.0
selected_ols_av,pass,-1.0884,0.0
selected_ols_av,pass,-1.0884,4.0
selected_ols_av,pass,0.1327,0.0
selected_ols_av,pass,-1.5404,4.0
selected_ols_av,pass,1.2544,6.0
selected_ols_av,pass,-1.5357,0.0
selected_ols_av,pass,-1.0884,0.0
selected_ols_av,pass,0.1327,0.0
selected_ols_av,pass,0.9233,0.0
selected_ols_av,pass,1.2544,8.0
selected_ols_av,pass,-1.0884,2.0
selected_ols_av,pass,0.58,6.0
selected_ols_av,pass,-1.9877,2.0
selected_ols_av,pass,0.476,0.0
selected_ols_av,pass,-2.2101,2.0
selected_ols_av,pass,1.2544,8.0
selected_ols_av,pass,-0.762,2.0
selected_ols_av,pass,0.1327,0.0
selected_ols_av,pass,-0.4187,0.0
selected_ols_av,pass,-1.0884,0.0
selected_ols_av,pass,-0.1938,0.0
selected_ols_av,pass,-0.6411,5.0
selected_ols_av,pass,-1.7628,4.0
selected_ols_av,pass,-0.762,5.0
selected_ols_av,pass,0.0287,5.0
selected_ols_av,pass,0.476,3.0
selected_ols_av,pass,0.2535,0.0
selected_ols_av,pass,-3.1048,3.0
selected_ols_av,pass,-0.762,7.0
selected_ols_av,pass,0.1327,0.0
selected_ols_av,pass,-2.435,4.0
selected_ols_av,pass,1.2544,6.0
selected_ols_av,pass,-0.1938,4.0
selected_ols_av,pass,-0.762,0.0
selected_ols_av,pass,-2.435,5.0
selected_ols_av,pass,2.149,5.0
selected_ols_av,pass,-0.1938,5.0
selected_ols_av,pass,1.2544,6.0
selected_ols_av,pass,-0.6411,4.0
selected_ols_av,pass,-0.3147,0.0
selected_ols_av,pass,-1.5404,4.0
selected_ols_av,pass,-0.6411,0.0
selected_ols_av,pass,-2.2101,3.0
selected_ols_av,pass,-0.3147,7.0
selected_ols_av,pass,0.0287,3.0
selected_ols_av,pass,1.2544,8.0
selected_ols_av,pass,-0.6411,2.0
selected_ols_av,pass,0.1327,0.0
selected_ols_av,pass,-1.9877,2.0
selected_ols_av,pass,-0.6411,4.0
selected_ols_av,pass,-2.6575,3.0
selected_ols_av,pass,0.1327,7.0
selected_ols_av,pass,0.0287,3.0
selected_ols_av,pass,0.1327,0.0
selected_ols_av,pass,0.0287,0.0
selected_ols_av,pass,-0.6411,0.0
selected_ols_av,pass,-1.0884,0.0
selected_ols_av,pass,1.2544,4.0
selected_ols_av,pass,-0.762,6.0
selected_ols_av,pass,0.9233,0.0
selected_ols_av,pass,-2.6575,6.0
selected_ols_av,pass,-1.5357,3.0
selected_ols_av,pass,-0.3147,1.0
selected_ols_av,pass,-0.6457,3.0
selected_ols_av,pass,1.2544,7.0
selected_ols_av,pass,-2.6575,3.0
selected_ols_av,pass,1.2544,7.0
selected_ols_av,pass,-0.3147,3.0
selected_ols_av,pass,0.476,6.0
selected_ols_av,pass,0.476,4.0
selected_ols_av,pass,-0.1938,0.0
selected_ols_av,pass,-2.6575,4.0
selected_ols_av,pass,-0.762,6.0
selected_ols_av,pass,-0.866,0.0
selected_ols_av,pass,-1.7628,3.0
selected_ols_av,pass,2.149,7.0
selected_ols_av,pass,-0.762,3.0
selected_ols_av,pass,1.7017,5.0
selected_ols_av,pass,0.2535,5.0
selected_ols_av,pass,-1.2093,3.0
selected_ols_av,pass,-1.9877,5.0
selected_ols_av,pass,-1.7628,4.0
selected_ols_av,pass,0.807,6.0
selected_ols_av,pass,-0.3147,4.0
selected_ols_av,pass,0.0287,0.0
selected_ols_av,pass,-0.762,0.0
selected_ols_av,pass,0.476,0.0
selected_ols_av,pass,-0.6411,0.0
selected_ols_av,pass,-0.6411,0.0
selected_ols_av,pass,-0.3147,7.0
selected_ols_av,pass,-2.435,2.0
selected_ols_av,pass,1.7017,8.0
selected_ols_av,pass,-0.1938,2.0
selected_ols_av,pass,1.2544,7.0
selected_ols_av,pass,0.1327,3.0
selected_ols_av,pass,-0.4187,0.0
selected_ols_av,pass,-2.2101,3.0
selected_ols_av,pass,1.2544,5.0
selected_ols_av,pass,-1.5357,5.0
selected_ols_av,pass,0.1327,0.0
selected_ols_av,pass,-1.093,5.0
selected_ols_av,pass,-1.0884,3.0
selected_ols_av,pass,-1.2093,0.0
selected_ols_av,pass,-0.6457,3.0
selected_ols_av,pass,1.7017,7.0
selected_ols_av,pass,0.9233,0.0
selected_ols_av,pass,-2.2101,3.0
selected_ols_av,pass,0.3597,7.0
selected_ols_av,pass,-0.3147,3.0
selected_ols_av,pass,-0.4187,8.0
selected_ols_av,pass,-1.0884,2.0
selected_ols_av,pass,-0.1938,0.0
selected_ols_av,pass,0.1327,2.0
selected_ols_av,pass,0.1327,0.0
selected_ols_av,pass,0.0287,0.0
selected_ols_av,pass,-0.6411,0.0
selected_ols_av,pass,-1.0884,0.0
selected_ols_av,pass,-1.5357,1.0
selected_ols_av,pass,-1.5357,0.0
selected_ols_av,pass,1.0273,1.0
selected_ols_av,pass,0.476,9.0
selected_ols_av,pass,0.58,0.0
selected_ols_av,pass,-1.5404,6.0
selected_ols_av,pass,0.807,4.0
selected_ols_av,pass,-1.0884,6.0
selected_ols_av,pass,0.9233,1.0
selected_ols_av,pass,-1.0884,0.0
selected_ols_av,pass,-2.6575,1.0
selected_ols_av,pass,-0.3147,9.0
selected_ols_av,pass,-1.0884,0.0
selected_ols_av,pass,0.1327,0.0
selected_ols_av,pass,0.476,0.0
selected_ols_av,pass,-1.0884,0.0
selected_ols_av,pass,-1.093,2.0
selected_ols_av,pass,0.807,7.0
selected_ols_av,pass,-1.3155,2.0
selected_ols_av,pass,-1.2093,8.0
selected_ols_av,pass,-0.6411,4.0
selected_ols_av,pass,-1.0884,0.0
selected_ols_av,pass,-0.3147,4.0
selected_ols_av,pass,0.476,6.0
selected_ols_av,pass,-0.762,4.0
selected_ols_av,pass,-1.9877,2.0
selected_ols_av,pass,2.5963,9.0
selected_ols_av,pass,-2.6575,2.0
selected_ols_av,pass,-1.0884,0.0
selected_ols_av,pass,0.2535,0.0
selected_ols_av,pass,-0.3147,0.0
selected_ols_av,pass,-0.4187,0.0
selected_ols_av,pass,-2.2101,4.0
selected_ols_av,pass,1.2544,6.0
selected_ols_av,pass,-1.2093,4.0
selected_ols_av,pass,0.9233,0.0
selected_ols_av,pass,-0.3147,0.0
selected_ols_av,pass,-1.093,2.0
selected_ols_av,pass,0.807,8.0
selected_ols_av,pass,-0.6411,2.0
selected_ols_av,pass,-2.2101,2.0
selected_ols_av,pass,-0.3147,8.0
selected_ols_av,pass,0.0287,2.0
selected_ols_av,pass,-0.6411,0.0
selected_ols_av,pass,-0.6411,0.0
selected_ols_av,pass,-0.6411,0.0
selected_ols_av,pass,-0.3147,0.0
selected_ols_av,pass,0.0287,0.0
selected_ols_av,pass,1.2544,6.0
selected_ols_av,pass,-1.0884,4.0
selected_ols_av,pass,0.58,0.0
selected_ols_av,pass,-1.9877,4.0
selected_ols_av,pass,-1.0884,4.0
selected_ols_av,pass,0.1327,0.0
selected_ols_av,pass,-1.9877,4.0
selected_ols_av,pass,1.7017,6.0
selected_ols_av,pass,-0.4187,5.0
selected_ols_av,pass,-0.1938,0.0
selected_ols_av,pass,-1.7628,5.0
selected_ols_av,pass,-0.762,5.0
selected_ols_av,pass,0.2535,0.0
selected_ols_av,pass,-2.6575,1.0
selected_ols_av,pass,-0.762,9.0
selected_ols_av,pass,0.0287,1.0
selected_ols_av,pass,0.476,6.0
selected_ols_av,pass,-0.6411,4.0
selected_ols_av,pass,-1.0884,0.0
selected_ols_av,pass,-0.3147,4.0
selected_ols_av,pass,-1.5404,6.0
selected_ols_av,pass,1.7017,4.0
selected_ols_av,pass,-1.5357,4.0
selected_ols_av,pass,0.1327,4.0
selected_ols_av,pass,0.476,3.0
selected_ols_av,pass,-1.5357,0.0
selected_ols_av,pass,-1.7628,3.0
selected_ols_av,pass,-0.3147,7.0
selected_ols_av,pass,-0.6411,0.0
selected_ols_av,pass,0.1327,0.0
selected_ols_av,pass,0.0287,0.0
selected_ols_av,pass,-1.0884,0.0
selected_ols_av,pass,-0.6411,0.0
selected_ols_av,pass,-0.762,0.0
selected_ols_av,pass,0.0287,0.0
selected_ols_av,pass,-0.1938,0.0
selected_ols_av,pass,-0.6411,0.0
selected_ols_av,pass,-1.7628,1.0
selected_ols_av,pass,-0.762,9.0
selected_ols_av,pass,0.0287,1.0
selected_ols_av,pass,1.2544,6.0
selected_ols_av,pass,-1.0884,4.0
selected_ols_av,pass,0.58,6.0
selected_ols_av,pass,-1.9877,4.0
selected_ols_av,pass,0.0287,7.0
selected_ols_av,pass,-2.2101,3.0
selected_ols_av,pass,1.7017,7.0
selected_ols_av,pass,-0.762,3.0
selected_ols_av,pass,0.476,2.0
selected_ols_av,pass,-1.7628,4.0
selected_ols_av,pass,0.807,6.0
selected_ols_av,pass,-0.762,4.0
selected_ols_av,pass,1.7017,7.0
selected_ols_av,pass,-1.2093,3.0
selected_ols_av,pass,-1.9877,4.0
selected_ols_av,pass,0.58,3.0
selected_ols_av,pass,-1.9877,5.0
selected_ols_av,pass,1.7017,5.0
selected_ols_av,pass,-0.6411,5.0
selected_ols_av,pass,-0.3147,5.0
selected_ols_av,pass,-1.5404,1.0
selected_ols_av,pass,2.149,4.0
selected_ols_av,pass,-3.1048,1.0
selected_ols_av,pass,-0.3147,9.0
selected_ols_av,pass,0.807,5.0
selected_ols_av,pass,-0.762,5.0
selected_ols_av,pass,0.9233,0.0
selected_ols_av,pass,-2.2101,5.0
selected_ols_av,pass,-1.0884,0.0
selected_ols_av,pass,-0.3147,0.0
selected_ols_av,pass,0.9233,0.0
selected_ols_av,pass,-1.0884,0.0
selected_ols_av,pass,-0.866,4.0
selected_ols_av,pass,-0.1938,0.0
selected_ols_av,pass,-2.2101,4.0
selected_ols_av,pass,0.1327,6.0
selected_ols_av,pass,-0.1984,4.0
selected_ols_av,pass,0.807,6.0
selected_ols_av,pass,-1.0884,4.0
selected_ols_av,pass,-0.762,0.0
selected_ols_av,pass,-0.1938,0.0
selected_ols_av,pass,-0.3147,0.0
selected_ols_av,pass,-0.4187,0.0
selected_ols_av,pass,-0.6411,0.0
selected_ols_av,pass,-1.7628,3.0
selected_ols_av,pass,0.807,7.0
selected_ols_av,pass,-1.2093,3.0
selected_ols_av,pass,0.9233,0.0
selected_ols_av,pass,-0.1938,0.0
selected_ols_av,pass,-2.6575,3.0
selected_ols_av,pass,-0.762,7.0
selected_ols_av,pass,0.476,3.0
selected_ols_av,pass,1.7017,7.0
selected_ols_av,pass,-1.0884,3.0
selected_ols_av,pass,-0.762,0.0
selected_ols_av,pass,-1.093,3.0
selected_ols_av,pass,-2.2101,5.0
selected_ols_av,pass,0.1327,3.0
selected_ols_av,pass,0.0287,7.0
selected_ols_av,pass,-1.0884,3.0
selected_ols_av,pass,0.807,6.0
selected_ols_av,pass,-0.6411,4.0
selected_ols_av,pass,-0.3147,0.0
selected_ols_av,pass,-1.093,4.0
selected_ols_av,pass,0.807,6.0
selected_ols_av,pass,-0.1938,4.0
selected_ols_av,pass,-0.3147,0.0
selected_ols_av,pass,-1.5404,4.0
selected_ols_av,pass,-0.6411,4.0
selected_ols_av,pass,0.1327,5.0
selected_ols_av,pass,-1.9877,4.0
selected_ols_av,pass,1.2544,6.0
selected_ols_av,pass,-2.6575,5.0
selected_ols_av,pass,0.807,5.0
selected_ols_av,pass,-0.762,5.0
selected_ols_av,pass,1.3706,0.0
selected_ols_av,pass,-1.0884,0.0
selected_ols_av,pass,-0.6411,0.0
selected_ols_av,pass,-0.3147,0.0
selected_ols_av,pass,0.476,0.0
selected_ols_av,pass,-1.9877,10.0
selected_ols_av,pass,0.807,0.0
selected_ols_av,pass,-0.6411,7.0
selected_ols_av,pass,0.58,0.0
selected_ols_av,pass,-0.762,7.0
selected_ols_av,pass,0.476,3.0
selected_ols_av,pass,-1.0884,0.0
selected_ols_av,pass,-1.7628,3.0
selected_ols_av,pass,-0.4187,7.0
selected_ols_av,pass,-2.6575,5.0
selected_ols_av,pass,1.2544,5.0
selected_ols_av,pass,0.58,5.0
selected_ols_av,pass,0.9233,3.0
selected_ols_av,pass,-3.1048,5.0
selected_ols_av,pass,0.807,5.0
selected_ols_av,pass,0.1327,5.0
selected_ols_av,pass,-0.1938,0.0
selected_ols_av,pass,-0.762,0.0
selected_ols_av,pass,-0.4187,0.0
selected_ols_av,pass,-0.1938,0.0
selected_ols_av,pass,-0.1938,0.0
selected_ols_av,pass,-1.0884,0.0
selected_ols_av,pass,0.1327,0.0
selected_ols_av,pass,-0.4187,0.0
selected_ols_av,pass,-0.3147,0.0
selected_ols_av,pass,0.476,0.0
selected_ols_av,pass,-0.6411,0.0
selected_ols_av,pass,-1.0884,0.0
selected_ols_av,pass,-0.762,0.0
selected_ols_av,pass,0.9233,0.0
selected_ols_av,pass,-0.1938,0.0
selected_ols_av,pass,-1.5357,0.0
selected_ols_av,pass,-1.0884,1.0
selected_ols_av,pass,-2.6575,4.0
selected_ols_av,pass,0.58,6.0
selected_ols_av,pass,0.0287,4.0
selected_ols_av,pass,-1.5404,5.0
selected_ols_av,pass,-1.2093,5.0
selected_ols_av,pass,1.7017,5.0
selected_ols_av,pass,0.1327,5.0
selected_ols_av,pass,-0.4187,3.0
selected_ols_av,pass,0.2535,0.0
selected_ols_av,pass,-1.7628,3.0
selected_ols_av,pass,-1.2093,7.0
selected_ols_av,pass,-0.1938,0.0
selected_ols_av,pass,-0.762,0.0
selected_ols_av,pass,0.476,0.0
selected_ols_av,pass,-1.0884,0.0
selected_ols_av,pass,-0.1984,6.0
selected_ols_av,pass,0.3597,4.0
selected_ols_av,pass,-0.1938,6.0
selected_ols_av,pass,-1.2093,4.0
selected_ols_av,pass,-0.1938,1.0
selected_ols_av,pass,-0.762,0.0
selected_ols_av,pass,-2.435,1.0
selected_ols_av,pass,2.149,9.0
selected_ols_av,pass,1.7017,7.0
selected_ols_av,pass,-0.3147,3.0
selected_ols_av,pass,-0.4187,0.0
selected_ols_av,pass,-2.2101,3.0
selected_ols_av,pass,-0.3147,7.0
selected_ols_av,pass,-1.9877,2.0
selected_ols_av,pass,1.7017,8.0
selected_ols_av,pass,-0.6411,2.0
selected_ols_av,pass,-0.762,5.0
selected_ols_av,pass,-1.093,5.0
selected_ols_av,pass,1.2544,5.0
selected_ols_av,pass,-2.2101,5.0
selected_ols_av,pass,-1.0884,0.0
selected_ols_av,pass,-0.3147,0.0
selected_ols_av,pass,0.0287,0.0
selected_ols_av,pass,-0.1938,0.0
selected_ols_av,pass,0.2535,0.0
selected_ols_av,pass,-0.6411,0.0
selected_ols_av,pass,-0.762,0.0
selected_ols_av,pass,-0.4187,0.0
selected_ols_av,pass,-0.4187,8.0
selected_ols_av,pass,-1.3155,3.0
selected_ols_av,pass,1.7017,7.0
selected_ols_av,pass,-1.2093,3.0
selected_ols_av,pass,0.1327,0.0
selected_ols_av,pass,-1.093,5.0
selected_ols_av,pass,0.807,5.0
selected_ols_av,pass,-1.0884,5.0
selected_ols_av,pass,-0.3147,0.0
selected_ols_av,pass,0.0287,0.0
selected_ols_av,pass,-1.0884,0.0
selected_ols_av,pass,-0.1938,0.0
selected_ols_av,pass,0.807,5.0
selected_ols_av,pass,0.2535,5.0
selected_ols_av,pass,-1.2093,5.0
selected_ols_av,pass,-1.093,5.0
selected_ols_av,pass,0.0287,5.0
selected_ols_av,pass,0.2535,0.0
selected_ols_av,pass,-2.6575,5.0
selected_ols_av,pass,-0.762,5.0
selected_ols_av,pass,0.0287,0.0
selected_ols_av,pass,-0.6411,0.0
selected_ols_av,pass,-0.6411,0.0
selected_ols_av,pass,-0.3147,0.0
selected_ols_av,pass,0.1327,3.0
selected_ols_av,pass,0.0287,7.0
selected_ols_av,pass,-1.0884,3.0
selected_ols_av,pass,-0.6411,0.0
selected_ols_av,pass,-0.6411,2.0
selected_ols_av,pass,-0.3147,5.0
selected_ols_av,pass,-1.9877,2.0
selected_ols_av,pass,1.7017,8.0
selected_ols_av,pass,-2.6575,2.0
selected_ols_av,pass,1.2544,8.0
selected_ols_av,pass,0.1327,2.0
selected_ols_av,pass,0.0287,0.0
selected_ols_av,pass,-0.4187,5.0
selected_ols_av,pass,-0.1938,0.0
selected_ols_av,pass,-1.7628,5.0
selected_ols_av,pass,-0.762,5.0
selected_ols_av,pass,0.1327,3.0
selected_ols_av,pass,0.3597,7.0
selected_ols_av,pass,-1.2093,3.0
selected_ols_av,pass,-0.1984,5.0
selected_ols_av,pass,-0.762,7.0
selected_ols_av,pass,-1.5404,5.0
selected_ols_av,pass,1.7017,5.0
selected_ols_av,pass,-0.6411,5.0
selected_ols_av,pass,-1.5404,2.0
selected_ols_av,pass,1.2544,8.0
selected_ols_av,pass,-0.1938,2.0
selected_ols_av,pass,-0.762,3.0
selected_ols_av,pass,0.0287,6.0
selected_ols_av,pass,-1.7628,4.0
selected_ols_av,pass,1.2544,6.0
selected_ols_av,pass,-0.762,4.0
selected_ols_av,pass,-0.866,3.0
selected_ols_av,pass,-0.8682,5.0
selected_ols_av,pass,0.1327,3.0
selected_ols_av,pass,-1.2093,7.0
selected_ols_av,pass,-0.6411,0.0
selected_ols_av,pass,-0.3147,0.0
selected_ols_av,pass,0.0287,0.0
selected_ols_av,pass,-0.6411,0.0
selected_ols_av,pass,0.58,3.0
selected_ols_av,pass,0.807,7.0
selected_ols_av,pass,-0.3147,3.0
selected_ols_av,pass,-1.9877,1.0
selected_ols_av,pass,-0.1938,0.0
selected_ols_av,pass,-0.762,0.0
selected_ols_av,pass,0.476,0.0
selected_ols_av,pass,-1.0884,0.0
selected_ols_av,pass,-0.6411,0.0
selected_ols_av,pass,-0.762,0.0
selected_ols_av,pass,0.9233,0.0
selected_ols_av,pass,-1.0884,0.0
selected_ols_av,pass,-1.3155,2.0
selected_ols_av,pass,-0.3147,4.0
selected_ols_av,pass,-0.762,6.0
selected_ols_av,pass,-0.4187,4.0
selected_ols_av,pass,-1.5404,4.0
selected_ols_av,pass,1.2544,6.0
selected_ols_av,pass,-0.1938,4.0
selected_ols_av,pass,-0.762,4.0
selected_ols_av,pass,-0.3147,0.0
selected_ols_av,pass,-1.9877,4.0
selected_ols_av,pass,1.2544,6.0
selected_ols_av,pass,-0.1938,4.0
selected_ols_av,pass,1.2544,7.0
selected_ols_av,pass,-0.6411,3.0
selected_ols_av,pass,-0.762,0.0
selected_ols_av,pass,-1.093,3.0
selected_ols_av,pass,1.2544,7.0
selected_ols_av,pass,-2.6575,3.0
selected_ols_av,pass,-0.762,7.0
selected_ols_av,pass,-0.6457,3.0
selected_ols_av,pass,1.2544,7.0
selected_ols_av,pass,-1.2093,3.0
selected_ols_av,pass,0.476,0.0
selected_ols_av,pass,-1.7628,3.0
selected_ols_av,pass,-0.3147,3.0
selected_ols_av,pass,0.476,7.0
selected_ols_av,pass,-0.1938,3.0
selected_ols_av,pass,-1.5357,0.0
selected_ols_av,pass,-0.3147,3.0
selected_ols_av,pass,-1.9877,1.0
selected_ols_av,pass,1.7017,9.0
selected_ols_av,pass,-0.6411,1.0
selected_ols_av,pass,-0.762,3.0
selected_ols_av,pass,0.0287,0.0
selected_ols_av,pass,-2.2101,3.0
selected_ols_av,pass,1.7017,7.0
selected_ols_av,pass,0.3597,6.0
selected_ols_av,pass,-0.3147,4.0
selected_ols_av,pass,0.9233,4.0
selected_ols_av,pass,-2.2101,4.0
selected_ols_av,pass,-0.3147,8.0
selected_ols_av,pass,0.0287,2.0
selected_ols_av,pass,-0.6411,0.0
selected_ols_av,pass,-2.2101,2.0
selected_ols_av,pass,0.0287,0.0
selected_ols_av,pass,-2.2101,3.0
selected_ols_av,pass,0.807,7.0
selected_ols_av,pass,0.1327,3.0
selected_ols_av,pass,-0.6411,0.0
selected_ols_av,pass,-0.3147,3.0
selected_ols_av,pass,-0.4187,7.0
selected_ols_av,pass,-0.1938,3.0
selected_ols_av,pass,-1.0884,3.0
selected_ols_av,pass,0.1327,8.0
selected_ols_av,pass,-1.5404,3.0
selected_ols_av,pass,1.2544,7.0
selected_ols_av,pass,-0.6411,0.0
selected_ols_av,pass,-1.5357,0.0
selected_ols_av,pass,-0.762,0.0
selected_ols_av,pass,1.3706,0.0
selected_ols_av,pass,-0.3147,0.0
selected_ols_av,pass,-0.866,0.0
selected_ols_av,pass,-0.6411,0.0
selected_ols_av,pass,0.2535,0.0
selected_ols_av,pass,0.807,6.0
selected_ols_av,pass,-0.3147,4.0
selected_ols_av,pass,0.476,0.0
selected_ols_av,pass,-2.2101,4.0
selected_ols_av,pass,-1.2093,5.0
selected_ols_av,pass,1.2544,5.0
selected_ols_av,pass,0.58,2.0
selected_ols_av,pass,-1.5404,4.0
selected_ols_av,pass,-0.762,0.0
selected_ols_av,pass,-1.093,8.0
selected_ols_av,pass,-0.3147,0.0
selected_ols_av,pass,1.2544,10.0
selected_ols_av,pass,-0.4187,5.0
selected_ols_av,pass,-3.1048,3.0
selected_ols_av,pass,2.5963,7.0
selected_ols_av,pass,-0.3147,3.0
selected_ols_av,pass,0.9233,0.0
selected_ols_av,pass,-2.6575,4.0
selected_ols_av,pass,0.807,6.0
selected_ols_av,pass,-0.3147,4.0
selected_ols_av,pass,0.807,3.0
selected_ols_av,pass,-1.0884,3.0
selected_ols_av,pass,0.58,3.0
selected_ols_av,pass,-1.5404,7.0
selected_ols_av,pass,0.0287,0.0
selected_ols_av,pass,-0.6411,0.0
selected_ols_av,pass,-1.0884,0.0
selected_ols_av,pass,0.1327,0.0
selected_ols_av,pass,-2.2101,6.0
selected_ols_av,pass,0.3597,4.0
selected_ols_av,pass,0.1327,6.0
selected_ols_av,pass,0.476,5.0
selected_ols_av,pass,-1.5404,4.0
selected_ols_av,pass,0.807,6.0
selected_ols_av,pass,-0.6411,4.0
selected_ols_av,pass,0.1327,0.0
selected_ols_av,pass,-0.866,0.0
selected_ols_av,pass,-1.7628,3.0
selected_ols_av,pass,2.149,7.0
selected_ols_av,pass,-0.762,3.0
selected_ols_av,pass,-0.3147,3.0
selected_ols_av,pass,0.0287,0.0
selected_ols_av,pass,-2.2101,3.0
selected_ols_av,pass,1.2544,7.0
selected_ols_av,pass,-2.6575,3.0
selected_ols_av,pass,-0.762,3.0
selected_ols_av,pass,0.0287,7.0
selected_ols_av,pass,0.2535,3.0
selected_ols_av,pass,-0.6411,4.0
selected_ols_av,pass,0.1327,6.0
selected_ols_av,pass,-1.5404,4.0
selected_ols_av,pass,0.807,6.0
selected_ols_av,pass,-2.6575,4.0
selected_ols_av,pass,-0.762,6.0
selected_ols_av,pass,0.476,4.0
selected_ols_av,pass,-0.1938,0.0
selected_ols_av,pass,1.2544,6.0
selected_ols_av,pass,-1.5357,4.0
selected_ols_av,pass,0.58,4.0
selected_ols_av,pass,-1.5404,4.0
selected_ols_av,pass,-0.3147,7.0
selected_ols_av,pass,0.476,3.0
selected_ols_av,pass,-0.6411,0.0
selected_ols_av,pass,-2.6575,3.0
selected_ols_av,pass,-1.0884,0.0
selected_ols_av,pass,-2.2101,0.0
selected_ols_av,pass,0.1327,10.0
selected_ols_av,pass,0.0287,0.0
selected_ols_av,pass,0.2535,0.0
selected_ols_av,pass,-3.1048,0.0
selected_ols_av,pass,0.1327,10.0
selected_ols_av,pass,-0.4187,0.0
selected_ols_av,pass,0.0287,3.0
selected_ols_av,pass,-2.6575,2.0
selected_ols_av,pass,0.1327,3.0
selected_ols_av,pass,-0.3147,7.0
selected_ols_av,pass,-1.9877,3.0
selected_ols_av,pass,1.2544,7.0
selected_ols_av,pass,-0.1938,3.0
selected_ols_av,pass,-0.3147,4.0
selected_ols_av,pass,0.476,6.0
selected_ols_av,pass,-2.2101,2.0
selected_ols_av,pass,1.7017,8.0
selected_ols_av,pass,-1.2093,2.0
selected_ols_av,pass,-0.6411,0.0
selected_ols_av,pass,0.1327,0.0
selected_ols_av,pass,-0.4187,0.0
selected_ols_av,pass,-0.6411,0.0
selected_ols_av,pass,0.1327,3.0
selected_ols_av,pass,0.0287,0.0
selected_ols_av,pass,-2.6575,3.0
selected_ols_av,pass,1.2544,7.0
selected_ols_av,pass,0.807,4.0
selected_ols_av,pass,-0.3147,6.0
selected_ols_av,pass,0.476,0.0
selected_ols_av,pass,-2.2101,6.0
selected_ols_av,pass,-0.6411,4.0
selected_ols_av,pass,-0.3147,0.0
selected_ols_av,pass,-1.093,4.0
selected_ols_av,pass,0.807,6.0
selected_ols_av,pass,0.807,7.0
selected_ols_av,pass,-1.7628,1.0
selected_ols_av,pass,-0.762,9.0
selected_ols_av,pass,-1.093,1.0
selected_ols_av,pass,-0.762,7.0
selected_ols_av,pass,0.476,3.0
selected_ols_av,pass,-0.6411,0.0
selected_ols_av,pass,-2.2101,3.0
selected_ols_av,pass,0.807,6.0
selected_ols_av,pass,-0.762,4.0
selected_ols_av,pass,0.476,0.0
selected_ols_av,pass,-1.7628,4.0
selected_ols_av,pass,-1.0884,3.0
selected_ols_av,pass,-0.762,0.0
selected_ols_av,pass,-1.5404,3.0
selected_ols_av,pass,2.149,7.0
selected_ols_av,pass,1.2544,9.0
selected_ols_av,pass,-1.0884,1.0
selected_ols_av,pass,-0.3147,1.0
selected_ols_av,pass,-1.093,1.0
selected_ols_av,pass,1.3706,7.0
selected_ols_av,pass,-2.2101,4.0
selected_ols_av,pass,0.807,6.0
selected_ols_av,pass,-1.2093,4.0
selected_ols_av,pass,-0.3147,4.0
selected_ols_av,pass,0.476,3.0
selected_ols_av,pass,-2.2101,4.0
selected_ols_av,pass,0.807,6.0
selected_ols_av,pass,-2.2101,4.0
selected_ols_av,pass,0.1327,6.0
selected_ols_av,pass,0.0287,4.0
selected_ols_av,pass,-1.0884,0.0
selected_ols_av,pass,0.0287,5.0
selected_ols_av,pass,0.2535,0.0
selected_ols_av,pass,-2.2101,5.0
selected_ols_av,pass,-1.2093,5.0
selected_ols_av,pass,-0.866,5.0
selected_ols_av,pass,-1.3155,5.0
selected_ols_av,pass,2.149,7.0
selected_ols_av,pass,-1.2093,5.0
selected_ols_av,pass,-0.3147,5.0
selected_ols_av,pass,-1.5404,3.0
selected_ols_av,pass,1.7017,7.0
selected_ols_av,pass,-1.0884,3.0
selected_ols_av,pass,-1.093,3.0
selected_ols_av,pass,0.807,7.0
selected_ols_av,pass,-1.0884,3.0
selected_ols_av,pass,0.1327,0.0
selected_ols_av,pass,0.1327,4.0
selected_ols_av,pass,0.0287,0.0
selected_ols_av,pass,-2.2101,4.0
selected_ols_av,pass,0.807,6.0
selected_ols_av,pass,-2.435,1.0
selected_ols_av,pass,2.149,9.0
selected_ols_av,pass,-1.5357,1.0
selected_ols_av,pass,0.58,10.0
selected_ols_av,pass,-0.762,2.0
selected_ols_av,pass,-1.5404,4.0
selected_ols_av,pass,1.2544,6.0
selected_ols_av,pass,-0.1938,4.0
selected_ols_av,pass,-0.3147,4.0
selected_ols_av,pass,0.0287,6.0
selected_ols_av,pass,-0.6411,4.0
selected_ols_av,pass,-0.6411,0.0
selected_ols_av,pass,-0.1938,3.0
selected_ols_av,pass,0.1327,0.0
selected_ols_av,pass,-1.9877,3.0
selected_ols_av,pass,0.807,7.0
selected_ols_av,pass,-1.2093,2.0
selected_ols_av,pass,0.0287,8.0
selected_ols_av,pass,-0.1938,2.0
selected_ols_av,pass,-0.1938,0.0
selected_ols_av,pass,0.1327,3.0
selected_ols_av,pass,0.476,0.0
selected_ols_av,pass,-3.1048,3.0
selected_ols_av,pass,1.2544,7.0
selected_ols_av,pass,-2.2101,2.0
selected_ols_av,pass,-0.3147,8.0
selected_ols_av,pass,-0.4187,2.0
selected_ols_av,pass,-0.1938,0.0
selected_ols_av,pass,-1.5404,5.0
selected_ols_av,pass,0.807,5.0
selected_ols_av,pass,-0.6411,5.0
selected_ols_av,pass,0.1327,6.0
selected_ols_av,pass,-0.6411,0.0
selected_ols_av,pass,-0.3147,0.0
selected_ols_av,pass,0.476,0.0
selected_ols_av,pass,-1.0884,0.0
selected_ols_av,pass,-3.1048,3.0
selected_ols_av,pass,1.7017,7.0
selected_ols_av,pass,-0.3147,3.0
selected_ols_av,pass,0.476,0.0
selected_ols_av,pass,1.7017,7.0
selected_ols_av,pass,-0.3147,3.0
selected_ols_av,pass,0.476,7.0
selected_ols_av,pass,-3.1048,3.0
selected_ols_av,pass,-0.3147,0.0
selected_ols_av,pass,-1.5404,7.0
selected_ols_av,pass,1.2544,3.0
selected_ols_av,pass,-0.6411,7.0
selected_ols_av,pass,0.58,0.0
selected_ols_av,pass,0.0287,0.0
selected_ols_av,pass,-1.0884,0.0
selected_ols_av,pass,-1.0884,0.0
selected_ols_av,pass,0.1327,2.0
selected_ols_av,pass,0.476,7.0
selected_ols_av,pass,-2.6575,2.0
selected_ols_av,pass,0.807,8.0
selected_ols_av,pass,0.1327,0.0
selected_ols_av,pass,-2.435,1.0
selected_ols_av,pass,2.5963,9.0
selected_ols_av,pass,-1.5357,1.0
selected_ols_av,pass,-2.6575,4.0
selected_ols_av,pass,-0.3147,6.0
selected_ols_av,pass,0.9233,4.0
selected_ols_av,pass,-1.0884,0.0
selected_ols_av,pass,0.1327,7.0
selected_ols_av,pass,-1.9877,1.0
selected_ols_av,pass,1.2544,9.0
selected_ols_av,pass,-0.6411,1.0
selected_ols_av,pass,-0.866,0.0
selected_ols_av,pass,-0.1938,0.0
selected_ols_av,pass,-2.2101,0.0
selected_ols_av,pass,0.1327,10.0
selected_ols_av,pass,-0.6411,0.0
selected_ols_av,pass,-0.762,0.0
selected_ols_av,pass,-0.4187,0.0
selected_ols_av,pass,0.2535,0.0
selected_ols_av,pass,1.0273,6.0
selected_ols_av,pass,-1.5404,5.0
selected_ols_av,pass,0.3597,5.0
selected_ols_av,pass,-1.0884,5.0
selected_ols_av,pass,-0.3147,0.0
selected_ols_av,pass,-0.4187,0.0
selected_ols_av,pass,0.2535,0.0
selected_ols_av,pass,-1.0884,0.0
selected_ols_av,pass,0.2535,0.0
selected_ols_av,pass,-1.7628,3.0
selected_ols_av,pass,-1.2093,7.0
selected_ols_av,pass,-0.4187,3.0
selected_ols_av,pass,-0.3147,0.0
selected_ols_av,pass,0.0287,0.0
selected_ols_av,pass,-1.0884,0.0
selected_ols_av,pass,-0.1938,0.0
selected_ols_av,pass,1.2544,6.0
selected_ols_av,pass,-0.3147,4.0
selected_ols_av,pass,0.476,8.0
selected_ols_av,pass,-2.6575,4.0
selected_ols_av,pass,-0.1938,0.0
selected_ols_av,pass,-2.2101,4.0
selected_ols_av,pass,-0.762,6.0
selected_ols_av,pass,0.0287,4.0
selected_ols_av,pass,-0.3147,8.0
selected_ols_av,pass,0.0287,2.0
selected_ols_av,pass,-0.1938,0.0
selected_ols_av,pass,-2.6575,2.0
selected_ols_av,pass,0.0287,0.0
selected_ols_av,pass,-1.0884,0.0
selected_ols_av,pass,-0.1938,0.0
selected_ols_av,pass,-0.3147,0.0
selected_ols_av,pass,-0.4187,0.0
selected_ols_av,pass,-2.2101,4.0
selected_ols_av,pass,1.2544,6.0
selected_ols_av,pass,0.1327,4.0
selected_ols_av,pass,-1.5404,2.0
selected_ols_av,pass,0.58,2.0
selected_ols_av,pass,0.807,8.0
selected_ols_av,pass,-0.762,2.0
selected_ols_av,pass,0.0287,8.0
selected_ols_av,pass,-2.6575,1.0
selected_ols_av,pass,0.807,9.0
selected_ols_av,pass,0.58,1.0
selected_ols_av,pass,0.0287,0.0
selected_ols_av,pass,-0.6411,0.0
selected_ols_av,pass,-1.0884,0.0
selected_ols_av,pass,0.1327,0.0
selected_ols_av,pass,-1.0884,1.0
selected_ols_av,pass,0.58,0.0
selected_ols_av,pass,-1.5404,1.0
selected_ols_av,pass,0.807,9.0
selected_ols_av,pass,-0.4187,0.0
selected_ols_av,pass,-2.6575,2.0
selected_ols_av,pass,2.5963,8.0
selected_ols_av,pass,-0.762,2.0
selected_ols_av,pass,-1.093,1.0
selected_ols_av,pass,0.807,9.0
selected_ols_av,pass,-0.1938,1.0
selected_ols_av,pass,-0.762,0.0
selected_ols_av,pass,-0.6411,0.0
selected_ols_av,pass,-0.3147,0.0
selected_ols_av,pass,0.0287,0.0
selected_ols_av,pass,-0.6411,0.0
selected_ols_av,pass,-0.866,3.0
selected_ols_av,pass,-0.6411,7.0
selected_ols_av,pass,-0.6411,0.0
selected_ols_av,pass,0.58,7.0
selected_ols_av,pass,0.476,8.0
selected_ols_av,pass,-3.1048,3.0
selected_ols_av,pass,0.3597,7.0
selected_ols_av,pass,1.0273,3.0
selected_ols_av,pass,-1.5404,1.0
selected_ols_av,pass,2.149,9.0
selected_ols_av,pass,-1.0884,1.0
selected_ols_av,pass,-0.762,0.0
selected_ols_av,pass,-1.3155,5.0
selected_ols_av,pass,-0.762,5.0
selected_ols_av,pass,-0.866,5.0
selected_ols_av,pass,-0.1938,0.0
selected_ols_av,pass,-0.762,8.0
selected_ols_av,pass,-1.5404,2.0
selected_ols_av,pass,1.2544,10.0
selected_ols_av,pass,-1.7628,2.0
selected_ols_av,pass,-1.5357,0.0
selected_ols_av,pass,-0.6411,0.0
selected_ols_av,pass,0.1327,0.0
selected_ols_av,pass,0.476,0.0
selected_ols_av,pass,-2.2101,2.0
selected_ols_av,pass,1.7017,8.0
selected_ols_av,pass,-0.762,2.0
selected_ols_av,pass,0.0287,0.0
selected_ols_av,pass,0.1327,3.0
selected_ols_av,pass,-1.9877,7.0
selected_ols_av,pass,1.7017,3.0
selected_ols_av,pass,-1.0884,5.0
selected_ols_av,pass,-1.5404,3.0
selected_ols_av,pass,0.3597,7.0
selected_ols_av,pass,0.2535,3.0
selected_ols_av,pass,-0.3147,4.0
selected_ols_av,pass,0.476,0.0
selected_ols_av,pass,-1.5357,0.0
selected_ols_av,pass,-1.0884,0.0
selected_ols_av,pass,0.58,0.0
selected_ols_av,pass,-0.6411,0.0
selected_ols_av,pass,-0.3147,0.0
selected_ols_av,pass,0.9233,0.0
selected_ols_av,pass,-1.5357,0.0
selected_ols_av,pass,0.0287,0.0
selected_ols_av,pass,-1.0884,0.0
selected_ols_av,pass,-0.6411,0.0
selected_ols_av,pass,0.1327,0.0
selected_ols_av,pass,0.7008,2.0
selected_ols_av,pass,-2.6575,5.0
selected_ols_av,pass,-0.3147,2.0
selected_ols_av,pass,-0.866,8.0
selected_ols_av,pass,-1.7628,5.0
selected_ols_av,pass,1.7017,5.0
selected_ols_av,pass,-0.3147,5.0
selected_ols_av,pass,-0.866,7.0
selected_ols_av,pass,-1.5357,4.0
selected_ols_av,pass,-0.762,7.0
selected_ols_av,pass,-1.093,4.0
selected_ols_av,pass,2.149,6.0
selected_ols_av,pass,0.3597,5.0
selected_ols_av,pass,-0.762,5.0
selected_ols_av,pass,1.3706,0.0
selected_ols_av,pass,-2.2101,5.0
selected_ols_av,pass,-1.5357,0.0
selected_ols_av,pass,-0.3147,0.0
selected_ols_av,pass,0.9233,0.0
selected_ols_av,pass,-0.6411,0.0
selected_ols_av,pass,-1.093,3.0
selected_ols_av,pass,0.807,7.0
selected_ols_av,pass,-0.6411,3.0
selected_ols_av,pass,-0.3147,0.0
selected_ols_av,pass,0.1327,0.0
selected_ols_av,pass,-1.5404,4.0
selected_ols_av,pass,0.807,6.0
selected_ols_av,pass,-0.6411,4.0
selected_ols_av,pass,-1.5404,3.0
selected_ols_av,pass,2.149,7.0
selected_ols_av,pass,-1.0884,3.0
selected_ols_av,pass,-0.762,0.0
selected_ols_av,pass,-0.3147,9.0
selected_ols_av,pass,-1.5404,1.0
selected_ols_av,pass,1.2544,7.0
selected_ols_av,pass,-2.2101,1.0
selected_ols_av,pass,-0.762,5.0
selected_ols_av,pass,-0.4187,5.0
selected_ols_av,pass,-0.1938,0.0
selected_ols_av,pass,-1.7628,5.0
selected_ols_av,pass,-0.3147,3.0
selected_ols_av,pass,-0.4187,7.0
selected_ols_av,pass,0.2535,3.0
selected_ols_av,pass,-1.0884,0.0
selected_ols_av,pass,-1.2093,4.0
selected_ols_av,pass,0.476,6.0
selected_ols_av,pass,-0.1938,0.0
selected_ols_av,pass,-2.2101,6.0
selected_ols_av,pass,1.2544,5.0
selected_ols_av,pass,-0.6411,5.0
selected_ols_av,pass,0.58,4.0
selected_ols_av,pass,-2.435,5.0
selected_ols_av,pass,-0.1938,0.0
selected_ols_av,pass,-0.3147,6.0
selected_ols_av,pass,0.0287,4.0
selected_ols_av,pass,-1.0884,6.0
selected_ols_av,pass,-0.3147,0.0
selected_ols_av,pass,-1.5404,3.0
selected_ols_av,pass,1.7017,7.0
selected_ols_av,pass,-1.0884,3.0
selected_ols_av,pass,-1.5357,2.0
selected_ols_av,pass,0.7008,0.0
selected_ols_av,pass,-0.3147,2.0
selected_ols_av,pass,-0.4187,8.0
selected_ols_av,pass,-0.4187,0.0
selected_ols_av,pass,-0.6411,0.0
selected_ols_av,pass,-0.6411,0.0
selected_ols_av,pass,0.1327,0.0
selected_ols_av,pass,1.2544,7.0
selected_ols_av,pass,0.1327,3.0
selected_ols_av,pass,0.476,0.0
selected_ols_av,pass,-3.1048,3.0
selected_ols_av,pass,0.1327,7.0
selected_ols_av,pass,-1.5404,1.0
selected_ols_av,pass,1.7017,9.0
selected_ols_av,pass,-1.5357,1.0
selected_ols_av,pass,-0.762,4.0
selected_ols_av,pass,0.476,3.0
selected_ols_av,pass,-1.7628,4.0
selected_ols_av,pass,0.807,6.0
selected_ols_av,pass,-0.3147,6.0
selected_ols_av,pass,-0.4187,0.0
selected_ols_av,pass,-1.7628,6.0
selected_ols_av,pass,1.2544,4.0
selected_ols_av,pass,-1.5404,6.0
selected_ols_av,pass,2.149,4.0
selected_ols_av,pass,-0.6411,4.0
selected_ols_av,pass,-1.2093,4.0
selected_ols_av,pass,0.1327,9.0
selected_ols_av,pass,-0.4187,1.0
selected_ols_av,pass,-0.1938,0.0
selected_ols_av,pass,-2.6575,1.0
selected_ols_av,pass,-1.7628,3.0
selected_ols_av,pass,0.807,7.0
selected_ols_av,pass,-0.762,3.0
selected_ols_av,pass,0.476,0.0
selected_ols_av,pass,0.7008,0.0
selected_ols_av,pass,-0.762,5.0
selected_ols_av,pass,-0.4187,5.0
selected_ols_av,pass,-1.0884,5.0
selected_ols_av,pass,-1.0884,0.0
selected_ols_av,pass,-1.0884,0.0
selected_ols_av,pass,1.0273,0.0
selected_ols_av,pass,-0.4187,0.0
selected_ols_av,pass,0.1327,0.0
selected_ols_av,pass,0.0287,0.0
selected_ols_av,pass,-0.6411,0.0
selected_ols_av,pass,-1.0884,0.0
selected_ols_av,pass,-0.762,5.0
selected_ols_av,pass,-1.093,5.0
selected_ols_av,pass,0.3597,6.0
selected_ols_av,pass,-1.3155,5.0
selected_ols_av,pass,0.476,9.0
selected_ols_av,pass,-2.6575,3.0
selected_ols_av,pass,2.149,7.0
selected_ols_av,pass,-1.2093,3.0
selected_ols_av,pass,-2.2101,1.0
selected_ols_av,pass,1.7017,9.0
selected_ols_av,pass,-0.762,1.0
selected_ols_av,pass,0.0287,0.0
selected_ols_av,pass,0.58,3.0
selected_ols_av,pass,-1.9877,1.0
selected_ols_av,pass,0.807,9.0
selected_ols_av,pass,-0.6411,1.0
selected_ols_av,pass,0.476,0.0
selected_ols_av,pass,-0.6411,0.0
selected_ols_av,pass,-1.0884,0.0
selected_ols_av,pass,-0.3147,0.0
selected_ols_av,pass,0.807,5.0
selected_ols_av,pass,-0.3147,5.0
selected_ols_av,pass,0.476,0.0
selected_ols_av,pass,-2.2101,5.0
selected_ols_av,pass,0.476,4.0
selected_ols_av,pass,-2.2101,3.0
selected_ols_av,pass,0.807,7.0
selected_ols_av,pass,-0.3147,3.0
selected_ols_av,pass,1.2544,6.0
selected_ols_av,pass,-1.0884,4.0
selected_ols_av,pass,-0.3147,0.0
selected_ols_av,pass,-1.093,4.0
selected_ols_av,pass,-0.6411,0.0
selected_ols_av,pass,0.1327,0.0
selected_ols_av,pass,-0.4187,0.0
selected_ols_av,pass,-0.6411,0.0
selected_ols_av,pass,-0.3147,2.0
selected_ols_av,pass,-1.093,5.0
selected_ols_av,pass,1.2544,5.0
selected_ols_av,pass,-1.0884,5.0
selected_ols_av,pass,-0.1938,2.0
selected_ols_av,pass,0.1327,4.0
selected_ols_av,pass,-2.435,2.0
selected_ols_av,pass,1.2544,8.0
selected_ols_av,pass,-0.1938,0.0
selected_ols_av,pass,-2.2101,3.0
selected_ols_av,pass,-0.762,7.0
selected_ols_av,pass,0.0287,3.0
selected_ols_av,pass,-1.2093,3.0
selected_ols_av,pass,0.0287,7.0
selected_ols_av,pass,0.2535,3.0
selected_ols_av,pass,-0.6411,0.0
selected_ols_av,pass,1.2544,3.0
selected_ols_av,pass,-0.1938,2.0
selected_ols_av,pass,-0.3147,3.0
selected_ols_av,pass,-1.9877,7.0
selected_ols_av,pass,1.7017,8.0
selected_ols_av,pass,-0.6411,2.0
selected_ols_av,pass,-0.3147,5.0
selected_ols_av,pass,-1.9877,2.0
selected_ols_av,pass,0.807,9.0
selected_ols_av,pass,-0.3147,1.0
selected_ols_av,pass,-0.866,1.0
selected_ols_av,pass,-0.8682,1.0
selected_ols_av,pass,-0.3147,0.0
selected_ols_av,pass,-1.093,3.0
selected_ols_av,pass,1.2544,7.0
selected_ols_av,pass,-1.0884,3.0
selected_ols_av,pass,-0.3147,4.0
selected_ols_av,pass,-0.762,6.0
selected_ols_av,pass,0.476,4.0
selected_ols_av,pass,-2.2101,3.0
selected_ols_av,pass,0.7008,2.0
selected_ols_av,pass,-2.6575,3.0
selected_ols_av,pass,-0.3147,2.0
selected_ols_av,pass,-0.866,8.0
selected_ols_av,pass,-1.0884,6.0
selected_ols_av,pass,0.58,5.0
selected_ols_av,pass,-1.5404,5.0
selected_ols_av,pass,0.807,5.0
selected_ols_av,pass,0.3597,7.0
selected_ols_av,pass,-1.0884,3.0
selected_ols_av,pass,0.1327,4.0
selected_ols_av,pass,-0.6457,3.0
selected_ols_av,pass,-2.6575,3.0
selected_ols_av,pass,1.7017,8.0
selected_ols_av,pass,-0.762,3.0
selected_ols_av,pass,0.476,7.0
selected_ols_av,pass,-2.2101,6.0
selected_ols_av,pass,0.807,4.0
selected_ols_av,pass,0.1327,6.0
selected_ols_av,pass,0.0287,0.0
selected_ols_av,pass,1.7017,7.0
selected_ols_av,pass,-1.2093,3.0
selected_ols_av,pass,0.476,0.0
selected_ols_av,pass,-2.2101,3.0
selected_ols_av,pass,-0.6411,6.0
selected_ols_av,pass,-2.6575,6.0
selected_ols_av,pass,-0.3147,4.0
selected_ols_av,pass,0.476,6.0
selected_ols_av,pass,-1.5404,6.0
selected_ols_av,pass,1.7017,4.0
selected_ols_av,pass,-1.0884,3.0
selected_ols_av,pass,-0.3147,4.0
selected_ols_av,pass,-0.4187,1.0
selected_ols_av,pass,-0.6411,0.0
selected_ols_av,pass,-1.3155,1.0
selected_ols_av,pass,-0.762,9.0
selected_ols_av,pass,-0.1938,0.0
selected_ols_av,pass,-2.6575,3.0
selected_ols_av,pass,0.1327,7.0
selected_ols_av,pass,-0.4187,3.0
selected_ols_av,pass,-0.762,5.0
selected_ols_av,pass,0.0287,5.0
selected_ols_av,pass,-0.6411,5.0
selected_ols_av,pass,-0.1938,0.0
selected_ols_av,pass,0.58,6.0
selected_ols_av,pass,0.0287,4.0
selected_ols_av,pass,-1.0884,0.0
selected_ols_av,pass,-2.6575,4.0
selected_ols_av,pass,-1.0884,0.0
selected_ols_av,pass,0.2535,0.0
selected_ols_av,pass,0.1327,0.0
selected_ols_av,pass,-0.866,0.0
selected_ols_av,pass,-1.5404,9.0
selected_ols_av,pass,1.2544,1.0
selected_ols_av,pass,-0.6411,2.0
selected_ols_av,pass,-0.3147,1.0
selected_ols_av,pass,-0.6411,0.0
selected_ols_av,pass,0.1327,0.0
selected_ols_av,pass,0.0287,0.0
selected_ols_av,pass,-1.0884,0.0
selected_ols_av,pass,-1.0884,2.0
selected_ols_av,pass,-0.6411,0.0
selected_ols_av,pass,-0.3147,2.0
selected_ols_av,pass,0.476,8.0
selected_ols_av,pass,-1.0884,3.0
selected_ols_av,pass,-0.3147,0.0
selected_ols_av,pass,-1.5404,3.0
selected_ols_av,pass,1.7017,7.0
selected_ols_av,pass,1.2544,6.0
selected_ols_av,pass,-0.1938,4.0
selected_ols_av,pass,-0.3147,4.0
selected_ols_av,pass,-1.9877,4.0
selected_ols_av,pass,0.0287,0.0
selected_ols_av,pass,-2.2101,2.0
selected_ols_av,pass,1.7017,8.0
selected_ols_av,pass,-0.762,2.0
selected_ols_av,pass,-1.093,4.0
selected_ols_av,pass,1.2544,7.0
selected_ols_av,pass,-2.6575,4.0
selected_ols_av,pass,-0.3147,6.0
selected_ols_av,pass,-0.3147,4.0
selected_ols_av,pass,-1.9877,1.0
selected_ols_av,pass,0.1327,4.0
selected_ols_av,pass,1.2544,6.0
selected_ols_av,pass,0.3597,7.0
selected_ols_av,pass,-1.0884,3.0
selected_ols_av,pass,0.58,6.0
selected_ols_av,pass,-1.093,3.0
selected_ols_av,pass,-0.3147,3.0
selected_ols_av,pass,0.0287,7.0
selected_ols_av,pass,-0.6411,3.0
selected_ols_av,pass,-0.6411,0.0
selected_ols_av,pass,-1.7628,3.0
selected_ols_av,pass,1.7017,7.0
selected_ols_av,pass,-0.762,3.0
selected_ols_av,pass,-0.4187,3.0
selected_ols_av,pass,-0.1938,0.0
selected_ols_av,pass,-0.3147,0.0
selected_ols_av,pass,0.0287,0.0
selected_ols_av,pass,-1.0884,0.0
selected_ols_av,pass,-0.4187,0.0
selected_ols_av,pass,-0.1938,0.0
selected_ols_av,pass,-1.5357,0.0
selected_ols_av,pass,0.58,0.0
selected_ols_av,pass,0.476,0.0
selected_ols_av,pass,-0.1938,0.0
selected_ols_av,pass,-1.5357,0.0
selected_ols_av,pass,-0.3147,0.0
selected_ols_av,pass,-0.762,1.0
selected_ols_av,pass,1.2544,5.0
selected_ols_av,pass,0.58,1.0
selected_ols_av,pass,-1.9877,9.0
selected_ols_av,pass,-0.6411,6.0
selected_ols_av,pass,-1.7628,1.0
selected_ols_av,pass,-0.3147,9.0
selected_ols_av,pass,-0.4187,1.0
selected_ols_av,pass,-2.6575,2.0
selected_ols_av,pass,1.2544,8.0
selected_ols_av,pass,-0.3147,2.0
selected_ols_av,pass,0.476,0.0
selected_ols_av,pass,-0.3147,0.0
selected_ols_av,pass,0.0287,0.0
selected_ols_av,pass,-0.6411,0.0
selected_ols_av,pass,-0.6411,0.0
selected_ols_av,pass,-2.2101,2.0
selected_ols_av,pass,-0.762,8.0
selected_ols_av,pass,0.476,2.0
selected_ols_av,pass,-0.6411,2.0
selected_ols_av,pass,1.7017,7.0
selected_ols_av,pass,-0.3147,3.0
selected_ols_av,pass,-1.093,1.0
selected_ols_av,pass,-1.2093,3.0
selected_ols_av,pass,0.9233,9.0
selected_ols_av,pass,-1.0884,1.0
selected_ols_av,pass,-1.0884,0.0
selected_ols_av,pass,-0.3147,1.0
selected_ols_av,pass,1.7017,9.0
selected_ols_av,pass,-1.0884,1.0
selected_ols_av,pass,0.1327,0.0
selected_ols_av,pass,-1.9877,1.0
selected_ols_av,pass,-0.6411,0.0
selected_ols_av,pass,-1.7628,3.0
selected_ols_av,pass,-0.3147,7.0
selected_ols_av,pass,-0.4187,3.0
selected_ols_av,pass,-0.3147,3.0
selected_ols_av,pass,0.476,0.0
selected_ols_av,pass,-2.6575,3.0
selected_ols_av,pass,1.2544,7.0
selected_ols_av,pass,-0.4187,6.0
selected_ols_av,pass,-2.6575,4.0
selected_ols_av,pass,2.149,6.0
selected_ols_av,pass,-0.3147,4.0
selected_ols_av,pass,0.1327,0.0
selected_ols_av,pass,0.0287,0.0
selected_ols_av,pass,-0.1938,0.0
selected_ols_av,pass,-1.5357,0.0
selected_ols_av,pass,-1.0884,2.0
selected_ols_av,pass,-0.3147,0.0
selected_ols_av,pass,-1.5404,2.0
selected_ols_av,pass,1.7017,8.0
selected_ols_av,pass,-1.093,5.0
selected_ols_av,pass,0.807,5.0
selected_ols_av,pass,-0.1938,5.0
selected_ols_av,pass,-0.762,4.0
selected_ols_av,pass,-0.6411,0.0
selected_ols_av,pass,-0.3147,0.0
selected_ols_av,pass,0.0287,0.0
selected_ols_av,pass,-0.6411,0.0
selected_ols_av,pass,-1.5404,5.0
selected_ols_av,pass,1.2544,5.0
selected_ols_av,pass,-0.1938,5.0
selected_ols_av,pass,-0.762,0.0
selected_ols_av,pass,-1.0884,0.0
selected_ols_av,pass,0.1327,4.0
selected_ols_av,pass,0.0287,6.0
selected_ols_av,pass,-0.6411,4.0
selected_ols_av,pass,1.7017,4.0
selected_ols_av,pass,-0.3147,6.0
selected_ols_av,pass,-0.866,4.0
selected_ols_av,pass,-1.7628,6.0
selected_ols_av,pass,0.1327,3.0
selected_ols_av,pass,-0.4187,5.0
selected_ols_av,pass,-3.1048,3.0
selected_ols_av,pass,2.149,7.0
selected_ols_av,pass,-0.3147,0.0
selected_ols_av,pass,0.0287,0.0
selected_ols_av,pass,-0.6411,0.0
selected_ols_av,pass,-0.6411,0.0
selected_ols_av,pass,-0.1938,0.0
selected_ols_av,pass,-0.762,0.0
selected_ols_av,pass,0.476,0.0
selected_ols_av,pass,-1.0884,0.0
selected_ols_av,pass,-1.0884,0.0
selected_ols_av,pass,-0.1938,0.0
selected_ols_av,pass,-0.762,0.0
selected_ols_av,pass,0.476,0.0
selected_ols_av,pass,0.3597,4.0
selected_ols_av,pass,-0.1938,6.0
selected_ols_av,pass,0.58,5.0
selected_ols_av,pass,-1.9877,6.0
selected_ols_av,pass,0.2535,0.0
selected_ols_av,pass,-0.6411,0.0
selected_ols_av,pass,-1.2093,0.0
selected_ols_av,pass,0.0287,0.0
selected_ols_av,pass,-2.2101,5.0
selected_ols_av,pass,-0.762,3.0
selected_ols_av,pass,0.1327,7.0
selected_ols_av,pass,0.0287,3.0
selected_ols_av,pass,-2.2101,3.0
selected_ols_av,pass,1.0273,7.0
selected_ols_av,pass,-1.9877,3.0
selected_ols_av,pass,0.3597,7.0
selected_ols_av,pass,1.2544,6.0
selected_ols_av,pass,-2.2101,1.0
selected_ols_av,pass,-0.3147,9.0
selected_ols_av,pass,-1.5404,1.0
selected_ols_av,pass,0.476,0.0
selected_ols_av,pass,-2.6575,0.0
selected_ols_av,pass,1.7017,10.0
selected_ols_av,pass,-0.762,0.0
selected_ols_av,pass,-1.2093,0.0
selected_ols_av,pass,0.0287,0.0
selected_ols_av,pass,-0.1938,0.0
selected_ols_av,pass,-0.1938,0.0
selected_ols_av,pass,-1.5357,0.0
selected_ols_av,pass,0.1327,5.0
selected_ols_av,pass,0.0287,5.0
selected_ols_av,pass,-0.1938,5.0
selected_ols_av,pass,-1.093,4.0
selected_ols_av,pass,0.3597,6.0
selected_ols_av,pass,-0.6411,4.0
selected_ols_av,pass,0.1327,0.0
selected_ols_av,pass,-3.1048,2.0
selected_ols_av,pass,0.1327,7.0
selected_ols_av,pass,-1.5404,2.0
selected_ols_av,pass,1.7017,9.0
selected_ols_av,pass,-0.3147,1.0
selected_ols_av,pass,0.0287,9.0
selected_ols_av,pass,-1.5357,1.0
selected_ols_av,pass,-1.3155,4.0
selected_ols_av,pass,-0.4187,0.0
selected_ols_av,pass,-1.0884,0.0
selected_ols_av,pass,-0.1938,0.0
selected_ols_av,pass,0.1327,0.0
selected_ols_av,pass,-0.3147,0.0
selected_ols_av,pass,0.0287,0.0
selected_ols_av,pass,-1.0884,0.0
selected_ols_av,pass,-0.1938,0.0
selected_ols_av,pass,-0.1938,1.0
selected_ols_av,pass,-1.7628,5.0
selected_ols_av,pass,-0.762,1.0
selected_ols_av,pass,-0.4187,9.0
selected_ols_av,pass,-1.093,3.0
selected_ols_av,pass,0.3597,7.0
selected_ols_av,pass,-1.0884,3.0
selected_ols_av,pass,0.58,6.0
selected_ols_av,pass,-2.2101,2.0
selected_ols_av,pass,-0.762,8.0
selected_ols_av,pass,0.476,2.0
selected_ols_av,pass,-0.6411,0.0
selected_ols_av,pass,-0.762,5.0
selected_ols_av,pass,0.476,5.0
selected_ols_av,pass,0.2535,5.0
selected_ols_av,pass,-3.1048,2.0
selected_ols_av,pass,0.476,8.0
selected_ols_av,pass,-0.1938,2.0
selected_ols_av,pass,-0.6411,0.0
selected_ols_av,pass,-1.2093,2.0
selected_ols_av,pass,-1.093,2.0
selected_ols_av,pass,0.807,8.0
selected_ols_av,pass,-1.0884,2.0
selected_ols_av,pass,0.1327,0.0
selected_ols_av,pass,0.476,6.0
selected_ols_av,pass,-0.6411,4.0
selected_ols_av,pass,-2.2101,3.0
selected_ols_av,pass,-0.762,4.0
selected_ols_av,pass,-3.1048,5.0
selected_ols_av,pass,0.1327,5.0
selected_ols_av,pass,0.476,5.0
selected_ols_av,pass,-0.6411,0.0
selected_ols_av,pass,1.2544,4.0
selected_ols_av,pass,-0.6411,6.0
selected_ols_av,pass,0.58,0.0
selected_ols_av,pass,-2.435,6.0
selected_ols_av,pass,-0.6411,0.0
selected_ols_av,pass,-1.2093,0.0
selected_ols_av,pass,0.0287,0.0
selected_ols_av,pass,0.2535,0.0
selected_ols_av,pass,0.0287,0.0
selected_ols_av,pass,-2.6575,4.0
selected_ols_av,pass,1.2544,6.0
selected_ols_av,pass,0.1327,4.0
selected_ols_av,pass,0.807,6.0
selected_ols_av,pass,-0.762,4.0
selected_ols_av,pass,0.9233,0.0
selected_ols_av,pass,-2.2101,4.0
selected_ols_av,pass,-1.093,9.0
selected_ols_av,pass,1.2544,1.0
selected_ols_av,pass,-0.6411,2.0
selected_ols_av,pass,-0.762,1.0
selected_ols_av,pass,0.0287,5.0
selected_ols_av,pass,-2.2101,2.0
selected_ols_av,pass,1.2544,8.0
selected_ols_av,pass,-0.3147,2.0
selected_ols_av,pass,-1.2093,3.0
selected_ols_av,pass,-0.6457,3.0
selected_ols_av,pass,1.7017,7.0
selected_ols_av,pass,-1.0884,3.0
selected_ols_av,pass,0.1327,5.0
selected_ols_av,pass,0.807,5.0
selected_ols_av,pass,0.1327,5.0
selected_ols_av,pass,-1.9877,2.0
selected_ols_av,pass,0.807,7.0
selected_ols_av,pass,-0.762,3.0
selected_ols_av,pass,0.476,8.0
selected_ols_av,pass,-1.7628,3.0
selected_ols_av,pass,-1.9877,2.0
selected_ols_av,pass,1.2544,8.0
selected_ols_av,pass,-1.0884,2.0
selected_ols_av,pass,0.58,0.0
selected_ols_av,pass,-0.3147,0.0
selected_ols_av,pass,-0.4187,0.0
selected_ols_av,pass,-0.6411,0.0
selected_ols_av,pass,-0.1938,0.0
selected_ols_av,pass,0.807,4.0
selected_ols_av,pass,-1.0884,6.0
selected_ols_av,pass,0.58,0.0
selected_ols_av,pass,-1.5404,6.0
selected_ols_av,pass,-1.2093,3.0
selected_ols_av,pass,0.9233,7.0
selected_ols_av,pass,-1.0884,3.0
selected_ols_av,pass,-0.1938,0.0
selected_ols_av,pass,-0.6411,0.0
selected_ols_av,pass,-2.2101,5.0
selected_ols_av,pass,-0.3147,5.0
selected_ols_av,pass,0.0287,5.0
selected_ols_av,pass,-1.5404,6.0
selected_ols_av,pass,1.2544,4.0
selected_ols_av,pass,-0.6411,6.0
selected_ols_av,pass,-0.3147,7.0
selected_ols_av,pass,-2.435,3.0
selected_ols_av,pass,1.2544,7.0
selected_ols_av,pass,-0.6411,3.0
selected_ols_av,pass,0.58,0.0
selected_ols_av,pass,0.0287,0.0
selected_ols_av,pass,-0.1938,0.0
selected_ols_av,pass,-1.0884,0.0
selected_ols_av,pass,-0.3147,0.0
selected_ols_av,pass,1.2544,2.0
selected_ols_av,pass,-1.5357,3.0
selected_ols_av,pass,0.1327,2.0
selected_ols_av,pass,-1.093,8.0
selected_ols_av,pass,1.2544,5.0
selected_ols_av,pass,0.58,5.0
selected_ols_av,pass,-0.4187,0.0
selected_ols_av,pass,-2.6575,5.0
selected_ols_av,pass,-1.7628,2.0
selected_ols_av,pass,-0.762,3.0
selected_ols_av,pass,-0.3147,7.0
selected_ols_av,pass,0.0287,3.0
selected_ols_av,pass,-1.9877,5.0
selected_ols_av,pass,0.807,5.0
selected_ols_av,pass,-0.1938,5.0
selected_ols_av,pass,0.1327,6.0
selected_ols_av,pass,0.807,7.0
selected_ols_av,pass,-1.2093,3.0
selected_ols_av,pass,-0.6457,5.0
selected_ols_av,pass,0.1327,3.0
selected_ols_av,pass,0.0287,3.0
selected_ols_av,pass,-0.6411,0.0
selected_ols_av,pass,-2.6575,3.0
selected_ols_av,pass,0.1327,7.0
selected_ols_av,pass,-0.3147,8.0
selected_ols_av,pass,0.476,2.0
selected_ols_av,pass,-0.6411,0.0
selected_ols_av,pass,-2.6575,2.0
selected_ols_av,pass,0.807,7.0
selected_ols_av,pass,-0.762,3.0
selected_ols_av,pass,0.476,0.0
selected_ols_av,pass,-1.7628,3.0
selected_ols_av,pass,-0.3147,0.0
selected_ols_av,pass,-1.9877,1.0
selected_ols_av,pass,2.149,9.0
selected_ols_av,pass,-1.0884,1.0
selected_ols_av,pass,-0.4187,0.0
selected_ols_av,pass,-0.6411,0.0
selected_ols_av,pass,-0.1938,0.0
selected_ols_av,pass,-0.3147,0.0
selected_ols_av,pass,0.1327,5.0
selected_ols_av,pass,-0.4187,5.0
selected_ols_av,pass,-0.6411,0.0
selected_ols_av,pass,-2.2101,5.0
selected_ols_av,pass,-1.7628,6.0
selected_ols_av,pass,-0.762,4.0
selected_ols_av,pass,-1.9877,6.0
selected_ols_av,pass,1.7017,8.0
selected_ols_av,pass,0.2535,0.0
selected_ols_av,pass,-2.2101,4.0
selected_ols_av,pass,-1.2093,6.0
selected_ols_av,pass,0.0287,4.0
selected_ols_av,pass,-0.6411,5.0
selected_ols_av,pass,-0.3147,0.0
selected_ols_av,pass,-1.5404,5.0
selected_ols_av,pass,1.2544,5.0
selected_ols_av,pass,1.7017,6.0
selected_ols_av,pass,-0.6411,4.0
selected_ols_av,pass,-0.762,4.0
selected_ols_av,pass,-1.5404,4.0
selected_ols_av,pass,-1.5357,0.0
selected_ols_av,pass,0.1327,0.0
selected_ols_av,pass,0.0287,0.0
selected_ols_av,pass,-0.1938,0.0
selected_ols_av,pass,-0.3147,0.0
selected_ols_av,pass,0.476,0.0
selected_ols_av,pass,-0.6411,0.0
selected_ols_av,pass,-1.0884,0.0
selected_ols_av,pass,-1.7628,2.0
selected_ols_av,pass,1.2544,8.0
selected_ols_av,pass,-0.762,2.0
selected_ols_av,pass,0.0287,0.0
selected_ols_av,pass,1.7017,5.0
selected_ols_av,pass,-0.6411,5.0
selected_ols_av,pass,-0.762,4.0
selected_ols_av,pass,-1.5404,5.0
selected_ols_av,pass,0.1327,2.0
selected_ols_av,pass,0.0287,8.0
selected_ols_av,pass,-1.0884,2.0
selected_ols_av,pass,-0.6411,0.0
selected_ols_av,pass,1.2544,6.0
selected_ols_av,pass,-0.762,4.0
selected_ols_av,pass,0.0287,0.0
selected_ols_av,pass,-1.7628,4.0
selected_ols_av,pass,-1.0884,0.0
selected_ols_av,pass,-0.762,0.0
selected_ols_av,pass,0.0287,0.0
selected_ols_av,pass,0.2535,0.0
selected_ols_av,pass,-1.2093,4.0
selected_ols_av,pass,-0.4187,6.0
selected_ols_av,pass,0.2535,0.0
selected_ols_av,pass,-1.7628,6.0
selected_ols_av,pass,2.149,6.0
selected_ols_av,pass,-0.762,4.0
selected_ols_av,pass,-0.4187,6.0
selected_ols_av,pass,-2.2101,4.0
selected_ols_av,pass,-0.3147,4.0
selected_ols_av,pass,-1.5404,4.0
selected_ols_av,pass,-0.3147,4.0
selected_ols_av,pass,1.2544,6.0
selected_ols_av,pass,0.476,8.0
selected_ols_av,pass,-2.6575,3.0
selected_ols_av,pass,0.807,7.0
selected_ols_av,pass,0.1327,3.0
selected_ols_av,pass,-2.2101,3.0
selected_ols_av,pass,-0.3147,7.0
selected_ols_av,pass,-0.4187,3.0
selected_ols_av,pass,-0.1938,0.0
selected_ols_av,pass,-0.3147,6.0
selected_ols_av,pass,0.0287,4.0
selected_ols_av,pass,-0.6411,3.0
selected_ols_av,pass,-2.2101,4.0
selected_ols_av,pass,1.7017,9.0
selected_ols_av,pass,-0.3147,3.0
selected_ols_av,pass,-0.4187,7.0
selected_ols_av,pass,-2.2101,3.0
selected_ols_av,pass,0.807,5.0
selected_ols_av,pass,-0.1938,5.0
selected_ols_av,pass,-0.3147,3.0
selected_ols_av,pass,-1.5404,5.0
selected_ols_av,pass,-2.435,2.0
selected_ols_av,pass,1.2544,8.0
selected_ols_av,pass,-0.1938,2.0
selected_ols_av,pass,0.1327,4.0
selected_ols_av,pass,-1.5404,3.0
selected_ols_av,pass,1.7017,7.0
selected_ols_av,pass,-0.6411,3.0
selected_ols_av,pass,-0.762,0.0
selected_ols_av,pass,0.1327,0.0
selected_ols_av,pass,-0.6457,2.0
selected_ols_av,pass,0.3597,8.0
selected_ols_av,pass,-1.0884,2.0
selected_ols_av,pass,0.807,2.0
selected_ols_av,pass,-0.6411,3.0
selected_ols_av,pass,0.58,2.0
selected_ols_av,pass,-1.9877,8.0
selected_ols_av,pass,-0.3147,7.0
selected_ols_av,pass,0.0287,3.0
selected_ols_av,pass,-0.1938,0.0
selected_ols_av,pass,-2.6575,3.0
selected_ols_av,pass,0.476,4.0
selected_ols_av,pass,-2.2101,1.0
selected_ols_av,pass,0.807,9.0
selected_ols_av,pass,-0.3147,1.0
selected_ols_av,pass,0.0287,4.0
selected_ols_av,pass,-2.2101,3.0
selected_ols_av,pass,1.2544,7.0
selected_ols_av,pass,-0.3147,3.0
selected_ols_av,pass,0.58,5.0
selected_ols_av,pass,-2.435,3.0
selected_ols_av,pass,1.7017,7.0
selected_ols_av,pass,-1.0884,3.0
selected_ols_av,pass,0.476,0.0
selected_ols_av,pass,-1.0884,0.0
selected_ols_av,pass,-1.0884,0.0
selected_ols_av,pass,0.1327,0.0
selected_ols_av,pass,-0.3147,6.0
selected_ols_av,pass,-0.866,4.0
selected_ols_av,pass,0.2535,0.0
selected_ols_av,pass,-2.2101,4.0
selected_ols_av,pass,-0.6411,0.0
selected_ols_av,pass,-0.762,0.0
selected_ols_av,pass,0.476,0.0
selected_ols_av,pass,-0.6411,0.0
selected_ols_av,pass,-0.6411,0.0
selected_ols_av,pass,-2.6575,0.0
selected_ols_av,pass,0.58,10.0
selected_ols_av,pass,-0.4187,0.0
selected_ols_av,pass,-0.3147,3.0
selected_ols_av,pass,0.0287,0.0
selected_ols_av,pass,-2.6575,3.0
selected_ols_av,pass,1.7017,7.0
selected_ols_av,pass,-0.1938,4.0
selected_ols_av,pass,-2.6575,4.0
selected_ols_av,pass,0.1327,4.0
selected_ols_av,pass,-0.4187,6.0
selected_ols_av,pass,-0.762,3.0
selected_ols_av,pass,1.8179,5.0
selected_ols_av,pass,-3.1048,3.0
selected_ols_av,pass,0.807,7.0
selected_ols_av,pass,0.3597,7.0
selected_ols_av,pass,-0.6411,3.0
selected_ols_av,pass,0.1327,0.0
selected_ols_av,pass,-1.093,3.0
selected_ols_av,pass,-1.5404,2.0
selected_ols_av,pass,1.7017,8.0
selected_ols_av,pass,-0.6411,2.0
selected_ols_av,pass,-0.762,9.0
selected_ols_av,pass,0.58,3.0
selected_ols_av,pass,-0.4187,0.0
selected_ols_av,pass,-2.6575,3.0
selected_ols_av,pass,1.2544,7.0
selected_ols_av,pass,-1.9877,4.0
selected_ols_av,pass,1.7017,6.0
selected_ols_av,pass,-0.6411,4.0
selected_ols_av,pass,-0.3147,5.0
selected_ols_av,pass,0.7008,0.0
selected_ols_av,pass,-1.2093,0.0
selected_ols_av,pass,0.476,0.0
selected_ols_av,pass,-1.5357,0.0
selected_ols_av,pass,-1.5404,4.0
selected_ols_av,pass,-0.762,3.0
selected_ols_av,pass,0.807,7.0
selected_ols_av,pass,0.58,3.0
selected_ols_av,pass,-1.5357,0.0
selected_ols_av,pass,-2.2101,5.0
selected_ols_av,pass,0.58,5.0
selected_ols_av,pass,0.0287,5.0
selected_ols_av,pass,0.1327,6.0
selected_ols_av,pass,-1.5404,4.0
selected_ols_av,pass,1.2544,6.0
selected_ols_av,pass,-1.0884,4.0
selected_ols_av,pass,-2.2101,1.0
selected_ols_av,pass,2.149,9.0
selected_ols_av,pass,-0.762,1.0
selected_ols_av,pass,-0.4187,6.0
selected_ols_av,pass,-0.4187,6.0
selected_ols_av,pass,-0.6411,0.0
selected_ols_av,pass,-2.2101,6.0
selected_ols_av,pass,0.1327,4.0
selected_ols_av,pass,0.807,5.0
selected_ols_av,pass,-1.5357,5.0
selected_ols_av,pass,0.1327,0.0
selected_ols_av,pass,-0.6457,5.0
selected_ols_av,pass,1.7017,8.0
selected_ols_av,pass,-0.762,2.0
selected_ols_av,pass,0.0287,0.0
selected_ols_av,pass,-2.2101,2.0
selected_ols_av,pass,-1.9877,6.0
selected_ols_av,pass,1.2544,4.0
selected_ols_av,pass,-0.1938,5.0
selected_ols_av,pass,-0.3147,4.0
selected_ols_av,pass,-0.3147,4.0
selected_ols_av,pass,-0.4187,0.0
selected_ols_av,pass,-2.6575,4.0
selected_ols_av,pass,2.149,6.0
selected_ols_av,pass,0.1327,0.0
selected_ols_av,pass,-1.5404,4.0
selected_ols_av,pass,0.807,6.0
selected_ols_av,pass,-0.6411,4.0
selected_ols_av,pass,-0.1938,1.0
selected_ols_av,pass,0.1327,0.0
selected_ols_av,pass,-1.9877,1.0
selected_ols_av,pass,0.807,9.0
selected_ols_av,pass,-0.762,0.0
selected_ols_av,pass,-1.5404,4.0
selected_ols_av,pass,1.7017,6.0
selected_ols_av,pass,-0.6411,4.0
selected_ols_av,pass,1.2544,7.0
selected_ols_av,pass,-0.3147,3.0
selected_ols_av,pass,-0.4187,2.0
selected_ols_av,pass,-1.7628,3.0
selected_ols_av,pass,-1.093,3.0
selected_ols_av,pass,1.2544,7.0
selected_ols_av,pass,-1.5357,3.0
selected_ols_av,pass,0.1327,0.0
selected_ols_av,pass,-1.2093,3.0
selected_ols_av,pass,-1.5404,7.0
selected_ols_av,pass,1.2544,3.0
selected_ols_av,pass,0.2535,3.0
selected_ols_av,pass,-1.093,3.0
selected_ols_av,pass,0.807,7.0
selected_ols_av,pass,-0.1938,3.0
selected_ols_av,pass,-0.762,7.0
selected_ols_av,pass,-0.762,0.0
selected_ols_av,pass,0.476,0.0
selected_ols_av,pass,-0.1938,0.0
selected_ols_av,pass,-1.0884,0.0
selected_ols_av,pass,-0.1938,0.0
selected_ols_av,pass,-0.762,4.0
selected_ols_av,pass,-0.4187,6.0
selected_ols_av,pass,-0.1938,4.0
selected_ols_av,pass,-0.4187,9.0
selected_ols_av,pass,-1.0884,1.0
selected_ols_av,pass,0.2535,0.0
selected_ols_av,pass,-0.3147,1.0
selected_ols_av,pass,0.58,3.0
selected_ols_av,pass,0.476,0.0
selected_ols_av,pass,-2.6575,3.0
selected_ols_av,pass,0.3597,7.0
selected_ols_av,pass,1.2544,7.0
selected_ols_av,pass,-0.3147,3.0
selected_ols_av,pass,0.0287,0.0
selected_ols_av,pass,-2.2101,3.0
selected_ols_av,pass,-0.4187,2.0
selected_ols_av,pass,-0.6411,0.0
selected_ols_av,pass,-2.6575,2.0
selected_ols_av,pass,0.58,8.0
selected_ols_av,pass,-2.6575,1.0
selected_ols_av,pass,-0.762,9.0
selected_ols_av,pass,0.9233,1.0
selected_ols_av,pass,-0.6411,0.0
selected_ols_av,pass,-0.762,6.0
selected_ols_av,pass,0.0287,4.0
selected_ols_av,pass,-0.6411,0.0
selected_ols_av,pass,-1.7628,4.0
selected_ols_av,pass,0.9233,8.0
selected_ols_av,pass,-1.0884,2.0
selected_ols_av,pass,-1.0884,0.0
selected_ols_av,pass,-0.3147,2.0
selected_ols_av,pass,0.2535,0.0
selected_ols_av,pass,-2.2101,3.0
selected_ols_av,pass,-0.762,7.0
selected_ols_av,pass,-0.4187,3.0
selected_ols_av,pass,-2.6575,3.0
selected_ols_av,pass,-0.3147,1.0
selected_ols_av,pass,0.476,9.0
selected_ols_av,pass,-0.6411,1.0
selected_ols_av,pass,-0.1938,2.0
selected_ols_av,pass,0.1327,0.0
selected_ols_av,pass,-1.5404,2.0
selected_ols_av,pass,0.3597,8.0
selected_ols_av,pass,-1.7628,3.0
selected_ols_av,pass,-0.3147,7.0
selected_ols_av,pass,-0.4187,3.0
selected_ols_av,pass,-0.6411,0.0
selected_ols_av,pass,0.2535,6.0
selected_ols_av,pass,-1.0884,0.0
selected_ols_av,pass,0.1327,6.0
selected_ols_av,pass,-0.866,4.0
selected_ols_av,pass,-0.3147,3.0
selected_ols_av,pass,-1.9877,7.0
selected_ols_av,pass,0.3597,3.0
selected_ols_av,pass,0.7008,3.0
selected_ols_av,pass,-0.6411,0.0
selected_ols_av,pass,-0.3147,4.0
selected_ols_av,pass,-0.4187,6.0
selected_ols_av,pass,-0.1938,4.0
selected_ols_av,pass,-2.2101,6.0
selected_ols_av,pass,1.2544,4.0
selected_ols_av,pass,-0.3147,6.0
selected_ols_av,pass,0.0287,5.0
selected_ols_av,pass,-0.1938,0.0
selected_ols_av,pass,-2.6575,2.0
selected_ols_av,pass,-0.762,8.0
selected_ols_av,pass,0.476,2.0
selected_ols_av,pass,-2.6575,2.0
selected_ols_av,pass,1.7017,8.0
selected_ols_av,pass,-0.3147,2.0
selected_ols_av,pass,0.0287,6.0
selected_ols_av,pass,0.0287,8.0
selected_ols_av,pass,-0.1938,2.0
selected_ols_av,pass,-0.1938,0.0
selected_ols_av,pass,-1.2093,2.0
selected_ols_av,pass,-0.6411,0.0
selected_ols_av,pass,-0.762,0.0
selected_ols_av,pass,0.476,0.0
selected_ols_av,pass,-0.6411,0.0
selected_ols_av,pass,-1.093,4.0
selected_ols_av,pass,0.3597,6.0
selected_ols_av,pass,-2.6575,4.0
selected_ols_av,pass,0.58,6.0
selected_ols_av,pass,-0.6411,0.0
selected_ols_av,pass,-0.3147,0.0
selected_ols_av,pass,0.0287,0.0
selected_ols_av,pass,-0.6411,0.0
selected_ols_av,pass,0.1327,3.0
selected_ols_av,pass,0.0287,0.0
selected_ols_av,pass,-2.2101,3.0
selected_ols_av,pass,0.807,7.0
selected_ols_av,pass,-0.6411,2.0
selected_ols_av,pass,0.1327,8.0
selected_ols_av,pass,-1.9877,2.0
selected_ols_av,pass,1.2544,8.0
selected_ols_av,pass,-2.6575,3.0
selected_ols_av,pass,-1.2093,5.0
selected_ols_av,pass,1.3706,5.0
selected_ols_av,pass,-0.6411,5.0
selected_ols_av,pass,-0.6411,2.0
selected_ols_av,pass,-0.762,5.0
selected_ols_av,pass,-1.9877,2.0
selected_ols_av,pass,2.149,8.0
selected_ols_av,pass,0.3597,2.0
selected_ols_av,pass,0.2535,5.0
selected_ols_av,pass,-0.3147,2.0
selected_ols_av,pass,-1.5404,8.0
selected_ols_av,pass,0.3597,9.0
selected_ols_av,pass,0.1327,1.0
selected_ols_av,pass,0.0287,0.0
selected_ols_av,pass,-1.7628,1.0
selected_ols_av,pass,-1.9877,3.0
selected_ols_av,pass,0.807,7.0
selected_ols_av,pass,-0.6411,3.0
selected_ols_av,pass,0.58,5.0
selected_ols_av,pass,-0.762,1.0
selected_ols_av,pass,1.8179,0.0
selected_ols_av,pass,-3.1048,1.0
selected_ols_av,pass,0.807,9.0
selected_ols_av,pass,-0.6411,4.0
selected_ols_av,pass,-0.3147,3.0
selected_ols_av,pass,-1.5404,4.0
selected_ols_av,pass,1.2544,6.0
selected_ols_av,pass,-1.0884,4.0
selected_ols_av,pass,0.1327,0.0
selected_ols_av,pass,-1.9877,4.0
selected_ols_av,pass,1.7017,6.0
selected_ols_av,pass,0.1327,0.0
selected_ols_av,pass,-1.093,4.0
selected_ols_av,pass,1.2544,6.0
selected_ols_av,pass,-1.5357,4.0
selected_ols_av,pass,-0.4187,0.0
selected_ols_av,pass,-0.6411,0.0
selected_ols_av,pass,-0.1938,0.0
selected_ols_av,pass,-0.3147,0.0
selected_ols_av,pass,0.807,6.0
selected_ols_av,pass,-0.6411,4.0
selected_ols_av,pass,-0.762,0.0
selected_ols_av,pass,-0.6457,4.0
selected_ols_av,pass,0.476,0.0
selected_ols_av,pass,-1.0884,0.0
selected_ols_av,pass,-0.6411,0.0
selected_ols_av,pass,-0.3147,0.0
selected_ols_av,pass,-1.093,2.0
selected_ols_av,pass,1.2544,8.0
selected_ols_av,pass,-0.1938,2.0
selected_ols_av,pass,-1.2093,2.0
selected_ols_av,pass,-1.0884,4.0
selected_ols_av,pass,-0.1938,0.0
selected_ols_av,pass,-0.3147,4.0
selected_ols_av,pass,0.0287,6.0
selected_ols_av,pass,-0.6411,0.0
selected_ols_av,pass,-0.3147,5.0
selected_ols_av,pass,0.476,5.0
selected_ols_av,pass,-1.0884,5.0
selected_ols_av,pass,1.7017,5.0
selected_ols_av,pass,-1.5357,5.0
selected_ols_av,pass,-0.762,0.0
selected_ols_av,pass,-0.6457,5.0
selected_ols_av,pass,-0.762,0.0
selected_ols_av,pass,0.0287,0.0
selected_ols_av,pass,-0.1938,0.0
selected_ols_av,pass,-0.6411,0.0
selected_ols_av,pass,-0.4187,6.0
selected_ols_av,pass,-0.6411,4.0
selected_ols_av,pass,-0.1938,0.0
selected_ols_av,pass,-0.3147,4.0
selected_ols_av,pass,-1.093,2.0
selected_ols_av,pass,0.807,8.0
selected_ols_av,pass,-0.1938,2.0
selected_ols_av,pass,-0.762,3.0
selected_ols_av,pass,0.0287,5.0
selected_ols_av,pass,-1.0884,4.0
selected_ols_av,pass,-2.2101,5.0
selected_ols_av,pass,0.1327,5.0
selected_ols_av,pass,-2.6575,5.0
selected_ols_av,pass,1.2544,5.0
selected_ols_av,pass,-1.2093,5.0
selected_ols_av,pass,1.3706,5.0
selected_ols_av,pass,0.476,0.0
selected_ols_av,pass,-2.6575,3.0
selected_ols_av,pass,1.2544,7.0
selected_ols_av,pass,-0.3147,3.0
selected_ols_av,pass,0.807,6.0
selected_ols_av,pass,-1.0884,4.0
selected_ols_av,pass,0.58,6.0
selected_ols_av,pass,-1.5404,4.0
selected_ols_av,pass,0.0287,0.0
selected_ols_av,pass,-0.1938,0.0
selected_ols_av,pass,-1.0884,0.0
selected_ols_av,pass,-0.3147,0.0
selected_ols_av,pass,1.2544,9.0
selected_ols_av,pass,-0.1938,1.0
selected_ols_av,pass,-0.762,4.0
selected_ols_av,pass,-1.5404,1.0
selected_ols_av,pass,0.0287,4.0
selected_ols_av,pass,-1.7628,2.0
selected_ols_av,pass,0.807,8.0
selected_ols_av,pass,-0.3147,2.0
selected_ols_av,pass,-0.3147,6.0
selected_ols_av,pass,0.0287,4.0
selected_ols_av,pass,-1.0884,0.0
selected_ols_av,pass,-1.7628,4.0
selected_ols_av,pass,0.476,8.0
selected_ols_av,pass,-2.6575,0.0
selected_ols_av,pass,1.7017,10.0
selected_ols_av,pass,-0.762,0.0
selected_ols_av,pass,-0.6411,3.0
selected_ols_av,pass,-0.762,0.0
selected_ols_av,pass,-1.5404,3.0
selected_ols_av,pass,1.7017,7.0
selected_ols_av,pass,-0.1938,3.0
selected_ols_av,pass,-0.3147,8.0
selected_ols_av,pass,-1.9877,3.0
selected_ols_av,pass,1.2544,7.0
selected_ols_av,pass,-0.762,0.0
selected_ols_av,pass,0.9233,0.0
selected_ols_av,pass,-0.6411,0.0
selected_ols_av,pass,-1.0884,0.0
selected_ols_av,pass,1.7017,5.0
selected_ols_av,pass,-0.6411,5.0
selected_ols_av,pass,0.1327,6.0
selected_ols_av,pass,-2.435,5.0
selected_ols_av,pass,-0.6411,0.0
selected_ols_av,pass,-0.3147,2.0
selected_ols_av,pass,0.476,8.0
selected_ols_av,pass,-1.0884,2.0
selected_ols_av,pass,0.1327,5.0
selected_ols_av,pass,-0.4187,5.0
selected_ols_av,pass,-0.6411,0.0
selected_ols_av,pass,-2.2101,5.0
selected_ols_av,pass,-1.0884,3.0
selected_ols_av,pass,0.1327,0.0
selected_ols_av,pass,-1.093,3.0
selected_ols_av,pass,0.807,7.0
selected_ols_av,pass,-0.6411,0.0
selected_ols_av,pass,-1.0884,0.0
selected_ols_av,pass,-0.3147,0.0
selected_ols_av,pass,0.476,0.0
selected_ols_av,pass,1.2544,7.0
selected_ols_av,pass,-0.6411,3.0
selected_ols_av,pass,0.1327,4.0
selected_ols_av,pass,-1.9877,3.0
selected_ols_av,pass,0.0287,0.0
selected_ols_av,pass,-0.1938,0.0
selected_ols_av,pass,-1.5357,0.0
selected_ols_av,pass,0.1327,0.0
selected_ols_av,pass,-1.5404,2.0
selected_ols_av,pass,1.2544,8.0
selected_ols_av,pass,-1.0884,2.0
selected_ols_av,pass,0.1327,2.0
selected_ols_av,pass,-0.3147,4.0
selected_ols_av,pass,0.0287,6.0
selected_ols_av,pass,-0.6411,0.0
selected_ols_av,pass,-2.2101,6.0
selected_ols_av,pass,-0.6411,0.0
selected_ols_av,pass,-1.0884,0.0
selected_ols_av,pass,0.1327,0.0
selected_ols_av,pass,0.0287,0.0
selected_ols_av,pass,-0.4187,3.0
selected_ols_av,pass,-2.6575,2.0
selected_ols_av,pass,0.58,3.0
selected_ols_av,pass,-0.3147,7.0
selected_ols_av,pass,-0.762,3.0
selected_ols_av,pass,0.476,0.0
selected_ols_av,pass,-2.2101,3.0
selected_ols_av,pass,1.2544,7.0
selected_ols_av,pass,-1.0884,0.0
selected_ols_av,pass,-2.6575,6.0
selected_ols_av,pass,-0.3147,4.0
selected_ols_av,pass,0.9233,6.0
selected_ols_av,pass,-0.6411,1.0
selected_ols_av,pass,-0.3147,4.0
selected_ols_av,pass,-1.5404,1.0
selected_ols_av,pass,1.2544,9.0
selected_ols_av,pass,0.0287,0.0
selected_ols_av,pass,-0.6411,0.0
selected_ols_av,pass,-1.0884,0.0
selected_ols_av,pass,0.1327,0.0
selected_ols_av,pass,-2.6575,5.0
selected_ols_av,pass,0.1327,5.0
selected_ols_av,pass,-1.093,5.0
selected_ols_av,pass,0.807,7.0
selected_ols_av,pass,0.807,7.0
selected_ols_av,pass,-0.6411,3.0
selected_ols_av,pass,0.1327,0.0
selected_ols_av,pass,-1.5404,3.0
selected_ols_av,pass,-2.2101,0.0
selected_ols_av,pass,1.2544,10.0
selected_ols_av,pass,-0.3147,0.0
selected_ols_av,pass,0.0287,3.0
selected_ols_av,pass,-0.1938,0.0
selected_ols_av,pass,-0.1938,0.0
selected_ols_av,pass,-0.3147,0.0
selected_ols_av,pass,-0.866,0.0
selected_ols_av,pass,0.0287,0.0
selected_ols_av,pass,-0.6411,0.0
selected_ols_av,pass,-0.6411,0.0
selected_ols_av,pass,-0.3147,0.0
selected_ols_av,pass,-0.6411,0.0
selected_ols_av,pass,-0.762,0.0
selected_ols_av,pass,0.476,0.0
selected_ols_av,pass,-0.6411,0.0
selected_ols_av,pass,0.0287,4.0
selected_ols_av,pass,-1.0884,6.0
selected_ols_av,pass,-2.6575,3.0
selected_ols_av,pass,0.58,6.0
selected_ols_av,pass,-0.6411,0.0
selected_ols_av,pass,-1.0884,0.0
selected_ols_av,pass,0.1327,0.0
selected_ols_av,pass,0.0287,0.0
selected_ols_av,pass,-0.762,6.0
selected_ols_av,pass,-1.093,4.0
selected_ols_av,pass,1.2544,6.0
selected_ols_av,pass,-0.6411,4.0
selected_ols_av,pass,1.7017,5.0
selected_ols_av,pass,-1.0884,5.0
selected_ols_av,pass,0.58,0.0
selected_ols_av,pass,-2.435,5.0
selected_ols_av,pass,-0.6411,4.0
selected_ols_av,pass,-1.7628,6.0
selected_ols_av,pass,-0.762,4.0
selected_ols_av,pass,0.0287,6.0
selected_ols_av,pass,-1.0884,2.0
selected_ols_av,pass,-0.6411,0.0
selected_ols_av,pass,-0.3147,2.0
selected_ols_av,pass,0.476,8.0
selected_ols_av,pass,1.2544,4.0
selected_ols_av,pass,0.2535,6.0
selected_ols_av,pass,-0.762,4.0
selected_ols_av,pass,-1.9877,6.0
selected_ols_av,pass,0.7008,0.0
selected_ols_av,pass,-0.762,0.0
selected_ols_av,pass,-0.4187,0.0
selected_ols_av,pass,-1.0884,0.0
selected_ols_av,pass,-0.3147,2.0
selected_ols_av,pass,1.2544,8.0
selected_ols_av,pass,0.1327,2.0
selected_ols_av,pass,-1.9877,5.0
selected_ols_av,pass,0.807,6.0
selected_ols_av,pass,-0.3147,4.0
selected_ols_av,pass,0.0287,0.0
selected_ols_av,pass,-1.7628,4.0
selected_ols_av,pass,-1.2093,0.0
selected_ols_av,pass,0.476,0.0
selected_ols_av,pass,-0.6411,0.0
selected_ols_av,pass,-0.1938,0.0
selected_ols_av,pass,-1.0884,0.0
selected_ols_av,pass,-0.762,0.0
selected_ols_av,pass,0.476,0.0
selected_ols_av,pass,-0.1938,0.0
selected_ols_av,pass,1.7017,8.0
selected_ols_av,pass,-0.762,2.0
selected_ols_av,pass,-0.4187,0.0
selected_ols_av,pass,-1.7628,2.0
selected_ols_av,pass,0.2535,0.0
selected_ols_av,pass,-0.3147,1.0
selected_ols_av,pass,-0.866,9.0
selected_ols_av,pass,-0.6411,1.0
selected_ols_av,pass,-2.2101,3.0
selected_ols_av,pass,0.807,7.0
selected_ols_av,pass,0.1327,3.0
selected_ols_av,pass,0.0287,6.0
selected_ols_av,pass,-1.0884,5.0
selected_ols_av,pass,-0.3147,1.0
selected_ols_av,pass,-1.093,9.0
selected_ols_av,pass,1.2544,1.0
selected_ols_av,pass,-1.0884,0.0
selected_ols_av,pass,0.1327,4.0
selected_ols_av,pass,0.0287,6.0
selected_ols_av,pass,-0.6411,4.0
selected_ols_av,pass,-1.5404,2.0
selected_ols_av,pass,1.2544,4.0
selected_ols_av,pass,-2.2101,2.0
selected_ols_av,pass,-0.3147,8.0
selected_ols_av,pass,-0.762,5.0
selected_ols_av,pass,-1.093,6.0
selected_ols_av,pass,1.7017,4.0
selected_ols_av,pass,-1.0884,6.0
selected_ols_av,pass,0.0287,3.0
selected_ols_av,pass,-2.2101,1.0
selected_ols_av,pass,-0.3147,3.0
selected_ols_av,pass,-0.3147,7.0
selected_ols_av,pass,-0.3147,5.0
selected_ols_av,pass,-1.9877,3.0
selected_ols_av,pass,2.149,7.0
selected_ols_av,pass,-1.0884,3.0
selected_ols_av,pass,-2.2101,2.0
selected_ols_av,pass,-0.762,5.0
selected_ols_av,pass,0.0287,5.0
selected_ols_av,pass,-0.1938,5.0
selected_ols_av,pass,-0.1938,4.0
selected_ols_av,pass,-0.1938,0.0
selected_ols_av,pass,-0.762,4.0
selected_ols_av,pass,-0.4187,6.0
selected_ols_av,pass,-0.6411,2.0
selected_ols_av,pass,-0.762,7.0
selected_ols_av,pass,-1.9877,2.0
selected_ols_av,pass,2.149,8.0
selected_ols_av,pass,0.58,4.0
selected_ols_av,pass,-2.435,6.0
selected_ols_av,pass,1.7017,4.0
selected_ols_av,pass,-1.0884,2.0
selected_ols_av,pass,0.0287,4.0
selected_ols_av,pass,-1.7628,6.0
selected_ols_av,pass,0.807,4.0
selected_ols_av,pass,-0.3147,6.0
selected_ols_av,pass,-0.762,5.0
selected_ols_av,pass,0.0287,5.0
selected_ols_av,pass,-0.6411,0.0
selected_ols_av,pass,-1.7628,5.0
selected_ols_av,pass,0.58,0.0
selected_ols_av,pass,-1.5404,5.0
selected_ols_av,pass,0.807,5.0
selected_ols_av,pass,-1.0884,5.0
selected_ols_av,pass,-0.762,2.0
selected_ols_av,pass,0.9233,8.0
selected_ols_av,pass,-2.6575,2.0
selected_ols_av,pass,1.2544,7.0
selected_ols_av,pass,0.1327,0.0
selected_ols_av,pass,-1.5404,2.0
selected_ols_av,pass,1.7017,8.0
selected_ols_av,pass,-1.5357,2.0
selected_ols_av,pass,-1.5357,0.0
selected_ols_av,pass,-0.1938,0.0
selected_ols_av,pass,-0.762,0.0
selected_ols_av,pass,0.9233,0.0
selected_ols_av,pass,1.2544,7.0
selected_ols_av,pass,-0.6411,3.0
selected_ols_av,pass,-0.3147,0.0
selected_ols_av,pass,-1.5404,3.0
selected_ols_av,pass,-1.0884,0.0
selected_ols_av,pass,-0.3147,0.0
selected_ols_av,pass,0.476,0.0
selected_ols_av,pass,-0.6411,0.0
selected_ols_av,pass,0.58,0.0
selected_ols_av,pass,0.0287,0.0
selected_ols_av,pass,-1.5357,0.0
selected_ols_av,pass,-0.6411,0.0
selected_two_stage_av,pass,-1.3155,3.0
selected_two_stage_av,pass,-1.2093,7.0
selected_two_stage_av,pass,0.0287,3.0
selected_two_stage_av,pass,-0.6411,0.0
selected_two_stage_av,pass,-0.3147,7.0
selected_two_stage_av,pass,-1.5404,3.0
selected_two_stage_av,pass,1.2544,6.0
selected_two_stage_av,pass,-2.2101,3.0
selected_two_stage_av,pass,0.58,9.0
selected_two_stage_av,pass,-1.093,5.0
selected_two_stage_av,pass,0.3597,5.0
selected_two_stage_av,pass,-1.0884,5.0
selected_two_stage_av,pass,-0.762,7.0
selected_two_stage_av,pass,-1.9877,4.0
selected_two_stage_av,pass,1.7017,6.0
selected_two_stage_av,pass,-0.1938,4.0
selected_two_stage_av,pass,0.1327,5.0
selected_two_stage_av,pass,0.0287,5.0
selected_two_stage_av,pass,-1.0884,4.0
selected_two_stage_av,pass,-2.2101,5.0
selected_two_stage_av,pass,0.476,0.0
selected_two_stage_av,pass,-2.2101,3.0
selected_two_stage_av,pass,0.807,7.0
selected_two_stage_av,pass,-0.3147,3.0
selected_two_stage_av,pass,0.2535,0.0
selected_two_stage_av,pass,-0.762,0.0
selected_two_stage_av,pass,0.0287,0.0
selected_two_stage_av,pass,-1.0884,0.0
selected_two_stage_av,pass,0.58,9.0
selected_two_stage_av,pass,-0.4187,1.0
selected_two_stage_av,pass,-0.1938,0.0
selected_two_stage_av,pass,-3.1048,1.0
selected_two_stage_av,pass,-1.0884,0.0
selected_two_stage_av,pass,-0.1938,0.0
selected_two_stage_av,pass,-0.762,0.0
selected_two_stage_av,pass,0.476,0.0
selected_two_stage_av,pass,1.2544,6.0
selected_two_stage_av,pass,-1.0884,4.0
selected_two_stage_av,pass,0.58,4.0
selected_two_stage_av,pass,-1.9877,4.0
selected_two_stage_av,pass,-1.5404,3.0
selected_two_stage_av,pass,1.7017,7.0
selected_two_stage_av,pass,-1.0884,3.0
selected_two_stage_av,pass,-0.3147,5.0
selected_two_stage_av,pass,0.476,0.0
selected_two_stage_av,pass,-3.1048,2.0
selected_two_stage_av,pass,0.807,8.0
selected_two_stage_av,pass,0.58,2.0
selected_two_stage_av,pass,-0.3147,0.0
selected_two_stage_av,pass,0.0287,0.0
selected_two_stage_av,pass,-0.1938,0.0
selected_two_stage_av,pass,-1.0884,0.0
selected_two_stage_av,pass,-1.7628,3.0
selected_two_stage_av,pass,-0.3147,7.0
selected_two_stage_av,pass,-1.093,3.0
selected_two_stage_av,pass,0.3597,4.0
selected_two_stage_av,pass,-0.6411,2.0
selected_two_stage_av,pass,-0.3147,2.0
selected_two_stage_av,pass,-1.9877,2.0
selected_two_stage_av,pass,1.7017,8.0
selected_two_stage_av,pass,-0.4187,0.0
selected_two_stage_av,pass,-0.1938,0.0
selected_two_stage_av,pass,-1.0884,0.0
selected_two_stage_av,pass,0.1327,0.0
selected_two_stage_av,pass,-0.3147,2.0
selected_two_stage_av,pass,0.9233,0.0
selected_two_stage_av,pass,-2.6575,2.0
selected_two_stage_av,pass,0.807,8.0
selected_two_stage_av,pass,0.1327,0.0
selected_two_stage_av,pass,-1.5404,5.0
selected_two_stage_av,pass,0.807,5.0
selected_two_stage_av,pass,-0.6411,5.0
selected_two_stage_av,pass,-0.1938,2.0
selected_two_stage_av,pass,-0.762,3.0
selected_two_stage_av,pass,-1.093,2.0
selected_two_stage_av,pass,0.807,8.0
selected_two_stage_av,pass,1.2544,10.0
selected_two_stage_av,pass,-0.3147,0.0
selected_two_stage_av,pass,0.0287,4.0
selected_two_stage_av,pass,-2.2101,0.0
selected_two_stage_av,pass,1.2544,8.0
selected_two_stage_av,pass,-2.2101,2.0
selected_two_stage_av,pass,0.1327,8.0
selected_two_stage_av,pass,-1.9877,2.0
selected_two_stage_av,pass,1.7017,4.0
selected_two_stage_av,pass,-0.6411,5.0
selected_two_stage_av,pass,0.1327,4.0
selected_two_stage_av,pass,-2.435,6.0
selected_two_stage_av,pass,-0.3147,3.0
selected_two_stage_av,pass,-0.4187,5.0
selected_two_stage_av,pass,-2.2101,3.0
selected_two_stage_av,pass,1.7017,7.0
selected_two_stage_av,pass,-2.6575,4.0
selected_two_stage_av,pass,-0.762,6.0
selected_two_stage_av,pass,0.476,4.0
selected_two_stage_av,pass,-0.1938,0.0
selected_two_stage_av,pass,-1.5357,3.0
selected_two_stage_av,pass,-1.7628,5.0
selected_two_stage_av,pass,0.1327,3.0
selected_two_stage_av,pass,0.0287,7.0
selected_two_stage_av,pass,0.807,6.0
selected_two_stage_av,pass,-1.2093,4.0
selected_two_stage_av,pass,1.3706,0.0
selected_two_stage_av,pass,-2.2101,4.0
selected_two_stage_av,pass,-1.5357,5.0
selected_two_stage_av,pass,0.1327,8.0
selected_two_stage_av,pass,-0.6457,5.0
selected_two_stage_av,pass,0.807,5.0
selected_two_stage_av,pass,-0.3147,5.0
selected_two_stage_av,pass,0.476,5.0
selected_two_stage_av,pass,-0.6411,5.0
selected_two_stage_av,pass,-1.0884,0.0
selected_two_stage_av,pass,-1.093,2.0
selected_two_stage_av,pass,-0.3147,2.0
selected_two_stage_av,pass,0.807,8.0
selected_two_stage_av,pass,-0.3147,2.0
selected_two_stage_av,pass,0.2535,0.0
selected_two_stage_av,pass,-0.3147,0.0
selected_two_stage_av,pass,-0.4187,0.0
selected_two_stage_av,pass,-1.0884,0.0
selected_two_stage_av,pass,-1.0884,3.0
selected_two_stage_av,pass,-0.762,1.0
selected_two_stage_av,pass,-1.5404,3.0
selected_two_stage_av,pass,2.149,7.0
selected_two_stage_av,pass,-1.2093,0.0
selected_two_stage_av,pass,-0.4187,0.0
selected_two_stage_av,pass,0.2535,0.0
selected_two_stage_av,pass,-0.1938,0.0
selected_two_stage_av,pass,-2.2101,3.0
selected_two_stage_av,pass,1.7017,7.0
selected_two_stage_av,pass,-0.762,3.0
selected_two_stage_av,pass,0.0287,0.0
selected_two_stage_av,pass,-0.1938,3.0
selected_two_stage_av,pass,-0.762,3.0
selected_two_stage_av,pass,-1.093,3.0
selected_two_stage_av,pass,0.807,7.0
selected_two_stage_av,pass,-0.3147,3.0
selected_two_stage_av,pass,0.0287,7.0
selected_two_stage_av,pass,-0.1938,4.0
selected_two_stage_av,pass,-2.6575,3.0
selected_two_stage_av,pass,0.1327,3.0
selected_two_stage_av,pass,-0.4187,0.0
selected_two_stage_av,pass,-2.6575,3.0
selected_two_stage_av,pass,1.7017,7.0
selected_two_stage_av,pass,-1.0884,1.0
selected_two_stage_av,pass,0.58,5.0
selected_two_stage_av,pass,-1.9877,1.0
selected_two_stage_av,pass,1.2544,9.0
selected_two_stage_av,pass,-1.0884,4.0
selected_two_stage_av,pass,-0.3147,0.0
selected_two_stage_av,pass,-1.9877,4.0
selected_two_stage_av,pass,2.149,6.0
selected_two_stage_av,pass,-2.6575,3.0
selected_two_stage_av,pass,0.807,7.0
selected_two_stage_av,pass,0.58,3.0
selected_two_stage_av,pass,0.0287,0.0
selected_two_stage_av,pass,0.0287,0.0
selected_two_stage_av,pass,-0.1938,0.0
selected_two_stage_av,pass,-0.6411,0.0
selected_two_stage_av,pass,-0.762,0.0
selected_two_stage_av,pass,-0.3147,0.0
selected_two_stage_av,pass,-0.4187,0.0
selected_two_stage_av,pass,-0.1938,0.0
selected_two_stage_av,pass,-0.6411,0.0
selected_two_stage_av,pass,-0.6411,0.0
selected_two_stage_av,pass,-1.0884,0.0
selected_two_stage_av,pass,-0.3147,0.0
selected_two_stage_av,pass,0.476,0.0
selected_two_stage_av,pass,-1.093,5.0
selected_two_stage_av,pass,1.2544,5.0
selected_two_stage_av,pass,-1.0884,5.0
selected_two_stage_av,pass,-0.3147,0.0
selected_two_stage_av,pass,-0.6411,0.0
selected_two_stage_av,pass,-1.0884,0.0
selected_two_stage_av,pass,-0.3147,0.0
selected_two_stage_av,pass,0.476,0.0
selected_two_stage_av,pass,-1.7628,4.0
selected_two_stage_av,pass,-0.3147,6.0
selected_two_stage_av,pass,-0.4187,4.0
selected_two_stage_av,pass,-0.6411,0.0
selected_two_stage_av,pass,-0.3147,3.0
selected_two_stage_av,pass,-0.4187,7.0
selected_two_stage_av,pass,-1.0884,3.0
selected_two_stage_av,pass,0.2535,0.0
selected_two_stage_av,pass,0.2535,0.0
selected_two_stage_av,pass,-0.762,0.0
selected_two_stage_av,pass,0.476,0.0
selected_two_stage_av,pass,-1.5357,0.0
selected_two_stage_av,pass,-0.866,5.0
selected_two_stage_av,pass,-2.6575,4.0
selected_two_stage_av,pass,2.149,6.0
selected_two_stage_av,pass,0.1327,4.0
selected_two_stage_av,pass,-0.762,4.0
selected_two_stage_av,pass,0.9233,0.0
selected_two_stage_av,pass,-3.1048,4.0
selected_two_stage_av,pass,1.7017,6.0
selected_two_stage_av,pass,-1.093,3.0
selected_two_stage_av,pass,1.2544,7.0
selected_two_stage_av,pass,-1.5357,3.0
selected_two_stage_av,pass,0.1327,7.0
selected_two_stage_av,pass,-2.2101,4.0
selected_two_stage_av,pass,0.1327,6.0
selected_two_stage_av,pass,0.0287,4.0
selected_two_stage_av,pass,-1.0884,0.0
selected_two_stage_av,pass,-1.0884,2.0
selected_two_stage_av,pass,-1.0884,0.0
selected_two_stage_av,pass,0.1327,2.0
selected_two_stage_av,pass,0.476,8.0
selected_two_stage_av,pass,-1.5404,7.0
selected_two_stage_av,pass,-1.2093,2.0
selected_two_stage_av,pass,2.149,8.0
selected_two_stage_av,pass,-0.3147,2.0
selected_two_stage_av,pass,-1.0884,0.0
selected_two_stage_av,pass,0.1327,0.0
selected_two_stage_av,pass,0.0287,0.0
selected_two_stage_av,pass,-0.6411,0.0
selected_two_stage_av,pass,0.1327,3.0
selected_two_stage_av,pass,-0.3147,7.0
selected_two_stage_av,pass,-0.4187,3.0
selected_two_stage_av,pass,-2.2101,3.0
selected_two_stage_av,pass,-1.0884,3.0
selected_two_stage_av,pass,-0.3147,5.0
selected_two_stage_av,pass,-1.9877,3.0
selected_two_stage_av,pass,2.149,7.0
selected_two_stage_av,pass,-0.1938,0.0
selected_two_stage_av,pass,-1.7628,4.0
selected_two_stage_av,pass,-0.3147,6.0
selected_two_stage_av,pass,-0.866,4.0
selected_two_stage_av,pass,-0.866,0.0
selected_two_stage_av,pass,-0.1938,0.0
selected_two_stage_av,pass,-1.0884,0.0
selected_two_stage_av,pass,0.58,0.0
selected_two_stage_av,pass,-0.6411,3.0
selected_two_stage_av,pass,0.1327,6.0
selected_two_stage_av,pass,-1.9877,3.0
selected_two_stage_av,pass,1.2544,7.0
selected_two_stage_av,pass,-0.1938,0.0
selected_two_stage_av,pass,-2.2101,6.0
selected_two_stage_av,pass,0.1327,4.0
selected_two_stage_av,pass,-0.866,6.0
selected_two_stage_av,pass,0.9233,3.0
selected_two_stage_av,pass,-2.2101,1.0
selected_two_stage_av,pass,0.807,9.0
selected_two_stage_av,pass,-0.762,1.0
selected_two_stage_av,pass,1.2544,6.0
selected_two_stage_av,pass,-1.2093,4.0
selected_two_stage_av,pass,0.9233,8.0
selected_two_stage_av,pass,-2.2101,4.0
selected_two_stage_av,pass,-1.7628,3.0
selected_two_stage_av,pass,1.2544,7.0
selected_two_stage_av,pass,-0.762,3.0
selected_two_stage_av,pass,0.0287,0.0
selected_two_stage_av,pass,-1.7628,3.0
selected_two_stage_av,pass,0.807,7.0
selected_two_stage_av,pass,-0.762,3.0
selected_two_stage_av,pass,0.476,0.0
selected_two_stage_av,pass,0.1327,1.0
selected_two_stage_av,pass,0.58,9.0
selected_two_stage_av,pass,-0.866,1.0
selected_two_stage_av,pass,-2.6575,3.0
selected_two_stage_av,pass,-0.3147,5.0
selected_two_stage_av,pass,0.0287,0.0
selected_two_stage_av,pass,-2.2101,5.0
selected_two_stage_av,pass,1.2544,5.0
selected_two_stage_av,pass,1.7017,7.0
selected_two_stage_av,pass,-0.762,3.0
selected_two_stage_av,pass,0.0287,0.0
selected_two_stage_av,pass,-2.2101,3.0
selected_two_stage_av,pass,-0.3147,0.0
selected_two_stage_av,pass,-1.5404,3.0
selected_two_stage_av,pass,1.2544,7.0
selected_two_stage_av,pass,-0.6411,3.0
selected_two_stage_av,pass,0.0287,4.0
selected_two_stage_av,pass,-1.0884,0.0
selected_two_stage_av,pass,-2.6575,4.0
selected_two_stage_av,pass,0.58,6.0
selected_two_stage_av,pass,0.0287,0.0
selected_two_stage_av,pass,-0.1938,0.0
selected_two_stage_av,pass,-0.1938,0.0
selected_two_stage_av,pass,-1.2093,0.0
selected_two_stage_av,pass,1.2544,7.0
selected_two_stage_av,pass,-0.3147,3.0
selected_two_stage_av,pass,0.476,0.0
selected_two_stage_av,pass,-2.6575,3.0
selected_two_stage_av,pass,0.1327,5.0
selected_two_stage_av,pass,-0.866,4.0
selected_two_stage_av,pass,-1.7628,5.0
selected_two_stage_av,pass,1.2544,5.0
selected_two_stage_av,pass,0.476,0.0
selected_two_stage_av,pass,-0.6411,0.0
selected_two_stage_av,pass,-0.6411,0.0
selected_two_stage_av,pass,-0.762,0.0
selected_two_stage_av,pass,-0.762,5.0
selected_two_stage_av,pass,-1.5404,4.0
selected_two_stage_av,pass,1.2544,6.0
selected_two_stage_av,pass,-0.1938,4.0
selected_two_stage_av,pass,-0.762,3.0
selected_two_stage_av,pass,0.476,7.0
selected_two_stage_av,pass,-2.6575,3.0
selected_two_stage_av,pass,1.7017,8.0
selected_two_stage_av,pass,0.9233,0.0
selected_two_stage_av,pass,-2.2101,2.0
selected_two_stage_av,pass,1.2544,8.0
selected_two_stage_av,pass,-1.2093,2.0
selected_two_stage_av,pass,-0.1938,0.0
selected_two_stage_av,pass,-0.762,0.0
selected_two_stage_av,pass,0.0287,0.0
selected_two_stage_av,pass,-0.6411,0.0
selected_two_stage_av,pass,-1.5357,3.0
selected_two_stage_av,pass,0.58,4.0
selected_two_stage_av,pass,-1.5404,3.0
selected_two_stage_av,pass,1.2544,7.0
selected_two_stage_av,pass,-0.3147,0.0
selected_two_stage_av,pass,-1.093,4.0
selected_two_stage_av,pass,0.3597,6.0
selected_two_stage_av,pass,-0.1938,4.0
selected_two_stage_av,pass,-0.762,2.0
selected_two_stage_av,pass,0.0287,0.0
selected_two_stage_av,pass,-2.2101,2.0
selected_two_stage_av,pass,1.7017,8.0
selected_two_stage_av,pass,-0.3147,1.0
selected_two_stage_av,pass,0.0287,0.0
selected_two_stage_av,pass,-2.6575,1.0
selected_two_stage_av,pass,1.7017,9.0
selected_two_stage_av,pass,-1.0884,0.0
selected_two_stage_av,pass,-1.7628,4.0
selected_two_stage_av,pass,-0.762,6.0
selected_two_stage_av,pass,0.476,4.0
selected_two_stage_av,pass,-0.6411,0.0
selected_two_stage_av,pass,-0.6411,0.0
selected_two_stage_av,pass,-0.3147,0.0
selected_two_stage_av,pass,0.0287,0.0
selected_two_stage_av,pass,-0.6411,0.0
selected_two_stage_av,pass,-0.3147,2.0
selected_two_stage_av,pass,0.476,8.0
selected_two_stage_av,pass,-1.0884,2.0
selected_two_stage_av,pass,-1.9877,5.0
selected_two_stage_av,pass,0.3597,5.0
selected_two_stage_av,pass,-0.1938,5.0
selected_two_stage_av,pass,0.58,0.0
selected_two_stage_av,pass,-0.3147,0.0
selected_two_stage_av,pass,-2.435,3.0
selected_two_stage_av,pass,2.149,7.0
selected_two_stage_av,pass,-0.6411,3.0
selected_two_stage_av,pass,0.807,5.0
selected_two_stage_av,pass,-2.2101,7.0
selected_two_stage_av,pass,0.1327,3.0
selected_two_stage_av,pass,-1.5404,7.0
selected_two_stage_av,pass,-0.3147,7.0
selected_two_stage_av,pass,-0.4187,3.0
selected_two_stage_av,pass,0.2535,0.0
selected_two_stage_av,pass,-2.6575,3.0
selected_two_stage_av,pass,0.0287,0.0
selected_two_stage_av,pass,-2.2101,3.0
selected_two_stage_av,pass,0.807,7.0
selected_two_stage_av,pass,0.1327,3.0
selected_two_stage_av,pass,-0.3147,0.0
selected_two_stage_av,pass,0.9233,0.0
selected_two_stage_av,pass,-1.5357,0.0
selected_two_stage_av,pass,-0.6411,0.0
selected_two_stage_av,pass,-0.4187,8.0
selected_two_stage_av,pass,-1.7628,4.0
selected_two_stage_av,pass,1.2544,6.0
selected_two_stage_av,pass,-0.3147,4.0
selected_two_stage_av,pass,-0.3147,0.0
selected_two_stage_av,pass,0.0287,0.0
selected_two_stage_av,pass,-1.0884,0.0
selected_two_stage_av,pass,-0.1938,0.0
selected_two_stage_av,pass,0.0287,4.0
selected_two_stage_av,pass,-0.6411,0.0
selected_two_stage_av,pass,-2.6575,4.0
selected_two_stage_av,pass,0.1327,6.0
selected_two_stage_av,pass,-1.9877,3.0
selected_two_stage_av,pass,0.807,7.0
selected_two_stage_av,pass,-1.0884,3.0
selected_two_stage_av,pass,1.0273,7.0
selected_two_stage_av,pass,1.2544,7.0
selected_two_stage_av,pass,-1.0884,3.0
selected_two_stage_av,pass,-0.762,7.0
selected_two_stage_av,pass,-0.6457,3.0
selected_two_stage_av,pass,-0.762,1.0
selected_two_stage_av,pass,0.9233,0.0
selected_two_stage_av,pass,-2.6575,1.0
selected_two_stage_av,pass,1.2544,9.0
selected_two_stage_av,pass,0.807,8.0
selected_two_stage_av,pass,-0.3147,2.0
selected_two_stage_av,pass,0.476,5.0
selected_two_stage_av,pass,-2.2101,2.0
selected_two_stage_av,pass,-0.1938,0.0
selected_two_stage_av,pass,-0.1938,0.0
selected_two_stage_av,pass,-0.762,0.0
selected_two_stage_av,pass,-0.4187,0.0
selected_two_stage_av,pass,0.1327,6.0
selected_two_stage_av,pass,0.0287,4.0
selected_two_stage_av,pass,-0.1938,3.0
selected_two_stage_av,pass,-3.1048,4.0
selected_two_stage_av,pass,-2.6575,2.0
selected_two_stage_av,pass,-1.2093,8.0
selected_two_stage_av,pass,-0.4187,2.0
selected_two_stage_av,pass,1.1482,0.0
selected_two_stage_av,pass,-0.866,5.0
selected_two_stage_av,pass,-1.3155,3.0
selected_two_stage_av,pass,0.807,7.0
selected_two_stage_av,pass,0.1327,3.0
selected_two_stage_av,pass,0.0287,0.0
selected_two_stage_av,pass,-0.6411,0.0
selected_two_stage_av,pass,-1.0884,0.0
selected_two_stage_av,pass,0.1327,0.0
selected_two_stage_av,pass,-0.762,2.0
selected_two_stage_av,pass,-0.6457,3.0
selected_two_stage_av,pass,0.807,7.0
selected_two_stage_av,pass,-0.6411,3.0
selected_two_stage_av,pass,-1.9877,2.0
selected_two_stage_av,pass,1.2544,8.0
selected_two_stage_av,pass,-1.0884,2.0
selected_two_stage_av,pass,0.58,7.0
selected_two_stage_av,pass,-1.0884,4.0
selected_two_stage_av,pass,0.58,0.0
selected_two_stage_av,pass,-1.9877,4.0
selected_two_stage_av,pass,1.2544,6.0
selected_two_stage_av,pass,-0.762,4.0
selected_two_stage_av,pass,-0.4187,7.0
selected_two_stage_av,pass,-2.2101,4.0
selected_two_stage_av,pass,2.149,6.0
selected_two_stage_av,pass,-2.6575,3.0
selected_two_stage_av,pass,2.149,7.0
selected_two_stage_av,pass,-0.3147,3.0
selected_two_stage_av,pass,-0.4187,7.0
selected_two_stage_av,pass,-0.762,2.0
selected_two_stage_av,pass,1.7017,8.0
selected_two_stage_av,pass,-0.3147,2.0
selected_two_stage_av,pass,-1.5404,5.0
selected_two_stage_av,pass,-0.3147,7.0
selected_two_stage_av,pass,-0.6457,3.0
selected_two_stage_av,pass,0.807,7.0
selected_two_stage_av,pass,-2.6575,3.0
selected_two_stage_av,pass,-0.3147,6.0
selected_two_stage_av,pass,0.0287,4.0
selected_two_stage_av,pass,-1.0884,6.0
selected_two_stage_av,pass,-0.1938,0.0
selected_two_stage_av,pass,2.149,7.0
selected_two_stage_av,pass,-1.0884,3.0
selected_two_stage_av,pass,-0.3147,0.0
selected_two_stage_av,pass,-1.9877,3.0
selected_two_stage_av,pass,0.476,8.0
selected_two_stage_av,pass,-0.1938,2.0
selected_two_stage_av,pass,-1.5357,0.0
selected_two_stage_av,pass,-0.3147,2.0
selected_two_stage_av,pass,0.2535,2.0
selected_two_stage_av,pass,-0.3147,5.0
selected_two_stage_av,pass,-2.435,2.0
selected_two_stage_av,pass,1.2544,8.0
selected_two_stage_av,pass,0.9233,0.0
selected_two_stage_av,pass,-2.6575,1.0
selected_two_stage_av,pass,1.2544,9.0
selected_two_stage_av,pass,-0.762,1.0
selected_two_stage_av,pass,-0.866,0.0
selected_two_stage_av,pass,0.2535,0.0
selected_two_stage_av,pass,-0.1938,0.0
selected_two_stage_av,pass,-0.762,0.0
selected_two_stage_av,pass,-0.3147,0.0
selected_two_stage_av,pass,-2.435,5.0
selected_two_stage_av,pass,2.149,5.0
selected_two_stage_av,pass,-0.6411,5.0
selected_two_stage_av,pass,0.1327,0.0
selected_two_stage_av,pass,-1.093,1.0
selected_two_stage_av,pass,0.807,9.0
selected_two_stage_av,pass,-1.0884,1.0
selected_two_stage_av,pass,-0.6411,0.0
selected_two_stage_av,pass,-1.0884,0.0
selected_two_stage_av,pass,-0.3147,0.0
selected_two_stage_av,pass,0.476,0.0
selected_two_stage_av,pass,-1.0884,4.0
selected_two_stage_av,pass,0.58,0.0
selected_two_stage_av,pass,-1.5404,4.0
selected_two_stage_av,pass,0.807,6.0
selected_two_stage_av,pass,1.7017,9.0
selected_two_stage_av,pass,-0.762,1.0
selected_two_stage_av,pass,0.0287,5.0
selected_two_stage_av,pass,-2.2101,1.0
selected_two_stage_av,pass,-0.6411,4.0
selected_two_stage_av,pass,-0.8682,4.0
selected_two_stage_av,pass,-1.2093,6.0
selected_two_stage_av,pass,-0.4187,4.0
selected_two_stage_av,pass,-0.3147,5.0
selected_two_stage_av,pass,-0.4187,2.0
selected_two_stage_av,pass,-1.7628,5.0
selected_two_stage_av,pass,1.2544,5.0
selected_two_stage_av,pass,-1.5404,4.0
selected_two_stage_av,pass,0.1327,2.0
selected_two_stage_av,pass,0.807,8.0
selected_two_stage_av,pass,-0.3147,2.0
selected_two_stage_av,pass,-0.6411,4.0
selected_two_stage_av,pass,-0.762,4.0
selected_two_stage_av,pass,-0.1984,4.0
selected_two_stage_av,pass,0.3597,6.0
selected_two_stage_av,pass,1.2544,6.0
selected_two_stage_av,pass,-1.0884,4.0
selected_two_stage_av,pass,-0.3147,0.0
selected_two_stage_av,pass,-1.093,4.0
selected_two_stage_av,pass,-0.4187,0.0
selected_two_stage_av,pass,-0.6411,0.0
selected_two_stage_av,pass,-2.2101,0.0
selected_two_stage_av,pass,0.1327,10.0
selected_two_stage_av,pass,-0.3147,0.0
selected_two_stage_av,pass,-1.093,4.0
selected_two_stage_av,pass,0.807,6.0
selected_two_stage_av,pass,-0.6411,4.0
selected_two_stage_av,pass,0.807,7.0
selected_two_stage_av,pass,-0.3147,3.0
selected_two_stage_av,pass,0.0287,0.0
selected_two_stage_av,pass,-1.7628,3.0
selected_two_stage_av,pass,-0.3147,0.0
selected_two_stage_av,pass,0.476,0.0
selected_two_stage_av,pass,-1.0884,0.0
selected_two_stage_av,pass,-0.6411,0.0
selected_two_stage_av,pass,0.476,5.0
selected_two_stage_av,pass,-1.5357,0.0
selected_two_stage_av,pass,-1.3155,5.0
selected_two_stage_av,pass,-0.762,5.0
selected_two_stage_av,pass,1.2544,6.0
selected_two_stage_av,pass,-0.762,4.0
selected_two_stage_av,pass,0.0287,5.0
selected_two_stage_av,pass,-1.7628,4.0
selected_two_stage_av,pass,-0.1938,0.0
selected_two_stage_av,pass,-2.6575,3.0
selected_two_stage_av,pass,-0.762,7.0
selected_two_stage_av,pass,0.476,3.0
selected_two_stage_av,pass,-0.3147,1.0
selected_two_stage_av,pass,-0.4187,9.0
selected_two_stage_av,pass,-1.5357,1.0
selected_two_stage_av,pass,0.7008,0.0
selected_two_stage_av,pass,0.3597,8.0
selected_two_stage_av,pass,0.58,2.0
selected_two_stage_av,pass,0.476,0.0
selected_two_stage_av,pass,-2.6575,2.0
selected_two_stage_av,pass,-0.762,4.0
selected_two_stage_av,pass,0.9233,6.0
selected_two_stage_av,pass,-0.6411,4.0
selected_two_stage_av,pass,-1.0884,0.0
selected_two_stage_av,pass,2.149,8.0
selected_two_stage_av,pass,0.1327,2.0
selected_two_stage_av,pass,-0.4187,8.0
selected_two_stage_av,pass,-3.1048,2.0
selected_two_stage_av,pass,-0.762,3.0
selected_two_stage_av,pass,0.0287,7.0
selected_two_stage_av,pass,-0.1938,3.0
selected_two_stage_av,pass,-0.6411,0.0
selected_two_stage_av,pass,-1.9877,5.0
selected_two_stage_av,pass,1.7017,5.0
selected_two_stage_av,pass,-0.6411,5.0
selected_two_stage_av,pass,-0.3147,0.0
selected_two_stage_av,pass,-2.2101,6.0
selected_two_stage_av,pass,-0.3147,4.0
selected_two_stage_av,pass,-0.4187,6.0
selected_two_stage_av,pass,-0.1938,0.0
selected_two_stage_av,pass,-0.1984,2.0
selected_two_stage_av,pass,0.807,8.0
selected_two_stage_av,pass,-1.0884,2.0
selected_two_stage_av,pass,-0.762,2.0
selected_two_stage_av,pass,-0.762,2.0
selected_two_stage_av,pass,0.476,8.0
selected_two_stage_av,pass,-1.5357,2.0
selected_two_stage_av,pass,0.2535,0.0
selected_two_stage_av,pass,1.2544,4.0
selected_two_stage_av,pass,-0.3147,6.0
selected_two_stage_av,pass,-0.4187,3.0
selected_two_stage_av,pass,-1.7628,6.0
selected_two_stage_av,pass,-0.6411,0.0
selected_two_stage_av,pass,-2.2101,3.0
selected_two_stage_av,pass,-0.3147,7.0
selected_two_stage_av,pass,0.0287,3.0
selected_two_stage_av,pass,0.1327,5.0
selected_two_stage_av,pass,-2.435,5.0
selected_two_stage_av,pass,0.807,5.0
selected_two_stage_av,pass,0.2535,6.0
selected_two_stage_av,pass,1.7017,8.0
selected_two_stage_av,pass,-0.6411,2.0
selected_two_stage_av,pass,-1.2093,6.0
selected_two_stage_av,pass,-1.093,2.0
selected_two_stage_av,pass,-0.762,8.0
selected_two_stage_av,pass,0.0287,2.0
selected_two_stage_av,pass,-0.6411,5.0
selected_two_stage_av,pass,-1.7628,2.0
selected_two_stage_av,pass,-1.7628,4.0
selected_two_stage_av,pass,1.2544,6.0
selected_two_stage_av,pass,-0.762,4.0
selected_two_stage_av,pass,0.0287,5.0
selected_two_stage_av,pass,-0.3147,1.0
selected_two_stage_av,pass,-0.4187,9.0
selected_two_stage_av,pass,-2.6575,1.0
selected_two_stage_av,pass,2.149,8.0
selected_two_stage_av,pass,-2.6575,3.0
selected_two_stage_av,pass,2.5963,7.0
selected_two_stage_av,pass,-1.2093,3.0
selected_two_stage_av,pass,0.0287,5.0
selected_two_stage_av,pass,0.3597,4.0
selected_two_stage_av,pass,-0.6411,6.0
selected_two_stage_av,pass,-0.762,0.0
selected_two_stage_av,pass,-0.1984,6.0
selected_two_stage_av,pass,-0.6411,0.0
selected_two_stage_av,pass,-0.6411,0.0
selected_two_stage_av,pass,-0.762,0.0
selected_two_stage_av,pass,0.476,0.0
selected_two_stage_av,pass,-1.5357,5.0
selected_two_stage_av,pass,0.1327,6.0
selected_two_stage_av,pass,-1.9877,5.0
selected_two_stage_av,pass,2.149,5.0
selected_two_stage_av,pass,-2.2101,3.0
selected_two_stage_av,pass,-0.3147,7.0
selected_two_stage_av,pass,-1.093,3.0
selected_two_stage_av,pass,0.807,3.0
selected_two_stage_av,pass,-0.1938,3.0
selected_two_stage_av,pass,-1.2093,0.0
selected_two_stage_av,pass,-1.093,3.0
selected_two_stage_av,pass,1.2544,7.0
selected_two_stage_av,pass,-2.2101,1.0
selected_two_stage_av,pass,1.7017,9.0
selected_two_stage_av,pass,-0.762,1.0
selected_two_stage_av,pass,0.0287,4.0
selected_two_stage_av,pass,1.2544,7.0
selected_two_stage_av,pass,-0.3147,3.0
selected_two_stage_av,pass,-0.4187,0.0
selected_two_stage_av,pass,-1.7628,3.0
selected_two_stage_av,pass,-0.3147,8.0
selected_two_stage_av,pass,0.9233,2.0
selected_two_stage_av,pass,-0.6411,0.0
selected_two_stage_av,pass,-3.1048,2.0
selected_two_stage_av,pass,0.476,9.0
selected_two_stage_av,pass,-2.6575,3.0
selected_two_stage_av,pass,1.2544,7.0
selected_two_stage_av,pass,-0.3147,3.0
selected_two_stage_av,pass,-2.2101,2.0
selected_two_stage_av,pass,1.7017,8.0
selected_two_stage_av,pass,0.1327,2.0
selected_two_stage_av,pass,-0.866,5.0
selected_two_stage_av,pass,-0.762,4.0
selected_two_stage_av,pass,-1.093,3.0
selected_two_stage_av,pass,-0.762,4.0
selected_two_stage_av,pass,1.7017,6.0
selected_two_stage_av,pass,-1.9877,2.0
selected_two_stage_av,pass,1.2544,8.0
selected_two_stage_av,pass,-0.1938,2.0
selected_two_stage_av,pass,-0.3147,5.0
selected_two_stage_av,pass,-0.3147,7.0
selected_two_stage_av,pass,0.0287,3.0
selected_two_stage_av,pass,-0.1938,0.0
selected_two_stage_av,pass,-2.6575,3.0
selected_two_stage_av,pass,-1.7628,5.0
selected_two_stage_av,pass,-0.3147,4.0
selected_two_stage_av,pass,0.0287,6.0
selected_two_stage_av,pass,-1.0884,4.0
selected_two_stage_av,pass,-0.6411,0.0
selected_two_stage_av,pass,0.2535,0.0
selected_two_stage_av,pass,-0.3147,0.0
selected_two_stage_av,pass,-0.866,0.0
selected_two_stage_av,pass,0.807,3.0
selected_two_stage_av,pass,-0.6411,7.0
selected_two_stage_av,pass,0.1327,5.0
selected_two_stage_av,pass,-1.5404,7.0
selected_two_stage_av,pass,-0.1938,0.0
selected_two_stage_av,pass,-0.3147,0.0
selected_two_stage_av,pass,0.0287,0.0
selected_two_stage_av,pass,-1.0884,0.0
selected_two_stage_av,pass,-2.2101,1.0
selected_two_stage_av,pass,0.807,9.0
selected_two_stage_av,pass,0.58,1.0
selected_two_stage_av,pass,-0.4187,0.0
selected_two_stage_av,pass,-2.2101,5.0
selected_two_stage_av,pass,-0.3147,5.0
selected_two_stage_av,pass,0.476,5.0
selected_two_stage_av,pass,-1.0884,0.0
selected_two_stage_av,pass,0.807,7.0
selected_two_stage_av,pass,-0.762,3.0
selected_two_stage_av,pass,0.476,0.0
selected_two_stage_av,pass,-1.7628,3.0
selected_two_stage_av,pass,1.7017,7.0
selected_two_stage_av,pass,-1.2093,3.0
selected_two_stage_av,pass,0.9233,7.0
selected_two_stage_av,pass,-2.6575,3.0
selected_two_stage_av,pass,-0.762,0.0
selected_two_stage_av,pass,0.476,0.0
selected_two_stage_av,pass,-1.0884,0.0
selected_two_stage_av,pass,-0.1938,0.0
selected_two_stage_av,pass,-1.2093,2.0
selected_two_stage_av,pass,0.0287,8.0
selected_two_stage_av,pass,-1.0884,2.0
selected_two_stage_av,pass,-0.8682,2.0
selected_two_stage_av,pass,-0.762,3.0
selected_two_stage_av,pass,0.9233,7.0
selected_two_stage_av,pass,-0.6411,3.0
selected_two_stage_av,pass,-1.0884,0.0
selected_two_stage_av,pass,-3.1048,0.0
selected_two_stage_av,pass,1.7017,10.0
selected_two_stage_av,pass,-1.2093,0.0
selected_two_stage_av,pass,1.3706,0.0
selected_two_stage_av,pass,-0.762,6.0
selected_two_stage_av,pass,0.476,4.0
selected_two_stage_av,pass,0.2535,0.0
selected_two_stage_av,pass,-3.1048,4.0
selected_two_stage_av,pass,-1.0884,0.0
selected_two_stage_av,pass,-0.1938,0.0
selected_two_stage_av,pass,-0.3147,0.0
selected_two_stage_av,pass,0.0287,0.0
selected_two_stage_av,pass,-0.762,3.0
selected_two_stage_av,pass,-1.9877,4.0
selected_two_stage_av,pass,1.2544,6.0
selected_two_stage_av,pass,0.2535,4.0
selected_two_stage_av,pass,0.1327,0.0
selected_two_stage_av,pass,0.0287,0.0
selected_two_stage_av,pass,-0.1938,0.0
selected_two_stage_av,pass,-1.5357,0.0
selected_two_stage_av,pass,-1.5357,0.0
selected_two_stage_av,pass,0.58,4.0
selected_two_stage_av,pass,0.0287,6.0
selected_two_stage_av,pass,-0.6411,4.0
selected_two_stage_av,pass,-0.762,1.0
selected_two_stage_av,pass,-1.093,1.0
selected_two_stage_av,pass,1.7017,9.0
selected_two_stage_av,pass,-1.0884,1.0
selected_two_stage_av,pass,-1.5404,5.0
selected_two_stage_av,pass,0.3597,5.0
selected_two_stage_av,pass,0.2535,5.0
selected_two_stage_av,pass,-0.3147,2.0
selected_two_stage_av,pass,-0.6411,0.0
selected_two_stage_av,pass,-1.0884,0.0
selected_two_stage_av,pass,0.1327,0.0
selected_two_stage_av,pass,0.0287,0.0
selected_two_stage_av,pass,-1.5404,3.0
selected_two_stage_av,pass,0.807,7.0
selected_two_stage_av,pass,-1.0884,3.0
selected_two_stage_av,pass,0.58,0.0
selected_two_stage_av,pass,-0.762,5.0
selected_two_stage_av,pass,0.807,5.0
selected_two_stage_av,pass,-0.3147,5.0
selected_two_stage_av,pass,-0.6457,5.0
selected_two_stage_av,pass,0.476,0.0
selected_two_stage_av,pass,-0.6411,0.0
selected_two_stage_av,pass,-1.0884,0.0
selected_two_stage_av,pass,-0.3147,0.0
selected_two_stage_av,pass,-1.5404,1.0
selected_two_stage_av,pass,1.2544,9.0
selected_two_stage_av,pass,-0.6411,1.0
selected_two_stage_av,pass,-0.3147,0.0
selected_two_stage_av,pass,0.0287,7.0
selected_two_stage_av,pass,-0.1938,3.0
selected_two_stage_av,pass,-1.0884,0.0
selected_two_stage_av,pass,-0.3147,3.0
selected_two_stage_av,pass,0.7008,2.0
selected_two_stage_av,pass,-0.762,2.0
selected_two_stage_av,pass,-1.9877,2.0
selected_two_stage_av,pass,0.807,8.0
selected_two_stage_av,pass,0.0287,7.0
selected_two_stage_av,pass,-1.0884,3.0
selected_two_stage_av,pass,-0.1938,0.0
selected_two_stage_av,pass,-0.3147,3.0
selected_two_stage_av,pass,-0.762,6.0
selected_two_stage_av,pass,0.0287,4.0
selected_two_stage_av,pass,-1.0884,0.0
selected_two_stage_av,pass,-1.3155,4.0
selected_two_stage_av,pass,-0.762,0.0
selected_two_stage_av,pass,0.0287,0.0
selected_two_stage_av,pass,-1.0884,0.0
selected_two_stage_av,pass,0.2535,0.0
selected_two_stage_av,pass,-0.4187,4.0
selected_two_stage_av,pass,-0.6411,0.0
selected_two_stage_av,pass,-1.7628,4.0
selected_two_stage_av,pass,-0.3147,6.0
selected_two_stage_av,pass,0.0287,4.0
selected_two_stage_av,pass,-0.1938,0.0
selected_two_stage_av,pass,-2.6575,4.0
selected_two_stage_av,pass,-0.3147,6.0
selected_two_stage_av,pass,0.0287,3.0
selected_two_stage_av,pass,-0.1938,0.0
selected_two_stage_av,pass,-2.6575,3.0
selected_two_stage_av,pass,-0.3147,7.0
selected_two_stage_av,pass,-1.9877,2.0
selected_two_stage_av,pass,1.2544,8.0
selected_two_stage_av,pass,-0.6411,2.0
selected_two_stage_av,pass,0.1327,0.0
selected_two_stage_av,pass,-1.0884,4.0
selected_two_stage_av,pass,-1.7628,4.0
selected_two_stage_av,pass,0.1327,6.0
selected_two_stage_av,pass,-0.4187,4.0
selected_two_stage_av,pass,-0.6411,0.0
selected_two_stage_av,pass,-0.1938,0.0
selected_two_stage_av,pass,-1.2093,0.0
selected_two_stage_av,pass,0.476,0.0
selected_two_stage_av,pass,-0.4187,0.0
selected_two_stage_av,pass,-0.1938,0.0
selected_two_stage_av,pass,-1.5357,0.0
selected_two_stage_av,pass,0.58,0.0
selected_two_stage_av,pass,0.3597,3.0
selected_two_stage_av,pass,-0.3147,3.0
selected_two_stage_av,pass,-0.1984,2.0
selected_two_stage_av,pass,-0.762,7.0
selected_two_stage_av,pass,-0.6457,3.0
selected_two_stage_av,pass,1.2544,7.0
selected_two_stage_av,pass,-1.0884,3.0
selected_two_stage_av,pass,-0.762,3.0
selected_two_stage_av,pass,0.807,3.0
selected_two_stage_av,pass,-2.2101,3.0
selected_two_stage_av,pass,0.1327,7.0
selected_two_stage_av,pass,-1.5404,3.0
selected_two_stage_av,pass,-0.1984,5.0
selected_two_stage_av,pass,0.807,6.0
selected_two_stage_av,pass,-2.6575,5.0
selected_two_stage_av,pass,-0.762,5.0
selected_two_stage_av,pass,-2.6575,4.0
selected_two_stage_av,pass,0.807,6.0
selected_two_stage_av,pass,0.1327,4.0
selected_two_stage_av,pass,0.476,0.0
selected_two_stage_av,pass,-0.762,5.0
selected_two_stage_av,pass,0.0287,5.0
selected_two_stage_av,pass,-0.6411,4.0
selected_two_stage_av,pass,-1.7628,5.0
selected_two_stage_av,pass,-0.3147,4.0
selected_two_stage_av,pass,-0.4187,6.0
selected_two_stage_av,pass,-0.6411,4.0
selected_two_stage_av,pass,-0.1938,0.0
selected_two_stage_av,pass,-2.435,1.0
selected_two_stage_av,pass,1.7017,9.0
selected_two_stage_av,pass,-0.6411,1.0
selected_two_stage_av,pass,0.1327,2.0
selected_two_stage_av,pass,0.2535,0.0
selected_two_stage_av,pass,-0.762,0.0
selected_two_stage_av,pass,-0.866,0.0
selected_two_stage_av,pass,-0.1938,0.0
selected_two_stage_av,pass,0.2535,0.0
selected_two_stage_av,pass,-1.2093,0.0
selected_two_stage_av,pass,-0.4187,0.0
selected_two_stage_av,pass,-0.1938,0.0
selected_two_stage_av,pass,-0.6411,0.0
selected_two_stage_av,pass,-0.3147,0.0
selected_two_stage_av,pass,0.0287,0.0
selected_two_stage_av,pass,-0.6411,0.0
selected_two_stage_av,pass,-0.1938,4.0
selected_two_stage_av,pass,-0.3147,0.0
selected_two_stage_av,pass,-1.093,4.0
selected_two_stage_av,pass,0.3597,6.0
selected_two_stage_av,pass,0.0287,0.0
selected_two_stage_av,pass,-1.7628,5.0
selected_two_stage_av,pass,1.2544,5.0
selected_two_stage_av,pass,-0.762,5.0
selected_two_stage_av,pass,-1.9877,3.0
selected_two_stage_av,pass,0.807,7.0
selected_two_stage_av,pass,-1.0884,3.0
selected_two_stage_av,pass,1.0273,0.0
selected_two_stage_av,pass,-0.762,7.0
selected_two_stage_av,pass,-0.4187,3.0
selected_two_stage_av,pass,0.2535,4.0
selected_two_stage_av,pass,-2.2101,3.0
selected_two_stage_av,pass,-1.9877,2.0
selected_two_stage_av,pass,0.807,8.0
selected_two_stage_av,pass,-1.0884,2.0
selected_two_stage_av,pass,1.0273,0.0
selected_two_stage_av,pass,-0.3147,4.0
selected_two_stage_av,pass,0.476,6.0
selected_two_stage_av,pass,-0.6411,4.0
selected_two_stage_av,pass,-1.0884,0.0
selected_two_stage_av,pass,-2.2101,3.0
selected_two_stage_av,pass,-1.2093,7.0
selected_two_stage_av,pass,0.476,3.0
selected_two_stage_av,pass,-0.1938,0.0
selected_two_stage_av,pass,-0.6411,4.0
selected_two_stage_av,pass,-0.762,5.0
selected_two_stage_av,pass,-1.5404,4.0
selected_two_stage_av,pass,1.7017,6.0
selected_two_stage_av,pass,-1.3155,1.0
selected_two_stage_av,pass,1.2544,9.0
selected_two_stage_av,pass,-1.2093,1.0
selected_two_stage_av,pass,0.0287,5.0
selected_two_stage_av,pass,-0.3147,6.0
selected_two_stage_av,pass,0.476,4.0
selected_two_stage_av,pass,-1.0884,0.0
selected_two_stage_av,pass,-2.2101,4.0
selected_two_stage_av,pass,-0.4187,0.0
selected_two_stage_av,pass,-0.6411,0.0
selected_two_stage_av,pass,-1.0884,0.0
selected_two_stage_av,pass,0.58,0.0
selected_two_stage_av,pass,1.2544,5.0
selected_two_stage_av,pass,-0.3147,5.0
selected_two_stage_av,pass,0.0287,7.0
selected_two_stage_av,pass,-2.2101,5.0
selected_two_stage_av,pass,-0.762,3.0
selected_two_stage_av,pass,-1.5404,6.0
selected_two_stage_av,pass,1.7017,4.0
selected_two_stage_av,pass,-0.6411,6.0
selected_two_stage_av,pass,-1.2093,3.0
selected_two_stage_av,pass,-1.5404,4.0
selected_two_stage_av,pass,1.7017,6.0
selected_two_stage_av,pass,-0.1938,4.0
selected_two_stage_av,pass,-0.6411,4.0
selected_two_stage_av,pass,-0.762,3.0
selected_two_stage_av,pass,-0.6457,4.0
selected_two_stage_av,pass,0.807,6.0
selected_two_stage_av,pass,0.1327,3.0
selected_two_stage_av,pass,-0.4187,7.0
selected_two_stage_av,pass,-3.1048,3.0
selected_two_stage_av,pass,2.149,7.0
selected_two_stage_av,pass,0.58,0.0
selected_two_stage_av,pass,-0.4187,0.0
selected_two_stage_av,pass,-1.5357,0.0
selected_two_stage_av,pass,-0.1938,0.0
selected_two_stage_av,pass,-0.6411,0.0
selected_two_stage_av,pass,-0.3147,3.0
selected_two_stage_av,pass,0.476,7.0
selected_two_stage_av,pass,-1.0884,3.0
selected_two_stage_av,pass,-2.2101,2.0
selected_two_stage_av,pass,-0.762,8.0
selected_two_stage_av,pass,-2.435,2.0
selected_two_stage_av,pass,2.5963,4.0
selected_two_stage_av,pass,-2.6575,4.0
selected_two_stage_av,pass,1.2544,6.0
selected_two_stage_av,pass,0.1327,4.0
selected_two_stage_av,pass,0.0287,6.0
selected_two_stage_av,pass,0.1327,6.0
selected_two_stage_av,pass,-1.093,5.0
selected_two_stage_av,pass,0.807,5.0
selected_two_stage_av,pass,-1.0884,5.0
selected_two_stage_av,pass,0.1327,2.0
selected_two_stage_av,pass,-1.9877,5.0
selected_two_stage_av,pass,1.2544,5.0
selected_two_stage_av,pass,-0.6411,5.0
selected_two_stage_av,pass,-0.6411,0.0
selected_two_stage_av,pass,-1.5357,0.0
selected_two_stage_av,pass,0.1327,0.0
selected_two_stage_av,pass,0.476,0.0
selected_two_stage_av,pass,0.0287,5.0
selected_two_stage_av,pass,-0.1938,5.0
selected_two_stage_av,pass,-0.6411,0.0
selected_two_stage_av,pass,-0.762,5.0
selected_two_stage_av,pass,-0.762,0.0
selected_two_stage_av,pass,0.9233,0.0
selected_two_stage_av,pass,-0.6411,0.0
selected_two_stage_av,pass,-1.0884,0.0
selected_two_stage_av,pass,-1.2093,7.0
selected_two_stage_av,pass,-0.4187,3.0
selected_two_stage_av,pass,-0.1938,0.0
selected_two_stage_av,pass,-1.3155,3.0
selected_two_stage_av,pass,0.1327,5.0
selected_two_stage_av,pass,-0.4187,0.0
selected_two_stage_av,pass,-2.2101,5.0
selected_two_stage_av,pass,1.2544,5.0
selected_two_stage_av,pass,-0.6411,4.0
selected_two_stage_av,pass,-0.6411,0.0
selected_two_stage_av,pass,-1.2093,4.0
selected_two_stage_av,pass,0.9233,6.0
selected_two_stage_av,pass,-2.6575,4.0
selected_two_stage_av,pass,-0.3147,6.0
selected_two_stage_av,pass,0.9233,4.0
selected_two_stage_av,pass,-1.0884,0.0
selected_two_stage_av,pass,-0.6411,4.0
selected_two_stage_av,pass,-0.762,0.0
selected_two_stage_av,pass,-1.093,4.0
selected_two_stage_av,pass,1.2544,6.0
selected_two_stage_av,pass,-0.3147,0.0
selected_two_stage_av,pass,0.0287,0.0
selected_two_stage_av,pass,-0.1938,0.0
selected_two_stage_av,pass,-1.0884,0.0
selected_two_stage_av,pass,-0.3147,2.0
selected_two_stage_av,pass,-0.6457,5.0
selected_two_stage_av,pass,1.2544,5.0
selected_two_stage_av,pass,-1.5357,5.0
selected_two_stage_av,pass,0.2535,2.0
selected_two_stage_av,pass,-1.2093,5.0
selected_two_stage_av,pass,-1.9877,7.0
selected_two_stage_av,pass,1.7017,3.0
selected_two_stage_av,pass,0.0287,6.0
selected_two_stage_av,pass,-2.6575,6.0
selected_two_stage_av,pass,1.7017,4.0
selected_two_stage_av,pass,-0.3147,6.0
selected_two_stage_av,pass,-1.093,3.0
selected_two_stage_av,pass,1.2544,7.0
selected_two_stage_av,pass,-1.0884,3.0
selected_two_stage_av,pass,-0.3147,5.0
selected_two_stage_av,pass,-0.1938,0.0
selected_two_stage_av,pass,-1.5357,0.0
selected_two_stage_av,pass,-0.3147,0.0
selected_two_stage_av,pass,0.476,0.0
selected_two_stage_av,pass,-1.0884,2.0
selected_two_stage_av,pass,-0.1938,0.0
selected_two_stage_av,pass,-0.3147,2.0
selected_two_stage_av,pass,0.0287,8.0
selected_two_stage_av,pass,-0.1938,2.0
selected_two_stage_av,pass,0.1327,0.0
selected_two_stage_av,pass,-2.435,2.0
selected_two_stage_av,pass,1.2544,8.0
selected_two_stage_av,pass,1.2544,6.0
selected_two_stage_av,pass,-0.1938,4.0
selected_two_stage_av,pass,-0.762,6.0
selected_two_stage_av,pass,-1.5404,4.0
selected_two_stage_av,pass,-0.1938,0.0
selected_two_stage_av,pass,-2.6575,4.0
selected_two_stage_av,pass,-0.3147,6.0
selected_two_stage_av,pass,0.0287,4.0
selected_two_stage_av,pass,-0.6411,4.0
selected_two_stage_av,pass,-0.6411,0.0
selected_two_stage_av,pass,-0.3147,4.0
selected_two_stage_av,pass,0.0287,6.0
selected_two_stage_av,pass,-0.6411,0.0
selected_two_stage_av,pass,-0.3147,0.0
selected_two_stage_av,pass,0.0287,0.0
selected_two_stage_av,pass,-0.6411,0.0
selected_two_stage_av,pass,0.0287,5.0
selected_two_stage_av,pass,-0.1938,0.0
selected_two_stage_av,pass,-2.2101,5.0
selected_two_stage_av,pass,-0.762,5.0
selected_two_stage_av,pass,-0.6411,0.0
selected_two_stage_av,pass,-0.6411,0.0
selected_two_stage_av,pass,-0.3147,0.0
selected_two_stage_av,pass,0.0287,0.0
selected_two_stage_av,pass,0.1327,5.0
selected_two_stage_av,pass,-0.4187,0.0
selected_two_stage_av,pass,-1.7628,5.0
selected_two_stage_av,pass,0.807,5.0
selected_two_stage_av,pass,-0.3147,2.0
selected_two_stage_av,pass,-0.4187,4.0
selected_two_stage_av,pass,-2.2101,2.0
selected_two_stage_av,pass,1.7017,8.0
selected_two_stage_av,pass,1.2544,4.0
selected_two_stage_av,pass,-0.762,6.0
selected_two_stage_av,pass,0.0287,5.0
selected_two_stage_av,pass,-1.7628,6.0
selected_two_stage_av,pass,-0.3147,10.0
selected_two_stage_av,pass,-0.4187,0.0
selected_two_stage_av,pass,-0.1938,0.0
selected_two_stage_av,pass,-2.2101,0.0
selected_two_stage_av,pass,-2.2101,2.0
selected_two_stage_av,pass,1.2544,8.0
selected_two_stage_av,pass,-0.3147,2.0
selected_two_stage_av,pass,0.0287,9.0
selected_two_stage_av,pass,-0.3147,4.0
selected_two_stage_av,pass,0.476,0.0
selected_two_stage_av,pass,-2.2101,4.0
selected_two_stage_av,pass,0.807,6.0
selected_two_stage_av,pass,2.149,5.0
selected_two_stage_av,pass,0.1327,5.0
selected_two_stage_av,pass,-0.866,0.0
selected_two_stage_av,pass,-2.6575,5.0
selected_two_stage_av,pass,-1.0884,0.0
selected_two_stage_av,pass,-0.762,0.0
selected_two_stage_av,pass,0.476,0.0
selected_two_stage_av,pass,-0.1938,0.0
selected_two_stage_av,pass,-0.6411,5.0
selected_two_stage_av,pass,-0.6411,0.0
selected_two_stage_av,pass,-0.3147,5.0
selected_two_stage_av,pass,0.0287,5.0
selected_two_stage_av,pass,0.2535,4.0
selected_two_stage_av,pass,-0.6411,0.0
selected_two_stage_av,pass,-0.762,4.0
selected_two_stage_av,pass,-0.4187,6.0
selected_two_stage_av,pass,1.2544,7.0
selected_two_stage_av,pass,-0.3147,3.0
selected_two_stage_av,pass,-0.4187,5.0
selected_two_stage_av,pass,-1.7628,3.0
selected_two_stage_av,pass,-0.6411,4.0
selected_two_stage_av,pass,-0.3147,6.0
selected_two_stage_av,pass,-1.5404,4.0
selected_two_stage_av,pass,1.2544,6.0
selected_two_stage_av,pass,1.2544,6.0
selected_two_stage_av,pass,-2.6575,2.0
selected_two_stage_av,pass,0.58,8.0
selected_two_stage_av,pass,-1.9877,2.0
selected_two_stage_av,pass,-2.6575,3.0
selected_two_stage_av,pass,-1.2093,7.0
selected_two_stage_av,pass,0.9233,3.0
selected_two_stage_av,pass,-0.1938,0.0
selected_two_stage_av,pass,-0.1938,4.0
selected_two_stage_av,pass,-0.3147,3.0
selected_two_stage_av,pass,-1.9877,4.0
selected_two_stage_av,pass,1.2544,6.0
selected_two_stage_av,pass,-1.5404,6.0
selected_two_stage_av,pass,-0.762,3.0
selected_two_stage_av,pass,1.2544,7.0
selected_two_stage_av,pass,0.1327,3.0
selected_two_stage_av,pass,-0.1938,0.0
selected_two_stage_av,pass,-0.1938,0.0
selected_two_stage_av,pass,-0.3147,0.0
selected_two_stage_av,pass,-0.866,0.0
selected_two_stage_av,pass,-1.9877,4.0
selected_two_stage_av,pass,1.2544,6.0
selected_two_stage_av,pass,-0.1938,4.0
selected_two_stage_av,pass,-0.3147,0.0
selected_two_stage_av,pass,-2.6575,2.0
selected_two_stage_av,pass,0.807,8.0
selected_two_stage_av,pass,0.1327,2.0
selected_two_stage_av,pass,0.476,0.0
selected_two_stage_av,pass,-1.0884,2.0
selected_two_stage_av,pass,-0.3147,0.0
selected_two_stage_av,pass,-0.6457,2.0
selected_two_stage_av,pass,0.807,8.0
selected_two_stage_av,pass,-1.7628,2.0
selected_two_stage_av,pass,-1.2093,8.0
selected_two_stage_av,pass,0.0287,2.0
selected_two_stage_av,pass,-0.1938,2.0
selected_two_stage_av,pass,-1.5404,2.0
selected_two_stage_av,pass,1.7017,8.0
selected_two_stage_av,pass,-0.6411,2.0
selected_two_stage_av,pass,-0.762,8.0
selected_two_stage_av,pass,0.3597,8.0
selected_two_stage_av,pass,0.2535,2.0
selected_two_stage_av,pass,0.1327,3.0
selected_two_stage_av,pass,-1.9877,2.0
selected_two_stage_av,pass,-0.6411,4.0
selected_two_stage_av,pass,-2.6575,3.0
selected_two_stage_av,pass,0.1327,7.0
selected_two_stage_av,pass,0.0287,3.0
selected_two_stage_av,pass,-1.5357,5.0
selected_two_stage_av,pass,0.1327,8.0
selected_two_stage_av,pass,-1.093,5.0
selected_two_stage_av,pass,1.2544,5.0
selected_two_stage_av,pass,-1.2093,1.0
selected_two_stage_av,pass,0.476,5.0
selected_two_stage_av,pass,-2.2101,1.0
selected_two_stage_av,pass,1.7017,9.0
selected_two_stage_av,pass,0.0287,4.0
selected_two_stage_av,pass,-0.1938,0.0
selected_two_stage_av,pass,-2.2101,4.0
selected_two_stage_av,pass,-0.762,6.0
selected_two_stage_av,pass,0.807,5.0
selected_two_stage_av,pass,-0.1938,5.0
selected_two_stage_av,pass,-0.3147,2.0
selected_two_stage_av,pass,-1.5404,5.0
selected_two_stage_av,pass,-3.1048,5.0
selected_two_stage_av,pass,-0.762,5.0
selected_two_stage_av,pass,0.0287,5.0
selected_two_stage_av,pass,0.7008,0.0
selected_two_stage_av,pass,0.476,0.0
selected_two_stage_av,pass,-0.6411,0.0
selected_two_stage_av,pass,-1.0884,0.0
selected_two_stage_av,pass,-0.3147,0.0
selected_two_stage_av,pass,0.1327,0.0
selected_two_stage_av,pass,0.0287,0.0
selected_two_stage_av,pass,-1.0884,0.0
selected_two_stage_av,pass,-0.6411,0.0
selected_two_stage_av,pass,0.9233,0.0
selected_two_stage_av,pass,-2.2101,3.0
selected_two_stage_av,pass,0.807,7.0
selected_two_stage_av,pass,-0.762,3.0
selected_two_stage_av,pass,0.0287,0.0
selected_two_stage_av,pass,-0.1938,0.0
selected_two_stage_av,pass,-1.0884,0.0
selected_two_stage_av,pass,-0.3147,0.0
selected_two_stage_av,pass,-0.762,2.0
selected_two_stage_av,pass,-1.093,1.0
selected_two_stage_av,pass,1.7017,9.0
selected_two_stage_av,pass,-1.0884,1.0
selected_two_stage_av,pass,-1.0884,0.0
selected_two_stage_av,pass,-0.3147,2.0
selected_two_stage_av,pass,0.476,8.0
selected_two_stage_av,pass,-0.6411,2.0
selected_two_stage_av,pass,0.58,4.0
selected_two_stage_av,pass,-1.5404,3.0
selected_two_stage_av,pass,0.807,7.0
selected_two_stage_av,pass,-1.0884,3.0
selected_two_stage_av,pass,0.476,7.0
selected_two_stage_av,pass,-2.2101,3.0
selected_two_stage_av,pass,1.2544,8.0
selected_two_stage_av,pass,-0.762,3.0
selected_two_stage_av,pass,-0.762,0.0
selected_two_stage_av,pass,0.0287,0.0
selected_two_stage_av,pass,-1.0884,0.0
selected_two_stage_av,pass,0.2535,0.0
selected_two_stage_av,pass,0.1327,5.0
selected_two_stage_av,pass,-1.9877,5.0
selected_two_stage_av,pass,1.2544,5.0
selected_two_stage_av,pass,-0.6411,4.0
selected_two_stage_av,pass,-0.4187,0.0
selected_two_stage_av,pass,-1.7628,4.0
selected_two_stage_av,pass,1.7017,6.0
selected_two_stage_av,pass,-0.762,4.0
selected_two_stage_av,pass,-0.4187,5.0
selected_two_stage_av,pass,-0.1938,5.0
selected_two_stage_av,pass,-0.6411,0.0
selected_two_stage_av,pass,-0.3147,5.0
selected_two_stage_av,pass,0.807,4.0
selected_two_stage_av,pass,-0.3147,6.0
selected_two_stage_av,pass,-0.866,5.0
selected_two_stage_av,pass,-0.8682,6.0
selected_two_stage_av,pass,0.58,6.0
selected_two_stage_av,pass,-0.4187,0.0
selected_two_stage_av,pass,-2.2101,6.0
selected_two_stage_av,pass,0.807,4.0
selected_two_stage_av,pass,0.58,0.0
selected_two_stage_av,pass,0.0287,0.0
selected_two_stage_av,pass,-1.5357,0.0
selected_two_stage_av,pass,-0.6411,0.0
selected_two_stage_av,pass,-2.6575,3.0
selected_two_stage_av,pass,2.149,6.0
selected_two_stage_av,pass,-0.3147,3.0
selected_two_stage_av,pass,-0.4187,5.0
selected_two_stage_av,pass,-0.4187,0.0
selected_two_stage_av,pass,-0.6411,0.0
selected_two_stage_av,pass,-0.6411,0.0
selected_two_stage_av,pass,0.1327,0.0
selected_two_stage_av,pass,-1.9877,2.0
selected_two_stage_av,pass,1.7017,8.0
selected_two_stage_av,pass,-0.6411,2.0
selected_two_stage_av,pass,-0.3147,5.0
selected_two_stage_av,pass,0.58,7.0
selected_two_stage_av,pass,-2.435,4.0
selected_two_stage_av,pass,0.807,6.0
selected_two_stage_av,pass,-0.1938,4.0
selected_two_stage_av,pass,-0.3147,4.0
selected_two_stage_av,pass,0.0287,0.0
selected_two_stage_av,pass,-2.2101,4.0
selected_two_stage_av,pass,1.2544,6.0
selected_two_stage_av,pass,-0.4187,5.0
selected_two_stage_av,pass,-2.2101,5.0
selected_two_stage_av,pass,1.2544,5.0
selected_two_stage_av,pass,0.1327,5.0
selected_two_stage_av,pass,-1.2093,1.0
selected_two_stage_av,pass,-1.5404,2.0
selected_two_stage_av,pass,2.149,8.0
selected_two_stage_av,pass,-0.6411,2.0
selected_two_stage_av,pass,2.149,8.0
selected_two_stage_av,pass,-1.5357,2.0
selected_two_stage_av,pass,-0.762,0.0
selected_two_stage_av,pass,-1.093,2.0
selected_two_stage_av,pass,-0.3147,3.0
selected_two_stage_av,pass,-0.4187,7.0
selected_two_stage_av,pass,-1.0884,3.0
selected_two_stage_av,pass,0.2535,0.0
selected_two_stage_av,pass,-1.0884,4.0
selected_two_stage_av,pass,-2.2101,3.0
selected_two_stage_av,pass,0.1327,7.0
selected_two_stage_av,pass,0.0287,3.0
selected_two_stage_av,pass,-0.762,0.0
selected_two_stage_av,pass,0.0287,0.0
selected_two_stage_av,pass,-0.1938,0.0
selected_two_stage_av,pass,-0.6411,0.0
selected_two_stage_av,pass,-0.3147,4.0
selected_two_stage_av,pass,0.0287,6.0
selected_two_stage_av,pass,-1.5357,4.0
selected_two_stage_av,pass,0.2535,0.0
selected_two_stage_av,pass,2.149,6.0
selected_two_stage_av,pass,-1.0884,4.0
selected_two_stage_av,pass,-1.2093,0.0
selected_two_stage_av,pass,-1.093,4.0
selected_two_stage_av,pass,-0.1938,0.0
selected_two_stage_av,pass,-0.6411,0.0
selected_two_stage_av,pass,-1.2093,0.0
selected_two_stage_av,pass,0.476,0.0
selected_two_stage_av,pass,0.476,3.0
selected_two_stage_av,pass,-3.1048,2.0
selected_two_stage_av,pass,1.7017,8.0
selected_two_stage_av,pass,-0.3147,2.0
selected_two_stage_av,pass,0.58,0.0
selected_two_stage_av,pass,-1.9877,3.0
selected_two_stage_av,pass,0.807,7.0
selected_two_stage_av,pass,-0.6411,3.0
selected_two_stage_av,pass,-0.762,5.0
selected_two_stage_av,pass,-0.4187,5.0
selected_two_stage_av,pass,-0.1938,0.0
selected_two_stage_av,pass,-1.7628,5.0
selected_two_stage_av,pass,0.1327,0.0
selected_two_stage_av,pass,0.0287,0.0
selected_two_stage_av,pass,-0.6411,0.0
selected_two_stage_av,pass,-1.0884,0.0
selected_two_stage_av,pass,-0.1938,5.0
selected_two_stage_av,pass,-1.0884,0.0
selected_two_stage_av,pass,0.1327,5.0
selected_two_stage_av,pass,-0.4187,5.0
selected_two_stage_av,pass,-1.093,3.0
selected_two_stage_av,pass,0.807,7.0
selected_two_stage_av,pass,-1.5357,3.0
selected_two_stage_av,pass,0.58,4.0
selected_two_stage_av,pass,0.0287,0.0
selected_two_stage_av,pass,-2.2101,4.0
selected_two_stage_av,pass,1.2544,6.0
selected_two_stage_av,pass,-0.3147,4.0
selected_two_stage_av,pass,-0.762,3.0
selected_two_stage_av,pass,0.476,7.0
selected_two_stage_av,pass,-1.0884,3.0
selected_two_stage_av,pass,-0.1938,0.0
selected_two_stage_av,pass,-1.0884,0.0
selected_two_stage_av,pass,-0.6411,0.0
selected_two_stage_av,pass,0.58,0.0
selected_two_stage_av,pass,-0.4187,0.0
selected_two_stage_av,pass,-0.762,3.0
selected_two_stage_av,pass,0.0287,0.0
selected_two_stage_av,pass,-2.2101,3.0
selected_two_stage_av,pass,1.7017,7.0
selected_two_stage_av,pass,-0.3147,3.0
selected_two_stage_av,pass,-0.4187,7.0
selected_two_stage_av,pass,-0.6411,3.0
selected_two_stage_av,pass,-0.1938,0.0
selected_two_stage_av,pass,0.58,2.0
selected_two_stage_av,pass,-1.5404,8.0
selected_two_stage_av,pass,0.3597,2.0
selected_two_stage_av,pass,-0.6411,6.0
selected_two_stage_av,pass,0.58,3.0
selected_two_stage_av,pass,0.0287,0.0
selected_two_stage_av,pass,-2.6575,3.0
selected_two_stage_av,pass,0.807,7.0
selected_two_stage_av,pass,1.2544,8.0
selected_two_stage_av,pass,-1.5357,2.0
selected_two_stage_av,pass,0.1327,0.0
selected_two_stage_av,pass,-1.093,2.0
selected_two_stage_av,pass,-0.762,5.0
selected_two_stage_av,pass,0.0287,5.0
selected_two_stage_av,pass,-0.1938,0.0
selected_two_stage_av,pass,-2.2101,5.0
selected_two_stage_av,pass,-1.0884,0.0
selected_two_stage_av,pass,-2.2101,4.0
selected_two_stage_av,pass,0.1327,6.0
selected_two_stage_av,pass,0.0287,4.0
selected_two_stage_av,pass,1.2544,9.0
selected_two_stage_av,pass,-1.0884,1.0
selected_two_stage_av,pass,0.1327,0.0
selected_two_stage_av,pass,-1.5404,1.0
selected_two_stage_av,pass,-0.3147,2.0
selected_two_stage_av,pass,-1.9877,3.0
selected_two_stage_av,pass,1.2544,7.0
selected_two_stage_av,pass,-0.1938,3.0
selected_two_stage_av,pass,-1.5404,4.0
selected_two_stage_av,pass,1.7017,6.0
selected_two_stage_av,pass,-2.2101,4.0
selected_two_stage_av,pass,-0.762,6.0
selected_two_stage_av,pass,-0.3147,2.0
selected_two_stage_av,pass,-1.5404,3.0
selected_two_stage_av,pass,0.807,7.0
selected_two_stage_av,pass,-0.1938,3.0
selected_two_stage_av,pass,-2.2101,1.0
selected_two_stage_av,pass,-0.3147,3.0
selected_two_stage_av,pass,0.476,7.0
selected_two_stage_av,pass,-1.0884,3.0
selected_two_stage_av,pass,-0.762,2.0
selected_two_stage_av,pass,1.3706,0.0
selected_two_stage_av,pass,-3.1048,2.0
selected_two_stage_av,pass,1.2544,8.0
selected_two_stage_av,pass,-0.3147,0.0
selected_two_stage_av,pass,-1.093,2.0
selected_two_stage_av,pass,1.2544,8.0
selected_two_stage_av,pass,-1.0884,2.0
selected_two_stage_av,pass,2.149,6.0
selected_two_stage_av,pass,-0.762,3.0
selected_two_stage_av,pass,0.0287,7.0
selected_two_stage_av,pass,-2.6575,3.0
selected_two_stage_av,pass,-1.0884,0.0
selected_two_stage_av,pass,-0.3147,0.0
selected_two_stage_av,pass,0.0287,0.0
selected_two_stage_av,pass,-0.1938,0.0
selected_two_stage_av,pass,-1.5404,0.0
selected_two_stage_av,pass,1.2544,10.0
selected_two_stage_av,pass,-1.5357,0.0
selected_two_stage_av,pass,0.58,3.0
selected_two_stage_av,pass,0.476,0.0
selected_two_stage_av,pass,-0.1938,0.0
selected_two_stage_av,pass,-1.5357,0.0
selected_two_stage_av,pass,-0.3147,0.0
selected_two_stage_av,pass,-2.6575,1.0
selected_two_stage_av,pass,1.2544,9.0
selected_two_stage_av,pass,-0.762,1.0
selected_two_stage_av,pass,0.9233,9.0
selected_two_stage_av,pass,0.476,4.0
selected_two_stage_av,pass,-0.6411,0.0
selected_two_stage_av,pass,-1.7628,4.0
selected_two_stage_av,pass,-1.2093,6.0
selected_two_stage_av,pass,0.1327,0.0
selected_two_stage_av,pass,-1.5404,2.0
selected_two_stage_av,pass,1.2544,8.0
selected_two_stage_av,pass,-1.0884,2.0
selected_two_stage_av,pass,-0.1938,4.0
selected_two_stage_av,pass,-0.762,2.0
selected_two_stage_av,pass,-1.093,6.0
selected_two_stage_av,pass,0.807,4.0
selected_two_stage_av,pass,-1.5404,2.0
selected_two_stage_av,pass,1.2544,8.0
selected_two_stage_av,pass,-1.5357,2.0
selected_two_stage_av,pass,0.58,3.0
selected_two_stage_av,pass,0.1327,5.0
selected_two_stage_av,pass,-0.866,5.0
selected_two_stage_av,pass,-0.1938,5.0
selected_two_stage_av,pass,-0.6411,0.0
selected_two_stage_av,pass,0.2535,0.0
selected_two_stage_av,pass,-0.762,4.0
selected_two_stage_av,pass,0.476,6.0
selected_two_stage_av,pass,-1.5357,4.0
selected_two_stage_av,pass,-1.5404,2.0
selected_two_stage_av,pass,1.2544,8.0
selected_two_stage_av,pass,-0.1938,2.0
selected_two_stage_av,pass,-0.762,0.0
selected_two_stage_av,pass,0.1327,6.0
selected_two_stage_av,pass,-0.4187,4.0
selected_two_stage_av,pass,-3.1048,4.0
selected_two_stage_av,pass,0.58,4.0
selected_two_stage_av,pass,0.1327,8.0
selected_two_stage_av,pass,-1.9877,2.0
selected_two_stage_av,pass,0.807,8.0
selected_two_stage_av,pass,-0.1938,2.0
selected_two_stage_av,pass,-0.1938,0.0
selected_two_stage_av,pass,-0.762,3.0
selected_two_stage_av,pass,-0.4187,7.0
selected_two_stage_av,pass,-0.1938,3.0
selected_two_stage_av,pass,0.58,3.0
selected_two_stage_av,pass,0.476,0.0
selected_two_stage_av,pass,-2.6575,3.0
selected_two_stage_av,pass,0.3597,7.0
selected_two_stage_av,pass,-2.6575,3.0
selected_two_stage_av,pass,0.807,7.0
selected_two_stage_av,pass,0.58,3.0
selected_two_stage_av,pass,0.0287,0.0
selected_two_stage_av,pass,-0.4187,0.0
selected_two_stage_av,pass,-0.6411,0.0
selected_two_stage_av,pass,-1.0884,0.0
selected_two_stage_av,pass,0.58,0.0
selected_two_stage_av,pass,-0.1938,0.0
selected_two_stage_av,pass,-0.1938,0.0
selected_two_stage_av,pass,-1.2093,0.0
selected_two_stage_av,pass,0.0287,0.0
selected_two_stage_av,pass,1.2544,6.0
selected_two_stage_av,pass,-1.2093,4.0
selected_two_stage_av,pass,0.476,4.0
selected_two_stage_av,pass,-1.7628,4.0
selected_two_stage_av,pass,-1.5404,2.0
selected_two_stage_av,pass,0.3597,8.0
selected_two_stage_av,pass,-0.6411,2.0
selected_two_stage_av,pass,0.58,9.0
selected_two_stage_av,pass,-0.6411,5.0
selected_two_stage_av,pass,-1.0884,0.0
selected_two_stage_av,pass,0.58,5.0
selected_two_stage_av,pass,-0.4187,5.0
selected_two_stage_av,pass,0.1327,0.0
selected_two_stage_av,pass,-1.9877,1.0
selected_two_stage_av,pass,1.7017,9.0
selected_two_stage_av,pass,-1.0884,1.0
selected_two_stage_av,pass,-0.1938,2.0
selected_two_stage_av,pass,-0.3147,6.0
selected_two_stage_av,pass,-2.435,2.0
selected_two_stage_av,pass,1.7017,8.0
selected_two_stage_av,pass,-1.2093,4.0
selected_two_stage_av,pass,0.476,6.0
selected_two_stage_av,pass,0.2535,4.0
selected_two_stage_av,pass,-2.6575,3.0
selected_two_stage_av,pass,-0.1938,1.0
selected_two_stage_av,pass,-1.7628,2.0
selected_two_stage_av,pass,-0.762,8.0
selected_two_stage_av,pass,-0.4187,2.0
selected_two_stage_av,pass,-2.6575,5.0
selected_two_stage_av,pass,-1.2093,3.0
selected_two_stage_av,pass,0.9233,7.0
selected_two_stage_av,pass,-0.1938,3.0
selected_two_stage_av,pass,-1.0884,1.0
selected_two_stage_av,pass,0.1327,0.0
selected_two_stage_av,pass,-1.5404,1.0
selected_two_stage_av,pass,1.2544,9.0
selected_two_stage_av,pass,-0.1938,0.0
selected_two_stage_av,pass,-0.6411,0.0
selected_two_stage_av,pass,-0.762,0.0
selected_two_stage_av,pass,0.0287,0.0
selected_two_stage_av,pass,0.807,5.0
selected_two_stage_av,pass,-1.7628,4.0
selected_two_stage_av,pass,-0.3147,6.0
selected_two_stage_av,pass,-1.5404,4.0
selected_two_stage_av,pass,-0.762,4.0
selected_two_stage_av,pass,0.0287,6.0
selected_two_stage_av,pass,-2.2101,4.0
selected_two_stage_av,pass,1.7017,8.0
selected_two_stage_av,pass,-0.762,5.0
selected_two_stage_av,pass,0.3597,5.0
selected_two_stage_av,pass,0.1327,4.0
selected_two_stage_av,pass,-0.6457,4.0
selected_two_stage_av,pass,-0.3147,4.0
selected_two_stage_av,pass,-0.4187,6.0
selected_two_stage_av,pass,-0.6411,4.0
selected_two_stage_av,pass,-0.1938,0.0
selected_two_stage_av,pass,2.149,7.0
selected_two_stage_av,pass,-1.5357,3.0
selected_two_stage_av,pass,-0.3147,3.0
selected_two_stage_av,pass,-1.5404,3.0
selected_two_stage_av,pass,-1.093,4.0
selected_two_stage_av,pass,1.2544,6.0
selected_two_stage_av,pass,-0.6411,4.0
selected_two_stage_av,pass,-0.762,5.0
selected_two_stage_av,pass,-0.4187,0.0
selected_two_stage_av,pass,-1.0884,0.0
selected_two_stage_av,pass,-0.1938,0.0
selected_two_stage_av,pass,0.1327,0.0
selected_two_stage_av,pass,-0.762,4.0
selected_two_stage_av,pass,0.0287,0.0
selected_two_stage_av,pass,-1.7628,4.0
selected_two_stage_av,pass,1.2544,6.0
selected_two_stage_av,pass,-0.6411,5.0
selected_two_stage_av,pass,1.0273,0.0
selected_two_stage_av,pass,-1.9877,5.0
selected_two_stage_av,pass,0.3597,5.0
selected_two_stage_av,pass,-0.762,3.0
selected_two_stage_av,pass,-0.762,7.0
selected_two_stage_av,pass,-0.4187,3.0
selected_two_stage_av,pass,-0.8682,3.0
selected_two_stage_av,pass,-0.1938,3.0
selected_two_stage_av,pass,0.1327,4.0
selected_two_stage_av,pass,-1.9877,3.0
selected_two_stage_av,pass,0.807,7.0
selected_two_stage_av,pass,1.2544,6.0
selected_two_stage_av,pass,0.1327,4.0
selected_two_stage_av,pass,-0.866,0.0
selected_two_stage_av,pass,-1.7628,4.0
selected_two_stage_av,pass,-0.3147,3.0
selected_two_stage_av,pass,0.0287,7.0
selected_two_stage_av,pass,-0.1938,3.0
selected_two_stage_av,pass,-1.0884,0.0
selected_two_stage_av,pass,-0.6411,0.0
selected_two_stage_av,pass,-0.1938,0.0
selected_two_stage_av,pass,-0.3147,0.0
selected_two_stage_av,pass,-0.4187,0.0
selected_two_stage_av,pass,-1.0884,0.0
selected_two_stage_av,pass,-0.3147,0.0
selected_two_stage_av,pass,0.0287,0.0
selected_two_stage_av,pass,-0.1938,0.0
selected_two_stage_av,pass,0.9233,0.0
selected_two_stage_av,pass,-2.2101,4.0
selected_two_stage_av,pass,1.2544,6.0
selected_two_stage_av,pass,-1.2093,4.0
selected_two_stage_av,pass,-0.3147,3.0
selected_two_stage_av,pass,0.476,7.0
selected_two_stage_av,pass,-2.6575,3.0
selected_two_stage_av,pass,1.2544,7.0
selected_two_stage_av,pass,0.807,6.0
selected_two_stage_av,pass,-0.762,4.0
selected_two_stage_av,pass,1.3706,5.0
selected_two_stage_av,pass,-2.6575,4.0
selected_two_stage_av,pass,-1.2093,0.0
selected_two_stage_av,pass,0.9233,0.0
selected_two_stage_av,pass,-1.0884,0.0
selected_two_stage_av,pass,-0.1938,0.0
selected_two_stage_av,pass,-0.6411,2.0
selected_two_stage_av,pass,-0.3147,0.0
selected_two_stage_av,pass,-1.5404,2.0
selected_two_stage_av,pass,1.2544,8.0
selected_two_stage_av,pass,-1.5404,5.0
selected_two_stage_av,pass,1.7017,5.0
selected_two_stage_av,pass,-1.0884,5.0
selected_two_stage_av,pass,-0.3147,1.0
selected_two_stage_av,pass,-2.6575,2.0
selected_two_stage_av,pass,0.807,8.0
selected_two_stage_av,pass,-0.3147,2.0
selected_two_stage_av,pass,0.9233,8.0
selected_two_stage_av,pass,-1.7628,4.0
selected_two_stage_av,pass,0.3597,6.0
selected_two_stage_av,pass,0.58,4.0
selected_two_stage_av,pass,-0.4187,0.0
selected_two_stage_av,pass,1.7017,8.0
selected_two_stage_av,pass,0.58,1.0
selected_two_stage_av,pass,-0.866,9.0
selected_two_stage_av,pass,-2.6575,1.0
selected_two_stage_av,pass,-2.6575,2.0
selected_two_stage_av,pass,1.2544,9.0
selected_two_stage_av,pass,-0.762,2.0
selected_two_stage_av,pass,0.9233,8.0
selected_two_stage_av,pass,-1.0884,1.0
selected_two_stage_av,pass,-0.762,2.0
selected_two_stage_av,pass,-1.5404,1.0
selected_two_stage_av,pass,2.149,9.0
selected_two_stage_av,pass,-0.1938,3.0
selected_two_stage_av,pass,-0.762,0.0
selected_two_stage_av,pass,-1.093,3.0
selected_two_stage_av,pass,0.807,7.0
selected_two_stage_av,pass,-0.1938,0.0
selected_two_stage_av,pass,-1.0884,0.0
selected_two_stage_av,pass,-0.3147,0.0
selected_two_stage_av,pass,0.0287,0.0
selected_two_stage_av,pass,-1.093,5.0
selected_two_stage_av,pass,0.3597,5.0
selected_two_stage_av,pass,-0.1938,5.0
selected_two_stage_av,pass,-0.3147,3.0
selected_two_stage_av,pass,-0.3147,4.0
selected_two_stage_av,pass,0.476,6.0
selected_two_stage_av,pass,-2.6575,4.0
selected_two_stage_av,pass,1.2544,7.0
selected_two_stage_av,pass,-0.3147,0.0
selected_two_stage_av,pass,0.0287,0.0
selected_two_stage_av,pass,-0.6411,0.0
selected_two_stage_av,pass,-0.6411,0.0
selected_two_stage_av,pass,0.807,5.0
selected_two_stage_av,pass,-0.3147,5.0
selected_two_stage_av,pass,0.0287,0.0
selected_two_stage_av,pass,-1.7628,5.0
selected_two_stage_av,pass,-0.6411,0.0
selected_two_stage_av,pass,-0.3147,0.0
selected_two_stage_av,pass,-0.4187,0.0
selected_two_stage_av,pass,-0.1938,0.0
selected_two_stage_av,pass,0.807,7.0
selected_two_stage_av,pass,0.1327,3.0
selected_two_stage_av,pass,-1.093,6.0
selected_two_stage_av,pass,-0.762,3.0
selected_two_stage_av,pass,-1.5404,2.0
selected_two_stage_av,pass,1.7017,8.0
selected_two_stage_av,pass,-0.6411,2.0
selected_two_stage_av,pass,-0.762,3.0
selected_two_stage_av,pass,-1.7628,4.0
selected_two_stage_av,pass,0.3597,6.0
selected_two_stage_av,pass,-0.3147,4.0
selected_two_stage_av,pass,0.476,5.0
selected_two_stage_av,pass,-2.6575,2.0
selected_two_stage_av,pass,1.7017,8.0
selected_two_stage_av,pass,-1.2093,2.0
selected_two_stage_av,pass,0.9233,0.0
selected_two_stage_av,pass,0.58,7.0
selected_two_stage_av,pass,-0.866,3.0
selected_two_stage_av,pass,-0.1938,0.0
selected_two_stage_av,pass,-2.6575,3.0
selected_two_stage_av,pass,-0.1938,0.0
selected_two_stage_av,pass,-0.762,0.0
selected_two_stage_av,pass,0.476,0.0
selected_two_stage_av,pass,-1.0884,0.0
selected_two_stage_av,pass,-0.4187,2.0
selected_two_stage_av,pass,-1.3155,5.0
selected_two_stage_av,pass,-0.762,2.0
selected_two_stage_av,pass,-0.3147,8.0
selected_two_stage_av,pass,-0.6411,4.0
selected_two_stage_av,pass,-0.762,6.0
selected_two_stage_av,pass,-1.9877,4.0
selected_two_stage_av,pass,2.149,6.0
selected_two_stage_av,pass,-0.3147,1.0
selected_two_stage_av,pass,0.476,0.0
selected_two_stage_av,pass,-2.2101,1.0
selected_two_stage_av,pass,0.807,9.0
selected_two_stage_av,pass,-0.6411,0.0
selected_two_stage_av,pass,-0.6411,0.0
selected_two_stage_av,pass,-0.3147,0.0
selected_two_stage_av,pass,0.0287,0.0
selected_two_stage_av,pass,1.7017,9.0
selected_two_stage_av,pass,-0.762,1.0
selected_two_stage_av,pass,0.9233,0.0
selected_two_stage_av,pass,-3.1048,1.0
selected_two_stage_av,pass,0.1327,7.0
selected_two_stage_av,pass,0.476,3.0
selected_two_stage_av,pass,-1.5357,5.0
selected_two_stage_av,pass,-2.2101,3.0
selected_two_stage_av,pass,1.2544,8.0
selected_two_stage_av,pass,-0.3147,3.0
selected_two_stage_av,pass,0.476,7.0
selected_two_stage_av,pass,-2.6575,3.0
selected_two_stage_av,pass,0.0287,5.0
selected_two_stage_av,pass,-2.6575,4.0
selected_two_stage_av,pass,1.7017,6.0
selected_two_stage_av,pass,-0.3147,4.0
selected_two_stage_av,pass,-1.0884,0.0
selected_two_stage_av,pass,0.1327,0.0
selected_two_stage_av,pass,0.0287,0.0
selected_two_stage_av,pass,-0.6411,0.0
selected_two_stage_av,pass,-1.2093,6.0
selected_two_stage_av,pass,0.0287,4.0
selected_two_stage_av,pass,0.2535,0.0
selected_two_stage_av,pass,-2.2101,4.0
selected_two_stage_av,pass,0.1327,3.0
selected_two_stage_av,pass,0.476,7.0
selected_two_stage_av,pass,-1.0884,3.0
selected_two_stage_av,pass,-1.0884,0.0
selected_two_stage_av,pass,-1.3155,3.0
selected_two_stage_av,pass,1.2544,7.0
selected_two_stage_av,pass,-0.3147,3.0
selected_two_stage_av,pass,-0.866,6.0
selected_two_stage_av,pass,-0.3147,7.0
selected_two_stage_av,pass,0.0287,3.0
selected_two_stage_av,pass,-1.0884,0.0
selected_two_stage_av,pass,-1.7628,3.0
selected_two_stage_av,pass,-2.6575,4.0
selected_two_stage_av,pass,0.1327,6.0
selected_two_stage_av,pass,0.0287,4.0
selected_two_stage_av,pass,-0.6411,0.0
selected_two_stage_av,pass,0.476,0.0
selected_two_stage_av,pass,-1.0884,0.0
selected_two_stage_av,pass,-0.6411,0.0
selected_two_stage_av,pass,-0.3147,0.0
selected_two_stage_av,pass,-0.6411,4.0
selected_two_stage_av,pass,1.0273,0.0
selected_two_stage_av,pass,-2.435,4.0
selected_two_stage_av,pass,0.807,6.0
selected_two_stage_av,pass,1.7017,8.0
selected_two_stage_av,pass,-0.3147,2.0
selected_two_stage_av,pass,0.0287,0.0
selected_two_stage_av,pass,-2.6575,2.0
selected_two_stage_av,pass,-0.3147,7.0
selected_two_stage_av,pass,-0.4187,6.0
selected_two_stage_av,pass,-1.3155,7.0
selected_two_stage_av,pass,0.807,3.0
selected_two_stage_av,pass,-1.0884,4.0
selected_two_stage_av,pass,-0.762,5.0
selected_two_stage_av,pass,-0.6457,4.0
selected_two_stage_av,pass,1.2544,6.0
selected_two_stage_av,pass,-1.0884,0.0
selected_two_stage_av,pass,-1.3155,5.0
selected_two_stage_av,pass,-0.3147,5.0
selected_two_stage_av,pass,-0.4187,5.0
selected_two_stage_av,pass,0.1327,2.0
selected_two_stage_av,pass,-0.4187,8.0
selected_two_stage_av,pass,-1.0884,2.0
selected_two_stage_av,pass,-0.1938,0.0
selected_two_stage_av,pass,-0.1938,0.0
selected_two_stage_av,pass,-0.3147,0.0
selected_two_stage_av,pass,0.0287,0.0
selected_two_stage_av,pass,-1.0884,0.0
selected_two_stage_av,pass,0.0287,3.0
selected_two_stage_av,pass,-1.3155,5.0
selected_two_stage_av,pass,0.3597,5.0
selected_two_stage_av,pass,-0.3147,5.0
selected_two_stage_av,pass,0.807,5.0
selected_two_stage_av,pass,-0.3147,5.0
selected_two_stage_av,pass,0.0287,0.0
selected_two_stage_av,pass,-1.7628,5.0
selected_two_stage_av,pass,-0.6411,0.0
selected_two_stage_av,pass,0.58,4.0
selected_two_stage_av,pass,-0.4187,6.0
selected_two_stage_av,pass,-1.0884,4.0
selected_two_stage_av,pass,-1.5357,3.0
selected_two_stage_av,pass,-0.6411,0.0
selected_two_stage_av,pass,0.1327,3.0
selected_two_stage_av,pass,0.476,7.0
selected_two_stage_av,pass,1.2544,7.0
selected_two_stage_av,pass,-0.3147,3.0
selected_two_stage_av,pass,0.0287,0.0
selected_two_stage_av,pass,-2.2101,3.0
selected_two_stage_av,pass,-2.435,3.0
selected_two_stage_av,pass,1.2544,7.0
selected_two_stage_av,pass,-1.7628,3.0
selected_two_stage_av,pass,0.1327,7.0
selected_two_stage_av,pass,0.807,7.0
selected_two_stage_av,pass,-0.6411,3.0
selected_two_stage_av,pass,0.58,4.0
selected_two_stage_av,pass,-1.9877,3.0
selected_two_stage_av,pass,-0.3147,4.0
selected_two_stage_av,pass,-0.6457,4.0
selected_two_stage_av,pass,-0.762,4.0
selected_two_stage_av,pass,0.807,6.0
selected_two_stage_av,pass,0.3597,5.0
selected_two_stage_av,pass,-0.3147,5.0
selected_two_stage_av,pass,-0.6457,5.0
selected_two_stage_av,pass,-0.3147,5.0
selected_two_stage_av,pass,-0.1938,5.0
selected_two_stage_av,pass,-0.3147,0.0
selected_two_stage_av,pass,-1.5404,5.0
selected_two_stage_av,pass,0.807,5.0
selected_two_stage_av,pass,0.0287,0.0
selected_two_stage_av,pass,-2.2101,5.0
selected_two_stage_av,pass,1.7017,5.0
selected_two_stage_av,pass,-0.762,5.0
selected_two_stage_av,pass,-1.9877,1.0
selected_two_stage_av,pass,2.149,9.0
selected_two_stage_av,pass,-1.0884,1.0
selected_two_stage_av,pass,-0.3147,6.0
selected_two_stage_av,pass,-0.6411,4.0
selected_two_stage_av,pass,-0.6411,0.0
selected_two_stage_av,pass,-0.3147,4.0
selected_two_stage_av,pass,0.0287,6.0
selected_two_stage_av,pass,0.1327,0.0
selected_two_stage_av,pass,-1.5404,1.0
selected_two_stage_av,pass,0.807,9.0
selected_two_stage_av,pass,-0.6411,1.0
selected_two_stage_av,pass,-1.5357,0.0
selected_two_stage_av,pass,-0.6411,0.0
selected_two_stage_av,pass,0.1327,0.0
selected_two_stage_av,pass,0.476,0.0
selected_two_stage_av,pass,-0.6411,5.0
selected_two_stage_av,pass,0.2535,0.0
selected_two_stage_av,pass,-0.762,5.0
selected_two_stage_av,pass,-0.4187,5.0
selected_two_stage_av,pass,-1.093,2.0
selected_two_stage_av,pass,-0.3147,4.0
selected_two_stage_av,pass,0.807,6.0
selected_two_stage_av,pass,-0.3147,4.0
selected_two_stage_av,pass,-0.6411,2.0
selected_two_stage_av,pass,-0.3147,9.0
selected_two_stage_av,pass,-1.5404,2.0
selected_two_stage_av,pass,1.2544,8.0
selected_two_stage_av,pass,-0.1938,0.0
selected_two_stage_av,pass,-1.7628,2.0
selected_two_stage_av,pass,-0.3147,8.0
selected_two_stage_av,pass,-0.866,2.0
selected_two_stage_av,pass,-1.5357,0.0
selected_two_stage_av,pass,-1.7628,2.0
selected_two_stage_av,pass,0.1327,8.0
selected_two_stage_av,pass,0.0287,2.0
selected_two_stage_av,pass,-1.0884,1.0
selected_two_stage_av,pass,-2.2101,3.0
selected_two_stage_av,pass,-0.762,7.0
selected_two_stage_av,pass,0.9233,3.0
selected_two_stage_av,pass,0.0287,3.0
selected_two_stage_av,pass,-0.1938,0.0
selected_two_stage_av,pass,-2.6575,3.0
selected_two_stage_av,pass,-0.3147,7.0
selected_two_stage_av,pass,0.2535,6.0
selected_two_stage_av,pass,-0.3147,3.0
selected_two_stage_av,pass,-1.9877,6.0
selected_two_stage_av,pass,0.807,4.0
selected_two_stage_av,pass,-0.3147,2.0
selected_two_stage_av,pass,-1.093,6.0
selected_two_stage_av,pass,-0.762,2.0
selected_two_stage_av,pass,1.2544,8.0
selected_two_stage_av,pass,0.807,7.0
selected_two_stage_av,pass,-0.762,3.0
selected_two_stage_av,pass,0.0287,3.0
selected_two_stage_av,pass,-1.3155,3.0
selected_two_stage_av,pass,-0.3147,8.0
selected_two_stage_av,pass,-1.093,2.0
selected_two_stage_av,pass,1.2544,7.0
selected_two_stage_av,pass,-2.6575,2.0
selected_two_stage_av,pass,-0.866,8.0
selected_two_stage_av,pass,-1.7628,2.0
selected_two_stage_av,pass,2.149,9.0
selected_two_stage_av,pass,-0.762,2.0
selected_two_stage_av,pass,0.476,0.0
selected_two_stage_av,pass,-0.6411,0.0
selected_two_stage_av,pass,-1.0884,0.0
selected_two_stage_av,pass,-0.3147,0.0
selected_two_stage_av,pass,0.0287,3.0
selected_two_stage_av,pass,-2.2101,1.0
selected_two_stage_av,pass,1.7017,9.0
selected_two_stage_av,pass,-0.762,1.0
selected_two_stage_av,pass,0.0287,0.0
selected_two_stage_av,pass,-1.5357,0.0
selected_two_stage_av,pass,-0.1938,0.0
selected_two_stage_av,pass,0.1327,0.0
selected_two_stage_av,pass,-0.6411,0.0
selected_two_stage_av,pass,0.58,3.0
selected_two_stage_av,pass,-0.4187,7.0
selected_two_stage_av,pass,-1.0884,3.0
selected_two_stage_av,pass,0.58,4.0
selected_two_stage_av,pass,-1.093,5.0
selected_two_stage_av,pass,0.3597,5.0
selected_two_stage_av,pass,-1.0884,5.0
selected_two_stage_av,pass,-0.4187,4.0
selected_two_stage_av,pass,-0.1938,6.0
selected_two_stage_av,pass,-1.0884,0.0
selected_two_stage_av,pass,0.1327,6.0
selected_two_stage_av,pass,-1.0884,2.0
selected_two_stage_av,pass,-0.1938,0.0
selected_two_stage_av,pass,-0.762,2.0
selected_two_stage_av,pass,0.476,8.0
selected_two_stage_av,pass,-1.2093,4.0
selected_two_stage_av,pass,-1.9877,3.0
selected_two_stage_av,pass,1.2544,7.0
selected_two_stage_av,pass,0.7008,3.0
selected_two_stage_av,pass,-0.762,0.0
selected_two_stage_av,pass,-1.5404,3.0
selected_two_stage_av,pass,1.2544,7.0
selected_two_stage_av,pass,-0.1938,3.0
selected_two_stage_av,pass,-1.0884,3.0
selected_two_stage_av,pass,0.1327,5.0
selected_two_stage_av,pass,-1.5404,3.0
selected_two_stage_av,pass,1.2544,7.0
selected_two_stage_av,pass,-0.866,4.0
selected_two_stage_av,pass,-0.6411,0.0
selected_two_stage_av,pass,-0.8682,4.0
selected_two_stage_av,pass,-0.762,6.0
selected_two_stage_av,pass,-1.5404,2.0
selected_two_stage_av,pass,0.807,8.0
selected_two_stage_av,pass,-0.6411,2.0
selected_two_stage_av,pass,0.1327,6.0
selected_two_stage_av,pass,0.0287,7.0
selected_two_stage_av,pass,-2.2101,3.0
selected_two_stage_av,pass,0.807,7.0
selected_two_stage_av,pass,0.1327,3.0
selected_two_stage_av,pass,-0.1938,3.0
selected_two_stage_av,pass,0.2535,0.0
selected_two_stage_av,pass,-0.762,3.0
selected_two_stage_av,pass,-0.866,7.0
selected_two_stage_av,pass,0.9233,0.0
selected_two_stage_av,pass,-1.0884,0.0
selected_two_stage_av,pass,-0.6411,0.0
selected_two_stage_av,pass,-0.762,0.0
selected_two_stage_av,pass,-0.866,7.0
selected_two_stage_av,pass,-0.1938,3.0
selected_two_stage_av,pass,-0.1938,0.0
selected_two_stage_av,pass,-0.3147,3.0
selected_two_stage_av,pass,-2.6575,3.0
selected_two_stage_av,pass,0.3597,7.0
selected_two_stage_av,pass,1.0273,3.0
selected_two_stage_av,pass,0.0287,6.0
selected_two_stage_av,pass,2.149,7.0
selected_two_stage_av,pass,0.1327,3.0
selected_two_stage_av,pass,-0.4187,0.0
selected_two_stage_av,pass,-3.1048,3.0
selected_two_stage_av,pass,-0.762,3.0
selected_two_stage_av,pass,0.476,4.0
selected_two_stage_av,pass,-1.7628,3.0
selected_two_stage_av,pass,0.807,7.0
selected_two_stage_av,pass,-2.6575,3.0
selected_two_stage_av,pass,1.2544,7.0
selected_two_stage_av,pass,-0.3147,3.0
selected_two_stage_av,pass,0.476,0.0
selected_two_stage_av,pass,0.807,7.0
selected_two_stage_av,pass,-0.1938,3.0
selected_two_stage_av,pass,0.1327,4.0
selected_two_stage_av,pass,-1.9877,3.0
selected_two_stage_av,pass,0.807,7.0
selected_two_stage_av,pass,-0.762,3.0
selected_two_stage_av,pass,1.3706,4.0
selected_two_stage_av,pass,-2.6575,3.0
selected_two_stage_av,pass,1.2544,7.0
selected_two_stage_av,pass,-0.762,3.0
selected_two_stage_av,pass,0.0287,0.0
selected_two_stage_av,pass,-1.7628,3.0
selected_two_stage_av,pass,1.7017,7.0
selected_two_stage_av,pass,-0.3147,3.0
selected_two_stage_av,pass,-1.9877,3.0
selected_two_stage_av,pass,-0.3147,3.0
selected_two_stage_av,pass,1.2544,6.0
selected_two_stage_av,pass,-0.762,4.0
selected_two_stage_av,pass,0.0287,6.0
selected_two_stage_av,pass,-1.7628,4.0
selected_two_stage_av,pass,-0.3147,4.0
selected_two_stage_av,pass,0.476,0.0
selected_two_stage_av,pass,-2.2101,4.0
selected_two_stage_av,pass,0.807,6.0
selected_two_stage_av,pass,0.3597,6.0
selected_two_stage_av,pass,0.2535,4.0
selected_two_stage_av,pass,0.58,0.0
selected_two_stage_av,pass,-2.435,4.0
selected_two_stage_av,pass,-2.6575,2.0
selected_two_stage_av,pass,0.1327,3.0
selected_two_stage_av,pass,-0.4187,7.0
selected_two_stage_av,pass,-0.1938,3.0
selected_two_stage_av,pass,-1.5357,0.0
selected_two_stage_av,pass,-0.3147,0.0
selected_two_stage_av,pass,0.9233,0.0
selected_two_stage_av,pass,-0.6411,0.0
selected_two_stage_av,pass,-1.7628,6.0
selected_two_stage_av,pass,-0.762,4.0
selected_two_stage_av,pass,0.476,6.0
selected_two_stage_av,pass,-1.0884,0.0
selected_two_stage_av,pass,-1.0884,4.0
selected_two_stage_av,pass,0.1327,0.0
selected_two_stage_av,pass,-1.5404,4.0
selected_two_stage_av,pass,1.2544,6.0
selected_two_stage_av,pass,-1.5357,0.0
selected_two_stage_av,pass,-1.0884,0.0
selected_two_stage_av,pass,0.1327,0.0
selected_two_stage_av,pass,0.9233,0.0
selected_two_stage_av,pass,1.2544,8.0
selected_two_stage_av,pass,-1.0884,2.0
selected_two_stage_av,pass,0.58,6.0
selected_two_stage_av,pass,-1.9877,2.0
selected_two_stage_av,pass,0.476,0.0
selected_two_stage_av,pass,-2.2101,2.0
selected_two_stage_av,pass,1.2544,8.0
selected_two_stage_av,pass,-0.762,2.0
selected_two_stage_av,pass,0.1327,0.0
selected_two_stage_av,pass,-0.4187,0.0
selected_two_stage_av,pass,-1.0884,0.0
selected_two_stage_av,pass,-0.1938,0.0
selected_two_stage_av,pass,-0.6411,5.0
selected_two_stage_av,pass,-1.7628,4.0
selected_two_stage_av,pass,-0.762,5.0
selected_two_stage_av,pass,0.0287,5.0
selected_two_stage_av,pass,0.476,3.0
selected_two_stage_av,pass,0.2535,0.0
selected_two_stage_av,pass,-3.1048,3.0
selected_two_stage_av,pass,-0.762,7.0
selected_two_stage_av,pass,0.1327,0.0
selected_two_stage_av,pass,-2.435,4.0
selected_two_stage_av,pass,1.2544,6.0
selected_two_stage_av,pass,-0.1938,4.0
selected_two_stage_av,pass,-0.762,0.0
selected_two_stage_av,pass,-2.435,5.0
selected_two_stage_av,pass,2.149,5.0
selected_two_stage_av,pass,-0.1938,5.0
selected_two_stage_av,pass,1.2544,6.0
selected_two_stage_av,pass,-0.6411,4.0
selected_two_stage_av,pass,-0.3147,0.0
selected_two_stage_av,pass,-1.5404,4.0
selected_two_stage_av,pass,-0.6411,0.0
selected_two_stage_av,pass,-2.2101,3.0
selected_two_stage_av,pass,-0.3147,7.0
selected_two_stage_av,pass,0.0287,3.0
selected_two_stage_av,pass,1.2544,8.0
selected_two_stage_av,pass,-0.6411,2.0
selected_two_stage_av,pass,0.1327,0.0
selected_two_stage_av,pass,-1.9877,2.0
selected_two_stage_av,pass,-0.6411,4.0
selected_two_stage_av,pass,-2.6575,3.0
selected_two_stage_av,pass,0.1327,7.0
selected_two_stage_av,pass,0.0287,3.0
selected_two_stage_av,pass,0.1327,0.0
selected_two_stage_av,pass,0.0287,0.0
selected_two_stage_av,pass,-0.6411,0.0
selected_two_stage_av,pass,-1.0884,0.0
selected_two_stage_av,pass,1.2544,4.0
selected_two_stage_av,pass,-0.762,6.0
selected_two_stage_av,pass,0.9233,0.0
selected_two_stage_av,pass,-2.6575,6.0
selected_two_stage_av,pass,-1.5357,3.0
selected_two_stage_av,pass,-0.3147,1.0
selected_two_stage_av,pass,-0.6457,3.0
selected_two_stage_av,pass,1.2544,7.0
selected_two_stage_av,pass,-2.6575,3.0
selected_two_stage_av,pass,1.2544,7.0
selected_two_stage_av,pass,-0.3147,3.0
selected_two_stage_av,pass,0.476,6.0
selected_two_stage_av,pass,0.476,4.0
selected_two_stage_av,pass,-0.1938,0.0
selected_two_stage_av,pass,-2.6575,4.0
selected_two_stage_av,pass,-0.762,6.0
selected_two_stage_av,pass,-0.866,0.0
selected_two_stage_av,pass,-1.7628,3.0
selected_two_stage_av,pass,2.149,7.0
selected_two_stage_av,pass,-0.762,3.0
selected_two_stage_av,pass,1.7017,5.0
selected_two_stage_av,pass,0.2535,5.0
selected_two_stage_av,pass,-1.2093,3.0
selected_two_stage_av,pass,-1.9877,5.0
selected_two_stage_av,pass,-1.7628,4.0
selected_two_stage_av,pass,0.807,6.0
selected_two_stage_av,pass,-0.3147,4.0
selected_two_stage_av,pass,0.0287,0.0
selected_two_stage_av,pass,-0.762,0.0
selected_two_stage_av,pass,0.476,0.0
selected_two_stage_av,pass,-0.6411,0.0
selected_two_stage_av,pass,-0.6411,0.0
selected_two_stage_av,pass,-0.3147,7.0
selected_two_stage_av,pass,-2.435,2.0
selected_two_stage_av,pass,1.7017,8.0
selected_two_stage_av,pass,-0.1938,2.0
selected_two_stage_av,pass,1.2544,7.0
selected_two_stage_av,pass,0.1327,3.0
selected_two_stage_av,pass,-0.4187,0.0
selected_two_stage_av,pass,-2.2101,3.0
selected_two_stage_av,pass,1.2544,5.0
selected_two_stage_av,pass,-1.5357,5.0
selected_two_stage_av,pass,0.1327,0.0
selected_two_stage_av,pass,-1.093,5.0
selected_two_stage_av,pass,-1.0884,3.0
selected_two_stage_av,pass,-1.2093,0.0
selected_two_stage_av,pass,-0.6457,3.0
selected_two_stage_av,pass,1.7017,7.0
selected_two_stage_av,pass,0.9233,0.0
selected_two_stage_av,pass,-2.2101,3.0
selected_two_stage_av,pass,0.3597,7.0
selected_two_stage_av,pass,-0.3147,3.0
selected_two_stage_av,pass,-0.4187,8.0
selected_two_stage_av,pass,-1.0884,2.0
selected_two_stage_av,pass,-0.1938,0.0
selected_two_stage_av,pass,0.1327,2.0
selected_two_stage_av,pass,0.1327,0.0
selected_two_stage_av,pass,0.0287,0.0
selected_two_stage_av,pass,-0.6411,0.0
selected_two_stage_av,pass,-1.0884,0.0
selected_two_stage_av,pass,-1.5357,1.0
selected_two_stage_av,pass,-1.5357,0.0
selected_two_stage_av,pass,1.0273,1.0
selected_two_stage_av,pass,0.476,9.0
selected_two_stage_av,pass,0.58,0.0
selected_two_stage_av,pass,-1.5404,6.0
selected_two_stage_av,pass,0.807,4.0
selected_two_stage_av,pass,-1.0884,6.0
selected_two_stage_av,pass,0.9233,1.0
selected_two_stage_av,pass,-1.0884,0.0
selected_two_stage_av,pass,-2.6575,1.0
selected_two_stage_av,pass,-0.3147,9.0
selected_two_stage_av,pass,-1.0884,0.0
selected_two_stage_av,pass,0.1327,0.0
selected_two_stage_av,pass,0.476,0.0
selected_two_stage_av,pass,-1.0884,0.0
selected_two_stage_av,pass,-1.093,2.0
selected_two_stage_av,pass,0.807,7.0
selected_two_stage_av,pass,-1.3155,2.0
selected_two_stage_av,pass,-1.2093,8.0
selected_two_stage_av,pass,-0.6411,4.0
selected_two_stage_av,pass,-1.0884,0.0
selected_two_stage_av,pass,-0.3147,4.0
selected_two_stage_av,pass,0.476,6.0
selected_two_stage_av,pass,-0.762,4.0
selected_two_stage_av,pass,-1.9877,2.0
selected_two_stage_av,pass,2.5963,9.0
selected_two_stage_av,pass,-2.6575,2.0
selected_two_stage_av,pass,-1.0884,0.0
selected_two_stage_av,pass,0.2535,0.0
selected_two_stage_av,pass,-0.3147,0.0
selected_two_stage_av,pass,-0.4187,0.0
selected_two_stage_av,pass,-2.2101,4.0
selected_two_stage_av,pass,1.2544,6.0
selected_two_stage_av,pass,-1.2093,4.0
selected_two_stage_av,pass,0.9233,0.0
selected_two_stage_av,pass,-0.3147,0.0
selected_two_stage_av,pass,-1.093,2.0
selected_two_stage_av,pass,0.807,8.0
selected_two_stage_av,pass,-0.6411,2.0
selected_two_stage_av,pass,-2.2101,2.0
selected_two_stage_av,pass,-0.3147,8.0
selected_two_stage_av,pass,0.0287,2.0
selected_two_stage_av,pass,-0.6411,0.0
selected_two_stage_av,pass,-0.6411,0.0
selected_two_stage_av,pass,-0.6411,0.0
selected_two_stage_av,pass,-0.3147,0.0
selected_two_stage_av,pass,0.0287,0.0
selected_two_stage_av,pass,1.2544,6.0
selected_two_stage_av,pass,-1.0884,4.0
selected_two_stage_av,pass,0.58,0.0
selected_two_stage_av,pass,-1.9877,4.0
selected_two_stage_av,pass,-1.0884,4.0
selected_two_stage_av,pass,0.1327,0.0
selected_two_stage_av,pass,-1.9877,4.0
selected_two_stage_av,pass,1.7017,6.0
selected_two_stage_av,pass,-0.4187,5.0
selected_two_stage_av,pass,-0.1938,0.0
selected_two_stage_av,pass,-1.7628,5.0
selected_two_stage_av,pass,-0.762,5.0
selected_two_stage_av,pass,0.2535,0.0
selected_two_stage_av,pass,-2.6575,1.0
selected_two_stage_av,pass,-0.762,9.0
selected_two_stage_av,pass,0.0287,1.0
selected_two_stage_av,pass,0.476,6.0
selected_two_stage_av,pass,-0.6411,4.0
selected_two_stage_av,pass,-1.0884,0.0
selected_two_stage_av,pass,-0.3147,4.0
selected_two_stage_av,pass,-1.5404,6.0
selected_two_stage_av,pass,1.7017,4.0
selected_two_stage_av,pass,-1.5357,4.0
selected_two_stage_av,pass,0.1327,4.0
selected_two_stage_av,pass,0.476,3.0
selected_two_stage_av,pass,-1.5357,0.0
selected_two_stage_av,pass,-1.7628,3.0
selected_two_stage_av,pass,-0.3147,7.0
selected_two_stage_av,pass,-0.6411,0.0
selected_two_stage_av,pass,0.1327,0.0
selected_two_stage_av,pass,0.0287,0.0
selected_two_stage_av,pass,-1.0884,0.0
selected_two_stage_av,pass,-0.6411,0.0
selected_two_stage_av,pass,-0.762,0.0
selected_two_stage_av,pass,0.0287,0.0
selected_two_stage_av,pass,-0.1938,0.0
selected_two_stage_av,pass,-0.6411,0.0
selected_two_stage_av,pass,-1.7628,1.0
selected_two_stage_av,pass,-0.762,9.0
selected_two_stage_av,pass,0.0287,1.0
selected_two_stage_av,pass,1.2544,6.0
selected_two_stage_av,pass,-1.0884,4.0
selected_two_stage_av,pass,0.58,6.0
selected_two_stage_av,pass,-1.9877,4.0
selected_two_stage_av,pass,0.0287,7.0
selected_two_stage_av,pass,-2.2101,3.0
selected_two_stage_av,pass,1.7017,7.0
selected_two_stage_av,pass,-0.762,3.0
selected_two_stage_av,pass,0.476,2.0
selected_two_stage_av,pass,-1.7628,4.0
selected_two_stage_av,pass,0.807,6.0
selected_two_stage_av,pass,-0.762,4.0
selected_two_stage_av,pass,1.7017,7.0
selected_two_stage_av,pass,-1.2093,3.0
selected_two_stage_av,pass,-1.9877,4.0
selected_two_stage_av,pass,0.58,3.0
selected_two_stage_av,pass,-1.9877,5.0
selected_two_stage_av,pass,1.7017,5.0
selected_two_stage_av,pass,-0.6411,5.0
selected_two_stage_av,pass,-0.3147,5.0
selected_two_stage_av,pass,-1.5404,1.0
selected_two_stage_av,pass,2.149,4.0
selected_two_stage_av,pass,-3.1048,1.0
selected_two_stage_av,pass,-0.3147,9.0
selected_two_stage_av,pass,0.807,5.0
selected_two_stage_av,pass,-0.762,5.0
selected_two_stage_av,pass,0.9233,0.0
selected_two_stage_av,pass,-2.2101,5.0
selected_two_stage_av,pass,-1.0884,0.0
selected_two_stage_av,pass,-0.3147,0.0
selected_two_stage_av,pass,0.9233,0.0
selected_two_stage_av,pass,-1.0884,0.0
selected_two_stage_av,pass,-0.866,4.0
selected_two_stage_av,pass,-0.1938,0.0
selected_two_stage_av,pass,-2.2101,4.0
selected_two_stage_av,pass,0.1327,6.0
selected_two_stage_av,pass,-0.1984,4.0
selected_two_stage_av,pass,0.807,6.0
selected_two_stage_av,pass,-1.0884,4.0
selected_two_stage_av,pass,-0.762,0.0
selected_two_stage_av,pass,-0.1938,0.0
selected_two_stage_av,pass,-0.3147,0.0
selected_two_stage_av,pass,-0.4187,0.0
selected_two_stage_av,pass,-0.6411,0.0
selected_two_stage_av,pass,-1.7628,3.0
selected_two_stage_av,pass,0.807,7.0
selected_two_stage_av,pass,-1.2093,3.0
selected_two_stage_av,pass,0.9233,0.0
selected_two_stage_av,pass,-0.1938,0.0
selected_two_stage_av,pass,-2.6575,3.0
selected_two_stage_av,pass,-0.762,7.0
selected_two_stage_av,pass,0.476,3.0
selected_two_stage_av,pass,1.7017,7.0
selected_two_stage_av,pass,-1.0884,3.0
selected_two_stage_av,pass,-0.762,0.0
selected_two_stage_av,pass,-1.093,3.0
selected_two_stage_av,pass,-2.2101,5.0
selected_two_stage_av,pass,0.1327,3.0
selected_two_stage_av,pass,0.0287,7.0
selected_two_stage_av,pass,-1.0884,3.0
selected_two_stage_av,pass,0.807,6.0
selected_two_stage_av,pass,-0.6411,4.0
selected_two_stage_av,pass,-0.3147,0.0
selected_two_stage_av,pass,-1.093,4.0
selected_two_stage_av,pass,0.807,6.0
selected_two_stage_av,pass,-0.1938,4.0
selected_two_stage_av,pass,-0.3147,0.0
selected_two_stage_av,pass,-1.5404,4.0
selected_two_stage_av,pass,-0.6411,4.0
selected_two_stage_av,pass,0.1327,5.0
selected_two_stage_av,pass,-1.9877,4.0
selected_two_stage_av,pass,1.2544,6.0
selected_two_stage_av,pass,-2.6575,5.0
selected_two_stage_av,pass,0.807,5.0
selected_two_stage_av,pass,-0.762,5.0
selected_two_stage_av,pass,1.3706,0.0
selected_two_stage_av,pass,-1.0884,0.0
selected_two_stage_av,pass,-0.6411,0.0
selected_two_stage_av,pass,-0.3147,0.0
selected_two_stage_av,pass,0.476,0.0
selected_two_stage_av,pass,-1.9877,10.0
selected_two_stage_av,pass,0.807,0.0
selected_two_stage_av,pass,-0.6411,7.0
selected_two_stage_av,pass,0.58,0.0
selected_two_stage_av,pass,-0.762,7.0
selected_two_stage_av,pass,0.476,3.0
selected_two_stage_av,pass,-1.0884,0.0
selected_two_stage_av,pass,-1.7628,3.0
selected_two_stage_av,pass,-0.4187,7.0
selected_two_stage_av,pass,-2.6575,5.0
selected_two_stage_av,pass,1.2544,5.0
selected_two_stage_av,pass,0.58,5.0
selected_two_stage_av,pass,0.9233,3.0
selected_two_stage_av,pass,-3.1048,5.0
selected_two_stage_av,pass,0.807,5.0
selected_two_stage_av,pass,0.1327,5.0
selected_two_stage_av,pass,-0.1938,0.0
selected_two_stage_av,pass,-0.762,0.0
selected_two_stage_av,pass,-0.4187,0.0
selected_two_stage_av,pass,-0.1938,0.0
selected_two_stage_av,pass,-0.1938,0.0
selected_two_stage_av,pass,-1.0884,0.0
selected_two_stage_av,pass,0.1327,0.0
selected_two_stage_av,pass,-0.4187,0.0
selected_two_stage_av,pass,-0.3147,0.0
selected_two_stage_av,pass,0.476,0.0
selected_two_stage_av,pass,-0.6411,0.0
selected_two_stage_av,pass,-1.0884,0.0
selected_two_stage_av,pass,-0.762,0.0
selected_two_stage_av,pass,0.9233,0.0
selected_two_stage_av,pass,-0.1938,0.0
selected_two_stage_av,pass,-1.5357,0.0
selected_two_stage_av,pass,-1.0884,1.0
selected_two_stage_av,pass,-2.6575,4.0
selected_two_stage_av,pass,0.58,6.0
selected_two_stage_av,pass,0.0287,4.0
selected_two_stage_av,pass,-1.5404,5.0
selected_two_stage_av,pass,-1.2093,5.0
selected_two_stage_av,pass,1.7017,5.0
selected_two_stage_av,pass,0.1327,5.0
selected_two_stage_av,pass,-0.4187,3.0
selected_two_stage_av,pass,0.2535,0.0
selected_two_stage_av,pass,-1.7628,3.0
selected_two_stage_av,pass,-1.2093,7.0
selected_two_stage_av,pass,-0.1938,0.0
selected_two_stage_av,pass,-0.762,0.0
selected_two_stage_av,pass,0.476,0.0
selected_two_stage_av,pass,-1.0884,0.0
selected_two_stage_av,pass,-0.1984,6.0
selected_two_stage_av,pass,0.3597,4.0
selected_two_stage_av,pass,-0.1938,6.0
selected_two_stage_av,pass,-1.2093,4.0
selected_two_stage_av,pass,-0.1938,1.0
selected_two_stage_av,pass,-0.762,0.0
selected_two_stage_av,pass,-2.435,1.0
selected_two_stage_av,pass,2.149,9.0
selected_two_stage_av,pass,1.7017,7.0
selected_two_stage_av,pass,-0.3147,3.0
selected_two_stage_av,pass,-0.4187,0.0
selected_two_stage_av,pass,-2.2101,3.0
selected_two_stage_av,pass,-0.3147,7.0
selected_two_stage_av,pass,-1.9877,2.0
selected_two_stage_av,pass,1.7017,8.0
selected_two_stage_av,pass,-0.6411,2.0
selected_two_stage_av,pass,-0.762,5.0
selected_two_stage_av,pass,-1.093,5.0
selected_two_stage_av,pass,1.2544,5.0
selected_two_stage_av,pass,-2.2101,5.0
selected_two_stage_av,pass,-1.0884,0.0
selected_two_stage_av,pass,-0.3147,0.0
selected_two_stage_av,pass,0.0287,0.0
selected_two_stage_av,pass,-0.1938,0.0
selected_two_stage_av,pass,0.2535,0.0
selected_two_stage_av,pass,-0.6411,0.0
selected_two_stage_av,pass,-0.762,0.0
selected_two_stage_av,pass,-0.4187,0.0
selected_two_stage_av,pass,-0.4187,8.0
selected_two_stage_av,pass,-1.3155,3.0
selected_two_stage_av,pass,1.7017,7.0
selected_two_stage_av,pass,-1.2093,3.0
selected_two_stage_av,pass,0.1327,0.0
selected_two_stage_av,pass,-1.093,5.0
selected_two_stage_av,pass,0.807,5.0
selected_two_stage_av,pass,-1.0884,5.0
selected_two_stage_av,pass,-0.3147,0.0
selected_two_stage_av,pass,0.0287,0.0
selected_two_stage_av,pass,-1.0884,0.0
selected_two_stage_av,pass,-0.1938,0.0
selected_two_stage_av,pass,0.807,5.0
selected_two_stage_av,pass,0.2535,5.0
selected_two_stage_av,pass,-1.2093,5.0
selected_two_stage_av,pass,-1.093,5.0
selected_two_stage_av,pass,0.0287,5.0
selected_two_stage_av,pass,0.2535,0.0
selected_two_stage_av,pass,-2.6575,5.0
selected_two_stage_av,pass,-0.762,5.0
selected_two_stage_av,pass,0.0287,0.0
selected_two_stage_av,pass,-0.6411,0.0
selected_two_stage_av,pass,-0.6411,0.0
selected_two_stage_av,pass,-0.3147,0.0
selected_two_stage_av,pass,0.1327,3.0
selected_two_stage_av,pass,0.0287,7.0
selected_two_stage_av,pass,-1.0884,3.0
selected_two_stage_av,pass,-0.6411,0.0
selected_two_stage_av,pass,-0.6411,2.0
selected_two_stage_av,pass,-0.3147,5.0
selected_two_stage_av,pass,-1.9877,2.0
selected_two_stage_av,pass,1.7017,8.0
selected_two_stage_av,pass,-2.6575,2.0
selected_two_stage_av,pass,1.2544,8.0
selected_two_stage_av,pass,0.1327,2.0
selected_two_stage_av,pass,0.0287,0.0
selected_two_stage_av,pass,-0.4187,5.0
selected_two_stage_av,pass,-0.1938,0.0
selected_two_stage_av,pass,-1.7628,5.0
selected_two_stage_av,pass,-0.762,5.0
selected_two_stage_av,pass,0.1327,3.0
selected_two_stage_av,pass,0.3597,7.0
selected_two_stage_av,pass,-1.2093,3.0
selected_two_stage_av,pass,-0.1984,5.0
selected_two_stage_av,pass,-0.762,7.0
selected_two_stage_av,pass,-1.5404,5.0
selected_two_stage_av,pass,1.7017,5.0
selected_two_stage_av,pass,-0.6411,5.0
selected_two_stage_av,pass,-1.5404,2.0
selected_two_stage_av,pass,1.2544,8.0
selected_two_stage_av,pass,-0.1938,2.0
selected_two_stage_av,pass,-0.762,3.0
selected_two_stage_av,pass,0.0287,6.0
selected_two_stage_av,pass,-1.7628,4.0
selected_two_stage_av,pass,1.2544,6.0
selected_two_stage_av,pass,-0.762,4.0
selected_two_stage_av,pass,-0.866,3.0
selected_two_stage_av,pass,-0.8682,5.0
selected_two_stage_av,pass,0.1327,3.0
selected_two_stage_av,pass,-1.2093,7.0
selected_two_stage_av,pass,-0.6411,0.0
selected_two_stage_av,pass,-0.3147,0.0
selected_two_stage_av,pass,0.0287,0.0
selected_two_stage_av,pass,-0.6411,0.0
selected_two_stage_av,pass,0.58,3.0
selected_two_stage_av,pass,0.807,7.0
selected_two_stage_av,pass,-0.3147,3.0
selected_two_stage_av,pass,-1.9877,1.0
selected_two_stage_av,pass,-0.1938,0.0
selected_two_stage_av,pass,-0.762,0.0
selected_two_stage_av,pass,0.476,0.0
selected_two_stage_av,pass,-1.0884,0.0
selected_two_stage_av,pass,-0.6411,0.0
selected_two_stage_av,pass,-0.762,0.0
selected_two_stage_av,pass,0.9233,0.0
selected_two_stage_av,pass,-1.0884,0.0
selected_two_stage_av,pass,-1.3155,2.0
selected_two_stage_av,pass,-0.3147,4.0
selected_two_stage_av,pass,-0.762,6.0
selected_two_stage_av,pass,-0.4187,4.0
selected_two_stage_av,pass,-1.5404,4.0
selected_two_stage_av,pass,1.2544,6.0
selected_two_stage_av,pass,-0.1938,4.0
selected_two_stage_av,pass,-0.762,4.0
selected_two_stage_av,pass,-0.3147,0.0
selected_two_stage_av,pass,-1.9877,4.0
selected_two_stage_av,pass,1.2544,6.0
selected_two_stage_av,pass,-0.1938,4.0
selected_two_stage_av,pass,1.2544,7.0
selected_two_stage_av,pass,-0.6411,3.0
selected_two_stage_av,pass,-0.762,0.0
selected_two_stage_av,pass,-1.093,3.0
selected_two_stage_av,pass,1.2544,7.0
selected_two_stage_av,pass,-2.6575,3.0
selected_two_stage_av,pass,-0.762,7.0
selected_two_stage_av,pass,-0.6457,3.0
selected_two_stage_av,pass,1.2544,7.0
selected_two_stage_av,pass,-1.2093,3.0
selected_two_stage_av,pass,0.476,0.0
selected_two_stage_av,pass,-1.7628,3.0
selected_two_stage_av,pass,-0.3147,3.0
selected_two_stage_av,pass,0.476,7.0
selected_two_stage_av,pass,-0.1938,3.0
selected_two_stage_av,pass,-1.5357,0.0
selected_two_stage_av,pass,-0.3147,3.0
selected_two_stage_av,pass,-1.9877,1.0
selected_two_stage_av,pass,1.7017,9.0
selected_two_stage_av,pass,-0.6411,1.0
selected_two_stage_av,pass,-0.762,3.0
selected_two_stage_av,pass,0.0287,0.0
selected_two_stage_av,pass,-2.2101,3.0
selected_two_stage_av,pass,1.7017,7.0
selected_two_stage_av,pass,0.3597,6.0
selected_two_stage_av,pass,-0.3147,4.0
selected_two_stage_av,pass,0.9233,4.0
selected_two_stage_av,pass,-2.2101,4.0
selected_two_stage_av,pass,-0.3147,8.0
selected_two_stage_av,pass,0.0287,2.0
selected_two_stage_av,pass,-0.6411,0.0
selected_two_stage_av,pass,-2.2101,2.0
selected_two_stage_av,pass,0.0287,0.0
selected_two_stage_av,pass,-2.2101,3.0
selected_two_stage_av,pass,0.807,7.0
selected_two_stage_av,pass,0.1327,3.0
selected_two_stage_av,pass,-0.6411,0.0
selected_two_stage_av,pass,-0.3147,3.0
selected_two_stage_av,pass,-0.4187,7.0
selected_two_stage_av,pass,-0.1938,3.0
selected_two_stage_av,pass,-1.0884,3.0
selected_two_stage_av,pass,0.1327,8.0
selected_two_stage_av,pass,-1.5404,3.0
selected_two_stage_av,pass,1.2544,7.0
selected_two_stage_av,pass,-0.6411,0.0
selected_two_stage_av,pass,-1.5357,0.0
selected_two_stage_av,pass,-0.762,0.0
selected_two_stage_av,pass,1.3706,0.0
selected_two_stage_av,pass,-0.3147,0.0
selected_two_stage_av,pass,-0.866,0.0
selected_two_stage_av,pass,-0.6411,0.0
selected_two_stage_av,pass,0.2535,0.0
selected_two_stage_av,pass,0.807,6.0
selected_two_stage_av,pass,-0.3147,4.0
selected_two_stage_av,pass,0.476,0.0
selected_two_stage_av,pass,-2.2101,4.0
selected_two_stage_av,pass,-1.2093,5.0
selected_two_stage_av,pass,1.2544,5.0
selected_two_stage_av,pass,0.58,2.0
selected_two_stage_av,pass,-1.5404,4.0
selected_two_stage_av,pass,-0.762,0.0
selected_two_stage_av,pass,-1.093,8.0
selected_two_stage_av,pass,-0.3147,0.0
selected_two_stage_av,pass,1.2544,10.0
selected_two_stage_av,pass,-0.4187,5.0
selected_two_stage_av,pass,-3.1048,3.0
selected_two_stage_av,pass,2.5963,7.0
selected_two_stage_av,pass,-0.3147,3.0
selected_two_stage_av,pass,0.9233,0.0
selected_two_stage_av,pass,-2.6575,4.0
selected_two_stage_av,pass,0.807,6.0
selected_two_stage_av,pass,-0.3147,4.0
selected_two_stage_av,pass,0.807,3.0
selected_two_stage_av,pass,-1.0884,3.0
selected_two_stage_av,pass,0.58,3.0
selected_two_stage_av,pass,-1.5404,7.0
selected_two_stage_av,pass,0.0287,0.0
selected_two_stage_av,pass,-0.6411,0.0
selected_two_stage_av,pass,-1.0884,0.0
selected_two_stage_av,pass,0.1327,0.0
selected_two_stage_av,pass,-2.2101,6.0
selected_two_stage_av,pass,0.3597,4.0
selected_two_stage_av,pass,0.1327,6.0
selected_two_stage_av,pass,0.476,5.0
selected_two_stage_av,pass,-1.5404,4.0
selected_two_stage_av,pass,0.807,6.0
selected_two_stage_av,pass,-0.6411,4.0
selected_two_stage_av,pass,0.1327,0.0
selected_two_stage_av,pass,-0.866,0.0
selected_two_stage_av,pass,-1.7628,3.0
selected_two_stage_av,pass,2.149,7.0
selected_two_stage_av,pass,-0.762,3.0
selected_two_stage_av,pass,-0.3147,3.0
selected_two_stage_av,pass,0.0287,0.0
selected_two_stage_av,pass,-2.2101,3.0
selected_two_stage_av,pass,1.2544,7.0
selected_two_stage_av,pass,-2.6575,3.0
selected_two_stage_av,pass,-0.762,3.0
selected_two_stage_av,pass,0.0287,7.0
selected_two_stage_av,pass,0.2535,3.0
selected_two_stage_av,pass,-0.6411,4.0
selected_two_stage_av,pass,0.1327,6.0
selected_two_stage_av,pass,-1.5404,4.0
selected_two_stage_av,pass,0.807,6.0
selected_two_stage_av,pass,-2.6575,4.0
selected_two_stage_av,pass,-0.762,6.0
selected_two_stage_av,pass,0.476,4.0
selected_two_stage_av,pass,-0.1938,0.0
selected_two_stage_av,pass,1.2544,6.0
selected_two_stage_av,pass,-1.5357,4.0
selected_two_stage_av,pass,0.58,4.0
selected_two_stage_av,pass,-1.5404,4.0
selected_two_stage_av,pass,-0.3147,7.0
selected_two_stage_av,pass,0.476,3.0
selected_two_stage_av,pass,-0.6411,0.0
selected_two_stage_av,pass,-2.6575,3.0
selected_two_stage_av,pass,-1.0884,0.0
selected_two_stage_av,pass,-2.2101,0.0
selected_two_stage_av,pass,0.1327,10.0
selected_two_stage_av,pass,0.0287,0.0
selected_two_stage_av,pass,0.2535,0.0
selected_two_stage_av,pass,-3.1048,0.0
selected_two_stage_av,pass,0.1327,10.0
selected_two_stage_av,pass,-0.4187,0.0
selected_two_stage_av,pass,0.0287,3.0
selected_two_stage_av,pass,-2.6575,2.0
selected_two_stage_av,pass,0.1327,3.0
selected_two_stage_av,pass,-0.3147,7.0
selected_two_stage_av,pass,-1.9877,3.0
selected_two_stage_av,pass,1.2544,7.0
selected_two_stage_av,pass,-0.1938,3.0
selected_two_stage_av,pass,-0.3147,4.0
selected_two_stage_av,pass,0.476,6.0
selected_two_stage_av,pass,-2.2101,2.0
selected_two_stage_av,pass,1.7017,8.0
selected_two_stage_av,pass,-1.2093,2.0
selected_two_stage_av,pass,-0.6411,0.0
selected_two_stage_av,pass,0.1327,0.0
selected_two_stage_av,pass,-0.4187,0.0
selected_two_stage_av,pass,-0.6411,0.0
selected_two_stage_av,pass,0.1327,3.0
selected_two_stage_av,pass,0.0287,0.0
selected_two_stage_av,pass,-2.6575,3.0
selected_two_stage_av,pass,1.2544,7.0
selected_two_stage_av,pass,0.807,4.0
selected_two_stage_av,pass,-0.3147,6.0
selected_two_stage_av,pass,0.476,0.0
selected_two_stage_av,pass,-2.2101,6.0
selected_two_stage_av,pass,-0.6411,4.0
selected_two_stage_av,pass,-0.3147,0.0
selected_two_stage_av,pass,-1.093,4.0
selected_two_stage_av,pass,0.807,6.0
selected_two_stage_av,pass,0.807,7.0
selected_two_stage_av,pass,-1.7628,1.0
selected_two_stage_av,pass,-0.762,9.0
selected_two_stage_av,pass,-1.093,1.0
selected_two_stage_av,pass,-0.762,7.0
selected_two_stage_av,pass,0.476,3.0
selected_two_stage_av,pass,-0.6411,0.0
selected_two_stage_av,pass,-2.2101,3.0
selected_two_stage_av,pass,0.807,6.0
selected_two_stage_av,pass,-0.762,4.0
selected_two_stage_av,pass,0.476,0.0
selected_two_stage_av,pass,-1.7628,4.0
selected_two_stage_av,pass,-1.0884,3.0
selected_two_stage_av,pass,-0.762,0.0
selected_two_stage_av,pass,-1.5404,3.0
selected_two_stage_av,pass,2.149,7.0
selected_two_stage_av,pass,1.2544,9.0
selected_two_stage_av,pass,-1.0884,1.0
selected_two_stage_av,pass,-0.3147,1.0
selected_two_stage_av,pass,-1.093,1.0
selected_two_stage_av,pass,1.3706,7.0
selected_two_stage_av,pass,-2.2101,4.0
selected_two_stage_av,pass,0.807,6.0
selected_two_stage_av,pass,-1.2093,4.0
selected_two_stage_av,pass,-0.3147,4.0
selected_two_stage_av,pass,0.476,3.0
selected_two_stage_av,pass,-2.2101,4.0
selected_two_stage_av,pass,0.807,6.0
selected_two_stage_av,pass,-2.2101,4.0
selected_two_stage_av,pass,0.1327,6.0
selected_two_stage_av,pass,0.0287,4.0
selected_two_stage_av,pass,-1.0884,0.0
selected_two_stage_av,pass,0.0287,5.0
selected_two_stage_av,pass,0.2535,0.0
selected_two_stage_av,pass,-2.2101,5.0
selected_two_stage_av,pass,-1.2093,5.0
selected_two_stage_av,pass,-0.866,5.0
selected_two_stage_av,pass,-1.3155,5.0
selected_two_stage_av,pass,2.149,7.0
selected_two_stage_av,pass,-1.2093,5.0
selected_two_stage_av,pass,-0.3147,5.0
selected_two_stage_av,pass,-1.5404,3.0
selected_two_stage_av,pass,1.7017,7.0
selected_two_stage_av,pass,-1.0884,3.0
selected_two_stage_av,pass,-1.093,3.0
selected_two_stage_av,pass,0.807,7.0
selected_two_stage_av,pass,-1.0884,3.0
selected_two_stage_av,pass,0.1327,0.0
selected_two_stage_av,pass,0.1327,4.0
selected_two_stage_av,pass,0.0287,0.0
selected_two_stage_av,pass,-2.2101,4.0
selected_two_stage_av,pass,0.807,6.0
selected_two_stage_av,pass,-2.435,1.0
selected_two_stage_av,pass,2.149,9.0
selected_two_stage_av,pass,-1.5357,1.0
selected_two_stage_av,pass,0.58,10.0
selected_two_stage_av,pass,-0.762,2.0
selected_two_stage_av,pass,-1.5404,4.0
selected_two_stage_av,pass,1.2544,6.0
selected_two_stage_av,pass,-0.1938,4.0
selected_two_stage_av,pass,-0.3147,4.0
selected_two_stage_av,pass,0.0287,6.0
selected_two_stage_av,pass,-0.6411,4.0
selected_two_stage_av,pass,-0.6411,0.0
selected_two_stage_av,pass,-0.1938,3.0
selected_two_stage_av,pass,0.1327,0.0
selected_two_stage_av,pass,-1.9877,3.0
selected_two_stage_av,pass,0.807,7.0
selected_two_stage_av,pass,-1.2093,2.0
selected_two_stage_av,pass,0.0287,8.0
selected_two_stage_av,pass,-0.1938,2.0
selected_two_stage_av,pass,-0.1938,0.0
selected_two_stage_av,pass,0.1327,3.0
selected_two_stage_av,pass,0.476,0.0
selected_two_stage_av,pass,-3.1048,3.0
selected_two_stage_av,pass,1.2544,7.0
selected_two_stage_av,pass,-2.2101,2.0
selected_two_stage_av,pass,-0.3147,8.0
selected_two_stage_av,pass,-0.4187,2.0
selected_two_stage_av,pass,-0.1938,0.0
selected_two_stage_av,pass,-1.5404,5.0
selected_two_stage_av,pass,0.807,5.0
selected_two_stage_av,pass,-0.6411,5.0
selected_two_stage_av,pass,0.1327,6.0
selected_two_stage_av,pass,-0.6411,0.0
selected_two_stage_av,pass,-0.3147,0.0
selected_two_stage_av,pass,0.476,0.0
selected_two_stage_av,pass,-1.0884,0.0
selected_two_stage_av,pass,-3.1048,3.0
selected_two_stage_av,pass,1.7017,7.0
selected_two_stage_av,pass,-0.3147,3.0
selected_two_stage_av,pass,0.476,0.0
selected_two_stage_av,pass,1.7017,7.0
selected_two_stage_av,pass,-0.3147,3.0
selected_two_stage_av,pass,0.476,7.0
selected_two_stage_av,pass,-3.1048,3.0
selected_two_stage_av,pass,-0.3147,0.0
selected_two_stage_av,pass,-1.5404,7.0
selected_two_stage_av,pass,1.2544,3.0
selected_two_stage_av,pass,-0.6411,7.0
selected_two_stage_av,pass,0.58,0.0
selected_two_stage_av,pass,0.0287,0.0
selected_two_stage_av,pass,-1.0884,0.0
selected_two_stage_av,pass,-1.0884,0.0
selected_two_stage_av,pass,0.1327,2.0
selected_two_stage_av,pass,0.476,7.0
selected_two_stage_av,pass,-2.6575,2.0
selected_two_stage_av,pass,0.807,8.0
selected_two_stage_av,pass,0.1327,0.0
selected_two_stage_av,pass,-2.435,1.0
selected_two_stage_av,pass,2.5963,9.0
selected_two_stage_av,pass,-1.5357,1.0
selected_two_stage_av,pass,-2.6575,4.0
selected_two_stage_av,pass,-0.3147,6.0
selected_two_stage_av,pass,0.9233,4.0
selected_two_stage_av,pass,-1.0884,0.0
selected_two_stage_av,pass,0.1327,7.0
selected_two_stage_av,pass,-1.9877,1.0
selected_two_stage_av,pass,1.2544,9.0
selected_two_stage_av,pass,-0.6411,1.0
selected_two_stage_av,pass,-0.866,0.0
selected_two_stage_av,pass,-0.1938,0.0
selected_two_stage_av,pass,-2.2101,0.0
selected_two_stage_av,pass,0.1327,10.0
selected_two_stage_av,pass,-0.6411,0.0
selected_two_stage_av,pass,-0.762,0.0
selected_two_stage_av,pass,-0.4187,0.0
selected_two_stage_av,pass,0.2535,0.0
selected_two_stage_av,pass,1.0273,6.0
selected_two_stage_av,pass,-1.5404,5.0
selected_two_stage_av,pass,0.3597,5.0
selected_two_stage_av,pass,-1.0884,5.0
selected_two_stage_av,pass,-0.3147,0.0
selected_two_stage_av,pass,-0.4187,0.0
selected_two_stage_av,pass,0.2535,0.0
selected_two_stage_av,pass,-1.0884,0.0
selected_two_stage_av,pass,0.2535,0.0
selected_two_stage_av,pass,-1.7628,3.0
selected_two_stage_av,pass,-1.2093,7.0
selected_two_stage_av,pass,-0.4187,3.0
selected_two_stage_av,pass,-0.3147,0.0
selected_two_stage_av,pass,0.0287,0.0
selected_two_stage_av,pass,-1.0884,0.0
selected_two_stage_av,pass,-0.1938,0.0
selected_two_stage_av,pass,1.2544,6.0
selected_two_stage_av,pass,-0.3147,4.0
selected_two_stage_av,pass,0.476,8.0
selected_two_stage_av,pass,-2.6575,4.0
selected_two_stage_av,pass,-0.1938,0.0
selected_two_stage_av,pass,-2.2101,4.0
selected_two_stage_av,pass,-0.762,6.0
selected_two_stage_av,pass,0.0287,4.0
selected_two_stage_av,pass,-0.3147,8.0
selected_two_stage_av,pass,0.0287,2.0
selected_two_stage_av,pass,-0.1938,0.0
selected_two_stage_av,pass,-2.6575,2.0
selected_two_stage_av,pass,0.0287,0.0
selected_two_stage_av,pass,-1.0884,0.0
selected_two_stage_av,pass,-0.1938,0.0
selected_two_stage_av,pass,-0.3147,0.0
selected_two_stage_av,pass,-0.4187,0.0
selected_two_stage_av,pass,-2.2101,4.0
selected_two_stage_av,pass,1.2544,6.0
selected_two_stage_av,pass,0.1327,4.0
selected_two_stage_av,pass,-1.5404,2.0
selected_two_stage_av,pass,0.58,2.0
selected_two_stage_av,pass,0.807,8.0
selected_two_stage_av,pass,-0.762,2.0
selected_two_stage_av,pass,0.0287,8.0
selected_two_stage_av,pass,-2.6575,1.0
selected_two_stage_av,pass,0.807,9.0
selected_two_stage_av,pass,0.58,1.0
selected_two_stage_av,pass,0.0287,0.0
selected_two_stage_av,pass,-0.6411,0.0
selected_two_stage_av,pass,-1.0884,0.0
selected_two_stage_av,pass,0.1327,0.0
selected_two_stage_av,pass,-1.0884,1.0
selected_two_stage_av,pass,0.58,0.0
selected_two_stage_av,pass,-1.5404,1.0
selected_two_stage_av,pass,0.807,9.0
selected_two_stage_av,pass,-0.4187,0.0
selected_two_stage_av,pass,-2.6575,2.0
selected_two_stage_av,pass,2.5963,8.0
selected_two_stage_av,pass,-0.762,2.0
selected_two_stage_av,pass,-1.093,1.0
selected_two_stage_av,pass,0.807,9.0
selected_two_stage_av,pass,-0.1938,1.0
selected_two_stage_av,pass,-0.762,0.0
selected_two_stage_av,pass,-0.6411,0.0
selected_two_stage_av,pass,-0.3147,0.0
selected_two_stage_av,pass,0.0287,0.0
selected_two_stage_av,pass,-0.6411,0.0
selected_two_stage_av,pass,-0.866,3.0
selected_two_stage_av,pass,-0.6411,7.0
selected_two_stage_av,pass,-0.6411,0.0
selected_two_stage_av,pass,0.58,7.0
selected_two_stage_av,pass,0.476,8.0
selected_two_stage_av,pass,-3.1048,3.0
selected_two_stage_av,pass,0.3597,7.0
selected_two_stage_av,pass,1.0273,3.0
selected_two_stage_av,pass,-1.5404,1.0
selected_two_stage_av,pass,2.149,9.0
selected_two_stage_av,pass,-1.0884,1.0
selected_two_stage_av,pass,-0.762,0.0
selected_two_stage_av,pass,-1.3155,5.0
selected_two_stage_av,pass,-0.762,5.0
selected_two_stage_av,pass,-0.866,5.0
selected_two_stage_av,pass,-0.1938,0.0
selected_two_stage_av,pass,-0.762,8.0
selected_two_stage_av,pass,-1.5404,2.0
selected_two_stage_av,pass,1.2544,10.0
selected_two_stage_av,pass,-1.7628,2.0
selected_two_stage_av,pass,-1.5357,0.0
selected_two_stage_av,pass,-0.6411,0.0
selected_two_stage_av,pass,0.1327,0.0
selected_two_stage_av,pass,0.476,0.0
selected_two_stage_av,pass,-2.2101,2.0
selected_two_stage_av,pass,1.7017,8.0
selected_two_stage_av,pass,-0.762,2.0
selected_two_stage_av,pass,0.0287,0.0
selected_two_stage_av,pass,0.1327,3.0
selected_two_stage_av,pass,-1.9877,7.0
selected_two_stage_av,pass,1.7017,3.0
selected_two_stage_av,pass,-1.0884,5.0
selected_two_stage_av,pass,-1.5404,3.0
selected_two_stage_av,pass,0.3597,7.0
selected_two_stage_av,pass,0.2535,3.0
selected_two_stage_av,pass,-0.3147,4.0
selected_two_stage_av,pass,0.476,0.0
selected_two_stage_av,pass,-1.5357,0.0
selected_two_stage_av,pass,-1.0884,0.0
selected_two_stage_av,pass,0.58,0.0
selected_two_stage_av,pass,-0.6411,0.0
selected_two_stage_av,pass,-0.3147,0.0
selected_two_stage_av,pass,0.9233,0.0
selected_two_stage_av,pass,-1.5357,0.0
selected_two_stage_av,pass,0.0287,0.0
selected_two_stage_av,pass,-1.0884,0.0
selected_two_stage_av,pass,-0.6411,0.0
selected_two_stage_av,pass,0.1327,0.0
selected_two_stage_av,pass,0.7008,2.0
selected_two_stage_av,pass,-2.6575,5.0
selected_two_stage_av,pass,-0.3147,2.0
selected_two_stage_av,pass,-0.866,8.0
selected_two_stage_av,pass,-1.7628,5.0
selected_two_stage_av,pass,1.7017,5.0
selected_two_stage_av,pass,-0.3147,5.0
selected_two_stage_av,pass,-0.866,7.0
selected_two_stage_av,pass,-1.5357,4.0
selected_two_stage_av,pass,-0.762,7.0
selected_two_stage_av,pass,-1.093,4.0
selected_two_stage_av,pass,2.149,6.0
selected_two_stage_av,pass,0.3597,5.0
selected_two_stage_av,pass,-0.762,5.0
selected_two_stage_av,pass,1.3706,0.0
selected_two_stage_av,pass,-2.2101,5.0
selected_two_stage_av,pass,-1.5357,0.0
selected_two_stage_av,pass,-0.3147,0.0
selected_two_stage_av,pass,0.9233,0.0
selected_two_stage_av,pass,-0.6411,0.0
selected_two_stage_av,pass,-1.093,3.0
selected_two_stage_av,pass,0.807,7.0
selected_two_stage_av,pass,-0.6411,3.0
selected_two_stage_av,pass,-0.3147,0.0
selected_two_stage_av,pass,0.1327,0.0
selected_two_stage_av,pass,-1.5404,4.0
selected_two_stage_av,pass,0.807,6.0
selected_two_stage_av,pass,-0.6411,4.0
selected_two_stage_av,pass,-1.5404,3.0
selected_two_stage_av,pass,2.149,7.0
selected_two_stage_av,pass,-1.0884,3.0
selected_two_stage_av,pass,-0.762,0.0
selected_two_stage_av,pass,-0.3147,9.0
selected_two_stage_av,pass,-1.5404,1.0
selected_two_stage_av,pass,1.2544,7.0
selected_two_stage_av,pass,-2.2101,1.0
selected_two_stage_av,pass,-0.762,5.0
selected_two_stage_av,pass,-0.4187,5.0
selected_two_stage_av,pass,-0.1938,0.0
selected_two_stage_av,pass,-1.7628,5.0
selected_two_stage_av,pass,-0.3147,3.0
selected_two_stage_av,pass,-0.4187,7.0
selected_two_stage_av,pass,0.2535,3.0
selected_two_stage_av,pass,-1.0884,0.0
selected_two_stage_av,pass,-1.2093,4.0
selected_two_stage_av,pass,0.476,6.0
selected_two_stage_av,pass,-0.1938,0.0
selected_two_stage_av,pass,-2.2101,6.0
selected_two_stage_av,pass,1.2544,5.0
selected_two_stage_av,pass,-0.6411,5.0
selected_two_stage_av,pass,0.58,4.0
selected_two_stage_av,pass,-2.435,5.0
selected_two_stage_av,pass,-0.1938,0.0
selected_two_stage_av,pass,-0.3147,6.0
selected_two_stage_av,pass,0.0287,4.0
selected_two_stage_av,pass,-1.0884,6.0
selected_two_stage_av,pass,-0.3147,0.0
selected_two_stage_av,pass,-1.5404,3.0
selected_two_stage_av,pass,1.7017,7.0
selected_two_stage_av,pass,-1.0884,3.0
selected_two_stage_av,pass,-1.5357,2.0
selected_two_stage_av,pass,0.7008,0.0
selected_two_stage_av,pass,-0.3147,2.0
selected_two_stage_av,pass,-0.4187,8.0
selected_two_stage_av,pass,-0.4187,0.0
selected_two_stage_av,pass,-0.6411,0.0
selected_two_stage_av,pass,-0.6411,0.0
selected_two_stage_av,pass,0.1327,0.0
selected_two_stage_av,pass,1.2544,7.0
selected_two_stage_av,pass,0.1327,3.0
selected_two_stage_av,pass,0.476,0.0
selected_two_stage_av,pass,-3.1048,3.0
selected_two_stage_av,pass,0.1327,7.0
selected_two_stage_av,pass,-1.5404,1.0
selected_two_stage_av,pass,1.7017,9.0
selected_two_stage_av,pass,-1.5357,1.0
selected_two_stage_av,pass,-0.762,4.0
selected_two_stage_av,pass,0.476,3.0
selected_two_stage_av,pass,-1.7628,4.0
selected_two_stage_av,pass,0.807,6.0
selected_two_stage_av,pass,-0.3147,6.0
selected_two_stage_av,pass,-0.4187,0.0
selected_two_stage_av,pass,-1.7628,6.0
selected_two_stage_av,pass,1.2544,4.0
selected_two_stage_av,pass,-1.5404,6.0
selected_two_stage_av,pass,2.149,4.0
selected_two_stage_av,pass,-0.6411,4.0
selected_two_stage_av,pass,-1.2093,4.0
selected_two_stage_av,pass,0.1327,9.0
selected_two_stage_av,pass,-0.4187,1.0
selected_two_stage_av,pass,-0.1938,0.0
selected_two_stage_av,pass,-2.6575,1.0
selected_two_stage_av,pass,-1.7628,3.0
selected_two_stage_av,pass,0.807,7.0
selected_two_stage_av,pass,-0.762,3.0
selected_two_stage_av,pass,0.476,0.0
selected_two_stage_av,pass,0.7008,0.0
selected_two_stage_av,pass,-0.762,5.0
selected_two_stage_av,pass,-0.4187,5.0
selected_two_stage_av,pass,-1.0884,5.0
selected_two_stage_av,pass,-1.0884,0.0
selected_two_stage_av,pass,-1.0884,0.0
selected_two_stage_av,pass,1.0273,0.0
selected_two_stage_av,pass,-0.4187,0.0
selected_two_stage_av,pass,0.1327,0.0
selected_two_stage_av,pass,0.0287,0.0
selected_two_stage_av,pass,-0.6411,0.0
selected_two_stage_av,pass,-1.0884,0.0
selected_two_stage_av,pass,-0.762,5.0
selected_two_stage_av,pass,-1.093,5.0
selected_two_stage_av,pass,0.3597,6.0
selected_two_stage_av,pass,-1.3155,5.0
selected_two_stage_av,pass,0.476,9.0
selected_two_stage_av,pass,-2.6575,3.0
selected_two_stage_av,pass,2.149,7.0
selected_two_stage_av,pass,-1.2093,3.0
selected_two_stage_av,pass,-2.2101,1.0
selected_two_stage_av,pass,1.7017,9.0
selected_two_stage_av,pass,-0.762,1.0
selected_two_stage_av,pass,0.0287,0.0
selected_two_stage_av,pass,0.58,3.0
selected_two_stage_av,pass,-1.9877,1.0
selected_two_stage_av,pass,0.807,9.0
selected_two_stage_av,pass,-0.6411,1.0
selected_two_stage_av,pass,0.476,0.0
selected_two_stage_av,pass,-0.6411,0.0
selected_two_stage_av,pass,-1.0884,0.0
selected_two_stage_av,pass,-0.3147,0.0
selected_two_stage_av,pass,0.807,5.0
selected_two_stage_av,pass,-0.3147,5.0
selected_two_stage_av,pass,0.476,0.0
selected_two_stage_av,pass,-2.2101,5.0
selected_two_stage_av,pass,0.476,4.0
selected_two_stage_av,pass,-2.2101,3.0
selected_two_stage_av,pass,0.807,7.0
selected_two_stage_av,pass,-0.3147,3.0
selected_two_stage_av,pass,1.2544,6.0
selected_two_stage_av,pass,-1.0884,4.0
selected_two_stage_av,pass,-0.3147,0.0
selected_two_stage_av,pass,-1.093,4.0
selected_two_stage_av,pass,-0.6411,0.0
selected_two_stage_av,pass,0.1327,0.0
selected_two_stage_av,pass,-0.4187,0.0
selected_two_stage_av,pass,-0.6411,0.0
selected_two_stage_av,pass,-0.3147,2.0
selected_two_stage_av,pass,-1.093,5.0
selected_two_stage_av,pass,1.2544,5.0
selected_two_stage_av,pass,-1.0884,5.0
selected_two_stage_av,pass,-0.1938,2.0
selected_two_stage_av,pass,0.1327,4.0
selected_two_stage_av,pass,-2.435,2.0
selected_two_stage_av,pass,1.2544,8.0
selected_two_stage_av,pass,-0.1938,0.0
selected_two_stage_av,pass,-2.2101,3.0
selected_two_stage_av,pass,-0.762,7.0
selected_two_stage_av,pass,0.0287,3.0
selected_two_stage_av,pass,-1.2093,3.0
selected_two_stage_av,pass,0.0287,7.0
selected_two_stage_av,pass,0.2535,3.0
selected_two_stage_av,pass,-0.6411,0.0
selected_two_stage_av,pass,1.2544,3.0
selected_two_stage_av,pass,-0.1938,2.0
selected_two_stage_av,pass,-0.3147,3.0
selected_two_stage_av,pass,-1.9877,7.0
selected_two_stage_av,pass,1.7017,8.0
selected_two_stage_av,pass,-0.6411,2.0
selected_two_stage_av,pass,-0.3147,5.0
selected_two_stage_av,pass,-1.9877,2.0
selected_two_stage_av,pass,0.807,9.0
selected_two_stage_av,pass,-0.3147,1.0
selected_two_stage_av,pass,-0.866,1.0
selected_two_stage_av,pass,-0.8682,1.0
selected_two_stage_av,pass,-0.3147,0.0
selected_two_stage_av,pass,-1.093,3.0
selected_two_stage_av,pass,1.2544,7.0
selected_two_stage_av,pass,-1.0884,3.0
selected_two_stage_av,pass,-0.3147,4.0
selected_two_stage_av,pass,-0.762,6.0
selected_two_stage_av,pass,0.476,4.0
selected_two_stage_av,pass,-2.2101,3.0
selected_two_stage_av,pass,0.7008,2.0
selected_two_stage_av,pass,-2.6575,3.0
selected_two_stage_av,pass,-0.3147,2.0
selected_two_stage_av,pass,-0.866,8.0
selected_two_stage_av,pass,-1.0884,6.0
selected_two_stage_av,pass,0.58,5.0
selected_two_stage_av,pass,-1.5404,5.0
selected_two_stage_av,pass,0.807,5.0
selected_two_stage_av,pass,0.3597,7.0
selected_two_stage_av,pass,-1.0884,3.0
selected_two_stage_av,pass,0.1327,4.0
selected_two_stage_av,pass,-0.6457,3.0
selected_two_stage_av,pass,-2.6575,3.0
selected_two_stage_av,pass,1.7017,8.0
selected_two_stage_av,pass,-0.762,3.0
selected_two_stage_av,pass,0.476,7.0
selected_two_stage_av,pass,-2.2101,6.0
selected_two_stage_av,pass,0.807,4.0
selected_two_stage_av,pass,0.1327,6.0
selected_two_stage_av,pass,0.0287,0.0
selected_two_stage_av,pass,1.7017,7.0
selected_two_stage_av,pass,-1.2093,3.0
selected_two_stage_av,pass,0.476,0.0
selected_two_stage_av,pass,-2.2101,3.0
selected_two_stage_av,pass,-0.6411,6.0
selected_two_stage_av,pass,-2.6575,6.0
selected_two_stage_av,pass,-0.3147,4.0
selected_two_stage_av,pass,0.476,6.0
selected_two_stage_av,pass,-1.5404,6.0
selected_two_stage_av,pass,1.7017,4.0
selected_two_stage_av,pass,-1.0884,3.0
selected_two_stage_av,pass,-0.3147,4.0
selected_two_stage_av,pass,-0.4187,1.0
selected_two_stage_av,pass,-0.6411,0.0
selected_two_stage_av,pass,-1.3155,1.0
selected_two_stage_av,pass,-0.762,9.0
selected_two_stage_av,pass,-0.1938,0.0
selected_two_stage_av,pass,-2.6575,3.0
selected_two_stage_av,pass,0.1327,7.0
selected_two_stage_av,pass,-0.4187,3.0
selected_two_stage_av,pass,-0.762,5.0
selected_two_stage_av,pass,0.0287,5.0
selected_two_stage_av,pass,-0.6411,5.0
selected_two_stage_av,pass,-0.1938,0.0
selected_two_stage_av,pass,0.58,6.0
selected_two_stage_av,pass,0.0287,4.0
selected_two_stage_av,pass,-1.0884,0.0
selected_two_stage_av,pass,-2.6575,4.0
selected_two_stage_av,pass,-1.0884,0.0
selected_two_stage_av,pass,0.2535,0.0
selected_two_stage_av,pass,0.1327,0.0
selected_two_stage_av,pass,-0.866,0.0
selected_two_stage_av,pass,-1.5404,9.0
selected_two_stage_av,pass,1.2544,1.0
selected_two_stage_av,pass,-0.6411,2.0
selected_two_stage_av,pass,-0.3147,1.0
selected_two_stage_av,pass,-0.6411,0.0
selected_two_stage_av,pass,0.1327,0.0
selected_two_stage_av,pass,0.0287,0.0
selected_two_stage_av,pass,-1.0884,0.0
selected_two_stage_av,pass,-1.0884,2.0
selected_two_stage_av,pass,-0.6411,0.0
selected_two_stage_av,pass,-0.3147,2.0
selected_two_stage_av,pass,0.476,8.0
selected_two_stage_av,pass,-1.0884,3.0
selected_two_stage_av,pass,-0.3147,0.0
selected_two_stage_av,pass,-1.5404,3.0
selected_two_stage_av,pass,1.7017,7.0
selected_two_stage_av,pass,1.2544,6.0
selected_two_stage_av,pass,-0.1938,4.0
selected_two_stage_av,pass,-0.3147,4.0
selected_two_stage_av,pass,-1.9877,4.0
selected_two_stage_av,pass,0.0287,0.0
selected_two_stage_av,pass,-2.2101,2.0
selected_two_stage_av,pass,1.7017,8.0
selected_two_stage_av,pass,-0.762,2.0
selected_two_stage_av,pass,-1.093,4.0
selected_two_stage_av,pass,1.2544,7.0
selected_two_stage_av,pass,-2.6575,4.0
selected_two_stage_av,pass,-0.3147,6.0
selected_two_stage_av,pass,-0.3147,4.0
selected_two_stage_av,pass,-1.9877,1.0
selected_two_stage_av,pass,0.1327,4.0
selected_two_stage_av,pass,1.2544,6.0
selected_two_stage_av,pass,0.3597,7.0
selected_two_stage_av,pass,-1.0884,3.0
selected_two_stage_av,pass,0.58,6.0
selected_two_stage_av,pass,-1.093,3.0
selected_two_stage_av,pass,-0.3147,3.0
selected_two_stage_av,pass,0.0287,7.0
selected_two_stage_av,pass,-0.6411,3.0
selected_two_stage_av,pass,-0.6411,0.0
selected_two_stage_av,pass,-1.7628,3.0
selected_two_stage_av,pass,1.7017,7.0
selected_two_stage_av,pass,-0.762,3.0
selected_two_stage_av,pass,-0.4187,3.0
selected_two_stage_av,pass,-0.1938,0.0
selected_two_stage_av,pass,-0.3147,0.0
selected_two_stage_av,pass,0.0287,0.0
selected_two_stage_av,pass,-1.0884,0.0
selected_two_stage_av,pass,-0.4187,0.0
selected_two_stage_av,pass,-0.1938,0.0
selected_two_stage_av,pass,-1.5357,0.0
selected_two_stage_av,pass,0.58,0.0
selected_two_stage_av,pass,0.476,0.0
selected_two_stage_av,pass,-0.1938,0.0
selected_two_stage_av,pass,-1.5357,0.0
selected_two_stage_av,pass,-0.3147,0.0
selected_two_stage_av,pass,-0.762,1.0
selected_two_stage_av,pass,1.2544,5.0
selected_two_stage_av,pass,0.58,1.0
selected_two_stage_av,pass,-1.9877,9.0
selected_two_stage_av,pass,-0.6411,6.0
selected_two_stage_av,pass,-1.7628,1.0
selected_two_stage_av,pass,-0.3147,9.0
selected_two_stage_av,pass,-0.4187,1.0
selected_two_stage_av,pass,-2.6575,2.0
selected_two_stage_av,pass,1.2544,8.0
selected_two_stage_av,pass,-0.3147,2.0
selected_two_stage_av,pass,0.476,0.0
selected_two_stage_av,pass,-0.3147,0.0
selected_two_stage_av,pass,0.0287,0.0
selected_two_stage_av,pass,-0.6411,0.0
selected_two_stage_av,pass,-0.6411,0.0
selected_two_stage_av,pass,-2.2101,2.0
selected_two_stage_av,pass,-0.762,8.0
selected_two_stage_av,pass,0.476,2.0
selected_two_stage_av,pass,-0.6411,2.0
selected_two_stage_av,pass,1.7017,7.0
selected_two_stage_av,pass,-0.3147,3.0
selected_two_stage_av,pass,-1.093,1.0
selected_two_stage_av,pass,-1.2093,3.0
selected_two_stage_av,pass,0.9233,9.0
selected_two_stage_av,pass,-1.0884,1.0
selected_two_stage_av,pass,-1.0884,0.0
selected_two_stage_av,pass,-0.3147,1.0
selected_two_stage_av,pass,1.7017,9.0
selected_two_stage_av,pass,-1.0884,1.0
selected_two_stage_av,pass,0.1327,0.0
selected_two_stage_av,pass,-1.9877,1.0
selected_two_stage_av,pass,-0.6411,0.0
selected_two_stage_av,pass,-1.7628,3.0
selected_two_stage_av,pass,-0.3147,7.0
selected_two_stage_av,pass,-0.4187,3.0
selected_two_stage_av,pass,-0.3147,3.0
selected_two_stage_av,pass,0.476,0.0
selected_two_stage_av,pass,-2.6575,3.0
selected_two_stage_av,pass,1.2544,7.0
selected_two_stage_av,pass,-0.4187,6.0
selected_two_stage_av,pass,-2.6575,4.0
selected_two_stage_av,pass,2.149,6.0
selected_two_stage_av,pass,-0.3147,4.0
selected_two_stage_av,pass,0.1327,0.0
selected_two_stage_av,pass,0.0287,0.0
selected_two_stage_av,pass,-0.1938,0.0
selected_two_stage_av,pass,-1.5357,0.0
selected_two_stage_av,pass,-1.0884,2.0
selected_two_stage_av,pass,-0.3147,0.0
selected_two_stage_av,pass,-1.5404,2.0
selected_two_stage_av,pass,1.7017,8.0
selected_two_stage_av,pass,-1.093,5.0
selected_two_stage_av,pass,0.807,5.0
selected_two_stage_av,pass,-0.1938,5.0
selected_two_stage_av,pass,-0.762,4.0
selected_two_stage_av,pass,-0.6411,0.0
selected_two_stage_av,pass,-0.3147,0.0
selected_two_stage_av,pass,0.0287,0.0
selected_two_stage_av,pass,-0.6411,0.0
selected_two_stage_av,pass,-1.5404,5.0
selected_two_stage_av,pass,1.2544,5.0
selected_two_stage_av,pass,-0.1938,5.0
selected_two_stage_av,pass,-0.762,0.0
selected_two_stage_av,pass,-1.0884,0.0
selected_two_stage_av,pass,0.1327,4.0
selected_two_stage_av,pass,0.0287,6.0
selected_two_stage_av,pass,-0.6411,4.0
selected_two_stage_av,pass,1.7017,4.0
selected_two_stage_av,pass,-0.3147,6.0
selected_two_stage_av,pass,-0.866,4.0
selected_two_stage_av,pass,-1.7628,6.0
selected_two_stage_av,pass,0.1327,3.0
selected_two_stage_av,pass,-0.4187,5.0
selected_two_stage_av,pass,-3.1048,3.0
selected_two_stage_av,pass,2.149,7.0
selected_two_stage_av,pass,-0.3147,0.0
selected_two_stage_av,pass,0.0287,0.0
selected_two_stage_av,pass,-0.6411,0.0
selected_two_stage_av,pass,-0.6411,0.0
selected_two_stage_av,pass,-0.1938,0.0
selected_two_stage_av,pass,-0.762,0.0
selected_two_stage_av,pass,0.476,0.0
selected_two_stage_av,pass,-1.0884,0.0
selected_two_stage_av,pass,-1.0884,0.0
selected_two_stage_av,pass,-0.1938,0.0
selected_two_stage_av,pass,-0.762,0.0
selected_two_stage_av,pass,0.476,0.0
selected_two_stage_av,pass,0.3597,4.0
selected_two_stage_av,pass,-0.1938,6.0
selected_two_stage_av,pass,0.58,5.0
selected_two_stage_av,pass,-1.9877,6.0
selected_two_stage_av,pass,0.2535,0.0
selected_two_stage_av,pass,-0.6411,0.0
selected_two_stage_av,pass,-1.2093,0.0
selected_two_stage_av,pass,0.0287,0.0
selected_two_stage_av,pass,-2.2101,5.0
selected_two_stage_av,pass,-0.762,3.0
selected_two_stage_av,pass,0.1327,7.0
selected_two_stage_av,pass,0.0287,3.0
selected_two_stage_av,pass,-2.2101,3.0
selected_two_stage_av,pass,1.0273,7.0
selected_two_stage_av,pass,-1.9877,3.0
selected_two_stage_av,pass,0.3597,7.0
selected_two_stage_av,pass,1.2544,6.0
selected_two_stage_av,pass,-2.2101,1.0
selected_two_stage_av,pass,-0.3147,9.0
selected_two_stage_av,pass,-1.5404,1.0
selected_two_stage_av,pass,0.476,0.0
selected_two_stage_av,pass,-2.6575,0.0
selected_two_stage_av,pass,1.7017,10.0
selected_two_stage_av,pass,-0.762,0.0
selected_two_stage_av,pass,-1.2093,0.0
selected_two_stage_av,pass,0.0287,0.0
selected_two_stage_av,pass,-0.1938,0.0
selected_two_stage_av,pass,-0.1938,0.0
selected_two_stage_av,pass,-1.5357,0.0
selected_two_stage_av,pass,0.1327,5.0
selected_two_stage_av,pass,0.0287,5.0
selected_two_stage_av,pass,-0.1938,5.0
selected_two_stage_av,pass,-1.093,4.0
selected_two_stage_av,pass,0.3597,6.0
selected_two_stage_av,pass,-0.6411,4.0
selected_two_stage_av,pass,0.1327,0.0
selected_two_stage_av,pass,-3.1048,2.0
selected_two_stage_av,pass,0.1327,7.0
selected_two_stage_av,pass,-1.5404,2.0
selected_two_stage_av,pass,1.7017,9.0
selected_two_stage_av,pass,-0.3147,1.0
selected_two_stage_av,pass,0.0287,9.0
selected_two_stage_av,pass,-1.5357,1.0
selected_two_stage_av,pass,-1.3155,4.0
selected_two_stage_av,pass,-0.4187,0.0
selected_two_stage_av,pass,-1.0884,0.0
selected_two_stage_av,pass,-0.1938,0.0
selected_two_stage_av,pass,0.1327,0.0
selected_two_stage_av,pass,-0.3147,0.0
selected_two_stage_av,pass,0.0287,0.0
selected_two_stage_av,pass,-1.0884,0.0
selected_two_stage_av,pass,-0.1938,0.0
selected_two_stage_av,pass,-0.1938,1.0
selected_two_stage_av,pass,-1.7628,5.0
selected_two_stage_av,pass,-0.762,1.0
selected_two_stage_av,pass,-0.4187,9.0
selected_two_stage_av,pass,-1.093,3.0
selected_two_stage_av,pass,0.3597,7.0
selected_two_stage_av,pass,-1.0884,3.0
selected_two_stage_av,pass,0.58,6.0
selected_two_stage_av,pass,-2.2101,2.0
selected_two_stage_av,pass,-0.762,8.0
selected_two_stage_av,pass,0.476,2.0
selected_two_stage_av,pass,-0.6411,0.0
selected_two_stage_av,pass,-0.762,5.0
selected_two_stage_av,pass,0.476,5.0
selected_two_stage_av,pass,0.2535,5.0
selected_two_stage_av,pass,-3.1048,2.0
selected_two_stage_av,pass,0.476,8.0
selected_two_stage_av,pass,-0.1938,2.0
selected_two_stage_av,pass,-0.6411,0.0
selected_two_stage_av,pass,-1.2093,2.0
selected_two_stage_av,pass,-1.093,2.0
selected_two_stage_av,pass,0.807,8.0
selected_two_stage_av,pass,-1.0884,2.0
selected_two_stage_av,pass,0.1327,0.0
selected_two_stage_av,pass,0.476,6.0
selected_two_stage_av,pass,-0.6411,4.0
selected_two_stage_av,pass,-2.2101,3.0
selected_two_stage_av,pass,-0.762,4.0
selected_two_stage_av,pass,-3.1048,5.0
selected_two_stage_av,pass,0.1327,5.0
selected_two_stage_av,pass,0.476,5.0
selected_two_stage_av,pass,-0.6411,0.0
selected_two_stage_av,pass,1.2544,4.0
selected_two_stage_av,pass,-0.6411,6.0
selected_two_stage_av,pass,0.58,0.0
selected_two_stage_av,pass,-2.435,6.0
selected_two_stage_av,pass,-0.6411,0.0
selected_two_stage_av,pass,-1.2093,0.0
selected_two_stage_av,pass,0.0287,0.0
selected_two_stage_av,pass,0.2535,0.0
selected_two_stage_av,pass,0.0287,0.0
selected_two_stage_av,pass,-2.6575,4.0
selected_two_stage_av,pass,1.2544,6.0
selected_two_stage_av,pass,0.1327,4.0
selected_two_stage_av,pass,0.807,6.0
selected_two_stage_av,pass,-0.762,4.0
selected_two_stage_av,pass,0.9233,0.0
selected_two_stage_av,pass,-2.2101,4.0
selected_two_stage_av,pass,-1.093,9.0
selected_two_stage_av,pass,1.2544,1.0
selected_two_stage_av,pass,-0.6411,2.0
selected_two_stage_av,pass,-0.762,1.0
selected_two_stage_av,pass,0.0287,5.0
selected_two_stage_av,pass,-2.2101,2.0
selected_two_stage_av,pass,1.2544,8.0
selected_two_stage_av,pass,-0.3147,2.0
selected_two_stage_av,pass,-1.2093,3.0
selected_two_stage_av,pass,-0.6457,3.0
selected_two_stage_av,pass,1.7017,7.0
selected_two_stage_av,pass,-1.0884,3.0
selected_two_stage_av,pass,0.1327,5.0
selected_two_stage_av,pass,0.807,5.0
selected_two_stage_av,pass,0.1327,5.0
selected_two_stage_av,pass,-1.9877,2.0
selected_two_stage_av,pass,0.807,7.0
selected_two_stage_av,pass,-0.762,3.0
selected_two_stage_av,pass,0.476,8.0
selected_two_stage_av,pass,-1.7628,3.0
selected_two_stage_av,pass,-1.9877,2.0
selected_two_stage_av,pass,1.2544,8.0
selected_two_stage_av,pass,-1.0884,2.0
selected_two_stage_av,pass,0.58,0.0
selected_two_stage_av,pass,-0.3147,0.0
selected_two_stage_av,pass,-0.4187,0.0
selected_two_stage_av,pass,-0.6411,0.0
selected_two_stage_av,pass,-0.1938,0.0
selected_two_stage_av,pass,0.807,4.0
selected_two_stage_av,pass,-1.0884,6.0
selected_two_stage_av,pass,0.58,0.0
selected_two_stage_av,pass,-1.5404,6.0
selected_two_stage_av,pass,-1.2093,3.0
selected_two_stage_av,pass,0.9233,7.0
selected_two_stage_av,pass,-1.0884,3.0
selected_two_stage_av,pass,-0.1938,0.0
selected_two_stage_av,pass,-0.6411,0.0
selected_two_stage_av,pass,-2.2101,5.0
selected_two_stage_av,pass,-0.3147,5.0
selected_two_stage_av,pass,0.0287,5.0
selected_two_stage_av,pass,-1.5404,6.0
selected_two_stage_av,pass,1.2544,4.0
selected_two_stage_av,pass,-0.6411,6.0
selected_two_stage_av,pass,-0.3147,7.0
selected_two_stage_av,pass,-2.435,3.0
selected_two_stage_av,pass,1.2544,7.0
selected_two_stage_av,pass,-0.6411,3.0
selected_two_stage_av,pass,0.58,0.0
selected_two_stage_av,pass,0.0287,0.0
selected_two_stage_av,pass,-0.1938,0.0
selected_two_stage_av,pass,-1.0884,0.0
selected_two_stage_av,pass,-0.3147,0.0
selected_two_stage_av,pass,1.2544,2.0
selected_two_stage_av,pass,-1.5357,3.0
selected_two_stage_av,pass,0.1327,2.0
selected_two_stage_av,pass,-1.093,8.0
selected_two_stage_av,pass,1.2544,5.0
selected_two_stage_av,pass,0.58,5.0
selected_two_stage_av,pass,-0.4187,0.0
selected_two_stage_av,pass,-2.6575,5.0
selected_two_stage_av,pass,-1.7628,2.0
selected_two_stage_av,pass,-0.762,3.0
selected_two_stage_av,pass,-0.3147,7.0
selected_two_stage_av,pass,0.0287,3.0
selected_two_stage_av,pass,-1.9877,5.0
selected_two_stage_av,pass,0.807,5.0
selected_two_stage_av,pass,-0.1938,5.0
selected_two_stage_av,pass,0.1327,6.0
selected_two_stage_av,pass,0.807,7.0
selected_two_stage_av,pass,-1.2093,3.0
selected_two_stage_av,pass,-0.6457,5.0
selected_two_stage_av,pass,0.1327,3.0
selected_two_stage_av,pass,0.0287,3.0
selected_two_stage_av,pass,-0.6411,0.0
selected_two_stage_av,pass,-2.6575,3.0
selected_two_stage_av,pass,0.1327,7.0
selected_two_stage_av,pass,-0.3147,8.0
selected_two_stage_av,pass,0.476,2.0
selected_two_stage_av,pass,-0.6411,0.0
selected_two_stage_av,pass,-2.6575,2.0
selected_two_stage_av,pass,0.807,7.0
selected_two_stage_av,pass,-0.762,3.0
selected_two_stage_av,pass,0.476,0.0
selected_two_stage_av,pass,-1.7628,3.0
selected_two_stage_av,pass,-0.3147,0.0
selected_two_stage_av,pass,-1.9877,1.0
selected_two_stage_av,pass,2.149,9.0
selected_two_stage_av,pass,-1.0884,1.0
selected_two_stage_av,pass,-0.4187,0.0
selected_two_stage_av,pass,-0.6411,0.0
selected_two_stage_av,pass,-0.1938,0.0
selected_two_stage_av,pass,-0.3147,0.0
selected_two_stage_av,pass,0.1327,5.0
selected_two_stage_av,pass,-0.4187,5.0
selected_two_stage_av,pass,-0.6411,0.0
selected_two_stage_av,pass,-2.2101,5.0
selected_two_stage_av,pass,-1.7628,6.0
selected_two_stage_av,pass,-0.762,4.0
selected_two_stage_av,pass,-1.9877,6.0
selected_two_stage_av,pass,1.7017,8.0
selected_two_stage_av,pass,0.2535,0.0
selected_two_stage_av,pass,-2.2101,4.0
selected_two_stage_av,pass,-1.2093,6.0
selected_two_stage_av,pass,0.0287,4.0
selected_two_stage_av,pass,-0.6411,5.0
selected_two_stage_av,pass,-0.3147,0.0
selected_two_stage_av,pass,-1.5404,5.0
selected_two_stage_av,pass,1.2544,5.0
selected_two_stage_av,pass,1.7017,6.0
selected_two_stage_av,pass,-0.6411,4.0
selected_two_stage_av,pass,-0.762,4.0
selected_two_stage_av,pass,-1.5404,4.0
selected_two_stage_av,pass,-1.5357,0.0
selected_two_stage_av,pass,0.1327,0.0
selected_two_stage_av,pass,0.0287,0.0
selected_two_stage_av,pass,-0.1938,0.0
selected_two_stage_av,pass,-0.3147,0.0
selected_two_stage_av,pass,0.476,0.0
selected_two_stage_av,pass,-0.6411,0.0
selected_two_stage_av,pass,-1.0884,0.0
selected_two_stage_av,pass,-1.7628,2.0
selected_two_stage_av,pass,1.2544,8.0
selected_two_stage_av,pass,-0.762,2.0
selected_two_stage_av,pass,0.0287,0.0
selected_two_stage_av,pass,1.7017,5.0
selected_two_stage_av,pass,-0.6411,5.0
selected_two_stage_av,pass,-0.762,4.0
selected_two_stage_av,pass,-1.5404,5.0
selected_two_stage_av,pass,0.1327,2.0
selected_two_stage_av,pass,0.0287,8.0
selected_two_stage_av,pass,-1.0884,2.0
selected_two_stage_av,pass,-0.6411,0.0
selected_two_stage_av,pass,1.2544,6.0
selected_two_stage_av,pass,-0.762,4.0
selected_two_stage_av,pass,0.0287,0.0
selected_two_stage_av,pass,-1.7628,4.0
selected_two_stage_av,pass,-1.0884,0.0
selected_two_stage_av,pass,-0.762,0.0
selected_two_stage_av,pass,0.0287,0.0
selected_two_stage_av,pass,0.2535,0.0
selected_two_stage_av,pass,-1.2093,4.0
selected_two_stage_av,pass,-0.4187,6.0
selected_two_stage_av,pass,0.2535,0.0
selected_two_stage_av,pass,-1.7628,6.0
selected_two_stage_av,pass,2.149,6.0
selected_two_stage_av,pass,-0.762,4.0
selected_two_stage_av,pass,-0.4187,6.0
selected_two_stage_av,pass,-2.2101,4.0
selected_two_stage_av,pass,-0.3147,4.0
selected_two_stage_av,pass,-1.5404,4.0
selected_two_stage_av,pass,-0.3147,4.0
selected_two_stage_av,pass,1.2544,6.0
selected_two_stage_av,pass,0.476,8.0
selected_two_stage_av,pass,-2.6575,3.0
selected_two_stage_av,pass,0.807,7.0
selected_two_stage_av,pass,0.1327,3.0
selected_two_stage_av,pass,-2.2101,3.0
selected_two_stage_av,pass,-0.3147,7.0
selected_two_stage_av,pass,-0.4187,3.0
selected_two_stage_av,pass,-0.1938,0.0
selected_two_stage_av,pass,-0.3147,6.0
selected_two_stage_av,pass,0.0287,4.0
selected_two_stage_av,pass,-0.6411,3.0
selected_two_stage_av,pass,-2.2101,4.0
selected_two_stage_av,pass,1.7017,9.0
selected_two_stage_av,pass,-0.3147,3.0
selected_two_stage_av,pass,-0.4187,7.0
selected_two_stage_av,pass,-2.2101,3.0
selected_two_stage_av,pass,0.807,5.0
selected_two_stage_av,pass,-0.1938,5.0
selected_two_stage_av,pass,-0.3147,3.0
selected_two_stage_av,pass,-1.5404,5.0
selected_two_stage_av,pass,-2.435,2.0
selected_two_stage_av,pass,1.2544,8.0
selected_two_stage_av,pass,-0.1938,2.0
selected_two_stage_av,pass,0.1327,4.0
selected_two_stage_av,pass,-1.5404,3.0
selected_two_stage_av,pass,1.7017,7.0
selected_two_stage_av,pass,-0.6411,3.0
selected_two_stage_av,pass,-0.762,0.0
selected_two_stage_av,pass,0.1327,0.0
selected_two_stage_av,pass,-0.6457,2.0
selected_two_stage_av,pass,0.3597,8.0
selected_two_stage_av,pass,-1.0884,2.0
selected_two_stage_av,pass,0.807,2.0
selected_two_stage_av,pass,-0.6411,3.0
selected_two_stage_av,pass,0.58,2.0
selected_two_stage_av,pass,-1.9877,8.0
selected_two_stage_av,pass,-0.3147,7.0
selected_two_stage_av,pass,0.0287,3.0
selected_two_stage_av,pass,-0.1938,0.0
selected_two_stage_av,pass,-2.6575,3.0
selected_two_stage_av,pass,0.476,4.0
selected_two_stage_av,pass,-2.2101,1.0
selected_two_stage_av,pass,0.807,9.0
selected_two_stage_av,pass,-0.3147,1.0
selected_two_stage_av,pass,0.0287,4.0
selected_two_stage_av,pass,-2.2101,3.0
selected_two_stage_av,pass,1.2544,7.0
selected_two_stage_av,pass,-0.3147,3.0
selected_two_stage_av,pass,0.58,5.0
selected_two_stage_av,pass,-2.435,3.0
selected_two_stage_av,pass,1.7017,7.0
selected_two_stage_av,pass,-1.0884,3.0
selected_two_stage_av,pass,0.476,0.0
selected_two_stage_av,pass,-1.0884,0.0
selected_two_stage_av,pass,-1.0884,0.0
selected_two_stage_av,pass,0.1327,0.0
selected_two_stage_av,pass,-0.3147,6.0
selected_two_stage_av,pass,-0.866,4.0
selected_two_stage_av,pass,0.2535,0.0
selected_two_stage_av,pass,-2.2101,4.0
selected_two_stage_av,pass,-0.6411,0.0
selected_two_stage_av,pass,-0.762,0.0
selected_two_stage_av,pass,0.476,0.0
selected_two_stage_av,pass,-0.6411,0.0
selected_two_stage_av,pass,-0.6411,0.0
selected_two_stage_av,pass,-2.6575,0.0
selected_two_stage_av,pass,0.58,10.0
selected_two_stage_av,pass,-0.4187,0.0
selected_two_stage_av,pass,-0.3147,3.0
selected_two_stage_av,pass,0.0287,0.0
selected_two_stage_av,pass,-2.6575,3.0
selected_two_stage_av,pass,1.7017,7.0
selected_two_stage_av,pass,-0.1938,4.0
selected_two_stage_av,pass,-2.6575,4.0
selected_two_stage_av,pass,0.1327,4.0
selected_two_stage_av,pass,-0.4187,6.0
selected_two_stage_av,pass,-0.762,3.0
selected_two_stage_av,pass,1.8179,5.0
selected_two_stage_av,pass,-3.1048,3.0
selected_two_stage_av,pass,0.807,7.0
selected_two_stage_av,pass,0.3597,7.0
selected_two_stage_av,pass,-0.6411,3.0
selected_two_stage_av,pass,0.1327,0.0
selected_two_stage_av,pass,-1.093,3.0
selected_two_stage_av,pass,-1.5404,2.0
selected_two_stage_av,pass,1.7017,8.0
selected_two_stage_av,pass,-0.6411,2.0
selected_two_stage_av,pass,-0.762,9.0
selected_two_stage_av,pass,0.58,3.0
selected_two_stage_av,pass,-0.4187,0.0
selected_two_stage_av,pass,-2.6575,3.0
selected_two_stage_av,pass,1.2544,7.0
selected_two_stage_av,pass,-1.9877,4.0
selected_two_stage_av,pass,1.7017,6.0
selected_two_stage_av,pass,-0.6411,4.0
selected_two_stage_av,pass,-0.3147,5.0
selected_two_stage_av,pass,0.7008,0.0
selected_two_stage_av,pass,-1.2093,0.0
selected_two_stage_av,pass,0.476,0.0
selected_two_stage_av,pass,-1.5357,0.0
selected_two_stage_av,pass,-1.5404,4.0
selected_two_stage_av,pass,-0.762,3.0
selected_two_stage_av,pass,0.807,7.0
selected_two_stage_av,pass,0.58,3.0
selected_two_stage_av,pass,-1.5357,0.0
selected_two_stage_av,pass,-2.2101,5.0
selected_two_stage_av,pass,0.58,5.0
selected_two_stage_av,pass,0.0287,5.0
selected_two_stage_av,pass,0.1327,6.0
selected_two_stage_av,pass,-1.5404,4.0
selected_two_stage_av,pass,1.2544,6.0
selected_two_stage_av,pass,-1.0884,4.0
selected_two_stage_av,pass,-2.2101,1.0
selected_two_stage_av,pass,2.149,9.0
selected_two_stage_av,pass,-0.762,1.0
selected_two_stage_av,pass,-0.4187,6.0
selected_two_stage_av,pass,-0.4187,6.0
selected_two_stage_av,pass,-0.6411,0.0
selected_two_stage_av,pass,-2.2101,6.0
selected_two_stage_av,pass,0.1327,4.0
selected_two_stage_av,pass,0.807,5.0
selected_two_stage_av,pass,-1.5357,5.0
selected_two_stage_av,pass,0.1327,0.0
selected_two_stage_av,pass,-0.6457,5.0
selected_two_stage_av,pass,1.7017,8.0
selected_two_stage_av,pass,-0.762,2.0
selected_two_stage_av,pass,0.0287,0.0
selected_two_stage_av,pass,-2.2101,2.0
selected_two_stage_av,pass,-1.9877,6.0
selected_two_stage_av,pass,1.2544,4.0
selected_two_stage_av,pass,-0.1938,5.0
selected_two_stage_av,pass,-0.3147,4.0
selected_two_stage_av,pass,-0.3147,4.0
selected_two_stage_av,pass,-0.4187,0.0
selected_two_stage_av,pass,-2.6575,4.0
selected_two_stage_av,pass,2.149,6.0
selected_two_stage_av,pass,0.1327,0.0
selected_two_stage_av,pass,-1.5404,4.0
selected_two_stage_av,pass,0.807,6.0
selected_two_stage_av,pass,-0.6411,4.0
selected_two_stage_av,pass,-0.1938,1.0
selected_two_stage_av,pass,0.1327,0.0
selected_two_stage_av,pass,-1.9877,1.0
selected_two_stage_av,pass,0.807,9.0
selected_two_stage_av,pass,-0.762,0.0
selected_two_stage_av,pass,-1.5404,4.0
selected_two_stage_av,pass,1.7017,6.0
selected_two_stage_av,pass,-0.6411,4.0
selected_two_stage_av,pass,1.2544,7.0
selected_two_stage_av,pass,-0.3147,3.0
selected_two_stage_av,pass,-0.4187,2.0
selected_two_stage_av,pass,-1.7628,3.0
selected_two_stage_av,pass,-1.093,3.0
selected_two_stage_av,pass,1.2544,7.0
selected_two_stage_av,pass,-1.5357,3.0
selected_two_stage_av,pass,0.1327,0.0
selected_two_stage_av,pass,-1.2093,3.0
selected_two_stage_av,pass,-1.5404,7.0
selected_two_stage_av,pass,1.2544,3.0
selected_two_stage_av,pass,0.2535,3.0
selected_two_stage_av,pass,-1.093,3.0
selected_two_stage_av,pass,0.807,7.0
selected_two_stage_av,pass,-0.1938,3.0
selected_two_stage_av,pass,-0.762,7.0
selected_two_stage_av,pass,-0.762,0.0
selected_two_stage_av,pass,0.476,0.0
selected_two_stage_av,pass,-0.1938,0.0
selected_two_stage_av,pass,-1.0884,0.0
selected_two_stage_av,pass,-0.1938,0.0
selected_two_stage_av,pass,-0.762,4.0
selected_two_stage_av,pass,-0.4187,6.0
selected_two_stage_av,pass,-0.1938,4.0
selected_two_stage_av,pass,-0.4187,9.0
selected_two_stage_av,pass,-1.0884,1.0
selected_two_stage_av,pass,0.2535,0.0
selected_two_stage_av,pass,-0.3147,1.0
selected_two_stage_av,pass,0.58,3.0
selected_two_stage_av,pass,0.476,0.0
selected_two_stage_av,pass,-2.6575,3.0
selected_two_stage_av,pass,0.3597,7.0
selected_two_stage_av,pass,1.2544,7.0
selected_two_stage_av,pass,-0.3147,3.0
selected_two_stage_av,pass,0.0287,0.0
selected_two_stage_av,pass,-2.2101,3.0
selected_two_stage_av,pass,-0.4187,2.0
selected_two_stage_av,pass,-0.6411,0.0
selected_two_stage_av,pass,-2.6575,2.0
selected_two_stage_av,pass,0.58,8.0
selected_two_stage_av,pass,-2.6575,1.0
selected_two_stage_av,pass,-0.762,9.0
selected_two_stage_av,pass,0.9233,1.0
selected_two_stage_av,pass,-0.6411,0.0
selected_two_stage_av,pass,-0.762,6.0
selected_two_stage_av,pass,0.0287,4.0
selected_two_stage_av,pass,-0.6411,0.0
selected_two_stage_av,pass,-1.7628,4.0
selected_two_stage_av,pass,0.9233,8.0
selected_two_stage_av,pass,-1.0884,2.0
selected_two_stage_av,pass,-1.0884,0.0
selected_two_stage_av,pass,-0.3147,2.0
selected_two_stage_av,pass,0.2535,0.0
selected_two_stage_av,pass,-2.2101,3.0
selected_two_stage_av,pass,-0.762,7.0
selected_two_stage_av,pass,-0.4187,3.0
selected_two_stage_av,pass,-2.6575,3.0
selected_two_stage_av,pass,-0.3147,1.0
selected_two_stage_av,pass,0.476,9.0
selected_two_stage_av,pass,-0.6411,1.0
selected_two_stage_av,pass,-0.1938,2.0
selected_two_stage_av,pass,0.1327,0.0
selected_two_stage_av,pass,-1.5404,2.0
selected_two_stage_av,pass,0.3597,8.0
selected_two_stage_av,pass,-1.7628,3.0
selected_two_stage_av,pass,-0.3147,7.0
selected_two_stage_av,pass,-0.4187,3.0
selected_two_stage_av,pass,-0.6411,0.0
selected_two_stage_av,pass,0.2535,6.0
selected_two_stage_av,pass,-1.0884,0.0
selected_two_stage_av,pass,0.1327,6.0
selected_two_stage_av,pass,-0.866,4.0
selected_two_stage_av,pass,-0.3147,3.0
selected_two_stage_av,pass,-1.9877,7.0
selected_two_stage_av,pass,0.3597,3.0
selected_two_stage_av,pass,0.7008,3.0
selected_two_stage_av,pass,-0.6411,0.0
selected_two_stage_av,pass,-0.3147,4.0
selected_two_stage_av,pass,-0.4187,6.0
selected_two_stage_av,pass,-0.1938,4.0
selected_two_stage_av,pass,-2.2101,6.0
selected_two_stage_av,pass,1.2544,4.0
selected_two_stage_av,pass,-0.3147,6.0
selected_two_stage_av,pass,0.0287,5.0
selected_two_stage_av,pass,-0.1938,0.0
selected_two_stage_av,pass,-2.6575,2.0
selected_two_stage_av,pass,-0.762,8.0
selected_two_stage_av,pass,0.476,2.0
selected_two_stage_av,pass,-2.6575,2.0
selected_two_stage_av,pass,1.7017,8.0
selected_two_stage_av,pass,-0.3147,2.0
selected_two_stage_av,pass,0.0287,6.0
selected_two_stage_av,pass,0.0287,8.0
selected_two_stage_av,pass,-0.1938,2.0
selected_two_stage_av,pass,-0.1938,0.0
selected_two_stage_av,pass,-1.2093,2.0
selected_two_stage_av,pass,-0.6411,0.0
selected_two_stage_av,pass,-0.762,0.0
selected_two_stage_av,pass,0.476,0.0
selected_two_stage_av,pass,-0.6411,0.0
selected_two_stage_av,pass,-1.093,4.0
selected_two_stage_av,pass,0.3597,6.0
selected_two_stage_av,pass,-2.6575,4.0
selected_two_stage_av,pass,0.58,6.0
selected_two_stage_av,pass,-0.6411,0.0
selected_two_stage_av,pass,-0.3147,0.0
selected_two_stage_av,pass,0.0287,0.0
selected_two_stage_av,pass,-0.6411,0.0
selected_two_stage_av,pass,0.1327,3.0
selected_two_stage_av,pass,0.0287,0.0
selected_two_stage_av,pass,-2.2101,3.0
selected_two_stage_av,pass,0.807,7.0
selected_two_stage_av,pass,-0.6411,2.0
selected_two_stage_av,pass,0.1327,8.0
selected_two_stage_av,pass,-1.9877,2.0
selected_two_stage_av,pass,1.2544,8.0
selected_two_stage_av,pass,-2.6575,3.0
selected_two_stage_av,pass,-1.2093,5.0
selected_two_stage_av,pass,1.3706,5.0
selected_two_stage_av,pass,-0.6411,5.0
selected_two_stage_av,pass,-0.6411,2.0
selected_two_stage_av,pass,-0.762,5.0
selected_two_stage_av,pass,-1.9877,2.0
selected_two_stage_av,pass,2.149,8.0
selected_two_stage_av,pass,0.3597,2.0
selected_two_stage_av,pass,0.2535,5.0
selected_two_stage_av,pass,-0.3147,2.0
selected_two_stage_av,pass,-1.5404,8.0
selected_two_stage_av,pass,0.3597,9.0
selected_two_stage_av,pass,0.1327,1.0
selected_two_stage_av,pass,0.0287,0.0
selected_two_stage_av,pass,-1.7628,1.0
selected_two_stage_av,pass,-1.9877,3.0
selected_two_stage_av,pass,0.807,7.0
selected_two_stage_av,pass,-0.6411,3.0
selected_two_stage_av,pass,0.58,5.0
selected_two_stage_av,pass,-0.762,1.0
selected_two_stage_av,pass,1.8179,0.0
selected_two_stage_av,pass,-3.1048,1.0
selected_two_stage_av,pass,0.807,9.0
selected_two_stage_av,pass,-0.6411,4.0
selected_two_stage_av,pass,-0.3147,3.0
selected_two_stage_av,pass,-1.5404,4.0
selected_two_stage_av,pass,1.2544,6.0
selected_two_stage_av,pass,-1.0884,4.0
selected_two_stage_av,pass,0.1327,0.0
selected_two_stage_av,pass,-1.9877,4.0
selected_two_stage_av,pass,1.7017,6.0
selected_two_stage_av,pass,0.1327,0.0
selected_two_stage_av,pass,-1.093,4.0
selected_two_stage_av,pass,1.2544,6.0
selected_two_stage_av,pass,-1.5357,4.0
selected_two_stage_av,pass,-0.4187,0.0
selected_two_stage_av,pass,-0.6411,0.0
selected_two_stage_av,pass,-0.1938,0.0
selected_two_stage_av,pass,-0.3147,0.0
selected_two_stage_av,pass,0.807,6.0
selected_two_stage_av,pass,-0.6411,4.0
selected_two_stage_av,pass,-0.762,0.0
selected_two_stage_av,pass,-0.6457,4.0
selected_two_stage_av,pass,0.476,0.0
selected_two_stage_av,pass,-1.0884,0.0
selected_two_stage_av,pass,-0.6411,0.0
selected_two_stage_av,pass,-0.3147,0.0
selected_two_stage_av,pass,-1.093,2.0
selected_two_stage_av,pass,1.2544,8.0
selected_two_stage_av,pass,-0.1938,2.0
selected_two_stage_av,pass,-1.2093,2.0
selected_two_stage_av,pass,-1.0884,4.0
selected_two_stage_av,pass,-0.1938,0.0
selected_two_stage_av,pass,-0.3147,4.0
selected_two_stage_av,pass,0.0287,6.0
selected_two_stage_av,pass,-0.6411,0.0
selected_two_stage_av,pass,-0.3147,5.0
selected_two_stage_av,pass,0.476,5.0
selected_two_stage_av,pass,-1.0884,5.0
selected_two_stage_av,pass,1.7017,5.0
selected_two_stage_av,pass,-1.5357,5.0
selected_two_stage_av,pass,-0.762,0.0
selected_two_stage_av,pass,-0.6457,5.0
selected_two_stage_av,pass,-0.762,0.0
selected_two_stage_av,pass,0.0287,0.0
selected_two_stage_av,pass,-0.1938,0.0
selected_two_stage_av,pass,-0.6411,0.0
selected_two_stage_av,pass,-0.4187,6.0
selected_two_stage_av,pass,-0.6411,4.0
selected_two_stage_av,pass,-0.1938,0.0
selected_two_stage_av,pass,-0.3147,4.0
selected_two_stage_av,pass,-1.093,2.0
selected_two_stage_av,pass,0.807,8.0
selected_two_stage_av,pass,-0.1938,2.0
selected_two_stage_av,pass,-0.762,3.0
selected_two_stage_av,pass,0.0287,5.0
selected_two_stage_av,pass,-1.0884,4.0
selected_two_stage_av,pass,-2.2101,5.0
selected_two_stage_av,pass,0.1327,5.0
selected_two_stage_av,pass,-2.6575,5.0
selected_two_stage_av,pass,1.2544,5.0
selected_two_stage_av,pass,-1.2093,5.0
selected_two_stage_av,pass,1.3706,5.0
selected_two_stage_av,pass,0.476,0.0
selected_two_stage_av,pass,-2.6575,3.0
selected_two_stage_av,pass,1.2544,7.0
selected_two_stage_av,pass,-0.3147,3.0
selected_two_stage_av,pass,0.807,6.0
selected_two_stage_av,pass,-1.0884,4.0
selected_two_stage_av,pass,0.58,6.0
selected_two_stage_av,pass,-1.5404,4.0
selected_two_stage_av,pass,0.0287,0.0
selected_two_stage_av,pass,-0.1938,0.0
selected_two_stage_av,pass,-1.0884,0.0
selected_two_stage_av,pass,-0.3147,0.0
selected_two_stage_av,pass,1.2544,9.0
selected_two_stage_av,pass,-0.1938,1.0
selected_two_stage_av,pass,-0.762,4.0
selected_two_stage_av,pass,-1.5404,1.0
selected_two_stage_av,pass,0.0287,4.0
selected_two_stage_av,pass,-1.7628,2.0
selected_two_stage_av,pass,0.807,8.0
selected_two_stage_av,pass,-0.3147,2.0
selected_two_stage_av,pass,-0.3147,6.0
selected_two_stage_av,pass,0.0287,4.0
selected_two_stage_av,pass,-1.0884,0.0
selected_two_stage_av,pass,-1.7628,4.0
selected_two_stage_av,pass,0.476,8.0
selected_two_stage_av,pass,-2.6575,0.0
selected_two_stage_av,pass,1.7017,10.0
selected_two_stage_av,pass,-0.762,0.0
selected_two_stage_av,pass,-0.6411,3.0
selected_two_stage_av,pass,-0.762,0.0
selected_two_stage_av,pass,-1.5404,3.0
selected_two_stage_av,pass,1.7017,7.0
selected_two_stage_av,pass,-0.1938,3.0
selected_two_stage_av,pass,-0.3147,8.0
selected_two_stage_av,pass,-1.9877,3.0
selected_two_stage_av,pass,1.2544,7.0
selected_two_stage_av,pass,-0.762,0.0
selected_two_stage_av,pass,0.9233,0.0
selected_two_stage_av,pass,-0.6411,0.0
selected_two_stage_av,pass,-1.0884,0.0
selected_two_stage_av,pass,1.7017,5.0
selected_two_stage_av,pass,-0.6411,5.0
selected_two_stage_av,pass,0.1327,6.0
selected_two_stage_av,pass,-2.435,5.0
selected_two_stage_av,pass,-0.6411,0.0
selected_two_stage_av,pass,-0.3147,2.0
selected_two_stage_av,pass,0.476,8.0
selected_two_stage_av,pass,-1.0884,2.0
selected_two_stage_av,pass,0.1327,5.0
selected_two_stage_av,pass,-0.4187,5.0
selected_two_stage_av,pass,-0.6411,0.0
selected_two_stage_av,pass,-2.2101,5.0
selected_two_stage_av,pass,-1.0884,3.0
selected_two_stage_av,pass,0.1327,0.0
selected_two_stage_av,pass,-1.093,3.0
selected_two_stage_av,pass,0.807,7.0
selected_two_stage_av,pass,-0.6411,0.0
selected_two_stage_av,pass,-1.0884,0.0
selected_two_stage_av,pass,-0.3147,0.0
selected_two_stage_av,pass,0.476,0.0
selected_two_stage_av,pass,1.2544,7.0
selected_two_stage_av,pass,-0.6411,3.0
selected_two_stage_av,pass,0.1327,4.0
selected_two_stage_av,pass,-1.9877,3.0
selected_two_stage_av,pass,0.0287,0.0
selected_two_stage_av,pass,-0.1938,0.0
selected_two_stage_av,pass,-1.5357,0.0
selected_two_stage_av,pass,0.1327,0.0
selected_two_stage_av,pass,-1.5404,2.0
selected_two_stage_av,pass,1.2544,8.0
selected_two_stage_av,pass,-1.0884,2.0
selected_two_stage_av,pass,0.1327,2.0
selected_two_stage_av,pass,-0.3147,4.0
selected_two_stage_av,pass,0.0287,6.0
selected_two_stage_av,pass,-0.6411,0.0
selected_two_stage_av,pass,-2.2101,6.0
selected_two_stage_av,pass,-0.6411,0.0
selected_two_stage_av,pass,-1.0884,0.0
selected_two_stage_av,pass,0.1327,0.0
selected_two_stage_av,pass,0.0287,0.0
selected_two_stage_av,pass,-0.4187,3.0
selected_two_stage_av,pass,-2.6575,2.0
selected_two_stage_av,pass,0.58,3.0
selected_two_stage_av,pass,-0.3147,7.0
selected_two_stage_av,pass,-0.762,3.0
selected_two_stage_av,pass,0.476,0.0
selected_two_stage_av,pass,-2.2101,3.0
selected_two_stage_av,pass,1.2544,7.0
selected_two_stage_av,pass,-1.0884,0.0
selected_two_stage_av,pass,-2.6575,6.0
selected_two_stage_av,pass,-0.3147,4.0
selected_two_stage_av,pass,0.9233,6.0
selected_two_stage_av,pass,-0.6411,1.0
selected_two_stage_av,pass,-0.3147,4.0
selected_two_stage_av,pass,-1.5404,1.0
selected_two_stage_av,pass,1.2544,9.0
selected_two_stage_av,pass,0.0287,0.0
selected_two_stage_av,pass,-0.6411,0.0
selected_two_stage_av,pass,-1.0884,0.0
selected_two_stage_av,pass,0.1327,0.0
selected_two_stage_av,pass,-2.6575,5.0
selected_two_stage_av,pass,0.1327,5.0
selected_two_stage_av,pass,-1.093,5.0
selected_two_stage_av,pass,0.807,7.0
selected_two_stage_av,pass,0.807,7.0
selected_two_stage_av,pass,-0.6411,3.0
selected_two_stage_av,pass,0.1327,0.0
selected_two_stage_av,pass,-1.5404,3.0
selected_two_stage_av,pass,-2.2101,0.0
selected_two_stage_av,pass,1.2544,10.0
selected_two_stage_av,pass,-0.3147,0.0
selected_two_stage_av,pass,0.0287,3.0
selected_two_stage_av,pass,-0.1938,0.0
selected_two_stage_av,pass,-0.1938,0.0
selected_two_stage_av,pass,-0.3147,0.0
selected_two_stage_av,pass,-0.866,0.0
selected_two_stage_av,pass,0.0287,0.0
selected_two_stage_av,pass,-0.6411,0.0
selected_two_stage_av,pass,-0.6411,0.0
selected_two_stage_av,pass,-0.3147,0.0
selected_two_stage_av,pass,-0.6411,0.0
selected_two_stage_av,pass,-0.762,0.0
selected_two_stage_av,pass,0.476,0.0
selected_two_stage_av,pass,-0.6411,0.0
selected_two_stage_av,pass,0.0287,4.0
selected_two_stage_av,pass,-1.0884,6.0
selected_two_stage_av,pass,-2.6575,3.0
selected_two_stage_av,pass,0.58,6.0
selected_two_stage_av,pass,-0.6411,0.0
selected_two_stage_av,pass,-1.0884,0.0
selected_two_stage_av,pass,0.1327,0.0
selected_two_stage_av,pass,0.0287,0.0
selected_two_stage_av,pass,-0.762,6.0
selected_two_stage_av,pass,-1.093,4.0
selected_two_stage_av,pass,1.2544,6.0
selected_two_stage_av,pass,-0.6411,4.0
selected_two_stage_av,pass,1.7017,5.0
selected_two_stage_av,pass,-1.0884,5.0
selected_two_stage_av,pass,0.58,0.0
selected_two_stage_av,pass,-2.435,5.0
selected_two_stage_av,pass,-0.6411,4.0
selected_two_stage_av,pass,-1.7628,6.0
selected_two_stage_av,pass,-0.762,4.0
selected_two_stage_av,pass,0.0287,6.0
selected_two_stage_av,pass,-1.0884,2.0
selected_two_stage_av,pass,-0.6411,0.0
selected_two_stage_av,pass,-0.3147,2.0
selected_two_stage_av,pass,0.476,8.0
selected_two_stage_av,pass,1.2544,4.0
selected_two_stage_av,pass,0.2535,6.0
selected_two_stage_av,pass,-0.762,4.0
selected_two_stage_av,pass,-1.9877,6.0
selected_two_stage_av,pass,0.7008,0.0
selected_two_stage_av,pass,-0.762,0.0
selected_two_stage_av,pass,-0.4187,0.0
selected_two_stage_av,pass,-1.0884,0.0
selected_two_stage_av,pass,-0.3147,2.0
selected_two_stage_av,pass,1.2544,8.0
selected_two_stage_av,pass,0.1327,2.0
selected_two_stage_av,pass,-1.9877,5.0
selected_two_stage_av,pass,0.807,6.0
selected_two_stage_av,pass,-0.3147,4.0
selected_two_stage_av,pass,0.0287,0.0
selected_two_stage_av,pass,-1.7628,4.0
selected_two_stage_av,pass,-1.2093,0.0
selected_two_stage_av,pass,0.476,0.0
selected_two_stage_av,pass,-0.6411,0.0
selected_two_stage_av,pass,-0.1938,0.0
selected_two_stage_av,pass,-1.0884,0.0
selected_two_stage_av,pass,-0.762,0.0
selected_two_stage_av,pass,0.476,0.0
selected_two_stage_av,pass,-0.1938,0.0
selected_two_stage_av,pass,1.7017,8.0
selected_two_stage_av,pass,-0.762,2.0
selected_two_stage_av,pass,-0.4187,0.0
selected_two_stage_av,pass,-1.7628,2.0
selected_two_stage_av,pass,0.2535,0.0
selected_two_stage_av,pass,-0.3147,1.0
selected_two_stage_av,pass,-0.866,9.0
selected_two_stage_av,pass,-0.6411,1.0
selected_two_stage_av,pass,-2.2101,3.0
selected_two_stage_av,pass,0.807,7.0
selected_two_stage_av,pass,0.1327,3.0
selected_two_stage_av,pass,0.0287,6.0
selected_two_stage_av,pass,-1.0884,5.0
selected_two_stage_av,pass,-0.3147,1.0
selected_two_stage_av,pass,-1.093,9.0
selected_two_stage_av,pass,1.2544,1.0
selected_two_stage_av,pass,-1.0884,0.0
selected_two_stage_av,pass,0.1327,4.0
selected_two_stage_av,pass,0.0287,6.0
selected_two_stage_av,pass,-0.6411,4.0
selected_two_stage_av,pass,-1.5404,2.0
selected_two_stage_av,pass,1.2544,4.0
selected_two_stage_av,pass,-2.2101,2.0
selected_two_stage_av,pass,-0.3147,8.0
selected_two_stage_av,pass,-0.762,5.0
selected_two_stage_av,pass,-1.093,6.0
selected_two_stage_av,pass,1.7017,4.0
selected_two_stage_av,pass,-1.0884,6.0
selected_two_stage_av,pass,0.0287,3.0
selected_two_stage_av,pass,-2.2101,1.0
selected_two_stage_av,pass,-0.3147,3.0
selected_two_stage_av,pass,-0.3147,7.0
selected_two_stage_av,pass,-0.3147,5.0
selected_two_stage_av,pass,-1.9877,3.0
selected_two_stage_av,pass,2.149,7.0
selected_two_stage_av,pass,-1.0884,3.0
selected_two_stage_av,pass,-2.2101,2.0
selected_two_stage_av,pass,-0.762,5.0
selected_two_stage_av,pass,0.0287,5.0
selected_two_stage_av,pass,-0.1938,5.0
selected_two_stage_av,pass,-0.1938,4.0
selected_two_stage_av,pass,-0.1938,0.0
selected_two_stage_av,pass,-0.762,4.0
selected_two_stage_av,pass,-0.4187,6.0
selected_two_stage_av,pass,-0.6411,2.0
selected_two_stage_av,pass,-0.762,7.0
selected_two_stage_av,pass,-1.9877,2.0
selected_two_stage_av,pass,2.149,8.0
selected_two_stage_av,pass,0.58,4.0
selected_two_stage_av,pass,-2.435,6.0
selected_two_stage_av,pass,1.7017,4.0
selected_two_stage_av,pass,-1.0884,2.0
selected_two_stage_av,pass,0.0287,4.0
selected_two_stage_av,pass,-1.7628,6.0
selected_two_stage_av,pass,0.807,4.0
selected_two_stage_av,pass,-0.3147,6.0
selected_two_stage_av,pass,-0.762,5.0
selected_two_stage_av,pass,0.0287,5.0
selected_two_stage_av,pass,-0.6411,0.0
selected_two_stage_av,pass,-1.7628,5.0
selected_two_stage_av,pass,0.58,0.0
selected_two_stage_av,pass,-1.5404,5.0
selected_two_stage_av,pass,0.807,5.0
selected_two_stage_av,pass,-1.0884,5.0
selected_two_stage_av,pass,-0.762,2.0
selected_two_stage_av,pass,0.9233,8.0
selected_two_stage_av,pass,-2.6575,2.0
selected_two_stage_av,pass,1.2544,7.0
selected_two_stage_av,pass,0.1327,0.0
selected_two_stage_av,pass,-1.5404,2.0
selected_two_stage_av,pass,1.7017,8.0
selected_two_stage_av,pass,-1.5357,2.0
selected_two_stage_av,pass,-1.5357,0.0
selected_two_stage_av,pass,-0.1938,0.0
selected_two_stage_av,pass,-0.762,0.0
selected_two_stage_av,pass,0.9233,0.0
selected_two_stage_av,pass,1.2544,7.0
selected_two_stage_av,pass,-0.6411,3.0
selected_two_stage_av,pass,-0.3147,0.0
selected_two_stage_av,pass,-1.5404,3.0
selected_two_stage_av,pass,-1.0884,0.0
selected_two_stage_av,pass,-0.3147,0.0
selected_two_stage_av,pass,0.476,0.0
selected_two_stage_av,pass,-0.6411,0.0
selected_two_stage_av,pass,0.58,0.0
selected_two_stage_av,pass,0.0287,0.0
selected_two_stage_av,pass,-1.5357,0.0
selected_two_stage_av,pass,-0.6411,0.0
