model,contract,prediction,actual
constrained_ols_av,pass,-0.6875,7.0
constrained_ols_av,pass,-0.6875,0.0
constrained_ols_av,pass,-0.6875,5.0
constrained_ols_av,pass,-0.6875,1.0
constrained_ols_av,pass,-0.6875,4.0
constrained_ols_av,pass,-0.6875,4.0
constrained_ols_av,pass,-0.6875,3.0
constrained_ols_av,pass,-0.6875,0.0
constrained_ols_av,pass,-0.6875,0.0
constrained_ols_av,pass,-0.6875,0.0
constrained_ols_av,pass,-0.6875,0.0
constrained_ols_av,pass,-0.6875,0.0
constrained_ols_av,pass,-0.6875,8.0
constrained_ols_av,pass,-0.6875,2.0
constrained_ols_av,pass,-0.6875,0.0
constrained_ols_av,pass,-0.6875,7.0
constrained_ols_av,pass,-0.6875,6.0
constrained_ols_av,pass,-0.6875,0.0
constrained_ols_av,pass,-0.6875,5.0
constrained_ols_av,pass,-0.6875,1.0
constrained_ols_av,pass,-0.6875,0.0
constrained_ols_av,pass,-0.6875,6.0
constrained_ols_av,pass,-0.6875,4.0
constrained_ols_av,pass,-0.6875,0.0
constrained_ols_av,pass,-0.6875,2.0
constrained_ols_av,pass,-0.6875,0.0
constrained_ols_av,pass,-0.6875,2.0
constrained_ols_av,pass,-0.6875,2.0
constrained_ols_av,pass,-0.6875,3.0
constrained_ols_av,pass,-0.6875,0.0
constrained_ols_av,pass,-0.6875,1.0
constrained_ols_av,pass,-0.6875,3.0
constrained_ols_av,pass,-0.6875,4.0
constrained_ols_av,pass,-0.6875,5.0
constrained_ols_av,pass,-0.6875,0.0
constrained_ols_av,pass,-0.6875,0.0
constrained_ols_av,pass,-0.6875,5.0
constrained_ols_av,pass,-0.6875,9.0
constrained_ols_av,pass,-0.6875,7.0
constrained_ols_av,pass,-0.6875,0.0
constrained_ols_av,pass,-0.6875,9.0
constrained_ols_av,pass,-0.6875,0.0
constrained_ols_av,pass,-0.6875,5.0
constrained_ols_av,pass,-0.6875,6.0
constrained_ols_av,pass,-0.6875,2.0
constrained_ols_av,pass,-0.6875,0.0
constrained_ols_av,pass,-0.6875,4.0
constrained_ols_av,pass,-0.6875,1.0
constrained_ols_av,pass,-0.6875,4.0
constrained_ols_av,pass,-0.6875,0.0
constrained_ols_av,pass,-0.6875,3.0
constrained_ols_av,pass,-0.6875,5.0
constrained_ols_av,pass,-0.6875,4.0
constrained_ols_av,pass,-0.6875,4.0
constrained_ols_av,pass,-0.6875,2.0
constrained_ols_av,pass,-0.6875,5.0
constrained_ols_av,pass,-0.6875,0.0
constrained_ols_av,pass,-0.6875,4.0
constrained_ols_av,pass,-0.6875,6.0
constrained_ols_av,pass,-0.6875,1.0
constrained_ols_av,pass,-0.6875,3.0
constrained_ols_av,pass,-0.6875,3.0
constrained_ols_av,pass,-0.6875,1.0
constrained_ols_av,pass,-0.6875,6.0
constrained_ols_av,pass,-0.6875,3.0
constrained_ols_av,pass,-0.6875,9.0
constrained_ols_av,pass,-0.6875,2.0
constrained_ols_av,pass,-0.6875,4.0
constrained_ols_av,pass,-0.6875,4.0
constrained_ols_av,pass,-0.6875,4.0
constrained_ols_av,pass,-0.6875,0.0
constrained_ols_av,pass,-0.6875,9.0
constrained_ols_av,pass,-0.6875,4.0
constrained_ols_av,pass,-0.6875,3.0
constrained_ols_av,pass,-0.6875,2.0
constrained_ols_av,pass,-0.6875,0.0
constrained_ols_av,pass,-0.6875,8.0
constrained_ols_av,pass,-0.6875,2.0
constrained_ols_av,pass,-0.6875,0.0
constrained_ols_av,pass,-0.6875,3.0
constrained_ols_av,pass,-0.6875,0.0
constrained_ols_av,pass,-0.6875,2.0
constrained_ols_av,pass,-0.6875,4.0
constrained_ols_av,pass,-0.6875,5.0
constrained_ols_av,pass,-0.6875,4.0
constrained_ols_av,pass,-0.6875,4.0
constrained_ols_av,pass,-0.6875,4.0
constrained_ols_av,pass,-0.6875,3.0
constrained_ols_av,pass,-0.6875,6.0
constrained_ols_av,pass,-0.6875,4.0
constrained_ols_av,pass,-0.6875,0.0
constrained_ols_av,pass,-0.6875,8.0
constrained_ols_av,pass,-0.6875,4.0
constrained_ols_av,pass,-0.6875,0.0
constrained_ols_av,pass,-0.6875,0.0
constrained_ols_av,pass,-0.6875,6.0
constrained_ols_av,pass,-0.6875,0.0
constrained_ols_av,pass,-0.6875,0.0
constrained_ols_av,pass,-0.6875,8.0
constrained_ols_av,pass,-0.6875,0.0
constrained_ols_av,pass,-0.6875,3.0
constrained_ols_av,pass,-0.6875,5.0
constrained_ols_av,pass,-0.6875,3.0
constrained_ols_av,pass,-0.6875,3.0
constrained_ols_av,pass,-0.6875,3.0
constrained_ols_av,pass,-0.6875,0.0
constrained_ols_av,pass,-0.6875,7.0
constrained_ols_av,pass,-0.6875,7.0
constrained_ols_av,pass,-0.6875,1.0
constrained_ols_av,pass,-0.6875,4.0
constrained_ols_av,pass,-0.6875,0.0
constrained_ols_av,pass,-0.6875,5.0
constrained_ols_av,pass,-0.6875,2.0
constrained_ols_av,pass,-0.6875,5.0
constrained_ols_av,pass,-0.6875,3.0
constrained_ols_av,pass,-0.6875,3.0
constrained_ols_av,pass,-0.6875,4.0
constrained_ols_av,pass,-0.6875,2.0
constrained_ols_av,pass,-0.6875,0.0
constrained_ols_av,pass,-0.6875,3.0
constrained_ols_av,pass,-0.6875,10.0
constrained_ols_av,pass,-0.6875,0.0
constrained_ols_av,pass,-0.6875,3.0
constrained_ols_av,pass,-0.6875,0.0
constrained_ols_av,pass,-0.6875,3.0
constrained_ols_av,pass,-0.6875,5.0
constrained_ols_av,pass,-0.6875,1.0
constrained_ols_av,pass,-0.6875,0.0
constrained_ols_av,pass,-0.6875,5.0
constrained_ols_av,pass,-0.6875,5.0
constrained_ols_av,pass,-0.6875,6.0
constrained_ols_av,pass,-0.6875,0.0
constrained_ols_av,pass,-0.6875,0.0
constrained_ols_av,pass,-0.6875,1.0
constrained_ols_av,pass,-0.6875,8.0
constrained_ols_av,pass,-0.6875,6.0
constrained_ols_av,pass,-0.6875,5.0
constrained_ols_av,pass,-0.6875,3.0
constrained_ols_av,pass,-0.6875,2.0
constrained_ols_av,pass,-0.6875,6.0
constrained_ols_av,pass,-0.6875,0.0
constrained_ols_av,pass,-0.6875,0.0
constrained_ols_av,pass,-0.6875,5.0
constrained_ols_av,pass,-0.6875,0.0
constrained_ols_av,pass,-0.6875,8.0
constrained_ols_av,pass,-0.6875,0.0
constrained_ols_av,pass,-0.6875,6.0
constrained_ols_av,pass,-0.6875,3.0
constrained_ols_av,pass,-0.6875,0.0
constrained_ols_av,pass,-0.6875,8.0
constrained_ols_av,pass,-0.6875,2.0
constrained_ols_av,pass,-0.6875,3.0
constrained_ols_av,pass,-0.6875,0.0
constrained_ols_av,pass,-0.6875,2.0
constrained_ols_av,pass,-0.6875,0.0
constrained_ols_av,pass,-0.6875,3.0
constrained_ols_av,pass,-0.6875,1.0
constrained_ols_av,pass,-0.6875,6.0
constrained_ols_av,pass,-0.6875,5.0
constrained_ols_av,pass,-0.6875,1.0
constrained_ols_av,pass,-0.6875,3.0
constrained_ols_av,pass,-0.6875,0.0
constrained_ols_av,pass,-0.6875,2.0
constrained_ols_av,pass,-0.6875,4.0
constrained_ols_av,pass,-0.6875,4.0
constrained_ols_av,pass,-0.6875,0.0
constrained_ols_av,pass,-0.6875,0.0
constrained_ols_av,pass,-0.6875,2.0
constrained_ols_av,pass,-0.6875,3.0
constrained_ols_av,pass,-0.6875,7.0
constrained_ols_av,pass,-0.6875,4.0
constrained_ols_av,pass,-0.6875,0.0
constrained_ols_av,pass,-0.6875,0.0
constrained_ols_av,pass,-0.6875,0.0
constrained_ols_av,pass,-0.6875,3.0
constrained_ols_av,pass,-0.6875,1.0
constrained_ols_av,pass,-0.6875,0.0
constrained_ols_av,pass,-0.6875,3.0
constrained_ols_av,pass,-0.6875,4.0
constrained_ols_av,pass,-0.6875,3.0
constrained_ols_av,pass,-0.6875,2.0
constrained_ols_av,pass,-0.6875,3.0
constrained_ols_av,pass,-0.6875,2.0
constrained_ols_av,pass,-0.6875,5.0
constrained_ols_av,pass,-0.6875,3.0
constrained_ols_av,pass,-0.6875,6.0
constrained_ols_av,pass,-0.6875,5.0
constrained_ols_av,pass,-0.6875,0.0
constrained_ols_av,pass,-0.6875,5.0
constrained_ols_av,pass,-0.6875,5.0
constrained_ols_av,pass,-0.6875,0.0
constrained_ols_av,pass,-0.6875,3.0
constrained_ols_av,pass,-0.6875,2.0
constrained_ols_av,pass,-0.6875,7.0
constrained_ols_av,pass,-0.6875,7.0
constrained_ols_av,pass,-0.6875,4.0
constrained_ols_av,pass,-0.6875,0.0
constrained_ols_av,pass,-0.6875,6.0
constrained_ols_av,pass,-0.6875,0.0
constrained_ols_av,pass,-0.6875,3.0
constrained_ols_av,pass,-0.6875,4.0
constrained_ols_av,pass,-0.6875,2.0
constrained_ols_av,pass,-0.6875,4.0
constrained_ols_av,pass,-0.6875,5.0
constrained_ols_av,pass,-0.6875,8.0
constrained_ols_av,pass,-0.6875,8.0
constrained_ols_av,pass,-0.6875,2.0
constrained_ols_av,pass,-0.6875,3.0
constrained_ols_av,pass,-0.6875,3.0
constrained_ols_av,pass,-0.6875,3.0
constrained_ols_av,pass,-0.6875,0.0
constrained_ols_av,pass,-0.6875,6.0
constrained_ols_av,pass,-0.6875,2.0
constrained_ols_av,pass,-0.6875,3.0
constrained_ols_av,pass,-0.6875,2.0
constrained_ols_av,pass,-0.6875,3.0
constrained_ols_av,pass,-0.6875,9.0
constrained_ols_av,pass,-0.6875,3.0
constrained_ols_av,pass,-0.6875,3.0
constrained_ols_av,pass,-0.6875,4.0
constrained_ols_av,pass,-0.6875,2.0
constrained_ols_av,pass,-0.6875,4.0
constrained_ols_av,pass,-0.6875,1.0
constrained_ols_av,pass,-0.6875,0.0
constrained_ols_av,pass,-0.6875,3.0
constrained_ols_av,pass,-0.6875,0.0
constrained_ols_av,pass,-0.6875,2.0
constrained_ols_av,pass,-0.6875,7.0
constrained_ols_av,pass,-0.6875,0.0
constrained_ols_av,pass,-0.6875,4.0
constrained_ols_av,pass,-0.6875,3.0
constrained_ols_av,pass,-0.6875,8.0
constrained_ols_av,pass,-0.6875,4.0
constrained_ols_av,pass,-0.6875,4.0
constrained_ols_av,pass,-0.6875,5.0
constrained_ols_av,pass,-0.6875,6.0
constrained_ols_av,pass,-0.6875,5.0
constrained_ols_av,pass,-0.6875,3.0
constrained_ols_av,pass,-0.6875,0.0
constrained_ols_av,pass,-0.6875,5.0
constrained_ols_av,pass,-0.6875,0.0
constrained_ols_av,pass,-0.6875,0.0
constrained_ols_av,pass,-0.6875,5.0
constrained_ols_av,pass,-0.6875,7.0
constrained_ols_av,pass,-0.6875,5.0
constrained_ols_av,pass,-0.6875,5.0
constrained_ols_av,pass,-0.6875,3.0
constrained_ols_av,pass,-0.6875,0.0
constrained_ols_av,pass,-0.6875,4.0
constrained_ols_av,pass,-0.6875,1.0
constrained_ols_av,pass,-0.6875,0.0
constrained_ols_av,pass,-0.6875,0.0
constrained_ols_av,pass,-0.6875,0.0
constrained_ols_av,pass,-0.6875,5.0
constrained_ols_av,pass,-0.6875,5.0
constrained_ols_av,pass,-0.6875,3.0
constrained_ols_av,pass,-0.6875,6.0
constrained_ols_av,pass,-0.6875,4.0
constrained_ols_av,pass,-0.6875,0.0
constrained_ols_av,pass,-0.6875,4.0
constrained_ols_av,pass,-0.6875,7.0
constrained_ols_av,pass,-0.6875,0.0
constrained_ols_av,pass,-0.6875,4.0
constrained_ols_av,pass,-0.6875,0.0
constrained_ols_av,pass,-0.6875,5.0
constrained_ols_av,pass,-0.6875,0.0
constrained_ols_av,pass,-0.6875,5.0
constrained_ols_av,pass,-0.6875,1.0
constrained_ols_av,pass,-0.6875,6.0
constrained_ols_av,pass,-0.6875,6.0
constrained_ols_av,pass,-0.6875,3.0
constrained_ols_av,pass,-0.6875,0.0
constrained_ols_av,pass,-0.6875,0.0
constrained_ols_av,pass,-0.6875,4.0
constrained_ols_av,pass,-0.6875,4.0
constrained_ols_av,pass,-0.6875,0.0
constrained_ols_av,pass,-0.6875,4.0
constrained_ols_av,pass,-0.6875,7.0
constrained_ols_av,pass,-0.6875,7.0
constrained_ols_av,pass,-0.6875,2.0
constrained_ols_av,pass,-0.6875,3.0
constrained_ols_av,pass,-0.6875,4.0
constrained_ols_av,pass,-0.6875,4.0
constrained_ols_av,pass,-0.6875,7.0
constrained_ols_av,pass,-0.6875,6.0
constrained_ols_av,pass,-0.6875,5.0
constrained_ols_av,pass,-0.6875,3.0
constrained_ols_av,pass,-0.6875,1.0
constrained_ols_av,pass,-0.6875,3.0
constrained_ols_av,pass,-0.6875,0.0
constrained_ols_av,pass,-0.6875,3.0
constrained_ols_av,pass,-0.6875,4.0
constrained_ols_av,pass,-0.6875,3.0
constrained_ols_av,pass,-0.6875,0.0
constrained_ols_av,pass,-0.6875,0.0
constrained_ols_av,pass,-0.6875,2.0
constrained_ols_av,pass,-0.6875,7.0
constrained_ols_av,pass,-0.6875,0.0
constrained_ols_av,pass,-0.6875,2.0
constrained_ols_av,pass,-0.6875,6.0
constrained_ols_av,pass,-0.6875,0.0
constrained_ols_av,pass,-0.6875,0.0
constrained_ols_av,pass,-0.6875,4.0
constrained_ols_av,pass,-0.6875,6.0
constrained_ols_av,pass,-0.6875,3.0
constrained_ols_av,pass,-0.6875,3.0
constrained_ols_av,pass,-0.6875,5.0
constrained_ols_av,pass,-0.6875,5.0
constrained_ols_av,pass,-0.6875,4.0
constrained_ols_av,pass,-0.6875,4.0
constrained_ols_av,pass,-0.6875,4.0
constrained_ols_av,pass,-0.6875,0.0
constrained_ols_av,pass,-0.6875,0.0
constrained_ols_av,pass,-0.6875,1.0
constrained_ols_av,pass,-0.6875,4.0
constrained_ols_av,pass,-0.6875,0.0
constrained_ols_av,pass,-0.6875,6.0
constrained_ols_av,pass,-0.6875,8.0
constrained_ols_av,pass,-0.6875,1.0
constrained_ols_av,pass,-0.6875,10.0
constrained_ols_av,pass,-0.6875,3.0
constrained_ols_av,pass,-0.6875,0.0
constrained_ols_av,pass,-0.6875,6.0
constrained_ols_av,pass,-0.6875,1.0
constrained_ols_av,pass,-0.6875,4.0
constrained_ols_av,pass,-0.6875,0.0
constrained_ols_av,pass,-0.6875,6.0
constrained_ols_av,pass,-0.6875,2.0
constrained_ols_av,pass,-0.6875,6.0
constrained_ols_av,pass,-0.6875,9.0
constrained_ols_av,pass,-0.6875,2.0
constrained_ols_av,pass,-0.6875,5.0
constrained_ols_av,pass,-0.6875,5.0
constrained_ols_av,pass,-0.6875,5.0
constrained_ols_av,pass,-0.6875,5.0
constrained_ols_av,pass,-0.6875,6.0
constrained_ols_av,pass,-0.6875,4.0
constrained_ols_av,pass,-0.6875,6.0
constrained_ols_av,pass,-0.6875,0.0
constrained_ols_av,pass,-0.6875,3.0
constrained_ols_av,pass,-0.6875,0.0
constrained_ols_av,pass,-0.6875,5.0
constrained_ols_av,pass,-0.6875,8.0
constrained_ols_av,pass,-0.6875,3.0
constrained_ols_av,pass,-0.6875,0.0
constrained_ols_av,pass,-0.6875,3.0
constrained_ols_av,pass,-0.6875,0.0
constrained_ols_av,pass,-0.6875,0.0
constrained_ols_av,pass,-0.6875,4.0
constrained_ols_av,pass,-0.6875,5.0
constrained_ols_av,pass,-0.6875,0.0
constrained_ols_av,pass,-0.6875,4.0
constrained_ols_av,pass,-0.6875,0.0
constrained_ols_av,pass,-0.6875,4.0
constrained_ols_av,pass,-0.6875,5.0
constrained_ols_av,pass,-0.6875,2.0
constrained_ols_av,pass,-0.6875,0.0
constrained_ols_av,pass,-0.6875,4.0
constrained_ols_av,pass,-0.6875,3.0
constrained_ols_av,pass,-0.6875,0.0
constrained_ols_av,pass,-0.6875,8.0
constrained_ols_av,pass,-0.6875,5.0
constrained_ols_av,pass,-0.6875,0.0
constrained_ols_av,pass,-0.6875,6.0
constrained_ols_av,pass,-0.6875,0.0
constrained_ols_av,pass,-0.6875,3.0
constrained_ols_av,pass,-0.6875,8.0
constrained_ols_av,pass,-0.6875,2.0
constrained_ols_av,pass,-0.6875,2.0
constrained_ols_av,pass,-0.6875,6.0
constrained_ols_av,pass,-0.6875,3.0
constrained_ols_av,pass,-0.6875,3.0
constrained_ols_av,pass,-0.6875,7.0
constrained_ols_av,pass,-0.6875,4.0
constrained_ols_av,pass,-0.6875,0.0
constrained_ols_av,pass,-0.6875,0.0
constrained_ols_av,pass,-0.6875,7.0
constrained_ols_av,pass,-0.6875,2.0
constrained_ols_av,pass,-0.6875,4.0
constrained_ols_av,pass,-0.6875,0.0
constrained_ols_av,pass,-0.6875,4.0
constrained_ols_av,pass,-0.6875,4.0
constrained_ols_av,pass,-0.6875,3.0
constrained_ols_av,pass,-0.6875,4.0
constrained_ols_av,pass,-0.6875,8.0
constrained_ols_av,pass,-0.6875,5.0
constrained_ols_av,pass,-0.6875,4.0
constrained_ols_av,pass,-0.6875,2.0
constrained_ols_av,pass,-0.6875,7.0
constrained_ols_av,pass,-0.6875,1.0
constrained_ols_av,pass,-0.6875,5.0
constrained_ols_av,pass,-0.6875,0.0
constrained_ols_av,pass,-0.6875,5.0
constrained_ols_av,pass,-0.6875,4.0
constrained_ols_av,pass,-0.6875,3.0
constrained_ols_av,pass,-0.6875,5.0
constrained_ols_av,pass,-0.6875,4.0
constrained_ols_av,pass,-0.6875,6.0
constrained_ols_av,pass,-0.6875,0.0
constrained_ols_av,pass,-0.6875,0.0
constrained_ols_av,pass,-0.6875,2.0
constrained_ols_av,pass,-0.6875,2.0
constrained_ols_av,pass,-0.6875,4.0
constrained_ols_av,pass,-0.6875,3.0
constrained_ols_av,pass,-0.6875,5.0
constrained_ols_av,pass,-0.6875,4.0
constrained_ols_av,pass,-0.6875,0.0
constrained_ols_av,pass,-0.6875,0.0
constrained_ols_av,pass,-0.6875,6.0
constrained_ols_av,pass,-0.6875,3.0
constrained_ols_av,pass,-0.6875,3.0
constrained_ols_av,pass,-0.6875,1.0
constrained_ols_av,pass,-0.6875,6.0
constrained_ols_av,pass,-0.6875,10.0
constrained_ols_av,pass,-0.6875,7.0
constrained_ols_av,pass,-0.6875,7.0
constrained_ols_av,pass,-0.6875,0.0
constrained_ols_av,pass,-0.6875,10.0
constrained_ols_av,pass,-0.6875,0.0
constrained_ols_av,pass,-0.6875,3.0
constrained_ols_av,pass,-0.6875,0.0
constrained_ols_av,pass,-0.6875,0.0
constrained_ols_av,pass,-0.6875,0.0
constrained_ols_av,pass,-0.6875,5.0
constrained_ols_av,pass,-0.6875,0.0
constrained_ols_av,pass,-0.6875,4.0
constrained_ols_av,pass,-0.6875,1.0
constrained_ols_av,pass,-0.6875,0.0
constrained_ols_av,pass,-0.6875,6.0
constrained_ols_av,pass,-0.6875,0.0
constrained_ols_av,pass,-0.6875,8.0
constrained_ols_av,pass,-0.6875,2.0
constrained_ols_av,pass,-0.6875,2.0
constrained_ols_av,pass,-0.6875,4.0
constrained_ols_av,pass,-0.6875,0.0
constrained_ols_av,pass,-0.6875,3.0
constrained_ols_av,pass,-0.6875,0.0
constrained_ols_av,pass,-0.6875,3.0
constrained_ols_av,pass,-0.6875,7.0
constrained_ols_av,pass,-0.6875,6.0
constrained_ols_av,pass,-0.6875,0.0
constrained_ols_av,pass,-0.6875,6.0
constrained_ols_av,pass,-0.6875,7.0
constrained_ols_av,pass,-0.6875,7.0
constrained_ols_av,pass,-0.6875,0.0
constrained_ols_av,pass,-0.6875,0.0
constrained_ols_av,pass,-0.6875,0.0
constrained_ols_av,pass,-0.6875,2.0
constrained_ols_av,pass,-0.6875,0.0
constrained_ols_av,pass,-0.6875,0.0
constrained_ols_av,pass,-0.6875,6.0
constrained_ols_av,pass,-0.6875,0.0
constrained_ols_av,pass,-0.6875,2.0
constrained_ols_av,pass,-0.6875,3.0
constrained_ols_av,pass,-0.6875,0.0
constrained_ols_av,pass,-0.6875,7.0
constrained_ols_av,pass,-0.6875,0.0
constrained_ols_av,pass,-0.6875,0.0
constrained_ols_av,pass,-0.6875,7.0
constrained_ols_av,pass,-0.6875,4.0
constrained_ols_av,pass,-0.6875,0.0
constrained_ols_av,pass,-0.6875,5.0
constrained_ols_av,pass,-0.6875,1.0
constrained_ols_av,pass,-0.6875,0.0
constrained_ols_av,pass,-0.6875,0.0
constrained_ols_av,pass,-0.6875,0.0
constrained_ols_av,pass,-0.6875,3.0
constrained_ols_av,pass,-0.6875,3.0
constrained_ols_av,pass,-0.6875,4.0
constrained_ols_av,pass,-0.6875,4.0
constrained_ols_av,pass,-0.6875,3.0
constrained_ols_av,pass,-0.6875,7.0
constrained_ols_av,pass,-0.6875,9.0
constrained_ols_av,pass,-0.6875,4.0
constrained_ols_av,pass,-0.6875,6.0
constrained_ols_av,pass,-0.6875,2.0
constrained_ols_av,pass,-0.6875,9.0
constrained_ols_av,pass,-0.6875,7.0
constrained_ols_av,pass,-0.6875,4.0
constrained_ols_av,pass,-0.6875,4.0
constrained_ols_av,pass,-0.6875,0.0
constrained_ols_av,pass,-0.6875,3.0
constrained_ols_av,pass,-0.6875,4.0
constrained_ols_av,pass,-0.6875,8.0
constrained_ols_av,pass,-0.6875,0.0
constrained_ols_av,pass,-0.6875,4.0
constrained_ols_av,pass,-0.6875,3.0
constrained_ols_av,pass,-0.6875,0.0
constrained_ols_av,pass,-0.6875,0.0
constrained_ols_av,pass,-0.6875,0.0
constrained_ols_av,pass,-0.6875,5.0
constrained_ols_av,pass,-0.6875,3.0
constrained_ols_av,pass,-0.6875,3.0
constrained_ols_av,pass,-0.6875,8.0
constrained_ols_av,pass,-0.6875,2.0
constrained_ols_av,pass,-0.6875,4.0
constrained_ols_av,pass,-0.6875,0.0
constrained_ols_av,pass,-0.6875,4.0
constrained_ols_av,pass,-0.6875,3.0
constrained_ols_av,pass,-0.6875,6.0
constrained_ols_av,pass,-0.6875,0.0
constrained_ols_av,pass,-0.6875,3.0
constrained_ols_av,pass,-0.6875,3.0
constrained_ols_av,pass,-0.6875,0.0
constrained_ols_av,pass,-0.6875,5.0
constrained_ols_av,pass,-0.6875,6.0
constrained_ols_av,pass,-0.6875,2.0
constrained_ols_av,pass,-0.6875,7.0
constrained_ols_av,pass,-0.6875,1.0
constrained_ols_av,pass,-0.6875,6.0
constrained_ols_av,pass,-0.6875,0.0
constrained_ols_av,pass,-0.6875,4.0
constrained_ols_av,pass,-0.6875,2.0
constrained_ols_av,pass,-0.6875,0.0
constrained_ols_av,pass,-0.6875,3.0
constrained_ols_av,pass,-0.6875,3.0
constrained_ols_av,pass,-0.6875,7.0
constrained_ols_av,pass,-0.6875,1.0
constrained_ols_av,pass,-0.6875,3.0
constrained_ols_av,pass,-0.6875,5.0
constrained_ols_av,pass,-0.6875,2.0
constrained_ols_av,pass,-0.6875,7.0
constrained_ols_av,pass,-0.6875,0.0
constrained_ols_av,pass,-0.6875,5.0
constrained_ols_av,pass,-0.6875,2.0
constrained_ols_av,pass,-0.6875,2.0
constrained_ols_av,pass,-0.6875,4.0
constrained_ols_av,pass,-0.6875,0.0
constrained_ols_av,pass,-0.6875,6.0
constrained_ols_av,pass,-0.6875,0.0
constrained_ols_av,pass,-0.6875,6.0
constrained_ols_av,pass,-0.6875,0.0
constrained_ols_av,pass,-0.6875,3.0
constrained_ols_av,pass,-0.6875,3.0
constrained_ols_av,pass,-0.6875,0.0
constrained_ols_av,pass,-0.6875,0.0
constrained_ols_av,pass,-0.6875,8.0
constrained_ols_av,pass,-0.6875,0.0
constrained_ols_av,pass,-0.6875,5.0
constrained_ols_av,pass,-0.6875,3.0
constrained_ols_av,pass,-0.6875,6.0
constrained_ols_av,pass,-0.6875,4.0
constrained_ols_av,pass,-0.6875,0.0
constrained_ols_av,pass,-0.6875,7.0
constrained_ols_av,pass,-0.6875,3.0
constrained_ols_av,pass,-0.6875,0.0
constrained_ols_av,pass,-0.6875,3.0
constrained_ols_av,pass,-0.6875,2.0
constrained_ols_av,pass,-0.6875,2.0
constrained_ols_av,pass,-0.6875,0.0
constrained_ols_av,pass,-0.6875,3.0
constrained_ols_av,pass,-0.6875,0.0
constrained_ols_av,pass,-0.6875,9.0
constrained_ols_av,pass,-0.6875,3.0
constrained_ols_av,pass,-0.6875,0.0
constrained_ols_av,pass,-0.6875,0.0
constrained_ols_av,pass,-0.6875,3.0
constrained_ols_av,pass,-0.6875,2.0
constrained_ols_av,pass,-0.6875,8.0
constrained_ols_av,pass,-0.6875,0.0
constrained_ols_av,pass,-0.6875,5.0
constrained_ols_av,pass,-0.6875,4.0
constrained_ols_av,pass,-0.6875,5.0
constrained_ols_av,pass,-0.6875,6.0
constrained_ols_av,pass,-0.6875,2.0
constrained_ols_av,pass,-0.6875,0.0
constrained_ols_av,pass,-0.6875,2.0
constrained_ols_av,pass,-0.6875,0.0
constrained_ols_av,pass,-0.6875,4.0
constrained_ols_av,pass,-0.6875,6.0
constrained_ols_av,pass,-0.6875,7.0
constrained_ols_av,pass,-0.6875,6.0
constrained_ols_av,pass,-0.6875,0.0
constrained_ols_av,pass,-0.6875,4.0
constrained_ols_av,pass,-0.6875,6.0
constrained_ols_av,pass,-0.6875,0.0
constrained_ols_av,pass,-0.6875,0.0
constrained_ols_av,pass,-0.6875,9.0
constrained_ols_av,pass,-0.6875,4.0
constrained_ols_av,pass,-0.6875,5.0
constrained_ols_av,pass,-0.6875,0.0
constrained_ols_av,pass,-0.6875,0.0
constrained_ols_av,pass,-0.6875,0.0
constrained_ols_av,pass,-0.6875,3.0
constrained_ols_av,pass,-0.6875,4.0
constrained_ols_av,pass,-0.6875,4.0
constrained_ols_av,pass,-0.6875,0.0
constrained_ols_av,pass,-0.6875,0.0
constrained_ols_av,pass,-0.6875,6.0
constrained_ols_av,pass,-0.6875,9.0
constrained_ols_av,pass,-0.6875,3.0
constrained_ols_av,pass,-0.6875,4.0
constrained_ols_av,pass,-0.6875,3.0
constrained_ols_av,pass,-0.6875,3.0
constrained_ols_av,pass,-0.6875,0.0
constrained_ols_av,pass,-0.6875,3.0
constrained_ols_av,pass,-0.6875,10.0
constrained_ols_av,pass,-0.6875,5.0
constrained_ols_av,pass,-0.6875,7.0
constrained_ols_av,pass,-0.6875,0.0
constrained_ols_av,pass,-0.6875,3.0
constrained_ols_av,pass,-0.6875,0.0
constrained_ols_av,pass,-0.6875,0.0
constrained_ols_av,pass,-0.6875,0.0
constrained_ols_av,pass,-0.6875,3.0
constrained_ols_av,pass,-0.6875,6.0
constrained_ols_av,pass,-0.6875,5.0
constrained_ols_av,pass,-0.6875,5.0
constrained_ols_av,pass,-0.6875,0.0
constrained_ols_av,pass,-0.6875,0.0
constrained_ols_av,pass,-0.6875,3.0
constrained_ols_av,pass,-0.6875,0.0
constrained_ols_av,pass,-0.6875,8.0
constrained_ols_av,pass,-0.6875,3.0
constrained_ols_av,pass,-0.6875,5.0
constrained_ols_av,pass,-0.6875,5.0
constrained_ols_av,pass,-0.6875,5.0
constrained_ols_av,pass,-0.6875,8.0
constrained_ols_av,pass,-0.6875,9.0
constrained_ols_av,pass,-0.6875,2.0
constrained_ols_av,pass,-0.6875,1.0
constrained_ols_av,pass,-0.6875,4.0
constrained_ols_av,pass,-0.6875,2.0
constrained_ols_av,pass,-0.6875,0.0
constrained_ols_av,pass,-0.6875,0.0
constrained_ols_av,pass,-0.6875,6.0
constrained_ols_av,pass,-0.6875,7.0
constrained_ols_av,pass,-0.6875,0.0
constrained_ols_av,pass,-0.6875,5.0
constrained_ols_av,pass,-0.6875,2.0
constrained_ols_av,pass,-0.6875,4.0
constrained_ols_av,pass,-0.6875,0.0
constrained_ols_av,pass,-0.6875,10.0
constrained_ols_av,pass,-0.6875,5.0
constrained_ols_av,pass,-0.6875,1.0
constrained_ols_av,pass,-0.6875,3.0
constrained_ols_av,pass,-0.6875,0.0
constrained_ols_av,pass,-0.6875,3.0
constrained_ols_av,pass,-0.6875,6.0
constrained_ols_av,pass,-0.6875,0.0
constrained_ols_av,pass,-0.6875,0.0
constrained_ols_av,pass,-0.6875,4.0
constrained_ols_av,pass,-0.6875,0.0
constrained_ols_av,pass,-0.6875,3.0
constrained_ols_av,pass,-0.6875,2.0
constrained_ols_av,pass,-0.6875,0.0
constrained_ols_av,pass,-0.6875,3.0
constrained_ols_av,pass,-0.6875,0.0
constrained_ols_av,pass,-0.6875,2.0
constrained_ols_av,pass,-0.6875,3.0
constrained_ols_av,pass,-0.6875,0.0
constrained_ols_av,pass,-0.6875,2.0
constrained_ols_av,pass,-0.6875,3.0
constrained_ols_av,pass,-0.6875,4.0
constrained_ols_av,pass,-0.6875,3.0
constrained_ols_av,pass,-0.6875,5.0
constrained_ols_av,pass,-0.6875,0.0
constrained_ols_av,pass,-0.6875,2.0
constrained_ols_av,pass,-0.6875,0.0
constrained_ols_av,pass,-0.6875,1.0
constrained_ols_av,pass,-0.6875,3.0
constrained_ols_av,pass,-0.6875,8.0
constrained_ols_av,pass,-0.6875,6.0
constrained_ols_av,pass,-0.6875,0.0
constrained_ols_av,pass,-0.6875,2.0
constrained_ols_av,pass,-0.6875,7.0
constrained_ols_av,pass,-0.6875,5.0
constrained_ols_av,pass,-0.6875,8.0
constrained_ols_av,pass,-0.6875,3.0
constrained_ols_av,pass,-0.6875,2.0
constrained_ols_av,pass,-0.6875,7.0
constrained_ols_av,pass,-0.6875,4.0
constrained_ols_av,pass,-0.6875,6.0
constrained_ols_av,pass,-0.6875,9.0
constrained_ols_av,pass,-0.6875,4.0
constrained_ols_av,pass,-0.6875,3.0
constrained_ols_av,pass,-0.6875,5.0
constrained_ols_av,pass,-0.6875,0.0
constrained_ols_av,pass,-0.6875,4.0
constrained_ols_av,pass,-0.6875,0.0
constrained_ols_av,pass,-0.6875,0.0
constrained_ols_av,pass,-0.6875,2.0
constrained_ols_av,pass,-0.6875,2.0
constrained_ols_av,pass,-0.6875,0.0
constrained_ols_av,pass,-0.6875,0.0
constrained_ols_av,pass,-0.6875,0.0
constrained_ols_av,pass,-0.6875,4.0
constrained_ols_av,pass,-0.6875,0.0
constrained_ols_av,pass,-0.6875,7.0
constrained_ols_av,pass,-0.6875,7.0
constrained_ols_av,pass,-0.6875,0.0
constrained_ols_av,pass,-0.6875,0.0
constrained_ols_av,pass,-0.6875,5.0
constrained_ols_av,pass,-0.6875,3.0
constrained_ols_av,pass,-0.6875,0.0
constrained_ols_av,pass,-0.6875,7.0
constrained_ols_av,pass,-0.6875,2.0
constrained_ols_av,pass,-0.6875,3.0
constrained_ols_av,pass,-0.6875,5.0
constrained_ols_av,pass,-0.6875,0.0
constrained_ols_av,pass,-0.6875,9.0
constrained_ols_av,pass,-0.6875,2.0
constrained_ols_av,pass,-0.6875,3.0
constrained_ols_av,pass,-0.6875,0.0
constrained_ols_av,pass,-0.6875,7.0
constrained_ols_av,pass,-0.6875,8.0
constrained_ols_av,pass,-0.6875,0.0
constrained_ols_av,pass,-0.6875,0.0
constrained_ols_av,pass,-0.6875,0.0
constrained_ols_av,pass,-0.6875,2.0
constrained_ols_av,pass,-0.6875,4.0
constrained_ols_av,pass,-0.6875,2.0
constrained_ols_av,pass,-0.6875,0.0
constrained_ols_av,pass,-0.6875,5.0
constrained_ols_av,pass,-0.6875,7.0
constrained_ols_av,pass,-0.6875,4.0
constrained_ols_av,pass,-0.6875,10.0
constrained_ols_av,pass,-0.6875,1.0
constrained_ols_av,pass,-0.6875,2.0
constrained_ols_av,pass,-0.6875,7.0
constrained_ols_av,pass,-0.6875,7.0
constrained_ols_av,pass,-0.6875,0.0
constrained_ols_av,pass,-0.6875,4.0
constrained_ols_av,pass,-0.6875,7.0
constrained_ols_av,pass,-0.6875,0.0
constrained_ols_av,pass,-0.6875,0.0
constrained_ols_av,pass,-0.6875,5.0
constrained_ols_av,pass,-0.6875,1.0
constrained_ols_av,pass,-0.6875,2.0
constrained_ols_av,pass,-0.6875,7.0
constrained_ols_av,pass,-0.6875,0.0
constrained_ols_av,pass,-0.6875,4.0
constrained_ols_av,pass,-0.6875,4.0
constrained_ols_av,pass,-0.6875,0.0
constrained_ols_av,pass,-0.6875,0.0
constrained_ols_av,pass,-0.6875,4.0
constrained_ols_av,pass,-0.6875,0.0
constrained_ols_av,pass,-0.6875,5.0
constrained_ols_av,pass,-0.6875,0.0
constrained_ols_av,pass,-0.6875,2.0
constrained_ols_av,pass,-0.6875,0.0
constrained_ols_av,pass,-0.6875,3.0
constrained_ols_av,pass,-0.6875,0.0
constrained_ols_av,pass,-0.6875,2.0
constrained_ols_av,pass,-0.6875,4.0
constrained_ols_av,pass,-0.6875,4.0
constrained_ols_av,pass,-0.6875,2.0
constrained_ols_av,pass,-0.6875,4.0
constrained_ols_av,pass,-0.6875,0.0
constrained_ols_av,pass,-0.6875,5.0
constrained_ols_av,pass,-0.6875,5.0
constrained_ols_av,pass,-0.6875,5.0
constrained_ols_av,pass,-0.6875,2.0
constrained_ols_av,pass,-0.6875,1.0
constrained_ols_av,pass,-0.6875,0.0
constrained_ols_av,pass,-0.6875,5.0
constrained_ols_av,pass,-0.6875,0.0
constrained_ols_av,pass,-0.6875,3.0
constrained_ols_av,pass,-0.6875,8.0
constrained_ols_av,pass,-0.6875,3.0
constrained_ols_av,pass,-0.6875,4.0
constrained_ols_av,pass,-0.6875,4.0
constrained_ols_av,pass,-0.6875,3.0
constrained_ols_av,pass,-0.6875,7.0
constrained_ols_av,pass,-0.6875,4.0
constrained_ols_av,pass,-0.6875,5.0
constrained_ols_av,pass,-0.6875,4.0
constrained_ols_av,pass,-0.6875,3.0
constrained_ols_av,pass,-0.6875,0.0
constrained_ols_av,pass,-0.6875,3.0
constrained_ols_av,pass,-0.6875,6.0
constrained_ols_av,pass,-0.6875,1.0
constrained_ols_av,pass,-0.6875,3.0
constrained_ols_av,pass,-0.6875,5.0
constrained_ols_av,pass,-0.6875,0.0
constrained_ols_av,pass,-0.6875,0.0
constrained_ols_av,pass,-0.6875,3.0
constrained_ols_av,pass,-0.6875,0.0
constrained_ols_av,pass,-0.6875,2.0
constrained_ols_av,pass,-0.6875,9.0
constrained_ols_av,pass,-0.6875,0.0
constrained_ols_av,pass,-0.6875,8.0
constrained_ols_av,pass,-0.6875,0.0
constrained_ols_av,pass,-0.6875,2.0
constrained_ols_av,pass,-0.6875,0.0
constrained_ols_av,pass,-0.6875,0.0
constrained_ols_av,pass,-0.6875,6.0
constrained_ols_av,pass,-0.6875,0.0
constrained_ols_av,pass,-0.6875,0.0
constrained_ols_av,pass,-0.6875,4.0
constrained_ols_av,pass,-0.6875,0.0
constrained_ols_av,pass,-0.6875,0.0
constrained_ols_av,pass,-0.6875,6.0
constrained_ols_av,pass,-0.6875,8.0
constrained_ols_av,pass,-0.6875,0.0
constrained_ols_av,pass,-0.6875,5.0
constrained_ols_av,pass,-0.6875,0.0
constrained_ols_av,pass,-0.6875,4.0
constrained_ols_av,pass,-0.6875,0.0
constrained_ols_av,pass,-0.6875,6.0
constrained_ols_av,pass,-0.6875,4.0
constrained_ols_av,pass,-0.6875,0.0
constrained_ols_av,pass,-0.6875,9.0
constrained_ols_av,pass,-0.6875,4.0
constrained_ols_av,pass,-0.6875,4.0
constrained_ols_av,pass,-0.6875,0.0
constrained_ols_av,pass,-0.6875,6.0
constrained_ols_av,pass,-0.6875,0.0
constrained_ols_av,pass,-0.6875,6.0
constrained_ols_av,pass,-0.6875,6.0
constrained_ols_av,pass,-0.6875,3.0
constrained_ols_av,pass,-0.6875,0.0
constrained_ols_av,pass,-0.6875,2.0
constrained_ols_av,pass,-0.6875,3.0
constrained_ols_av,pass,-0.6875,6.0
constrained_ols_av,pass,-0.6875,6.0
constrained_ols_av,pass,-0.6875,2.0
constrained_ols_av,pass,-0.6875,4.0
constrained_ols_av,pass,-0.6875,4.0
constrained_ols_av,pass,-0.6875,8.0
constrained_ols_av,pass,-0.6875,1.0
constrained_ols_av,pass,-0.6875,2.0
constrained_ols_av,pass,-0.6875,2.0
constrained_ols_av,pass,-0.6875,0.0
constrained_ols_av,pass,-0.6875,4.0
constrained_ols_av,pass,-0.6875,4.0
constrained_ols_av,pass,-0.6875,1.0
constrained_ols_av,pass,-0.6875,7.0
constrained_ols_av,pass,-0.6875,5.0
constrained_ols_av,pass,-0.6875,5.0
constrained_ols_av,pass,-0.6875,4.0
constrained_ols_av,pass,-0.6875,4.0
constrained_ols_av,pass,-0.6875,5.0
constrained_ols_av,pass,-0.6875,6.0
constrained_ols_av,pass,-0.6875,8.0
constrained_ols_av,pass,-0.6875,6.0
constrained_ols_av,pass,-0.6875,0.0
constrained_ols_av,pass,-0.6875,2.0
constrained_ols_av,pass,-0.6875,6.0
constrained_ols_av,pass,-0.6875,0.0
constrained_ols_av,pass,-0.6875,0.0
constrained_ols_av,pass,-0.6875,4.0
constrained_ols_av,pass,-0.6875,3.0
constrained_ols_av,pass,-0.6875,7.0
constrained_ols_av,pass,-0.6875,3.0
constrained_ols_av,pass,-0.6875,0.0
constrained_ols_av,pass,-0.6875,7.0
constrained_ols_av,pass,-0.6875,5.0
constrained_ols_av,pass,-0.6875,1.0
constrained_ols_av,pass,-0.6875,0.0
constrained_ols_av,pass,-0.6875,7.0
constrained_ols_av,pass,-0.6875,0.0
constrained_ols_av,pass,-0.6875,3.0
constrained_ols_av,pass,-0.6875,5.0
constrained_ols_av,pass,-0.6875,4.0
constrained_ols_av,pass,-0.6875,0.0
constrained_ols_av,pass,-0.6875,0.0
constrained_ols_av,pass,-0.6875,4.0
constrained_ols_av,pass,-0.6875,0.0
constrained_ols_av,pass,-0.6875,0.0
constrained_ols_av,pass,-0.6875,6.0
constrained_ols_av,pass,-0.6875,2.0
constrained_ols_av,pass,-0.6875,5.0
constrained_ols_av,pass,-0.6875,0.0
constrained_ols_av,pass,-0.6875,4.0
constrained_ols_av,pass,-0.6875,4.0
constrained_ols_av,pass,-0.6875,0.0
constrained_ols_av,pass,-0.6875,1.0
constrained_ols_av,pass,-0.6875,0.0
constrained_ols_av,pass,-0.6875,3.0
constrained_ols_av,pass,-0.6875,4.0
constrained_ols_av,pass,-0.6875,7.0
constrained_ols_av,pass,-0.6875,4.0
constrained_ols_av,pass,-0.6875,4.0
constrained_ols_av,pass,-0.6875,9.0
constrained_ols_av,pass,-0.6875,6.0
constrained_ols_av,pass,-0.6875,5.0
constrained_ols_av,pass,-0.6875,3.0
constrained_ols_av,pass,-0.6875,9.0
constrained_ols_av,pass,-0.6875,2.0
constrained_ols_av,pass,-0.6875,5.0
constrained_ols_av,pass,-0.6875,7.0
constrained_ols_av,pass,-0.6875,0.0
constrained_ols_av,pass,-0.6875,0.0
constrained_ols_av,pass,-0.6875,5.0
constrained_ols_av,pass,-0.6875,0.0
constrained_ols_av,pass,-0.6875,4.0
constrained_ols_av,pass,-0.6875,8.0
constrained_ols_av,pass,-0.6875,1.0
constrained_ols_av,pass,-0.6875,4.0
constrained_ols_av,pass,-0.6875,3.0
constrained_ols_av,pass,-0.6875,0.0
constrained_ols_av,pass,-0.6875,0.0
constrained_ols_av,pass,-0.6875,7.0
constrained_ols_av,pass,-0.6875,0.0
constrained_ols_av,pass,-0.6875,0.0
constrained_ols_av,pass,-0.6875,4.0
constrained_ols_av,pass,-0.6875,4.0
constrained_ols_av,pass,-0.6875,8.0
constrained_ols_av,pass,-0.6875,9.0
constrained_ols_av,pass,-0.6875,6.0
constrained_ols_av,pass,-0.6875,8.0
constrained_ols_av,pass,-0.6875,4.0
constrained_ols_av,pass,-0.6875,6.0
constrained_ols_av,pass,-0.6875,10.0
constrained_ols_av,pass,-0.6875,0.0
constrained_ols_av,pass,-0.6875,4.0
constrained_ols_av,pass,-0.6875,3.0
constrained_ols_av,pass,-0.6875,5.0
constrained_ols_av,pass,-0.6875,3.0
constrained_ols_av,pass,-0.6875,3.0
constrained_ols_av,pass,-0.6875,2.0
constrained_ols_av,pass,-0.6875,7.0
constrained_ols_av,pass,-0.6875,2.0
constrained_ols_av,pass,-0.6875,0.0
constrained_ols_av,pass,-0.6875,3.0
constrained_ols_av,pass,-0.6875,0.0
constrained_ols_av,pass,-0.6875,0.0
constrained_ols_av,pass,-0.6875,4.0
constrained_ols_av,pass,-0.6875,8.0
constrained_ols_av,pass,-0.6875,0.0
constrained_ols_av,pass,-0.6875,3.0
constrained_ols_av,pass,-0.6875,0.0
constrained_ols_av,pass,-0.6875,5.0
constrained_ols_av,pass,-0.6875,4.0
constrained_ols_av,pass,-0.6875,1.0
constrained_ols_av,pass,-0.6875,0.0
constrained_ols_av,pass,-0.6875,2.0
constrained_ols_av,pass,-0.6875,7.0
constrained_ols_av,pass,-0.6875,4.0
constrained_ols_av,pass,-0.6875,0.0
constrained_ols_av,pass,-0.6875,0.0
constrained_ols_av,pass,-0.6875,6.0
constrained_ols_av,pass,-0.6875,4.0
constrained_ols_av,pass,-0.6875,5.0
constrained_ols_av,pass,-0.6875,8.0
constrained_ols_av,pass,-0.6875,3.0
constrained_ols_av,pass,-0.6875,4.0
constrained_ols_av,pass,-0.6875,5.0
constrained_ols_av,pass,-0.6875,3.0
constrained_ols_av,pass,-0.6875,7.0
constrained_ols_av,pass,-0.6875,1.0
constrained_ols_av,pass,-0.6875,8.0
constrained_ols_av,pass,-0.6875,3.0
constrained_ols_av,pass,-0.6875,5.0
constrained_ols_av,pass,-0.6875,3.0
constrained_ols_av,pass,-0.6875,7.0
constrained_ols_av,pass,-0.6875,8.0
constrained_ols_av,pass,-0.6875,2.0
constrained_ols_av,pass,-0.6875,4.0
constrained_ols_av,pass,-0.6875,2.0
constrained_ols_av,pass,-0.6875,8.0
constrained_ols_av,pass,-0.6875,6.0
constrained_ols_av,pass,-0.6875,0.0
constrained_ols_av,pass,-0.6875,0.0
constrained_ols_av,pass,-0.6875,7.0
constrained_ols_av,pass,-0.6875,7.0
constrained_ols_av,pass,-0.6875,3.0
constrained_ols_av,pass,-0.6875,0.0
constrained_ols_av,pass,-0.6875,9.0
constrained_ols_av,pass,-0.6875,8.0
constrained_ols_av,pass,-0.6875,3.0
constrained_ols_av,pass,-0.6875,7.0
constrained_ols_av,pass,-0.6875,6.0
constrained_ols_av,pass,-0.6875,0.0
constrained_ols_av,pass,-0.6875,5.0
constrained_ols_av,pass,-0.6875,0.0
constrained_ols_av,pass,-0.6875,0.0
constrained_ols_av,pass,-0.6875,6.0
constrained_ols_av,pass,-0.6875,1.0
constrained_ols_av,pass,-0.6875,0.0
constrained_ols_av,pass,-0.6875,4.0
constrained_ols_av,pass,-0.6875,0.0
constrained_ols_av,pass,-0.6875,8.0
constrained_ols_av,pass,-0.6875,2.0
constrained_ols_av,pass,-0.6875,4.0
constrained_ols_av,pass,-0.6875,8.0
constrained_ols_av,pass,-0.6875,4.0
constrained_ols_av,pass,-0.6875,0.0
constrained_ols_av,pass,-0.6875,0.0
constrained_ols_av,pass,-0.6875,7.0
constrained_ols_av,pass,-0.6875,10.0
constrained_ols_av,pass,-0.6875,4.0
constrained_ols_av,pass,-0.6875,5.0
constrained_ols_av,pass,-0.6875,4.0
constrained_ols_av,pass,-0.6875,5.0
constrained_ols_av,pass,-0.6875,1.0
constrained_ols_av,pass,-0.6875,1.0
constrained_ols_av,pass,-0.6875,0.0
constrained_ols_av,pass,-0.6875,0.0
constrained_ols_av,pass,-0.6875,5.0
constrained_ols_av,pass,-0.6875,5.0
constrained_ols_av,pass,-0.6875,9.0
constrained_ols_av,pass,-0.6875,3.0
constrained_ols_av,pass,-0.6875,6.0
constrained_ols_av,pass,-0.6875,0.0
constrained_ols_av,pass,-0.6875,7.0
constrained_ols_av,pass,-0.6875,6.0
constrained_ols_av,pass,-0.6875,2.0
constrained_ols_av,pass,-0.6875,3.0
constrained_ols_av,pass,-0.6875,2.0
constrained_ols_av,pass,-0.6875,3.0
constrained_ols_av,pass,-0.6875,0.0
constrained_ols_av,pass,-0.6875,0.0
constrained_ols_av,pass,-0.6875,0.0
constrained_ols_av,pass,-0.6875,0.0
constrained_ols_av,pass,-0.6875,9.0
constrained_ols_av,pass,-0.6875,3.0
constrained_ols_av,pass,-0.6875,0.0
constrained_ols_av,pass,-0.6875,5.0
constrained_ols_av,pass,-0.6875,0.0
constrained_ols_av,pass,-0.6875,0.0
constrained_ols_av,pass,-0.6875,0.0
constrained_ols_av,pass,-0.6875,2.0
constrained_ols_av,pass,-0.6875,0.0
constrained_ols_av,pass,-0.6875,5.0
constrained_ols_av,pass,-0.6875,3.0
constrained_ols_av,pass,-0.6875,4.0
constrained_ols_av,pass,-0.6875,0.0
constrained_ols_av,pass,-0.6875,4.0
constrained_ols_av,pass,-0.6875,3.0
constrained_ols_av,pass,-0.6875,0.0
constrained_ols_av,pass,-0.6875,3.0
constrained_ols_av,pass,-0.6875,3.0
constrained_ols_av,pass,-0.6875,3.0
constrained_ols_av,pass,-0.6875,0.0
constrained_ols_av,pass,-0.6875,4.0
constrained_ols_av,pass,-0.6875,2.0
constrained_ols_av,pass,-0.6875,8.0
constrained_ols_av,pass,-0.6875,4.0
constrained_ols_av,pass,-0.6875,4.0
constrained_ols_av,pass,-0.6875,4.0
constrained_ols_av,pass,-0.6875,1.0
constrained_ols_av,pass,-0.6875,2.0
constrained_ols_av,pass,-0.6875,2.0
constrained_ols_av,pass,-0.6875,0.0
constrained_ols_av,pass,-0.6875,3.0
constrained_ols_av,pass,-0.6875,4.0
constrained_ols_av,pass,-0.6875,3.0
constrained_ols_av,pass,-0.6875,5.0
constrained_ols_av,pass,-0.6875,2.0
constrained_ols_av,pass,-0.6875,4.0
constrained_ols_av,pass,-0.6875,2.0
constrained_ols_av,pass,-0.6875,3.0
constrained_ols_av,pass,-0.6875,4.0
constrained_ols_av,pass,-0.6875,3.0
constrained_ols_av,pass,-0.6875,0.0
constrained_ols_av,pass,-0.6875,1.0
constrained_ols_av,pass,-0.6875,0.0
constrained_ols_av,pass,-0.6875,9.0
constrained_ols_av,pass,-0.6875,0.0
constrained_ols_av,pass,-0.6875,0.0
constrained_ols_av,pass,-0.6875,3.0
constrained_ols_av,pass,-0.6875,4.0
constrained_ols_av,pass,-0.6875,2.0
constrained_ols_av,pass,-0.6875,3.0
constrained_ols_av,pass,-0.6875,0.0
constrained_ols_av,pass,-0.6875,6.0
constrained_ols_av,pass,-0.6875,4.0
constrained_ols_av,pass,-0.6875,7.0
constrained_ols_av,pass,-0.6875,4.0
constrained_ols_av,pass,-0.6875,5.0
constrained_ols_av,pass,-0.6875,2.0
constrained_ols_av,pass,-0.6875,4.0
constrained_ols_av,pass,-0.6875,6.0
constrained_ols_av,pass,-0.6875,3.0
constrained_ols_av,pass,-0.6875,7.0
constrained_ols_av,pass,-0.6875,6.0
constrained_ols_av,pass,-0.6875,0.0
constrained_ols_av,pass,-0.6875,0.0
constrained_ols_av,pass,-0.6875,5.0
constrained_ols_av,pass,-0.6875,4.0
constrained_ols_av,pass,-0.6875,3.0
constrained_ols_av,pass,-0.6875,3.0
constrained_ols_av,pass,-0.6875,2.0
constrained_ols_av,pass,-0.6875,0.0
constrained_ols_av,pass,-0.6875,2.0
constrained_ols_av,pass,-0.6875,0.0
constrained_ols_av,pass,-0.6875,0.0
constrained_ols_av,pass,-0.6875,4.0
constrained_ols_av,pass,-0.6875,4.0
constrained_ols_av,pass,-0.6875,3.0
constrained_ols_av,pass,-0.6875,0.0
constrained_ols_av,pass,-0.6875,5.0
constrained_ols_av,pass,-0.6875,2.0
constrained_ols_av,pass,-0.6875,2.0
constrained_ols_av,pass,-0.6875,0.0
constrained_ols_av,pass,-0.6875,7.0
constrained_ols_av,pass,-0.6875,0.0
constrained_ols_av,pass,-0.6875,0.0
constrained_ols_av,pass,-0.6875,4.0
constrained_ols_av,pass,-0.6875,8.0
constrained_ols_av,pass,-0.6875,6.0
constrained_ols_av,pass,-0.6875,6.0
constrained_ols_av,pass,-0.6875,2.0
constrained_ols_av,pass,-0.6875,0.0
constrained_ols_av,pass,-0.6875,0.0
constrained_ols_av,pass,-0.6875,3.0
constrained_ols_av,pass,-0.6875,2.0
constrained_ols_av,pass,-0.6875,4.0
constrained_ols_av,pass,-0.6875,5.0
constrained_ols_av,pass,-0.6875,0.0
constrained_ols_av,pass,-0.6875,0.0
constrained_ols_av,pass,-0.6875,4.0
constrained_ols_av,pass,-0.6875,3.0
constrained_ols_av,pass,-0.6875,5.0
constrained_ols_av,pass,-0.6875,3.0
constrained_ols_av,pass,-0.6875,1.0
constrained_ols_av,pass,-0.6875,0.0
constrained_ols_av,pass,-0.6875,6.0
constrained_ols_av,pass,-0.6875,0.0
constrained_ols_av,pass,-0.6875,1.0
constrained_ols_av,pass,-0.6875,6.0
constrained_ols_av,pass,-0.6875,2.0
constrained_ols_av,pass,-0.6875,0.0
constrained_ols_av,pass,-0.6875,4.0
constrained_ols_av,pass,-0.6875,7.0
constrained_ols_av,pass,-0.6875,7.0
constrained_ols_av,pass,-0.6875,2.0
constrained_ols_av,pass,-0.6875,0.0
constrained_ols_av,pass,-0.6875,4.0
constrained_ols_av,pass,-0.6875,7.0
constrained_ols_av,pass,-0.6875,0.0
constrained_ols_av,pass,-0.6875,7.0
constrained_ols_av,pass,-0.6875,3.0
constrained_ols_av,pass,-0.6875,5.0
constrained_ols_av,pass,-0.6875,3.0
constrained_ols_av,pass,-0.6875,5.0
constrained_ols_av,pass,-0.6875,3.0
constrained_ols_av,pass,-0.6875,2.0
constrained_ols_av,pass,-0.6875,4.0
constrained_ols_av,pass,-0.6875,4.0
constrained_ols_av,pass,-0.6875,0.0
constrained_ols_av,pass,-0.6875,0.0
constrained_ols_av,pass,-0.6875,6.0
constrained_ols_av,pass,-0.6875,5.0
constrained_ols_av,pass,-0.6875,3.0
constrained_ols_av,pass,-0.6875,6.0
constrained_ols_av,pass,-0.6875,0.0
constrained_ols_av,pass,-0.6875,3.0
constrained_ols_av,pass,-0.6875,6.0
constrained_ols_av,pass,-0.6875,3.0
constrained_ols_av,pass,-0.6875,0.0
constrained_ols_av,pass,-0.6875,6.0
constrained_ols_av,pass,-0.6875,0.0
constrained_ols_av,pass,-0.6875,0.0
constrained_ols_av,pass,-0.6875,8.0
constrained_ols_av,pass,-0.6875,5.0
constrained_ols_av,pass,-0.6875,0.0
constrained_ols_av,pass,-0.6875,3.0
constrained_ols_av,pass,-0.6875,8.0
constrained_ols_av,pass,-0.6875,0.0
constrained_ols_av,pass,-0.6875,7.0
constrained_ols_av,pass,-0.6875,8.0
constrained_ols_av,pass,-0.6875,8.0
constrained_ols_av,pass,-0.6875,4.0
constrained_ols_av,pass,-0.6875,3.0
constrained_ols_av,pass,-0.6875,4.0
constrained_ols_av,pass,-0.6875,0.0
constrained_ols_av,pass,-0.6875,7.0
constrained_ols_av,pass,-0.6875,4.0
constrained_ols_av,pass,-0.6875,0.0
constrained_ols_av,pass,-0.6875,4.0
constrained_ols_av,pass,-0.6875,0.0
constrained_ols_av,pass,-0.6875,0.0
constrained_ols_av,pass,-0.6875,4.0
constrained_ols_av,pass,-0.6875,6.0
constrained_ols_av,pass,-0.6875,4.0
constrained_ols_av,pass,-0.6875,0.0
constrained_ols_av,pass,-0.6875,5.0
constrained_ols_av,pass,-0.6875,2.0
constrained_ols_av,pass,-0.6875,1.0
constrained_ols_av,pass,-0.6875,4.0
constrained_ols_av,pass,-0.6875,0.0
constrained_ols_av,pass,-0.6875,0.0
constrained_ols_av,pass,-0.6875,6.0
constrained_ols_av,pass,-0.6875,0.0
constrained_ols_av,pass,-0.6875,1.0
constrained_ols_av,pass,-0.6875,3.0
constrained_ols_av,pass,-0.6875,5.0
constrained_ols_av,pass,-0.6875,0.0
constrained_ols_av,pass,-0.6875,7.0
constrained_ols_av,pass,-0.6875,3.0
constrained_ols_av,pass,-0.6875,0.0
constrained_ols_av,pass,-0.6875,5.0
constrained_ols_av,pass,-0.6875,0.0
constrained_ols_av,pass,-0.6875,4.0
constrained_ols_av,pass,-0.6875,0.0
constrained_ols_av,pass,-0.6875,0.0
constrained_ols_av,pass,-0.6875,0.0
constrained_ols_av,pass,-0.6875,0.0
constrained_ols_av,pass,-0.6875,3.0
constrained_ols_av,pass,-0.6875,5.0
constrained_ols_av,pass,-0.6875,2.0
constrained_ols_av,pass,-0.6875,8.0
constrained_ols_av,pass,-0.6875,2.0
constrained_ols_av,pass,-0.6875,6.0
constrained_ols_av,pass,-0.6875,7.0
constrained_ols_av,pass,-0.6875,7.0
constrained_ols_av,pass,-0.6875,1.0
constrained_ols_av,pass,-0.6875,3.0
constrained_ols_av,pass,-0.6875,0.0
constrained_ols_av,pass,-0.6875,4.0
constrained_ols_av,pass,-0.6875,6.0
constrained_ols_av,pass,-0.6875,0.0
constrained_ols_av,pass,-0.6875,0.0
constrained_ols_av,pass,-0.6875,3.0
constrained_ols_av,pass,-0.6875,0.0
constrained_ols_av,pass,-0.6875,4.0
constrained_ols_av,pass,-0.6875,3.0
constrained_ols_av,pass,-0.6875,8.0
constrained_ols_av,pass,-0.6875,5.0
constrained_ols_av,pass,-0.6875,5.0
constrained_ols_av,pass,-0.6875,7.0
constrained_ols_av,pass,-0.6875,8.0
constrained_ols_av,pass,-0.6875,0.0
constrained_ols_av,pass,-0.6875,2.0
constrained_ols_av,pass,-0.6875,8.0
constrained_ols_av,pass,-0.6875,7.0
constrained_ols_av,pass,-0.6875,3.0
constrained_ols_av,pass,-0.6875,2.0
constrained_ols_av,pass,-0.6875,4.0
constrained_ols_av,pass,-0.6875,9.0
constrained_ols_av,pass,-0.6875,3.0
constrained_ols_av,pass,-0.6875,2.0
constrained_ols_av,pass,-0.6875,0.0
constrained_ols_av,pass,-0.6875,7.0
constrained_ols_av,pass,-0.6875,3.0
constrained_ols_av,pass,-0.6875,0.0
constrained_ols_av,pass,-0.6875,3.0
constrained_ols_av,pass,-0.6875,6.0
constrained_ols_av,pass,-0.6875,6.0
constrained_ols_av,pass,-0.6875,4.0
constrained_ols_av,pass,-0.6875,3.0
constrained_ols_av,pass,-0.6875,2.0
constrained_ols_av,pass,-0.6875,0.0
constrained_ols_av,pass,-0.6875,3.0
constrained_ols_av,pass,-0.6875,0.0
constrained_ols_av,pass,-0.6875,8.0
constrained_ols_av,pass,-0.6875,3.0
constrained_ols_av,pass,-0.6875,0.0
constrained_ols_av,pass,-0.6875,3.0
constrained_ols_av,pass,-0.6875,4.0
constrained_ols_av,pass,-0.6875,4.0
constrained_ols_av,pass,-0.6875,4.0
constrained_ols_av,pass,-0.6875,0.0
constrained_ols_av,pass,-0.6875,0.0
constrained_ols_av,pass,-0.6875,4.0
constrained_ols_av,pass,-0.6875,0.0
constrained_ols_av,pass,-0.6875,7.0
constrained_ols_av,pass,-0.6875,2.0
constrained_ols_av,pass,-0.6875,3.0
constrained_ols_av,pass,-0.6875,8.0
constrained_ols_av,pass,-0.6875,2.0
constrained_ols_av,pass,-0.6875,7.0
constrained_ols_av,pass,-0.6875,6.0
constrained_ols_av,pass,-0.6875,0.0
constrained_ols_av,pass,-0.6875,4.0
constrained_ols_av,pass,-0.6875,6.0
constrained_ols_av,pass,-0.6875,9.0
constrained_ols_av,pass,-0.6875,2.0
constrained_ols_av,pass,-0.6875,0.0
constrained_ols_av,pass,-0.6875,3.0
constrained_ols_av,pass,-0.6875,4.0
constrained_ols_av,pass,-0.6875,4.0
constrained_ols_av,pass,-0.6875,4.0
constrained_ols_av,pass,-0.6875,5.0
constrained_ols_av,pass,-0.6875,4.0
constrained_ols_av,pass,-0.6875,0.0
constrained_ols_av,pass,-0.6875,0.0
constrained_ols_av,pass,-0.6875,3.0
constrained_ols_av,pass,-0.6875,6.0
constrained_ols_av,pass,-0.6875,7.0
constrained_ols_av,pass,-0.6875,5.0
constrained_ols_av,pass,-0.6875,3.0
constrained_ols_av,pass,-0.6875,3.0
constrained_ols_av,pass,-0.6875,7.0
constrained_ols_av,pass,-0.6875,0.0
constrained_ols_av,pass,-0.6875,4.0
constrained_ols_av,pass,-0.6875,0.0
constrained_ols_av,pass,-0.6875,6.0
constrained_ols_av,pass,-0.6875,0.0
constrained_ols_av,pass,-0.6875,7.0
constrained_ols_av,pass,-0.6875,4.0
constrained_ols_av,pass,-0.6875,7.0
constrained_ols_av,pass,-0.6875,3.0
constrained_ols_av,pass,-0.6875,2.0
constrained_ols_av,pass,-0.6875,0.0
constrained_ols_av,pass,-0.6875,0.0
constrained_ols_av,pass,-0.6875,0.0
constrained_ols_av,pass,-0.6875,4.0
constrained_ols_av,pass,-0.6875,0.0
constrained_ols_av,pass,-0.6875,9.0
constrained_ols_av,pass,-0.6875,3.0
constrained_ols_av,pass,-0.6875,0.0
constrained_ols_av,pass,-0.6875,3.0
constrained_ols_av,pass,-0.6875,8.0
constrained_ols_av,pass,-0.6875,0.0
constrained_ols_av,pass,-0.6875,0.0
constrained_ols_av,pass,-0.6875,0.0
constrained_ols_av,pass,-0.6875,0.0
constrained_ols_av,pass,-0.6875,0.0
constrained_ols_av,pass,-0.6875,0.0
constrained_ols_av,pass,-0.6875,8.0
constrained_ols_av,pass,-0.6875,8.0
constrained_ols_av,pass,-0.6875,5.0
constrained_ols_av,pass,-0.6875,0.0
constrained_ols_av,pass,-0.6875,2.0
constrained_ols_av,pass,-0.6875,4.0
constrained_ols_av,pass,-0.6875,0.0
constrained_ols_av,pass,-0.6875,0.0
constrained_ols_av,pass,-0.6875,0.0
constrained_ols_av,pass,-0.6875,2.0
constrained_ols_av,pass,-0.6875,0.0
constrained_ols_av,pass,-0.6875,2.0
constrained_ols_av,pass,-0.6875,3.0
constrained_ols_av,pass,-0.6875,0.0
constrained_ols_av,pass,-0.6875,3.0
constrained_ols_av,pass,-0.6875,8.0
constrained_ols_av,pass,-0.6875,8.0
constrained_ols_av,pass,-0.6875,0.0
constrained_ols_av,pass,-0.6875,6.0
constrained_ols_av,pass,-0.6875,4.0
constrained_ols_av,pass,-0.6875,1.0
constrained_ols_av,pass,-0.6875,0.0
constrained_ols_av,pass,-0.6875,3.0
constrained_ols_av,pass,-0.6875,6.0
constrained_ols_av,pass,-0.6875,5.0
constrained_ols_av,pass,-0.6875,2.0
constrained_ols_av,pass,-0.6875,4.0
constrained_ols_av,pass,-0.6875,7.0
constrained_ols_av,pass,-0.6875,6.0
constrained_ols_av,pass,-0.6875,3.0
constrained_ols_av,pass,-0.6875,5.0
constrained_ols_av,pass,-0.6875,5.0
constrained_ols_av,pass,-0.6875,0.0
constrained_ols_av,pass,-0.6875,4.0
constrained_ols_av,pass,-0.6875,0.0
constrained_ols_av,pass,-0.6875,0.0
constrained_ols_av,pass,-0.6875,1.0
constrained_ols_av,pass,-0.6875,0.0
constrained_ols_av,pass,-0.6875,4.0
constrained_ols_av,pass,-0.6875,6.0
constrained_ols_av,pass,-0.6875,0.0
constrained_ols_av,pass,-0.6875,5.0
constrained_ols_av,pass,-0.6875,6.0
constrained_ols_av,pass,-0.6875,0.0
constrained_ols_av,pass,-0.6875,4.0
constrained_ols_av,pass,-0.6875,5.0
constrained_ols_av,pass,-0.6875,2.0
constrained_ols_av,pass,-0.6875,6.0
constrained_ols_av,pass,-0.6875,0.0
constrained_ols_av,pass,-0.6875,2.0
constrained_ols_av,pass,-0.6875,3.0
constrained_ols_av,pass,-0.6875,6.0
constrained_ols_av,pass,-0.6875,4.0
constrained_ols_av,pass,-0.6875,0.0
constrained_ols_av,pass,-0.6875,0.0
constrained_ols_av,pass,-0.6875,0.0
constrained_ols_av,pass,-0.6875,4.0
constrained_ols_av,pass,-0.6875,2.0
constrained_ols_av,pass,-0.6875,0.0
constrained_ols_av,pass,-0.6875,2.0
constrained_ols_av,pass,-0.6875,4.0
constrained_ols_av,pass,-0.6875,0.0
constrained_ols_av,pass,-0.6875,0.0
constrained_ols_av,pass,-0.6875,0.0
constrained_ols_av,pass,-0.6875,4.0
constrained_ols_av,pass,-0.6875,0.0
constrained_ols_av,pass,-0.6875,0.0
constrained_ols_av,pass,-0.6875,7.0
constrained_ols_av,pass,-0.6875,8.0
constrained_ols_av,pass,-0.6875,2.0
constrained_ols_av,pass,-0.6875,3.0
constrained_ols_av,pass,-0.6875,0.0
constrained_ols_av,pass,-0.6875,4.0
constrained_ols_av,pass,-0.6875,4.0
constrained_ols_av,pass,-0.6875,4.0
constrained_ols_av,pass,-0.6875,2.0
constrained_ols_av,pass,-0.6875,0.0
constrained_ols_av,pass,-0.6875,2.0
constrained_ols_av,pass,-0.6875,2.0
constrained_ols_av,pass,-0.6875,3.0
constrained_ols_av,pass,-0.6875,9.0
constrained_ols_av,pass,-0.6875,3.0
constrained_ols_av,pass,-0.6875,6.0
constrained_ols_av,pass,-0.6875,0.0
constrained_ols_av,pass,-0.6875,0.0
constrained_ols_av,pass,-0.6875,0.0
constrained_ols_av,pass,-0.6875,0.0
constrained_ols_av,pass,-0.6875,5.0
constrained_ols_av,pass,-0.6875,0.0
constrained_ols_av,pass,-0.6875,7.0
constrained_ols_av,pass,-0.6875,4.0
constrained_ols_av,pass,-0.6875,4.0
constrained_ols_av,pass,-0.6875,4.0
constrained_ols_av,pass,-0.6875,6.0
constrained_ols_av,pass,-0.6875,0.0
constrained_ols_av,pass,-0.6875,4.0
constrained_ols_av,pass,-0.6875,1.0
constrained_ols_av,pass,-0.6875,6.0
constrained_ols_av,pass,-0.6875,4.0
constrained_ols_av,pass,-0.6875,4.0
constrained_ols_av,pass,-0.6875,5.0
constrained_ols_av,pass,-0.6875,3.0
constrained_ols_av,pass,-0.6875,5.0
constrained_ols_av,pass,-0.6875,0.0
constrained_ols_av,pass,-0.6875,6.0
constrained_ols_av,pass,-0.6875,0.0
constrained_ols_av,pass,-0.6875,4.0
constrained_ols_av,pass,-0.6875,0.0
constrained_ols_av,pass,-0.6875,0.0
constrained_ols_av,pass,-0.6875,0.0
constrained_ols_av,pass,-0.6875,5.0
constrained_ols_av,pass,-0.6875,3.0
constrained_ols_av,pass,-0.6875,5.0
constrained_ols_av,pass,-0.6875,9.0
constrained_ols_av,pass,-0.6875,8.0
constrained_ols_av,pass,-0.6875,0.0
constrained_ols_av,pass,-0.6875,7.0
constrained_ols_av,pass,-0.6875,7.0
constrained_ols_av,pass,-0.6875,8.0
constrained_ols_av,pass,-0.6875,6.0
constrained_ols_av,pass,-0.6875,0.0
constrained_ols_av,pass,-0.6875,2.0
constrained_ols_av,pass,-0.6875,2.0
constrained_ols_av,pass,-0.6875,4.0
constrained_ols_av,pass,-0.6875,4.0
constrained_ols_av,pass,-0.6875,8.0
constrained_ols_av,pass,-0.6875,6.0
constrained_ols_av,pass,-0.6875,4.0
constrained_ols_av,pass,-0.6875,0.0
constrained_ols_av,pass,-0.6875,2.0
constrained_ols_av,pass,-0.6875,5.0
constrained_ols_av,pass,-0.6875,0.0
constrained_ols_av,pass,-0.6875,4.0
constrained_ols_av,pass,-0.6875,0.0
constrained_ols_av,pass,-0.6875,2.0
constrained_ols_av,pass,-0.6875,5.0
constrained_ols_av,pass,-0.6875,4.0
constrained_ols_av,pass,-0.6875,4.0
constrained_ols_av,pass,-0.6875,5.0
constrained_ols_av,pass,-0.6875,0.0
constrained_ols_av,pass,-0.6875,2.0
constrained_ols_av,pass,-0.6875,6.0
constrained_ols_av,pass,-0.6875,3.0
constrained_ols_av,pass,-0.6875,3.0
constrained_ols_av,pass,-0.6875,7.0
constrained_ols_av,pass,-0.6875,0.0
constrained_ols_av,pass,-0.6875,0.0
constrained_ols_av,pass,-0.6875,3.0
constrained_ols_av,pass,-0.6875,0.0
constrained_ols_av,pass,-0.6875,0.0
constrained_ols_av,pass,-0.6875,6.0
constrained_ols_av,pass,-0.6875,9.0
constrained_ols_av,pass,-0.6875,2.0
constrained_ols_av,pass,-0.6875,0.0
constrained_ols_av,pass,-0.6875,8.0
constrained_ols_av,pass,-0.6875,3.0
constrained_ols_av,pass,-0.6875,0.0
constrained_ols_av,pass,-0.6875,4.0
constrained_ols_av,pass,-0.6875,0.0
constrained_ols_av,pass,-0.6875,0.0
constrained_ols_av,pass,-0.6875,4.0
constrained_ols_av,pass,-0.6875,8.0
constrained_ols_av,pass,-0.6875,1.0
constrained_ols_av,pass,-0.6875,2.0
constrained_ols_av,pass,-0.6875,6.0
constrained_ols_av,pass,-0.6875,5.0
constrained_ols_av,pass,-0.6875,4.0
constrained_ols_av,pass,-0.6875,0.0
constrained_ols_av,pass,-0.6875,0.0
constrained_ols_av,pass,-0.6875,0.0
constrained_ols_av,pass,-0.6875,4.0
constrained_ols_av,pass,-0.6875,0.0
constrained_ols_av,pass,-0.6875,0.0
constrained_ols_av,pass,-0.6875,0.0
constrained_ols_av,pass,-0.6875,3.0
constrained_ols_av,pass,-0.6875,2.0
constrained_ols_av,pass,-0.6875,4.0
constrained_ols_av,pass,-0.6875,2.0
constrained_ols_av,pass,-0.6875,1.0
constrained_ols_av,pass,-0.6875,4.0
constrained_ols_av,pass,-0.6875,0.0
constrained_ols_av,pass,-0.6875,0.0
constrained_ols_av,pass,-0.6875,7.0
constrained_ols_av,pass,-0.6875,4.0
constrained_ols_av,pass,-0.6875,0.0
constrained_ols_av,pass,-0.6875,3.0
constrained_ols_av,pass,-0.6875,0.0
constrained_ols_av,pass,-0.6875,0.0
constrained_ols_av,pass,-0.6875,5.0
constrained_ols_av,pass,-0.6875,1.0
constrained_ols_av,pass,-0.6875,4.0
constrained_ols_av,pass,-0.6875,4.0
constrained_ols_av,pass,-0.6875,1.0
constrained_ols_av,pass,-0.6875,2.0
constrained_ols_av,pass,-0.6875,9.0
constrained_ols_av,pass,-0.6875,5.0
constrained_ols_av,pass,-0.6875,6.0
constrained_ols_av,pass,-0.6875,4.0
constrained_ols_av,pass,-0.6875,3.0
constrained_ols_av,pass,-0.6875,3.0
constrained_ols_av,pass,-0.6875,3.0
constrained_ols_av,pass,-0.6875,0.0
constrained_ols_av,pass,-0.6875,7.0
constrained_ols_av,pass,-0.6875,0.0
constrained_ols_av,pass,-0.6875,6.0
constrained_ols_av,pass,-0.6875,2.0
constrained_ols_av,pass,-0.6875,6.0
constrained_ols_av,pass,-0.6875,5.0
constrained_ols_av,pass,-0.6875,0.0
constrained_ols_av,pass,-0.6875,5.0
constrained_ols_av,pass,-0.6875,3.0
constrained_ols_av,pass,-0.6875,3.0
constrained_ols_av,pass,-0.6875,4.0
constrained_ols_av,pass,-0.6875,4.0
constrained_ols_av,pass,-0.6875,4.0
constrained_ols_av,pass,-0.6875,7.0
constrained_ols_av,pass,-0.6875,6.0
constrained_ols_av,pass,-0.6875,3.0
constrained_ols_av,pass,-0.6875,0.0
constrained_ols_av,pass,-0.6875,7.0
constrained_ols_av,pass,-0.6875,0.0
constrained_ols_av,pass,-0.6875,4.0
constrained_ols_av,pass,-0.6875,0.0
constrained_ols_av,pass,-0.6875,2.0
constrained_ols_av,pass,-0.6875,8.0
constrained_ols_av,pass,-0.6875,4.0
constrained_ols_av,pass,-0.6875,5.0
constrained_ols_av,pass,-0.6875,2.0
constrained_ols_av,pass,-0.6875,2.0
constrained_ols_av,pass,-0.6875,0.0
constrained_ols_av,pass,-0.6875,2.0
constrained_ols_av,pass,-0.6875,4.0
constrained_ols_av,pass,-0.6875,0.0
constrained_ols_av,pass,-0.6875,4.0
constrained_ols_av,pass,-0.6875,0.0
constrained_ols_av,pass,-0.6875,0.0
constrained_ols_av,pass,-0.6875,3.0
constrained_ols_av,pass,-0.6875,3.0
constrained_ols_av,pass,-0.6875,3.0
constrained_ols_av,pass,-0.6875,5.0
constrained_ols_av,pass,-0.6875,0.0
constrained_ols_av,pass,-0.6875,8.0
constrained_ols_av,pass,-0.6875,0.0
constrained_ols_av,pass,-0.6875,0.0
constrained_ols_av,pass,-0.6875,2.0
constrained_ols_av,pass,-0.6875,5.0
constrained_ols_av,pass,-0.6875,0.0
constrained_ols_av,pass,-0.6875,0.0
constrained_ols_av,pass,-0.6875,8.0
constrained_ols_av,pass,-0.6875,2.0
constrained_ols_av,pass,-0.6875,2.0
constrained_ols_av,pass,-0.6875,0.0
constrained_ols_av,pass,-0.6875,2.0
constrained_ols_av,pass,-0.6875,8.0
constrained_ols_av,pass,-0.6875,5.0
constrained_ols_av,pass,-0.6875,0.0
constrained_ols_av,pass,-0.6875,3.0
constrained_ols_av,pass,-0.6875,0.0
constrained_ols_av,pass,-0.6875,3.0
constrained_ols_av,pass,-0.6875,9.0
constrained_ols_av,pass,-0.6875,10.0
constrained_ols_av,pass,-0.6875,0.0
constrained_ols_av,pass,-0.6875,3.0
constrained_ols_av,pass,-0.6875,4.0
constrained_ols_av,pass,-0.6875,7.0
constrained_ols_av,pass,-0.6875,0.0
constrained_ols_av,pass,-0.6875,10.0
constrained_ols_av,pass,-0.6875,3.0
constrained_ols_av,pass,-0.6875,0.0
constrained_ols_av,pass,-0.6875,4.0
constrained_ols_av,pass,-0.6875,2.0
constrained_ols_av,pass,-0.6875,1.0
constrained_ols_av,pass,-0.6875,4.0
constrained_ols_av,pass,-0.6875,1.0
constrained_ols_av,pass,-0.6875,0.0
constrained_ols_av,pass,-0.6875,3.0
constrained_ols_av,pass,-0.6875,3.0
constrained_ols_av,pass,-0.6875,0.0
constrained_ols_av,pass,-0.6875,0.0
constrained_ols_av,pass,-0.6875,7.0
constrained_ols_av,pass,-0.6875,3.0
constrained_ols_av,pass,-0.6875,0.0
constrained_ols_av,pass,-0.6875,8.0
constrained_ols_av,pass,-0.6875,0.0
constrained_ols_av,pass,-0.6875,8.0
constrained_ols_av,pass,-0.6875,0.0
constrained_ols_av,pass,-0.6875,5.0
constrained_ols_av,pass,-0.6875,7.0
constrained_ols_av,pass,-0.6875,3.0
constrained_ols_av,pass,-0.6875,2.0
constrained_ols_av,pass,-0.6875,7.0
constrained_ols_av,pass,-0.6875,0.0
constrained_ols_av,pass,-0.6875,0.0
constrained_ols_av,pass,-0.6875,0.0
constrained_ols_av,pass,-0.6875,1.0
constrained_ols_av,pass,-0.6875,0.0
constrained_ols_av,pass,-0.6875,3.0
constrained_ols_av,pass,-0.6875,6.0
constrained_ols_av,pass,-0.6875,0.0
constrained_ols_av,pass,-0.6875,3.0
constrained_ols_av,pass,-0.6875,5.0
constrained_ols_av,pass,-0.6875,0.0
constrained_ols_av,pass,-0.6875,7.0
constrained_ols_av,pass,-0.6875,7.0
constrained_ols_av,pass,-0.6875,0.0
constrained_ols_av,pass,-0.6875,0.0
constrained_ols_av,pass,-0.6875,0.0
constrained_ols_av,pass,-0.6875,0.0
constrained_ols_av,pass,-0.6875,3.0
constrained_ols_av,pass,-0.6875,5.0
constrained_ols_av,pass,-0.6875,2.0
constrained_ols_av,pass,-0.6875,3.0
constrained_ols_av,pass,-0.6875,0.0
constrained_ols_av,pass,-0.6875,0.0
constrained_ols_av,pass,-0.6875,3.0
constrained_ols_av,pass,-0.6875,9.0
constrained_ols_av,pass,-0.6875,0.0
constrained_ols_av,pass,-0.6875,2.0
constrained_ols_av,pass,-0.6875,4.0
constrained_ols_av,pass,-0.6875,8.0
constrained_ols_av,pass,-0.6875,0.0
constrained_ols_av,pass,-0.6875,2.0
constrained_ols_av,pass,-0.6875,5.0
constrained_ols_av,pass,-0.6875,6.0
constrained_ols_av,pass,-0.6875,0.0
constrained_ols_av,pass,-0.6875,2.0
constrained_ols_av,pass,-0.6875,3.0
constrained_ols_av,pass,-0.6875,0.0
constrained_ols_av,pass,-0.6875,4.0
constrained_ols_av,pass,-0.6875,4.0
constrained_ols_av,pass,-0.6875,5.0
constrained_ols_av,pass,-0.6875,6.0
constrained_ols_av,pass,-0.6875,3.0
constrained_ols_av,pass,-0.6875,3.0
constrained_ols_av,pass,-0.6875,5.0
constrained_ols_av,pass,-0.6875,3.0
constrained_ols_av,pass,-0.6875,1.0
constrained_ols_av,pass,-0.6875,1.0
constrained_ols_av,pass,-0.6875,7.0
constrained_ols_av,pass,-0.6875,6.0
constrained_ols_av,pass,-0.6875,0.0
constrained_ols_av,pass,-0.6875,0.0
constrained_ols_av,pass,-0.6875,0.0
constrained_ols_av,pass,-0.6875,0.0
constrained_ols_av,pass,-0.6875,9.0
constrained_ols_av,pass,-0.6875,3.0
constrained_ols_av,pass,-0.6875,6.0
constrained_ols_av,pass,-0.6875,4.0
constrained_ols_av,pass,-0.6875,0.0
constrained_ols_av,pass,-0.6875,0.0
constrained_ols_av,pass,-0.6875,3.0
constrained_ols_av,pass,-0.6875,3.0
constrained_ols_av,pass,-0.6875,2.0
constrained_ols_av,pass,-0.6875,3.0
constrained_ols_av,pass,-0.6875,2.0
constrained_ols_av,pass,-0.6875,0.0
constrained_ols_av,pass,-0.6875,6.0
constrained_ols_av,pass,-0.6875,5.0
constrained_ols_av,pass,-0.6875,5.0
constrained_ols_av,pass,-0.6875,0.0
constrained_ols_av,pass,-0.6875,0.0
constrained_ols_av,pass,-0.6875,2.0
constrained_ols_av,pass,-0.6875,0.0
constrained_ols_av,pass,-0.6875,0.0
constrained_ols_av,pass,-0.6875,2.0
constrained_ols_av,pass,-0.6875,7.0
constrained_ols_av,pass,-0.6875,9.0
constrained_ols_av,pass,-0.6875,6.0
constrained_ols_av,pass,-0.6875,5.0
constrained_ols_av,pass,-0.6875,1.0
constrained_ols_av,pass,-0.6875,7.0
constrained_ols_av,pass,-0.6875,0.0
constrained_ols_av,pass,-0.6875,3.0
constrained_ols_av,pass,-0.6875,3.0
constrained_ols_av,pass,-0.6875,3.0
constrained_ols_av,pass,-0.6875,3.0
constrained_ols_av,pass,-0.6875,3.0
constrained_ols_av,pass,-0.6875,0.0
constrained_ols_av,pass,-0.6875,4.0
constrained_ols_av,pass,-0.6875,4.0
constrained_ols_av,pass,-0.6875,3.0
constrained_ols_av,pass,-0.6875,2.0
constrained_ols_av,pass,-0.6875,0.0
constrained_ols_av,pass,-0.6875,3.0
constrained_ols_av,pass,-0.6875,4.0
constrained_ols_av,pass,-0.6875,0.0
constrained_ols_av,pass,-0.6875,3.0
constrained_ols_av,pass,-0.6875,0.0
constrained_ols_av,pass,-0.6875,4.0
constrained_ols_av,pass,-0.6875,7.0
constrained_ols_av,pass,-0.6875,1.0
constrained_ols_av,pass,-0.6875,0.0
constrained_ols_av,pass,-0.6875,4.0
constrained_ols_av,pass,-0.6875,3.0
constrained_ols_av,pass,-0.6875,4.0
constrained_ols_av,pass,-0.6875,2.0
constrained_ols_av,pass,-0.6875,0.0
constrained_ols_av,pass,-0.6875,7.0
constrained_ols_av,pass,-0.6875,8.0
constrained_ols_av,pass,-0.6875,7.0
constrained_ols_av,pass,-0.6875,2.0
constrained_ols_av,pass,-0.6875,3.0
constrained_ols_av,pass,-0.6875,0.0
constrained_ols_av,pass,-0.6875,0.0
constrained_ols_av,pass,-0.6875,6.0
constrained_ols_av,pass,-0.6875,6.0
constrained_ols_av,pass,-0.6875,0.0
constrained_ols_av,pass,-0.6875,5.0
constrained_ols_av,pass,-0.6875,5.0
constrained_ols_av,pass,-0.6875,2.0
constrained_ols_av,pass,-0.6875,4.0
constrained_ols_av,pass,-0.6875,0.0
constrained_ols_av,pass,-0.6875,0.0
constrained_ols_av,pass,-0.6875,9.0
constrained_ols_av,pass,-0.6875,6.0
constrained_ols_av,pass,-0.6875,9.0
constrained_ols_av,pass,-0.6875,5.0
constrained_ols_av,pass,-0.6875,5.0
constrained_ols_av,pass,-0.6875,2.0
constrained_ols_av,pass,-0.6875,1.0
constrained_ols_av,pass,-0.6875,6.0
constrained_ols_av,pass,-0.6875,0.0
constrained_ols_av,pass,-0.6875,0.0
constrained_ols_av,pass,-0.6875,1.0
constrained_ols_av,pass,-0.6875,8.0
constrained_ols_av,pass,-0.6875,7.0
constrained_ols_av,pass,-0.6875,0.0
constrained_ols_av,pass,-0.6875,0.0
constrained_ols_av,pass,-0.6875,0.0
constrained_ols_av,pass,-0.6875,5.0
constrained_ols_av,pass,-0.6875,10.0
constrained_ols_av,pass,-0.6875,3.0
constrained_ols_av,pass,-0.6875,2.0
constrained_ols_av,pass,-0.6875,6.0
constrained_ols_av,pass,-0.6875,8.0
constrained_ols_av,pass,-0.6875,4.0
constrained_ols_av,pass,-0.6875,8.0
constrained_ols_av,pass,-0.6875,5.0
constrained_ols_av,pass,-0.6875,0.0
constrained_ols_av,pass,-0.6875,0.0
constrained_ols_av,pass,-0.6875,2.0
constrained_ols_av,pass,-0.6875,5.0
constrained_ols_av,pass,-0.6875,0.0
constrained_ols_av,pass,-0.6875,3.0
constrained_ols_av,pass,-0.6875,5.0
constrained_ols_av,pass,-0.6875,5.0
constrained_ols_av,pass,-0.6875,5.0
constrained_ols_av,pass,-0.6875,0.0
constrained_ols_av,pass,-0.6875,2.0
constrained_ols_av,pass,-0.6875,1.0
constrained_ols_av,pass,-0.6875,0.0
constrained_ols_av,pass,-0.6875,2.0
constrained_ols_av,pass,-0.6875,4.0
constrained_ols_av,pass,-0.6875,0.0
constrained_ols_av,pass,-0.6875,9.0
constrained_ols_av,pass,-0.6875,5.0
constrained_ols_av,pass,-0.6875,0.0
constrained_ols_av,pass,-0.6875,0.0
constrained_ols_av,pass,-0.6875,4.0
constrained_ols_av,pass,-0.6875,0.0
constrained_ols_av,pass,-0.6875,6.0
constrained_ols_av,pass,-0.6875,4.0
constrained_ols_av,pass,-0.6875,0.0
constrained_ols_av,pass,-0.6875,2.0
constrained_ols_av,pass,-0.6875,2.0
constrained_ols_av,pass,-0.6875,4.0
constrained_ols_av,pass,-0.6875,0.0
constrained_ols_av,pass,-0.6875,2.0
constrained_ols_av,pass,-0.6875,4.0
constrained_ols_av,pass,-0.6875,2.0
constrained_ols_av,pass,-0.6875,3.0
constrained_ols_av,pass,-0.6875,5.0
constrained_ols_av,pass,-0.6875,0.0
constrained_ols_av,pass,-0.6875,4.0
constrained_ols_av,pass,-0.6875,5.0
constrained_ols_av,pass,-0.6875,7.0
constrained_ols_av,pass,-0.6875,3.0
constrained_ols_av,pass,-0.6875,5.0
constrained_ols_av,pass,-0.6875,1.0
constrained_ols_av,pass,-0.6875,6.0
constrained_ols_av,pass,-0.6875,3.0
constrained_ols_av,pass,-0.6875,0.0
constrained_ols_av,pass,-0.6875,6.0
constrained_ols_av,pass,-0.6875,10.0
constrained_ols_av,pass,-0.6875,6.0
constrained_ols_av,pass,-0.6875,0.0
constrained_ols_av,pass,-0.6875,1.0
constrained_ols_av,pass,-0.6875,8.0
constrained_ols_av,pass,-0.6875,0.0
constrained_ols_av,pass,-0.6875,7.0
constrained_ols_av,pass,-0.6875,3.0
constrained_ols_av,pass,-0.6875,4.0
constrained_ols_av,pass,-0.6875,0.0
constrained_ols_av,pass,-0.6875,0.0
constrained_ols_av,pass,-0.6875,8.0
constrained_ols_av,pass,-0.6875,2.0
constrained_ols_av,pass,-0.6875,6.0
constrained_ols_av,pass,-0.6875,0.0
constrained_ols_av,pass,-0.6875,4.0
constrained_ols_av,pass,-0.6875,4.0
constrained_ols_av,pass,-0.6875,7.0
constrained_ols_av,pass,-0.6875,0.0
constrained_ols_av,pass,-0.6875,6.0
constrained_ols_av,pass,-0.6875,0.0
constrained_ols_av,pass,-0.6875,5.0
constrained_ols_av,pass,-0.6875,4.0
constrained_ols_av,pass,-0.6875,6.0
constrained_ols_av,pass,-0.6875,3.0
constrained_ols_av,pass,-0.6875,0.0
constrained_ols_av,pass,-0.6875,5.0
constrained_ols_av,pass,-0.6875,0.0
constrained_ols_av,pass,-0.6875,3.0
constrained_ols_av,pass,-0.6875,6.0
constrained_ols_av,pass,-0.6875,0.0
constrained_ols_av,pass,-0.6875,2.0
constrained_ols_av,pass,-0.6875,7.0
constrained_ols_av,pass,-0.6875,4.0
constrained_ols_av,pass,-0.6875,0.0
constrained_ols_av,pass,-0.6875,3.0
constrained_ols_av,pass,-0.6875,3.0
constrained_ols_av,pass,-0.6875,1.0
constrained_ols_av,pass,-0.6875,2.0
constrained_ols_av,pass,-0.6875,0.0
constrained_ols_av,pass,-0.6875,9.0
constrained_ols_av,pass,-0.6875,7.0
constrained_ols_av,pass,-0.6875,8.0
constrained_ols_av,pass,-0.6875,8.0
constrained_ols_av,pass,-0.6875,7.0
constrained_ols_av,pass,-0.6875,0.0
constrained_ols_av,pass,-0.6875,5.0
constrained_ols_av,pass,-0.6875,5.0
constrained_ols_av,pass,-0.6875,5.0
constrained_ols_av,pass,-0.6875,4.0
constrained_ols_av,pass,-0.6875,5.0
constrained_ols_av,pass,-0.6875,7.0
constrained_ols_av,pass,-0.6875,8.0
constrained_ols_av,pass,-0.6875,9.0
constrained_ols_av,pass,-0.6875,3.0
constrained_ols_av,pass,-0.6875,2.0
constrained_ols_av,pass,-0.6875,5.0
constrained_ols_av,pass,-0.6875,2.0
constrained_ols_av,pass,-0.6875,5.0
constrained_ols_av,pass,-0.6875,5.0
constrained_ols_av,pass,-0.6875,0.0
constrained_ols_av,pass,-0.6875,2.0
constrained_ols_av,pass,-0.6875,5.0
constrained_ols_av,pass,-0.6875,0.0
constrained_ols_av,pass,-0.6875,8.0
constrained_ols_av,pass,-0.6875,4.0
constrained_ols_av,pass,-0.6875,7.0
constrained_ols_av,pass,-0.6875,0.0
constrained_ols_av,pass,-0.6875,9.0
constrained_ols_av,pass,-0.6875,0.0
constrained_ols_av,pass,-0.6875,1.0
constrained_ols_av,pass,-0.6875,7.0
constrained_ols_av,pass,-0.6875,0.0
constrained_ols_av,pass,-0.6875,2.0
constrained_ols_av,pass,-0.6875,10.0
constrained_ols_av,pass,-0.6875,3.0
constrained_ols_av,pass,-0.6875,3.0
constrained_ols_av,pass,-0.6875,0.0
constrained_ols_av,pass,-0.6875,4.0
constrained_ols_av,pass,-0.6875,0.0
constrained_ols_av,pass,-0.6875,3.0
constrained_ols_av,pass,-0.6875,3.0
constrained_ols_av,pass,-0.6875,8.0
constrained_ols_av,pass,-0.6875,0.0
constrained_ols_av,pass,-0.6875,2.0
constrained_ols_av,pass,-0.6875,7.0
constrained_ols_av,pass,-0.6875,4.0
constrained_ols_av,pass,-0.6875,0.0
constrained_ols_av,pass,-0.6875,6.0
constrained_ols_av,pass,-0.6875,5.0
constrained_ols_av,pass,-0.6875,0.0
constrained_ols_av,pass,-0.6875,2.0
constrained_ols_av,pass,-0.6875,2.0
constrained_ols_av,pass,-0.6875,5.0
constrained_ols_av,pass,-0.6875,5.0
constrained_ols_av,pass,-0.6875,4.0
constrained_ols_av,pass,-0.6875,2.0
constrained_ols_av,pass,-0.6875,8.0
constrained_ols_av,pass,-0.6875,5.0
constrained_ols_av,pass,-0.6875,6.0
constrained_ols_av,pass,-0.6875,4.0
constrained_ols_av,pass,-0.6875,3.0
constrained_ols_av,pass,-0.6875,4.0
constrained_ols_av,pass,-0.6875,0.0
constrained_ols_av,pass,-0.6875,3.0
constrained_ols_av,pass,-0.6875,7.0
constrained_ols_av,pass,-0.6875,7.0
constrained_ols_av,pass,-0.6875,0.0
constrained_ols_av,pass,-0.6875,3.0
constrained_ols_av,pass,-0.6875,0.0
constrained_ols_av,pass,-0.6875,6.0
constrained_ols_av,pass,-0.6875,2.0
constrained_ols_av,pass,-0.6875,3.0
constrained_ols_av,pass,-0.6875,5.0
constrained_ols_av,pass,-0.6875,1.0
constrained_ols_av,pass,-0.6875,3.0
constrained_ols_av,pass,-0.6875,4.0
constrained_ols_av,pass,-0.6875,7.0
constrained_ols_av,pass,-0.6875,7.0
constrained_ols_av,pass,-0.6875,2.0
constrained_ols_av,pass,-0.6875,2.0
constrained_ols_av,pass,-0.6875,0.0
constrained_ols_av,pass,-0.6875,5.0
constrained_ols_av,pass,-0.6875,0.0
constrained_ols_av,pass,-0.6875,7.0
constrained_ols_av,pass,-0.6875,3.0
constrained_ols_av,pass,-0.6875,3.0
constrained_ols_av,pass,-0.6875,3.0
constrained_ols_av,pass,-0.6875,1.0
constrained_ols_av,pass,-0.6875,9.0
constrained_ols_av,pass,-0.6875,4.0
constrained_ols_av,pass,-0.6875,0.0
constrained_ols_av,pass,-0.6875,4.0
constrained_ols_av,pass,-0.6875,0.0
constrained_ols_av,pass,-0.6875,0.0
constrained_ols_av,pass,-0.6875,0.0
constrained_ols_av,pass,-0.6875,2.0
constrained_ols_av,pass,-0.6875,3.0
constrained_ols_av,pass,-0.6875,0.0
constrained_ols_av,pass,-0.6875,6.0
constrained_ols_av,pass,-0.6875,4.0
constrained_ols_av,pass,-0.6875,0.0
constrained_ols_av,pass,-0.6875,4.0
constrained_ols_av,pass,-0.6875,6.0
constrained_ols_av,pass,-0.6875,2.0
constrained_ols_av,pass,-0.6875,8.0
constrained_ols_av,pass,-0.6875,6.0
constrained_ols_av,pass,-0.6875,0.0
constrained_ols_av,pass,-0.6875,0.0
constrained_ols_av,pass,-0.6875,2.0
constrained_ols_av,pass,-0.6875,1.0
constrained_ols_av,pass,-0.6875,4.0
constrained_ols_av,pass,-0.6875,2.0
constrained_ols_av,pass,-0.6875,8.0
constrained_ols_av,pass,-0.6875,5.0
constrained_ols_av,pass,-0.6875,3.0
constrained_ols_av,pass,-0.6875,5.0
constrained_ols_av,pass,-0.6875,2.0
constrained_ols_av,pass,-0.6875,3.0
constrained_ols_av,pass,-0.6875,7.0
constrained_ols_av,pass,-0.6875,8.0
constrained_ols_av,pass,-0.6875,7.0
constrained_ols_av,pass,-0.6875,7.0
constrained_ols_av,pass,-0.6875,0.0
constrained_ols_av,pass,-0.6875,4.0
constrained_ols_av,pass,-0.6875,0.0
constrained_ols_av,pass,-0.6875,5.0
constrained_ols_av,pass,-0.6875,6.0
constrained_ols_av,pass,-0.6875,4.0
constrained_ols_av,pass,-0.6875,0.0
constrained_ols_av,pass,-0.6875,6.0
constrained_ols_av,pass,-0.6875,0.0
constrained_ols_av,pass,-0.6875,8.0
constrained_ols_av,pass,-0.6875,3.0
constrained_ols_av,pass,-0.6875,4.0
constrained_ols_av,pass,-0.6875,2.0
constrained_ols_av,pass,-0.6875,3.0
constrained_ols_av,pass,-0.6875,7.0
constrained_ols_av,pass,-0.6875,0.0
constrained_ols_av,pass,-0.6875,2.0
constrained_ols_av,pass,-0.6875,0.0
constrained_ols_av,pass,-0.6875,7.0
constrained_ols_av,pass,-0.6875,0.0
constrained_ols_av,pass,-0.6875,1.0
constrained_ols_av,pass,-0.6875,0.0
constrained_ols_av,pass,-0.6875,2.0
constrained_ols_av,pass,-0.6875,5.0
constrained_ols_av,pass,-0.6875,0.0
constrained_ols_av,pass,-0.6875,4.0
constrained_ols_av,pass,-0.6875,3.0
constrained_ols_av,pass,-0.6875,6.0
constrained_ols_av,pass,-0.6875,3.0
constrained_ols_av,pass,-0.6875,6.0
constrained_ols_av,pass,-0.6875,1.0
constrained_ols_av,pass,-0.6875,3.0
constrained_ols_av,pass,-0.6875,3.0
constrained_ols_av,pass,-0.6875,5.0
constrained_ols_av,pass,-0.6875,6.0
constrained_ols_av,pass,-0.6875,6.0
constrained_ols_av,pass,-0.6875,6.0
constrained_ols_av,pass,-0.6875,1.0
constrained_ols_av,pass,-0.6875,0.0
constrained_ols_av,pass,-0.6875,4.0
constrained_ols_av,pass,-0.6875,8.0
constrained_ols_av,pass,-0.6875,3.0
constrained_ols_av,pass,-0.6875,6.0
constrained_ols_av,pass,-0.6875,2.0
constrained_ols_av,pass,-0.6875,0.0
constrained_ols_av,pass,-0.6875,0.0
constrained_ols_av,pass,-0.6875,0.0
constrained_ols_av,pass,-0.6875,0.0
constrained_ols_av,pass,-0.6875,0.0
constrained_ols_av,pass,-0.6875,7.0
constrained_ols_av,pass,-0.6875,4.0
constrained_ols_av,pass,-0.6875,3.0
constrained_ols_av,pass,-0.6875,0.0
constrained_ols_av,pass,-0.6875,7.0
constrained_ols_av,pass,-0.6875,0.0
constrained_ols_av,pass,-0.6875,1.0
constrained_ols_av,pass,-0.6875,7.0
constrained_ols_av,pass,-0.6875,2.0
constrained_ols_av,pass,-0.6875,7.0
constrained_ols_av,pass,-0.6875,0.0
constrained_ols_av,pass,-0.6875,0.0
constrained_ols_av,pass,-0.6875,7.0
constrained_ols_av,pass,-0.6875,0.0
constrained_ols_av,pass,-0.6875,7.0
constrained_ols_av,pass,-0.6875,4.0
constrained_ols_av,pass,-0.6875,5.0
constrained_ols_av,pass,-0.6875,2.0
constrained_ols_av,pass,-0.6875,7.0
constrained_ols_av,pass,-0.6875,5.0
constrained_ols_av,pass,-0.6875,2.0
constrained_ols_av,pass,-0.6875,1.0
constrained_ols_av,pass,-0.6875,5.0
constrained_ols_av,pass,-0.6875,5.0
constrained_ols_av,pass,-0.6875,4.0
constrained_ols_av,pass,-0.6875,0.0
constrained_ols_av,pass,-0.6875,7.0
constrained_ols_av,pass,-0.6875,2.0
constrained_ols_av,pass,-0.6875,0.0
constrained_ols_av,pass,-0.6875,6.0
constrained_ols_av,pass,-0.6875,4.0
constrained_ols_av,pass,-0.6875,3.0
constrained_ols_av,pass,-0.6875,7.0
constrained_ols_av,pass,-0.6875,0.0
constrained_ols_av,pass,-0.6875,4.0
constrained_ols_av,pass,-0.6875,3.0
constrained_ols_av,pass,-0.6875,0.0
constrained_ols_av,pass,-0.6875,7.0
constrained_ols_av,pass,-0.6875,3.0
constrained_ols_av,pass,-0.6875,6.0
constrained_ols_av,pass,-0.6875,3.0
constrained_ols_av,pass,-0.6875,0.0
constrained_ols_av,pass,-0.6875,1.0
constrained_ols_av,pass,-0.6875,0.0
constrained_ols_av,pass,-0.6875,0.0
constrained_ols_av,pass,-0.6875,1.0
constrained_ols_av,pass,-0.6875,4.0
constrained_ols_av,pass,-0.6875,7.0
constrained_ols_av,pass,-0.6875,0.0
constrained_ols_av,pass,-0.6875,7.0
constrained_ols_av,pass,-0.6875,7.0
constrained_ols_av,pass,-0.6875,0.0
constrained_ols_av,pass,-0.6875,4.0
constrained_ols_av,pass,-0.6875,4.0
constrained_ols_av,pass,-0.6875,0.0
constrained_ols_av,pass,-0.6875,0.0
constrained_ols_av,pass,-0.6875,7.0
constrained_ols_av,pass,-0.6875,0.0
constrained_ols_av,pass,-0.6875,0.0
constrained_ols_av,pass,-0.6875,2.0
constrained_ols_av,pass,-0.6875,1.0
constrained_ols_av,pass,-0.6875,0.0
constrained_ols_av,pass,-0.6875,9.0
constrained_ols_av,pass,-0.6875,0.0
constrained_ols_av,pass,-0.6875,0.0
constrained_ols_av,pass,-0.6875,4.0
constrained_ols_av,pass,-0.6875,0.0
constrained_ols_av,pass,-0.6875,0.0
constrained_ols_av,pass,-0.6875,3.0
constrained_ols_av,pass,-0.6875,5.0
constrained_ols_av,pass,-0.6875,4.0
constrained_ols_av,pass,-0.6875,1.0
constrained_ols_av,pass,-0.6875,8.0
constrained_ols_av,pass,-0.6875,6.0
constrained_ols_av,pass,-0.6875,3.0
constrained_ols_av,pass,-0.6875,7.0
constrained_ols_av,pass,-0.6875,0.0
constrained_ols_av,pass,-0.6875,0.0
constrained_ols_av,pass,-0.6875,4.0
constrained_ols_av,pass,-0.6875,3.0
constrained_ols_av,pass,-0.6875,3.0
constrained_ols_av,pass,-0.6875,7.0
constrained_ols_av,pass,-0.6875,2.0
constrained_ols_av,pass,-0.6875,2.0
constrained_ols_av,pass,-0.6875,0.0
constrained_ols_av,pass,-0.6875,0.0
constrained_ols_av,pass,-0.6875,6.0
constrained_ols_av,pass,-0.6875,4.0
constrained_ols_av,pass,-0.6875,0.0
constrained_ols_av,pass,-0.6875,2.0
constrained_ols_av,pass,-0.6875,9.0
constrained_ols_av,pass,-0.6875,1.0
constrained_ols_av,pass,-0.6875,7.0
constrained_ols_av,pass,-0.6875,0.0
constrained_ols_av,pass,-0.6875,5.0
constrained_ols_av,pass,-0.6875,5.0
constrained_ols_av,pass,-0.6875,4.0
constrained_ols_av,pass,-0.6875,4.0
constrained_ols_av,pass,-0.6875,0.0
constrained_ols_av,pass,-0.6875,0.0
constrained_ols_av,pass,-0.6875,6.0
constrained_ols_av,pass,-0.6875,7.0
constrained_ols_av,pass,-0.6875,1.0
constrained_ols_av,pass,-0.6875,0.0
constrained_ols_av,pass,-0.6875,8.0
constrained_ols_av,pass,-0.6875,0.0
constrained_ols_av,pass,-0.6875,8.0
constrained_ols_av,pass,-0.6875,0.0
constrained_ols_av,pass,-0.6875,4.0
constrained_ols_av,pass,-0.6875,6.0
constrained_ols_av,pass,-0.6875,5.0
constrained_ols_av,pass,-0.6875,4.0
constrained_ols_av,pass,-0.6875,1.0
constrained_ols_av,pass,-0.6875,4.0
constrained_ols_av,pass,-0.6875,7.0
constrained_ols_av,pass,-0.6875,4.0
constrained_ols_av,pass,-0.6875,0.0
constrained_ols_av,pass,-0.6875,5.0
constrained_ols_av,pass,-0.6875,6.0
constrained_ols_av,pass,-0.6875,0.0
constrained_ols_av,pass,-0.6875,0.0
constrained_ols_av,pass,-0.6875,5.0
constrained_ols_av,pass,-0.6875,3.0
constrained_ols_av,pass,-0.6875,6.0
constrained_ols_av,pass,-0.6875,4.0
constrained_ols_av,pass,-0.6875,6.0
constrained_ols_av,pass,-0.6875,5.0
constrained_ols_av,pass,-0.6875,4.0
constrained_ols_av,pass,-0.6875,3.0
constrained_ols_av,pass,-0.6875,5.0
constrained_ols_av,pass,-0.6875,4.0
constrained_ols_av,pass,-0.6875,5.0
constrained_ols_av,pass,-0.6875,0.0
constrained_ols_av,pass,-0.6875,8.0
constrained_ols_av,pass,-0.6875,2.0
constrained_ols_av,pass,-0.6875,4.0
constrained_ols_av,pass,-0.6875,5.0
constrained_ols_av,pass,-0.6875,6.0
constrained_ols_av,pass,-0.6875,7.0
constrained_ols_av,pass,-0.6875,5.0
constrained_ols_av,pass,-0.6875,5.0
constrained_ols_av,pass,-0.6875,4.0
constrained_ols_av,pass,-0.6875,7.0
constrained_ols_av,pass,-0.6875,5.0
constrained_ols_av,pass,-0.6875,4.0
constrained_ols_av,pass,-0.6875,9.0
constrained_ols_av,pass,-0.6875,3.0
constrained_ols_av,pass,-0.6875,3.0
constrained_ols_av,pass,-0.6875,5.0
constrained_ols_av,pass,-0.6875,2.0
constrained_ols_av,pass,-0.6875,4.0
constrained_ols_av,pass,-0.6875,5.0
constrained_ols_av,pass,-0.6875,0.0
constrained_ols_av,pass,-0.6875,2.0
constrained_ols_av,pass,-0.6875,0.0
constrained_ols_av,pass,-0.6875,4.0
constrained_ols_av,pass,-0.6875,0.0
constrained_ols_av,pass,-0.6875,0.0
constrained_ols_av,pass,-0.6875,4.0
constrained_ols_av,pass,-0.6875,1.0
constrained_ols_av,pass,-0.6875,0.0
constrained_ols_av,pass,-0.6875,3.0
constrained_ols_av,pass,-0.6875,10.0
constrained_ols_av,pass,-0.6875,4.0
constrained_ols_av,pass,-0.6875,0.0
constrained_ols_av,pass,-0.6875,9.0
constrained_ols_av,pass,-0.6875,5.0
constrained_ols_av,pass,-0.6875,2.0
constrained_ols_av,pass,-0.6875,4.0
constrained_ols_av,pass,-0.6875,6.0
constrained_ols_av,pass,-0.6875,2.0
constrained_ols_av,pass,-0.6875,5.0
constrained_ols_av,pass,-0.6875,2.0
constrained_ols_av,pass,-0.6875,7.0
constrained_ols_av,pass,-0.6875,0.0
constrained_ols_av,pass,-0.6875,0.0
constrained_ols_av,pass,-0.6875,0.0
constrained_ols_av,pass,-0.6875,3.0
constrained_ols_av,pass,-0.6875,0.0
constrained_ols_av,pass,-0.6875,1.0
constrained_ols_av,pass,-0.6875,8.0
constrained_ols_av,pass,-0.6875,0.0
constrained_ols_av,pass,-0.6875,4.0
constrained_ols_av,pass,-0.6875,0.0
constrained_ols_av,pass,-0.6875,1.0
constrained_ols_av,pass,-0.6875,0.0
constrained_ols_av,pass,-0.6875,4.0
constrained_ols_av,pass,-0.6875,7.0
constrained_ols_av,pass,-0.6875,4.0
constrained_ols_av,pass,-0.6875,4.0
constrained_ols_av,pass,-0.6875,3.0
constrained_ols_av,pass,-0.6875,0.0
constrained_ols_av,pass,-0.6875,4.0
constrained_ols_av,pass,-0.6875,3.0
constrained_ols_av,pass,-0.6875,5.0
constrained_ols_av,pass,-0.6875,0.0
constrained_ols_av,pass,-0.6875,0.0
constrained_ols_av,pass,-0.6875,3.0
constrained_ols_av,pass,-0.6875,3.0
constrained_ols_av,pass,-0.6875,6.0
constrained_ols_av,pass,-0.6875,4.0
constrained_ols_av,pass,-0.6875,2.0
constrained_ols_av,pass,-0.6875,4.0
constrained_ols_av,pass,-0.6875,7.0
constrained_ols_av,pass,-0.6875,3.0
constrained_ols_av,pass,-0.6875,0.0
constrained_ols_av,pass,-0.6875,4.0
constrained_ols_av,pass,-0.6875,0.0
constrained_ols_av,pass,-0.6875,0.0
constrained_ols_av,pass,-0.6875,4.0
constrained_ols_av,pass,-0.6875,2.0
constrained_ols_av,pass,-0.6875,0.0
constrained_ols_av,pass,-0.6875,0.0
constrained_ols_av,pass,-0.6875,3.0
constrained_ols_av,pass,-0.6875,4.0
constrained_ols_av,pass,-0.6875,2.0
constrained_ols_av,pass,-0.6875,0.0
constrained_ols_av,pass,-0.6875,2.0
constrained_ols_av,pass,-0.6875,0.0
constrained_ols_av,pass,-0.6875,5.0
constrained_ols_av,pass,-0.6875,3.0
constrained_ols_av,pass,-0.6875,5.0
constrained_ols_av,pass,-0.6875,0.0
constrained_ols_av,pass,-0.6875,0.0
constrained_ols_av,pass,-0.6875,4.0
constrained_ols_av,pass,-0.6875,7.0
constrained_ols_av,pass,-0.6875,2.0
constrained_ols_av,pass,-0.6875,0.0
constrained_ols_av,pass,-0.6875,0.0
constrained_ols_av,pass,-0.6875,5.0
constrained_ols_av,pass,-0.6875,7.0
constrained_ols_av,pass,-0.6875,0.0
constrained_ols_av,pass,-0.6875,8.0
constrained_ols_av,pass,-0.6875,4.0
constrained_ols_av,pass,-0.6875,3.0
constrained_ols_av,pass,-0.6875,0.0
constrained_ols_av,pass,-0.6875,4.0
constrained_ols_av,pass,-0.6875,3.0
constrained_ols_av,pass,-0.6875,0.0
constrained_ols_av,pass,-0.6875,8.0
constrained_ols_av,pass,-0.6875,4.0
constrained_ols_av,pass,-0.6875,6.0
constrained_ols_av,pass,-0.6875,4.0
constrained_ols_av,pass,-0.6875,5.0
constrained_ols_av,pass,-0.6875,4.0
constrained_ols_av,pass,-0.6875,5.0
constrained_ols_av,pass,-0.6875,3.0
constrained_ols_av,pass,-0.6875,0.0
constrained_ols_av,pass,-0.6875,0.0
constrained_ols_av,pass,-0.6875,0.0
constrained_ols_av,pass,-0.6875,5.0
constrained_ols_av,pass,-0.6875,6.0
constrained_ols_av,pass,-0.6875,0.0
constrained_ols_av,pass,-0.6875,3.0
constrained_ols_av,pass,-0.6875,3.0
constrained_ols_av,pass,-0.6875,4.0
constrained_ols_av,pass,-0.6875,0.0
constrained_ols_av,pass,-0.6875,0.0
constrained_ols_av,pass,-0.6875,0.0
constrained_ols_av,pass,-0.6875,0.0
constrained_ols_av,pass,-0.6875,7.0
constrained_ols_av,pass,-0.6875,5.0
constrained_ols_av,pass,-0.6875,0.0
constrained_ols_av,pass,-0.6875,4.0
constrained_ols_av,pass,-0.6875,2.0
constrained_ols_av,pass,-0.6875,5.0
constrained_ols_av,pass,-0.6875,3.0
constrained_ols_av,pass,-0.6875,5.0
constrained_ols_av,pass,-0.6875,7.0
constrained_ols_av,pass,-0.6875,6.0
constrained_ols_av,pass,-0.6875,6.0
constrained_ols_av,pass,-0.6875,0.0
constrained_ols_av,pass,-0.6875,0.0
constrained_ols_av,pass,-0.6875,4.0
constrained_ols_av,pass,-0.6875,4.0
constrained_ols_av,pass,-0.6875,4.0
constrained_ols_av,pass,-0.6875,8.0
constrained_ols_av,pass,-0.6875,8.0
constrained_ols_av,pass,-0.6875,0.0
constrained_ols_av,pass,-0.6875,0.0
constrained_ols_av,pass,-0.6875,1.0
constrained_ols_av,pass,-0.6875,4.0
constrained_ols_av,pass,-0.6875,2.0
constrained_ols_av,pass,-0.6875,0.0
constrained_ols_av,pass,-0.6875,5.0
constrained_ols_av,pass,-0.6875,0.0
constrained_ols_av,pass,-0.6875,5.0
constrained_ols_av,pass,-0.6875,3.0
constrained_ols_av,pass,-0.6875,0.0
constrained_ols_av,pass,-0.6875,0.0
constrained_ols_av,pass,-0.6875,5.0
constrained_ols_av,pass,-0.6875,0.0
constrained_ols_av,pass,-0.6875,0.0
constrained_ols_av,pass,-0.6875,2.0
constrained_ols_av,pass,-0.6875,10.0
constrained_ols_av,pass,-0.6875,7.0
constrained_ols_av,pass,-0.6875,0.0
constrained_ols_av,pass,-0.6875,3.0
constrained_ols_av,pass,-0.6875,3.0
constrained_ols_av,pass,-0.6875,2.0
constrained_ols_av,pass,-0.6875,4.0
constrained_ols_av,pass,-0.6875,5.0
constrained_ols_av,pass,-0.6875,0.0
constrained_ols_av,pass,-0.6875,0.0
constrained_ols_av,pass,-0.6875,3.0
constrained_ols_av,pass,-0.6875,0.0
constrained_ols_av,pass,-0.6875,4.0
constrained_ols_av,pass,-0.6875,0.0
constrained_ols_av,pass,-0.6875,0.0
constrained_ols_av,pass,-0.6875,4.0
constrained_ols_av,pass,-0.6875,4.0
constrained_ols_av,pass,-0.6875,5.0
constrained_ols_av,pass,-0.6875,5.0
constrained_ols_av,pass,-0.6875,3.0
constrained_ols_av,pass,-0.6875,6.0
constrained_ols_av,pass,-0.6875,3.0
constrained_ols_av,pass,-0.6875,7.0
constrained_ols_av,pass,-0.6875,2.0
constrained_ols_av,pass,-0.6875,8.0
constrained_ols_av,pass,-0.6875,2.0
constrained_ols_av,pass,-0.6875,0.0
constrained_ols_av,pass,-0.6875,0.0
constrained_ols_av,pass,-0.6875,7.0
constrained_ols_av,pass,-0.6875,4.0
constrained_ols_av,pass,-0.6875,4.0
constrained_ols_av,pass,-0.6875,4.0
constrained_ols_av,pass,-0.6875,3.0
constrained_ols_av,pass,-0.6875,2.0
constrained_ols_av,pass,-0.6875,0.0
constrained_ols_av,pass,-0.6875,4.0
constrained_ols_av,pass,-0.6875,6.0
constrained_ols_av,pass,-0.6875,0.0
constrained_ols_av,pass,-0.6875,0.0
constrained_ols_av,pass,-0.6875,5.0
constrained_ols_av,pass,-0.6875,0.0
constrained_ols_av,pass,-0.6875,6.0
constrained_ols_av,pass,-0.6875,5.0
constrained_ols_av,pass,-0.6875,4.0
constrained_ols_av,pass,-0.6875,7.0
constrained_ols_av,pass,-0.6875,0.0
constrained_ols_av,pass,-0.6875,2.0
constrained_ols_av,pass,-0.6875,3.0
constrained_ols_av,pass,-0.6875,2.0
constrained_ols_av,pass,-0.6875,0.0
constrained_ols_av,pass,-0.6875,3.0
constrained_ols_av,pass,-0.6875,2.0
constrained_ols_av,pass,-0.6875,1.0
constrained_ols_av,pass,-0.6875,2.0
constrained_ols_av,pass,-0.6875,0.0
constrained_ols_av,pass,-0.6875,8.0
constrained_ols_av,pass,-0.6875,4.0
constrained_ols_av,pass,-0.6875,5.0
constrained_ols_av,pass,-0.6875,9.0
constrained_ols_av,pass,-0.6875,2.0
constrained_ols_av,pass,-0.6875,5.0
constrained_ols_av,pass,-0.6875,3.0
constrained_ols_av,pass,-0.6875,2.0
constrained_ols_av,pass,-0.6875,0.0
constrained_ols_av,pass,-0.6875,3.0
constrained_ols_av,pass,-0.6875,3.0
constrained_ols_av,pass,-0.6875,8.0
constrained_ols_av,pass,-0.6875,4.0
constrained_ols_av,pass,-0.6875,9.0
constrained_ols_av,pass,-0.6875,6.0
constrained_ols_av,pass,-0.6875,0.0
constrained_ols_av,pass,-0.6875,0.0
constrained_ols_av,pass,-0.6875,0.0
constrained_ols_av,pass,-0.6875,4.0
constrained_ols_av,pass,-0.6875,2.0
constrained_ols_av,pass,-0.6875,2.0
constrained_ols_av,pass,-0.6875,6.0
constrained_ols_av,pass,-0.6875,7.0
constrained_ols_av,pass,-0.6875,4.0
constrained_ols_av,pass,-0.6875,8.0
constrained_ols_av,pass,-0.6875,3.0
constrained_ols_av,pass,-0.6875,0.0
constrained_ols_av,pass,-0.6875,7.0
constrained_ols_av,pass,-0.6875,0.0
constrained_ols_av,pass,-0.6875,4.0
constrained_ols_av,pass,-0.6875,0.0
constrained_ols_av,pass,-0.6875,6.0
constrained_ols_av,pass,-0.6875,0.0
constrained_ols_av,pass,-0.6875,0.0
constrained_ols_av,pass,-0.6875,4.0
constrained_ols_av,pass,-0.6875,6.0
constrained_ols_av,pass,-0.6875,0.0
constrained_ols_av,pass,-0.6875,5.0
constrained_ols_av,pass,-0.6875,4.0
constrained_ols_av,pass,-0.6875,10.0
constrained_ols_av,pass,-0.6875,0.0
constrained_ols_av,pass,-0.6875,3.0
constrained_ols_av,pass,-0.6875,0.0
constrained_ols_av,pass,-0.6875,6.0
constrained_ols_av,pass,-0.6875,0.0
constrained_ols_av,pass,-0.6875,0.0
constrained_ols_av,pass,-0.6875,3.0
constrained_ols_av,pass,-0.6875,3.0
constrained_ols_av,pass,-0.6875,5.0
constrained_ols_av,pass,-0.6875,0.0
constrained_ols_av,pass,-0.6875,3.0
constrained_ols_av,pass,-0.6875,3.0
constrained_ols_av,pass,-0.6875,1.0
constrained_ols_av,pass,-0.6875,2.0
constrained_ols_av,pass,-0.6875,1.0
constrained_ols_av,pass,-0.6875,3.0
constrained_ols_av,pass,-0.6875,0.0
constrained_ols_av,pass,-0.6875,0.0
constrained_ols_av,pass,-0.6875,9.0
constrained_ols_av,pass,-0.6875,3.0
constrained_ols_av,pass,-0.6875,2.0
constrained_ols_av,pass,-0.6875,0.0
constrained_ols_av,pass,-0.6875,0.0
constrained_ols_av,pass,-0.6875,7.0
constrained_ols_av,pass,-0.6875,4.0
constrained_ols_av,pass,-0.6875,0.0
constrained_ols_av,pass,-0.6875,5.0
constrained_ols_av,pass,-0.6875,8.0
constrained_ols_av,pass,-0.6875,0.0
constrained_ols_av,pass,-0.6875,4.0
constrained_ols_av,pass,-0.6875,0.0
constrained_ols_av,pass,-0.6875,7.0
constrained_ols_av,pass,-0.6875,2.0
constrained_ols_av,pass,-0.6875,0.0
constrained_ols_av,pass,-0.6875,5.0
constrained_ols_av,pass,-0.6875,4.0
constrained_ols_av,pass,-0.6875,8.0
constrained_ols_av,pass,-0.6875,1.0
constrained_ols_av,pass,-0.6875,5.0
constrained_ols_av,pass,-0.6875,3.0
constrained_ols_av,pass,-0.6875,0.0
constrained_ols_av,pass,-0.6875,0.0
constrained_ols_av,pass,-0.6875,4.0
constrained_ols_av,pass,-0.6875,2.0
constrained_ols_av,pass,-0.6875,4.0
constrained_ols_av,pass,-0.6875,7.0
constrained_ols_av,pass,-0.6875,0.0
constrained_ols_av,pass,-0.6875,6.0
constrained_ols_av,pass,-0.6875,3.0
constrained_ols_av,pass,-0.6875,4.0
constrained_ols_av,pass,-0.6875,4.0
constrained_ols_av,pass,-0.6875,3.0
constrained_ols_av,pass,-0.6875,4.0
constrained_ols_av,pass,-0.6875,4.0
constrained_ols_av,pass,-0.6875,0.0
constrained_ols_av,pass,-0.6875,5.0
constrained_ols_av,pass,-0.6875,3.0
constrained_ols_av,pass,-0.6875,7.0
constrained_ols_av,pass,-0.6875,0.0
constrained_ols_av,pass,-0.6875,0.0
constrained_ols_av,pass,-0.6875,7.0
constrained_ols_av,pass,-0.6875,0.0
constrained_ols_av,pass,-0.6875,0.0
constrained_ols_av,pass,-0.6875,7.0
constrained_ols_av,pass,-0.6875,5.0
constrained_ols_av,pass,-0.6875,2.0
constrained_ols_av,pass,-0.6875,0.0
constrained_ols_av,pass,-0.6875,3.0
constrained_ols_av,pass,-0.6875,9.0
constrained_ols_av,pass,-0.6875,7.0
constrained_ols_av,pass,-0.6875,6.0
constrained_ols_av,pass,-0.6875,5.0
constrained_ols_av,pass,-0.6875,4.0
constrained_ols_av,pass,-0.6875,1.0
constrained_ols_av,pass,-0.6875,6.0
constrained_ols_av,pass,-0.6875,1.0
constrained_ols_av,pass,-0.6875,2.0
constrained_ols_av,pass,-0.6875,8.0
constrained_ols_av,pass,-0.6875,6.0
constrained_ols_av,pass,-0.6875,5.0
constrained_ols_av,pass,-0.6875,0.0
constrained_ols_av,pass,-0.6875,7.0
constrained_ols_av,pass,-0.6875,4.0
constrained_ols_av,pass,-0.6875,4.0
constrained_ols_av,pass,-0.6875,0.0
constrained_ols_av,pass,-0.6875,2.0
constrained_ols_av,pass,-0.6875,0.0
constrained_ols_av,pass,-0.6875,8.0
constrained_ols_av,pass,-0.6875,4.0
constrained_ols_av,pass,-0.6875,3.0
constrained_ols_av,pass,-0.6875,5.0
constrained_ols_av,pass,-0.6875,3.0
constrained_ols_av,pass,-0.6875,7.0
constrained_ols_av,pass,-0.6875,0.0
constrained_ols_av,pass,-0.6875,5.0
constrained_ols_av,pass,-0.6875,2.0
constrained_ols_av,pass,-0.6875,6.0
constrained_ols_av,pass,-0.6875,4.0
constrained_ols_av,pass,-0.6875,0.0
constrained_ols_av,pass,-0.6875,5.0
constrained_ols_av,pass,-0.6875,1.0
constrained_ols_av,pass,-0.6875,3.0
constrained_ols_av,pass,-0.6875,0.0
constrained_ols_av,pass,-0.6875,9.0
constrained_ols_av,pass,-0.6875,3.0
constrained_ols_av,pass,-0.6875,0.0
constrained_ols_av,pass,-0.6875,8.0
constrained_ols_av,pass,-0.6875,3.0
constrained_ols_av,pass,-0.6875,0.0
constrained_ols_av,pass,-0.6875,1.0
constrained_ols_av,pass,-0.6875,8.0
constrained_ols_av,pass,-0.6875,4.0
constrained_ols_av,pass,-0.6875,0.0
constrained_ols_av,pass,-0.6875,3.0
constrained_ols_av,pass,-0.6875,7.0
constrained_ols_av,pass,-0.6875,3.0
constrained_ols_av,pass,-0.6875,7.0
constrained_ols_av,pass,-0.6875,4.0
constrained_ols_av,pass,-0.6875,4.0
constrained_ols_av,pass,-0.6875,0.0
constrained_ols_av,pass,-0.6875,1.0
constrained_ols_av,pass,-0.6875,4.0
constrained_ols_av,pass,-0.6875,4.0
constrained_ols_av,pass,-0.6875,0.0
constrained_ols_av,pass,-0.6875,4.0
constrained_ols_av,pass,-0.6875,4.0
constrained_ols_av,pass,-0.6875,9.0
constrained_ols_av,pass,-0.6875,0.0
constrained_ols_av,pass,-0.6875,5.0
constrained_ols_av,pass,-0.6875,7.0
constrained_ols_av,pass,-0.6875,7.0
constrained_ols_av,pass,-0.6875,0.0
constrained_ols_av,pass,-0.6875,0.0
constrained_ols_av,pass,-0.6875,5.0
constrained_ols_av,pass,-0.6875,0.0
constrained_ols_av,pass,-0.6875,0.0
constrained_ols_av,pass,-0.6875,4.0
constrained_ols_av,pass,-0.6875,2.0
constrained_ols_av,pass,-0.6875,8.0
constrained_ols_av,pass,-0.6875,5.0
constrained_ols_av,pass,-0.6875,6.0
constrained_ols_av,pass,-0.6875,1.0
constrained_ols_av,pass,-0.6875,5.0
constrained_ols_av,pass,-0.6875,8.0
constrained_ols_av,pass,-0.6875,5.0
constrained_ols_av,pass,-0.6875,5.0
constrained_ols_av,pass,-0.6875,0.0
constrained_ols_av,pass,-0.6875,7.0
constrained_ols_av,pass,-0.6875,4.0
constrained_ols_av,pass,-0.6875,4.0
constrained_ols_av,pass,-0.6875,2.0
constrained_ols_av,pass,-0.6875,5.0
constrained_ols_av,pass,-0.6875,2.0
constrained_ols_av,pass,-0.6875,0.0
constrained_ols_av,pass,-0.6875,2.0
constrained_ols_av,pass,-0.6875,4.0
constrained_ols_av,pass,-0.6875,4.0
constrained_ols_av,pass,-0.6875,0.0
constrained_ols_av,pass,-0.6875,4.0
constrained_ols_av,pass,-0.6875,0.0
constrained_ols_av,pass,-0.6875,8.0
constrained_ols_av,pass,-0.6875,0.0
constrained_ols_av,pass,-0.6875,4.0
constrained_ols_av,pass,-0.6875,0.0
constrained_ols_av,pass,-0.6875,6.0
constrained_ols_av,pass,-0.6875,0.0
constrained_ols_av,pass,-0.6875,0.0
constrained_ols_av,pass,-0.6875,0.0
constrained_ols_av,pass,-0.6875,4.0
constrained_ols_av,pass,-0.6875,8.0
constrained_ols_av,pass,-0.6875,3.0
constrained_ols_av,pass,-0.6875,8.0
constrained_ols_av,pass,-0.6875,9.0
constrained_ols_av,pass,-0.6875,4.0
constrained_ols_av,pass,-0.6875,9.0
constrained_ols_av,pass,-0.6875,7.0
constrained_ols_av,pass,-0.6875,2.0
constrained_ols_av,pass,-0.6875,1.0
constrained_ols_av,pass,-0.6875,7.0
constrained_ols_av,pass,-0.6875,2.0
constrained_ols_av,pass,-0.6875,2.0
constrained_ols_av,pass,-0.6875,5.0
constrained_ols_av,pass,-0.6875,0.0
constrained_ols_av,pass,-0.6875,8.0
constrained_ols_av,pass,-0.6875,7.0
constrained_ols_av,pass,-0.6875,0.0
constrained_ols_av,pass,-0.6875,5.0
constrained_ols_av,pass,-0.6875,4.0
constrained_ols_av,pass,-0.6875,2.0
constrained_ols_av,pass,-0.6875,5.0
constrained_ols_av,pass,-0.6875,1.0
constrained_ols_av,pass,-0.6875,5.0
constrained_ols_av,pass,-0.6875,1.0
constrained_ols_av,pass,-0.6875,5.0
constrained_ols_av,pass,-0.6875,0.0
constrained_ols_av,pass,-0.6875,0.0
constrained_ols_av,pass,-0.6875,0.0
constrained_ols_av,pass,-0.6875,1.0
constrained_ols_av,pass,-0.6875,1.0
constrained_ols_av,pass,-0.6875,5.0
constrained_ols_av,pass,-0.6875,4.0
constrained_ols_av,pass,-0.6875,5.0
constrained_ols_av,pass,-0.6875,5.0
constrained_ols_av,pass,-0.6875,1.0
constrained_ols_av,pass,-0.6875,5.0
constrained_ols_av,pass,-0.6875,7.0
constrained_ols_av,pass,-0.6875,7.0
constrained_ols_av,pass,-0.6875,5.0
constrained_ols_av,pass,-0.6875,9.0
constrained_ols_av,pass,-0.6875,7.0
constrained_ols_av,pass,-0.6875,0.0
constrained_ols_av,pass,-0.6875,6.0
constrained_ols_av,pass,-0.6875,4.0
constrained_ols_av,pass,-0.6875,4.0
constrained_ols_av,pass,-0.6875,6.0
constrained_ols_av,pass,-0.6875,6.0
constrained_ols_av,pass,-0.6875,5.0
constrained_ols_av,pass,-0.6875,5.0
constrained_ols_av,pass,-0.6875,4.0
constrained_ols_av,pass,-0.6875,0.0
constrained_ols_av,pass,-0.6875,7.0
constrained_ols_av,pass,-0.6875,5.0
constrained_ols_av,pass,-0.6875,3.0
constrained_ols_av,pass,-0.6875,8.0
constrained_ols_av,pass,-0.6875,8.0
constrained_ols_av,pass,-0.6875,2.0
constrained_ols_av,pass,-0.6875,2.0
constrained_ols_av,pass,-0.6875,6.0
constrained_ols_av,pass,-0.6875,6.0
constrained_ols_av,pass,-0.6875,5.0
constrained_ols_av,pass,-0.6875,6.0
constrained_ols_av,pass,-0.6875,10.0
constrained_ols_av,pass,-0.6875,4.0
constrained_ols_av,pass,-0.6875,7.0
constrained_ols_av,pass,-0.6875,9.0
constrained_ols_av,pass,-0.6875,0.0
constrained_ols_av,pass,-0.6875,6.0
constrained_ols_av,pass,-0.6875,0.0
constrained_ols_av,pass,-0.6875,3.0
constrained_ols_av,pass,-0.6875,1.0
constrained_ols_av,pass,-0.6875,0.0
constrained_ols_av,pass,-0.6875,5.0
constrained_ols_av,pass,-0.6875,1.0
constrained_ols_av,pass,-0.6875,5.0
constrained_ols_av,pass,-0.6875,8.0
constrained_ols_av,pass,-0.6875,7.0
constrained_ols_av,pass,-0.6875,3.0
constrained_ols_av,pass,-0.6875,0.0
constrained_ols_av,pass,-0.6875,5.0
constrained_ols_av,pass,-0.6875,8.0
constrained_ols_av,pass,-0.6875,8.0
constrained_ols_av,pass,-0.6875,4.0
constrained_ols_av,pass,-0.6875,0.0
constrained_ols_av,pass,-0.6875,6.0
constrained_ols_av,pass,-0.6875,0.0
constrained_ols_av,pass,-0.6875,0.0
constrained_ols_av,pass,-0.6875,4.0
constrained_ols_av,pass,-0.6875,5.0
constrained_ols_av,pass,-0.6875,4.0
constrained_ols_av,pass,-0.6875,1.0
constrained_ols_av,pass,-0.6875,3.0
constrained_ols_av,pass,-0.6875,0.0
constrained_ols_av,pass,-0.6875,5.0
constrained_ols_av,pass,-0.6875,5.0
constrained_ols_av,pass,-0.6875,7.0
constrained_ols_av,pass,-0.6875,7.0
constrained_ols_av,pass,-0.6875,0.0
constrained_ols_av,pass,-0.6875,4.0
constrained_ols_av,pass,-0.6875,5.0
constrained_ols_av,pass,-0.6875,0.0
constrained_ols_av,pass,-0.6875,7.0
constrained_ols_av,pass,-0.6875,3.0
constrained_ols_av,pass,-0.6875,1.0
constrained_ols_av,pass,-0.6875,8.0
constrained_ols_av,pass,-0.6875,4.0
constrained_ols_av,pass,-0.6875,2.0
constrained_ols_av,pass,-0.6875,0.0
constrained_ols_av,pass,-0.6875,0.0
constrained_ols_av,pass,-0.6875,4.0
constrained_ols_av,pass,-0.6875,0.0
constrained_ols_av,pass,-0.6875,0.0
constrained_ols_av,pass,-0.6875,0.0
constrained_ols_av,pass,-0.6875,0.0
constrained_ols_av,pass,-0.6875,0.0
constrained_ols_av,pass,-0.6875,4.0
constrained_ols_av,pass,-0.6875,3.0
constrained_ols_av,pass,-0.6875,2.0
constrained_ols_av,pass,-0.6875,7.0
constrained_ols_av,pass,-0.6875,0.0
constrained_ols_av,pass,-0.6875,3.0
constrained_ols_av,pass,-0.6875,0.0
constrained_ols_av,pass,-0.6875,3.0
constrained_ols_av,pass,-0.6875,4.0
constrained_ols_av,pass,-0.6875,7.0
constrained_ols_av,pass,-0.6875,3.0
constrained_ols_av,pass,-0.6875,0.0
constrained_ols_av,pass,-0.6875,4.0
constrained_ols_av,pass,-0.6875,4.0
constrained_ols_av,pass,-0.6875,0.0
constrained_ols_av,pass,-0.6875,4.0
constrained_ols_av,pass,-0.6875,1.0
constrained_ols_av,pass,-0.6875,5.0
constrained_ols_av,pass,-0.6875,0.0
constrained_ols_av,pass,-0.6875,3.0
constrained_ols_av,pass,-0.6875,2.0
constrained_ols_av,pass,-0.6875,0.0
constrained_ols_av,pass,-0.6875,7.0
constrained_ols_av,pass,-0.6875,0.0
constrained_ols_av,pass,-0.6875,3.0
constrained_ols_av,pass,-0.6875,0.0
constrained_ols_av,pass,-0.6875,3.0
constrained_ols_av,pass,-0.6875,0.0
constrained_ols_av,pass,-0.6875,2.0
constrained_ols_av,pass,-0.6875,6.0
constrained_ols_av,pass,-0.6875,5.0
constrained_ols_av,pass,-0.6875,3.0
constrained_ols_av,pass,-0.6875,0.0
constrained_ols_av,pass,-0.6875,3.0
constrained_ols_av,pass,-0.6875,6.0
constrained_ols_av,pass,-0.6875,7.0
constrained_ols_av,pass,-0.6875,2.0
constrained_ols_av,pass,-0.6875,5.0
constrained_ols_av,pass,-0.6875,3.0
constrained_ols_av,pass,-0.6875,5.0
constrained_ols_av,pass,-0.6875,0.0
constrained_ols_av,pass,-0.6875,6.0
constrained_ols_av,pass,-0.6875,2.0
constrained_ols_av,pass,-0.6875,0.0
constrained_ols_av,pass,-0.6875,2.0
constrained_ols_av,pass,-0.6875,1.0
constrained_ols_av,pass,-0.6875,5.0
constrained_ols_av,pass,-0.6875,4.0
constrained_ols_av,pass,-0.6875,8.0
constrained_ols_av,pass,-0.6875,4.0
constrained_ols_av,pass,-0.6875,7.0
constrained_ols_av,pass,-0.6875,6.0
constrained_ols_av,pass,-0.6875,6.0
constrained_ols_av,pass,-0.6875,5.0
constrained_ols_av,pass,-0.6875,4.0
constrained_ols_av,pass,-0.6875,4.0
constrained_ols_av,pass,-0.6875,7.0
constrained_ols_av,pass,-0.6875,2.0
constrained_ols_av,pass,-0.6875,6.0
constrained_ols_av,pass,-0.6875,3.0
constrained_ols_av,pass,-0.6875,2.0
constrained_ols_av,pass,-0.6875,3.0
constrained_ols_av,pass,-0.6875,0.0
constrained_ols_av,pass,-0.6875,3.0
constrained_ols_av,pass,-0.6875,1.0
constrained_ols_av,pass,-0.6875,6.0
constrained_ols_av,pass,-0.6875,2.0
constrained_ols_av,pass,-0.6875,5.0
constrained_ols_av,pass,-0.6875,2.0
constrained_ols_av,pass,-0.6875,3.0
constrained_ols_av,pass,-0.6875,7.0
constrained_ols_av,pass,-0.6875,4.0
constrained_ols_av,pass,-0.6875,4.0
constrained_ols_av,pass,-0.6875,3.0
constrained_ols_av,pass,-0.6875,5.0
constrained_ols_av,pass,-0.6875,4.0
constrained_ols_av,pass,-0.6875,0.0
constrained_ols_av,pass,-0.6875,6.0
constrained_ols_av,pass,-0.6875,5.0
constrained_ols_av,pass,-0.6875,4.0
constrained_ols_av,pass,-0.6875,7.0
constrained_ols_av,pass,-0.6875,6.0
constrained_ols_av,pass,-0.6875,4.0
constrained_ols_av,pass,-0.6875,3.0
constrained_ols_av,pass,-0.6875,4.0
constrained_ols_av,pass,-0.6875,4.0
constrained_ols_av,pass,-0.6875,0.0
constrained_ols_av,pass,-0.6875,3.0
constrained_ols_av,pass,-0.6875,0.0
constrained_ols_av,pass,-0.6875,3.0
constrained_ols_av,pass,-0.6875,0.0
constrained_ols_av,pass,-0.6875,4.0
constrained_ols_av,pass,-0.6875,6.0
constrained_ols_av,pass,-0.6875,8.0
constrained_ols_av,pass,-0.6875,4.0
constrained_ols_av,pass,-0.6875,3.0
constrained_ols_av,pass,-0.6875,6.0
constrained_ols_av,pass,-0.6875,9.0
constrained_ols_av,pass,-0.6875,0.0
constrained_ols_av,pass,-0.6875,4.0
constrained_ols_av,pass,-0.6875,0.0
constrained_ols_av,pass,-0.6875,0.0
constrained_ols_av,pass,-0.6875,0.0
constrained_ols_av,pass,-0.6875,2.0
constrained_ols_av,pass,-0.6875,0.0
constrained_ols_av,pass,-0.6875,0.0
constrained_ols_av,pass,-0.6875,4.0
constrained_ols_av,pass,-0.6875,8.0
constrained_ols_av,pass,-0.6875,0.0
constrained_ols_av,pass,-0.6875,2.0
constrained_ols_av,pass,-0.6875,6.0
constrained_ols_av,pass,-0.6875,3.0
constrained_ols_av,pass,-0.6875,4.0
constrained_ols_av,pass,-0.6875,4.0
constrained_ols_av,pass,-0.6875,4.0
constrained_ols_av,pass,-0.6875,7.0
constrained_ols_av,pass,-0.6875,0.0
constrained_ols_av,pass,-0.6875,8.0
constrained_ols_av,pass,-0.6875,4.0
constrained_ols_av,pass,-0.6875,5.0
constrained_ols_av,pass,-0.6875,0.0
constrained_ols_av,pass,-0.6875,6.0
constrained_ols_av,pass,-0.6875,0.0
constrained_ols_av,pass,-0.6875,0.0
constrained_ols_av,pass,-0.6875,3.0
constrained_ols_av,pass,-0.6875,6.0
constrained_ols_av,pass,-0.6875,2.0
constrained_ols_av,pass,-0.6875,6.0
constrained_ols_av,pass,-0.6875,5.0
constrained_ols_av,pass,-0.6875,0.0
constrained_ols_av,pass,-0.6875,6.0
constrained_ols_av,pass,-0.6875,4.0
constrained_ols_av,pass,-0.6875,4.0
constrained_ols_av,pass,-0.6875,5.0
constrained_ols_av,pass,-0.6875,3.0
constrained_ols_av,pass,-0.6875,7.0
constrained_ols_av,pass,-0.6875,0.0
constrained_ols_av,pass,-0.6875,5.0
constrained_ols_av,pass,-0.6875,4.0
constrained_ols_av,pass,-0.6875,0.0
constrained_ols_av,pass,-0.6875,5.0
constrained_ols_av,pass,-0.6875,0.0
constrained_ols_av,pass,-0.6875,3.0
constrained_ols_av,pass,-0.6875,0.0
constrained_ols_av,pass,-0.6875,8.0
constrained_ols_av,pass,-0.6875,0.0
constrained_ols_av,pass,-0.6875,7.0
constrained_ols_av,pass,-0.6875,5.0
constrained_ols_av,pass,-0.6875,6.0
constrained_ols_av,pass,-0.6875,2.0
constrained_ols_av,pass,-0.6875,1.0
constrained_ols_av,pass,-0.6875,6.0
constrained_ols_av,pass,-0.6875,4.0
constrained_ols_av,pass,-0.6875,0.0
constrained_ols_av,pass,-0.6875,0.0
constrained_ols_av,pass,-0.6875,4.0
constrained_ols_av,pass,-0.6875,7.0
constrained_ols_av,pass,-0.6875,0.0
constrained_ols_av,pass,-0.6875,0.0
constrained_ols_av,pass,-0.6875,4.0
constrained_ols_av,pass,-0.6875,0.0
constrained_ols_av,pass,-0.6875,9.0
constrained_ols_av,pass,-0.6875,2.0
constrained_ols_av,pass,-0.6875,0.0
constrained_ols_av,pass,-0.6875,4.0
constrained_ols_av,pass,-0.6875,0.0
constrained_ols_av,pass,-0.6875,7.0
constrained_ols_av,pass,-0.6875,5.0
constrained_ols_av,pass,-0.6875,0.0
constrained_ols_av,pass,-0.6875,0.0
constrained_ols_av,pass,-0.6875,6.0
constrained_ols_av,pass,-0.6875,0.0
constrained_ols_av,pass,-0.6875,0.0
constrained_ols_av,pass,-0.6875,3.0
constrained_ols_av,pass,-0.6875,2.0
constrained_ols_av,pass,-0.6875,6.0
constrained_ols_av,pass,-0.6875,5.0
constrained_ols_av,pass,-0.6875,4.0
constrained_ols_av,pass,-0.6875,1.0
constrained_ols_av,pass,-0.6875,1.0
constrained_ols_av,pass,-0.6875,5.0
constrained_ols_av,pass,-0.6875,2.0
constrained_ols_av,pass,-0.6875,4.0
constrained_ols_av,pass,-0.6875,2.0
constrained_ols_av,pass,-0.6875,4.0
constrained_ols_av,pass,-0.6875,5.0
constrained_ols_av,pass,-0.6875,5.0
constrained_ols_av,pass,-0.6875,4.0
constrained_ols_av,pass,-0.6875,8.0
constrained_ols_av,pass,-0.6875,0.0
constrained_ols_av,pass,-0.6875,0.0
constrained_ols_av,pass,-0.6875,0.0
constrained_ols_av,pass,-0.6875,4.0
constrained_ols_av,pass,-0.6875,0.0
constrained_ols_av,pass,-0.6875,6.0
constrained_ols_av,pass,-0.6875,4.0
constrained_ols_av,pass,-0.6875,4.0
constrained_ols_av,pass,-0.6875,7.0
constrained_ols_av,pass,-0.6875,1.0
constrained_ols_av,pass,-0.6875,7.0
constrained_ols_av,pass,-0.6875,3.0
constrained_ols_av,pass,-0.6875,0.0
constrained_ols_av,pass,-0.6875,6.0
constrained_ols_av,pass,-0.6875,4.0
constrained_ols_av,pass,-0.6875,2.0
constrained_ols_av,pass,-0.6875,3.0
constrained_ols_av,pass,-0.6875,4.0
constrained_ols_av,pass,-0.6875,3.0
constrained_ols_av,pass,-0.6875,0.0
constrained_ols_av,pass,-0.6875,0.0
constrained_ols_av,pass,-0.6875,4.0
constrained_ols_av,pass,-0.6875,3.0
constrained_ols_av,pass,-0.6875,0.0
constrained_ols_av,pass,-0.6875,1.0
constrained_ols_av,pass,-0.6875,1.0
constrained_ols_av,pass,-0.6875,0.0
constrained_ols_av,pass,-0.6875,3.0
constrained_ols_av,pass,-0.6875,5.0
constrained_ols_av,pass,-0.6875,9.0
constrained_ols_av,pass,-0.6875,5.0
constrained_ols_av,pass,-0.6875,0.0
constrained_ols_av,pass,-0.6875,1.0
constrained_ols_av,pass,-0.6875,3.0
constrained_ols_av,pass,-0.6875,0.0
constrained_ols_av,pass,-0.6875,4.0
constrained_ols_av,pass,-0.6875,0.0
constrained_ols_av,pass,-0.6875,6.0
constrained_ols_av,pass,-0.6875,2.0
constrained_ols_av,pass,-0.6875,5.0
constrained_ols_av,pass,-0.6875,3.0
constrained_ols_av,pass,-0.6875,3.0
constrained_ols_av,pass,-0.6875,5.0
constrained_ols_av,pass,-0.6875,3.0
constrained_ols_av,pass,-0.6875,0.0
constrained_ols_av,pass,-0.6875,0.0
constrained_ols_av,pass,-0.6875,0.0
constrained_ols_av,pass,-0.6875,6.0
constrained_ols_av,pass,-0.6875,4.0
constrained_ols_av,pass,-0.6875,2.0
constrained_ols_av,pass,-0.6875,0.0
constrained_ols_av,pass,-0.6875,1.0
constrained_ols_av,pass,-0.6875,3.0
constrained_ols_av,pass,-0.6875,0.0
constrained_ols_av,pass,-0.6875,0.0
constrained_ols_av,pass,-0.6875,8.0
constrained_ols_av,pass,-0.6875,2.0
constrained_ols_av,pass,-0.6875,0.0
constrained_ols_av,pass,-0.6875,2.0
constrained_ols_av,pass,-0.6875,7.0
constrained_ols_av,pass,-0.6875,0.0
constrained_ols_av,pass,-0.6875,2.0
constrained_ols_av,pass,-0.6875,0.0
constrained_ols_av,pass,-0.6875,6.0
constrained_ols_av,pass,-0.6875,7.0
constrained_ols_av,pass,-0.6875,1.0
constrained_ols_av,pass,-0.6875,2.0
constrained_ols_av,pass,-0.6875,2.0
constrained_ols_av,pass,-0.6875,4.0
constrained_ols_av,pass,-0.6875,6.0
constrained_ols_av,pass,-0.6875,2.0
constrained_ols_av,pass,-0.6875,6.0
constrained_ols_av,pass,-0.6875,3.0
constrained_ols_av,pass,-0.6875,4.0
constrained_ols_av,pass,-0.6875,0.0
constrained_ols_av,pass,-0.6875,0.0
constrained_ols_av,pass,-0.6875,0.0
constrained_ols_av,pass,-0.6875,3.0
constrained_ols_av,pass,-0.6875,3.0
constrained_ols_av,pass,-0.6875,0.0
constrained_ols_av,pass,-0.6875,1.0
constrained_ols_av,pass,-0.6875,2.0
constrained_ols_av,pass,-0.6875,3.0
constrained_ols_av,pass,-0.6875,0.0
constrained_ols_av,pass,-0.6875,3.0
constrained_ols_av,pass,-0.6875,0.0
constrained_ols_av,pass,-0.6875,0.0
constrained_ols_av,pass,-0.6875,3.0
constrained_ols_av,pass,-0.6875,0.0
constrained_ols_av,pass,-0.6875,4.0
constrained_ols_av,pass,-0.6875,5.0
constrained_ols_av,pass,-0.6875,1.0
constrained_ols_av,pass,-0.6875,0.0
constrained_ols_av,pass,-0.6875,8.0
constrained_ols_av,pass,-0.6875,5.0
constrained_ols_av,pass,-0.6875,2.0
constrained_ols_av,pass,-0.6875,0.0
constrained_ols_av,pass,-0.6875,0.0
constrained_ols_av,pass,-0.6875,3.0
constrained_ols_av,pass,-0.6875,0.0
constrained_ols_av,pass,-0.6875,0.0
constrained_ols_av,pass,-0.6875,4.0
constrained_ols_av,pass,-0.6875,2.0
constrained_ols_av,pass,-0.6875,0.0
constrained_ols_av,pass,-0.6875,0.0
constrained_ols_av,pass,-0.6875,3.0
constrained_ols_av,pass,-0.6875,7.0
constrained_ols_av,pass,-0.6875,3.0
constrained_ols_av,pass,-0.6875,2.0
constrained_ols_av,pass,-0.6875,4.0
constrained_ols_av,pass,-0.6875,3.0
constrained_ols_av,pass,-0.6875,5.0
constrained_ols_av,pass,-0.6875,3.0
constrained_ols_av,pass,-0.6875,3.0
constrained_ols_av,pass,-0.6875,3.0
constrained_ols_av,pass,-0.6875,7.0
constrained_ols_av,pass,-0.6875,5.0
constrained_ols_av,pass,-0.6875,1.0
constrained_ols_av,pass,-0.6875,5.0
constrained_ols_av,pass,-0.6875,7.0
constrained_ols_av,pass,-0.6875,2.0
constrained_ols_av,pass,-0.6875,4.0
constrained_ols_av,pass,-0.6875,5.0
constrained_ols_av,pass,-0.6875,0.0
constrained_ols_av,pass,-0.6875,5.0
constrained_ols_av,pass,-0.6875,3.0
constrained_ols_av,pass,-0.6875,5.0
constrained_ols_av,pass,-0.6875,6.0
constrained_ols_av,pass,-0.6875,0.0
constrained_ols_av,pass,-0.6875,0.0
constrained_ols_av,pass,-0.6875,5.0
constrained_ols_av,pass,-0.6875,4.0
constrained_ols_av,pass,-0.6875,3.0
constrained_ols_av,pass,-0.6875,3.0
constrained_ols_av,pass,-0.6875,8.0
constrained_ols_av,pass,-0.6875,7.0
constrained_ols_av,pass,-0.6875,8.0
constrained_ols_av,pass,-0.6875,2.0
constrained_ols_av,pass,-0.6875,7.0
constrained_ols_av,pass,-0.6875,2.0
constrained_ols_av,pass,-0.6875,0.0
constrained_ols_av,pass,-0.6875,3.0
constrained_ols_av,pass,-0.6875,5.0
constrained_ols_av,pass,-0.6875,3.0
constrained_ols_av,pass,-0.6875,6.0
constrained_ols_av,pass,-0.6875,7.0
constrained_ols_av,pass,-0.6875,8.0
constrained_ols_av,pass,-0.6875,0.0
constrained_ols_av,pass,-0.6875,0.0
constrained_ols_av,pass,-0.6875,0.0
constrained_ols_av,pass,-0.6875,4.0
constrained_ols_av,pass,-0.6875,0.0
constrained_ols_av,pass,-0.6875,0.0
constrained_ols_av,pass,-0.6875,2.0
constrained_ols_av,pass,-0.6875,6.0
constrained_ols_av,pass,-0.6875,0.0
constrained_ols_av,pass,-0.6875,0.0
constrained_ols_av,pass,-0.6875,6.0
constrained_ols_av,pass,-0.6875,0.0
constrained_ols_av,pass,-0.6875,2.0
constrained_ols_av,pass,-0.6875,6.0
constrained_ols_av,pass,-0.6875,0.0
constrained_ols_av,pass,-0.6875,3.0
constrained_ols_av,pass,-0.6875,2.0
constrained_ols_av,pass,-0.6875,0.0
constrained_ols_av,pass,-0.6875,7.0
constrained_ols_av,pass,-0.6875,6.0
constrained_ols_av,pass,-0.6875,8.0
constrained_ols_av,pass,-0.6875,8.0
constrained_ols_av,pass,-0.6875,2.0
constrained_ols_av,pass,-0.6875,2.0
constrained_ols_av,pass,-0.6875,4.0
constrained_ols_av,pass,-0.6875,2.0
constrained_ols_av,pass,-0.6875,5.0
constrained_ols_av,pass,-0.6875,9.0
constrained_ols_av,pass,-0.6875,3.0
constrained_ols_av,pass,-0.6875,4.0
constrained_ols_av,pass,-0.6875,2.0
constrained_ols_av,pass,-0.6875,9.0
constrained_ols_av,pass,-0.6875,7.0
constrained_ols_av,pass,-0.6875,0.0
constrained_ols_av,pass,-0.6875,4.0
constrained_ols_av,pass,-0.6875,5.0
constrained_ols_av,pass,-0.6875,0.0
constrained_ols_av,pass,-0.6875,4.0
constrained_ols_av,pass,-0.6875,8.0
constrained_ols_av,pass,-0.6875,8.0
constrained_ols_av,pass,-0.6875,7.0
constrained_ols_av,pass,-0.6875,4.0
constrained_ols_av,pass,-0.6875,0.0
constrained_ols_av,pass,-0.6875,8.0
constrained_ols_av,pass,-0.6875,3.0
constrained_ols_av,pass,-0.6875,4.0
constrained_ols_av,pass,-0.6875,6.0
constrained_ols_av,pass,-0.6875,2.0
constrained_ols_av,pass,-0.6875,7.0
constrained_ols_av,pass,-0.6875,6.0
constrained_ols_av,pass,-0.6875,3.0
constrained_ols_av,pass,-0.6875,6.0
constrained_ols_av,pass,-0.6875,6.0
constrained_ols_av,pass,-0.6875,0.0
constrained_ols_av,pass,-0.6875,2.0
constrained_ols_av,pass,-0.6875,5.0
constrained_ols_av,pass,-0.6875,5.0
constrained_ols_av,pass,-0.6875,0.0
constrained_ols_av,pass,-0.6875,0.0
constrained_ols_av,pass,-0.6875,7.0
constrained_ols_av,pass,-0.6875,2.0
constrained_ols_av,pass,-0.6875,4.0
constrained_ols_av,pass,-0.6875,4.0
constrained_ols_av,pass,-0.6875,2.0
constrained_ols_av,pass,-0.6875,7.0
constrained_ols_av,pass,-0.6875,1.0
constrained_ols_av,pass,-0.6875,3.0
constrained_ols_av,pass,-0.6875,1.0
constrained_ols_av,pass,-0.6875,6.0
constrained_ols_av,pass,-0.6875,0.0
constrained_ols_av,pass,-0.6875,2.0
constrained_ols_av,pass,-0.6875,0.0
constrained_ols_av,pass,-0.6875,6.0
constrained_ols_av,pass,-0.6875,8.0
constrained_ols_av,pass,-0.6875,0.0
constrained_ols_av,pass,-0.6875,3.0
constrained_ols_av,pass,-0.6875,5.0
constrained_ols_av,pass,-0.6875,2.0
constrained_ols_av,pass,-0.6875,0.0
constrained_ols_av,pass,-0.6875,2.0
constrained_ols_av,pass,-0.6875,2.0
constrained_ols_av,pass,-0.6875,2.0
constrained_ols_av,pass,-0.6875,5.0
constrained_ols_av,pass,-0.6875,0.0
constrained_ols_av,pass,-0.6875,2.0
constrained_ols_av,pass,-0.6875,3.0
constrained_ols_av,pass,-0.6875,6.0
constrained_ols_av,pass,-0.6875,3.0
constrained_ols_av,pass,-0.6875,2.0
constrained_ols_av,pass,-0.6875,2.0
constrained_ols_av,pass,-0.6875,0.0
constrained_ols_av,pass,-0.6875,0.0
constrained_ols_av,pass,-0.6875,7.0
constrained_ols_av,pass,-0.6875,7.0
constrained_ols_av,pass,-0.6875,6.0
constrained_ols_av,pass,-0.6875,0.0
constrained_ols_av,pass,-0.6875,0.0
constrained_ols_av,pass,-0.6875,4.0
constrained_ols_av,pass,-0.6875,5.0
constrained_ols_av,pass,-0.6875,8.0
constrained_ols_av,pass,-0.6875,3.0
constrained_ols_av,pass,-0.6875,0.0
constrained_ols_av,pass,-0.6875,5.0
constrained_ols_av,pass,-0.6875,0.0
constrained_ols_av,pass,-0.6875,7.0
constrained_ols_av,pass,-0.6875,0.0
constrained_ols_av,pass,-0.6875,0.0
constrained_ols_av,pass,-0.6875,2.0
constrained_ols_av,pass,-0.6875,0.0
constrained_ols_av,pass,-0.6875,0.0
constrained_ols_av,pass,-0.6875,8.0
constrained_ols_av,pass,-0.6875,3.0
constrained_ols_av,pass,-0.6875,3.0
constrained_ols_av,pass,-0.6875,3.0
constrained_ols_av,pass,-0.6875,1.0
constrained_ols_av,pass,-0.6875,3.0
constrained_ols_av,pass,-0.6875,2.0
constrained_ols_av,pass,-0.6875,1.0
constrained_ols_av,pass,-0.6875,6.0
constrained_ols_av,pass,-0.6875,4.0
constrained_ols_av,pass,-0.6875,6.0
constrained_ols_av,pass,-0.6875,0.0
constrained_ols_av,pass,-0.6875,0.0
constrained_ols_av,pass,-0.6875,0.0
constrained_ols_av,pass,-0.6875,8.0
constrained_ols_av,pass,-0.6875,0.0
constrained_ols_av,pass,-0.6875,4.0
constrained_ols_av,pass,-0.6875,0.0
constrained_ols_av,pass,-0.6875,1.0
constrained_ols_av,pass,-0.6875,3.0
constrained_ols_av,pass,-0.6875,4.0
constrained_ols_av,pass,-0.6875,7.0
constrained_ols_av,pass,-0.6875,0.0
constrained_ols_av,pass,-0.6875,5.0
constrained_ols_av,pass,-0.6875,7.0
constrained_ols_av,pass,-0.6875,4.0
constrained_ols_av,pass,-0.6875,8.0
constrained_ols_av,pass,-0.6875,0.0
constrained_ols_av,pass,-0.6875,0.0
constrained_ols_av,pass,-0.6875,4.0
constrained_ols_av,pass,-0.6875,0.0
constrained_ols_av,pass,-0.6875,4.0
constrained_ols_av,pass,-0.6875,3.0
constrained_ols_av,pass,-0.6875,4.0
constrained_ols_av,pass,-0.6875,0.0
constrained_ols_av,pass,-0.6875,6.0
constrained_ols_av,pass,-0.6875,6.0
constrained_ols_av,pass,-0.6875,5.0
constrained_ols_av,pass,-0.6875,8.0
constrained_ols_av,pass,-0.6875,9.0
constrained_ols_av,pass,-0.6875,1.0
constrained_ols_av,pass,-0.6875,2.0
constrained_ols_av,pass,-0.6875,9.0
constrained_ols_av,pass,-0.6875,8.0
constrained_ols_av,pass,-0.6875,1.0
constrained_ols_av,pass,-0.6875,4.0
constrained_ols_av,pass,-0.6875,2.0
constrained_ols_av,pass,-0.6875,3.0
constrained_ols_av,pass,-0.6875,0.0
constrained_ols_av,pass,-0.6875,4.0
constrained_ols_av,pass,-0.6875,0.0
constrained_ols_av,pass,-0.6875,6.0
constrained_ols_av,pass,-0.6875,0.0
constrained_ols_av,pass,-0.6875,7.0
constrained_ols_av,pass,-0.6875,0.0
constrained_ols_av,pass,-0.6875,3.0
constrained_ols_av,pass,-0.6875,0.0
constrained_ols_av,pass,-0.6875,5.0
constrained_ols_av,pass,-0.6875,0.0
constrained_ols_av,pass,-0.6875,6.0
constrained_ols_av,pass,-0.6875,5.0
constrained_ols_av,pass,-0.6875,4.0
constrained_ols_av,pass,-0.6875,0.0
constrained_ols_av,pass,-0.6875,5.0
constrained_ols_av,pass,-0.6875,2.0
constrained_ols_av,pass,-0.6875,1.0
constrained_ols_av,pass,-0.6875,9.0
constrained_ols_av,pass,-0.6875,3.0
constrained_ols_av,pass,-0.6875,0.0
constrained_ols_av,pass,-0.6875,0.0
constrained_ols_av,pass,-0.6875,0.0
constrained_ols_av,pass,-0.6875,4.0
constrained_ols_av,pass,-0.6875,0.0
constrained_ols_av,pass,-0.6875,1.0
constrained_ols_av,pass,-0.6875,4.0
constrained_ols_av,pass,-0.6875,4.0
constrained_ols_av,pass,-0.6875,0.0
constrained_ols_av,pass,-0.6875,0.0
constrained_ols_av,pass,-0.6875,0.0
constrained_ols_av,pass,-0.6875,3.0
constrained_ols_av,pass,-0.6875,3.0
constrained_ols_av,pass,-0.6875,5.0
constrained_ols_av,pass,-0.6875,5.0
constrained_ols_av,pass,-0.6875,2.0
constrained_ols_av,pass,-0.6875,0.0
constrained_ols_av,pass,-0.6875,7.0
constrained_ols_av,pass,-0.6875,0.0
constrained_ols_av,pass,-0.6875,5.0
constrained_ols_av,pass,-0.6875,3.0
constrained_ols_av,pass,-0.6875,3.0
constrained_ols_av,pass,-0.6875,4.0
constrained_ols_av,pass,-0.6875,4.0
constrained_ols_av,pass,-0.6875,0.0
constrained_ols_av,pass,-0.6875,3.0
constrained_ols_av,pass,-0.6875,4.0
constrained_ols_av,pass,-0.6875,3.0
constrained_ols_av,pass,-0.6875,1.0
constrained_ols_av,pass,-0.6875,0.0
constrained_ols_av,pass,-0.6875,6.0
constrained_ols_av,pass,-0.6875,4.0
constrained_ols_av,pass,-0.6875,0.0
constrained_ols_av,pass,-0.6875,0.0
constrained_ols_av,pass,-0.6875,0.0
constrained_ols_av,pass,-0.6875,1.0
constrained_ols_av,pass,-0.6875,0.0
constrained_ols_av,pass,-0.6875,6.0
constrained_ols_av,pass,-0.6875,0.0
constrained_ols_av,pass,-0.6875,8.0
constrained_ols_av,pass,-0.6875,2.0
constrained_ols_av,pass,-0.6875,5.0
constrained_ols_av,pass,-0.6875,3.0
constrained_ols_av,pass,-0.6875,0.0
constrained_ols_av,pass,-0.6875,0.0
constrained_ols_av,pass,-0.6875,5.0
constrained_ols_av,pass,-0.6875,7.0
constrained_ols_av,pass,-0.6875,0.0
constrained_ols_av,pass,-0.6875,6.0
constrained_ols_av,pass,-0.6875,7.0
constrained_ols_av,pass,-0.6875,4.0
constrained_ols_av,pass,-0.6875,0.0
constrained_ols_av,pass,-0.6875,5.0
constrained_ols_av,pass,-0.6875,0.0
constrained_ols_av,pass,-0.6875,5.0
constrained_ols_av,pass,-0.6875,0.0
constrained_ols_av,pass,-0.6875,4.0
constrained_ols_av,pass,-0.6875,3.0
constrained_ols_av,pass,-0.6875,5.0
constrained_ols_av,pass,-0.6875,0.0
constrained_ols_av,pass,-0.6875,3.0
constrained_ols_av,pass,-0.6875,3.0
constrained_ols_av,pass,-0.6875,2.0
constrained_ols_av,pass,-0.6875,9.0
constrained_ols_av,pass,-0.6875,3.0
constrained_ols_av,pass,-0.6875,8.0
constrained_ols_av,pass,-0.6875,5.0
constrained_ols_av,pass,-0.6875,6.0
constrained_ols_av,pass,-0.6875,0.0
constrained_ols_av,pass,-0.6875,5.0
constrained_ols_av,pass,-0.6875,0.0
constrained_ols_av,pass,-0.6875,4.0
constrained_ols_av,pass,-0.6875,0.0
constrained_ols_av,pass,-0.6875,8.0
constrained_ols_av,pass,-0.6875,2.0
constrained_ols_av,pass,-0.6875,7.0
constrained_ols_av,pass,-0.6875,1.0
constrained_ols_av,pass,-0.6875,7.0
constrained_ols_av,pass,-0.6875,0.0
constrained_ols_av,pass,-0.6875,6.0
constrained_ols_av,pass,-0.6875,2.0
constrained_ols_av,pass,-0.6875,2.0
constrained_ols_av,pass,-0.6875,2.0
constrained_ols_av,pass,-0.6875,0.0
constrained_ols_av,pass,-0.6875,4.0
constrained_ols_av,pass,-0.6875,0.0
constrained_ols_av,pass,-0.6875,4.0
constrained_ols_av,pass,-0.6875,3.0
constrained_ols_av,pass,-0.6875,6.0
constrained_ols_av,pass,-0.6875,4.0
constrained_ols_av,pass,-0.6875,7.0
constrained_ols_av,pass,-0.6875,5.0
constrained_ols_av,pass,-0.6875,3.0
constrained_ols_av,pass,-0.6875,5.0
constrained_ols_av,pass,-0.6875,7.0
constrained_ols_av,pass,-0.6875,2.0
constrained_ols_av,pass,-0.6875,4.0
constrained_ols_av,pass,-0.6875,4.0
constrained_ols_av,pass,-0.6875,0.0
constrained_ols_av,pass,-0.6875,6.0
constrained_ols_av,pass,-0.6875,7.0
constrained_ols_av,pass,-0.6875,4.0
constrained_ols_av,pass,-0.6875,5.0
constrained_ols_av,pass,-0.6875,3.0
constrained_ols_av,pass,-0.6875,0.0
constrained_ols_av,pass,-0.6875,5.0
constrained_ols_av,pass,-0.6875,2.0
constrained_ols_av,pass,-0.6875,4.0
constrained_ols_av,pass,-0.6875,0.0
constrained_ols_av,pass,-0.6875,4.0
constrained_ols_av,pass,-0.6875,6.0
constrained_ols_av,pass,-0.6875,3.0
constrained_ols_av,pass,-0.6875,4.0
constrained_ols_av,pass,-0.6875,2.0
constrained_ols_av,pass,-0.6875,5.0
constrained_ols_av,pass,-0.6875,6.0
constrained_ols_av,pass,-0.6875,0.0
constrained_ols_av,pass,-0.6875,2.0
constrained_ols_av,pass,-0.6875,3.0
constrained_ols_av,pass,-0.6875,0.0
constrained_ols_av,pass,-0.6875,6.0
constrained_ols_av,pass,-0.6875,2.0
constrained_ols_av,pass,-0.6875,3.0
constrained_ols_av,pass,-0.6875,0.0
constrained_ols_av,pass,-0.6875,8.0
constrained_ols_av,pass,-0.6875,8.0
constrained_ols_av,pass,-0.6875,0.0
constrained_ols_av,pass,-0.6875,3.0
constrained_ols_av,pass,-0.6875,5.0
constrained_ols_av,pass,-0.6875,3.0
constrained_ols_av,pass,-0.6875,5.0
constrained_ols_av,pass,-0.6875,7.0
constrained_ols_av,pass,-0.6875,3.0
constrained_ols_av,pass,-0.6875,0.0
constrained_ols_av,pass,-0.6875,5.0
constrained_ols_av,pass,-0.6875,0.0
constrained_ols_av,pass,-0.6875,3.0
constrained_ols_av,pass,-0.6875,4.0
constrained_ols_av,pass,-0.6875,0.0
constrained_ols_av,pass,-0.6875,0.0
constrained_ols_av,pass,-0.6875,7.0
constrained_ols_av,pass,-0.6875,2.0
constrained_ols_av,pass,-0.6875,0.0
constrained_ols_av,pass,-0.6875,7.0
constrained_ols_av,pass,-0.6875,4.0
constrained_ols_av,pass,-0.6875,4.0
constrained_ols_av,pass,-0.6875,3.0
constrained_ols_av,pass,-0.6875,4.0
constrained_ols_av,pass,-0.6875,1.0
constrained_ols_av,pass,-0.6875,5.0
constrained_ols_av,pass,-0.6875,1.0
constrained_ols_av,pass,-0.6875,0.0
constrained_ols_av,pass,-0.6875,0.0
constrained_ols_av,pass,-0.6875,0.0
constrained_ols_av,pass,-0.6875,1.0
constrained_ols_av,pass,-0.6875,0.0
constrained_ols_av,pass,-0.6875,1.0
constrained_ols_av,pass,-0.6875,2.0
constrained_ols_av,pass,-0.6875,0.0
constrained_ols_av,pass,-0.6875,7.0
constrained_ols_av,pass,-0.6875,0.0
constrained_ols_av,pass,-0.6875,0.0
constrained_ols_av,pass,-0.6875,4.0
constrained_ols_av,pass,-0.6875,0.0
constrained_ols_av,pass,-0.6875,3.0
constrained_ols_av,pass,-0.6875,4.0
constrained_ols_av,pass,-0.6875,8.0
constrained_ols_av,pass,-0.6875,0.0
constrained_ols_av,pass,-0.6875,9.0
constrained_ols_av,pass,-0.6875,0.0
constrained_ols_av,pass,-0.6875,6.0
constrained_ols_av,pass,-0.6875,1.0
constrained_ols_av,pass,-0.6875,0.0
constrained_ols_av,pass,-0.6875,0.0
constrained_ols_av,pass,-0.6875,4.0
constrained_ols_av,pass,-0.6875,5.0
constrained_ols_av,pass,-0.6875,4.0
constrained_ols_av,pass,-0.6875,0.0
constrained_ols_av,pass,-0.6875,8.0
constrained_ols_av,pass,-0.6875,8.0
constrained_ols_av,pass,-0.6875,0.0
constrained_ols_av,pass,-0.6875,2.0
constrained_ols_av,pass,-0.6875,5.0
constrained_ols_av,pass,-0.6875,3.0
constrained_ols_av,pass,-0.6875,2.0
constrained_ols_av,pass,-0.6875,3.0
constrained_ols_av,pass,-0.6875,8.0
constrained_ols_av,pass,-0.6875,6.0
constrained_ols_av,pass,-0.6875,4.0
constrained_ols_av,pass,-0.6875,7.0
constrained_ols_av,pass,-0.6875,5.0
constrained_ols_av,pass,-0.6875,3.0
constrained_ols_av,pass,-0.6875,0.0
constrained_ols_av,pass,-0.6875,4.0
constrained_ols_av,pass,-0.6875,5.0
constrained_ols_av,pass,-0.6875,0.0
constrained_ols_av,pass,-0.6875,0.0
constrained_ols_av,pass,-0.6875,3.0
constrained_ols_av,pass,-0.6875,3.0
constrained_ols_av,pass,-0.6875,0.0
constrained_ols_av,pass,-0.6875,4.0
constrained_ols_av,pass,-0.6875,3.0
constrained_ols_av,pass,-0.6875,0.0
constrained_ols_av,pass,-0.6875,2.0
constrained_ols_av,pass,-0.6875,4.0
constrained_ols_av,pass,-0.6875,2.0
constrained_ols_av,pass,-0.6875,9.0
constrained_ols_av,pass,-0.6875,0.0
constrained_ols_av,pass,-0.6875,5.0
constrained_ols_av,pass,-0.6875,0.0
constrained_ols_av,pass,-0.6875,0.0
constrained_ols_av,pass,-0.6875,3.0
constrained_ols_av,pass,-0.6875,2.0
constrained_ols_av,pass,-0.6875,2.0
constrained_ols_av,pass,-0.6875,0.0
constrained_ols_av,pass,-0.6875,3.0
constrained_ols_av,pass,-0.6875,2.0
constrained_ols_av,pass,-0.6875,0.0
constrained_ols_av,pass,-0.6875,6.0
constrained_ols_av,pass,-0.6875,0.0
constrained_ols_av,pass,-0.6875,1.0
constrained_ols_av,pass,-0.6875,2.0
constrained_ols_av,pass,-0.6875,4.0
constrained_ols_av,pass,-0.6875,0.0
constrained_ols_av,pass,-0.6875,8.0
constrained_ols_av,pass,-0.6875,0.0
constrained_ols_av,pass,-0.6875,4.0
constrained_ols_av,pass,-0.6875,6.0
constrained_ols_av,pass,-0.6875,8.0
constrained_ols_av,pass,-0.6875,0.0
constrained_ols_av,pass,-0.6875,0.0
constrained_ols_av,pass,-0.6875,1.0
constrained_ols_av,pass,-0.6875,1.0
constrained_ols_av,pass,-0.6875,2.0
constrained_ols_av,pass,-0.6875,6.0
constrained_ols_av,pass,-0.6875,2.0
constrained_ols_av,pass,-0.6875,0.0
constrained_ols_av,pass,-0.6875,0.0
constrained_ols_av,pass,-0.6875,3.0
constrained_ols_av,pass,-0.6875,6.0
constrained_ols_av,pass,-0.6875,5.0
constrained_ols_av,pass,-0.6875,3.0
constrained_ols_av,pass,-0.6875,3.0
constrained_ols_av,pass,-0.6875,4.0
constrained_ols_av,pass,-0.6875,7.0
constrained_ols_av,pass,-0.6875,6.0
constrained_ols_av,pass,-0.6875,0.0
constrained_ols_av,pass,-0.6875,4.0
constrained_ols_av,pass,-0.6875,4.0
constrained_ols_av,pass,-0.6875,4.0
constrained_ols_av,pass,-0.6875,2.0
constrained_ols_av,pass,-0.6875,4.0
constrained_ols_av,pass,-0.6875,0.0
constrained_ols_av,pass,-0.6875,7.0
constrained_ols_av,pass,-0.6875,2.0
constrained_ols_av,pass,-0.6875,3.0
constrained_ols_av,pass,-0.6875,5.0
constrained_ols_av,pass,-0.6875,6.0
constrained_ols_av,pass,-0.6875,8.0
constrained_ols_av,pass,-0.6875,3.0
constrained_ols_av,pass,-0.6875,6.0
constrained_ols_av,pass,-0.6875,2.0
constrained_ols_av,pass,-0.6875,0.0
constrained_ols_av,pass,-0.6875,1.0
constrained_ols_av,pass,-0.6875,2.0
constrained_ols_av,pass,-0.6875,7.0
constrained_ols_av,pass,-0.6875,4.0
constrained_ols_av,pass,-0.6875,5.0
constrained_ols_av,pass,-0.6875,3.0
constrained_ols_av,pass,-0.6875,3.0
constrained_ols_av,pass,-0.6875,3.0
constrained_ols_av,pass,-0.6875,1.0
constrained_ols_av,pass,-0.6875,3.0
constrained_ols_av,pass,-0.6875,3.0
constrained_ols_av,pass,-0.6875,8.0
constrained_ols_av,pass,-0.6875,4.0
constrained_ols_av,pass,-0.6875,9.0
constrained_ols_av,pass,-0.6875,3.0
constrained_ols_av,pass,-0.6875,0.0
constrained_ols_av,pass,-0.6875,0.0
constrained_ols_av,pass,-0.6875,0.0
constrained_ols_av,pass,-0.6875,4.0
constrained_ols_av,pass,-0.6875,0.0
constrained_ols_av,pass,-0.6875,2.0
constrained_ols_av,pass,-0.6875,5.0
constrained_ols_av,pass,-0.6875,5.0
constrained_ols_av,pass,-0.6875,7.0
constrained_ols_av,pass,-0.6875,0.0
constrained_ols_av,pass,-0.6875,3.0
constrained_ols_av,pass,-0.6875,4.0
constrained_ols_av,pass,-0.6875,7.0
constrained_ols_av,pass,-0.6875,6.0
constrained_ols_av,pass,-0.6875,1.0
constrained_ols_av,pass,-0.6875,5.0
constrained_ols_av,pass,-0.6875,3.0
constrained_ols_av,pass,-0.6875,0.0
constrained_ols_av,pass,-0.6875,9.0
constrained_ols_av,pass,-0.6875,0.0
constrained_ols_av,pass,-0.6875,0.0
constrained_ols_av,pass,-0.6875,7.0
constrained_ols_av,pass,-0.6875,0.0
constrained_ols_av,pass,-0.6875,3.0
constrained_ols_av,pass,-0.6875,5.0
constrained_ols_av,pass,-0.6875,6.0
constrained_ols_av,pass,-0.6875,4.0
constrained_ols_av,pass,-0.6875,7.0
constrained_ols_av,pass,-0.6875,9.0
constrained_ols_av,pass,-0.6875,6.0
constrained_ols_av,pass,-0.6875,0.0
constrained_ols_av,pass,-0.6875,0.0
constrained_ols_av,pass,-0.6875,7.0
constrained_ols_av,pass,-0.6875,4.0
constrained_ols_av,pass,-0.6875,5.0
constrained_ols_av,pass,-0.6875,2.0
constrained_ols_av,pass,-0.6875,1.0
constrained_ols_av,pass,-0.6875,6.0
constrained_ols_av,pass,-0.6875,3.0
constrained_ols_av,pass,-0.6875,0.0
constrained_ols_av,pass,-0.6875,5.0
constrained_ols_av,pass,-0.6875,4.0
constrained_ols_av,pass,-0.6875,0.0
constrained_ols_av,pass,-0.6875,6.0
constrained_ols_av,pass,-0.6875,3.0
constrained_ols_av,pass,-0.6875,6.0
constrained_ols_av,pass,-0.6875,2.0
constrained_ols_av,pass,-0.6875,5.0
constrained_ols_av,pass,-0.6875,4.0
constrained_ols_av,pass,-0.6875,6.0
constrained_ols_av,pass,-0.6875,5.0
constrained_ols_av,pass,-0.6875,3.0
constrained_ols_av,pass,-0.6875,0.0
constrained_ols_av,pass,-0.6875,0.0
constrained_ols_av,pass,-0.6875,6.0
constrained_ols_av,pass,-0.6875,2.0
constrained_ols_av,pass,-0.6875,0.0
constrained_ols_av,pass,-0.6875,2.0
constrained_ols_av,pass,-0.6875,4.0
constrained_ols_av,pass,-0.6875,0.0
constrained_ols_av,pass,-0.6875,4.0
constrained_ols_av,pass,-0.6875,7.0
constrained_ols_av,pass,-0.6875,1.0
constrained_ols_av,pass,-0.6875,4.0
constrained_ols_av,pass,-0.6875,3.0
constrained_ols_av,pass,-0.6875,0.0
constrained_ols_av,pass,-0.6875,2.0
constrained_ols_av,pass,-0.6875,4.0
constrained_ols_av,pass,-0.6875,4.0
constrained_ols_av,pass,-0.6875,0.0
constrained_ols_av,pass,-0.6875,3.0
constrained_ols_av,pass,-0.6875,7.0
constrained_ols_av,pass,-0.6875,4.0
constrained_ols_av,pass,-0.6875,6.0
constrained_ols_av,pass,-0.6875,0.0
constrained_ols_av,pass,-0.6875,0.0
constrained_ols_av,pass,-0.6875,2.0
constrained_ols_av,pass,-0.6875,3.0
constrained_ols_av,pass,-0.6875,4.0
constrained_ols_av,pass,-0.6875,3.0
constrained_ols_av,pass,-0.6875,0.0
constrained_ols_av,pass,-0.6875,4.0
constrained_ols_av,pass,-0.6875,7.0
constrained_ols_av,pass,-0.6875,4.0
constrained_ols_av,pass,-0.6875,5.0
constrained_ols_av,pass,-0.6875,3.0
constrained_ols_av,pass,-0.6875,0.0
constrained_ols_av,pass,-0.6875,0.0
constrained_ols_av,pass,-0.6875,0.0
constrained_ols_av,pass,-0.6875,6.0
constrained_ols_av,pass,-0.6875,2.0
constrained_ols_av,pass,-0.6875,0.0
constrained_ols_av,pass,-0.6875,7.0
constrained_ols_av,pass,-0.6875,3.0
constrained_ols_av,pass,-0.6875,8.0
constrained_ols_av,pass,-0.6875,5.0
constrained_ols_av,pass,-0.6875,1.0
constrained_ols_av,pass,-0.6875,0.0
constrained_ols_av,pass,-0.6875,1.0
constrained_ols_av,pass,-0.6875,6.0
constrained_ols_av,pass,-0.6875,5.0
constrained_ols_av,pass,-0.6875,4.0
constrained_ols_av,pass,-0.6875,0.0
constrained_ols_av,pass,-0.6875,0.0
constrained_ols_av,pass,-0.6875,5.0
constrained_ols_av,pass,-0.6875,7.0
constrained_ols_av,pass,-0.6875,2.0
constrained_ols_av,pass,-0.6875,4.0
constrained_ols_av,pass,-0.6875,8.0
constrained_ols_av,pass,-0.6875,4.0
constrained_ols_av,pass,-0.6875,7.0
constrained_ols_av,pass,-0.6875,3.0
constrained_ols_av,pass,-0.6875,9.0
constrained_ols_av,pass,-0.6875,5.0
constrained_ols_av,pass,-0.6875,8.0
constrained_ols_av,pass,-0.6875,8.0
constrained_ols_av,pass,-0.6875,6.0
constrained_ols_av,pass,-0.6875,0.0
constrained_ols_av,pass,-0.6875,0.0
constrained_ols_av,pass,-0.6875,8.0
constrained_ols_av,pass,-0.6875,2.0
constrained_ols_av,pass,-0.6875,3.0
constrained_ols_av,pass,-0.6875,6.0
constrained_ols_av,pass,-0.6875,4.0
constrained_ols_av,pass,-0.6875,4.0
constrained_ols_av,pass,-0.6875,5.0
constrained_ols_av,pass,-0.6875,0.0
constrained_ols_av,pass,-0.6875,2.0
constrained_ols_av,pass,-0.6875,0.0
constrained_ols_av,pass,-0.6875,7.0
constrained_ols_av,pass,-0.6875,0.0
constrained_ols_av,pass,-0.6875,3.0
constrained_ols_av,pass,-0.6875,3.0
constrained_ols_av,pass,-0.6875,2.0
constrained_ols_av,pass,-0.6875,0.0
constrained_ols_av,pass,-0.6875,4.0
constrained_ols_av,pass,-0.6875,2.0
constrained_ols_av,pass,-0.6875,0.0
constrained_ols_av,pass,-0.6875,7.0
constrained_ols_av,pass,-0.6875,4.0
constrained_ols_av,pass,-0.6875,4.0
constrained_ols_av,pass,-0.6875,9.0
constrained_ols_av,pass,-0.6875,7.0
constrained_ols_av,pass,-0.6875,7.0
constrained_ols_av,pass,-0.6875,8.0
constrained_ols_av,pass,-0.6875,0.0
constrained_ols_av,pass,-0.6875,0.0
constrained_ols_av,pass,-0.6875,7.0
constrained_ols_av,pass,-0.6875,4.0
constrained_ols_av,pass,-0.6875,8.0
constrained_ols_av,pass,-0.6875,5.0
constrained_ols_av,pass,-0.6875,0.0
constrained_ols_av,pass,-0.6875,0.0
constrained_ols_av,pass,-0.6875,0.0
constrained_ols_av,pass,-0.6875,5.0
constrained_ols_av,pass,-0.6875,3.0
constrained_ols_av,pass,-0.6875,8.0
constrained_ols_av,pass,-0.6875,5.0
constrained_ols_av,pass,-0.6875,3.0
constrained_ols_av,pass,-0.6875,0.0
constrained_ols_av,pass,-0.6875,2.0
constrained_ols_av,pass,-0.6875,5.0
constrained_ols_av,pass,-0.6875,7.0
constrained_ols_av,pass,-0.6875,3.0
constrained_ols_av,pass,-0.6875,0.0
constrained_ols_av,pass,-0.6875,0.0
constrained_ols_av,pass,-0.6875,5.0
constrained_ols_av,pass,-0.6875,0.0
constrained_ols_av,pass,-0.6875,0.0
constrained_ols_av,pass,-0.6875,9.0
constrained_ols_av,pass,-0.6875,2.0
constrained_ols_av,pass,-0.6875,1.0
constrained_ols_av,pass,-0.6875,9.0
constrained_ols_av,pass,-0.6875,0.0
constrained_ols_av,pass,-0.6875,3.0
constrained_ols_av,pass,-0.6875,0.0
constrained_ols_av,pass,-0.6875,7.0
constrained_ols_av,pass,-0.6875,0.0
constrained_ols_av,pass,-0.6875,5.0
constrained_ols_av,pass,-0.6875,4.0
constrained_ols_av,pass,-0.6875,0.0
constrained_ols_av,pass,-0.6875,5.0
constrained_ols_av,pass,-0.6875,4.0
constrained_ols_av,pass,-0.6875,5.0
constrained_ols_av,pass,-0.6875,0.0
constrained_ols_av,pass,-0.6875,0.0
constrained_ols_av,pass,-0.6875,6.0
constrained_ols_av,pass,-0.6875,2.0
constrained_ols_av,pass,-0.6875,6.0
constrained_ols_av,pass,-0.6875,0.0
constrained_ols_av,pass,-0.6875,1.0
constrained_ols_av,pass,-0.6875,2.0
constrained_ols_av,pass,-0.6875,0.0
constrained_ols_av,pass,-0.6875,5.0
constrained_ols_av,pass,-0.6875,5.0
constrained_ols_av,pass,-0.6875,0.0
constrained_ols_av,pass,-0.6875,3.0
constrained_ols_av,pass,-0.6875,0.0
constrained_ols_av,pass,-0.6875,7.0
constrained_ols_av,pass,-0.6875,3.0
constrained_ols_av,pass,-0.6875,4.0
constrained_ols_av,pass,-0.6875,4.0
constrained_ols_av,pass,-0.6875,0.0
constrained_ols_av,pass,-0.6875,0.0
constrained_ols_av,pass,-0.6875,5.0
constrained_ols_av,pass,-0.6875,3.0
constrained_ols_av,pass,-0.6875,3.0
constrained_ols_av,pass,-0.6875,5.0
constrained_ols_av,pass,-0.6875,3.0
constrained_ols_av,pass,-0.6875,3.0
constrained_ols_av,pass,-0.6875,5.0
constrained_ols_av,pass,-0.6875,4.0
constrained_ols_av,pass,-0.6875,3.0
constrained_ols_av,pass,-0.6875,0.0
constrained_ols_av,pass,-0.6875,3.0
constrained_ols_av,pass,-0.6875,4.0
constrained_ols_av,pass,-0.6875,5.0
constrained_ols_av,pass,-0.6875,0.0
constrained_ols_av,pass,-0.6875,5.0
constrained_ols_av,pass,-0.6875,7.0
constrained_ols_av,pass,-0.6875,5.0
constrained_ols_av,pass,-0.6875,6.0
constrained_ols_av,pass,-0.6875,0.0
constrained_ols_av,pass,-0.6875,2.0
constrained_ols_av,pass,-0.6875,3.0
constrained_ols_av,pass,-0.6875,8.0
constrained_ols_av,pass,-0.6875,2.0
constrained_ols_av,pass,-0.6875,0.0
constrained_ols_av,pass,-0.6875,4.0
constrained_ols_av,pass,-0.6875,0.0
constrained_ols_av,pass,-0.6875,9.0
constrained_ols_av,pass,-0.6875,2.0
constrained_ols_av,pass,-0.6875,0.0
constrained_ols_av,pass,-0.6875,3.0
constrained_ols_av,pass,-0.6875,1.0
constrained_ols_av,pass,-0.6875,4.0
constrained_ols_av,pass,-0.6875,0.0
constrained_ols_av,pass,-0.6875,0.0
constrained_ols_av,pass,-0.6875,5.0
constrained_ols_av,pass,-0.6875,6.0
constrained_ols_av,pass,-0.6875,7.0
constrained_ols_av,pass,-0.6875,4.0
constrained_ols_av,pass,-0.6875,0.0
constrained_ols_av,pass,-0.6875,0.0
constrained_ols_av,pass,-0.6875,2.0
constrained_ols_av,pass,-0.6875,0.0
constrained_ols_av,pass,-0.6875,0.0
constrained_ols_av,pass,-0.6875,2.0
constrained_ols_av,pass,-0.6875,4.0
constrained_ols_av,pass,-0.6875,4.0
constrained_ols_av,pass,-0.6875,10.0
constrained_ols_av,pass,-0.6875,0.0
constrained_ols_av,pass,-0.6875,10.0
constrained_ols_av,pass,-0.6875,7.0
constrained_ols_av,pass,-0.6875,0.0
constrained_ols_av,pass,-0.6875,5.0
constrained_ols_av,pass,-0.6875,0.0
constrained_ols_av,pass,-0.6875,4.0
constrained_ols_av,pass,-0.6875,5.0
constrained_ols_av,pass,-0.6875,4.0
constrained_ols_av,pass,-0.6875,0.0
constrained_ols_av,pass,-0.6875,0.0
constrained_ols_av,pass,-0.6875,0.0
constrained_ols_av,pass,-0.6875,0.0
constrained_ols_av,pass,-0.6875,4.0
constrained_ols_av,pass,-0.6875,2.0
constrained_ols_av,pass,-0.6875,9.0
constrained_ols_av,pass,-0.6875,6.0
constrained_ols_av,pass,-0.6875,0.0
constrained_ols_av,pass,-0.6875,8.0
constrained_ols_av,pass,-0.6875,7.0
constrained_ols_av,pass,-0.6875,3.0
constrained_ols_av,pass,-0.6875,2.0
constrained_ols_av,pass,-0.6875,3.0
constrained_ols_av,pass,-0.6875,0.0
constrained_ols_av,pass,-0.6875,2.0
constrained_ols_av,pass,-0.6875,5.0
constrained_ols_av,pass,-0.6875,3.0
constrained_ols_av,pass,-0.6875,9.0
constrained_ols_av,pass,-0.6875,3.0
constrained_ols_av,pass,-0.6875,4.0
constrained_ols_av,pass,-0.6875,0.0
constrained_ols_av,pass,-0.6875,0.0
constrained_ols_av,pass,-0.6875,6.0
constrained_ols_av,pass,-0.6875,5.0
constrained_ols_av,pass,-0.6875,2.0
constrained_ols_av,pass,-0.6875,5.0
constrained_ols_av,pass,-0.6875,0.0
constrained_ols_av,pass,-0.6875,8.0
constrained_ols_av,pass,-0.6875,0.0
constrained_ols_av,pass,-0.6875,4.0
constrained_ols_av,pass,-0.6875,5.0
constrained_ols_av,pass,-0.6875,5.0
constrained_ols_av,pass,-0.6875,3.0
constrained_ols_av,pass,-0.6875,6.0
constrained_ols_av,pass,-0.6875,4.0
constrained_ols_av,pass,-0.6875,2.0
constrained_ols_av,pass,-0.6875,0.0
constrained_ols_av,pass,-0.6875,4.0
constrained_ols_av,pass,-0.6875,6.0
constrained_ols_av,pass,-0.6875,7.0
constrained_ols_av,pass,-0.6875,5.0
constrained_ols_av,pass,-0.6875,10.0
constrained_ols_av,pass,-0.6875,2.0
constrained_ols_av,pass,-0.6875,7.0
constrained_ols_av,pass,-0.6875,5.0
constrained_ols_av,pass,-0.6875,0.0
constrained_ols_av,pass,-0.6875,8.0
constrained_ols_av,pass,-0.6875,3.0
constrained_ols_av,pass,-0.6875,7.0
constrained_ols_av,pass,-0.6875,5.0
constrained_ols_av,pass,-0.6875,0.0
constrained_ols_av,pass,-0.6875,8.0
constrained_ols_av,pass,-0.6875,7.0
constrained_ols_av,pass,-0.6875,4.0
constrained_ols_av,pass,-0.6875,3.0
constrained_ols_av,pass,-0.6875,0.0
constrained_ols_av,pass,-0.6875,0.0
constrained_ols_av,pass,-0.6875,3.0
constrained_ols_av,pass,-0.6875,0.0
constrained_ols_av,pass,-0.6875,3.0
constrained_ols_av,pass,-0.6875,6.0
constrained_ols_av,pass,-0.6875,7.0
constrained_ols_av,pass,-0.6875,7.0
constrained_ols_av,pass,-0.6875,10.0
constrained_ols_av,pass,-0.6875,8.0
constrained_ols_av,pass,-0.6875,6.0
constrained_ols_av,pass,-0.6875,3.0
constrained_ols_av,pass,-0.6875,8.0
constrained_ols_av,pass,-0.6875,5.0
constrained_ols_av,pass,-0.6875,0.0
constrained_ols_av,pass,-0.6875,0.0
constrained_ols_av,pass,-0.6875,1.0
constrained_ols_av,pass,-0.6875,5.0
constrained_ols_av,pass,-0.6875,4.0
constrained_ols_av,pass,-0.6875,1.0
constrained_ols_av,pass,-0.6875,4.0
constrained_ols_av,pass,-0.6875,0.0
constrained_ols_av,pass,-0.6875,0.0
constrained_ols_av,pass,-0.6875,4.0
constrained_ols_av,pass,-0.6875,5.0
constrained_ols_av,pass,-0.6875,2.0
constrained_ols_av,pass,-0.6875,7.0
constrained_ols_av,pass,-0.6875,3.0
constrained_ols_av,pass,-0.6875,3.0
constrained_ols_av,pass,-0.6875,4.0
constrained_ols_av,pass,-0.6875,0.0
constrained_ols_av,pass,-0.6875,0.0
constrained_ols_av,pass,-0.6875,6.0
constrained_ols_av,pass,-0.6875,4.0
constrained_ols_av,pass,-0.6875,0.0
constrained_ols_av,pass,-0.6875,0.0
constrained_ols_av,pass,-0.6875,8.0
constrained_ols_av,pass,-0.6875,1.0
constrained_ols_av,pass,-0.6875,4.0
constrained_ols_av,pass,-0.6875,7.0
constrained_ols_av,pass,-0.6875,4.0
constrained_ols_av,pass,-0.6875,0.0
constrained_ols_av,pass,-0.6875,2.0
constrained_ols_av,pass,-0.6875,7.0
constrained_ols_av,pass,-0.6875,0.0
constrained_ols_av,pass,-0.6875,0.0
constrained_ols_av,pass,-0.6875,4.0
constrained_ols_av,pass,-0.6875,0.0
constrained_ols_av,pass,-0.6875,0.0
constrained_ols_av,pass,-0.6875,5.0
constrained_ols_av,pass,-0.6875,2.0
constrained_ols_av,pass,-0.6875,9.0
constrained_ols_av,pass,-0.6875,7.0
constrained_ols_av,pass,-0.6875,0.0
constrained_ols_av,pass,-0.6875,5.0
constrained_ols_av,pass,-0.6875,6.0
constrained_ols_av,pass,-0.6875,0.0
constrained_ols_av,pass,-0.6875,3.0
constrained_ols_av,pass,-0.6875,1.0
constrained_ols_av,pass,-0.6875,0.0
constrained_ols_av,pass,-0.6875,2.0
constrained_ols_av,pass,-0.6875,2.0
constrained_ols_av,pass,-0.6875,8.0
constrained_ols_av,pass,-0.6875,5.0
constrained_ols_av,pass,-0.6875,0.0
constrained_ols_av,pass,-0.6875,0.0
constrained_ols_av,pass,-0.6875,3.0
constrained_ols_av,pass,-0.6875,2.0
constrained_ols_av,pass,-0.6875,4.0
constrained_ols_av,pass,-0.6875,4.0
constrained_ols_av,pass,-0.6875,0.0
constrained_ols_av,pass,-0.6875,5.0
constrained_ols_av,pass,-0.6875,0.0
constrained_ols_av,pass,-0.6875,7.0
constrained_ols_av,pass,-0.6875,7.0
constrained_ols_av,pass,-0.6875,0.0
constrained_ols_av,pass,-0.6875,6.0
constrained_ols_av,pass,-0.6875,5.0
constrained_ols_av,pass,-0.6875,3.0
constrained_ols_av,pass,-0.6875,0.0
constrained_ols_av,pass,-0.6875,4.0
constrained_ols_av,pass,-0.6875,4.0
constrained_ols_av,pass,-0.6875,9.0
constrained_ols_av,pass,-0.6875,3.0
constrained_ols_av,pass,-0.6875,5.0
constrained_ols_av,pass,-0.6875,2.0
constrained_ols_av,pass,-0.6875,4.0
constrained_ols_av,pass,-0.6875,4.0
constrained_ols_av,pass,-0.6875,8.0
constrained_ols_av,pass,-0.6875,6.0
constrained_ols_av,pass,-0.6875,3.0
constrained_ols_av,pass,-0.6875,0.0
constrained_ols_av,pass,-0.6875,7.0
constrained_ols_av,pass,-0.6875,0.0
constrained_ols_av,pass,-0.6875,0.0
constrained_ols_av,pass,-0.6875,0.0
constrained_ols_av,pass,-0.6875,3.0
constrained_ols_av,pass,-0.6875,5.0
constrained_ols_av,pass,-0.6875,5.0
constrained_ols_av,pass,-0.6875,2.0
constrained_ols_av,pass,-0.6875,0.0
constrained_ols_av,pass,-0.6875,0.0
constrained_ols_av,pass,-0.6875,1.0
constrained_ols_av,pass,-0.6875,2.0
constrained_ols_av,pass,-0.6875,4.0
constrained_ols_av,pass,-0.6875,8.0
constrained_ols_av,pass,-0.6875,4.0
constrained_ols_av,pass,-0.6875,2.0
constrained_ols_av,pass,-0.6875,8.0
constrained_ols_av,pass,-0.6875,0.0
constrained_ols_av,pass,-0.6875,0.0
constrained_ols_av,pass,-0.6875,7.0
constrained_ols_av,pass,-0.6875,0.0
constrained_ols_av,pass,-0.6875,4.0
constrained_ols_av,pass,-0.6875,1.0
constrained_ols_av,pass,-0.6875,0.0
constrained_ols_av,pass,-0.6875,0.0
constrained_ols_av,pass,-0.6875,4.0
constrained_ols_av,pass,-0.6875,6.0
constrained_ols_av,pass,-0.6875,9.0
constrained_ols_av,pass,-0.6875,5.0
constrained_ols_av,pass,-0.6875,3.0
constrained_ols_av,pass,-0.6875,0.0
constrained_ols_av,pass,-0.6875,5.0
constrained_ols_av,pass,-0.6875,4.0
constrained_ols_av,pass,-0.6875,2.0
constrained_ols_av,pass,-0.6875,0.0
constrained_ols_av,pass,-0.6875,5.0
constrained_ols_av,pass,-0.6875,5.0
constrained_ols_av,pass,-0.6875,4.0
constrained_ols_av,pass,-0.6875,4.0
constrained_ols_av,pass,-0.6875,0.0
constrained_ols_av,pass,-0.6875,6.0
constrained_ols_av,pass,-0.6875,10.0
constrained_ols_av,pass,-0.6875,6.0
constrained_ols_av,pass,-0.6875,4.0
constrained_ols_av,pass,-0.6875,2.0
constrained_ols_av,pass,-0.6875,4.0
constrained_ols_av,pass,-0.6875,0.0
constrained_ols_av,pass,-0.6875,4.0
constrained_ols_av,pass,-0.6875,0.0
constrained_ols_av,pass,-0.6875,0.0
constrained_ols_av,pass,-0.6875,6.0
constrained_ols_av,pass,-0.6875,0.0
constrained_ols_av,pass,-0.6875,2.0
constrained_ols_av,pass,-0.6875,5.0
constrained_ols_av,pass,-0.6875,3.0
constrained_ols_av,pass,-0.6875,3.0
constrained_ols_av,pass,-0.6875,2.0
constrained_ols_av,pass,-0.6875,6.0
constrained_ols_av,pass,-0.6875,7.0
constrained_ols_av,pass,-0.6875,0.0
constrained_ols_av,pass,-0.6875,0.0
constrained_ols_av,pass,-0.6875,0.0
constrained_ols_av,pass,-0.6875,0.0
constrained_ols_av,pass,-0.6875,0.0
constrained_ols_av,pass,-0.6875,0.0
constrained_ols_av,pass,-0.6875,0.0
constrained_ols_av,pass,-0.6875,8.0
constrained_ols_av,pass,-0.6875,3.0
constrained_ols_av,pass,-0.6875,0.0
constrained_ols_av,pass,-0.6875,4.0
constrained_ols_av,pass,-0.6875,10.0
constrained_ols_av,pass,-0.6875,0.0
constrained_ols_av,pass,-0.6875,3.0
constrained_ols_av,pass,-0.6875,4.0
constrained_ols_av,pass,-0.6875,0.0
constrained_ols_av,pass,-0.6875,0.0
constrained_ols_av,pass,-0.6875,4.0
constrained_ols_av,pass,-0.6875,4.0
constrained_ols_av,pass,-0.6875,0.0
constrained_ols_av,pass,-0.6875,4.0
constrained_ols_av,pass,-0.6875,0.0
constrained_ols_av,pass,-0.6875,2.0
constrained_ols_av,pass,-0.6875,4.0
constrained_ols_av,pass,-0.6875,2.0
constrained_ols_av,pass,-0.6875,4.0
constrained_ols_av,pass,-0.6875,8.0
constrained_ols_av,pass,-0.6875,0.0
constrained_ols_av,pass,-0.6875,2.0
constrained_ols_av,pass,-0.6875,0.0
constrained_ols_av,pass,-0.6875,9.0
constrained_ols_av,pass,-0.6875,4.0
constrained_ols_av,pass,-0.6875,3.0
constrained_ols_av,pass,-0.6875,4.0
constrained_ols_av,pass,-0.6875,5.0
constrained_ols_av,pass,-0.6875,0.0
constrained_ols_av,pass,-0.6875,0.0
constrained_ols_av,pass,-0.6875,4.0
constrained_ols_av,pass,-0.6875,4.0
constrained_ols_av,pass,-0.6875,0.0
constrained_ols_av,pass,-0.6875,0.0
constrained_ols_av,pass,-0.6875,6.0
constrained_ols_av,pass,-0.6875,6.0
constrained_ols_av,pass,-0.6875,0.0
constrained_ols_av,pass,-0.6875,2.0
constrained_ols_av,pass,-0.6875,8.0
constrained_ols_av,pass,-0.6875,7.0
constrained_ols_av,pass,-0.6875,0.0
constrained_ols_av,pass,-0.6875,4.0
constrained_ols_av,pass,-0.6875,4.0
constrained_ols_av,pass,-0.6875,0.0
constrained_ols_av,pass,-0.6875,0.0
constrained_ols_av,pass,-0.6875,7.0
constrained_ols_av,pass,-0.6875,7.0
constrained_ols_av,pass,-0.6875,5.0
constrained_ols_av,pass,-0.6875,2.0
constrained_ols_av,pass,-0.6875,7.0
constrained_ols_av,pass,-0.6875,9.0
constrained_ols_av,pass,-0.6875,0.0
constrained_ols_av,pass,-0.6875,2.0
constrained_ols_av,pass,-0.6875,3.0
constrained_ols_av,pass,-0.6875,4.0
constrained_ols_av,pass,-0.6875,0.0
constrained_ols_av,pass,-0.6875,3.0
constrained_ols_av,pass,-0.6875,0.0
constrained_ols_av,pass,-0.6875,5.0
constrained_ols_av,pass,-0.6875,5.0
constrained_ols_av,pass,-0.6875,5.0
constrained_ols_av,pass,-0.6875,3.0
constrained_ols_av,pass,-0.6875,2.0
constrained_ols_av,pass,-0.6875,8.0
constrained_ols_av,pass,-0.6875,2.0
constrained_ols_av,pass,-0.6875,5.0
constrained_ols_av,pass,-0.6875,9.0
constrained_ols_av,pass,-0.6875,4.0
constrained_ols_av,pass,-0.6875,0.0
constrained_ols_av,pass,-0.6875,2.0
constrained_ols_av,pass,-0.6875,0.0
constrained_ols_av,pass,-0.6875,6.0
constrained_ols_av,pass,-0.6875,2.0
constrained_ols_av,pass,-0.6875,3.0
constrained_ols_av,pass,-0.6875,3.0
constrained_ols_av,pass,-0.6875,5.0
constrained_ols_av,pass,-0.6875,3.0
constrained_ols_av,pass,-0.6875,8.0
constrained_ols_av,pass,-0.6875,5.0
constrained_ols_av,pass,-0.6875,2.0
constrained_ols_av,pass,-0.6875,5.0
constrained_ols_av,pass,-0.6875,7.0
constrained_ols_av,pass,-0.6875,0.0
constrained_ols_av,pass,-0.6875,0.0
constrained_ols_av,pass,-0.6875,6.0
constrained_ols_av,pass,-0.6875,9.0
constrained_ols_av,pass,-0.6875,7.0
constrained_ols_av,pass,-0.6875,1.0
constrained_ols_av,pass,-0.6875,5.0
constrained_ols_av,pass,-0.6875,7.0
constrained_ols_av,pass,-0.6875,8.0
constrained_ols_av,pass,-0.6875,3.0
constrained_ols_av,pass,-0.6875,5.0
constrained_ols_av,pass,-0.6875,9.0
constrained_ols_av,pass,-0.6875,0.0
constrained_ols_av,pass,-0.6875,4.0
constrained_ols_av,pass,-0.6875,5.0
constrained_ols_av,pass,-0.6875,0.0
constrained_ols_av,pass,-0.6875,0.0
constrained_ols_av,pass,-0.6875,8.0
constrained_ols_av,pass,-0.6875,3.0
constrained_ols_av,pass,-0.6875,2.0
constrained_ols_av,pass,-0.6875,0.0
constrained_ols_av,pass,-0.6875,6.0
constrained_ols_av,pass,-0.6875,4.0
constrained_ols_av,pass,-0.6875,4.0
constrained_ols_av,pass,-0.6875,4.0
constrained_ols_av,pass,-0.6875,5.0
constrained_ols_av,pass,-0.6875,5.0
constrained_ols_av,pass,-0.6875,7.0
constrained_ols_av,pass,-0.6875,0.0
constrained_ols_av,pass,-0.6875,6.0
constrained_ols_av,pass,-0.6875,0.0
constrained_ols_av,pass,-0.6875,3.0
constrained_ols_av,pass,-0.6875,5.0
constrained_ols_av,pass,-0.6875,6.0
constrained_ols_av,pass,-0.6875,1.0
constrained_ols_av,pass,-0.6875,3.0
constrained_ols_av,pass,-0.6875,6.0
constrained_ols_av,pass,-0.6875,0.0
constrained_ols_av,pass,-0.6875,2.0
constrained_ols_av,pass,-0.6875,2.0
constrained_ols_av,pass,-0.6875,4.0
constrained_ols_av,pass,-0.6875,3.0
constrained_ols_av,pass,-0.6875,6.0
constrained_ols_av,pass,-0.6875,3.0
constrained_ols_av,pass,-0.6875,0.0
constrained_ols_av,pass,-0.6875,6.0
constrained_ols_av,pass,-0.6875,0.0
constrained_ols_av,pass,-0.6875,0.0
constrained_ols_av,pass,-0.6875,3.0
constrained_ols_av,pass,-0.6875,5.0
constrained_ols_av,pass,-0.6875,0.0
constrained_ols_av,pass,-0.6875,6.0
constrained_ols_av,pass,-0.6875,3.0
constrained_ols_av,pass,-0.6875,8.0
constrained_ols_av,pass,-0.6875,9.0
constrained_ols_av,pass,-0.6875,0.0
constrained_ols_av,pass,-0.6875,3.0
constrained_ols_av,pass,-0.6875,3.0
constrained_ols_av,pass,-0.6875,0.0
constrained_ols_av,pass,-0.6875,7.0
constrained_ols_av,pass,-0.6875,0.0
constrained_ols_av,pass,-0.6875,2.0
constrained_ols_av,pass,-0.6875,5.0
constrained_ols_av,pass,-0.6875,2.0
constrained_ols_av,pass,-0.6875,0.0
constrained_ols_av,pass,-0.6875,3.0
constrained_ols_av,pass,-0.6875,3.0
constrained_ols_av,pass,-0.6875,3.0
constrained_ols_av,pass,-0.6875,0.0
constrained_ols_av,pass,-0.6875,0.0
constrained_ols_av,pass,-0.6875,0.0
constrained_ols_av,pass,-0.6875,6.0
constrained_ols_av,pass,-0.6875,5.0
constrained_ols_av,pass,-0.6875,5.0
constrained_ols_av,pass,-0.6875,2.0
constrained_ols_av,pass,-0.6875,2.0
constrained_ols_av,pass,-0.6875,3.0
constrained_ols_av,pass,-0.6875,6.0
constrained_ols_av,pass,-0.6875,5.0
constrained_ols_av,pass,-0.6875,5.0
constrained_ols_av,pass,-0.6875,0.0
constrained_ols_av,pass,-0.6875,0.0
constrained_ols_av,pass,-0.6875,0.0
constrained_ols_av,pass,-0.6875,2.0
constrained_ols_av,pass,-0.6875,0.0
constrained_ols_av,pass,-0.6875,8.0
constrained_ols_av,pass,-0.6875,3.0
constrained_ols_av,pass,-0.6875,0.0
constrained_ols_av,pass,-0.6875,5.0
constrained_ols_av,pass,-0.6875,0.0
constrained_ols_av,pass,-0.6875,7.0
constrained_ols_av,pass,-0.6875,2.0
constrained_ols_av,pass,-0.6875,0.0
constrained_ols_av,pass,-0.6875,6.0
constrained_ols_av,pass,-0.6875,5.0
constrained_ols_av,pass,-0.6875,4.0
constrained_ols_av,pass,-0.6875,4.0
constrained_ols_av,pass,-0.6875,2.0
constrained_ols_av,pass,-0.6875,0.0
constrained_ols_av,pass,-0.6875,7.0
constrained_ols_av,pass,-0.6875,0.0
constrained_ols_av,pass,-0.6875,4.0
constrained_ols_av,pass,-0.6875,4.0
constrained_ols_av,pass,-0.6875,4.0
constrained_ols_av,pass,-0.6875,0.0
constrained_ols_av,pass,-0.6875,4.0
constrained_ols_av,pass,-0.6875,0.0
constrained_ols_av,pass,-0.6875,0.0
constrained_ols_av,pass,-0.6875,0.0
constrained_ols_av,pass,-0.6875,3.0
constrained_ols_av,pass,-0.6875,2.0
constrained_ols_av,pass,-0.6875,2.0
constrained_ols_av,pass,-0.6875,0.0
constrained_ols_av,pass,-0.6875,2.0
constrained_ols_av,pass,-0.6875,2.0
constrained_ols_av,pass,-0.6875,0.0
constrained_ols_av,pass,-0.6875,6.0
constrained_ols_av,pass,-0.6875,0.0
constrained_ols_av,pass,-0.6875,0.0
constrained_ols_av,pass,-0.6875,3.0
constrained_ols_av,pass,-0.6875,0.0
constrained_ols_av,pass,-0.6875,10.0
constrained_ols_av,pass,-0.6875,5.0
constrained_ols_av,pass,-0.6875,0.0
constrained_ols_av,pass,-0.6875,0.0
constrained_ols_av,pass,-0.6875,6.0
constrained_ols_av,pass,-0.6875,0.0
constrained_ols_av,pass,-0.6875,3.0
constrained_ols_av,pass,-0.6875,5.0
constrained_ols_av,pass,-0.6875,4.0
constrained_ols_av,pass,-0.6875,1.0
constrained_ols_av,pass,-0.6875,9.0
constrained_ols_av,pass,-0.6875,0.0
constrained_ols_av,pass,-0.6875,4.0
constrained_ols_av,pass,-0.6875,5.0
constrained_ols_av,pass,-0.6875,3.0
constrained_ols_av,pass,-0.6875,4.0
constrained_ols_av,pass,-0.6875,8.0
constrained_ols_av,pass,-0.6875,3.0
constrained_ols_av,pass,-0.6875,7.0
constrained_ols_av,pass,-0.6875,0.0
constrained_ols_av,pass,-0.6875,3.0
constrained_ols_av,pass,-0.6875,0.0
constrained_ols_av,pass,-0.6875,9.0
constrained_ols_av,pass,-0.6875,0.0
constrained_ols_av,pass,-0.6875,4.0
constrained_ols_av,pass,-0.6875,5.0
constrained_ols_av,pass,-0.6875,3.0
constrained_ols_av,pass,-0.6875,0.0
constrained_ols_av,pass,-0.6875,3.0
constrained_ols_av,pass,-0.6875,4.0
constrained_ols_av,pass,-0.6875,4.0
constrained_ols_av,pass,-0.6875,5.0
constrained_ols_av,pass,-0.6875,0.0
constrained_ols_av,pass,-0.6875,0.0
constrained_ols_av,pass,-0.6875,2.0
constrained_ols_av,pass,-0.6875,0.0
constrained_ols_av,pass,-0.6875,5.0
constrained_ols_av,pass,-0.6875,0.0
constrained_ols_av,pass,-0.6875,5.0
constrained_ols_av,pass,-0.6875,0.0
constrained_ols_av,pass,-0.6875,2.0
constrained_ols_av,pass,-0.6875,6.0
constrained_ols_av,pass,-0.6875,7.0
constrained_ols_av,pass,-0.6875,0.0
constrained_ols_av,pass,-0.6875,0.0
constrained_ols_av,pass,-0.6875,0.0
constrained_ols_av,pass,-0.6875,4.0
constrained_ols_av,pass,-0.6875,4.0
constrained_ols_av,pass,-0.6875,3.0
constrained_ols_av,pass,-0.6875,5.0
constrained_ols_av,pass,-0.6875,3.0
constrained_ols_av,pass,-0.6875,0.0
constrained_ols_av,pass,-0.6875,0.0
constrained_ols_av,pass,-0.6875,0.0
constrained_ols_av,pass,-0.6875,4.0
constrained_ols_av,pass,-0.6875,2.0
constrained_ols_av,pass,-0.6875,2.0
constrained_ols_av,pass,-0.6875,0.0
constrained_ols_av,pass,-0.6875,2.0
constrained_ols_av,pass,-0.6875,5.0
constrained_ols_av,pass,-0.6875,0.0
constrained_ols_av,pass,-0.6875,2.0
constrained_ols_av,pass,-0.6875,3.0
constrained_ols_av,pass,-0.6875,0.0
constrained_ols_av,pass,-0.6875,0.0
constrained_ols_av,pass,-0.6875,7.0
constrained_ols_av,pass,-0.6875,0.0
constrained_ols_av,pass,-0.6875,0.0
constrained_ols_av,pass,-0.6875,0.0
constrained_ols_av,pass,-0.6875,2.0
constrained_ols_av,pass,-0.6875,5.0
constrained_ols_av,pass,-0.6875,8.0
constrained_ols_av,pass,-0.6875,0.0
constrained_ols_av,pass,-0.6875,5.0
constrained_ols_av,pass,-0.6875,7.0
constrained_ols_av,pass,-0.6875,0.0
constrained_ols_av,pass,-0.6875,4.0
constrained_ols_av,pass,-0.6875,1.0
constrained_ols_av,pass,-0.6875,6.0
constrained_ols_av,pass,-0.6875,4.0
constrained_ols_av,pass,-0.6875,2.0
constrained_ols_av,pass,-0.6875,5.0
constrained_ols_av,pass,-0.6875,0.0
constrained_ols_av,pass,-0.6875,3.0
constrained_ols_av,pass,-0.6875,1.0
constrained_ols_av,pass,-0.6875,0.0
constrained_ols_av,pass,-0.6875,4.0
constrained_ols_av,pass,-0.6875,0.0
constrained_ols_av,pass,-0.6875,7.0
constrained_ols_av,pass,-0.6875,6.0
constrained_ols_av,pass,-0.6875,0.0
constrained_ols_av,pass,-0.6875,4.0
constrained_ols_av,pass,-0.6875,0.0
constrained_ols_av,pass,-0.6875,0.0
constrained_ols_av,pass,-0.6875,6.0
constrained_ols_av,pass,-0.6875,2.0
constrained_ols_av,pass,-0.6875,0.0
constrained_ols_av,pass,-0.6875,8.0
constrained_ols_av,pass,-0.6875,8.0
constrained_ols_av,pass,-0.6875,5.0
constrained_ols_av,pass,-0.6875,1.0
constrained_ols_av,pass,-0.6875,0.0
constrained_ols_av,pass,-0.6875,6.0
constrained_ols_av,pass,-0.6875,4.0
constrained_ols_av,pass,-0.6875,2.0
constrained_ols_av,pass,-0.6875,6.0
constrained_ols_av,pass,-0.6875,1.0
constrained_ols_av,pass,-0.6875,8.0
constrained_ols_av,pass,-0.6875,4.0
constrained_ols_av,pass,-0.6875,3.0
constrained_ols_av,pass,-0.6875,7.0
constrained_ols_av,pass,-0.6875,6.0
constrained_ols_av,pass,-0.6875,7.0
constrained_ols_av,pass,-0.6875,0.0
constrained_ols_av,pass,-0.6875,0.0
constrained_ols_av,pass,-0.6875,1.0
constrained_ols_av,pass,-0.6875,1.0
constrained_ols_av,pass,-0.6875,0.0
constrained_ols_av,pass,-0.6875,5.0
constrained_ols_av,pass,-0.6875,3.0
constrained_ols_av,pass,-0.6875,1.0
constrained_ols_av,pass,-0.6875,0.0
constrained_ols_av,pass,-0.6875,0.0
constrained_ols_av,pass,-0.6875,5.0
constrained_ols_av,pass,-0.6875,3.0
constrained_ols_av,pass,-0.6875,0.0
constrained_ols_av,pass,-0.6875,8.0
constrained_ols_av,pass,-0.6875,0.0
constrained_ols_av,pass,-0.6875,6.0
constrained_ols_av,pass,-0.6875,2.0
constrained_ols_av,pass,-0.6875,0.0
constrained_ols_av,pass,-0.6875,0.0
constrained_ols_av,pass,-0.6875,7.0
constrained_ols_av,pass,-0.6875,4.0
constrained_ols_av,pass,-0.6875,7.0
constrained_ols_av,pass,-0.6875,0.0
constrained_ols_av,pass,-0.6875,7.0
constrained_ols_av,pass,-0.6875,4.0
constrained_ols_av,pass,-0.6875,2.0
constrained_ols_av,pass,-0.6875,3.0
constrained_ols_av,pass,-0.6875,3.0
constrained_ols_av,pass,-0.6875,1.0
constrained_ols_av,pass,-0.6875,4.0
constrained_ols_av,pass,-0.6875,2.0
constrained_ols_av,pass,-0.6875,2.0
constrained_ols_av,pass,-0.6875,4.0
constrained_ols_av,pass,-0.6875,3.0
constrained_ols_av,pass,-0.6875,5.0
constrained_ols_av,pass,-0.6875,3.0
constrained_ols_av,pass,-0.6875,4.0
constrained_ols_av,pass,-0.6875,0.0
constrained_ols_av,pass,-0.6875,0.0
constrained_ols_av,pass,-0.6875,3.0
constrained_ols_av,pass,-0.6875,9.0
constrained_ols_av,pass,-0.6875,4.0
constrained_ols_av,pass,-0.6875,2.0
constrained_ols_av,pass,-0.6875,6.0
constrained_ols_av,pass,-0.6875,3.0
constrained_ols_av,pass,-0.6875,0.0
constrained_ols_av,pass,-0.6875,5.0
constrained_ols_av,pass,-0.6875,6.0
constrained_ols_av,pass,-0.6875,6.0
constrained_ols_av,pass,-0.6875,8.0
constrained_ols_av,pass,-0.6875,1.0
constrained_ols_av,pass,-0.6875,5.0
constrained_ols_av,pass,-0.6875,3.0
constrained_ols_av,pass,-0.6875,0.0
constrained_ols_av,pass,-0.6875,7.0
constrained_ols_av,pass,-0.6875,5.0
constrained_ols_av,pass,-0.6875,6.0
constrained_ols_av,pass,-0.6875,0.0
constrained_ols_av,pass,-0.6875,0.0
constrained_ols_av,pass,-0.6875,0.0
constrained_ols_av,pass,-0.6875,5.0
constrained_ols_av,pass,-0.6875,7.0
constrained_ols_av,pass,-0.6875,6.0
constrained_ols_av,pass,-0.6875,8.0
constrained_ols_av,pass,-0.6875,6.0
constrained_ols_av,pass,-0.6875,7.0
constrained_ols_av,pass,-0.6875,6.0
constrained_ols_av,pass,-0.6875,0.0
constrained_ols_av,pass,-0.6875,0.0
constrained_ols_av,pass,-0.6875,0.0
constrained_ols_av,pass,-0.6875,3.0
constrained_ols_av,pass,-0.6875,0.0
constrained_ols_av,pass,-0.6875,6.0
constrained_ols_av,pass,-0.6875,6.0
constrained_ols_av,pass,-0.6875,0.0
constrained_ols_av,pass,-0.6875,0.0
constrained_ols_av,pass,-0.6875,3.0
constrained_ols_av,pass,-0.6875,6.0
constrained_ols_av,pass,-0.6875,3.0
constrained_ols_av,pass,-0.6875,3.0
constrained_ols_av,pass,-0.6875,0.0
constrained_ols_av,pass,-0.6875,7.0
constrained_ols_av,pass,-0.6875,3.0
constrained_ols_av,pass,-0.6875,4.0
constrained_ols_av,pass,-0.6875,6.0
constrained_ols_av,pass,-0.6875,0.0
constrained_ols_av,pass,-0.6875,5.0
constrained_ols_av,pass,-0.6875,4.0
constrained_ols_av,pass,-0.6875,4.0
constrained_ols_av,pass,-0.6875,0.0
constrained_ols_av,pass,-0.6875,3.0
constrained_ols_av,pass,-0.6875,0.0
constrained_ols_av,pass,-0.6875,9.0
constrained_ols_av,pass,-0.6875,5.0
constrained_ols_av,pass,-0.6875,4.0
constrained_ols_av,pass,-0.6875,7.0
constrained_ols_av,pass,-0.6875,5.0
constrained_ols_av,pass,-0.6875,0.0
constrained_ols_av,pass,-0.6875,5.0
constrained_ols_av,pass,-0.6875,0.0
constrained_ols_av,pass,-0.6875,0.0
constrained_ols_av,pass,-0.6875,0.0
constrained_ols_av,pass,-0.6875,2.0
constrained_ols_av,pass,-0.6875,7.0
constrained_ols_av,pass,-0.6875,4.0
constrained_ols_av,pass,-0.6875,3.0
constrained_ols_av,pass,-0.6875,3.0
constrained_ols_av,pass,-0.6875,4.0
constrained_ols_av,pass,-0.6875,4.0
constrained_ols_av,pass,-0.6875,0.0
constrained_ols_av,pass,-0.6875,7.0
constrained_ols_av,pass,-0.6875,0.0
constrained_ols_av,pass,-0.6875,4.0
constrained_ols_av,pass,-0.6875,0.0
constrained_ols_av,pass,-0.6875,2.0
constrained_ols_av,pass,-0.6875,6.0
constrained_ols_av,pass,-0.6875,5.0
constrained_ols_av,pass,-0.6875,3.0
constrained_ols_av,pass,-0.6875,5.0
constrained_ols_av,pass,-0.6875,0.0
constrained_ols_av,pass,-0.6875,2.0
constrained_ols_av,pass,-0.6875,7.0
constrained_ols_av,pass,-0.6875,0.0
constrained_ols_av,pass,-0.6875,1.0
constrained_ols_av,pass,-0.6875,2.0
constrained_ols_av,pass,-0.6875,3.0
constrained_ols_av,pass,-0.6875,5.0
constrained_ols_av,pass,-0.6875,4.0
constrained_ols_av,pass,-0.6875,0.0
constrained_ols_av,pass,-0.6875,4.0
constrained_ols_av,pass,-0.6875,5.0
constrained_ols_av,pass,-0.6875,4.0
constrained_ols_av,pass,-0.6875,0.0
constrained_ols_av,pass,-0.6875,9.0
constrained_ols_av,pass,-0.6875,3.0
constrained_ols_av,pass,-0.6875,2.0
constrained_ols_av,pass,-0.6875,6.0
constrained_ols_av,pass,-0.6875,1.0
constrained_ols_av,pass,-0.6875,5.0
constrained_ols_av,pass,-0.6875,2.0
constrained_ols_av,pass,-0.6875,2.0
constrained_ols_av,pass,-0.6875,4.0
constrained_ols_av,pass,-0.6875,5.0
constrained_ols_av,pass,-0.6875,0.0
constrained_ols_av,pass,-0.6875,4.0
constrained_ols_av,pass,-0.6875,0.0
constrained_ols_av,pass,-0.6875,0.0
constrained_ols_av,pass,-0.6875,6.0
constrained_ols_av,pass,-0.6875,4.0
constrained_ols_av,pass,-0.6875,4.0
constrained_ols_av,pass,-0.6875,0.0
constrained_ols_av,pass,-0.6875,5.0
constrained_ols_av,pass,-0.6875,0.0
constrained_ols_av,pass,-0.6875,0.0
constrained_ols_av,pass,-0.6875,0.0
constrained_ols_av,pass,-0.6875,5.0
constrained_ols_av,pass,-0.6875,4.0
constrained_ols_av,pass,-0.6875,7.0
constrained_ols_av,pass,-0.6875,6.0
constrained_ols_av,pass,-0.6875,5.0
constrained_ols_av,pass,-0.6875,7.0
constrained_ols_av,pass,-0.6875,4.0
constrained_ols_av,pass,-0.6875,5.0
constrained_ols_av,pass,-0.6875,5.0
constrained_ols_av,pass,-0.6875,0.0
constrained_ols_av,pass,-0.6875,4.0
constrained_ols_av,pass,-0.6875,0.0
constrained_ols_av,pass,-0.6875,4.0
constrained_ols_av,pass,-0.6875,7.0
constrained_ols_av,pass,-0.6875,5.0
constrained_ols_av,pass,-0.6875,5.0
constrained_ols_av,pass,-0.6875,5.0
constrained_ols_av,pass,-0.6875,3.0
constrained_ols_av,pass,-0.6875,0.0
constrained_ols_av,pass,-0.6875,0.0
constrained_ols_av,pass,-0.6875,0.0
constrained_ols_av,pass,-0.6875,5.0
constrained_ols_av,pass,-0.6875,2.0
constrained_ols_av,pass,-0.6875,0.0
constrained_ols_av,pass,-0.6875,5.0
constrained_ols_av,pass,-0.6875,0.0
constrained_ols_av,pass,-0.6875,0.0
constrained_ols_av,pass,-0.6875,7.0
constrained_ols_av,pass,-0.6875,0.0
constrained_ols_av,pass,-0.6875,4.0
constrained_ols_av,pass,-0.6875,0.0
constrained_ols_av,pass,-0.6875,5.0
constrained_ols_av,pass,-0.6875,3.0
constrained_ols_av,pass,-0.6875,1.0
constrained_ols_av,pass,-0.6875,6.0
constrained_ols_av,pass,-0.6875,4.0
constrained_ols_av,pass,-0.6875,4.0
constrained_ols_av,pass,-0.6875,7.0
constrained_ols_av,pass,-0.6875,0.0
constrained_ols_av,pass,-0.6875,7.0
constrained_ols_av,pass,-0.6875,0.0
constrained_ols_av,pass,-0.6875,5.0
constrained_ols_av,pass,-0.6875,4.0
constrained_ols_av,pass,-0.6875,0.0
constrained_ols_av,pass,-0.6875,0.0
constrained_ols_av,pass,-0.6875,3.0
constrained_ols_av,pass,-0.6875,3.0
constrained_ols_av,pass,-0.6875,4.0
constrained_ols_av,pass,-0.6875,7.0
constrained_ols_av,pass,-0.6875,6.0
constrained_ols_av,pass,-0.6875,2.0
constrained_ols_av,pass,-0.6875,0.0
constrained_ols_av,pass,-0.6875,0.0
constrained_ols_av,pass,-0.6875,4.0
constrained_ols_av,pass,-0.6875,0.0
constrained_ols_av,pass,-0.6875,0.0
constrained_ols_av,pass,-0.6875,9.0
constrained_ols_av,pass,-0.6875,8.0
constrained_ols_av,pass,-0.6875,0.0
constrained_ols_av,pass,-0.6875,0.0
constrained_ols_av,pass,-0.6875,3.0
constrained_ols_av,pass,-0.6875,3.0
constrained_ols_av,pass,-0.6875,8.0
constrained_ols_av,pass,-0.6875,4.0
constrained_ols_av,pass,-0.6875,6.0
constrained_ols_av,pass,-0.6875,0.0
constrained_ols_av,pass,-0.6875,0.0
constrained_ols_av,pass,-0.6875,4.0
constrained_ols_av,pass,-0.6875,4.0
constrained_ols_av,pass,-0.6875,0.0
constrained_ols_av,pass,-0.6875,0.0
constrained_ols_av,pass,-0.6875,0.0
constrained_ols_av,pass,-0.6875,2.0
constrained_ols_av,pass,-0.6875,4.0
constrained_ols_av,pass,-0.6875,0.0
constrained_ols_av,pass,-0.6875,8.0
constrained_ols_av,pass,-0.6875,3.0
constrained_ols_av,pass,-0.6875,4.0
constrained_ols_av,pass,-0.6875,4.0
constrained_ols_av,pass,-0.6875,4.0
constrained_ols_av,pass,-0.6875,0.0
constrained_ols_av,pass,-0.6875,6.0
constrained_ols_av,pass,-0.6875,7.0
constrained_ols_av,pass,-0.6875,6.0
constrained_ols_av,pass,-0.6875,6.0
constrained_ols_av,pass,-0.6875,0.0
constrained_ols_av,pass,-0.6875,2.0
constrained_ols_av,pass,-0.6875,2.0
constrained_ols_av,pass,-0.6875,0.0
constrained_ols_av,pass,-0.6875,0.0
constrained_ols_av,pass,-0.6875,6.0
constrained_ols_av,pass,-0.6875,5.0
constrained_ols_av,pass,-0.6875,2.0
constrained_ols_av,pass,-0.6875,6.0
constrained_ols_av,pass,-0.6875,0.0
constrained_ols_av,pass,-0.6875,3.0
constrained_ols_av,pass,-0.6875,3.0
constrained_ols_av,pass,-0.6875,2.0
constrained_ols_av,pass,-0.6875,2.0
constrained_ols_av,pass,-0.6875,4.0
constrained_ols_av,pass,-0.6875,1.0
constrained_ols_av,pass,-0.6875,0.0
constrained_ols_av,pass,-0.6875,8.0
constrained_ols_av,pass,-0.6875,5.0
constrained_ols_av,pass,-0.6875,4.0
constrained_ols_av,pass,-0.6875,9.0
constrained_ols_av,pass,-0.6875,5.0
constrained_ols_av,pass,-0.6875,5.0
constrained_ols_av,pass,-0.6875,3.0
constrained_ols_av,pass,-0.6875,4.0
constrained_ols_av,pass,-0.6875,3.0
constrained_ols_av,pass,-0.6875,6.0
constrained_ols_av,pass,-0.6875,4.0
constrained_ols_av,pass,-0.6875,0.0
constrained_ols_av,pass,-0.6875,3.0
constrained_ols_av,pass,-0.6875,0.0
constrained_ols_av,pass,-0.6875,7.0
constrained_ols_av,pass,-0.6875,0.0
constrained_ols_av,pass,-0.6875,3.0
constrained_ols_av,pass,-0.6875,3.0
constrained_ols_av,pass,-0.6875,6.0
constrained_ols_av,pass,-0.6875,8.0
constrained_ols_av,pass,-0.6875,6.0
constrained_ols_av,pass,-0.6875,6.0
constrained_ols_av,pass,-0.6875,2.0
constrained_ols_av,pass,-0.6875,6.0
constrained_ols_av,pass,-0.6875,0.0
constrained_ols_av,pass,-0.6875,8.0
constrained_ols_av,pass,-0.6875,7.0
constrained_ols_av,pass,-0.6875,3.0
constrained_ols_av,pass,-0.6875,3.0
constrained_ols_av,pass,-0.6875,3.0
constrained_ols_av,pass,-0.6875,7.0
constrained_ols_av,pass,-0.6875,7.0
constrained_ols_av,pass,-0.6875,4.0
constrained_ols_av,pass,-0.6875,0.0
constrained_ols_av,pass,-0.6875,4.0
constrained_ols_av,pass,-0.6875,4.0
constrained_ols_av,pass,-0.6875,8.0
constrained_ols_av,pass,-0.6875,7.0
constrained_ols_av,pass,-0.6875,4.0
constrained_ols_av,pass,-0.6875,0.0
constrained_ols_av,pass,-0.6875,0.0
constrained_ols_av,pass,-0.6875,0.0
constrained_ols_av,pass,-0.6875,3.0
constrained_ols_av,pass,-0.6875,0.0
constrained_ols_av,pass,-0.6875,2.0
constrained_ols_av,pass,-0.6875,4.0
constrained_ols_av,pass,-0.6875,7.0
constrained_ols_av,pass,-0.6875,0.0
constrained_ols_av,pass,-0.6875,10.0
constrained_ols_av,pass,-0.6875,6.0
constrained_ols_av,pass,-0.6875,0.0
constrained_ols_av,pass,-0.6875,5.0
constrained_ols_av,pass,-0.6875,7.0
constrained_ols_av,pass,-0.6875,1.0
constrained_ols_av,pass,-0.6875,2.0
constrained_ols_av,pass,-0.6875,0.0
constrained_ols_av,pass,-0.6875,0.0
constrained_ols_av,pass,-0.6875,0.0
constrained_ols_av,pass,-0.6875,0.0
constrained_ols_av,pass,-0.6875,0.0
constrained_ols_av,pass,-0.6875,0.0
constrained_ols_av,pass,-0.6875,0.0
constrained_ols_av,pass,-0.6875,0.0
constrained_ols_av,pass,-0.6875,0.0
constrained_ols_av,pass,-0.6875,0.0
constrained_ols_av,pass,-0.6875,7.0
constrained_ols_av,pass,-0.6875,6.0
constrained_ols_av,pass,-0.6875,0.0
constrained_ols_av,pass,-0.6875,1.0
constrained_ols_av,pass,-0.6875,2.0
constrained_ols_av,pass,-0.6875,6.0
constrained_ols_av,pass,-0.6875,3.0
constrained_ols_av,pass,-0.6875,6.0
constrained_ols_av,pass,-0.6875,7.0
constrained_ols_av,pass,-0.6875,1.0
constrained_ols_av,pass,-0.6875,7.0
constrained_ols_av,pass,-0.6875,4.0
constrained_ols_av,pass,-0.6875,0.0
constrained_ols_av,pass,-0.6875,4.0
constrained_ols_av,pass,-0.6875,2.0
constrained_ols_av,pass,-0.6875,0.0
constrained_ols_av,pass,-0.6875,8.0
constrained_ols_av,pass,-0.6875,0.0
constrained_ols_av,pass,-0.6875,8.0
constrained_ols_av,pass,-0.6875,4.0
constrained_ols_av,pass,-0.6875,1.0
constrained_ols_av,pass,-0.6875,3.0
constrained_ols_av,pass,-0.6875,3.0
constrained_ols_av,pass,-0.6875,3.0
constrained_ols_av,pass,-0.6875,8.0
constrained_ols_av,pass,-0.6875,0.0
constrained_ols_av,pass,-0.6875,1.0
constrained_ols_av,pass,-0.6875,2.0
constrained_ols_av,pass,-0.6875,9.0
constrained_ols_av,pass,-0.6875,3.0
constrained_ols_av,pass,-0.6875,5.0
constrained_ols_av,pass,-0.6875,7.0
constrained_ols_av,pass,-0.6875,0.0
constrained_ols_av,pass,-0.6875,0.0
constrained_ols_av,pass,-0.6875,3.0
constrained_ols_av,pass,-0.6875,3.0
constrained_ols_av,pass,-0.6875,3.0
constrained_ols_av,pass,-0.6875,4.0
constrained_ols_av,pass,-0.6875,3.0
constrained_ols_av,pass,-0.6875,2.0
constrained_ols_av,pass,-0.6875,8.0
constrained_ols_av,pass,-0.6875,7.0
constrained_ols_av,pass,-0.6875,6.0
constrained_ols_av,pass,-0.6875,2.0
constrained_ols_av,pass,-0.6875,0.0
constrained_ols_av,pass,-0.6875,3.0
constrained_ols_av,pass,-0.6875,0.0
constrained_ols_av,pass,-0.6875,2.0
constrained_ols_av,pass,-0.6875,6.0
constrained_ols_av,pass,-0.6875,7.0
constrained_ols_av,pass,-0.6875,3.0
constrained_ols_av,pass,-0.6875,0.0
constrained_ols_av,pass,-0.6875,4.0
constrained_ols_av,pass,-0.6875,7.0
constrained_ols_av,pass,-0.6875,4.0
constrained_ols_av,pass,-0.6875,2.0
constrained_ols_av,pass,-0.6875,0.0
constrained_ols_av,pass,-0.6875,0.0
constrained_ols_av,pass,-0.6875,0.0
constrained_ols_av,pass,-0.6875,7.0
constrained_ols_av,pass,-0.6875,1.0
constrained_ols_av,pass,-0.6875,4.0
constrained_ols_av,pass,-0.6875,0.0
constrained_ols_av,pass,-0.6875,3.0
constrained_ols_av,pass,-0.6875,1.0
constrained_ols_av,pass,-0.6875,3.0
constrained_ols_av,pass,-0.6875,5.0
constrained_ols_av,pass,-0.6875,3.0
constrained_ols_av,pass,-0.6875,6.0
constrained_ols_av,pass,-0.6875,4.0
constrained_ols_av,pass,-0.6875,7.0
constrained_ols_av,pass,-0.6875,4.0
constrained_ols_av,pass,-0.6875,4.0
constrained_ols_av,pass,-0.6875,0.0
constrained_ols_av,pass,-0.6875,6.0
constrained_ols_av,pass,-0.6875,0.0
constrained_ols_av,pass,-0.6875,3.0
constrained_ols_av,pass,-0.6875,0.0
constrained_ols_av,pass,-0.6875,3.0
constrained_ols_av,pass,-0.6875,0.0
constrained_ols_av,pass,-0.6875,8.0
constrained_ols_av,pass,-0.6875,3.0
constrained_ols_av,pass,-0.6875,0.0
constrained_ols_av,pass,-0.6875,4.0
constrained_ols_av,pass,-0.6875,2.0
constrained_ols_av,pass,-0.6875,0.0
constrained_ols_av,pass,-0.6875,3.0
constrained_ols_av,pass,-0.6875,6.0
constrained_ols_av,pass,-0.6875,6.0
constrained_ols_av,pass,-0.6875,0.0
constrained_ols_av,pass,-0.6875,0.0
constrained_ols_av,pass,-0.6875,0.0
constrained_ols_av,pass,-0.6875,0.0
constrained_ols_av,pass,-0.6875,0.0
constrained_ols_av,pass,-0.6875,6.0
constrained_ols_av,pass,-0.6875,2.0
constrained_ols_av,pass,-0.6875,4.0
constrained_ols_av,pass,-0.6875,2.0
constrained_ols_av,pass,-0.6875,0.0
constrained_ols_av,pass,-0.6875,8.0
constrained_ols_av,pass,-0.6875,6.0
constrained_ols_av,pass,-0.6875,3.0
constrained_ols_av,pass,-0.6875,3.0
constrained_ols_av,pass,-0.6875,0.0
constrained_ols_av,pass,-0.6875,0.0
constrained_ols_av,pass,-0.6875,4.0
constrained_ols_av,pass,-0.6875,6.0
constrained_ols_av,pass,-0.6875,3.0
constrained_ols_av,pass,-0.6875,5.0
constrained_ols_av,pass,-0.6875,0.0
constrained_ols_av,pass,-0.6875,9.0
constrained_ols_av,pass,-0.6875,2.0
constrained_ols_av,pass,-0.6875,8.0
constrained_ols_av,pass,-0.6875,0.0
constrained_ols_av,pass,-0.6875,1.0
constrained_ols_av,pass,-0.6875,7.0
constrained_ols_av,pass,-0.6875,4.0
constrained_ols_av,pass,-0.6875,0.0
constrained_ols_av,pass,-0.6875,7.0
constrained_ols_av,pass,-0.6875,5.0
constrained_ols_av,pass,-0.6875,5.0
constrained_ols_av,pass,-0.6875,0.0
constrained_ols_av,pass,-0.6875,4.0
constrained_ols_av,pass,-0.6875,0.0
constrained_ols_av,pass,-0.6875,2.0
constrained_ols_av,pass,-0.6875,3.0
constrained_ols_av,pass,-0.6875,4.0
constrained_ols_av,pass,-0.6875,0.0
constrained_ols_av,pass,-0.6875,1.0
constrained_ols_av,pass,-0.6875,5.0
constrained_ols_av,pass,-0.6875,2.0
constrained_ols_av,pass,-0.6875,0.0
constrained_ols_av,pass,-0.6875,0.0
constrained_ols_av,pass,-0.6875,6.0
constrained_ols_av,pass,-0.6875,8.0
constrained_ols_av,pass,-0.6875,8.0
constrained_ols_av,pass,-0.6875,0.0
constrained_ols_av,pass,-0.6875,3.0
constrained_ols_av,pass,-0.6875,5.0
constrained_ols_av,pass,-0.6875,2.0
constrained_ols_av,pass,-0.6875,8.0
constrained_ols_av,pass,-0.6875,4.0
constrained_ols_av,pass,-0.6875,2.0
constrained_ols_av,pass,-0.6875,0.0
constrained_ols_av,pass,-0.6875,7.0
constrained_ols_av,pass,-0.6875,5.0
constrained_ols_av,pass,-0.6875,3.0
constrained_ols_av,pass,-0.6875,4.0
constrained_ols_av,pass,-0.6875,3.0
constrained_ols_av,pass,-0.6875,0.0
constrained_ols_av,pass,-0.6875,0.0
constrained_ols_av,pass,-0.6875,0.0
constrained_ols_av,pass,-0.6875,4.0
constrained_ols_av,pass,-0.6875,0.0
constrained_ols_av,pass,-0.6875,0.0
constrained_ols_av,pass,-0.6875,7.0
constrained_ols_av,pass,-0.6875,0.0
constrained_ols_av,pass,-0.6875,10.0
constrained_ols_av,pass,-0.6875,2.0
constrained_ols_av,pass,-0.6875,0.0
constrained_ols_av,pass,-0.6875,0.0
constrained_ols_av,pass,-0.6875,3.0
constrained_ols_av,pass,-0.6875,0.0
constrained_ols_av,pass,-0.6875,0.0
constrained_ols_av,pass,-0.6875,6.0
constrained_ols_av,pass,-0.6875,2.0
constrained_ols_av,pass,-0.6875,3.0
constrained_ols_av,pass,-0.6875,0.0
constrained_ols_av,pass,-0.6875,0.0
constrained_ols_av,pass,-0.6875,1.0
constrained_ols_av,pass,-0.6875,4.0
constrained_ols_av,pass,-0.6875,0.0
constrained_ols_av,pass,-0.6875,5.0
constrained_ols_av,pass,-0.6875,0.0
constrained_ols_av,pass,-0.6875,8.0
constrained_ols_av,pass,-0.6875,7.0
constrained_ols_av,pass,-0.6875,6.0
constrained_ols_av,pass,-0.6875,8.0
constrained_ols_av,pass,-0.6875,0.0
constrained_ols_av,pass,-0.6875,0.0
constrained_ols_av,pass,-0.6875,6.0
constrained_ols_av,pass,-0.6875,4.0
constrained_ols_av,pass,-0.6875,4.0
constrained_ols_av,pass,-0.6875,4.0
constrained_ols_av,pass,-0.6875,0.0
constrained_ols_av,pass,-0.6875,5.0
constrained_ols_av,pass,-0.6875,5.0
constrained_ols_av,pass,-0.6875,0.0
constrained_ols_av,pass,-0.6875,5.0
constrained_ols_av,pass,-0.6875,5.0
constrained_ols_av,pass,-0.6875,0.0
constrained_ols_av,pass,-0.6875,0.0
constrained_ols_av,pass,-0.6875,2.0
constrained_ols_av,pass,-0.6875,5.0
constrained_ols_av,pass,-0.6875,6.0
constrained_ols_av,pass,-0.6875,2.0
constrained_ols_av,pass,-0.6875,0.0
constrained_ols_av,pass,-0.6875,3.0
constrained_ols_av,pass,-0.6875,2.0
constrained_ols_av,pass,-0.6875,5.0
constrained_ols_av,pass,-0.6875,0.0
constrained_ols_av,pass,-0.6875,4.0
constrained_ols_av,pass,-0.6875,4.0
constrained_ols_av,pass,-0.6875,3.0
constrained_ols_av,pass,-0.6875,6.0
constrained_ols_av,pass,-0.6875,3.0
constrained_ols_av,pass,-0.6875,9.0
constrained_ols_av,pass,-0.6875,0.0
constrained_ols_av,pass,-0.6875,4.0
constrained_ols_av,pass,-0.6875,7.0
constrained_ols_av,pass,-0.6875,3.0
constrained_ols_av,pass,-0.6875,0.0
constrained_ols_av,pass,-0.6875,0.0
constrained_ols_av,pass,-0.6875,4.0
constrained_ols_av,pass,-0.6875,0.0
constrained_ols_av,pass,-0.6875,0.0
constrained_ols_av,pass,-0.6875,0.0
constrained_ols_av,pass,-0.6875,1.0
constrained_ols_av,pass,-0.6875,0.0
constrained_ols_av,pass,-0.6875,5.0
constrained_ols_av,pass,-0.6875,8.0
constrained_ols_av,pass,-0.6875,1.0
constrained_ols_av,pass,-0.6875,6.0
constrained_ols_av,pass,-0.6875,6.0
constrained_ols_av,pass,-0.6875,3.0
constrained_ols_av,pass,-0.6875,5.0
constrained_ols_av,pass,-0.6875,7.0
constrained_ols_av,pass,-0.6875,9.0
constrained_ols_av,pass,-0.6875,3.0
constrained_ols_av,pass,-0.6875,1.0
constrained_ols_av,pass,-0.6875,7.0
constrained_ols_av,pass,-0.6875,1.0
constrained_ols_av,pass,-0.6875,1.0
constrained_ols_av,pass,-0.6875,3.0
constrained_ols_av,pass,-0.6875,0.0
constrained_ols_av,pass,-0.6875,0.0
constrained_ols_av,pass,-0.6875,4.0
constrained_ols_av,pass,-0.6875,8.0
constrained_ols_av,pass,-0.6875,1.0
constrained_ols_av,pass,-0.6875,5.0
constrained_ols_av,pass,-0.6875,0.0
constrained_ols_av,pass,-0.6875,0.0
constrained_ols_av,pass,-0.6875,0.0
constrained_ols_av,pass,-0.6875,6.0
constrained_ols_av,pass,-0.6875,0.0
constrained_ols_av,pass,-0.6875,5.0
constrained_ols_av,pass,-0.6875,5.0
constrained_ols_av,pass,-0.6875,7.0
constrained_ols_av,pass,-0.6875,3.0
constrained_ols_av,pass,-0.6875,0.0
constrained_ols_av,pass,-0.6875,4.0
constrained_ols_av,pass,-0.6875,3.0
constrained_ols_av,pass,-0.6875,3.0
constrained_ols_av,pass,-0.6875,4.0
constrained_ols_av,pass,-0.6875,0.0
constrained_ols_av,pass,-0.6875,0.0
constrained_ols_av,pass,-0.6875,7.0
constrained_ols_av,pass,-0.6875,0.0
constrained_ols_av,pass,-0.6875,4.0
constrained_ols_av,pass,-0.6875,5.0
constrained_ols_av,pass,-0.6875,0.0
constrained_ols_av,pass,-0.6875,2.0
constrained_ols_av,pass,-0.6875,6.0
constrained_ols_av,pass,-0.6875,0.0
constrained_ols_av,pass,-0.6875,0.0
constrained_ols_av,pass,-0.6875,0.0
constrained_ols_av,pass,-0.6875,0.0
constrained_ols_av,pass,-0.6875,4.0
constrained_ols_av,pass,-0.6875,0.0
constrained_ols_av,pass,-0.6875,4.0
constrained_ols_av,pass,-0.6875,2.0
constrained_ols_av,pass,-0.6875,0.0
constrained_ols_av,pass,-0.6875,6.0
constrained_ols_av,pass,-0.6875,2.0
constrained_ols_av,pass,-0.6875,3.0
constrained_ols_av,pass,-0.6875,8.0
constrained_ols_av,pass,-0.6875,2.0
constrained_ols_av,pass,-0.6875,6.0
constrained_ols_av,pass,-0.6875,9.0
constrained_ols_av,pass,-0.6875,0.0
constrained_ols_av,pass,-0.6875,6.0
constrained_ols_av,pass,-0.6875,5.0
constrained_ols_av,pass,-0.6875,6.0
constrained_ols_av,pass,-0.6875,4.0
constrained_ols_av,pass,-0.6875,4.0
constrained_ols_av,pass,-0.6875,0.0
constrained_ols_av,pass,-0.6875,7.0
constrained_ols_av,pass,-0.6875,2.0
constrained_ols_av,pass,-0.6875,5.0
constrained_ols_av,pass,-0.6875,6.0
constrained_ols_av,pass,-0.6875,0.0
constrained_ols_av,pass,-0.6875,2.0
constrained_ols_av,pass,-0.6875,1.0
constrained_ols_av,pass,-0.6875,7.0
constrained_ols_av,pass,-0.6875,5.0
constrained_ols_av,pass,-0.6875,0.0
constrained_ols_av,pass,-0.6875,0.0
constrained_ols_av,pass,-0.6875,0.0
constrained_ols_av,pass,-0.6875,0.0
constrained_ols_av,pass,-0.6875,7.0
constrained_ols_av,pass,-0.6875,2.0
constrained_ols_av,pass,-0.6875,2.0
constrained_ols_av,pass,-0.6875,5.0
constrained_ols_av,pass,-0.6875,2.0
constrained_ols_av,pass,-0.6875,3.0
constrained_ols_av,pass,-0.6875,7.0
constrained_ols_av,pass,-0.6875,2.0
constrained_ols_av,pass,-0.6875,7.0
constrained_ols_av,pass,-0.6875,0.0
constrained_ols_av,pass,-0.6875,0.0
constrained_ols_av,pass,-0.6875,4.0
constrained_ols_av,pass,-0.6875,5.0
constrained_ols_av,pass,-0.6875,0.0
constrained_ols_av,pass,-0.6875,7.0
constrained_ols_av,pass,-0.6875,0.0
constrained_ols_av,pass,-0.6875,4.0
constrained_ols_av,pass,-0.6875,4.0
constrained_ols_av,pass,-0.6875,6.0
constrained_ols_av,pass,-0.6875,1.0
constrained_ols_av,pass,-0.6875,4.0
constrained_ols_av,pass,-0.6875,5.0
constrained_ols_av,pass,-0.6875,3.0
constrained_ols_av,pass,-0.6875,4.0
constrained_ols_av,pass,-0.6875,5.0
constrained_ols_av,pass,-0.6875,5.0
constrained_ols_av,pass,-0.6875,6.0
constrained_ols_av,pass,-0.6875,5.0
constrained_ols_av,pass,-0.6875,7.0
constrained_ols_av,pass,-0.6875,0.0
constrained_ols_av,pass,-0.6875,6.0
constrained_ols_av,pass,-0.6875,3.0
constrained_ols_av,pass,-0.6875,0.0
constrained_ols_av,pass,-0.6875,9.0
constrained_ols_av,pass,-0.6875,7.0
constrained_ols_av,pass,-0.6875,0.0
constrained_ols_av,pass,-0.6875,4.0
constrained_ols_av,pass,-0.6875,3.0
constrained_ols_av,pass,-0.6875,0.0
constrained_ols_av,pass,-0.6875,0.0
constrained_ols_av,pass,-0.6875,4.0
constrained_ols_av,pass,-0.6875,2.0
constrained_ols_av,pass,-0.6875,0.0
constrained_ols_av,pass,-0.6875,3.0
constrained_ols_av,pass,-0.6875,2.0
constrained_ols_av,pass,-0.6875,0.0
constrained_ols_av,pass,-0.6875,6.0
constrained_ols_av,pass,-0.6875,0.0
constrained_ols_av,pass,-0.6875,5.0
constrained_ols_av,pass,-0.6875,5.0
constrained_ols_av,pass,-0.6875,2.0
constrained_ols_av,pass,-0.6875,5.0
constrained_ols_av,pass,-0.6875,0.0
constrained_ols_av,pass,-0.6875,5.0
constrained_ols_av,pass,-0.6875,0.0
constrained_ols_av,pass,-0.6875,5.0
constrained_ols_av,pass,-0.6875,2.0
constrained_ols_av,pass,-0.6875,5.0
constrained_ols_av,pass,-0.6875,0.0
constrained_ols_av,pass,-0.6875,6.0
constrained_ols_av,pass,-0.6875,6.0
constrained_ols_av,pass,-0.6875,6.0
constrained_ols_av,pass,-0.6875,0.0
constrained_ols_av,pass,-0.6875,9.0
constrained_ols_av,pass,-0.6875,6.0
constrained_ols_av,pass,-0.6875,2.0
constrained_ols_av,pass,-0.6875,0.0
constrained_ols_av,pass,-0.6875,8.0
constrained_ols_av,pass,-0.6875,9.0
constrained_ols_av,pass,-0.6875,4.0
constrained_ols_av,pass,-0.6875,6.0
constrained_ols_av,pass,-0.6875,3.0
constrained_ols_av,pass,-0.6875,8.0
constrained_ols_av,pass,-0.6875,3.0
constrained_ols_av,pass,-0.6875,0.0
constrained_ols_av,pass,-0.6875,0.0
constrained_ols_av,pass,-0.6875,0.0
constrained_ols_av,pass,-0.6875,3.0
constrained_ols_av,pass,-0.6875,6.0
constrained_ols_av,pass,-0.6875,4.0
constrained_ols_av,pass,-0.6875,8.0
constrained_ols_av,pass,-0.6875,7.0
constrained_ols_av,pass,-0.6875,6.0
constrained_ols_av,pass,-0.6875,2.0
constrained_ols_av,pass,-0.6875,0.0
constrained_ols_av,pass,-0.6875,6.0
constrained_ols_av,pass,-0.6875,3.0
constrained_ols_av,pass,-0.6875,0.0
constrained_ols_av,pass,-0.6875,0.0
constrained_ols_av,pass,-0.6875,8.0
constrained_ols_av,pass,-0.6875,6.0
constrained_ols_av,pass,-0.6875,6.0
constrained_ols_av,pass,-0.6875,4.0
constrained_ols_av,pass,-0.6875,0.0
constrained_ols_av,pass,-0.6875,4.0
constrained_ols_av,pass,-0.6875,8.0
constrained_ols_av,pass,-0.6875,6.0
constrained_ols_av,pass,-0.6875,7.0
constrained_ols_av,pass,-0.6875,0.0
constrained_ols_av,pass,-0.6875,4.0
constrained_ols_av,pass,-0.6875,0.0
constrained_ols_av,pass,-0.6875,3.0
constrained_ols_av,pass,-0.6875,0.0
constrained_ols_av,pass,-0.6875,3.0
constrained_ols_av,pass,-0.6875,7.0
constrained_ols_av,pass,-0.6875,0.0
constrained_ols_av,pass,-0.6875,0.0
constrained_ols_av,pass,-0.6875,4.0
constrained_ols_av,pass,-0.6875,4.0
constrained_ols_av,pass,-0.6875,4.0
constrained_ols_av,pass,-0.6875,7.0
constrained_ols_av,pass,-0.6875,2.0
constrained_ols_av,pass,-0.6875,1.0
constrained_ols_av,pass,-0.6875,1.0
constrained_ols_av,pass,-0.6875,5.0
constrained_ols_av,pass,-0.6875,2.0
constrained_ols_av,pass,-0.6875,0.0
constrained_ols_av,pass,-0.6875,0.0
constrained_ols_av,pass,-0.6875,6.0
constrained_ols_av,pass,-0.6875,2.0
constrained_ols_av,pass,-0.6875,8.0
constrained_ols_av,pass,-0.6875,4.0
constrained_ols_av,pass,-0.6875,4.0
constrained_ols_av,pass,-0.6875,4.0
constrained_ols_av,pass,-0.6875,2.0
constrained_ols_av,pass,-0.6875,0.0
full_ols_av,pass,-1.2829,7.0
full_ols_av,pass,-1.3558,0.0
full_ols_av,pass,-0.5934,5.0
full_ols_av,pass,0.075,1.0
full_ols_av,pass,-0.4144,4.0
full_ols_av,pass,-0.011,4.0
full_ols_av,pass,-1.5342,3.0
full_ols_av,pass,-0.9994,0.0
full_ols_av,pass,-0.4583,0.0
full_ols_av,pass,0.6086,0.0
full_ols_av,pass,-0.0274,0.0
full_ols_av,pass,-0.4616,0.0
full_ols_av,pass,0.1287,8.0
full_ols_av,pass,-0.0418,2.0
full_ols_av,pass,0.1926,0.0
full_ols_av,pass,-0.9736,7.0
full_ols_av,pass,-0.4665,6.0
full_ols_av,pass,0.7259,0.0
full_ols_av,pass,-1.5893,5.0
full_ols_av,pass,-0.9251,1.0
full_ols_av,pass,0.1233,0.0
full_ols_av,pass,0.1634,6.0
full_ols_av,pass,0.4275,4.0
full_ols_av,pass,0.2546,0.0
full_ols_av,pass,-0.5974,2.0
full_ols_av,pass,-0.1342,0.0
full_ols_av,pass,-1.1121,2.0
full_ols_av,pass,-1.0049,2.0
full_ols_av,pass,-1.0047,3.0
full_ols_av,pass,0.385,0.0
full_ols_av,pass,0.1631,1.0
full_ols_av,pass,-0.0189,3.0
full_ols_av,pass,-1.2889,4.0
full_ols_av,pass,-0.9558,5.0
full_ols_av,pass,-0.8049,0.0
full_ols_av,pass,-1.0142,0.0
full_ols_av,pass,0.0156,5.0
full_ols_av,pass,-0.4394,9.0
full_ols_av,pass,-0.8003,7.0
full_ols_av,pass,-0.3397,0.0
full_ols_av,pass,-0.6453,9.0
full_ols_av,pass,0.3044,0.0
full_ols_av,pass,-0.1994,5.0
full_ols_av,pass,0.056,6.0
full_ols_av,pass,-0.887,2.0
full_ols_av,pass,0.5071,0.0
full_ols_av,pass,-0.423,4.0
full_ols_av,pass,0.2777,1.0
full_ols_av,pass,0.9576,4.0
full_ols_av,pass,0.1581,0.0
full_ols_av,pass,0.254,3.0
full_ols_av,pass,-0.4141,5.0
full_ols_av,pass,-0.2205,4.0
full_ols_av,pass,-1.6536,4.0
full_ols_av,pass,0.2596,2.0
full_ols_av,pass,-0.5843,5.0
full_ols_av,pass,-0.6448,0.0
full_ols_av,pass,-0.2986,4.0
full_ols_av,pass,-0.9703,6.0
full_ols_av,pass,0.2735,1.0
full_ols_av,pass,-0.2868,3.0
full_ols_av,pass,0.0318,3.0
full_ols_av,pass,-0.4736,1.0
full_ols_av,pass,-1.323,6.0
full_ols_av,pass,-0.5792,3.0
full_ols_av,pass,-0.9592,9.0
full_ols_av,pass,-0.7935,2.0
full_ols_av,pass,-0.3076,4.0
full_ols_av,pass,-0.5301,4.0
full_ols_av,pass,-0.2416,4.0
full_ols_av,pass,-0.5886,0.0
full_ols_av,pass,0.8372,9.0
full_ols_av,pass,-0.8314,4.0
full_ols_av,pass,-0.6761,3.0
full_ols_av,pass,-2.4408,2.0
full_ols_av,pass,-1.1489,0.0
full_ols_av,pass,-0.4349,8.0
full_ols_av,pass,-1.0968,2.0
full_ols_av,pass,-0.8747,0.0
full_ols_av,pass,-0.148,3.0
full_ols_av,pass,-0.3022,0.0
full_ols_av,pass,0.0974,2.0
full_ols_av,pass,-0.5228,4.0
full_ols_av,pass,-0.9227,5.0
full_ols_av,pass,-1.405,4.0
full_ols_av,pass,-0.4051,4.0
full_ols_av,pass,-1.4158,4.0
full_ols_av,pass,-0.4895,3.0
full_ols_av,pass,-0.3681,6.0
full_ols_av,pass,-0.0796,4.0
full_ols_av,pass,0.2268,0.0
full_ols_av,pass,-0.8366,8.0
full_ols_av,pass,-0.3168,4.0
full_ols_av,pass,-1.4857,0.0
full_ols_av,pass,-0.9066,0.0
full_ols_av,pass,-0.3885,6.0
full_ols_av,pass,-0.66,0.0
full_ols_av,pass,0.131,0.0
full_ols_av,pass,-0.1873,8.0
full_ols_av,pass,-0.6937,0.0
full_ols_av,pass,0.1779,3.0
full_ols_av,pass,-1.4997,5.0
full_ols_av,pass,-1.3346,3.0
full_ols_av,pass,-0.098,3.0
full_ols_av,pass,-0.2036,3.0
full_ols_av,pass,-0.3989,0.0
full_ols_av,pass,0.2423,7.0
full_ols_av,pass,-0.3881,7.0
full_ols_av,pass,-1.179,1.0
full_ols_av,pass,-0.9002,4.0
full_ols_av,pass,-0.2771,0.0
full_ols_av,pass,-1.9442,5.0
full_ols_av,pass,-1.6065,2.0
full_ols_av,pass,0.4554,5.0
full_ols_av,pass,-0.1083,3.0
full_ols_av,pass,-1.0985,3.0
full_ols_av,pass,-0.9288,4.0
full_ols_av,pass,-1.094,2.0
full_ols_av,pass,-0.4455,0.0
full_ols_av,pass,-1.1752,3.0
full_ols_av,pass,0.5189,10.0
full_ols_av,pass,-0.6154,0.0
full_ols_av,pass,-0.5254,3.0
full_ols_av,pass,-1.0769,0.0
full_ols_av,pass,-0.3759,3.0
full_ols_av,pass,-0.4296,5.0
full_ols_av,pass,-1.3249,1.0
full_ols_av,pass,-0.303,0.0
full_ols_av,pass,-0.3749,5.0
full_ols_av,pass,-1.7825,5.0
full_ols_av,pass,0.3001,6.0
full_ols_av,pass,0.3116,0.0
full_ols_av,pass,-0.499,0.0
full_ols_av,pass,-0.1687,1.0
full_ols_av,pass,-0.8913,8.0
full_ols_av,pass,-0.1361,6.0
full_ols_av,pass,-0.1605,5.0
full_ols_av,pass,-0.4227,3.0
full_ols_av,pass,-1.5188,2.0
full_ols_av,pass,-0.7123,6.0
full_ols_av,pass,0.5825,0.0
full_ols_av,pass,0.0697,0.0
full_ols_av,pass,-1.8781,5.0
full_ols_av,pass,0.0309,0.0
full_ols_av,pass,0.4433,8.0
full_ols_av,pass,-0.1345,0.0
full_ols_av,pass,-0.938,6.0
full_ols_av,pass,-0.6041,3.0
full_ols_av,pass,-0.0964,0.0
full_ols_av,pass,0.2604,8.0
full_ols_av,pass,-0.2834,2.0
full_ols_av,pass,-0.03,3.0
full_ols_av,pass,-0.3898,0.0
full_ols_av,pass,-0.3182,2.0
full_ols_av,pass,-0.4833,0.0
full_ols_av,pass,-0.7184,3.0
full_ols_av,pass,-1.2438,1.0
full_ols_av,pass,-1.2132,6.0
full_ols_av,pass,0.0995,5.0
full_ols_av,pass,0.2709,1.0
full_ols_av,pass,-0.8586,3.0
full_ols_av,pass,0.0934,0.0
full_ols_av,pass,-1.0559,2.0
full_ols_av,pass,-0.5592,4.0
full_ols_av,pass,-0.2734,4.0
full_ols_av,pass,-0.2231,0.0
full_ols_av,pass,0.476,0.0
full_ols_av,pass,-0.4593,2.0
full_ols_av,pass,-1.5427,3.0
full_ols_av,pass,-2.1666,7.0
full_ols_av,pass,-0.3443,4.0
full_ols_av,pass,-0.3257,0.0
full_ols_av,pass,-0.6016,0.0
full_ols_av,pass,-0.5824,0.0
full_ols_av,pass,-1.4725,3.0
full_ols_av,pass,-0.6636,1.0
full_ols_av,pass,-1.0001,0.0
full_ols_av,pass,-0.6582,3.0
full_ols_av,pass,-0.7092,4.0
full_ols_av,pass,0.8407,3.0
full_ols_av,pass,-1.534,2.0
full_ols_av,pass,-0.6078,3.0
full_ols_av,pass,0.0302,2.0
full_ols_av,pass,-1.2548,5.0
full_ols_av,pass,-1.1097,3.0
full_ols_av,pass,-0.6631,6.0
full_ols_av,pass,-1.1198,5.0
full_ols_av,pass,1.296,0.0
full_ols_av,pass,-1.7046,5.0
full_ols_av,pass,-1.4024,5.0
full_ols_av,pass,0.192,0.0
full_ols_av,pass,-0.7196,3.0
full_ols_av,pass,-1.4088,2.0
full_ols_av,pass,0.5625,7.0
full_ols_av,pass,-1.4936,7.0
full_ols_av,pass,0.1465,4.0
full_ols_av,pass,0.1716,0.0
full_ols_av,pass,-0.7031,6.0
full_ols_av,pass,-0.5392,0.0
full_ols_av,pass,0.0361,3.0
full_ols_av,pass,-0.7813,4.0
full_ols_av,pass,-0.3576,2.0
full_ols_av,pass,-0.6889,4.0
full_ols_av,pass,-0.9514,5.0
full_ols_av,pass,0.3917,8.0
full_ols_av,pass,-0.5266,8.0
full_ols_av,pass,0.0355,2.0
full_ols_av,pass,0.2656,3.0
full_ols_av,pass,0.1011,3.0
full_ols_av,pass,0.0702,3.0
full_ols_av,pass,-0.4721,0.0
full_ols_av,pass,-0.3714,6.0
full_ols_av,pass,-0.1788,2.0
full_ols_av,pass,0.1088,3.0
full_ols_av,pass,-0.0321,2.0
full_ols_av,pass,-1.2659,3.0
full_ols_av,pass,0.3085,9.0
full_ols_av,pass,0.0796,3.0
full_ols_av,pass,-0.7537,3.0
full_ols_av,pass,-1.0923,4.0
full_ols_av,pass,-0.4026,2.0
full_ols_av,pass,-0.8513,4.0
full_ols_av,pass,-0.4207,1.0
full_ols_av,pass,-0.6591,0.0
full_ols_av,pass,-0.813,3.0
full_ols_av,pass,-0.5737,0.0
full_ols_av,pass,0.154,2.0
full_ols_av,pass,0.3151,7.0
full_ols_av,pass,-0.055,0.0
full_ols_av,pass,-0.065,4.0
full_ols_av,pass,0.5429,3.0
full_ols_av,pass,-0.1627,8.0
full_ols_av,pass,0.7613,4.0
full_ols_av,pass,-0.6617,4.0
full_ols_av,pass,-0.0695,5.0
full_ols_av,pass,-0.3376,6.0
full_ols_av,pass,-0.8452,5.0
full_ols_av,pass,-0.6337,3.0
full_ols_av,pass,0.4433,0.0
full_ols_av,pass,0.0889,5.0
full_ols_av,pass,-0.3887,0.0
full_ols_av,pass,0.7113,0.0
full_ols_av,pass,-0.4267,5.0
full_ols_av,pass,-1.861,7.0
full_ols_av,pass,-0.1334,5.0
full_ols_av,pass,-1.2922,5.0
full_ols_av,pass,-1.2253,3.0
full_ols_av,pass,-1.0202,0.0
full_ols_av,pass,-0.1768,4.0
full_ols_av,pass,-0.5643,1.0
full_ols_av,pass,-0.4186,0.0
full_ols_av,pass,-0.0498,0.0
full_ols_av,pass,-0.5803,0.0
full_ols_av,pass,-1.4448,5.0
full_ols_av,pass,-1.2174,5.0
full_ols_av,pass,-0.0374,3.0
full_ols_av,pass,-0.8447,6.0
full_ols_av,pass,-1.205,4.0
full_ols_av,pass,-0.1154,0.0
full_ols_av,pass,-0.4362,4.0
full_ols_av,pass,-1.3928,7.0
full_ols_av,pass,0.2119,0.0
full_ols_av,pass,-0.338,4.0
full_ols_av,pass,0.0314,0.0
full_ols_av,pass,-0.7537,5.0
full_ols_av,pass,1.4078,0.0
full_ols_av,pass,-0.6559,5.0
full_ols_av,pass,-1.6065,1.0
full_ols_av,pass,0.0705,6.0
full_ols_av,pass,-0.2722,6.0
full_ols_av,pass,-1.072,3.0
full_ols_av,pass,-0.2818,0.0
full_ols_av,pass,-1.1125,0.0
full_ols_av,pass,-1.3945,4.0
full_ols_av,pass,0.5743,4.0
full_ols_av,pass,1.008,0.0
full_ols_av,pass,0.0047,4.0
full_ols_av,pass,0.584,7.0
full_ols_av,pass,0.1151,7.0
full_ols_av,pass,0.3502,2.0
full_ols_av,pass,-1.0046,3.0
full_ols_av,pass,-0.4617,4.0
full_ols_av,pass,-0.8956,4.0
full_ols_av,pass,0.5216,7.0
full_ols_av,pass,-0.3379,6.0
full_ols_av,pass,-0.0288,5.0
full_ols_av,pass,-0.9087,3.0
full_ols_av,pass,-0.6925,1.0
full_ols_av,pass,0.348,3.0
full_ols_av,pass,0.8077,0.0
full_ols_av,pass,-0.2256,3.0
full_ols_av,pass,-0.7627,4.0
full_ols_av,pass,-0.1999,3.0
full_ols_av,pass,-0.0866,0.0
full_ols_av,pass,-0.3065,0.0
full_ols_av,pass,-0.5795,2.0
full_ols_av,pass,-0.269,7.0
full_ols_av,pass,-0.107,0.0
full_ols_av,pass,-2.09,2.0
full_ols_av,pass,-0.2765,6.0
full_ols_av,pass,-0.6702,0.0
full_ols_av,pass,-0.4368,0.0
full_ols_av,pass,-0.634,4.0
full_ols_av,pass,0.19,6.0
full_ols_av,pass,0.0142,3.0
full_ols_av,pass,0.2131,3.0
full_ols_av,pass,-1.8576,5.0
full_ols_av,pass,0.202,5.0
full_ols_av,pass,-0.4435,4.0
full_ols_av,pass,-0.6676,4.0
full_ols_av,pass,0.2291,4.0
full_ols_av,pass,-0.6079,0.0
full_ols_av,pass,-1.4935,0.0
full_ols_av,pass,-1.3093,1.0
full_ols_av,pass,0.0558,4.0
full_ols_av,pass,-0.8996,0.0
full_ols_av,pass,-1.0604,6.0
full_ols_av,pass,-1.0569,8.0
full_ols_av,pass,-0.9431,1.0
full_ols_av,pass,-0.8001,10.0
full_ols_av,pass,-0.5844,3.0
full_ols_av,pass,0.3807,0.0
full_ols_av,pass,-0.874,6.0
full_ols_av,pass,-0.2868,1.0
full_ols_av,pass,-1.1745,4.0
full_ols_av,pass,-1.5345,0.0
full_ols_av,pass,-0.9917,6.0
full_ols_av,pass,-0.7396,2.0
full_ols_av,pass,-0.5005,6.0
full_ols_av,pass,0.737,9.0
full_ols_av,pass,-0.2943,2.0
full_ols_av,pass,-0.8461,5.0
full_ols_av,pass,-0.8296,5.0
full_ols_av,pass,-1.0676,5.0
full_ols_av,pass,-1.5226,5.0
full_ols_av,pass,-0.0778,6.0
full_ols_av,pass,0.3389,4.0
full_ols_av,pass,-1.5019,6.0
full_ols_av,pass,0.0857,0.0
full_ols_av,pass,-1.4935,3.0
full_ols_av,pass,-0.8702,0.0
full_ols_av,pass,-0.3443,5.0
full_ols_av,pass,-0.5312,8.0
full_ols_av,pass,0.5864,3.0
full_ols_av,pass,-0.6269,0.0
full_ols_av,pass,-1.1206,3.0
full_ols_av,pass,0.7252,0.0
full_ols_av,pass,-0.3016,0.0
full_ols_av,pass,-0.1558,4.0
full_ols_av,pass,-0.639,5.0
full_ols_av,pass,-0.5109,0.0
full_ols_av,pass,-0.7883,4.0
full_ols_av,pass,-0.6376,0.0
full_ols_av,pass,-0.5047,4.0
full_ols_av,pass,-0.4409,5.0
full_ols_av,pass,0.6367,2.0
full_ols_av,pass,-0.0547,0.0
full_ols_av,pass,-0.828,4.0
full_ols_av,pass,0.0575,3.0
full_ols_av,pass,0.3573,0.0
full_ols_av,pass,-0.5822,8.0
full_ols_av,pass,-0.9339,5.0
full_ols_av,pass,-0.2725,0.0
full_ols_av,pass,-1.2664,6.0
full_ols_av,pass,-0.1147,0.0
full_ols_av,pass,-0.3332,3.0
full_ols_av,pass,-1.0715,8.0
full_ols_av,pass,0.1354,2.0
full_ols_av,pass,0.0223,2.0
full_ols_av,pass,0.3092,6.0
full_ols_av,pass,-0.2422,3.0
full_ols_av,pass,-0.1736,3.0
full_ols_av,pass,-1.3161,7.0
full_ols_av,pass,-0.037,4.0
full_ols_av,pass,0.7085,0.0
full_ols_av,pass,-1.6212,0.0
full_ols_av,pass,-0.524,7.0
full_ols_av,pass,-0.0875,2.0
full_ols_av,pass,-0.26,4.0
full_ols_av,pass,0.578,0.0
full_ols_av,pass,-0.1928,4.0
full_ols_av,pass,-0.1421,4.0
full_ols_av,pass,-0.7779,3.0
full_ols_av,pass,-0.7591,4.0
full_ols_av,pass,-0.188,8.0
full_ols_av,pass,-1.1536,5.0
full_ols_av,pass,-0.3343,4.0
full_ols_av,pass,-0.316,2.0
full_ols_av,pass,-0.9818,7.0
full_ols_av,pass,0.0639,1.0
full_ols_av,pass,-0.9576,5.0
full_ols_av,pass,0.7257,0.0
full_ols_av,pass,-0.5485,5.0
full_ols_av,pass,-1.1633,4.0
full_ols_av,pass,0.1093,3.0
full_ols_av,pass,-1.5456,5.0
full_ols_av,pass,0.8136,4.0
full_ols_av,pass,-0.204,6.0
full_ols_av,pass,0.2918,0.0
full_ols_av,pass,0.3321,0.0
full_ols_av,pass,-1.1711,2.0
full_ols_av,pass,-0.4322,2.0
full_ols_av,pass,0.2701,4.0
full_ols_av,pass,0.3229,3.0
full_ols_av,pass,0.3322,5.0
full_ols_av,pass,-0.1508,4.0
full_ols_av,pass,-0.15,0.0
full_ols_av,pass,1.0053,0.0
full_ols_av,pass,-0.0618,6.0
full_ols_av,pass,-0.8653,3.0
full_ols_av,pass,-0.0938,3.0
full_ols_av,pass,-0.933,1.0
full_ols_av,pass,0.2442,6.0
full_ols_av,pass,-0.646,10.0
full_ols_av,pass,-0.7097,7.0
full_ols_av,pass,-0.016,7.0
full_ols_av,pass,0.155,0.0
full_ols_av,pass,-0.7736,10.0
full_ols_av,pass,-0.6559,0.0
full_ols_av,pass,-1.134,3.0
full_ols_av,pass,-0.0476,0.0
full_ols_av,pass,-0.2368,0.0
full_ols_av,pass,0.0414,0.0
full_ols_av,pass,0.0692,5.0
full_ols_av,pass,-0.6104,0.0
full_ols_av,pass,-0.0405,4.0
full_ols_av,pass,-0.663,1.0
full_ols_av,pass,-0.8532,0.0
full_ols_av,pass,-0.2728,6.0
full_ols_av,pass,-0.7035,0.0
full_ols_av,pass,-0.422,8.0
full_ols_av,pass,1.045,2.0
full_ols_av,pass,-0.6782,2.0
full_ols_av,pass,-0.2608,4.0
full_ols_av,pass,-1.0297,0.0
full_ols_av,pass,-0.3177,3.0
full_ols_av,pass,-0.0693,0.0
full_ols_av,pass,-0.7092,3.0
full_ols_av,pass,-0.0459,7.0
full_ols_av,pass,-0.4851,6.0
full_ols_av,pass,-0.5565,0.0
full_ols_av,pass,-0.6598,6.0
full_ols_av,pass,-0.734,7.0
full_ols_av,pass,0.0493,7.0
full_ols_av,pass,-0.4316,0.0
full_ols_av,pass,-1.4082,0.0
full_ols_av,pass,0.3436,0.0
full_ols_av,pass,-1.0929,2.0
full_ols_av,pass,-0.6482,0.0
full_ols_av,pass,0.2648,0.0
full_ols_av,pass,-0.6585,6.0
full_ols_av,pass,0.1692,0.0
full_ols_av,pass,-0.7236,2.0
full_ols_av,pass,-2.0992,3.0
full_ols_av,pass,0.228,0.0
full_ols_av,pass,-1.0163,7.0
full_ols_av,pass,0.3602,0.0
full_ols_av,pass,-1.2321,0.0
full_ols_av,pass,-0.1641,7.0
full_ols_av,pass,-0.7382,4.0
full_ols_av,pass,-1.2618,0.0
full_ols_av,pass,-0.5099,5.0
full_ols_av,pass,0.1215,1.0
full_ols_av,pass,-0.1548,0.0
full_ols_av,pass,-0.1586,0.0
full_ols_av,pass,-1.0037,0.0
full_ols_av,pass,-0.1087,3.0
full_ols_av,pass,-0.4452,3.0
full_ols_av,pass,-0.6092,4.0
full_ols_av,pass,0.0027,4.0
full_ols_av,pass,-0.1828,3.0
full_ols_av,pass,-0.7088,7.0
full_ols_av,pass,-0.8917,9.0
full_ols_av,pass,-0.7658,4.0
full_ols_av,pass,-0.3953,6.0
full_ols_av,pass,-0.065,2.0
full_ols_av,pass,-0.1805,9.0
full_ols_av,pass,0.0693,7.0
full_ols_av,pass,0.7602,4.0
full_ols_av,pass,-0.91,4.0
full_ols_av,pass,-0.6906,0.0
full_ols_av,pass,-1.1453,3.0
full_ols_av,pass,-0.2591,4.0
full_ols_av,pass,-1.2032,8.0
full_ols_av,pass,0.0554,0.0
full_ols_av,pass,-1.1766,4.0
full_ols_av,pass,-1.5075,3.0
full_ols_av,pass,0.5631,0.0
full_ols_av,pass,-1.7888,0.0
full_ols_av,pass,-0.5664,0.0
full_ols_av,pass,-0.5921,5.0
full_ols_av,pass,0.0326,3.0
full_ols_av,pass,-1.0907,3.0
full_ols_av,pass,0.1585,8.0
full_ols_av,pass,0.2116,2.0
full_ols_av,pass,0.1743,4.0
full_ols_av,pass,-0.7657,0.0
full_ols_av,pass,-0.5981,4.0
full_ols_av,pass,-0.2709,3.0
full_ols_av,pass,-0.4317,6.0
full_ols_av,pass,-0.6792,0.0
full_ols_av,pass,-0.2855,3.0
full_ols_av,pass,-0.6738,3.0
full_ols_av,pass,-0.4161,0.0
full_ols_av,pass,0.1211,5.0
full_ols_av,pass,-0.2,6.0
full_ols_av,pass,-0.8071,2.0
full_ols_av,pass,-1.4938,7.0
full_ols_av,pass,-1.2338,1.0
full_ols_av,pass,-0.1932,6.0
full_ols_av,pass,-0.1604,0.0
full_ols_av,pass,-1.7614,4.0
full_ols_av,pass,-0.1062,2.0
full_ols_av,pass,0.1674,0.0
full_ols_av,pass,-0.5965,3.0
full_ols_av,pass,-0.0057,3.0
full_ols_av,pass,-0.4661,7.0
full_ols_av,pass,-0.8076,1.0
full_ols_av,pass,-0.9738,3.0
full_ols_av,pass,-1.7918,5.0
full_ols_av,pass,-0.3948,2.0
full_ols_av,pass,-0.8566,7.0
full_ols_av,pass,0.0933,0.0
full_ols_av,pass,-0.6243,5.0
full_ols_av,pass,-1.901,2.0
full_ols_av,pass,-0.1934,2.0
full_ols_av,pass,0.9395,4.0
full_ols_av,pass,0.0937,0.0
full_ols_av,pass,-1.083,6.0
full_ols_av,pass,-0.1865,0.0
full_ols_av,pass,-1.0955,6.0
full_ols_av,pass,0.5749,0.0
full_ols_av,pass,-0.4851,3.0
full_ols_av,pass,-0.0935,3.0
full_ols_av,pass,0.5578,0.0
full_ols_av,pass,-0.7019,0.0
full_ols_av,pass,-1.1103,8.0
full_ols_av,pass,-0.375,0.0
full_ols_av,pass,-0.74,5.0
full_ols_av,pass,-0.5018,3.0
full_ols_av,pass,0.0026,6.0
full_ols_av,pass,-0.4201,4.0
full_ols_av,pass,-0.5906,0.0
full_ols_av,pass,-0.8614,7.0
full_ols_av,pass,-0.2722,3.0
full_ols_av,pass,0.4361,0.0
full_ols_av,pass,-1.0708,3.0
full_ols_av,pass,0.6189,2.0
full_ols_av,pass,-0.6333,2.0
full_ols_av,pass,0.296,0.0
full_ols_av,pass,-0.3672,3.0
full_ols_av,pass,-0.7771,0.0
full_ols_av,pass,-0.8505,9.0
full_ols_av,pass,-0.8172,3.0
full_ols_av,pass,-0.6038,0.0
full_ols_av,pass,-0.3111,0.0
full_ols_av,pass,-0.5574,3.0
full_ols_av,pass,-0.5061,2.0
full_ols_av,pass,-0.792,8.0
full_ols_av,pass,-0.5995,0.0
full_ols_av,pass,-0.0883,5.0
full_ols_av,pass,-0.2741,4.0
full_ols_av,pass,0.2911,5.0
full_ols_av,pass,-0.4458,6.0
full_ols_av,pass,-1.0622,2.0
full_ols_av,pass,0.5064,0.0
full_ols_av,pass,-0.7329,2.0
full_ols_av,pass,-1.1025,0.0
full_ols_av,pass,-0.4989,4.0
full_ols_av,pass,-1.3241,6.0
full_ols_av,pass,-0.8292,7.0
full_ols_av,pass,-0.8554,6.0
full_ols_av,pass,-1.1276,0.0
full_ols_av,pass,0.0152,4.0
full_ols_av,pass,-0.3007,6.0
full_ols_av,pass,-0.4427,0.0
full_ols_av,pass,-0.2775,0.0
full_ols_av,pass,0.0812,9.0
full_ols_av,pass,-0.1634,4.0
full_ols_av,pass,-0.8397,5.0
full_ols_av,pass,-0.1548,0.0
full_ols_av,pass,-0.0475,0.0
full_ols_av,pass,0.4596,0.0
full_ols_av,pass,-1.6257,3.0
full_ols_av,pass,-0.5423,4.0
full_ols_av,pass,-0.5222,4.0
full_ols_av,pass,0.7996,0.0
full_ols_av,pass,-0.5534,0.0
full_ols_av,pass,-0.4031,6.0
full_ols_av,pass,-0.8411,9.0
full_ols_av,pass,-0.4394,3.0
full_ols_av,pass,0.4196,4.0
full_ols_av,pass,-0.3338,3.0
full_ols_av,pass,-0.2036,3.0
full_ols_av,pass,-0.4811,0.0
full_ols_av,pass,0.1742,3.0
full_ols_av,pass,0.9837,10.0
full_ols_av,pass,1.0168,5.0
full_ols_av,pass,0.2178,7.0
full_ols_av,pass,-1.3395,0.0
full_ols_av,pass,0.9853,3.0
full_ols_av,pass,-1.2997,0.0
full_ols_av,pass,-0.8208,0.0
full_ols_av,pass,-0.011,0.0
full_ols_av,pass,-0.8719,3.0
full_ols_av,pass,-1.0002,6.0
full_ols_av,pass,-0.9483,5.0
full_ols_av,pass,-0.4883,5.0
full_ols_av,pass,-0.6926,0.0
full_ols_av,pass,-0.5662,0.0
full_ols_av,pass,-0.5019,3.0
full_ols_av,pass,-0.7118,0.0
full_ols_av,pass,-0.6712,8.0
full_ols_av,pass,-0.9693,3.0
full_ols_av,pass,0.533,5.0
full_ols_av,pass,-1.5542,5.0
full_ols_av,pass,-0.0425,5.0
full_ols_av,pass,0.5674,8.0
full_ols_av,pass,-1.1538,9.0
full_ols_av,pass,-0.613,2.0
full_ols_av,pass,-1.2676,1.0
full_ols_av,pass,-0.047,4.0
full_ols_av,pass,-0.7792,2.0
full_ols_av,pass,-1.3351,0.0
full_ols_av,pass,-0.4556,0.0
full_ols_av,pass,-0.0945,6.0
full_ols_av,pass,-0.0399,7.0
full_ols_av,pass,0.1452,0.0
full_ols_av,pass,-0.2946,5.0
full_ols_av,pass,0.2732,2.0
full_ols_av,pass,-0.9267,4.0
full_ols_av,pass,-0.088,0.0
full_ols_av,pass,0.6533,10.0
full_ols_av,pass,0.913,5.0
full_ols_av,pass,-0.7382,1.0
full_ols_av,pass,-0.4381,3.0
full_ols_av,pass,-0.0239,0.0
full_ols_av,pass,-0.6864,3.0
full_ols_av,pass,-0.257,6.0
full_ols_av,pass,-0.9348,0.0
full_ols_av,pass,-1.0255,0.0
full_ols_av,pass,-0.4631,4.0
full_ols_av,pass,0.0034,0.0
full_ols_av,pass,-0.284,3.0
full_ols_av,pass,-1.1428,2.0
full_ols_av,pass,-1.394,0.0
full_ols_av,pass,-1.4524,3.0
full_ols_av,pass,0.0759,0.0
full_ols_av,pass,-0.5082,2.0
full_ols_av,pass,-0.1304,3.0
full_ols_av,pass,-0.4925,0.0
full_ols_av,pass,-1.6692,2.0
full_ols_av,pass,-1.3764,3.0
full_ols_av,pass,-1.0885,4.0
full_ols_av,pass,-0.499,3.0
full_ols_av,pass,-0.7702,5.0
full_ols_av,pass,-1.1143,0.0
full_ols_av,pass,-0.3938,2.0
full_ols_av,pass,-0.3202,0.0
full_ols_av,pass,-0.3003,1.0
full_ols_av,pass,-1.3384,3.0
full_ols_av,pass,0.073,8.0
full_ols_av,pass,-0.6578,6.0
full_ols_av,pass,0.2515,0.0
full_ols_av,pass,-0.1632,2.0
full_ols_av,pass,-0.6609,7.0
full_ols_av,pass,-0.9869,5.0
full_ols_av,pass,-1.5698,8.0
full_ols_av,pass,-0.9231,3.0
full_ols_av,pass,-0.1775,2.0
full_ols_av,pass,-0.7729,7.0
full_ols_av,pass,-0.3534,4.0
full_ols_av,pass,-0.6317,6.0
full_ols_av,pass,-0.7436,9.0
full_ols_av,pass,-0.8038,4.0
full_ols_av,pass,-0.4595,3.0
full_ols_av,pass,-0.0912,5.0
full_ols_av,pass,-0.4559,0.0
full_ols_av,pass,-0.9322,4.0
full_ols_av,pass,0.5943,0.0
full_ols_av,pass,0.2365,0.0
full_ols_av,pass,-0.4808,2.0
full_ols_av,pass,-1.5273,2.0
full_ols_av,pass,-0.0423,0.0
full_ols_av,pass,-0.5477,0.0
full_ols_av,pass,0.6281,0.0
full_ols_av,pass,-0.3765,4.0
full_ols_av,pass,-0.5144,0.0
full_ols_av,pass,-0.8577,7.0
full_ols_av,pass,0.754,7.0
full_ols_av,pass,-0.6937,0.0
full_ols_av,pass,-0.7922,0.0
full_ols_av,pass,-1.4446,5.0
full_ols_av,pass,0.0604,3.0
full_ols_av,pass,0.2381,0.0
full_ols_av,pass,-1.2175,7.0
full_ols_av,pass,0.3245,2.0
full_ols_av,pass,-1.1461,3.0
full_ols_av,pass,0.9058,5.0
full_ols_av,pass,-0.0364,0.0
full_ols_av,pass,-0.5003,9.0
full_ols_av,pass,0.642,2.0
full_ols_av,pass,-1.6852,3.0
full_ols_av,pass,-0.1075,0.0
full_ols_av,pass,0.7438,7.0
full_ols_av,pass,-1.1431,8.0
full_ols_av,pass,-0.504,0.0
full_ols_av,pass,-0.0207,0.0
full_ols_av,pass,0.4483,0.0
full_ols_av,pass,0.5064,2.0
full_ols_av,pass,-0.6456,4.0
full_ols_av,pass,-1.3319,2.0
full_ols_av,pass,-1.4987,0.0
full_ols_av,pass,-0.5789,5.0
full_ols_av,pass,0.0419,7.0
full_ols_av,pass,-0.8367,4.0
full_ols_av,pass,-0.5647,10.0
full_ols_av,pass,-0.9805,1.0
full_ols_av,pass,-0.542,2.0
full_ols_av,pass,-0.022,7.0
full_ols_av,pass,-0.9887,7.0
full_ols_av,pass,-1.0172,0.0
full_ols_av,pass,-0.4824,4.0
full_ols_av,pass,-0.6817,7.0
full_ols_av,pass,0.1592,0.0
full_ols_av,pass,-0.6258,0.0
full_ols_av,pass,-0.938,5.0
full_ols_av,pass,-1.316,1.0
full_ols_av,pass,-2.2788,2.0
full_ols_av,pass,-0.1987,7.0
full_ols_av,pass,0.1652,0.0
full_ols_av,pass,-1.5006,4.0
full_ols_av,pass,-1.1931,4.0
full_ols_av,pass,-0.4175,0.0
full_ols_av,pass,0.1245,0.0
full_ols_av,pass,-0.2557,4.0
full_ols_av,pass,-0.1543,0.0
full_ols_av,pass,-1.1607,5.0
full_ols_av,pass,-0.498,0.0
full_ols_av,pass,0.279,2.0
full_ols_av,pass,-1.3069,0.0
full_ols_av,pass,-0.7428,3.0
full_ols_av,pass,-0.0714,0.0
full_ols_av,pass,0.1147,2.0
full_ols_av,pass,0.41,4.0
full_ols_av,pass,-0.3367,4.0
full_ols_av,pass,-0.7518,2.0
full_ols_av,pass,-0.7447,4.0
full_ols_av,pass,-0.6018,0.0
full_ols_av,pass,-1.5342,5.0
full_ols_av,pass,-0.3701,5.0
full_ols_av,pass,-0.0694,5.0
full_ols_av,pass,-0.8844,2.0
full_ols_av,pass,0.9966,1.0
full_ols_av,pass,-1.0766,0.0
full_ols_av,pass,-0.3578,5.0
full_ols_av,pass,-0.3833,0.0
full_ols_av,pass,-0.0282,3.0
full_ols_av,pass,0.3472,8.0
full_ols_av,pass,-1.297,3.0
full_ols_av,pass,-1.0014,4.0
full_ols_av,pass,0.1569,4.0
full_ols_av,pass,-0.7485,3.0
full_ols_av,pass,0.8704,7.0
full_ols_av,pass,-1.0342,4.0
full_ols_av,pass,-0.1231,5.0
full_ols_av,pass,-0.4628,4.0
full_ols_av,pass,-1.4526,3.0
full_ols_av,pass,0.0519,0.0
full_ols_av,pass,0.5383,3.0
full_ols_av,pass,-0.9036,6.0
full_ols_av,pass,-0.6319,1.0
full_ols_av,pass,-0.3957,3.0
full_ols_av,pass,0.2126,5.0
full_ols_av,pass,-0.761,0.0
full_ols_av,pass,-0.2189,0.0
full_ols_av,pass,-1.4826,3.0
full_ols_av,pass,-0.2288,0.0
full_ols_av,pass,-0.3149,2.0
full_ols_av,pass,-0.4936,9.0
full_ols_av,pass,-0.5901,0.0
full_ols_av,pass,0.6244,8.0
full_ols_av,pass,-0.4117,0.0
full_ols_av,pass,-1.0246,2.0
full_ols_av,pass,-0.565,0.0
full_ols_av,pass,-0.007,0.0
full_ols_av,pass,-0.9702,6.0
full_ols_av,pass,-1.7046,0.0
full_ols_av,pass,-0.927,0.0
full_ols_av,pass,-0.5619,4.0
full_ols_av,pass,-0.2653,0.0
full_ols_av,pass,-0.2981,0.0
full_ols_av,pass,-0.6763,6.0
full_ols_av,pass,-0.8651,8.0
full_ols_av,pass,-0.0074,0.0
full_ols_av,pass,-0.7936,5.0
full_ols_av,pass,-0.3866,0.0
full_ols_av,pass,0.088,4.0
full_ols_av,pass,-0.8385,0.0
full_ols_av,pass,-0.1574,6.0
full_ols_av,pass,-0.8949,4.0
full_ols_av,pass,0.6541,0.0
full_ols_av,pass,-0.7161,9.0
full_ols_av,pass,-0.522,4.0
full_ols_av,pass,-0.0385,4.0
full_ols_av,pass,-1.0247,0.0
full_ols_av,pass,-0.2936,6.0
full_ols_av,pass,0.6599,0.0
full_ols_av,pass,-0.5416,6.0
full_ols_av,pass,-0.2025,6.0
full_ols_av,pass,-0.3802,3.0
full_ols_av,pass,-0.533,0.0
full_ols_av,pass,0.087,2.0
full_ols_av,pass,-0.6543,3.0
full_ols_av,pass,0.259,6.0
full_ols_av,pass,-1.9983,6.0
full_ols_av,pass,-1.1158,2.0
full_ols_av,pass,0.1126,4.0
full_ols_av,pass,-0.1158,4.0
full_ols_av,pass,-0.5417,8.0
full_ols_av,pass,-0.1984,1.0
full_ols_av,pass,-1.1641,2.0
full_ols_av,pass,-0.6631,2.0
full_ols_av,pass,-0.7269,0.0
full_ols_av,pass,-0.3698,4.0
full_ols_av,pass,-1.6851,4.0
full_ols_av,pass,-1.6538,1.0
full_ols_av,pass,-0.565,7.0
full_ols_av,pass,-0.0457,5.0
full_ols_av,pass,-1.0161,5.0
full_ols_av,pass,-0.061,4.0
full_ols_av,pass,-0.0574,4.0
full_ols_av,pass,-0.6974,5.0
full_ols_av,pass,-0.7724,6.0
full_ols_av,pass,-0.7225,8.0
full_ols_av,pass,0.5465,6.0
full_ols_av,pass,-0.3117,0.0
full_ols_av,pass,-0.7807,2.0
full_ols_av,pass,-0.771,6.0
full_ols_av,pass,-0.5452,0.0
full_ols_av,pass,0.0824,0.0
full_ols_av,pass,-0.3617,4.0
full_ols_av,pass,-0.5603,3.0
full_ols_av,pass,-0.9158,7.0
full_ols_av,pass,-1.1287,3.0
full_ols_av,pass,-0.5071,0.0
full_ols_av,pass,-0.5209,7.0
full_ols_av,pass,-0.4169,5.0
full_ols_av,pass,-1.0483,1.0
full_ols_av,pass,-0.0202,0.0
full_ols_av,pass,-0.4607,7.0
full_ols_av,pass,-0.4592,0.0
full_ols_av,pass,-0.8939,3.0
full_ols_av,pass,-0.5052,5.0
full_ols_av,pass,-1.0426,4.0
full_ols_av,pass,-0.4457,0.0
full_ols_av,pass,-0.3106,0.0
full_ols_av,pass,-0.9877,4.0
full_ols_av,pass,-0.7819,0.0
full_ols_av,pass,-0.3806,0.0
full_ols_av,pass,-0.5337,6.0
full_ols_av,pass,-0.5573,2.0
full_ols_av,pass,0.5859,5.0
full_ols_av,pass,0.5328,0.0
full_ols_av,pass,-0.5509,4.0
full_ols_av,pass,-0.0681,4.0
full_ols_av,pass,-0.4171,0.0
full_ols_av,pass,-1.4211,1.0
full_ols_av,pass,-0.8352,0.0
full_ols_av,pass,-0.891,3.0
full_ols_av,pass,-1.5109,4.0
full_ols_av,pass,-0.1391,7.0
full_ols_av,pass,0.0788,4.0
full_ols_av,pass,-0.1606,4.0
full_ols_av,pass,0.5283,9.0
full_ols_av,pass,-1.125,6.0
full_ols_av,pass,-0.1352,5.0
full_ols_av,pass,0.8896,3.0
full_ols_av,pass,0.4459,9.0
full_ols_av,pass,-0.9946,2.0
full_ols_av,pass,-0.4682,5.0
full_ols_av,pass,-0.1014,7.0
full_ols_av,pass,-0.4507,0.0
full_ols_av,pass,0.1674,0.0
full_ols_av,pass,0.1207,5.0
full_ols_av,pass,0.2061,0.0
full_ols_av,pass,-0.1718,4.0
full_ols_av,pass,-1.1575,8.0
full_ols_av,pass,-0.2345,1.0
full_ols_av,pass,-0.1411,4.0
full_ols_av,pass,-0.58,3.0
full_ols_av,pass,0.4922,0.0
full_ols_av,pass,-0.0759,0.0
full_ols_av,pass,-0.5422,7.0
full_ols_av,pass,-1.542,0.0
full_ols_av,pass,-0.5867,0.0
full_ols_av,pass,-1.3884,4.0
full_ols_av,pass,0.3353,4.0
full_ols_av,pass,0.2781,8.0
full_ols_av,pass,0.2196,9.0
full_ols_av,pass,-0.4362,6.0
full_ols_av,pass,0.2927,8.0
full_ols_av,pass,-0.2313,4.0
full_ols_av,pass,-0.5479,6.0
full_ols_av,pass,-0.927,10.0
full_ols_av,pass,0.0589,0.0
full_ols_av,pass,-0.8132,4.0
full_ols_av,pass,-0.1825,3.0
full_ols_av,pass,-1.6273,5.0
full_ols_av,pass,-0.2517,3.0
full_ols_av,pass,-1.5268,3.0
full_ols_av,pass,-0.3145,2.0
full_ols_av,pass,-0.0949,7.0
full_ols_av,pass,0.0385,2.0
full_ols_av,pass,-0.5006,0.0
full_ols_av,pass,-0.1231,3.0
full_ols_av,pass,-1.212,0.0
full_ols_av,pass,-0.252,0.0
full_ols_av,pass,-0.8134,4.0
full_ols_av,pass,-0.9502,8.0
full_ols_av,pass,0.4096,0.0
full_ols_av,pass,0.0102,3.0
full_ols_av,pass,-0.914,0.0
full_ols_av,pass,0.454,5.0
full_ols_av,pass,-0.7161,4.0
full_ols_av,pass,-0.0712,1.0
full_ols_av,pass,-0.9514,0.0
full_ols_av,pass,-0.2268,2.0
full_ols_av,pass,-0.1855,7.0
full_ols_av,pass,-0.4263,4.0
full_ols_av,pass,-0.4485,0.0
full_ols_av,pass,-0.6797,0.0
full_ols_av,pass,-0.7535,6.0
full_ols_av,pass,0.0545,4.0
full_ols_av,pass,0.787,5.0
full_ols_av,pass,0.4727,8.0
full_ols_av,pass,0.4574,3.0
full_ols_av,pass,-0.4355,4.0
full_ols_av,pass,-0.239,5.0
full_ols_av,pass,-0.3899,3.0
full_ols_av,pass,-0.348,7.0
full_ols_av,pass,-0.7375,1.0
full_ols_av,pass,0.3715,8.0
full_ols_av,pass,-1.0599,3.0
full_ols_av,pass,-1.5418,5.0
full_ols_av,pass,-0.3854,3.0
full_ols_av,pass,-0.6086,7.0
full_ols_av,pass,-0.5952,8.0
full_ols_av,pass,-0.8733,2.0
full_ols_av,pass,0.192,4.0
full_ols_av,pass,-0.8531,2.0
full_ols_av,pass,-0.7541,8.0
full_ols_av,pass,-0.3188,6.0
full_ols_av,pass,-0.4982,0.0
full_ols_av,pass,-0.4172,0.0
full_ols_av,pass,-0.9995,7.0
full_ols_av,pass,-0.3767,7.0
full_ols_av,pass,-0.854,3.0
full_ols_av,pass,-0.0371,0.0
full_ols_av,pass,0.5811,9.0
full_ols_av,pass,-0.1211,8.0
full_ols_av,pass,-0.4379,3.0
full_ols_av,pass,-1.2844,7.0
full_ols_av,pass,-0.3295,6.0
full_ols_av,pass,-0.8695,0.0
full_ols_av,pass,-1.5881,5.0
full_ols_av,pass,-0.588,0.0
full_ols_av,pass,-1.5614,0.0
full_ols_av,pass,0.2061,6.0
full_ols_av,pass,-1.0981,1.0
full_ols_av,pass,-0.6626,0.0
full_ols_av,pass,-1.6617,4.0
full_ols_av,pass,0.3047,0.0
full_ols_av,pass,-0.941,8.0
full_ols_av,pass,-0.445,2.0
full_ols_av,pass,-0.5487,4.0
full_ols_av,pass,0.0755,8.0
full_ols_av,pass,-0.3543,4.0
full_ols_av,pass,-0.262,0.0
full_ols_av,pass,-0.8038,0.0
full_ols_av,pass,-0.8282,7.0
full_ols_av,pass,-1.3555,10.0
full_ols_av,pass,-0.5834,4.0
full_ols_av,pass,0.4469,5.0
full_ols_av,pass,-0.0173,4.0
full_ols_av,pass,-0.1839,5.0
full_ols_av,pass,-0.9875,1.0
full_ols_av,pass,0.1057,1.0
full_ols_av,pass,-0.6004,0.0
full_ols_av,pass,-1.5096,0.0
full_ols_av,pass,-0.8282,5.0
full_ols_av,pass,-0.6028,5.0
full_ols_av,pass,-1.4799,9.0
full_ols_av,pass,-0.2504,3.0
full_ols_av,pass,-0.6353,6.0
full_ols_av,pass,-1.4541,0.0
full_ols_av,pass,0.1449,7.0
full_ols_av,pass,0.2153,6.0
full_ols_av,pass,-0.6215,2.0
full_ols_av,pass,-0.3687,3.0
full_ols_av,pass,-0.7765,2.0
full_ols_av,pass,-0.4026,3.0
full_ols_av,pass,-0.3455,0.0
full_ols_av,pass,-0.4365,0.0
full_ols_av,pass,-0.6039,0.0
full_ols_av,pass,0.1443,0.0
full_ols_av,pass,0.8765,9.0
full_ols_av,pass,0.4902,3.0
full_ols_av,pass,-0.4035,0.0
full_ols_av,pass,-0.1764,5.0
full_ols_av,pass,-1.1084,0.0
full_ols_av,pass,-0.3535,0.0
full_ols_av,pass,-0.6682,0.0
full_ols_av,pass,-0.5447,2.0
full_ols_av,pass,0.4321,0.0
full_ols_av,pass,-1.4477,5.0
full_ols_av,pass,-0.4412,3.0
full_ols_av,pass,0.2554,4.0
full_ols_av,pass,-0.2967,0.0
full_ols_av,pass,-0.2335,4.0
full_ols_av,pass,-0.8145,3.0
full_ols_av,pass,0.2224,0.0
full_ols_av,pass,-0.2123,3.0
full_ols_av,pass,0.2638,3.0
full_ols_av,pass,0.1381,3.0
full_ols_av,pass,-0.9086,0.0
full_ols_av,pass,-0.1343,4.0
full_ols_av,pass,-0.658,2.0
full_ols_av,pass,-0.9566,8.0
full_ols_av,pass,-1.0401,4.0
full_ols_av,pass,0.039,4.0
full_ols_av,pass,-0.6542,4.0
full_ols_av,pass,-0.2632,1.0
full_ols_av,pass,-0.5769,2.0
full_ols_av,pass,0.6373,2.0
full_ols_av,pass,-0.0102,0.0
full_ols_av,pass,0.2254,3.0
full_ols_av,pass,-0.2105,4.0
full_ols_av,pass,-1.0665,3.0
full_ols_av,pass,-0.6044,5.0
full_ols_av,pass,-1.4843,2.0
full_ols_av,pass,-0.4363,4.0
full_ols_av,pass,-0.6221,2.0
full_ols_av,pass,-0.3753,3.0
full_ols_av,pass,0.0463,4.0
full_ols_av,pass,-1.0196,3.0
full_ols_av,pass,0.7877,0.0
full_ols_av,pass,-0.514,1.0
full_ols_av,pass,-1.0162,0.0
full_ols_av,pass,0.0729,9.0
full_ols_av,pass,-0.7393,0.0
full_ols_av,pass,-0.7495,0.0
full_ols_av,pass,0.1484,3.0
full_ols_av,pass,-0.2996,4.0
full_ols_av,pass,0.1841,2.0
full_ols_av,pass,0.1803,3.0
full_ols_av,pass,0.1548,0.0
full_ols_av,pass,-0.9149,6.0
full_ols_av,pass,-0.8737,4.0
full_ols_av,pass,-0.3475,7.0
full_ols_av,pass,-0.0286,4.0
full_ols_av,pass,-1.1277,5.0
full_ols_av,pass,0.594,2.0
full_ols_av,pass,-0.5566,4.0
full_ols_av,pass,-0.547,6.0
full_ols_av,pass,0.1163,3.0
full_ols_av,pass,-1.3599,7.0
full_ols_av,pass,0.1598,6.0
full_ols_av,pass,-0.8368,0.0
full_ols_av,pass,0.0921,0.0
full_ols_av,pass,0.5257,5.0
full_ols_av,pass,-0.2137,4.0
full_ols_av,pass,-1.0126,3.0
full_ols_av,pass,-0.9589,3.0
full_ols_av,pass,-1.0753,2.0
full_ols_av,pass,-0.2303,0.0
full_ols_av,pass,-0.0453,2.0
full_ols_av,pass,-1.7479,0.0
full_ols_av,pass,0.1673,0.0
full_ols_av,pass,-0.0393,4.0
full_ols_av,pass,-1.0329,4.0
full_ols_av,pass,-0.2828,3.0
full_ols_av,pass,-0.3753,0.0
full_ols_av,pass,-0.7705,5.0
full_ols_av,pass,-1.4566,2.0
full_ols_av,pass,-1.576,2.0
full_ols_av,pass,0.7336,0.0
full_ols_av,pass,-0.2437,7.0
full_ols_av,pass,0.0259,0.0
full_ols_av,pass,1.2502,0.0
full_ols_av,pass,-0.1219,4.0
full_ols_av,pass,-0.7462,8.0
full_ols_av,pass,-0.7744,6.0
full_ols_av,pass,0.0009,6.0
full_ols_av,pass,-0.7547,2.0
full_ols_av,pass,0.3583,0.0
full_ols_av,pass,0.5186,0.0
full_ols_av,pass,-1.2594,3.0
full_ols_av,pass,0.0933,2.0
full_ols_av,pass,0.2327,4.0
full_ols_av,pass,-1.4505,5.0
full_ols_av,pass,-0.5618,0.0
full_ols_av,pass,0.2525,0.0
full_ols_av,pass,-0.8989,4.0
full_ols_av,pass,-1.4926,3.0
full_ols_av,pass,0.2281,5.0
full_ols_av,pass,-0.9792,3.0
full_ols_av,pass,-1.0734,1.0
full_ols_av,pass,-0.0071,0.0
full_ols_av,pass,-0.3331,6.0
full_ols_av,pass,-0.3509,0.0
full_ols_av,pass,-0.1623,1.0
full_ols_av,pass,-0.1998,6.0
full_ols_av,pass,-0.6114,2.0
full_ols_av,pass,0.5977,0.0
full_ols_av,pass,-0.9628,4.0
full_ols_av,pass,-0.319,7.0
full_ols_av,pass,-0.9327,7.0
full_ols_av,pass,-0.1931,2.0
full_ols_av,pass,0.6891,0.0
full_ols_av,pass,-1.2409,4.0
full_ols_av,pass,-0.7503,7.0
full_ols_av,pass,0.0261,0.0
full_ols_av,pass,-0.6488,7.0
full_ols_av,pass,0.1505,3.0
full_ols_av,pass,-0.9002,5.0
full_ols_av,pass,0.1405,3.0
full_ols_av,pass,-1.5318,5.0
full_ols_av,pass,-0.6795,3.0
full_ols_av,pass,-0.1638,2.0
full_ols_av,pass,-0.8882,4.0
full_ols_av,pass,-0.3563,4.0
full_ols_av,pass,-0.0771,0.0
full_ols_av,pass,-0.8939,0.0
full_ols_av,pass,-1.7435,6.0
full_ols_av,pass,-1.5613,5.0
full_ols_av,pass,-0.5416,3.0
full_ols_av,pass,-0.5991,6.0
full_ols_av,pass,-0.1759,0.0
full_ols_av,pass,-0.0334,3.0
full_ols_av,pass,-0.7637,6.0
full_ols_av,pass,-0.3908,3.0
full_ols_av,pass,-0.6763,0.0
full_ols_av,pass,0.8428,6.0
full_ols_av,pass,-0.2731,0.0
full_ols_av,pass,-0.427,0.0
full_ols_av,pass,-0.8704,8.0
full_ols_av,pass,-1.0783,5.0
full_ols_av,pass,-1.3645,0.0
full_ols_av,pass,-0.6506,3.0
full_ols_av,pass,0.2258,8.0
full_ols_av,pass,-1.3865,0.0
full_ols_av,pass,-1.4001,7.0
full_ols_av,pass,-0.8064,8.0
full_ols_av,pass,-0.8509,8.0
full_ols_av,pass,0.0906,4.0
full_ols_av,pass,-0.5178,3.0
full_ols_av,pass,0.7092,4.0
full_ols_av,pass,-1.0181,0.0
full_ols_av,pass,-0.1674,7.0
full_ols_av,pass,-0.0557,4.0
full_ols_av,pass,0.0138,0.0
full_ols_av,pass,-0.8595,4.0
full_ols_av,pass,0.4336,0.0
full_ols_av,pass,-0.7207,0.0
full_ols_av,pass,1.1322,4.0
full_ols_av,pass,-0.1986,6.0
full_ols_av,pass,-1.7704,4.0
full_ols_av,pass,0.6033,0.0
full_ols_av,pass,-0.0091,5.0
full_ols_av,pass,-0.4835,2.0
full_ols_av,pass,-0.9576,1.0
full_ols_av,pass,-0.3583,4.0
full_ols_av,pass,-1.4814,0.0
full_ols_av,pass,-0.5866,0.0
full_ols_av,pass,-0.297,6.0
full_ols_av,pass,0.3996,0.0
full_ols_av,pass,-0.3763,1.0
full_ols_av,pass,-0.8766,3.0
full_ols_av,pass,0.4752,5.0
full_ols_av,pass,-0.1474,0.0
full_ols_av,pass,-0.6498,7.0
full_ols_av,pass,0.5157,3.0
full_ols_av,pass,0.4771,0.0
full_ols_av,pass,-1.5408,5.0
full_ols_av,pass,-0.5767,0.0
full_ols_av,pass,-0.738,4.0
full_ols_av,pass,-0.4597,0.0
full_ols_av,pass,-0.1021,0.0
full_ols_av,pass,-0.8323,0.0
full_ols_av,pass,-0.0358,0.0
full_ols_av,pass,-0.2806,3.0
full_ols_av,pass,-0.0645,5.0
full_ols_av,pass,-0.5576,2.0
full_ols_av,pass,0.5904,8.0
full_ols_av,pass,-0.7494,2.0
full_ols_av,pass,-0.7204,6.0
full_ols_av,pass,-0.7311,7.0
full_ols_av,pass,0.2415,7.0
full_ols_av,pass,-1.021,1.0
full_ols_av,pass,0.3112,3.0
full_ols_av,pass,-0.6144,0.0
full_ols_av,pass,-0.9993,4.0
full_ols_av,pass,-0.6652,6.0
full_ols_av,pass,-0.4758,0.0
full_ols_av,pass,0.6151,0.0
full_ols_av,pass,-0.1506,3.0
full_ols_av,pass,0.769,0.0
full_ols_av,pass,-0.3609,4.0
full_ols_av,pass,-1.3248,3.0
full_ols_av,pass,-0.8261,8.0
full_ols_av,pass,-1.0859,5.0
full_ols_av,pass,-0.2027,5.0
full_ols_av,pass,-0.9157,7.0
full_ols_av,pass,-0.766,8.0
full_ols_av,pass,0.0399,0.0
full_ols_av,pass,-0.2798,2.0
full_ols_av,pass,-0.9223,8.0
full_ols_av,pass,-0.3711,7.0
full_ols_av,pass,0.6056,3.0
full_ols_av,pass,-0.6384,2.0
full_ols_av,pass,-0.0391,4.0
full_ols_av,pass,0.9439,9.0
full_ols_av,pass,-0.7903,3.0
full_ols_av,pass,-0.1482,2.0
full_ols_av,pass,-0.2318,0.0
full_ols_av,pass,-1.6841,7.0
full_ols_av,pass,0.3151,3.0
full_ols_av,pass,-0.9392,0.0
full_ols_av,pass,0.6317,3.0
full_ols_av,pass,-0.3753,6.0
full_ols_av,pass,-0.4319,6.0
full_ols_av,pass,-1.1529,4.0
full_ols_av,pass,0.4365,3.0
full_ols_av,pass,-0.5946,2.0
full_ols_av,pass,-0.4616,0.0
full_ols_av,pass,-0.5747,3.0
full_ols_av,pass,-1.8429,0.0
full_ols_av,pass,-1.0827,8.0
full_ols_av,pass,-0.9512,3.0
full_ols_av,pass,-1.0674,0.0
full_ols_av,pass,-1.5964,3.0
full_ols_av,pass,0.2551,4.0
full_ols_av,pass,-1.0928,4.0
full_ols_av,pass,-1.533,4.0
full_ols_av,pass,-0.5319,0.0
full_ols_av,pass,-0.3633,0.0
full_ols_av,pass,-0.1186,4.0
full_ols_av,pass,0.6635,0.0
full_ols_av,pass,0.9866,7.0
full_ols_av,pass,-1.1548,2.0
full_ols_av,pass,-0.8831,3.0
full_ols_av,pass,-0.8366,8.0
full_ols_av,pass,-1.1936,2.0
full_ols_av,pass,-1.3767,7.0
full_ols_av,pass,-0.0341,6.0
full_ols_av,pass,0.0042,0.0
full_ols_av,pass,-0.7093,4.0
full_ols_av,pass,-1.11,6.0
full_ols_av,pass,0.2445,9.0
full_ols_av,pass,-0.5697,2.0
full_ols_av,pass,0.0286,0.0
full_ols_av,pass,-0.8897,3.0
full_ols_av,pass,-1.2591,4.0
full_ols_av,pass,-0.6181,4.0
full_ols_av,pass,-1.4569,4.0
full_ols_av,pass,-0.7922,5.0
full_ols_av,pass,-0.1712,4.0
full_ols_av,pass,-0.27,0.0
full_ols_av,pass,0.4909,0.0
full_ols_av,pass,-0.6462,3.0
full_ols_av,pass,0.4056,6.0
full_ols_av,pass,-0.8901,7.0
full_ols_av,pass,0.0639,5.0
full_ols_av,pass,-0.9705,3.0
full_ols_av,pass,-0.124,3.0
full_ols_av,pass,-1.1709,7.0
full_ols_av,pass,0.7189,0.0
full_ols_av,pass,-0.6103,4.0
full_ols_av,pass,-0.9741,0.0
full_ols_av,pass,0.1782,6.0
full_ols_av,pass,-0.3344,0.0
full_ols_av,pass,0.0803,7.0
full_ols_av,pass,-0.8966,4.0
full_ols_av,pass,0.4933,7.0
full_ols_av,pass,-1.297,3.0
full_ols_av,pass,-0.2318,2.0
full_ols_av,pass,-1.0,0.0
full_ols_av,pass,-0.0582,0.0
full_ols_av,pass,-1.1081,0.0
full_ols_av,pass,-1.1681,4.0
full_ols_av,pass,-0.2053,0.0
full_ols_av,pass,0.2627,9.0
full_ols_av,pass,-1.4878,3.0
full_ols_av,pass,-1.1385,0.0
full_ols_av,pass,-1.0988,3.0
full_ols_av,pass,-0.7865,8.0
full_ols_av,pass,-0.3839,0.0
full_ols_av,pass,-1.0792,0.0
full_ols_av,pass,-0.8582,0.0
full_ols_av,pass,0.0112,0.0
full_ols_av,pass,-0.8059,0.0
full_ols_av,pass,0.5778,0.0
full_ols_av,pass,-0.6031,8.0
full_ols_av,pass,0.4622,8.0
full_ols_av,pass,-1.6437,5.0
full_ols_av,pass,0.1515,0.0
full_ols_av,pass,-0.5001,2.0
full_ols_av,pass,-1.0603,4.0
full_ols_av,pass,-0.482,0.0
full_ols_av,pass,0.5838,0.0
full_ols_av,pass,-0.6119,0.0
full_ols_av,pass,-0.6605,2.0
full_ols_av,pass,-0.4539,0.0
full_ols_av,pass,-1.5751,2.0
full_ols_av,pass,-0.2095,3.0
full_ols_av,pass,-1.5748,0.0
full_ols_av,pass,-0.1952,3.0
full_ols_av,pass,-0.1951,8.0
full_ols_av,pass,0.5218,8.0
full_ols_av,pass,-0.7017,0.0
full_ols_av,pass,-0.4106,6.0
full_ols_av,pass,-0.8236,4.0
full_ols_av,pass,-1.671,1.0
full_ols_av,pass,-0.7279,0.0
full_ols_av,pass,-0.203,3.0
full_ols_av,pass,-0.5496,6.0
full_ols_av,pass,-0.5039,5.0
full_ols_av,pass,-0.3287,2.0
full_ols_av,pass,0.3693,4.0
full_ols_av,pass,-0.9802,7.0
full_ols_av,pass,-0.9112,6.0
full_ols_av,pass,-0.2285,3.0
full_ols_av,pass,0.2322,5.0
full_ols_av,pass,-1.4329,5.0
full_ols_av,pass,-0.0802,0.0
full_ols_av,pass,-1.1479,4.0
full_ols_av,pass,0.1888,0.0
full_ols_av,pass,0.0217,0.0
full_ols_av,pass,-0.0017,1.0
full_ols_av,pass,-1.123,0.0
full_ols_av,pass,-0.6525,4.0
full_ols_av,pass,-0.5035,6.0
full_ols_av,pass,-1.0595,0.0
full_ols_av,pass,-0.8316,5.0
full_ols_av,pass,-0.3172,6.0
full_ols_av,pass,-0.373,0.0
full_ols_av,pass,0.0744,4.0
full_ols_av,pass,-0.9511,5.0
full_ols_av,pass,-0.2098,2.0
full_ols_av,pass,-0.4947,6.0
full_ols_av,pass,-1.9943,0.0
full_ols_av,pass,-1.393,2.0
full_ols_av,pass,-0.7595,3.0
full_ols_av,pass,-0.0392,6.0
full_ols_av,pass,0.024,4.0
full_ols_av,pass,0.3705,0.0
full_ols_av,pass,-0.4164,0.0
full_ols_av,pass,-0.2754,0.0
full_ols_av,pass,-0.3465,4.0
full_ols_av,pass,-0.3231,2.0
full_ols_av,pass,0.1097,0.0
full_ols_av,pass,-1.0293,2.0
full_ols_av,pass,0.0076,4.0
full_ols_av,pass,-0.6273,0.0
full_ols_av,pass,0.0113,0.0
full_ols_av,pass,-0.2533,0.0
full_ols_av,pass,-1.3327,4.0
full_ols_av,pass,-0.7428,0.0
full_ols_av,pass,-1.2213,0.0
full_ols_av,pass,-1.1455,7.0
full_ols_av,pass,0.9171,8.0
full_ols_av,pass,-0.4476,2.0
full_ols_av,pass,-0.7964,3.0
full_ols_av,pass,-0.1604,0.0
full_ols_av,pass,-0.0568,4.0
full_ols_av,pass,-0.1728,4.0
full_ols_av,pass,-1.2478,4.0
full_ols_av,pass,-0.9345,2.0
full_ols_av,pass,0.1358,0.0
full_ols_av,pass,-0.7085,2.0
full_ols_av,pass,-0.2179,2.0
full_ols_av,pass,-0.9215,3.0
full_ols_av,pass,0.0608,9.0
full_ols_av,pass,0.6661,3.0
full_ols_av,pass,-1.0085,6.0
full_ols_av,pass,1.2318,0.0
full_ols_av,pass,0.4213,0.0
full_ols_av,pass,-0.3809,0.0
full_ols_av,pass,0.077,0.0
full_ols_av,pass,-1.0432,5.0
full_ols_av,pass,0.1916,0.0
full_ols_av,pass,0.0527,7.0
full_ols_av,pass,-0.1611,4.0
full_ols_av,pass,-1.9621,4.0
full_ols_av,pass,-0.4833,4.0
full_ols_av,pass,0.7924,6.0
full_ols_av,pass,-0.5801,0.0
full_ols_av,pass,-1.7604,4.0
full_ols_av,pass,-1.5819,1.0
full_ols_av,pass,0.349,6.0
full_ols_av,pass,0.7242,4.0
full_ols_av,pass,-1.0747,4.0
full_ols_av,pass,-1.0646,5.0
full_ols_av,pass,-0.2584,3.0
full_ols_av,pass,-0.5233,5.0
full_ols_av,pass,-1.637,0.0
full_ols_av,pass,-0.0735,6.0
full_ols_av,pass,-0.3568,0.0
full_ols_av,pass,-0.785,4.0
full_ols_av,pass,-0.1775,0.0
full_ols_av,pass,1.1765,0.0
full_ols_av,pass,-0.9585,0.0
full_ols_av,pass,-1.6038,5.0
full_ols_av,pass,-0.8189,3.0
full_ols_av,pass,-0.9039,5.0
full_ols_av,pass,-0.1242,9.0
full_ols_av,pass,-0.6781,8.0
full_ols_av,pass,-0.1045,0.0
full_ols_av,pass,-0.7322,7.0
full_ols_av,pass,-0.5292,7.0
full_ols_av,pass,0.2921,8.0
full_ols_av,pass,0.2202,6.0
full_ols_av,pass,-1.9801,0.0
full_ols_av,pass,-1.704,2.0
full_ols_av,pass,-0.1498,2.0
full_ols_av,pass,0.1866,4.0
full_ols_av,pass,-1.5341,4.0
full_ols_av,pass,-1.0445,8.0
full_ols_av,pass,-1.2393,6.0
full_ols_av,pass,-1.2976,4.0
full_ols_av,pass,0.7456,0.0
full_ols_av,pass,-0.6208,2.0
full_ols_av,pass,-0.7838,5.0
full_ols_av,pass,0.0089,0.0
full_ols_av,pass,-0.3987,4.0
full_ols_av,pass,-0.3437,0.0
full_ols_av,pass,-0.83,2.0
full_ols_av,pass,-0.0741,5.0
full_ols_av,pass,-0.5358,4.0
full_ols_av,pass,-0.5612,4.0
full_ols_av,pass,0.1501,5.0
full_ols_av,pass,-0.5088,0.0
full_ols_av,pass,-1.6364,2.0
full_ols_av,pass,-0.5879,6.0
full_ols_av,pass,-0.0213,3.0
full_ols_av,pass,0.0807,3.0
full_ols_av,pass,-0.5599,7.0
full_ols_av,pass,-0.1361,0.0
full_ols_av,pass,-1.0829,0.0
full_ols_av,pass,-1.6335,3.0
full_ols_av,pass,0.2885,0.0
full_ols_av,pass,-0.5874,0.0
full_ols_av,pass,0.2506,6.0
full_ols_av,pass,0.4845,9.0
full_ols_av,pass,-0.0132,2.0
full_ols_av,pass,-0.374,0.0
full_ols_av,pass,-0.5736,8.0
full_ols_av,pass,0.6028,3.0
full_ols_av,pass,-2.1564,0.0
full_ols_av,pass,-0.2186,4.0
full_ols_av,pass,-1.37,0.0
full_ols_av,pass,-1.4363,0.0
full_ols_av,pass,0.9709,4.0
full_ols_av,pass,0.1176,8.0
full_ols_av,pass,-1.9826,1.0
full_ols_av,pass,-0.4556,2.0
full_ols_av,pass,-1.3457,6.0
full_ols_av,pass,-1.0192,5.0
full_ols_av,pass,0.2805,4.0
full_ols_av,pass,-0.6698,0.0
full_ols_av,pass,-0.4513,0.0
full_ols_av,pass,-0.4348,0.0
full_ols_av,pass,-0.7514,4.0
full_ols_av,pass,-0.44,0.0
full_ols_av,pass,0.0836,0.0
full_ols_av,pass,-0.328,0.0
full_ols_av,pass,0.5454,3.0
full_ols_av,pass,-0.6001,2.0
full_ols_av,pass,-0.1647,4.0
full_ols_av,pass,-0.5853,2.0
full_ols_av,pass,-1.507,1.0
full_ols_av,pass,-0.9736,4.0
full_ols_av,pass,-0.8644,0.0
full_ols_av,pass,-0.1923,0.0
full_ols_av,pass,0.0477,7.0
full_ols_av,pass,0.9416,4.0
full_ols_av,pass,-0.8106,0.0
full_ols_av,pass,-0.9076,3.0
full_ols_av,pass,-0.6915,0.0
full_ols_av,pass,-0.3676,0.0
full_ols_av,pass,-0.3871,5.0
full_ols_av,pass,-0.8426,1.0
full_ols_av,pass,0.4625,4.0
full_ols_av,pass,-1.3049,4.0
full_ols_av,pass,-0.8908,1.0
full_ols_av,pass,-2.0866,2.0
full_ols_av,pass,-0.0602,9.0
full_ols_av,pass,-0.698,5.0
full_ols_av,pass,-1.4037,6.0
full_ols_av,pass,-1.1094,4.0
full_ols_av,pass,-1.4154,3.0
full_ols_av,pass,-0.8161,3.0
full_ols_av,pass,-1.0771,3.0
full_ols_av,pass,0.4805,0.0
full_ols_av,pass,-0.5978,7.0
full_ols_av,pass,0.1814,0.0
full_ols_av,pass,-0.0497,6.0
full_ols_av,pass,0.0453,2.0
full_ols_av,pass,-0.9922,6.0
full_ols_av,pass,-1.2253,5.0
full_ols_av,pass,-0.5475,0.0
full_ols_av,pass,-0.7418,5.0
full_ols_av,pass,-0.4571,3.0
full_ols_av,pass,0.5811,3.0
full_ols_av,pass,-0.3518,4.0
full_ols_av,pass,-0.3102,4.0
full_ols_av,pass,-1.2052,4.0
full_ols_av,pass,0.088,7.0
full_ols_av,pass,0.4502,6.0
full_ols_av,pass,-1.2066,3.0
full_ols_av,pass,-0.7234,0.0
full_ols_av,pass,-0.7481,7.0
full_ols_av,pass,0.2085,0.0
full_ols_av,pass,-1.4082,4.0
full_ols_av,pass,-1.0978,0.0
full_ols_av,pass,0.0911,2.0
full_ols_av,pass,-0.3516,8.0
full_ols_av,pass,-0.7626,4.0
full_ols_av,pass,-0.6246,5.0
full_ols_av,pass,0.5933,2.0
full_ols_av,pass,-0.067,2.0
full_ols_av,pass,0.0968,0.0
full_ols_av,pass,-0.9718,2.0
full_ols_av,pass,-1.1928,4.0
full_ols_av,pass,-0.0727,0.0
full_ols_av,pass,-0.6099,4.0
full_ols_av,pass,0.1933,0.0
full_ols_av,pass,-0.3478,0.0
full_ols_av,pass,0.2109,3.0
full_ols_av,pass,-1.0835,3.0
full_ols_av,pass,-0.6093,3.0
full_ols_av,pass,-0.6205,5.0
full_ols_av,pass,-0.8599,0.0
full_ols_av,pass,-0.0692,8.0
full_ols_av,pass,-0.3326,0.0
full_ols_av,pass,-0.8789,0.0
full_ols_av,pass,-0.4267,2.0
full_ols_av,pass,-0.8334,5.0
full_ols_av,pass,-0.3504,0.0
full_ols_av,pass,1.0666,0.0
full_ols_av,pass,-0.68,8.0
full_ols_av,pass,-1.1203,2.0
full_ols_av,pass,0.0186,2.0
full_ols_av,pass,-0.5639,0.0
full_ols_av,pass,-0.6516,2.0
full_ols_av,pass,0.0415,8.0
full_ols_av,pass,-0.6455,5.0
full_ols_av,pass,-0.0807,0.0
full_ols_av,pass,-0.649,3.0
full_ols_av,pass,-0.4729,0.0
full_ols_av,pass,0.3324,3.0
full_ols_av,pass,-0.1151,9.0
full_ols_av,pass,-1.5505,10.0
full_ols_av,pass,0.3356,0.0
full_ols_av,pass,0.2245,3.0
full_ols_av,pass,-0.6255,4.0
full_ols_av,pass,0.2871,7.0
full_ols_av,pass,-0.9641,0.0
full_ols_av,pass,-0.1783,10.0
full_ols_av,pass,-0.6584,3.0
full_ols_av,pass,0.497,0.0
full_ols_av,pass,-1.458,4.0
full_ols_av,pass,-0.6998,2.0
full_ols_av,pass,-0.1581,1.0
full_ols_av,pass,-0.0068,4.0
full_ols_av,pass,-0.4151,1.0
full_ols_av,pass,0.3451,0.0
full_ols_av,pass,-0.5881,3.0
full_ols_av,pass,0.3789,3.0
full_ols_av,pass,0.1504,0.0
full_ols_av,pass,0.5964,0.0
full_ols_av,pass,-1.5542,7.0
full_ols_av,pass,-0.014,3.0
full_ols_av,pass,-1.4911,0.0
full_ols_av,pass,-0.1199,8.0
full_ols_av,pass,0.1589,0.0
full_ols_av,pass,-0.4179,8.0
full_ols_av,pass,0.5567,0.0
full_ols_av,pass,-0.3996,5.0
full_ols_av,pass,-1.5392,7.0
full_ols_av,pass,0.9966,3.0
full_ols_av,pass,-0.0384,2.0
full_ols_av,pass,-0.5124,7.0
full_ols_av,pass,-0.787,0.0
full_ols_av,pass,0.1445,0.0
full_ols_av,pass,-0.5089,0.0
full_ols_av,pass,-0.485,1.0
full_ols_av,pass,0.2689,0.0
full_ols_av,pass,-0.6729,3.0
full_ols_av,pass,0.056,6.0
full_ols_av,pass,-0.032,0.0
full_ols_av,pass,-2.0012,3.0
full_ols_av,pass,0.0836,5.0
full_ols_av,pass,-0.603,0.0
full_ols_av,pass,-1.1481,7.0
full_ols_av,pass,-1.1163,7.0
full_ols_av,pass,0.0415,0.0
full_ols_av,pass,0.5873,0.0
full_ols_av,pass,0.3,0.0
full_ols_av,pass,-0.8285,0.0
full_ols_av,pass,-0.5348,3.0
full_ols_av,pass,-1.1793,5.0
full_ols_av,pass,0.5155,2.0
full_ols_av,pass,-1.6994,3.0
full_ols_av,pass,-0.228,0.0
full_ols_av,pass,-0.8867,0.0
full_ols_av,pass,0.6246,3.0
full_ols_av,pass,0.0629,9.0
full_ols_av,pass,-1.0077,0.0
full_ols_av,pass,-0.1794,2.0
full_ols_av,pass,-0.1525,4.0
full_ols_av,pass,-1.2553,8.0
full_ols_av,pass,0.4631,0.0
full_ols_av,pass,-0.8989,2.0
full_ols_av,pass,-0.874,5.0
full_ols_av,pass,0.3942,6.0
full_ols_av,pass,-0.8918,0.0
full_ols_av,pass,-0.07,2.0
full_ols_av,pass,-0.8062,3.0
full_ols_av,pass,-0.0867,0.0
full_ols_av,pass,-1.6393,4.0
full_ols_av,pass,-0.7622,4.0
full_ols_av,pass,-0.3527,5.0
full_ols_av,pass,-0.7477,6.0
full_ols_av,pass,-0.7122,3.0
full_ols_av,pass,-0.5174,3.0
full_ols_av,pass,0.7394,5.0
full_ols_av,pass,-0.451,3.0
full_ols_av,pass,-0.5571,1.0
full_ols_av,pass,-0.4209,1.0
full_ols_av,pass,0.2804,7.0
full_ols_av,pass,-0.6658,6.0
full_ols_av,pass,-0.7559,0.0
full_ols_av,pass,-0.1089,0.0
full_ols_av,pass,0.9538,0.0
full_ols_av,pass,-0.2335,0.0
full_ols_av,pass,-0.1698,9.0
full_ols_av,pass,-1.097,3.0
full_ols_av,pass,-0.9823,6.0
full_ols_av,pass,-1.2703,4.0
full_ols_av,pass,-0.6731,0.0
full_ols_av,pass,0.0769,0.0
full_ols_av,pass,-1.3138,3.0
full_ols_av,pass,-0.124,3.0
full_ols_av,pass,0.5059,2.0
full_ols_av,pass,-0.6189,3.0
full_ols_av,pass,-0.7916,2.0
full_ols_av,pass,-0.737,0.0
full_ols_av,pass,-0.7428,6.0
full_ols_av,pass,-0.1428,5.0
full_ols_av,pass,0.0804,5.0
full_ols_av,pass,-1.0411,0.0
full_ols_av,pass,0.0284,0.0
full_ols_av,pass,-1.5273,2.0
full_ols_av,pass,-0.7192,0.0
full_ols_av,pass,1.0734,0.0
full_ols_av,pass,-0.2894,2.0
full_ols_av,pass,-0.0797,7.0
full_ols_av,pass,-0.1432,9.0
full_ols_av,pass,0.3999,6.0
full_ols_av,pass,-0.2155,5.0
full_ols_av,pass,-0.2308,1.0
full_ols_av,pass,-0.7862,7.0
full_ols_av,pass,-0.8626,0.0
full_ols_av,pass,-0.2222,3.0
full_ols_av,pass,-0.5136,3.0
full_ols_av,pass,-0.0954,3.0
full_ols_av,pass,-0.486,3.0
full_ols_av,pass,-0.066,3.0
full_ols_av,pass,-0.2713,0.0
full_ols_av,pass,-0.3599,4.0
full_ols_av,pass,0.0741,4.0
full_ols_av,pass,-1.335,3.0
full_ols_av,pass,-1.4246,2.0
full_ols_av,pass,0.1963,0.0
full_ols_av,pass,-0.9782,3.0
full_ols_av,pass,-0.1786,4.0
full_ols_av,pass,0.5245,0.0
full_ols_av,pass,-0.4845,3.0
full_ols_av,pass,-0.5594,0.0
full_ols_av,pass,-0.0064,4.0
full_ols_av,pass,-1.46,7.0
full_ols_av,pass,-0.0186,1.0
full_ols_av,pass,0.7852,0.0
full_ols_av,pass,-0.4381,4.0
full_ols_av,pass,-0.6963,3.0
full_ols_av,pass,-0.3791,4.0
full_ols_av,pass,0.2498,2.0
full_ols_av,pass,-0.8183,0.0
full_ols_av,pass,-1.0948,7.0
full_ols_av,pass,0.2385,8.0
full_ols_av,pass,-0.5339,7.0
full_ols_av,pass,-0.3786,2.0
full_ols_av,pass,-0.3151,3.0
full_ols_av,pass,-0.0365,0.0
full_ols_av,pass,-0.1,0.0
full_ols_av,pass,-0.5981,6.0
full_ols_av,pass,-0.5703,6.0
full_ols_av,pass,-0.0562,0.0
full_ols_av,pass,0.0347,5.0
full_ols_av,pass,-0.9775,5.0
full_ols_av,pass,0.0097,2.0
full_ols_av,pass,-0.3094,4.0
full_ols_av,pass,0.3566,0.0
full_ols_av,pass,0.2773,0.0
full_ols_av,pass,0.162,9.0
full_ols_av,pass,-0.8109,6.0
full_ols_av,pass,-0.4745,9.0
full_ols_av,pass,-0.654,5.0
full_ols_av,pass,0.6598,5.0
full_ols_av,pass,-0.2185,2.0
full_ols_av,pass,-1.6086,1.0
full_ols_av,pass,-0.7871,6.0
full_ols_av,pass,0.2442,0.0
full_ols_av,pass,-1.941,0.0
full_ols_av,pass,-0.2075,1.0
full_ols_av,pass,-0.3817,8.0
full_ols_av,pass,-1.4564,7.0
full_ols_av,pass,0.358,0.0
full_ols_av,pass,0.243,0.0
full_ols_av,pass,-0.0463,0.0
full_ols_av,pass,-0.0834,5.0
full_ols_av,pass,0.5019,10.0
full_ols_av,pass,-0.1214,3.0
full_ols_av,pass,-1.461,2.0
full_ols_av,pass,-0.265,6.0
full_ols_av,pass,-0.1012,8.0
full_ols_av,pass,-0.4182,4.0
full_ols_av,pass,0.0448,8.0
full_ols_av,pass,0.5159,5.0
full_ols_av,pass,-1.1304,0.0
full_ols_av,pass,-1.7721,0.0
full_ols_av,pass,0.2577,2.0
full_ols_av,pass,-0.5492,5.0
full_ols_av,pass,-0.5005,0.0
full_ols_av,pass,-0.1829,3.0
full_ols_av,pass,-0.1726,5.0
full_ols_av,pass,0.2746,5.0
full_ols_av,pass,-0.3684,5.0
full_ols_av,pass,0.1864,0.0
full_ols_av,pass,-0.4319,2.0
full_ols_av,pass,-1.4111,1.0
full_ols_av,pass,0.6181,0.0
full_ols_av,pass,-0.5947,2.0
full_ols_av,pass,-0.1861,4.0
full_ols_av,pass,0.562,0.0
full_ols_av,pass,-0.316,9.0
full_ols_av,pass,-0.4432,5.0
full_ols_av,pass,0.2916,0.0
full_ols_av,pass,-0.1729,0.0
full_ols_av,pass,-0.4282,4.0
full_ols_av,pass,-0.3648,0.0
full_ols_av,pass,0.1871,6.0
full_ols_av,pass,-0.3921,4.0
full_ols_av,pass,-0.1212,0.0
full_ols_av,pass,-0.1884,2.0
full_ols_av,pass,-0.7779,2.0
full_ols_av,pass,-1.3293,4.0
full_ols_av,pass,0.2378,0.0
full_ols_av,pass,0.5625,2.0
full_ols_av,pass,-0.5239,4.0
full_ols_av,pass,-0.1342,2.0
full_ols_av,pass,-0.5102,3.0
full_ols_av,pass,-0.5513,5.0
full_ols_av,pass,0.3773,0.0
full_ols_av,pass,-0.3888,4.0
full_ols_av,pass,-0.9936,5.0
full_ols_av,pass,-0.0405,7.0
full_ols_av,pass,-0.3931,3.0
full_ols_av,pass,-0.6633,5.0
full_ols_av,pass,-0.564,1.0
full_ols_av,pass,-0.6481,6.0
full_ols_av,pass,-0.8866,3.0
full_ols_av,pass,0.0815,0.0
full_ols_av,pass,-0.9275,6.0
full_ols_av,pass,0.7163,10.0
full_ols_av,pass,-0.1411,6.0
full_ols_av,pass,0.1537,0.0
full_ols_av,pass,-1.8865,1.0
full_ols_av,pass,-0.1803,8.0
full_ols_av,pass,1.1703,0.0
full_ols_av,pass,-0.378,7.0
full_ols_av,pass,-0.4604,3.0
full_ols_av,pass,0.7627,4.0
full_ols_av,pass,0.5677,0.0
full_ols_av,pass,0.7532,0.0
full_ols_av,pass,0.189,8.0
full_ols_av,pass,0.0782,2.0
full_ols_av,pass,0.5672,6.0
full_ols_av,pass,0.1737,0.0
full_ols_av,pass,-0.7944,4.0
full_ols_av,pass,-0.8596,4.0
full_ols_av,pass,-0.6614,7.0
full_ols_av,pass,-0.3896,0.0
full_ols_av,pass,-0.0374,6.0
full_ols_av,pass,-0.63,0.0
full_ols_av,pass,0.1529,5.0
full_ols_av,pass,-1.4105,4.0
full_ols_av,pass,0.9135,6.0
full_ols_av,pass,0.0448,3.0
full_ols_av,pass,-0.5594,0.0
full_ols_av,pass,-0.7832,5.0
full_ols_av,pass,-0.3236,0.0
full_ols_av,pass,0.2551,3.0
full_ols_av,pass,-1.0079,6.0
full_ols_av,pass,0.701,0.0
full_ols_av,pass,-1.0901,2.0
full_ols_av,pass,-0.0094,7.0
full_ols_av,pass,-0.2996,4.0
full_ols_av,pass,0.5024,0.0
full_ols_av,pass,-1.1544,3.0
full_ols_av,pass,-0.7101,3.0
full_ols_av,pass,-1.5484,1.0
full_ols_av,pass,-1.1999,2.0
full_ols_av,pass,-0.1605,0.0
full_ols_av,pass,-1.1185,9.0
full_ols_av,pass,-1.1236,7.0
full_ols_av,pass,0.2251,8.0
full_ols_av,pass,-0.7092,8.0
full_ols_av,pass,0.4989,7.0
full_ols_av,pass,-1.0397,0.0
full_ols_av,pass,-0.7018,5.0
full_ols_av,pass,-0.4111,5.0
full_ols_av,pass,-0.3218,5.0
full_ols_av,pass,-0.5608,4.0
full_ols_av,pass,-0.0781,5.0
full_ols_av,pass,-0.0757,7.0
full_ols_av,pass,-0.356,8.0
full_ols_av,pass,-0.2343,9.0
full_ols_av,pass,-0.8406,3.0
full_ols_av,pass,0.3341,2.0
full_ols_av,pass,-1.4702,5.0
full_ols_av,pass,-0.0473,2.0
full_ols_av,pass,-1.0135,5.0
full_ols_av,pass,-1.657,5.0
full_ols_av,pass,0.0354,0.0
full_ols_av,pass,-0.679,2.0
full_ols_av,pass,-0.7989,5.0
full_ols_av,pass,0.0084,0.0
full_ols_av,pass,-0.1092,8.0
full_ols_av,pass,-0.0716,4.0
full_ols_av,pass,-0.743,7.0
full_ols_av,pass,0.7417,0.0
full_ols_av,pass,-0.6649,9.0
full_ols_av,pass,-0.6401,0.0
full_ols_av,pass,0.2834,1.0
full_ols_av,pass,-1.5961,7.0
full_ols_av,pass,-0.3311,0.0
full_ols_av,pass,-0.7141,2.0
full_ols_av,pass,-0.7513,10.0
full_ols_av,pass,-1.7297,3.0
full_ols_av,pass,-1.2123,3.0
full_ols_av,pass,0.1194,0.0
full_ols_av,pass,-0.4147,4.0
full_ols_av,pass,0.8105,0.0
full_ols_av,pass,-2.0625,3.0
full_ols_av,pass,-1.4931,3.0
full_ols_av,pass,-1.104,8.0
full_ols_av,pass,-0.9798,0.0
full_ols_av,pass,-0.7192,2.0
full_ols_av,pass,0.8279,7.0
full_ols_av,pass,-0.6694,4.0
full_ols_av,pass,-1.1215,0.0
full_ols_av,pass,0.3996,6.0
full_ols_av,pass,-1.2754,5.0
full_ols_av,pass,-0.7302,0.0
full_ols_av,pass,-1.6991,2.0
full_ols_av,pass,-0.0713,2.0
full_ols_av,pass,-1.3141,5.0
full_ols_av,pass,-0.853,5.0
full_ols_av,pass,-1.5631,4.0
full_ols_av,pass,0.2288,2.0
full_ols_av,pass,-1.4864,8.0
full_ols_av,pass,-0.6104,5.0
full_ols_av,pass,-0.2268,6.0
full_ols_av,pass,-0.047,4.0
full_ols_av,pass,-1.0147,3.0
full_ols_av,pass,-0.1156,4.0
full_ols_av,pass,0.0414,0.0
full_ols_av,pass,-1.2086,3.0
full_ols_av,pass,-0.9004,7.0
full_ols_av,pass,0.1061,7.0
full_ols_av,pass,0.0205,0.0
full_ols_av,pass,-0.1267,3.0
full_ols_av,pass,-1.124,0.0
full_ols_av,pass,-2.0719,6.0
full_ols_av,pass,-1.3898,2.0
full_ols_av,pass,-0.6546,3.0
full_ols_av,pass,-0.599,5.0
full_ols_av,pass,0.0868,1.0
full_ols_av,pass,-0.0773,3.0
full_ols_av,pass,-0.8948,4.0
full_ols_av,pass,-0.3479,7.0
full_ols_av,pass,-0.787,7.0
full_ols_av,pass,0.0468,2.0
full_ols_av,pass,-0.9233,2.0
full_ols_av,pass,-1.0182,0.0
full_ols_av,pass,0.3575,5.0
full_ols_av,pass,-0.592,0.0
full_ols_av,pass,-0.8171,7.0
full_ols_av,pass,0.1855,3.0
full_ols_av,pass,-1.6409,3.0
full_ols_av,pass,-0.393,3.0
full_ols_av,pass,-0.9626,1.0
full_ols_av,pass,-0.2947,9.0
full_ols_av,pass,-0.4006,4.0
full_ols_av,pass,-0.2201,0.0
full_ols_av,pass,-0.995,4.0
full_ols_av,pass,-0.1775,0.0
full_ols_av,pass,-0.3046,0.0
full_ols_av,pass,1.3693,0.0
full_ols_av,pass,-0.5287,2.0
full_ols_av,pass,-0.2301,3.0
full_ols_av,pass,-0.1066,0.0
full_ols_av,pass,-0.755,6.0
full_ols_av,pass,-0.6542,4.0
full_ols_av,pass,-0.4273,0.0
full_ols_av,pass,-0.0863,4.0
full_ols_av,pass,-0.8817,6.0
full_ols_av,pass,-1.1465,2.0
full_ols_av,pass,-0.8085,8.0
full_ols_av,pass,-1.4093,6.0
full_ols_av,pass,0.2725,0.0
full_ols_av,pass,-0.6849,0.0
full_ols_av,pass,-0.6439,2.0
full_ols_av,pass,-0.4137,1.0
full_ols_av,pass,-1.0849,4.0
full_ols_av,pass,-0.0651,2.0
full_ols_av,pass,-0.4323,8.0
full_ols_av,pass,-0.0507,5.0
full_ols_av,pass,-0.2814,3.0
full_ols_av,pass,-0.5041,5.0
full_ols_av,pass,-0.895,2.0
full_ols_av,pass,-0.6139,3.0
full_ols_av,pass,-0.2928,7.0
full_ols_av,pass,-1.0859,8.0
full_ols_av,pass,-0.879,7.0
full_ols_av,pass,0.4368,7.0
full_ols_av,pass,-1.1076,0.0
full_ols_av,pass,0.6588,4.0
full_ols_av,pass,-0.432,0.0
full_ols_av,pass,-0.9753,5.0
full_ols_av,pass,-2.1227,6.0
full_ols_av,pass,-0.3569,4.0
full_ols_av,pass,-0.3131,0.0
full_ols_av,pass,-0.443,6.0
full_ols_av,pass,0.373,0.0
full_ols_av,pass,-1.0172,8.0
full_ols_av,pass,-1.2211,3.0
full_ols_av,pass,-0.8099,4.0
full_ols_av,pass,-0.5824,2.0
full_ols_av,pass,-0.4705,3.0
full_ols_av,pass,0.0481,7.0
full_ols_av,pass,0.4732,0.0
full_ols_av,pass,-0.8862,2.0
full_ols_av,pass,-1.4868,0.0
full_ols_av,pass,-0.3037,7.0
full_ols_av,pass,-0.9626,0.0
full_ols_av,pass,-1.5398,1.0
full_ols_av,pass,-0.7442,0.0
full_ols_av,pass,0.3077,2.0
full_ols_av,pass,-0.2258,5.0
full_ols_av,pass,-0.0307,0.0
full_ols_av,pass,-1.0551,4.0
full_ols_av,pass,0.0496,3.0
full_ols_av,pass,-1.0198,6.0
full_ols_av,pass,-1.1493,3.0
full_ols_av,pass,-0.239,6.0
full_ols_av,pass,-0.9237,1.0
full_ols_av,pass,-0.3486,3.0
full_ols_av,pass,-0.2308,3.0
full_ols_av,pass,0.1395,5.0
full_ols_av,pass,0.4931,6.0
full_ols_av,pass,0.3234,6.0
full_ols_av,pass,-0.864,6.0
full_ols_av,pass,-1.9365,1.0
full_ols_av,pass,-0.0495,0.0
full_ols_av,pass,-0.5456,4.0
full_ols_av,pass,-0.3219,8.0
full_ols_av,pass,-0.3085,3.0
full_ols_av,pass,-0.5025,6.0
full_ols_av,pass,-1.5283,2.0
full_ols_av,pass,-0.0695,0.0
full_ols_av,pass,-0.1046,0.0
full_ols_av,pass,-0.5123,0.0
full_ols_av,pass,0.0864,0.0
full_ols_av,pass,-0.3431,0.0
full_ols_av,pass,-0.8515,7.0
full_ols_av,pass,-0.9144,4.0
full_ols_av,pass,-0.796,3.0
full_ols_av,pass,-0.452,0.0
full_ols_av,pass,-0.8966,7.0
full_ols_av,pass,-1.0494,0.0
full_ols_av,pass,-1.1202,1.0
full_ols_av,pass,-0.4539,7.0
full_ols_av,pass,-1.391,2.0
full_ols_av,pass,-1.7586,7.0
full_ols_av,pass,0.3114,0.0
full_ols_av,pass,0.1397,0.0
full_ols_av,pass,-0.7192,7.0
full_ols_av,pass,-1.2725,0.0
full_ols_av,pass,-0.16,7.0
full_ols_av,pass,0.3023,4.0
full_ols_av,pass,0.593,5.0
full_ols_av,pass,0.1941,2.0
full_ols_av,pass,-0.4879,7.0
full_ols_av,pass,-0.5331,5.0
full_ols_av,pass,-0.4935,2.0
full_ols_av,pass,-1.1665,1.0
full_ols_av,pass,-0.1476,5.0
full_ols_av,pass,-1.3203,5.0
full_ols_av,pass,-0.5099,4.0
full_ols_av,pass,-0.4334,0.0
full_ols_av,pass,0.3239,7.0
full_ols_av,pass,-0.8421,2.0
full_ols_av,pass,-0.1827,0.0
full_ols_av,pass,-0.8094,6.0
full_ols_av,pass,-0.862,4.0
full_ols_av,pass,0.0816,3.0
full_ols_av,pass,-0.3402,7.0
full_ols_av,pass,0.292,0.0
full_ols_av,pass,-0.4659,4.0
full_ols_av,pass,-0.1204,3.0
full_ols_av,pass,0.0484,0.0
full_ols_av,pass,-0.2065,7.0
full_ols_av,pass,-0.0465,3.0
full_ols_av,pass,-0.5719,6.0
full_ols_av,pass,-1.0143,3.0
full_ols_av,pass,-0.2596,0.0
full_ols_av,pass,-0.133,1.0
full_ols_av,pass,0.4291,0.0
full_ols_av,pass,-0.3712,0.0
full_ols_av,pass,0.0755,1.0
full_ols_av,pass,-1.036,4.0
full_ols_av,pass,-1.1503,7.0
full_ols_av,pass,-0.0966,0.0
full_ols_av,pass,-1.1241,7.0
full_ols_av,pass,0.292,7.0
full_ols_av,pass,-0.2467,0.0
full_ols_av,pass,0.4448,4.0
full_ols_av,pass,-0.7352,4.0
full_ols_av,pass,1.47,0.0
full_ols_av,pass,0.4829,0.0
full_ols_av,pass,-0.4123,7.0
full_ols_av,pass,-0.8864,0.0
full_ols_av,pass,-0.7419,0.0
full_ols_av,pass,0.1135,2.0
full_ols_av,pass,-1.4935,1.0
full_ols_av,pass,-0.8965,0.0
full_ols_av,pass,-0.0097,9.0
full_ols_av,pass,-0.3896,0.0
full_ols_av,pass,-0.0453,0.0
full_ols_av,pass,0.1387,4.0
full_ols_av,pass,0.4807,0.0
full_ols_av,pass,1.2964,0.0
full_ols_av,pass,-1.4395,3.0
full_ols_av,pass,0.76,5.0
full_ols_av,pass,-1.1267,4.0
full_ols_av,pass,-1.3311,1.0
full_ols_av,pass,0.8056,8.0
full_ols_av,pass,-0.2942,6.0
full_ols_av,pass,-0.229,3.0
full_ols_av,pass,-0.7956,7.0
full_ols_av,pass,-1.3825,0.0
full_ols_av,pass,0.1739,0.0
full_ols_av,pass,-1.9968,4.0
full_ols_av,pass,0.1158,3.0
full_ols_av,pass,-0.445,3.0
full_ols_av,pass,-1.0046,7.0
full_ols_av,pass,-1.1176,2.0
full_ols_av,pass,-0.1111,2.0
full_ols_av,pass,-0.1728,0.0
full_ols_av,pass,-0.2878,0.0
full_ols_av,pass,0.4082,6.0
full_ols_av,pass,-0.906,4.0
full_ols_av,pass,-0.5325,0.0
full_ols_av,pass,0.277,2.0
full_ols_av,pass,-0.0062,9.0
full_ols_av,pass,-1.8848,1.0
full_ols_av,pass,-0.9348,7.0
full_ols_av,pass,-0.7164,0.0
full_ols_av,pass,-0.3654,5.0
full_ols_av,pass,-0.181,5.0
full_ols_av,pass,-0.2979,4.0
full_ols_av,pass,-1.2893,4.0
full_ols_av,pass,-0.5437,0.0
full_ols_av,pass,0.5809,0.0
full_ols_av,pass,-0.7223,6.0
full_ols_av,pass,-0.2596,7.0
full_ols_av,pass,-0.9314,1.0
full_ols_av,pass,-0.4344,0.0
full_ols_av,pass,0.6037,8.0
full_ols_av,pass,-0.8403,0.0
full_ols_av,pass,-0.8384,8.0
full_ols_av,pass,-1.1419,0.0
full_ols_av,pass,-0.533,4.0
full_ols_av,pass,0.3166,6.0
full_ols_av,pass,-0.5383,5.0
full_ols_av,pass,-1.3221,4.0
full_ols_av,pass,-0.3546,1.0
full_ols_av,pass,-1.3154,4.0
full_ols_av,pass,-0.2311,7.0
full_ols_av,pass,-0.6714,4.0
full_ols_av,pass,-0.2057,0.0
full_ols_av,pass,-0.5665,5.0
full_ols_av,pass,-0.6489,6.0
full_ols_av,pass,-0.4716,0.0
full_ols_av,pass,0.7722,0.0
full_ols_av,pass,-0.8279,5.0
full_ols_av,pass,-0.9798,3.0
full_ols_av,pass,-0.3992,6.0
full_ols_av,pass,-0.0282,4.0
full_ols_av,pass,0.3012,6.0
full_ols_av,pass,-1.0421,5.0
full_ols_av,pass,-0.0788,4.0
full_ols_av,pass,-1.5064,3.0
full_ols_av,pass,-0.0663,5.0
full_ols_av,pass,0.2652,4.0
full_ols_av,pass,-0.1605,5.0
full_ols_av,pass,-0.0295,0.0
full_ols_av,pass,-0.1705,8.0
full_ols_av,pass,-0.3303,2.0
full_ols_av,pass,-0.6056,4.0
full_ols_av,pass,-0.8008,5.0
full_ols_av,pass,-0.1917,6.0
full_ols_av,pass,-0.301,7.0
full_ols_av,pass,-0.5159,5.0
full_ols_av,pass,-0.8783,5.0
full_ols_av,pass,0.1352,4.0
full_ols_av,pass,-0.7342,7.0
full_ols_av,pass,-0.1532,5.0
full_ols_av,pass,0.3643,4.0
full_ols_av,pass,0.7682,9.0
full_ols_av,pass,-1.1541,3.0
full_ols_av,pass,0.045,3.0
full_ols_av,pass,-1.0481,5.0
full_ols_av,pass,-0.5986,2.0
full_ols_av,pass,-0.9514,4.0
full_ols_av,pass,-0.2736,5.0
full_ols_av,pass,-0.2191,0.0
full_ols_av,pass,-0.2922,2.0
full_ols_av,pass,-0.041,0.0
full_ols_av,pass,-0.8755,4.0
full_ols_av,pass,-0.5911,0.0
full_ols_av,pass,0.3086,0.0
full_ols_av,pass,-0.1534,4.0
full_ols_av,pass,-1.1253,1.0
full_ols_av,pass,-0.1783,0.0
full_ols_av,pass,-0.6807,3.0
full_ols_av,pass,-0.5856,10.0
full_ols_av,pass,-0.3557,4.0
full_ols_av,pass,-0.8242,0.0
full_ols_av,pass,0.1516,9.0
full_ols_av,pass,-0.3424,5.0
full_ols_av,pass,-0.1769,2.0
full_ols_av,pass,-0.4627,4.0
full_ols_av,pass,-0.0171,6.0
full_ols_av,pass,-0.3757,2.0
full_ols_av,pass,-0.5325,5.0
full_ols_av,pass,0.2631,2.0
full_ols_av,pass,-1.7532,7.0
full_ols_av,pass,-0.5128,0.0
full_ols_av,pass,0.5662,0.0
full_ols_av,pass,-0.2239,0.0
full_ols_av,pass,-1.3358,3.0
full_ols_av,pass,-1.9738,0.0
full_ols_av,pass,-0.5731,1.0
full_ols_av,pass,-0.5656,8.0
full_ols_av,pass,0.3186,0.0
full_ols_av,pass,-1.7578,4.0
full_ols_av,pass,0.3718,0.0
full_ols_av,pass,-0.7468,1.0
full_ols_av,pass,-0.5293,0.0
full_ols_av,pass,-0.4142,4.0
full_ols_av,pass,-1.1,7.0
full_ols_av,pass,-0.6418,4.0
full_ols_av,pass,0.6222,4.0
full_ols_av,pass,-0.9112,3.0
full_ols_av,pass,0.3708,0.0
full_ols_av,pass,0.0519,4.0
full_ols_av,pass,-1.0587,3.0
full_ols_av,pass,-0.2117,5.0
full_ols_av,pass,-0.3846,0.0
full_ols_av,pass,0.3119,0.0
full_ols_av,pass,-0.0039,3.0
full_ols_av,pass,0.1949,3.0
full_ols_av,pass,0.0361,6.0
full_ols_av,pass,-1.3032,4.0
full_ols_av,pass,-1.1139,2.0
full_ols_av,pass,-0.5411,4.0
full_ols_av,pass,-0.0359,7.0
full_ols_av,pass,0.0978,3.0
full_ols_av,pass,-0.9476,0.0
full_ols_av,pass,-0.8132,4.0
full_ols_av,pass,0.0453,0.0
full_ols_av,pass,-0.4121,0.0
full_ols_av,pass,-0.2001,4.0
full_ols_av,pass,-0.4721,2.0
full_ols_av,pass,0.382,0.0
full_ols_av,pass,-0.5633,0.0
full_ols_av,pass,0.3538,3.0
full_ols_av,pass,-0.0286,4.0
full_ols_av,pass,-1.4552,2.0
full_ols_av,pass,-0.924,0.0
full_ols_av,pass,-0.635,2.0
full_ols_av,pass,-0.5531,0.0
full_ols_av,pass,-0.8472,5.0
full_ols_av,pass,-0.7313,3.0
full_ols_av,pass,0.1855,5.0
full_ols_av,pass,1.0927,0.0
full_ols_av,pass,-0.7365,0.0
full_ols_av,pass,-0.2735,4.0
full_ols_av,pass,0.1161,7.0
full_ols_av,pass,-0.9865,2.0
full_ols_av,pass,-0.8766,0.0
full_ols_av,pass,-0.0735,0.0
full_ols_av,pass,-0.5078,5.0
full_ols_av,pass,-0.2682,7.0
full_ols_av,pass,-0.1437,0.0
full_ols_av,pass,-1.0565,8.0
full_ols_av,pass,-0.6556,4.0
full_ols_av,pass,-0.7872,3.0
full_ols_av,pass,-0.147,0.0
full_ols_av,pass,-0.523,4.0
full_ols_av,pass,-0.5972,3.0
full_ols_av,pass,-0.8757,0.0
full_ols_av,pass,-0.7083,8.0
full_ols_av,pass,0.202,4.0
full_ols_av,pass,-0.2299,6.0
full_ols_av,pass,0.7355,4.0
full_ols_av,pass,-0.4432,5.0
full_ols_av,pass,-0.4228,4.0
full_ols_av,pass,-1.7345,5.0
full_ols_av,pass,-0.2047,3.0
full_ols_av,pass,-0.5683,0.0
full_ols_av,pass,-0.061,0.0
full_ols_av,pass,-1.073,0.0
full_ols_av,pass,-0.0138,5.0
full_ols_av,pass,-0.3098,6.0
full_ols_av,pass,-0.854,0.0
full_ols_av,pass,-0.7281,3.0
full_ols_av,pass,-0.4257,3.0
full_ols_av,pass,0.577,4.0
full_ols_av,pass,0.3612,0.0
full_ols_av,pass,-1.7263,0.0
full_ols_av,pass,0.2084,0.0
full_ols_av,pass,-0.1991,0.0
full_ols_av,pass,-0.8749,7.0
full_ols_av,pass,-1.0759,5.0
full_ols_av,pass,0.3305,0.0
full_ols_av,pass,-0.0737,4.0
full_ols_av,pass,-0.8127,2.0
full_ols_av,pass,-0.4341,5.0
full_ols_av,pass,-0.2571,3.0
full_ols_av,pass,0.1943,5.0
full_ols_av,pass,0.3311,7.0
full_ols_av,pass,-0.466,6.0
full_ols_av,pass,-0.7494,6.0
full_ols_av,pass,-0.4155,0.0
full_ols_av,pass,-0.3127,0.0
full_ols_av,pass,0.0362,4.0
full_ols_av,pass,-0.537,4.0
full_ols_av,pass,-0.406,4.0
full_ols_av,pass,-0.1353,8.0
full_ols_av,pass,-0.8671,8.0
full_ols_av,pass,-1.1864,0.0
full_ols_av,pass,0.5305,0.0
full_ols_av,pass,-1.4111,1.0
full_ols_av,pass,-1.3495,4.0
full_ols_av,pass,-0.9858,2.0
full_ols_av,pass,-0.5348,0.0
full_ols_av,pass,-0.9245,5.0
full_ols_av,pass,0.3455,0.0
full_ols_av,pass,-1.5219,5.0
full_ols_av,pass,0.2428,3.0
full_ols_av,pass,0.3335,0.0
full_ols_av,pass,-0.2995,0.0
full_ols_av,pass,0.3311,5.0
full_ols_av,pass,-0.817,0.0
full_ols_av,pass,-0.6903,0.0
full_ols_av,pass,-0.5806,2.0
full_ols_av,pass,-1.1991,10.0
full_ols_av,pass,-1.326,7.0
full_ols_av,pass,1.0064,0.0
full_ols_av,pass,0.1209,3.0
full_ols_av,pass,-1.046,3.0
full_ols_av,pass,0.1073,2.0
full_ols_av,pass,-0.2893,4.0
full_ols_av,pass,-0.7529,5.0
full_ols_av,pass,-0.4752,0.0
full_ols_av,pass,-0.5425,0.0
full_ols_av,pass,-1.35,3.0
full_ols_av,pass,0.105,0.0
full_ols_av,pass,-0.9092,4.0
full_ols_av,pass,0.5484,0.0
full_ols_av,pass,0.0898,0.0
full_ols_av,pass,-0.2092,4.0
full_ols_av,pass,-0.5081,4.0
full_ols_av,pass,-1.2142,5.0
full_ols_av,pass,-1.2253,5.0
full_ols_av,pass,-0.7612,3.0
full_ols_av,pass,-1.0305,6.0
full_ols_av,pass,-0.2977,3.0
full_ols_av,pass,-1.1128,7.0
full_ols_av,pass,-1.2928,2.0
full_ols_av,pass,-0.5618,8.0
full_ols_av,pass,-1.4051,2.0
full_ols_av,pass,0.9534,0.0
full_ols_av,pass,-0.1635,0.0
full_ols_av,pass,-0.1316,7.0
full_ols_av,pass,-0.65,4.0
full_ols_av,pass,-0.1961,4.0
full_ols_av,pass,-0.9221,4.0
full_ols_av,pass,-1.3575,3.0
full_ols_av,pass,0.2589,2.0
full_ols_av,pass,0.0128,0.0
full_ols_av,pass,-0.3938,4.0
full_ols_av,pass,0.143,6.0
full_ols_av,pass,-1.0528,0.0
full_ols_av,pass,-0.5217,0.0
full_ols_av,pass,-0.3021,5.0
full_ols_av,pass,-0.5652,0.0
full_ols_av,pass,-0.6356,6.0
full_ols_av,pass,-0.128,5.0
full_ols_av,pass,-1.5026,4.0
full_ols_av,pass,-0.0085,7.0
full_ols_av,pass,-0.2839,0.0
full_ols_av,pass,-0.8779,2.0
full_ols_av,pass,0.4846,3.0
full_ols_av,pass,-1.3648,2.0
full_ols_av,pass,-0.796,0.0
full_ols_av,pass,-1.0585,3.0
full_ols_av,pass,-0.8399,2.0
full_ols_av,pass,-0.8511,1.0
full_ols_av,pass,-1.6114,2.0
full_ols_av,pass,0.7613,0.0
full_ols_av,pass,-1.576,8.0
full_ols_av,pass,0.0177,4.0
full_ols_av,pass,-1.19,5.0
full_ols_av,pass,-0.3554,9.0
full_ols_av,pass,-0.7213,2.0
full_ols_av,pass,-1.5005,5.0
full_ols_av,pass,-0.3112,3.0
full_ols_av,pass,-0.7363,2.0
full_ols_av,pass,-0.3052,0.0
full_ols_av,pass,0.4767,3.0
full_ols_av,pass,-0.4689,3.0
full_ols_av,pass,-0.0011,8.0
full_ols_av,pass,-0.4362,4.0
full_ols_av,pass,-0.8034,9.0
full_ols_av,pass,-0.5582,6.0
full_ols_av,pass,-0.115,0.0
full_ols_av,pass,-1.0881,0.0
full_ols_av,pass,0.1599,0.0
full_ols_av,pass,1.0359,4.0
full_ols_av,pass,-0.9161,2.0
full_ols_av,pass,-0.2313,2.0
full_ols_av,pass,0.0418,6.0
full_ols_av,pass,-0.9198,7.0
full_ols_av,pass,-0.1624,4.0
full_ols_av,pass,-0.3074,8.0
full_ols_av,pass,-1.68,3.0
full_ols_av,pass,-0.4134,0.0
full_ols_av,pass,-0.7594,7.0
full_ols_av,pass,0.1224,0.0
full_ols_av,pass,0.2613,4.0
full_ols_av,pass,-0.0481,0.0
full_ols_av,pass,-0.5617,6.0
full_ols_av,pass,-0.7808,0.0
full_ols_av,pass,-0.7842,0.0
full_ols_av,pass,-1.196,4.0
full_ols_av,pass,-0.1288,6.0
full_ols_av,pass,-0.605,0.0
full_ols_av,pass,-0.559,5.0
full_ols_av,pass,-0.4121,4.0
full_ols_av,pass,0.3736,10.0
full_ols_av,pass,0.2498,0.0
full_ols_av,pass,-0.1865,3.0
full_ols_av,pass,-1.4227,0.0
full_ols_av,pass,-0.3144,6.0
full_ols_av,pass,0.5906,0.0
full_ols_av,pass,-0.0039,0.0
full_ols_av,pass,-0.3221,3.0
full_ols_av,pass,-0.3122,3.0
full_ols_av,pass,0.1136,5.0
full_ols_av,pass,0.0038,0.0
full_ols_av,pass,-0.9372,3.0
full_ols_av,pass,-0.9098,3.0
full_ols_av,pass,-1.1416,1.0
full_ols_av,pass,-0.6851,2.0
full_ols_av,pass,0.0947,1.0
full_ols_av,pass,-0.4014,3.0
full_ols_av,pass,-0.1855,0.0
full_ols_av,pass,-0.515,0.0
full_ols_av,pass,-0.0032,9.0
full_ols_av,pass,-0.2581,3.0
full_ols_av,pass,0.075,2.0
full_ols_av,pass,0.1578,0.0
full_ols_av,pass,-0.386,0.0
full_ols_av,pass,-0.4087,7.0
full_ols_av,pass,-1.024,4.0
full_ols_av,pass,-0.2442,0.0
full_ols_av,pass,-0.8308,5.0
full_ols_av,pass,0.6027,8.0
full_ols_av,pass,0.3636,0.0
full_ols_av,pass,-0.4249,4.0
full_ols_av,pass,-1.5345,0.0
full_ols_av,pass,-0.7954,7.0
full_ols_av,pass,0.2174,2.0
full_ols_av,pass,-0.0853,0.0
full_ols_av,pass,0.0699,5.0
full_ols_av,pass,-0.0307,4.0
full_ols_av,pass,-0.4325,8.0
full_ols_av,pass,-0.4972,1.0
full_ols_av,pass,0.4209,5.0
full_ols_av,pass,-0.0688,3.0
full_ols_av,pass,0.5056,0.0
full_ols_av,pass,-0.1076,0.0
full_ols_av,pass,-1.1429,4.0
full_ols_av,pass,-0.0949,2.0
full_ols_av,pass,-1.3712,4.0
full_ols_av,pass,-0.6997,7.0
full_ols_av,pass,1.4213,0.0
full_ols_av,pass,-0.6336,6.0
full_ols_av,pass,-1.2075,3.0
full_ols_av,pass,-0.3331,4.0
full_ols_av,pass,-0.5717,4.0
full_ols_av,pass,-0.7956,3.0
full_ols_av,pass,-0.256,4.0
full_ols_av,pass,-0.3478,4.0
full_ols_av,pass,-0.7712,0.0
full_ols_av,pass,-0.2406,5.0
full_ols_av,pass,0.5092,3.0
full_ols_av,pass,0.3064,7.0
full_ols_av,pass,-0.0233,0.0
full_ols_av,pass,0.1647,0.0
full_ols_av,pass,-1.3057,7.0
full_ols_av,pass,0.1115,0.0
full_ols_av,pass,-0.6319,0.0
full_ols_av,pass,-1.061,7.0
full_ols_av,pass,-0.6473,5.0
full_ols_av,pass,-1.2217,2.0
full_ols_av,pass,-1.2109,0.0
full_ols_av,pass,-0.421,3.0
full_ols_av,pass,0.0301,9.0
full_ols_av,pass,0.3446,7.0
full_ols_av,pass,-0.8152,6.0
full_ols_av,pass,-0.2226,5.0
full_ols_av,pass,-1.3827,4.0
full_ols_av,pass,-1.3151,1.0
full_ols_av,pass,-1.6824,6.0
full_ols_av,pass,-0.6309,1.0
full_ols_av,pass,-1.3746,2.0
full_ols_av,pass,0.0862,8.0
full_ols_av,pass,-0.7548,6.0
full_ols_av,pass,0.6318,5.0
full_ols_av,pass,0.0245,0.0
full_ols_av,pass,0.0734,7.0
full_ols_av,pass,-0.2718,4.0
full_ols_av,pass,-1.4953,4.0
full_ols_av,pass,0.1015,0.0
full_ols_av,pass,-0.4313,2.0
full_ols_av,pass,0.0436,0.0
full_ols_av,pass,0.6122,8.0
full_ols_av,pass,0.2605,4.0
full_ols_av,pass,-0.1755,3.0
full_ols_av,pass,-0.469,5.0
full_ols_av,pass,-0.1889,3.0
full_ols_av,pass,-0.7238,7.0
full_ols_av,pass,0.0471,0.0
full_ols_av,pass,-0.8279,5.0
full_ols_av,pass,0.2885,2.0
full_ols_av,pass,-0.0878,6.0
full_ols_av,pass,-0.554,4.0
full_ols_av,pass,0.2721,0.0
full_ols_av,pass,-0.7269,5.0
full_ols_av,pass,-1.8099,1.0
full_ols_av,pass,0.3314,3.0
full_ols_av,pass,0.2497,0.0
full_ols_av,pass,-0.5639,9.0
full_ols_av,pass,-0.4018,3.0
full_ols_av,pass,-0.7466,0.0
full_ols_av,pass,-0.091,8.0
full_ols_av,pass,-0.4703,3.0
full_ols_av,pass,-0.5699,0.0
full_ols_av,pass,0.273,1.0
full_ols_av,pass,-1.1351,8.0
full_ols_av,pass,-0.5444,4.0
full_ols_av,pass,-0.5901,0.0
full_ols_av,pass,-0.8293,3.0
full_ols_av,pass,0.608,7.0
full_ols_av,pass,0.5086,3.0
full_ols_av,pass,-0.6088,7.0
full_ols_av,pass,-0.3858,4.0
full_ols_av,pass,0.7309,4.0
full_ols_av,pass,0.9151,0.0
full_ols_av,pass,-0.4179,1.0
full_ols_av,pass,-0.3052,4.0
full_ols_av,pass,-2.0041,4.0
full_ols_av,pass,-0.3392,0.0
full_ols_av,pass,0.4221,4.0
full_ols_av,pass,0.5162,4.0
full_ols_av,pass,-0.4492,9.0
full_ols_av,pass,1.1713,0.0
full_ols_av,pass,-0.1796,5.0
full_ols_av,pass,-0.2109,7.0
full_ols_av,pass,-0.7798,7.0
full_ols_av,pass,0.5592,0.0
full_ols_av,pass,0.0128,0.0
full_ols_av,pass,-1.8674,5.0
full_ols_av,pass,-0.3414,0.0
full_ols_av,pass,-0.9858,0.0
full_ols_av,pass,-0.7315,4.0
full_ols_av,pass,-0.4877,2.0
full_ols_av,pass,-0.7626,8.0
full_ols_av,pass,-1.1253,5.0
full_ols_av,pass,-1.3002,6.0
full_ols_av,pass,-1.2918,1.0
full_ols_av,pass,-0.5869,5.0
full_ols_av,pass,-1.8593,8.0
full_ols_av,pass,-0.223,5.0
full_ols_av,pass,0.8986,5.0
full_ols_av,pass,-0.5876,0.0
full_ols_av,pass,-1.335,7.0
full_ols_av,pass,0.3398,4.0
full_ols_av,pass,-0.3356,4.0
full_ols_av,pass,0.2026,2.0
full_ols_av,pass,-0.6787,5.0
full_ols_av,pass,-0.4328,2.0
full_ols_av,pass,0.4535,0.0
full_ols_av,pass,-1.3804,2.0
full_ols_av,pass,-0.0353,4.0
full_ols_av,pass,0.1773,4.0
full_ols_av,pass,-0.9411,0.0
full_ols_av,pass,-0.6151,4.0
full_ols_av,pass,-1.0677,0.0
full_ols_av,pass,-0.9493,8.0
full_ols_av,pass,0.7348,0.0
full_ols_av,pass,-0.9268,4.0
full_ols_av,pass,0.2295,0.0
full_ols_av,pass,-1.0462,6.0
full_ols_av,pass,-0.7157,0.0
full_ols_av,pass,-0.137,0.0
full_ols_av,pass,-0.8834,0.0
full_ols_av,pass,-0.5119,4.0
full_ols_av,pass,-0.2402,8.0
full_ols_av,pass,0.4322,3.0
full_ols_av,pass,-0.464,8.0
full_ols_av,pass,-0.5077,9.0
full_ols_av,pass,-1.0084,4.0
full_ols_av,pass,-0.4165,9.0
full_ols_av,pass,-0.1866,7.0
full_ols_av,pass,-0.4355,2.0
full_ols_av,pass,-0.2348,1.0
full_ols_av,pass,-1.011,7.0
full_ols_av,pass,-0.7417,2.0
full_ols_av,pass,-0.7952,2.0
full_ols_av,pass,-1.4093,5.0
full_ols_av,pass,1.4948,0.0
full_ols_av,pass,0.7809,8.0
full_ols_av,pass,-0.3124,7.0
full_ols_av,pass,-0.4134,0.0
full_ols_av,pass,-0.1344,5.0
full_ols_av,pass,-1.9126,4.0
full_ols_av,pass,-0.4989,2.0
full_ols_av,pass,-0.7964,5.0
full_ols_av,pass,-0.2725,1.0
full_ols_av,pass,-0.2971,5.0
full_ols_av,pass,-0.5464,1.0
full_ols_av,pass,-1.0426,5.0
full_ols_av,pass,0.1036,0.0
full_ols_av,pass,0.4254,0.0
full_ols_av,pass,0.4309,0.0
full_ols_av,pass,-0.4287,1.0
full_ols_av,pass,0.0434,1.0
full_ols_av,pass,-1.8766,5.0
full_ols_av,pass,0.0983,4.0
full_ols_av,pass,0.0598,5.0
full_ols_av,pass,-0.0843,5.0
full_ols_av,pass,-1.0017,1.0
full_ols_av,pass,-0.2411,5.0
full_ols_av,pass,-0.7426,7.0
full_ols_av,pass,0.7793,7.0
full_ols_av,pass,-1.2102,5.0
full_ols_av,pass,-0.8609,9.0
full_ols_av,pass,-0.3253,7.0
full_ols_av,pass,0.3613,0.0
full_ols_av,pass,-0.2608,6.0
full_ols_av,pass,-0.1857,4.0
full_ols_av,pass,0.1368,4.0
full_ols_av,pass,0.4682,6.0
full_ols_av,pass,0.0726,6.0
full_ols_av,pass,-1.1181,5.0
full_ols_av,pass,-0.4882,5.0
full_ols_av,pass,-0.8854,4.0
full_ols_av,pass,-0.0407,0.0
full_ols_av,pass,-0.6268,7.0
full_ols_av,pass,-0.9744,5.0
full_ols_av,pass,-0.9423,3.0
full_ols_av,pass,-0.342,8.0
full_ols_av,pass,-0.9811,8.0
full_ols_av,pass,0.5833,2.0
full_ols_av,pass,-0.3292,2.0
full_ols_av,pass,-1.3115,6.0
full_ols_av,pass,-0.0145,6.0
full_ols_av,pass,-0.5328,5.0
full_ols_av,pass,-0.661,6.0
full_ols_av,pass,-0.7907,10.0
full_ols_av,pass,-0.3589,4.0
full_ols_av,pass,-1.0786,7.0
full_ols_av,pass,-0.4852,9.0
full_ols_av,pass,-0.7782,0.0
full_ols_av,pass,-0.4044,6.0
full_ols_av,pass,-0.88,0.0
full_ols_av,pass,-0.9483,3.0
full_ols_av,pass,-0.991,1.0
full_ols_av,pass,-0.2738,0.0
full_ols_av,pass,-0.3271,5.0
full_ols_av,pass,-1.5254,1.0
full_ols_av,pass,-1.319,5.0
full_ols_av,pass,0.6086,8.0
full_ols_av,pass,-1.323,7.0
full_ols_av,pass,-0.384,3.0
full_ols_av,pass,0.1822,0.0
full_ols_av,pass,-1.3361,5.0
full_ols_av,pass,-0.0923,8.0
full_ols_av,pass,-0.041,8.0
full_ols_av,pass,-1.6454,4.0
full_ols_av,pass,-0.9471,0.0
full_ols_av,pass,-1.4898,6.0
full_ols_av,pass,0.0197,0.0
full_ols_av,pass,-1.262,0.0
full_ols_av,pass,-0.2575,4.0
full_ols_av,pass,-0.6101,5.0
full_ols_av,pass,-0.6478,4.0
full_ols_av,pass,-2.1322,1.0
full_ols_av,pass,-1.1149,3.0
full_ols_av,pass,0.0484,0.0
full_ols_av,pass,-1.2979,5.0
full_ols_av,pass,-1.2111,5.0
full_ols_av,pass,-0.0412,7.0
full_ols_av,pass,-0.2899,7.0
full_ols_av,pass,0.0699,0.0
full_ols_av,pass,0.3268,4.0
full_ols_av,pass,-0.2356,5.0
full_ols_av,pass,-0.0291,0.0
full_ols_av,pass,-0.6785,7.0
full_ols_av,pass,-0.4739,3.0
full_ols_av,pass,-1.2874,1.0
full_ols_av,pass,-1.2576,8.0
full_ols_av,pass,-0.3325,4.0
full_ols_av,pass,-0.8039,2.0
full_ols_av,pass,0.6277,0.0
full_ols_av,pass,-0.8135,0.0
full_ols_av,pass,-0.8464,4.0
full_ols_av,pass,-0.8728,0.0
full_ols_av,pass,-0.0178,0.0
full_ols_av,pass,-1.1359,0.0
full_ols_av,pass,-0.2697,0.0
full_ols_av,pass,-0.6552,0.0
full_ols_av,pass,-1.3132,4.0
full_ols_av,pass,-1.0783,3.0
full_ols_av,pass,-1.0301,2.0
full_ols_av,pass,-0.4906,7.0
full_ols_av,pass,-0.9746,0.0
full_ols_av,pass,-0.9118,3.0
full_ols_av,pass,0.0104,0.0
full_ols_av,pass,-0.5285,3.0
full_ols_av,pass,0.2996,4.0
full_ols_av,pass,-1.0096,7.0
full_ols_av,pass,-0.1472,3.0
full_ols_av,pass,-0.4506,0.0
full_ols_av,pass,-1.0297,4.0
full_ols_av,pass,-1.1681,4.0
full_ols_av,pass,0.2504,0.0
full_ols_av,pass,-1.1049,4.0
full_ols_av,pass,-1.1269,1.0
full_ols_av,pass,0.3559,5.0
full_ols_av,pass,-0.4752,0.0
full_ols_av,pass,-0.7871,3.0
full_ols_av,pass,-1.1275,2.0
full_ols_av,pass,-0.3623,0.0
full_ols_av,pass,-1.2962,7.0
full_ols_av,pass,-1.1059,0.0
full_ols_av,pass,0.596,3.0
full_ols_av,pass,-0.8366,0.0
full_ols_av,pass,0.3872,3.0
full_ols_av,pass,-0.1896,0.0
full_ols_av,pass,-0.3803,2.0
full_ols_av,pass,0.1322,6.0
full_ols_av,pass,0.4792,5.0
full_ols_av,pass,-0.7549,3.0
full_ols_av,pass,0.574,0.0
full_ols_av,pass,-0.71,3.0
full_ols_av,pass,-0.4283,6.0
full_ols_av,pass,0.3442,7.0
full_ols_av,pass,0.4815,2.0
full_ols_av,pass,-1.7653,5.0
full_ols_av,pass,-0.4035,3.0
full_ols_av,pass,-0.1198,5.0
full_ols_av,pass,-0.4024,0.0
full_ols_av,pass,-0.4114,6.0
full_ols_av,pass,0.155,2.0
full_ols_av,pass,-0.4547,0.0
full_ols_av,pass,-2.0302,2.0
full_ols_av,pass,-1.0662,1.0
full_ols_av,pass,0.2695,5.0
full_ols_av,pass,-1.4925,4.0
full_ols_av,pass,-1.2299,8.0
full_ols_av,pass,-0.9469,4.0
full_ols_av,pass,-0.5265,7.0
full_ols_av,pass,-1.033,6.0
full_ols_av,pass,-0.6225,6.0
full_ols_av,pass,0.423,5.0
full_ols_av,pass,-0.4618,4.0
full_ols_av,pass,0.1511,4.0
full_ols_av,pass,-0.7535,7.0
full_ols_av,pass,-0.4264,2.0
full_ols_av,pass,-0.6446,6.0
full_ols_av,pass,-0.1438,3.0
full_ols_av,pass,-0.0821,2.0
full_ols_av,pass,-0.9104,3.0
full_ols_av,pass,-0.0385,0.0
full_ols_av,pass,-0.5287,3.0
full_ols_av,pass,-0.1143,1.0
full_ols_av,pass,-1.0347,6.0
full_ols_av,pass,-1.7716,2.0
full_ols_av,pass,-0.4497,5.0
full_ols_av,pass,-0.1706,2.0
full_ols_av,pass,-0.1125,3.0
full_ols_av,pass,-0.6144,7.0
full_ols_av,pass,-0.3916,4.0
full_ols_av,pass,0.1697,4.0
full_ols_av,pass,-0.125,3.0
full_ols_av,pass,-0.8297,5.0
full_ols_av,pass,-1.1989,4.0
full_ols_av,pass,0.1098,0.0
full_ols_av,pass,-0.5694,6.0
full_ols_av,pass,-1.4209,5.0
full_ols_av,pass,0.0821,4.0
full_ols_av,pass,0.0999,7.0
full_ols_av,pass,-1.7281,6.0
full_ols_av,pass,-1.1546,4.0
full_ols_av,pass,0.2307,3.0
full_ols_av,pass,-1.0203,4.0
full_ols_av,pass,-0.8681,4.0
full_ols_av,pass,-0.3162,0.0
full_ols_av,pass,-0.48,3.0
full_ols_av,pass,-0.5888,0.0
full_ols_av,pass,-1.9576,3.0
full_ols_av,pass,-0.3385,0.0
full_ols_av,pass,0.3282,4.0
full_ols_av,pass,-0.0938,6.0
full_ols_av,pass,-0.1182,8.0
full_ols_av,pass,-0.4995,4.0
full_ols_av,pass,-0.2079,3.0
full_ols_av,pass,-0.505,6.0
full_ols_av,pass,0.3418,9.0
full_ols_av,pass,-0.4416,0.0
full_ols_av,pass,-0.4622,4.0
full_ols_av,pass,-0.4713,0.0
full_ols_av,pass,0.2362,0.0
full_ols_av,pass,1.0505,0.0
full_ols_av,pass,-0.0336,2.0
full_ols_av,pass,0.3429,0.0
full_ols_av,pass,0.3564,0.0
full_ols_av,pass,0.8275,4.0
full_ols_av,pass,-0.1782,8.0
full_ols_av,pass,-0.9839,0.0
full_ols_av,pass,-0.2645,2.0
full_ols_av,pass,-0.3202,6.0
full_ols_av,pass,-0.9828,3.0
full_ols_av,pass,-0.5989,4.0
full_ols_av,pass,-0.3874,4.0
full_ols_av,pass,-0.8314,4.0
full_ols_av,pass,-0.6367,7.0
full_ols_av,pass,-1.0815,0.0
full_ols_av,pass,-0.4489,8.0
full_ols_av,pass,0.1683,4.0
full_ols_av,pass,-0.0964,5.0
full_ols_av,pass,-0.0252,0.0
full_ols_av,pass,0.3997,6.0
full_ols_av,pass,-0.7791,0.0
full_ols_av,pass,0.2969,0.0
full_ols_av,pass,-0.6056,3.0
full_ols_av,pass,-1.0096,6.0
full_ols_av,pass,0.6275,2.0
full_ols_av,pass,-0.1586,6.0
full_ols_av,pass,-1.7399,5.0
full_ols_av,pass,-0.6193,0.0
full_ols_av,pass,-0.1268,6.0
full_ols_av,pass,-0.1582,4.0
full_ols_av,pass,-0.6046,4.0
full_ols_av,pass,-0.0616,5.0
full_ols_av,pass,-0.3766,3.0
full_ols_av,pass,-0.2097,7.0
full_ols_av,pass,-0.214,0.0
full_ols_av,pass,-0.0835,5.0
full_ols_av,pass,-1.5416,4.0
full_ols_av,pass,-0.7292,0.0
full_ols_av,pass,-0.2728,5.0
full_ols_av,pass,-0.3603,0.0
full_ols_av,pass,1.0569,3.0
full_ols_av,pass,-0.8081,0.0
full_ols_av,pass,0.0416,8.0
full_ols_av,pass,-0.5494,0.0
full_ols_av,pass,-1.274,7.0
full_ols_av,pass,-0.338,5.0
full_ols_av,pass,-1.1426,6.0
full_ols_av,pass,0.0243,2.0
full_ols_av,pass,-0.8689,1.0
full_ols_av,pass,0.5507,6.0
full_ols_av,pass,-1.1385,4.0
full_ols_av,pass,0.2263,0.0
full_ols_av,pass,0.1847,0.0
full_ols_av,pass,-0.3212,4.0
full_ols_av,pass,-0.562,7.0
full_ols_av,pass,-0.9292,0.0
full_ols_av,pass,0.5337,0.0
full_ols_av,pass,-1.3881,4.0
full_ols_av,pass,-1.0824,0.0
full_ols_av,pass,0.3193,9.0
full_ols_av,pass,0.4147,2.0
full_ols_av,pass,-0.9128,0.0
full_ols_av,pass,0.376,4.0
full_ols_av,pass,-2.5605,0.0
full_ols_av,pass,-1.7876,7.0
full_ols_av,pass,0.0091,5.0
full_ols_av,pass,-0.7321,0.0
full_ols_av,pass,-0.178,0.0
full_ols_av,pass,-0.4867,6.0
full_ols_av,pass,-0.2694,0.0
full_ols_av,pass,-0.078,0.0
full_ols_av,pass,0.6274,3.0
full_ols_av,pass,-0.8745,2.0
full_ols_av,pass,-0.0386,6.0
full_ols_av,pass,-0.2306,5.0
full_ols_av,pass,-0.2653,4.0
full_ols_av,pass,-1.5204,1.0
full_ols_av,pass,-0.5677,1.0
full_ols_av,pass,-0.306,5.0
full_ols_av,pass,0.5857,2.0
full_ols_av,pass,-0.5565,4.0
full_ols_av,pass,0.2611,2.0
full_ols_av,pass,-0.9217,4.0
full_ols_av,pass,-0.4628,5.0
full_ols_av,pass,-1.0226,5.0
full_ols_av,pass,-1.3727,4.0
full_ols_av,pass,-0.2732,8.0
full_ols_av,pass,-0.01,0.0
full_ols_av,pass,-0.5135,0.0
full_ols_av,pass,-0.2664,0.0
full_ols_av,pass,0.3315,4.0
full_ols_av,pass,-0.9197,0.0
full_ols_av,pass,-0.5317,6.0
full_ols_av,pass,-1.1748,4.0
full_ols_av,pass,-0.1563,4.0
full_ols_av,pass,-0.4952,7.0
full_ols_av,pass,-0.5062,1.0
full_ols_av,pass,-0.4044,7.0
full_ols_av,pass,-0.5849,3.0
full_ols_av,pass,-0.2882,0.0
full_ols_av,pass,-0.0685,6.0
full_ols_av,pass,-0.1482,4.0
full_ols_av,pass,0.192,2.0
full_ols_av,pass,-0.0613,3.0
full_ols_av,pass,-1.2719,4.0
full_ols_av,pass,-0.4464,3.0
full_ols_av,pass,-0.4557,0.0
full_ols_av,pass,-1.0871,0.0
full_ols_av,pass,-0.5601,4.0
full_ols_av,pass,-0.3474,3.0
full_ols_av,pass,-0.4502,0.0
full_ols_av,pass,-0.7417,1.0
full_ols_av,pass,-0.5121,1.0
full_ols_av,pass,-0.4151,0.0
full_ols_av,pass,0.3134,3.0
full_ols_av,pass,-0.5891,5.0
full_ols_av,pass,0.2488,9.0
full_ols_av,pass,-1.4746,5.0
full_ols_av,pass,-0.0045,0.0
full_ols_av,pass,-0.5131,1.0
full_ols_av,pass,-0.4395,3.0
full_ols_av,pass,-0.8498,0.0
full_ols_av,pass,-0.2802,4.0
full_ols_av,pass,0.054,0.0
full_ols_av,pass,-0.6182,6.0
full_ols_av,pass,-0.5362,2.0
full_ols_av,pass,0.0094,5.0
full_ols_av,pass,-0.9952,3.0
full_ols_av,pass,-0.5867,3.0
full_ols_av,pass,-0.2057,5.0
full_ols_av,pass,0.5939,3.0
full_ols_av,pass,-1.8565,0.0
full_ols_av,pass,0.2614,0.0
full_ols_av,pass,-0.3223,0.0
full_ols_av,pass,-0.5101,6.0
full_ols_av,pass,-1.9902,4.0
full_ols_av,pass,0.4663,2.0
full_ols_av,pass,-0.2599,0.0
full_ols_av,pass,-0.4185,1.0
full_ols_av,pass,-1.5027,3.0
full_ols_av,pass,-0.8257,0.0
full_ols_av,pass,-0.6979,0.0
full_ols_av,pass,-0.9782,8.0
full_ols_av,pass,-0.7177,2.0
full_ols_av,pass,-1.5555,0.0
full_ols_av,pass,-0.3152,2.0
full_ols_av,pass,-0.0533,7.0
full_ols_av,pass,-1.4013,0.0
full_ols_av,pass,0.9467,2.0
full_ols_av,pass,-2.002,0.0
full_ols_av,pass,-0.8617,6.0
full_ols_av,pass,-0.7521,7.0
full_ols_av,pass,-1.4855,1.0
full_ols_av,pass,0.4595,2.0
full_ols_av,pass,-1.5976,2.0
full_ols_av,pass,-1.3839,4.0
full_ols_av,pass,-0.228,6.0
full_ols_av,pass,-0.6309,2.0
full_ols_av,pass,-1.1641,6.0
full_ols_av,pass,-0.7399,3.0
full_ols_av,pass,-0.7419,4.0
full_ols_av,pass,0.3897,0.0
full_ols_av,pass,0.3304,0.0
full_ols_av,pass,-0.2944,0.0
full_ols_av,pass,0.0975,3.0
full_ols_av,pass,-0.4665,3.0
full_ols_av,pass,-1.6632,0.0
full_ols_av,pass,-1.2354,1.0
full_ols_av,pass,-0.9529,2.0
full_ols_av,pass,-1.2999,3.0
full_ols_av,pass,0.2611,0.0
full_ols_av,pass,-1.0863,3.0
full_ols_av,pass,0.4827,0.0
full_ols_av,pass,-0.0477,0.0
full_ols_av,pass,0.3984,3.0
full_ols_av,pass,-1.2343,0.0
full_ols_av,pass,0.4279,4.0
full_ols_av,pass,0.7968,5.0
full_ols_av,pass,-0.915,1.0
full_ols_av,pass,-0.7979,0.0
full_ols_av,pass,-0.3703,8.0
full_ols_av,pass,-0.7576,5.0
full_ols_av,pass,-0.2779,2.0
full_ols_av,pass,-0.0879,0.0
full_ols_av,pass,-0.477,0.0
full_ols_av,pass,-0.7559,3.0
full_ols_av,pass,-1.6112,0.0
full_ols_av,pass,-0.7676,0.0
full_ols_av,pass,-0.4974,4.0
full_ols_av,pass,-0.0884,2.0
full_ols_av,pass,-0.3707,0.0
full_ols_av,pass,-0.0838,0.0
full_ols_av,pass,-1.0396,3.0
full_ols_av,pass,-0.0688,7.0
full_ols_av,pass,-0.4609,3.0
full_ols_av,pass,-0.8183,2.0
full_ols_av,pass,-0.213,4.0
full_ols_av,pass,0.3107,3.0
full_ols_av,pass,-1.1658,5.0
full_ols_av,pass,-0.793,3.0
full_ols_av,pass,-0.0231,3.0
full_ols_av,pass,-0.3999,3.0
full_ols_av,pass,-0.1559,7.0
full_ols_av,pass,-0.3136,5.0
full_ols_av,pass,-0.1025,1.0
full_ols_av,pass,-0.5734,5.0
full_ols_av,pass,-0.5351,7.0
full_ols_av,pass,-1.532,2.0
full_ols_av,pass,-0.4835,4.0
full_ols_av,pass,-0.2271,5.0
full_ols_av,pass,-0.3951,0.0
full_ols_av,pass,-0.8137,5.0
full_ols_av,pass,-1.2238,3.0
full_ols_av,pass,-0.0216,5.0
full_ols_av,pass,-0.6146,6.0
full_ols_av,pass,-0.4989,0.0
full_ols_av,pass,-0.2231,0.0
full_ols_av,pass,-2.128,5.0
full_ols_av,pass,-0.5369,4.0
full_ols_av,pass,0.3569,3.0
full_ols_av,pass,0.2015,3.0
full_ols_av,pass,0.2847,8.0
full_ols_av,pass,0.2463,7.0
full_ols_av,pass,-1.3522,8.0
full_ols_av,pass,-1.7068,2.0
full_ols_av,pass,0.1504,7.0
full_ols_av,pass,-1.203,2.0
full_ols_av,pass,0.1062,0.0
full_ols_av,pass,0.2675,3.0
full_ols_av,pass,0.537,5.0
full_ols_av,pass,-0.3012,3.0
full_ols_av,pass,-0.3674,6.0
full_ols_av,pass,-0.7953,7.0
full_ols_av,pass,0.6878,8.0
full_ols_av,pass,-0.0249,0.0
full_ols_av,pass,-0.8388,0.0
full_ols_av,pass,-0.4469,0.0
full_ols_av,pass,-0.8926,4.0
full_ols_av,pass,-0.0714,0.0
full_ols_av,pass,-0.5417,0.0
full_ols_av,pass,-0.1907,2.0
full_ols_av,pass,-1.9366,6.0
full_ols_av,pass,-0.0094,0.0
full_ols_av,pass,-1.2955,0.0
full_ols_av,pass,-0.9778,6.0
full_ols_av,pass,0.8042,0.0
full_ols_av,pass,-0.5909,2.0
full_ols_av,pass,0.041,6.0
full_ols_av,pass,0.3309,0.0
full_ols_av,pass,0.4893,3.0
full_ols_av,pass,-0.4122,2.0
full_ols_av,pass,-0.4068,0.0
full_ols_av,pass,-0.7396,7.0
full_ols_av,pass,-1.4546,6.0
full_ols_av,pass,-0.4527,8.0
full_ols_av,pass,0.0449,8.0
full_ols_av,pass,-0.1334,2.0
full_ols_av,pass,0.338,2.0
full_ols_av,pass,-0.0715,4.0
full_ols_av,pass,-1.0275,2.0
full_ols_av,pass,-1.3571,5.0
full_ols_av,pass,-0.2925,9.0
full_ols_av,pass,-0.5059,3.0
full_ols_av,pass,-0.2144,4.0
full_ols_av,pass,-0.5681,2.0
full_ols_av,pass,-0.0752,9.0
full_ols_av,pass,-1.727,7.0
full_ols_av,pass,-0.6095,0.0
full_ols_av,pass,-0.1553,4.0
full_ols_av,pass,-1.2061,5.0
full_ols_av,pass,-0.2942,0.0
full_ols_av,pass,-0.3431,4.0
full_ols_av,pass,-0.384,8.0
full_ols_av,pass,0.3088,8.0
full_ols_av,pass,-1.3507,7.0
full_ols_av,pass,-1.2132,4.0
full_ols_av,pass,-0.4928,0.0
full_ols_av,pass,0.3151,8.0
full_ols_av,pass,-0.079,3.0
full_ols_av,pass,-0.4123,4.0
full_ols_av,pass,-1.324,6.0
full_ols_av,pass,0.3,2.0
full_ols_av,pass,-0.8085,7.0
full_ols_av,pass,-1.9599,6.0
full_ols_av,pass,0.5362,3.0
full_ols_av,pass,0.2489,6.0
full_ols_av,pass,-1.168,6.0
full_ols_av,pass,0.0223,0.0
full_ols_av,pass,-0.2622,2.0
full_ols_av,pass,-0.8656,5.0
full_ols_av,pass,-0.2061,5.0
full_ols_av,pass,-0.7524,0.0
full_ols_av,pass,-1.1203,0.0
full_ols_av,pass,-1.4644,7.0
full_ols_av,pass,-1.604,2.0
full_ols_av,pass,-0.8611,4.0
full_ols_av,pass,-0.6504,4.0
full_ols_av,pass,-1.0208,2.0
full_ols_av,pass,-0.7131,7.0
full_ols_av,pass,-0.7583,1.0
full_ols_av,pass,-0.638,3.0
full_ols_av,pass,-1.0553,1.0
full_ols_av,pass,-0.9789,6.0
full_ols_av,pass,-0.8468,0.0
full_ols_av,pass,0.0953,2.0
full_ols_av,pass,-0.0063,0.0
full_ols_av,pass,-1.0577,6.0
full_ols_av,pass,-0.2834,8.0
full_ols_av,pass,-0.2799,0.0
full_ols_av,pass,-0.1213,3.0
full_ols_av,pass,-0.5789,5.0
full_ols_av,pass,-0.2413,2.0
full_ols_av,pass,0.7752,0.0
full_ols_av,pass,-0.1384,2.0
full_ols_av,pass,-0.425,2.0
full_ols_av,pass,-0.7128,2.0
full_ols_av,pass,-1.3676,5.0
full_ols_av,pass,-0.5189,0.0
full_ols_av,pass,-0.3785,2.0
full_ols_av,pass,-0.7689,3.0
full_ols_av,pass,-1.5946,6.0
full_ols_av,pass,0.5374,3.0
full_ols_av,pass,-0.2206,2.0
full_ols_av,pass,-1.393,2.0
full_ols_av,pass,-0.5343,0.0
full_ols_av,pass,-0.1457,0.0
full_ols_av,pass,-1.0048,7.0
full_ols_av,pass,-0.4135,7.0
full_ols_av,pass,0.5774,6.0
full_ols_av,pass,-0.3626,0.0
full_ols_av,pass,-1.0744,0.0
full_ols_av,pass,-1.0481,4.0
full_ols_av,pass,-0.6927,5.0
full_ols_av,pass,0.3727,8.0
full_ols_av,pass,0.0124,3.0
full_ols_av,pass,-1.4952,0.0
full_ols_av,pass,-0.9161,5.0
full_ols_av,pass,-0.2927,0.0
full_ols_av,pass,-1.317,7.0
full_ols_av,pass,-0.4145,0.0
full_ols_av,pass,-0.912,0.0
full_ols_av,pass,-1.1687,2.0
full_ols_av,pass,-0.9699,0.0
full_ols_av,pass,0.3717,0.0
full_ols_av,pass,-0.6897,8.0
full_ols_av,pass,-0.1776,3.0
full_ols_av,pass,-0.5007,3.0
full_ols_av,pass,-0.6057,3.0
full_ols_av,pass,-1.145,1.0
full_ols_av,pass,-1.375,3.0
full_ols_av,pass,-1.9932,2.0
full_ols_av,pass,0.1055,1.0
full_ols_av,pass,0.3106,6.0
full_ols_av,pass,-0.4584,4.0
full_ols_av,pass,-0.4259,6.0
full_ols_av,pass,-0.5426,0.0
full_ols_av,pass,-1.1618,0.0
full_ols_av,pass,0.1933,0.0
full_ols_av,pass,-0.3841,8.0
full_ols_av,pass,-0.704,0.0
full_ols_av,pass,-0.1278,4.0
full_ols_av,pass,-0.2589,0.0
full_ols_av,pass,-0.8853,1.0
full_ols_av,pass,-0.0045,3.0
full_ols_av,pass,-0.4288,4.0
full_ols_av,pass,-0.9229,7.0
full_ols_av,pass,0.3071,0.0
full_ols_av,pass,-0.7292,5.0
full_ols_av,pass,0.1518,7.0
full_ols_av,pass,-1.591,4.0
full_ols_av,pass,-0.9549,8.0
full_ols_av,pass,-0.6664,0.0
full_ols_av,pass,-0.6702,0.0
full_ols_av,pass,-0.1289,4.0
full_ols_av,pass,-0.8022,0.0
full_ols_av,pass,-1.162,4.0
full_ols_av,pass,0.6006,3.0
full_ols_av,pass,-1.6558,4.0
full_ols_av,pass,-0.3191,0.0
full_ols_av,pass,-0.9045,6.0
full_ols_av,pass,-0.0825,6.0
full_ols_av,pass,-0.8641,5.0
full_ols_av,pass,-0.791,8.0
full_ols_av,pass,-0.5032,9.0
full_ols_av,pass,-0.8874,1.0
full_ols_av,pass,0.6536,2.0
full_ols_av,pass,0.7931,9.0
full_ols_av,pass,-1.1802,8.0
full_ols_av,pass,-0.0013,1.0
full_ols_av,pass,-1.1881,4.0
full_ols_av,pass,-0.4142,2.0
full_ols_av,pass,0.0142,3.0
full_ols_av,pass,-0.312,0.0
full_ols_av,pass,-1.1012,4.0
full_ols_av,pass,0.2147,0.0
full_ols_av,pass,-1.6893,6.0
full_ols_av,pass,-0.9727,0.0
full_ols_av,pass,-1.6626,7.0
full_ols_av,pass,-0.2557,0.0
full_ols_av,pass,-1.0245,3.0
full_ols_av,pass,0.3344,0.0
full_ols_av,pass,-0.1163,5.0
full_ols_av,pass,-0.3227,0.0
full_ols_av,pass,-0.8121,6.0
full_ols_av,pass,-0.5792,5.0
full_ols_av,pass,-0.98,4.0
full_ols_av,pass,-0.4684,0.0
full_ols_av,pass,-1.2933,5.0
full_ols_av,pass,-0.2218,2.0
full_ols_av,pass,-1.4455,1.0
full_ols_av,pass,-0.5119,9.0
full_ols_av,pass,-0.7347,3.0
full_ols_av,pass,-0.8443,0.0
full_ols_av,pass,-0.3012,0.0
full_ols_av,pass,-0.2878,0.0
full_ols_av,pass,-0.6874,4.0
full_ols_av,pass,-1.0307,0.0
full_ols_av,pass,-0.6264,1.0
full_ols_av,pass,0.1218,4.0
full_ols_av,pass,-0.0714,4.0
full_ols_av,pass,-0.0868,0.0
full_ols_av,pass,-0.5566,0.0
full_ols_av,pass,-2.1714,0.0
full_ols_av,pass,-1.703,3.0
full_ols_av,pass,0.0554,3.0
full_ols_av,pass,0.4275,5.0
full_ols_av,pass,-0.7093,5.0
full_ols_av,pass,-0.441,2.0
full_ols_av,pass,1.1355,0.0
full_ols_av,pass,-0.1923,7.0
full_ols_av,pass,-0.8609,0.0
full_ols_av,pass,0.1223,5.0
full_ols_av,pass,-0.7126,3.0
full_ols_av,pass,-0.3166,3.0
full_ols_av,pass,-0.6605,4.0
full_ols_av,pass,-1.178,4.0
full_ols_av,pass,-0.5467,0.0
full_ols_av,pass,-0.7781,3.0
full_ols_av,pass,-0.6763,4.0
full_ols_av,pass,-1.4546,3.0
full_ols_av,pass,-0.5866,1.0
full_ols_av,pass,0.7827,0.0
full_ols_av,pass,0.2548,6.0
full_ols_av,pass,-0.0835,4.0
full_ols_av,pass,0.0782,0.0
full_ols_av,pass,-1.192,0.0
full_ols_av,pass,-1.0037,0.0
full_ols_av,pass,-0.8896,1.0
full_ols_av,pass,-0.1068,0.0
full_ols_av,pass,-0.3362,6.0
full_ols_av,pass,0.3823,0.0
full_ols_av,pass,-0.5458,8.0
full_ols_av,pass,-0.1495,2.0
full_ols_av,pass,-0.4527,5.0
full_ols_av,pass,-0.623,3.0
full_ols_av,pass,0.1055,0.0
full_ols_av,pass,-0.6943,0.0
full_ols_av,pass,-0.4347,5.0
full_ols_av,pass,-0.2897,7.0
full_ols_av,pass,-0.3617,0.0
full_ols_av,pass,-0.4628,6.0
full_ols_av,pass,-0.4945,7.0
full_ols_av,pass,-1.6843,4.0
full_ols_av,pass,-0.4738,0.0
full_ols_av,pass,-0.5078,5.0
full_ols_av,pass,-0.4858,0.0
full_ols_av,pass,-1.0024,5.0
full_ols_av,pass,-0.7614,0.0
full_ols_av,pass,-0.3696,4.0
full_ols_av,pass,-0.9728,3.0
full_ols_av,pass,-1.3513,5.0
full_ols_av,pass,-1.1048,0.0
full_ols_av,pass,-0.7266,3.0
full_ols_av,pass,-0.8197,3.0
full_ols_av,pass,0.0692,2.0
full_ols_av,pass,-0.3899,9.0
full_ols_av,pass,-0.4645,3.0
full_ols_av,pass,0.5106,8.0
full_ols_av,pass,-0.8844,5.0
full_ols_av,pass,-1.0872,6.0
full_ols_av,pass,-0.5993,0.0
full_ols_av,pass,-0.61,5.0
full_ols_av,pass,0.9322,0.0
full_ols_av,pass,-0.3547,4.0
full_ols_av,pass,-0.1228,0.0
full_ols_av,pass,0.8652,8.0
full_ols_av,pass,-0.367,2.0
full_ols_av,pass,-0.3745,7.0
full_ols_av,pass,-0.506,1.0
full_ols_av,pass,-1.4556,7.0
full_ols_av,pass,0.0855,0.0
full_ols_av,pass,-0.2803,6.0
full_ols_av,pass,-1.0741,2.0
full_ols_av,pass,-0.9437,2.0
full_ols_av,pass,0.5548,2.0
full_ols_av,pass,-0.8369,0.0
full_ols_av,pass,-1.9037,4.0
full_ols_av,pass,0.5633,0.0
full_ols_av,pass,0.3603,4.0
full_ols_av,pass,-0.0216,3.0
full_ols_av,pass,-1.3289,6.0
full_ols_av,pass,-0.6144,4.0
full_ols_av,pass,-1.7187,7.0
full_ols_av,pass,0.0656,5.0
full_ols_av,pass,-0.1907,3.0
full_ols_av,pass,-0.0233,5.0
full_ols_av,pass,-1.3444,7.0
full_ols_av,pass,0.7131,2.0
full_ols_av,pass,-1.5066,4.0
full_ols_av,pass,-0.868,4.0
full_ols_av,pass,-1.1476,0.0
full_ols_av,pass,-1.1375,6.0
full_ols_av,pass,-0.4281,7.0
full_ols_av,pass,-0.4744,4.0
full_ols_av,pass,-0.07,5.0
full_ols_av,pass,-0.5435,3.0
full_ols_av,pass,-1.6603,0.0
full_ols_av,pass,-1.0014,5.0
full_ols_av,pass,0.0527,2.0
full_ols_av,pass,-0.9601,4.0
full_ols_av,pass,-0.7313,0.0
full_ols_av,pass,-1.2043,4.0
full_ols_av,pass,-0.3078,6.0
full_ols_av,pass,-0.2281,3.0
full_ols_av,pass,-0.9562,4.0
full_ols_av,pass,-0.5435,2.0
full_ols_av,pass,-0.3662,5.0
full_ols_av,pass,-1.314,6.0
full_ols_av,pass,-1.0863,0.0
full_ols_av,pass,-0.6997,2.0
full_ols_av,pass,-1.5648,3.0
full_ols_av,pass,0.0313,0.0
full_ols_av,pass,-1.5803,6.0
full_ols_av,pass,-1.5419,2.0
full_ols_av,pass,-0.1381,3.0
full_ols_av,pass,-0.1258,0.0
full_ols_av,pass,-0.3619,8.0
full_ols_av,pass,0.0601,8.0
full_ols_av,pass,-0.4438,0.0
full_ols_av,pass,-1.6559,3.0
full_ols_av,pass,-1.1351,5.0
full_ols_av,pass,-0.9722,3.0
full_ols_av,pass,-1.6637,5.0
full_ols_av,pass,-1.1679,7.0
full_ols_av,pass,-1.2008,3.0
full_ols_av,pass,-0.1106,0.0
full_ols_av,pass,-1.0331,5.0
full_ols_av,pass,-0.5433,0.0
full_ols_av,pass,-0.9082,3.0
full_ols_av,pass,-0.5495,4.0
full_ols_av,pass,-1.0948,0.0
full_ols_av,pass,-0.2434,0.0
full_ols_av,pass,0.0684,7.0
full_ols_av,pass,-0.8637,2.0
full_ols_av,pass,-1.6692,0.0
full_ols_av,pass,-0.8755,7.0
full_ols_av,pass,-0.419,4.0
full_ols_av,pass,-0.6166,4.0
full_ols_av,pass,-0.2709,3.0
full_ols_av,pass,-0.881,4.0
full_ols_av,pass,-0.548,1.0
full_ols_av,pass,-0.94,5.0
full_ols_av,pass,-1.215,1.0
full_ols_av,pass,-0.361,0.0
full_ols_av,pass,-1.4814,0.0
full_ols_av,pass,-0.7483,0.0
full_ols_av,pass,-0.2098,1.0
full_ols_av,pass,1.0341,0.0
full_ols_av,pass,-1.2409,1.0
full_ols_av,pass,0.327,2.0
full_ols_av,pass,-1.0335,0.0
full_ols_av,pass,-0.6783,7.0
full_ols_av,pass,-0.6461,0.0
full_ols_av,pass,-0.1384,0.0
full_ols_av,pass,-0.4019,4.0
full_ols_av,pass,-0.62,0.0
full_ols_av,pass,-0.5945,3.0
full_ols_av,pass,-0.5224,4.0
full_ols_av,pass,0.2998,8.0
full_ols_av,pass,-0.95,0.0
full_ols_av,pass,-0.5081,9.0
full_ols_av,pass,0.8209,0.0
full_ols_av,pass,-0.1006,6.0
full_ols_av,pass,0.5953,1.0
full_ols_av,pass,-0.0049,0.0
full_ols_av,pass,0.2925,0.0
full_ols_av,pass,-1.0652,4.0
full_ols_av,pass,-0.7071,5.0
full_ols_av,pass,-0.2447,4.0
full_ols_av,pass,0.2808,0.0
full_ols_av,pass,-0.5473,8.0
full_ols_av,pass,-1.1587,8.0
full_ols_av,pass,-0.1759,0.0
full_ols_av,pass,-0.1293,2.0
full_ols_av,pass,-1.2463,5.0
full_ols_av,pass,-0.7267,3.0
full_ols_av,pass,-1.9899,2.0
full_ols_av,pass,-0.8234,3.0
full_ols_av,pass,-0.5737,8.0
full_ols_av,pass,-0.0058,6.0
full_ols_av,pass,-1.1477,4.0
full_ols_av,pass,-0.7351,7.0
full_ols_av,pass,0.9526,5.0
full_ols_av,pass,-0.1171,3.0
full_ols_av,pass,-1.4566,0.0
full_ols_av,pass,0.9915,4.0
full_ols_av,pass,-0.438,5.0
full_ols_av,pass,0.653,0.0
full_ols_av,pass,1.0364,0.0
full_ols_av,pass,0.2482,3.0
full_ols_av,pass,-0.0246,3.0
full_ols_av,pass,-0.8095,0.0
full_ols_av,pass,0.0421,4.0
full_ols_av,pass,-0.1447,3.0
full_ols_av,pass,-0.8885,0.0
full_ols_av,pass,0.0113,2.0
full_ols_av,pass,-0.0894,4.0
full_ols_av,pass,-0.4403,2.0
full_ols_av,pass,-1.0594,9.0
full_ols_av,pass,-0.7382,0.0
full_ols_av,pass,-0.5075,5.0
full_ols_av,pass,-0.6472,0.0
full_ols_av,pass,0.3613,0.0
full_ols_av,pass,-0.3897,3.0
full_ols_av,pass,-0.2102,2.0
full_ols_av,pass,-1.0319,2.0
full_ols_av,pass,-0.222,0.0
full_ols_av,pass,-1.5091,3.0
full_ols_av,pass,0.424,2.0
full_ols_av,pass,-0.9661,0.0
full_ols_av,pass,-0.2613,6.0
full_ols_av,pass,0.6702,0.0
full_ols_av,pass,-1.781,1.0
full_ols_av,pass,-0.5136,2.0
full_ols_av,pass,-1.1445,4.0
full_ols_av,pass,-1.9415,0.0
full_ols_av,pass,-0.764,8.0
full_ols_av,pass,0.0187,0.0
full_ols_av,pass,-0.5094,4.0
full_ols_av,pass,-0.0789,6.0
full_ols_av,pass,0.5379,8.0
full_ols_av,pass,0.0871,0.0
full_ols_av,pass,-0.922,0.0
full_ols_av,pass,-0.3755,1.0
full_ols_av,pass,0.1523,1.0
full_ols_av,pass,-0.6956,2.0
full_ols_av,pass,0.3358,6.0
full_ols_av,pass,-0.324,2.0
full_ols_av,pass,0.589,0.0
full_ols_av,pass,-0.5974,0.0
full_ols_av,pass,-0.0953,3.0
full_ols_av,pass,-0.9019,6.0
full_ols_av,pass,-0.6734,5.0
full_ols_av,pass,-0.1878,3.0
full_ols_av,pass,-1.3689,3.0
full_ols_av,pass,-0.7775,4.0
full_ols_av,pass,-0.8271,7.0
full_ols_av,pass,0.5138,6.0
full_ols_av,pass,-0.4378,0.0
full_ols_av,pass,-0.3593,4.0
full_ols_av,pass,-0.7087,4.0
full_ols_av,pass,-0.933,4.0
full_ols_av,pass,0.1605,2.0
full_ols_av,pass,-0.4722,4.0
full_ols_av,pass,-0.0074,0.0
full_ols_av,pass,-0.2245,7.0
full_ols_av,pass,-0.7882,2.0
full_ols_av,pass,-0.9824,3.0
full_ols_av,pass,-0.0473,5.0
full_ols_av,pass,-0.5027,6.0
full_ols_av,pass,-0.3732,8.0
full_ols_av,pass,-0.2048,3.0
full_ols_av,pass,-0.7905,6.0
full_ols_av,pass,-1.1793,2.0
full_ols_av,pass,-0.338,0.0
full_ols_av,pass,-0.3374,1.0
full_ols_av,pass,-0.9144,2.0
full_ols_av,pass,-0.358,7.0
full_ols_av,pass,-0.4088,4.0
full_ols_av,pass,-0.7384,5.0
full_ols_av,pass,0.4929,3.0
full_ols_av,pass,-0.5961,3.0
full_ols_av,pass,-0.9566,3.0
full_ols_av,pass,-0.5239,1.0
full_ols_av,pass,-0.8494,3.0
full_ols_av,pass,-0.7672,3.0
full_ols_av,pass,-1.7382,8.0
full_ols_av,pass,-0.4433,4.0
full_ols_av,pass,-1.2109,9.0
full_ols_av,pass,0.7543,3.0
full_ols_av,pass,-1.0006,0.0
full_ols_av,pass,0.7474,0.0
full_ols_av,pass,-1.0982,0.0
full_ols_av,pass,-0.9804,4.0
full_ols_av,pass,-0.722,0.0
full_ols_av,pass,-0.6439,2.0
full_ols_av,pass,-0.107,5.0
full_ols_av,pass,0.2894,5.0
full_ols_av,pass,-0.5167,7.0
full_ols_av,pass,0.4068,0.0
full_ols_av,pass,-1.0742,3.0
full_ols_av,pass,-0.6671,4.0
full_ols_av,pass,0.2483,7.0
full_ols_av,pass,-0.6171,6.0
full_ols_av,pass,-0.6913,1.0
full_ols_av,pass,-0.5714,5.0
full_ols_av,pass,-0.61,3.0
full_ols_av,pass,-0.0633,0.0
full_ols_av,pass,-0.3707,9.0
full_ols_av,pass,0.1381,0.0
full_ols_av,pass,0.2607,0.0
full_ols_av,pass,-1.496,7.0
full_ols_av,pass,0.0075,0.0
full_ols_av,pass,-1.2906,3.0
full_ols_av,pass,-1.2514,5.0
full_ols_av,pass,-1.0979,6.0
full_ols_av,pass,-0.2433,4.0
full_ols_av,pass,-0.3977,7.0
full_ols_av,pass,-1.4103,9.0
full_ols_av,pass,-1.5396,6.0
full_ols_av,pass,0.5113,0.0
full_ols_av,pass,-1.3143,0.0
full_ols_av,pass,0.3288,7.0
full_ols_av,pass,-0.5935,4.0
full_ols_av,pass,-0.8881,5.0
full_ols_av,pass,-0.7785,2.0
full_ols_av,pass,-0.9445,1.0
full_ols_av,pass,-0.7607,6.0
full_ols_av,pass,-1.2564,3.0
full_ols_av,pass,-0.4308,0.0
full_ols_av,pass,-1.4212,5.0
full_ols_av,pass,0.1061,4.0
full_ols_av,pass,0.0802,0.0
full_ols_av,pass,1.1378,6.0
full_ols_av,pass,0.3068,3.0
full_ols_av,pass,-0.3915,6.0
full_ols_av,pass,0.2731,2.0
full_ols_av,pass,-0.3586,5.0
full_ols_av,pass,-0.5409,4.0
full_ols_av,pass,-0.8819,6.0
full_ols_av,pass,-1.156,5.0
full_ols_av,pass,-1.1622,3.0
full_ols_av,pass,-0.4679,0.0
full_ols_av,pass,-0.4732,0.0
full_ols_av,pass,0.1424,6.0
full_ols_av,pass,-1.1449,2.0
full_ols_av,pass,-0.6454,0.0
full_ols_av,pass,-0.273,2.0
full_ols_av,pass,0.029,4.0
full_ols_av,pass,1.2934,0.0
full_ols_av,pass,0.1585,4.0
full_ols_av,pass,-0.3816,7.0
full_ols_av,pass,-0.2611,1.0
full_ols_av,pass,-1.1649,4.0
full_ols_av,pass,-1.5902,3.0
full_ols_av,pass,0.0886,0.0
full_ols_av,pass,-0.9684,2.0
full_ols_av,pass,0.8693,4.0
full_ols_av,pass,-0.9255,4.0
full_ols_av,pass,-1.5825,0.0
full_ols_av,pass,-0.7791,3.0
full_ols_av,pass,-0.3979,7.0
full_ols_av,pass,-0.4714,4.0
full_ols_av,pass,-0.9639,6.0
full_ols_av,pass,-0.5723,0.0
full_ols_av,pass,-0.1498,0.0
full_ols_av,pass,0.3936,2.0
full_ols_av,pass,0.1003,3.0
full_ols_av,pass,-0.6861,4.0
full_ols_av,pass,-1.4953,3.0
full_ols_av,pass,-0.0496,0.0
full_ols_av,pass,-0.9955,4.0
full_ols_av,pass,-0.7915,7.0
full_ols_av,pass,-0.8218,4.0
full_ols_av,pass,-1.2838,5.0
full_ols_av,pass,-1.8619,3.0
full_ols_av,pass,-0.3991,0.0
full_ols_av,pass,-0.8688,0.0
full_ols_av,pass,-0.1231,0.0
full_ols_av,pass,0.2966,6.0
full_ols_av,pass,-1.9301,2.0
full_ols_av,pass,-0.5224,0.0
full_ols_av,pass,-0.9338,7.0
full_ols_av,pass,-1.8022,3.0
full_ols_av,pass,-0.498,8.0
full_ols_av,pass,-0.0058,5.0
full_ols_av,pass,-1.6204,1.0
full_ols_av,pass,-0.0883,0.0
full_ols_av,pass,-0.6045,1.0
full_ols_av,pass,0.1446,6.0
full_ols_av,pass,0.1959,5.0
full_ols_av,pass,0.4343,4.0
full_ols_av,pass,-1.278,0.0
full_ols_av,pass,0.58,0.0
full_ols_av,pass,-0.6638,5.0
full_ols_av,pass,-0.4788,7.0
full_ols_av,pass,-0.7076,2.0
full_ols_av,pass,-0.9896,4.0
full_ols_av,pass,0.2783,8.0
full_ols_av,pass,0.0091,4.0
full_ols_av,pass,-0.533,7.0
full_ols_av,pass,-1.033,3.0
full_ols_av,pass,-0.6205,9.0
full_ols_av,pass,0.2962,5.0
full_ols_av,pass,-0.1711,8.0
full_ols_av,pass,0.7153,8.0
full_ols_av,pass,-0.2609,6.0
full_ols_av,pass,-0.2195,0.0
full_ols_av,pass,-0.9919,0.0
full_ols_av,pass,1.0107,8.0
full_ols_av,pass,-0.6707,2.0
full_ols_av,pass,-0.8567,3.0
full_ols_av,pass,-0.8935,6.0
full_ols_av,pass,-0.0747,4.0
full_ols_av,pass,-0.7535,4.0
full_ols_av,pass,0.1247,5.0
full_ols_av,pass,-0.7221,0.0
full_ols_av,pass,-1.9339,2.0
full_ols_av,pass,-0.4749,0.0
full_ols_av,pass,-0.7038,7.0
full_ols_av,pass,0.279,0.0
full_ols_av,pass,-1.2056,3.0
full_ols_av,pass,-0.2201,3.0
full_ols_av,pass,0.1799,2.0
full_ols_av,pass,0.8016,0.0
full_ols_av,pass,-0.9402,4.0
full_ols_av,pass,-0.9382,2.0
full_ols_av,pass,-0.0765,0.0
full_ols_av,pass,-0.074,7.0
full_ols_av,pass,-0.563,4.0
full_ols_av,pass,-1.077,4.0
full_ols_av,pass,-0.3971,9.0
full_ols_av,pass,0.3023,7.0
full_ols_av,pass,-1.2988,7.0
full_ols_av,pass,-0.315,8.0
full_ols_av,pass,0.1073,0.0
full_ols_av,pass,-0.7825,0.0
full_ols_av,pass,-0.1572,7.0
full_ols_av,pass,0.012,4.0
full_ols_av,pass,-1.5733,8.0
full_ols_av,pass,-0.7117,5.0
full_ols_av,pass,-1.4627,0.0
full_ols_av,pass,0.5672,0.0
full_ols_av,pass,-0.3583,0.0
full_ols_av,pass,-0.5786,5.0
full_ols_av,pass,0.0098,3.0
full_ols_av,pass,0.5138,8.0
full_ols_av,pass,-0.1428,5.0
full_ols_av,pass,-0.1948,3.0
full_ols_av,pass,0.6239,0.0
full_ols_av,pass,-0.6376,2.0
full_ols_av,pass,-0.769,5.0
full_ols_av,pass,-0.2305,7.0
full_ols_av,pass,-1.3973,3.0
full_ols_av,pass,-0.0042,0.0
full_ols_av,pass,-0.5596,0.0
full_ols_av,pass,0.0837,5.0
full_ols_av,pass,0.3131,0.0
full_ols_av,pass,-0.3068,0.0
full_ols_av,pass,-1.7308,9.0
full_ols_av,pass,-0.9893,2.0
full_ols_av,pass,-0.8332,1.0
full_ols_av,pass,0.1278,9.0
full_ols_av,pass,-1.2155,0.0
full_ols_av,pass,-1.266,3.0
full_ols_av,pass,-1.4047,0.0
full_ols_av,pass,-0.811,7.0
full_ols_av,pass,-0.4996,0.0
full_ols_av,pass,1.008,5.0
full_ols_av,pass,-0.116,4.0
full_ols_av,pass,-0.3453,0.0
full_ols_av,pass,-0.3576,5.0
full_ols_av,pass,-1.1228,4.0
full_ols_av,pass,-1.1838,5.0
full_ols_av,pass,-1.0633,0.0
full_ols_av,pass,0.1865,0.0
full_ols_av,pass,-0.3168,6.0
full_ols_av,pass,-1.1515,2.0
full_ols_av,pass,-0.2607,6.0
full_ols_av,pass,-0.2464,0.0
full_ols_av,pass,-0.6741,1.0
full_ols_av,pass,-1.7788,2.0
full_ols_av,pass,-0.3963,0.0
full_ols_av,pass,-1.1233,5.0
full_ols_av,pass,-0.6179,5.0
full_ols_av,pass,0.5381,0.0
full_ols_av,pass,0.2847,3.0
full_ols_av,pass,0.835,0.0
full_ols_av,pass,0.1504,7.0
full_ols_av,pass,-0.288,3.0
full_ols_av,pass,-0.3202,4.0
full_ols_av,pass,-1.4059,4.0
full_ols_av,pass,-0.2604,0.0
full_ols_av,pass,-0.0633,0.0
full_ols_av,pass,0.2271,5.0
full_ols_av,pass,-0.5478,3.0
full_ols_av,pass,-1.7024,3.0
full_ols_av,pass,-1.1215,5.0
full_ols_av,pass,-1.2181,3.0
full_ols_av,pass,0.0733,3.0
full_ols_av,pass,-0.6854,5.0
full_ols_av,pass,-0.2854,4.0
full_ols_av,pass,-0.3482,3.0
full_ols_av,pass,-0.5807,0.0
full_ols_av,pass,-0.7229,3.0
full_ols_av,pass,0.0061,4.0
full_ols_av,pass,-0.2215,5.0
full_ols_av,pass,-1.6955,0.0
full_ols_av,pass,-0.4898,5.0
full_ols_av,pass,-1.8288,7.0
full_ols_av,pass,-0.1101,5.0
full_ols_av,pass,-0.3279,6.0
full_ols_av,pass,-0.0955,0.0
full_ols_av,pass,-0.3703,2.0
full_ols_av,pass,-0.1809,3.0
full_ols_av,pass,0.3367,8.0
full_ols_av,pass,-1.0665,2.0
full_ols_av,pass,-1.5143,0.0
full_ols_av,pass,-1.0966,4.0
full_ols_av,pass,-0.1082,0.0
full_ols_av,pass,0.1764,9.0
full_ols_av,pass,-0.4022,2.0
full_ols_av,pass,-0.5715,0.0
full_ols_av,pass,-0.9713,3.0
full_ols_av,pass,-0.9167,1.0
full_ols_av,pass,-0.6353,4.0
full_ols_av,pass,-0.323,0.0
full_ols_av,pass,-0.2501,0.0
full_ols_av,pass,-0.485,5.0
full_ols_av,pass,-0.8439,6.0
full_ols_av,pass,-0.9971,7.0
full_ols_av,pass,-1.2253,4.0
full_ols_av,pass,-0.9348,0.0
full_ols_av,pass,0.3837,0.0
full_ols_av,pass,-0.3965,2.0
full_ols_av,pass,-0.8227,0.0
full_ols_av,pass,0.6649,0.0
full_ols_av,pass,0.6978,2.0
full_ols_av,pass,-0.4388,4.0
full_ols_av,pass,0.3383,4.0
full_ols_av,pass,-0.0857,10.0
full_ols_av,pass,-0.7424,0.0
full_ols_av,pass,-1.0883,10.0
full_ols_av,pass,-0.6578,7.0
full_ols_av,pass,0.2749,0.0
full_ols_av,pass,-1.1076,5.0
full_ols_av,pass,-0.9722,0.0
full_ols_av,pass,-0.871,4.0
full_ols_av,pass,-1.1272,5.0
full_ols_av,pass,-0.5729,4.0
full_ols_av,pass,-0.2775,0.0
full_ols_av,pass,-0.7436,0.0
full_ols_av,pass,0.3433,0.0
full_ols_av,pass,-0.6344,0.0
full_ols_av,pass,0.4144,4.0
full_ols_av,pass,-0.1092,2.0
full_ols_av,pass,-0.5612,9.0
full_ols_av,pass,-0.2411,6.0
full_ols_av,pass,-0.8875,0.0
full_ols_av,pass,-1.2935,8.0
full_ols_av,pass,-0.5986,7.0
full_ols_av,pass,-0.3292,3.0
full_ols_av,pass,-1.7564,2.0
full_ols_av,pass,-0.1141,3.0
full_ols_av,pass,-0.2126,0.0
full_ols_av,pass,-1.0693,2.0
full_ols_av,pass,-1.4016,5.0
full_ols_av,pass,-1.1632,3.0
full_ols_av,pass,-0.5314,9.0
full_ols_av,pass,-0.3083,3.0
full_ols_av,pass,-0.1904,4.0
full_ols_av,pass,-1.5336,0.0
full_ols_av,pass,-0.592,0.0
full_ols_av,pass,-0.3817,6.0
full_ols_av,pass,-0.6498,5.0
full_ols_av,pass,-1.06,2.0
full_ols_av,pass,-1.8883,5.0
full_ols_av,pass,0.4142,0.0
full_ols_av,pass,-0.407,8.0
full_ols_av,pass,0.1595,0.0
full_ols_av,pass,-0.9023,4.0
full_ols_av,pass,-2.4279,5.0
full_ols_av,pass,0.05,5.0
full_ols_av,pass,-0.4775,3.0
full_ols_av,pass,0.0185,6.0
full_ols_av,pass,0.4056,4.0
full_ols_av,pass,-0.5829,2.0
full_ols_av,pass,0.4638,0.0
full_ols_av,pass,0.0173,4.0
full_ols_av,pass,-0.189,6.0
full_ols_av,pass,-0.7608,7.0
full_ols_av,pass,1.1342,5.0
full_ols_av,pass,-0.0384,10.0
full_ols_av,pass,-1.3788,2.0
full_ols_av,pass,0.5748,7.0
full_ols_av,pass,-0.0996,5.0
full_ols_av,pass,0.2547,0.0
full_ols_av,pass,-0.3163,8.0
full_ols_av,pass,-0.3991,3.0
full_ols_av,pass,-1.552,7.0
full_ols_av,pass,-1.1665,5.0
full_ols_av,pass,-0.5772,0.0
full_ols_av,pass,0.14,8.0
full_ols_av,pass,-1.3436,7.0
full_ols_av,pass,-0.3042,4.0
full_ols_av,pass,-1.1112,3.0
full_ols_av,pass,0.7697,0.0
full_ols_av,pass,-0.4464,0.0
full_ols_av,pass,-0.5168,3.0
full_ols_av,pass,-0.5825,0.0
full_ols_av,pass,0.1022,3.0
full_ols_av,pass,-1.2742,6.0
full_ols_av,pass,0.094,7.0
full_ols_av,pass,0.0574,7.0
full_ols_av,pass,-0.7991,10.0
full_ols_av,pass,-1.0038,8.0
full_ols_av,pass,-0.6624,6.0
full_ols_av,pass,-0.1945,3.0
full_ols_av,pass,-1.5563,8.0
full_ols_av,pass,-0.3477,5.0
full_ols_av,pass,-0.1103,0.0
full_ols_av,pass,-0.4928,0.0
full_ols_av,pass,-0.3205,1.0
full_ols_av,pass,0.0285,5.0
full_ols_av,pass,-1.1483,4.0
full_ols_av,pass,-1.4551,1.0
full_ols_av,pass,-0.9268,4.0
full_ols_av,pass,0.5063,0.0
full_ols_av,pass,-0.3443,0.0
full_ols_av,pass,-0.1983,4.0
full_ols_av,pass,-0.2613,5.0
full_ols_av,pass,0.1822,2.0
full_ols_av,pass,-0.2734,7.0
full_ols_av,pass,-0.0851,3.0
full_ols_av,pass,-0.4133,3.0
full_ols_av,pass,-0.6971,4.0
full_ols_av,pass,0.3345,0.0
full_ols_av,pass,-0.3405,0.0
full_ols_av,pass,-0.2801,6.0
full_ols_av,pass,-0.6853,4.0
full_ols_av,pass,-0.362,0.0
full_ols_av,pass,-0.0359,0.0
full_ols_av,pass,0.1179,8.0
full_ols_av,pass,-0.5854,1.0
full_ols_av,pass,-0.6774,4.0
full_ols_av,pass,-0.5594,7.0
full_ols_av,pass,-0.1705,4.0
full_ols_av,pass,-0.2503,0.0
full_ols_av,pass,-0.4978,2.0
full_ols_av,pass,-1.4876,7.0
full_ols_av,pass,-0.5269,0.0
full_ols_av,pass,-0.427,0.0
full_ols_av,pass,-0.6489,4.0
full_ols_av,pass,0.3996,0.0
full_ols_av,pass,0.1991,0.0
full_ols_av,pass,-0.5194,5.0
full_ols_av,pass,-0.6691,2.0
full_ols_av,pass,-0.3821,9.0
full_ols_av,pass,-0.2318,7.0
full_ols_av,pass,-1.3495,0.0
full_ols_av,pass,0.442,5.0
full_ols_av,pass,-0.0148,6.0
full_ols_av,pass,-0.9275,0.0
full_ols_av,pass,-0.8831,3.0
full_ols_av,pass,-0.0436,1.0
full_ols_av,pass,0.3571,0.0
full_ols_av,pass,-0.011,2.0
full_ols_av,pass,-0.9501,2.0
full_ols_av,pass,-0.7493,8.0
full_ols_av,pass,-0.7697,5.0
full_ols_av,pass,-0.2267,0.0
full_ols_av,pass,0.3693,0.0
full_ols_av,pass,-0.4734,3.0
full_ols_av,pass,-0.7945,2.0
full_ols_av,pass,-0.6771,4.0
full_ols_av,pass,0.2805,4.0
full_ols_av,pass,-0.3828,0.0
full_ols_av,pass,-1.5677,5.0
full_ols_av,pass,0.5136,0.0
full_ols_av,pass,-0.703,7.0
full_ols_av,pass,0.104,7.0
full_ols_av,pass,-0.201,0.0
full_ols_av,pass,-0.4142,6.0
full_ols_av,pass,-0.0408,5.0
full_ols_av,pass,-0.2239,3.0
full_ols_av,pass,-0.521,0.0
full_ols_av,pass,-1.777,4.0
full_ols_av,pass,-1.0488,4.0
full_ols_av,pass,-0.5982,9.0
full_ols_av,pass,0.0927,3.0
full_ols_av,pass,-0.7519,5.0
full_ols_av,pass,-0.3379,2.0
full_ols_av,pass,0.6772,4.0
full_ols_av,pass,-0.3386,4.0
full_ols_av,pass,-0.6963,8.0
full_ols_av,pass,0.557,6.0
full_ols_av,pass,-1.5297,3.0
full_ols_av,pass,-0.0315,0.0
full_ols_av,pass,-0.7064,7.0
full_ols_av,pass,-0.8641,0.0
full_ols_av,pass,-0.1628,0.0
full_ols_av,pass,0.4653,0.0
full_ols_av,pass,0.1307,3.0
full_ols_av,pass,-0.0255,5.0
full_ols_av,pass,-1.3429,5.0
full_ols_av,pass,-1.3454,2.0
full_ols_av,pass,-1.3943,0.0
full_ols_av,pass,-0.0855,0.0
full_ols_av,pass,-1.5125,1.0
full_ols_av,pass,-0.6123,2.0
full_ols_av,pass,-0.6084,4.0
full_ols_av,pass,-0.8238,8.0
full_ols_av,pass,-0.7373,4.0
full_ols_av,pass,-0.8116,2.0
full_ols_av,pass,-1.3884,8.0
full_ols_av,pass,-0.4916,0.0
full_ols_av,pass,-1.2084,0.0
full_ols_av,pass,-0.9648,7.0
full_ols_av,pass,0.2145,0.0
full_ols_av,pass,0.0519,4.0
full_ols_av,pass,-1.1953,1.0
full_ols_av,pass,-0.6501,0.0
full_ols_av,pass,-0.4447,0.0
full_ols_av,pass,-0.8515,4.0
full_ols_av,pass,-1.102,6.0
full_ols_av,pass,-1.6324,9.0
full_ols_av,pass,-0.3916,5.0
full_ols_av,pass,-0.7758,3.0
full_ols_av,pass,-0.8108,0.0
full_ols_av,pass,-1.3715,5.0
full_ols_av,pass,-0.8415,4.0
full_ols_av,pass,-0.9345,2.0
full_ols_av,pass,-0.9606,0.0
full_ols_av,pass,-0.2343,5.0
full_ols_av,pass,-0.3116,5.0
full_ols_av,pass,-0.4021,4.0
full_ols_av,pass,-0.8098,4.0
full_ols_av,pass,-0.8014,0.0
full_ols_av,pass,0.2746,6.0
full_ols_av,pass,0.0922,10.0
full_ols_av,pass,-0.2665,6.0
full_ols_av,pass,-0.3673,4.0
full_ols_av,pass,0.0181,2.0
full_ols_av,pass,-1.2398,4.0
full_ols_av,pass,0.769,0.0
full_ols_av,pass,-1.6867,4.0
full_ols_av,pass,-0.2046,0.0
full_ols_av,pass,-1.1048,0.0
full_ols_av,pass,0.0593,6.0
full_ols_av,pass,0.1269,0.0
full_ols_av,pass,-0.6824,2.0
full_ols_av,pass,-0.1215,5.0
full_ols_av,pass,-1.0396,3.0
full_ols_av,pass,-0.4117,3.0
full_ols_av,pass,-0.3976,2.0
full_ols_av,pass,-1.649,6.0
full_ols_av,pass,-0.139,7.0
full_ols_av,pass,-0.7314,0.0
full_ols_av,pass,-1.2424,0.0
full_ols_av,pass,-0.8192,0.0
full_ols_av,pass,-0.5017,0.0
full_ols_av,pass,-1.7707,0.0
full_ols_av,pass,0.7734,0.0
full_ols_av,pass,-1.0208,0.0
full_ols_av,pass,-0.2677,8.0
full_ols_av,pass,-0.607,3.0
full_ols_av,pass,-0.6402,0.0
full_ols_av,pass,-0.2224,4.0
full_ols_av,pass,0.5087,10.0
full_ols_av,pass,0.3491,0.0
full_ols_av,pass,-0.3451,3.0
full_ols_av,pass,-1.4202,4.0
full_ols_av,pass,-0.1482,0.0
full_ols_av,pass,-2.1471,0.0
full_ols_av,pass,-0.0342,4.0
full_ols_av,pass,-0.3053,4.0
full_ols_av,pass,0.0234,0.0
full_ols_av,pass,-0.8864,4.0
full_ols_av,pass,-0.9188,0.0
full_ols_av,pass,-0.3589,2.0
full_ols_av,pass,-0.046,4.0
full_ols_av,pass,-0.7544,2.0
full_ols_av,pass,0.5709,4.0
full_ols_av,pass,-0.4106,8.0
full_ols_av,pass,0.2154,0.0
full_ols_av,pass,-0.4647,2.0
full_ols_av,pass,0.5287,0.0
full_ols_av,pass,-0.3214,9.0
full_ols_av,pass,0.338,4.0
full_ols_av,pass,0.6715,3.0
full_ols_av,pass,-0.3144,4.0
full_ols_av,pass,-0.2666,5.0
full_ols_av,pass,0.3907,0.0
full_ols_av,pass,-0.2081,0.0
full_ols_av,pass,-1.2482,4.0
full_ols_av,pass,-1.406,4.0
full_ols_av,pass,0.0997,0.0
full_ols_av,pass,-1.4299,0.0
full_ols_av,pass,0.1371,6.0
full_ols_av,pass,-0.96,6.0
full_ols_av,pass,0.1274,0.0
full_ols_av,pass,-1.7421,2.0
full_ols_av,pass,0.1408,8.0
full_ols_av,pass,-0.7719,7.0
full_ols_av,pass,-0.1192,0.0
full_ols_av,pass,-0.6712,4.0
full_ols_av,pass,-0.8004,4.0
full_ols_av,pass,-0.2742,0.0
full_ols_av,pass,0.9211,0.0
full_ols_av,pass,0.2738,7.0
full_ols_av,pass,-0.6399,7.0
full_ols_av,pass,-0.316,5.0
full_ols_av,pass,-0.7105,2.0
full_ols_av,pass,0.0389,7.0
full_ols_av,pass,0.1597,9.0
full_ols_av,pass,-0.9019,0.0
full_ols_av,pass,-0.7666,2.0
full_ols_av,pass,-0.1448,3.0
full_ols_av,pass,0.4637,4.0
full_ols_av,pass,-0.0397,0.0
full_ols_av,pass,-0.3806,3.0
full_ols_av,pass,-0.9333,0.0
full_ols_av,pass,-0.2352,5.0
full_ols_av,pass,0.743,5.0
full_ols_av,pass,-0.2303,5.0
full_ols_av,pass,0.27,3.0
full_ols_av,pass,-0.9157,2.0
full_ols_av,pass,-0.6307,8.0
full_ols_av,pass,0.2245,2.0
full_ols_av,pass,-0.5071,5.0
full_ols_av,pass,-0.5193,9.0
full_ols_av,pass,-1.1154,4.0
full_ols_av,pass,-0.6126,0.0
full_ols_av,pass,0.5563,2.0
full_ols_av,pass,-1.3174,0.0
full_ols_av,pass,-0.6643,6.0
full_ols_av,pass,-1.1463,2.0
full_ols_av,pass,-0.3753,3.0
full_ols_av,pass,-0.1605,3.0
full_ols_av,pass,0.3913,5.0
full_ols_av,pass,0.2208,3.0
full_ols_av,pass,-0.3861,8.0
full_ols_av,pass,-1.1401,5.0
full_ols_av,pass,0.3522,2.0
full_ols_av,pass,0.3579,5.0
full_ols_av,pass,-1.0859,7.0
full_ols_av,pass,0.932,0.0
full_ols_av,pass,-1.2472,0.0
full_ols_av,pass,-0.5598,6.0
full_ols_av,pass,-0.7463,9.0
full_ols_av,pass,-0.3587,7.0
full_ols_av,pass,-0.6393,1.0
full_ols_av,pass,-0.3607,5.0
full_ols_av,pass,0.6066,7.0
full_ols_av,pass,-0.3868,8.0
full_ols_av,pass,0.0814,3.0
full_ols_av,pass,-1.6069,5.0
full_ols_av,pass,-0.6682,9.0
full_ols_av,pass,-0.8387,0.0
full_ols_av,pass,0.1153,4.0
full_ols_av,pass,-0.7811,5.0
full_ols_av,pass,0.036,0.0
full_ols_av,pass,-0.143,0.0
full_ols_av,pass,-0.7072,8.0
full_ols_av,pass,-0.601,3.0
full_ols_av,pass,0.0148,2.0
full_ols_av,pass,-1.2576,0.0
full_ols_av,pass,-0.5494,6.0
full_ols_av,pass,0.0279,4.0
full_ols_av,pass,0.1755,4.0
full_ols_av,pass,-0.4513,4.0
full_ols_av,pass,-0.6234,5.0
full_ols_av,pass,-0.8555,5.0
full_ols_av,pass,-0.9917,7.0
full_ols_av,pass,-0.1636,0.0
full_ols_av,pass,-1.734,6.0
full_ols_av,pass,0.3487,0.0
full_ols_av,pass,-0.6075,3.0
full_ols_av,pass,-0.7298,5.0
full_ols_av,pass,0.5651,6.0
full_ols_av,pass,-0.8695,1.0
full_ols_av,pass,0.4562,3.0
full_ols_av,pass,-0.7202,6.0
full_ols_av,pass,0.1023,0.0
full_ols_av,pass,-0.863,2.0
full_ols_av,pass,-1.8447,2.0
full_ols_av,pass,-1.8813,4.0
full_ols_av,pass,-0.1914,3.0
full_ols_av,pass,-0.6396,6.0
full_ols_av,pass,-1.8681,3.0
full_ols_av,pass,-0.5426,0.0
full_ols_av,pass,-0.2739,6.0
full_ols_av,pass,0.3012,0.0
full_ols_av,pass,-0.1595,0.0
full_ols_av,pass,-0.4225,3.0
full_ols_av,pass,-0.6489,5.0
full_ols_av,pass,-0.6241,0.0
full_ols_av,pass,-1.0293,6.0
full_ols_av,pass,-0.2354,3.0
full_ols_av,pass,-0.8937,8.0
full_ols_av,pass,-0.3549,9.0
full_ols_av,pass,0.0828,0.0
full_ols_av,pass,0.1731,3.0
full_ols_av,pass,-0.0739,3.0
full_ols_av,pass,-0.9739,0.0
full_ols_av,pass,-0.8756,7.0
full_ols_av,pass,0.508,0.0
full_ols_av,pass,-1.4113,2.0
full_ols_av,pass,-1.6742,5.0
full_ols_av,pass,-0.7561,2.0
full_ols_av,pass,0.2754,0.0
full_ols_av,pass,0.0593,3.0
full_ols_av,pass,-1.7621,3.0
full_ols_av,pass,-1.3825,3.0
full_ols_av,pass,0.5385,0.0
full_ols_av,pass,0.4179,0.0
full_ols_av,pass,-1.1546,0.0
full_ols_av,pass,0.6372,6.0
full_ols_av,pass,-1.2712,5.0
full_ols_av,pass,-0.9974,5.0
full_ols_av,pass,-0.324,2.0
full_ols_av,pass,-0.904,2.0
full_ols_av,pass,-0.8206,3.0
full_ols_av,pass,-1.2199,6.0
full_ols_av,pass,-0.245,5.0
full_ols_av,pass,-1.0994,5.0
full_ols_av,pass,-0.6375,0.0
full_ols_av,pass,-0.6336,0.0
full_ols_av,pass,-0.4958,0.0
full_ols_av,pass,0.5809,2.0
full_ols_av,pass,0.07,0.0
full_ols_av,pass,0.3076,8.0
full_ols_av,pass,0.4118,3.0
full_ols_av,pass,-1.5554,0.0
full_ols_av,pass,-1.1019,5.0
full_ols_av,pass,0.0534,0.0
full_ols_av,pass,-0.3194,7.0
full_ols_av,pass,-0.4203,2.0
full_ols_av,pass,-0.373,0.0
full_ols_av,pass,-0.6621,6.0
full_ols_av,pass,-1.9001,5.0
full_ols_av,pass,-0.6533,4.0
full_ols_av,pass,-0.2685,4.0
full_ols_av,pass,0.0933,2.0
full_ols_av,pass,-0.419,0.0
full_ols_av,pass,0.0275,7.0
full_ols_av,pass,-0.5411,0.0
full_ols_av,pass,-0.5194,4.0
full_ols_av,pass,-0.4022,4.0
full_ols_av,pass,-0.3529,4.0
full_ols_av,pass,-0.3098,0.0
full_ols_av,pass,-0.6015,4.0
full_ols_av,pass,-0.208,0.0
full_ols_av,pass,-0.5001,0.0
full_ols_av,pass,0.0022,0.0
full_ols_av,pass,-1.2455,3.0
full_ols_av,pass,-0.3451,2.0
full_ols_av,pass,-0.7488,2.0
full_ols_av,pass,-0.8281,0.0
full_ols_av,pass,-0.6688,2.0
full_ols_av,pass,0.126,2.0
full_ols_av,pass,-0.3193,0.0
full_ols_av,pass,-0.3377,6.0
full_ols_av,pass,-0.3378,0.0
full_ols_av,pass,-1.3392,0.0
full_ols_av,pass,-2.2288,3.0
full_ols_av,pass,-1.246,0.0
full_ols_av,pass,-0.4957,10.0
full_ols_av,pass,-0.2356,5.0
full_ols_av,pass,-0.5182,0.0
full_ols_av,pass,-0.2644,0.0
full_ols_av,pass,-0.6244,6.0
full_ols_av,pass,-0.5168,0.0
full_ols_av,pass,-0.7899,3.0
full_ols_av,pass,0.2099,5.0
full_ols_av,pass,0.1255,4.0
full_ols_av,pass,-1.1133,1.0
full_ols_av,pass,-0.8552,9.0
full_ols_av,pass,-0.9777,0.0
full_ols_av,pass,-0.3204,4.0
full_ols_av,pass,-0.6251,5.0
full_ols_av,pass,-1.4107,3.0
full_ols_av,pass,-0.8413,4.0
full_ols_av,pass,-1.5469,8.0
full_ols_av,pass,-0.7007,3.0
full_ols_av,pass,-0.8286,7.0
full_ols_av,pass,-0.9783,0.0
full_ols_av,pass,-0.5097,3.0
full_ols_av,pass,-0.7969,0.0
full_ols_av,pass,0.0098,9.0
full_ols_av,pass,0.8296,0.0
full_ols_av,pass,-2.2253,4.0
full_ols_av,pass,0.7366,5.0
full_ols_av,pass,-0.2572,3.0
full_ols_av,pass,-0.1156,0.0
full_ols_av,pass,-1.2782,3.0
full_ols_av,pass,-0.88,4.0
full_ols_av,pass,-0.8457,4.0
full_ols_av,pass,-1.4737,5.0
full_ols_av,pass,-0.1269,0.0
full_ols_av,pass,0.9745,0.0
full_ols_av,pass,-0.3324,2.0
full_ols_av,pass,-0.6687,0.0
full_ols_av,pass,-0.9549,5.0
full_ols_av,pass,-0.4228,0.0
full_ols_av,pass,-0.1728,5.0
full_ols_av,pass,-0.4591,0.0
full_ols_av,pass,-1.2784,2.0
full_ols_av,pass,-0.7859,6.0
full_ols_av,pass,-0.0806,7.0
full_ols_av,pass,-0.2453,0.0
full_ols_av,pass,-0.8586,0.0
full_ols_av,pass,-1.1654,0.0
full_ols_av,pass,-0.3604,4.0
full_ols_av,pass,-1.0107,4.0
full_ols_av,pass,0.5164,3.0
full_ols_av,pass,-1.5259,5.0
full_ols_av,pass,-0.9746,3.0
full_ols_av,pass,-0.5583,0.0
full_ols_av,pass,0.7317,0.0
full_ols_av,pass,-1.1032,0.0
full_ols_av,pass,-0.8231,4.0
full_ols_av,pass,-0.4371,2.0
full_ols_av,pass,-0.0104,2.0
full_ols_av,pass,0.5009,0.0
full_ols_av,pass,-1.2803,2.0
full_ols_av,pass,-1.6895,5.0
full_ols_av,pass,-0.9005,0.0
full_ols_av,pass,-1.2616,2.0
full_ols_av,pass,-0.2242,3.0
full_ols_av,pass,0.1885,0.0
full_ols_av,pass,0.1081,0.0
full_ols_av,pass,0.5358,7.0
full_ols_av,pass,-1.1856,0.0
full_ols_av,pass,-1.031,0.0
full_ols_av,pass,-1.9893,0.0
full_ols_av,pass,-1.2658,2.0
full_ols_av,pass,-0.8899,5.0
full_ols_av,pass,-0.0831,8.0
full_ols_av,pass,-0.1996,0.0
full_ols_av,pass,-0.7368,5.0
full_ols_av,pass,-0.7594,7.0
full_ols_av,pass,-0.0773,0.0
full_ols_av,pass,-1.4741,4.0
full_ols_av,pass,-1.5382,1.0
full_ols_av,pass,-0.0793,6.0
full_ols_av,pass,-1.3635,4.0
full_ols_av,pass,-1.0197,2.0
full_ols_av,pass,-0.6493,5.0
full_ols_av,pass,-0.7025,0.0
full_ols_av,pass,-1.8068,3.0
full_ols_av,pass,-0.7863,1.0
full_ols_av,pass,-0.3637,0.0
full_ols_av,pass,0.4115,4.0
full_ols_av,pass,-0.4398,0.0
full_ols_av,pass,0.0718,7.0
full_ols_av,pass,1.1963,6.0
full_ols_av,pass,0.0544,0.0
full_ols_av,pass,0.6018,4.0
full_ols_av,pass,-0.7559,0.0
full_ols_av,pass,-0.3072,0.0
full_ols_av,pass,0.3561,6.0
full_ols_av,pass,-0.6078,2.0
full_ols_av,pass,0.2017,0.0
full_ols_av,pass,-0.9446,8.0
full_ols_av,pass,-1.0078,8.0
full_ols_av,pass,-0.5323,5.0
full_ols_av,pass,-0.0461,1.0
full_ols_av,pass,-0.2658,0.0
full_ols_av,pass,-0.6066,6.0
full_ols_av,pass,-0.4921,4.0
full_ols_av,pass,-0.5729,2.0
full_ols_av,pass,-1.4151,6.0
full_ols_av,pass,-0.6554,1.0
full_ols_av,pass,-0.0049,8.0
full_ols_av,pass,-0.467,4.0
full_ols_av,pass,-0.9697,3.0
full_ols_av,pass,-0.2357,7.0
full_ols_av,pass,-0.4831,6.0
full_ols_av,pass,-1.2009,7.0
full_ols_av,pass,-0.3199,0.0
full_ols_av,pass,-0.1426,0.0
full_ols_av,pass,-0.3241,1.0
full_ols_av,pass,-0.4006,1.0
full_ols_av,pass,-0.5436,0.0
full_ols_av,pass,-0.3733,5.0
full_ols_av,pass,-0.1212,3.0
full_ols_av,pass,-1.0998,1.0
full_ols_av,pass,-1.297,0.0
full_ols_av,pass,1.6473,0.0
full_ols_av,pass,-2.0169,5.0
full_ols_av,pass,-1.6702,3.0
full_ols_av,pass,-0.245,0.0
full_ols_av,pass,0.6775,8.0
full_ols_av,pass,0.2392,0.0
full_ols_av,pass,-0.1529,6.0
full_ols_av,pass,-0.0557,2.0
full_ols_av,pass,-0.5782,0.0
full_ols_av,pass,-0.2312,0.0
full_ols_av,pass,0.4115,7.0
full_ols_av,pass,-0.2085,4.0
full_ols_av,pass,-0.801,7.0
full_ols_av,pass,-0.0444,0.0
full_ols_av,pass,-1.1087,7.0
full_ols_av,pass,-0.5981,4.0
full_ols_av,pass,-0.3445,2.0
full_ols_av,pass,0.3768,3.0
full_ols_av,pass,-1.0102,3.0
full_ols_av,pass,-0.7881,1.0
full_ols_av,pass,-0.4086,4.0
full_ols_av,pass,-0.4508,2.0
full_ols_av,pass,-1.1314,2.0
full_ols_av,pass,-0.0404,4.0
full_ols_av,pass,-0.9243,3.0
full_ols_av,pass,0.0839,5.0
full_ols_av,pass,0.2022,3.0
full_ols_av,pass,-0.8183,4.0
full_ols_av,pass,-0.4626,0.0
full_ols_av,pass,-1.114,0.0
full_ols_av,pass,-0.3933,3.0
full_ols_av,pass,0.5592,9.0
full_ols_av,pass,-0.1175,4.0
full_ols_av,pass,0.2025,2.0
full_ols_av,pass,-0.2776,6.0
full_ols_av,pass,-1.2687,3.0
full_ols_av,pass,0.385,0.0
full_ols_av,pass,-0.1597,5.0
full_ols_av,pass,0.8718,6.0
full_ols_av,pass,-0.7512,6.0
full_ols_av,pass,-1.3893,8.0
full_ols_av,pass,-1.4266,1.0
full_ols_av,pass,0.2084,5.0
full_ols_av,pass,-0.3058,3.0
full_ols_av,pass,-0.5998,0.0
full_ols_av,pass,-0.468,7.0
full_ols_av,pass,-0.7484,5.0
full_ols_av,pass,-0.5146,6.0
full_ols_av,pass,0.9201,0.0
full_ols_av,pass,-1.1444,0.0
full_ols_av,pass,0.8836,0.0
full_ols_av,pass,-0.8838,5.0
full_ols_av,pass,0.7712,7.0
full_ols_av,pass,-1.1239,6.0
full_ols_av,pass,0.0837,8.0
full_ols_av,pass,-1.2485,6.0
full_ols_av,pass,-0.1258,7.0
full_ols_av,pass,-1.3681,6.0
full_ols_av,pass,-0.1211,0.0
full_ols_av,pass,-0.6092,0.0
full_ols_av,pass,0.1927,0.0
full_ols_av,pass,-1.5424,3.0
full_ols_av,pass,-0.6333,0.0
full_ols_av,pass,0.2632,6.0
full_ols_av,pass,0.7031,6.0
full_ols_av,pass,-0.7034,0.0
full_ols_av,pass,0.9166,0.0
full_ols_av,pass,0.2612,3.0
full_ols_av,pass,-1.1527,6.0
full_ols_av,pass,-0.7922,3.0
full_ols_av,pass,0.0089,3.0
full_ols_av,pass,0.0123,0.0
full_ols_av,pass,-1.3936,7.0
full_ols_av,pass,0.0483,3.0
full_ols_av,pass,-0.0956,4.0
full_ols_av,pass,0.1463,6.0
full_ols_av,pass,0.5203,0.0
full_ols_av,pass,-1.2729,5.0
full_ols_av,pass,-0.7621,4.0
full_ols_av,pass,-0.9223,4.0
full_ols_av,pass,0.1519,0.0
full_ols_av,pass,-0.5815,3.0
full_ols_av,pass,-0.4313,0.0
full_ols_av,pass,-0.444,9.0
full_ols_av,pass,-0.1159,5.0
full_ols_av,pass,-0.6933,4.0
full_ols_av,pass,-0.4092,7.0
full_ols_av,pass,-0.5612,5.0
full_ols_av,pass,-0.2497,0.0
full_ols_av,pass,-1.0784,5.0
full_ols_av,pass,0.201,0.0
full_ols_av,pass,0.0572,0.0
full_ols_av,pass,0.3189,0.0
full_ols_av,pass,-0.533,2.0
full_ols_av,pass,-0.5875,7.0
full_ols_av,pass,0.3132,4.0
full_ols_av,pass,-1.435,3.0
full_ols_av,pass,0.3868,3.0
full_ols_av,pass,0.8236,4.0
full_ols_av,pass,-0.618,4.0
full_ols_av,pass,-0.0993,0.0
full_ols_av,pass,0.5085,7.0
full_ols_av,pass,-0.5313,0.0
full_ols_av,pass,0.0715,4.0
full_ols_av,pass,-0.9921,0.0
full_ols_av,pass,-0.9627,2.0
full_ols_av,pass,-0.8158,6.0
full_ols_av,pass,-0.2217,5.0
full_ols_av,pass,0.4091,3.0
full_ols_av,pass,-0.9511,5.0
full_ols_av,pass,0.1268,0.0
full_ols_av,pass,0.2756,2.0
full_ols_av,pass,-1.2366,7.0
full_ols_av,pass,-0.7445,0.0
full_ols_av,pass,-0.5293,1.0
full_ols_av,pass,-1.4006,2.0
full_ols_av,pass,-0.2539,3.0
full_ols_av,pass,-0.4758,5.0
full_ols_av,pass,-0.3752,4.0
full_ols_av,pass,-0.4726,0.0
full_ols_av,pass,-0.4287,4.0
full_ols_av,pass,-0.1004,5.0
full_ols_av,pass,0.4433,4.0
full_ols_av,pass,0.4244,0.0
full_ols_av,pass,-0.8439,9.0
full_ols_av,pass,-0.5737,3.0
full_ols_av,pass,-0.5421,2.0
full_ols_av,pass,-0.2149,6.0
full_ols_av,pass,-0.5501,1.0
full_ols_av,pass,-1.1869,5.0
full_ols_av,pass,-0.2892,2.0
full_ols_av,pass,0.2157,2.0
full_ols_av,pass,-0.6168,4.0
full_ols_av,pass,-0.6093,5.0
full_ols_av,pass,-0.0592,0.0
full_ols_av,pass,-1.7909,4.0
full_ols_av,pass,-0.4835,0.0
full_ols_av,pass,-0.0014,0.0
full_ols_av,pass,0.0217,6.0
full_ols_av,pass,-0.3951,4.0
full_ols_av,pass,-0.2753,4.0
full_ols_av,pass,1.1174,0.0
full_ols_av,pass,-0.8618,5.0
full_ols_av,pass,-0.2488,0.0
full_ols_av,pass,-0.7484,0.0
full_ols_av,pass,-0.5378,0.0
full_ols_av,pass,-1.3385,5.0
full_ols_av,pass,-0.3205,4.0
full_ols_av,pass,-0.0825,7.0
full_ols_av,pass,-0.5746,6.0
full_ols_av,pass,-0.6716,5.0
full_ols_av,pass,-0.5729,7.0
full_ols_av,pass,-0.5236,4.0
full_ols_av,pass,0.7251,5.0
full_ols_av,pass,-0.8898,5.0
full_ols_av,pass,-0.3726,0.0
full_ols_av,pass,-1.4275,4.0
full_ols_av,pass,-0.0055,0.0
full_ols_av,pass,-0.3584,4.0
full_ols_av,pass,-0.6168,7.0
full_ols_av,pass,0.9383,5.0
full_ols_av,pass,0.3134,5.0
full_ols_av,pass,-0.0619,5.0
full_ols_av,pass,-0.8713,3.0
full_ols_av,pass,-0.5319,0.0
full_ols_av,pass,-0.2878,0.0
full_ols_av,pass,0.3048,0.0
full_ols_av,pass,-0.2295,5.0
full_ols_av,pass,-0.2023,2.0
full_ols_av,pass,-0.9781,0.0
full_ols_av,pass,-0.9312,5.0
full_ols_av,pass,-1.3148,0.0
full_ols_av,pass,-0.7206,0.0
full_ols_av,pass,-0.0653,7.0
full_ols_av,pass,0.1288,0.0
full_ols_av,pass,-0.2145,4.0
full_ols_av,pass,-0.5346,0.0
full_ols_av,pass,-0.3476,5.0
full_ols_av,pass,-0.4906,3.0
full_ols_av,pass,-1.67,1.0
full_ols_av,pass,-0.3853,6.0
full_ols_av,pass,0.5823,4.0
full_ols_av,pass,0.2662,4.0
full_ols_av,pass,0.1932,7.0
full_ols_av,pass,-0.7889,0.0
full_ols_av,pass,-0.657,7.0
full_ols_av,pass,-0.2604,0.0
full_ols_av,pass,-0.2849,5.0
full_ols_av,pass,-0.1806,4.0
full_ols_av,pass,-0.9983,0.0
full_ols_av,pass,0.5438,0.0
full_ols_av,pass,-0.6463,3.0
full_ols_av,pass,0.0575,3.0
full_ols_av,pass,-0.5588,4.0
full_ols_av,pass,-0.7979,7.0
full_ols_av,pass,0.1298,6.0
full_ols_av,pass,-1.1932,2.0
full_ols_av,pass,-0.0703,0.0
full_ols_av,pass,-1.6142,0.0
full_ols_av,pass,-0.1812,4.0
full_ols_av,pass,0.3883,0.0
full_ols_av,pass,-1.5943,0.0
full_ols_av,pass,-0.149,9.0
full_ols_av,pass,-0.2475,8.0
full_ols_av,pass,-0.4941,0.0
full_ols_av,pass,0.0768,0.0
full_ols_av,pass,-0.2638,3.0
full_ols_av,pass,-0.6023,3.0
full_ols_av,pass,1.25,8.0
full_ols_av,pass,-0.6331,4.0
full_ols_av,pass,-0.5862,6.0
full_ols_av,pass,-0.4165,0.0
full_ols_av,pass,-1.5205,0.0
full_ols_av,pass,-0.626,4.0
full_ols_av,pass,-0.8399,4.0
full_ols_av,pass,-0.1638,0.0
full_ols_av,pass,-0.2895,0.0
full_ols_av,pass,-1.0247,0.0
full_ols_av,pass,-0.2463,2.0
full_ols_av,pass,-0.0064,4.0
full_ols_av,pass,0.0537,0.0
full_ols_av,pass,-0.4714,8.0
full_ols_av,pass,-0.1571,3.0
full_ols_av,pass,-0.2673,4.0
full_ols_av,pass,-0.2352,4.0
full_ols_av,pass,-0.1932,4.0
full_ols_av,pass,-1.0563,0.0
full_ols_av,pass,0.1632,6.0
full_ols_av,pass,0.2667,7.0
full_ols_av,pass,-0.5681,6.0
full_ols_av,pass,0.9517,6.0
full_ols_av,pass,-0.1728,0.0
full_ols_av,pass,-0.2033,2.0
full_ols_av,pass,-0.3472,2.0
full_ols_av,pass,0.0659,0.0
full_ols_av,pass,0.5716,0.0
full_ols_av,pass,-0.079,6.0
full_ols_av,pass,0.0476,5.0
full_ols_av,pass,-0.9618,2.0
full_ols_av,pass,-0.3386,6.0
full_ols_av,pass,-0.0475,0.0
full_ols_av,pass,-0.3955,3.0
full_ols_av,pass,-0.7454,3.0
full_ols_av,pass,-0.9683,2.0
full_ols_av,pass,-1.6806,2.0
full_ols_av,pass,-0.2646,4.0
full_ols_av,pass,-1.2487,1.0
full_ols_av,pass,-0.8832,0.0
full_ols_av,pass,-1.4102,8.0
full_ols_av,pass,-1.4418,5.0
full_ols_av,pass,-0.5875,4.0
full_ols_av,pass,0.2417,9.0
full_ols_av,pass,-1.411,5.0
full_ols_av,pass,-0.8372,5.0
full_ols_av,pass,-0.8725,3.0
full_ols_av,pass,-0.1371,4.0
full_ols_av,pass,-1.2538,3.0
full_ols_av,pass,-1.3186,6.0
full_ols_av,pass,-0.2011,4.0
full_ols_av,pass,-0.3654,0.0
full_ols_av,pass,0.0865,3.0
full_ols_av,pass,-0.512,0.0
full_ols_av,pass,-1.3338,7.0
full_ols_av,pass,0.5894,0.0
full_ols_av,pass,-0.2138,3.0
full_ols_av,pass,-1.0643,3.0
full_ols_av,pass,0.5242,6.0
full_ols_av,pass,0.0361,8.0
full_ols_av,pass,-1.3237,6.0
full_ols_av,pass,-1.5037,6.0
full_ols_av,pass,-0.2101,2.0
full_ols_av,pass,-0.0346,6.0
full_ols_av,pass,-1.0022,0.0
full_ols_av,pass,-1.241,8.0
full_ols_av,pass,-1.0769,7.0
full_ols_av,pass,-0.8836,3.0
full_ols_av,pass,0.0552,3.0
full_ols_av,pass,-0.5732,3.0
full_ols_av,pass,-0.2282,7.0
full_ols_av,pass,-0.2354,7.0
full_ols_av,pass,0.4629,4.0
full_ols_av,pass,-0.7694,0.0
full_ols_av,pass,-0.347,4.0
full_ols_av,pass,-2.1559,4.0
full_ols_av,pass,-1.6451,8.0
full_ols_av,pass,0.8555,7.0
full_ols_av,pass,-0.099,4.0
full_ols_av,pass,-0.6084,0.0
full_ols_av,pass,-0.2097,0.0
full_ols_av,pass,0.6633,0.0
full_ols_av,pass,-0.5322,3.0
full_ols_av,pass,-0.1698,0.0
full_ols_av,pass,-1.221,2.0
full_ols_av,pass,-0.8962,4.0
full_ols_av,pass,-2.1123,7.0
full_ols_av,pass,-0.0564,0.0
full_ols_av,pass,-1.1841,10.0
full_ols_av,pass,-1.6291,6.0
full_ols_av,pass,-0.1632,0.0
full_ols_av,pass,-1.4339,5.0
full_ols_av,pass,-1.4161,7.0
full_ols_av,pass,-0.4746,1.0
full_ols_av,pass,0.3697,2.0
full_ols_av,pass,0.136,0.0
full_ols_av,pass,-0.1477,0.0
full_ols_av,pass,-1.1376,0.0
full_ols_av,pass,0.4014,0.0
full_ols_av,pass,-0.4412,0.0
full_ols_av,pass,-1.0759,0.0
full_ols_av,pass,0.2371,0.0
full_ols_av,pass,-0.7691,0.0
full_ols_av,pass,-0.9241,0.0
full_ols_av,pass,-0.8889,0.0
full_ols_av,pass,-0.3898,7.0
full_ols_av,pass,-0.8991,6.0
full_ols_av,pass,-0.1052,0.0
full_ols_av,pass,-0.8216,1.0
full_ols_av,pass,-0.4734,2.0
full_ols_av,pass,0.0273,6.0
full_ols_av,pass,-0.8174,3.0
full_ols_av,pass,-0.2684,6.0
full_ols_av,pass,-0.8671,7.0
full_ols_av,pass,-2.0159,1.0
full_ols_av,pass,-1.074,7.0
full_ols_av,pass,-0.3,4.0
full_ols_av,pass,0.7057,0.0
full_ols_av,pass,0.2153,4.0
full_ols_av,pass,-0.8309,2.0
full_ols_av,pass,-0.5109,0.0
full_ols_av,pass,-0.1978,8.0
full_ols_av,pass,-0.5958,0.0
full_ols_av,pass,-0.2921,8.0
full_ols_av,pass,-0.7548,4.0
full_ols_av,pass,-0.6862,1.0
full_ols_av,pass,-0.1903,3.0
full_ols_av,pass,-0.4165,3.0
full_ols_av,pass,-0.1957,3.0
full_ols_av,pass,-0.3768,8.0
full_ols_av,pass,-1.0229,0.0
full_ols_av,pass,-1.0004,1.0
full_ols_av,pass,-1.1947,2.0
full_ols_av,pass,0.2591,9.0
full_ols_av,pass,0.1769,3.0
full_ols_av,pass,-0.4793,5.0
full_ols_av,pass,-0.6865,7.0
full_ols_av,pass,-1.1062,0.0
full_ols_av,pass,-0.8245,0.0
full_ols_av,pass,-0.9807,3.0
full_ols_av,pass,-0.6651,3.0
full_ols_av,pass,-1.0581,3.0
full_ols_av,pass,-0.3415,4.0
full_ols_av,pass,-0.9622,3.0
full_ols_av,pass,-0.3252,2.0
full_ols_av,pass,0.007,8.0
full_ols_av,pass,-0.5066,7.0
full_ols_av,pass,-0.3314,6.0
full_ols_av,pass,-0.0733,2.0
full_ols_av,pass,-1.2767,0.0
full_ols_av,pass,-0.7007,3.0
full_ols_av,pass,0.154,0.0
full_ols_av,pass,-0.011,2.0
full_ols_av,pass,-1.9913,6.0
full_ols_av,pass,-0.728,7.0
full_ols_av,pass,-1.0594,3.0
full_ols_av,pass,-0.82,0.0
full_ols_av,pass,0.0517,4.0
full_ols_av,pass,-0.0367,7.0
full_ols_av,pass,-0.6356,4.0
full_ols_av,pass,-1.1966,2.0
full_ols_av,pass,1.1284,0.0
full_ols_av,pass,-1.0121,0.0
full_ols_av,pass,-1.2126,0.0
full_ols_av,pass,-0.2975,7.0
full_ols_av,pass,-1.7295,1.0
full_ols_av,pass,-1.5523,4.0
full_ols_av,pass,0.0933,0.0
full_ols_av,pass,-0.7857,3.0
full_ols_av,pass,-0.7539,1.0
full_ols_av,pass,-0.341,3.0
full_ols_av,pass,-1.6883,5.0
full_ols_av,pass,-1.5461,3.0
full_ols_av,pass,0.2582,6.0
full_ols_av,pass,0.3057,4.0
full_ols_av,pass,-0.6499,7.0
full_ols_av,pass,-0.5583,4.0
full_ols_av,pass,-0.8199,4.0
full_ols_av,pass,0.86,0.0
full_ols_av,pass,-1.084,6.0
full_ols_av,pass,0.175,0.0
full_ols_av,pass,0.347,3.0
full_ols_av,pass,-1.0634,0.0
full_ols_av,pass,-0.6916,3.0
full_ols_av,pass,-0.7051,0.0
full_ols_av,pass,-1.3198,8.0
full_ols_av,pass,-0.6885,3.0
full_ols_av,pass,-0.1447,0.0
full_ols_av,pass,-0.2384,4.0
full_ols_av,pass,-1.5409,2.0
full_ols_av,pass,0.0705,0.0
full_ols_av,pass,0.5064,3.0
full_ols_av,pass,-1.6374,6.0
full_ols_av,pass,-0.4192,6.0
full_ols_av,pass,-0.2869,0.0
full_ols_av,pass,-0.0485,0.0
full_ols_av,pass,-0.8668,0.0
full_ols_av,pass,-1.5143,0.0
full_ols_av,pass,-0.4867,0.0
full_ols_av,pass,-1.3554,6.0
full_ols_av,pass,-0.2406,2.0
full_ols_av,pass,0.3147,4.0
full_ols_av,pass,0.044,2.0
full_ols_av,pass,-0.1874,0.0
full_ols_av,pass,0.0865,8.0
full_ols_av,pass,-0.5742,6.0
full_ols_av,pass,-0.0114,3.0
full_ols_av,pass,-0.0546,3.0
full_ols_av,pass,-0.8584,0.0
full_ols_av,pass,-1.3594,0.0
full_ols_av,pass,-0.1656,4.0
full_ols_av,pass,-1.4006,6.0
full_ols_av,pass,-0.3168,3.0
full_ols_av,pass,0.4334,5.0
full_ols_av,pass,0.2733,0.0
full_ols_av,pass,-0.4128,9.0
full_ols_av,pass,-0.5631,2.0
full_ols_av,pass,-0.1992,8.0
full_ols_av,pass,0.0058,0.0
full_ols_av,pass,-0.28,1.0
full_ols_av,pass,0.5099,7.0
full_ols_av,pass,-0.622,4.0
full_ols_av,pass,0.6345,0.0
full_ols_av,pass,-0.1729,7.0
full_ols_av,pass,0.237,5.0
full_ols_av,pass,-0.8132,5.0
full_ols_av,pass,0.3661,0.0
full_ols_av,pass,0.493,4.0
full_ols_av,pass,-0.2836,0.0
full_ols_av,pass,-1.7191,2.0
full_ols_av,pass,-1.1962,3.0
full_ols_av,pass,-0.5891,4.0
full_ols_av,pass,0.3464,0.0
full_ols_av,pass,-0.7765,1.0
full_ols_av,pass,-0.0336,5.0
full_ols_av,pass,-1.046,2.0
full_ols_av,pass,0.1518,0.0
full_ols_av,pass,-0.7009,0.0
full_ols_av,pass,-1.0442,6.0
full_ols_av,pass,-1.9297,8.0
full_ols_av,pass,-0.9669,8.0
full_ols_av,pass,-0.3426,0.0
full_ols_av,pass,-0.88,3.0
full_ols_av,pass,-0.5373,5.0
full_ols_av,pass,-0.4326,2.0
full_ols_av,pass,-0.1462,8.0
full_ols_av,pass,-1.3313,4.0
full_ols_av,pass,-0.7204,2.0
full_ols_av,pass,0.7934,0.0
full_ols_av,pass,0.7829,7.0
full_ols_av,pass,-0.1157,5.0
full_ols_av,pass,-0.3654,3.0
full_ols_av,pass,-0.7814,4.0
full_ols_av,pass,-0.4647,3.0
full_ols_av,pass,-0.3928,0.0
full_ols_av,pass,0.3126,0.0
full_ols_av,pass,-0.6311,0.0
full_ols_av,pass,-1.1777,4.0
full_ols_av,pass,-0.6496,0.0
full_ols_av,pass,0.0532,0.0
full_ols_av,pass,-0.9478,7.0
full_ols_av,pass,0.0131,0.0
full_ols_av,pass,-1.6893,10.0
full_ols_av,pass,0.2767,2.0
full_ols_av,pass,-0.607,0.0
full_ols_av,pass,-0.2118,0.0
full_ols_av,pass,-0.138,3.0
full_ols_av,pass,0.1015,0.0
full_ols_av,pass,-0.7027,0.0
full_ols_av,pass,0.2232,6.0
full_ols_av,pass,-0.661,2.0
full_ols_av,pass,-0.3021,3.0
full_ols_av,pass,-0.6717,0.0
full_ols_av,pass,-0.802,0.0
full_ols_av,pass,-0.6584,1.0
full_ols_av,pass,-1.0406,4.0
full_ols_av,pass,0.0177,0.0
full_ols_av,pass,-0.5129,5.0
full_ols_av,pass,-0.8747,0.0
full_ols_av,pass,-0.9187,8.0
full_ols_av,pass,-0.4463,7.0
full_ols_av,pass,-0.1099,6.0
full_ols_av,pass,-1.8576,8.0
full_ols_av,pass,-0.9946,0.0
full_ols_av,pass,0.3367,0.0
full_ols_av,pass,-1.3565,6.0
full_ols_av,pass,-0.5041,4.0
full_ols_av,pass,0.2135,4.0
full_ols_av,pass,-0.1236,4.0
full_ols_av,pass,-1.153,0.0
full_ols_av,pass,-0.1378,5.0
full_ols_av,pass,-1.1248,5.0
full_ols_av,pass,-0.8133,0.0
full_ols_av,pass,-0.1863,5.0
full_ols_av,pass,-0.4531,5.0
full_ols_av,pass,0.1038,0.0
full_ols_av,pass,-0.2671,0.0
full_ols_av,pass,-0.2012,2.0
full_ols_av,pass,-0.6704,5.0
full_ols_av,pass,-0.7362,6.0
full_ols_av,pass,-0.348,2.0
full_ols_av,pass,-1.6848,0.0
full_ols_av,pass,0.1825,3.0
full_ols_av,pass,0.2615,2.0
full_ols_av,pass,-0.477,5.0
full_ols_av,pass,0.0434,0.0
full_ols_av,pass,-0.2783,4.0
full_ols_av,pass,-1.1226,4.0
full_ols_av,pass,-1.1062,3.0
full_ols_av,pass,-0.1049,6.0
full_ols_av,pass,0.0138,3.0
full_ols_av,pass,-1.2197,9.0
full_ols_av,pass,-0.5136,0.0
full_ols_av,pass,-1.4971,4.0
full_ols_av,pass,0.2636,7.0
full_ols_av,pass,0.3244,3.0
full_ols_av,pass,0.0394,0.0
full_ols_av,pass,-0.854,0.0
full_ols_av,pass,-0.5776,4.0
full_ols_av,pass,0.6095,0.0
full_ols_av,pass,0.3189,0.0
full_ols_av,pass,-0.1232,0.0
full_ols_av,pass,-0.7649,1.0
full_ols_av,pass,0.2185,0.0
full_ols_av,pass,0.1242,5.0
full_ols_av,pass,-0.3863,8.0
full_ols_av,pass,-0.4318,1.0
full_ols_av,pass,-0.3055,6.0
full_ols_av,pass,-0.4258,6.0
full_ols_av,pass,-0.376,3.0
full_ols_av,pass,-0.0915,5.0
full_ols_av,pass,-1.881,7.0
full_ols_av,pass,0.243,9.0
full_ols_av,pass,-0.6297,3.0
full_ols_av,pass,-1.5086,1.0
full_ols_av,pass,-0.4316,7.0
full_ols_av,pass,-0.3236,1.0
full_ols_av,pass,-1.5979,1.0
full_ols_av,pass,-0.4407,3.0
full_ols_av,pass,-0.2852,0.0
full_ols_av,pass,-1.1073,0.0
full_ols_av,pass,0.6326,4.0
full_ols_av,pass,-0.5135,8.0
full_ols_av,pass,0.5106,1.0
full_ols_av,pass,-0.1732,5.0
full_ols_av,pass,0.6871,0.0
full_ols_av,pass,-0.5943,0.0
full_ols_av,pass,-0.0132,0.0
full_ols_av,pass,-0.2339,6.0
full_ols_av,pass,0.0988,0.0
full_ols_av,pass,-0.6407,5.0
full_ols_av,pass,-1.1156,5.0
full_ols_av,pass,-1.0308,7.0
full_ols_av,pass,-0.7057,3.0
full_ols_av,pass,0.6755,0.0
full_ols_av,pass,-0.9849,4.0
full_ols_av,pass,0.5005,3.0
full_ols_av,pass,-0.3312,3.0
full_ols_av,pass,-1.5493,4.0
full_ols_av,pass,-1.0569,0.0
full_ols_av,pass,-0.4877,0.0
full_ols_av,pass,0.0994,7.0
full_ols_av,pass,0.5031,0.0
full_ols_av,pass,-0.0581,4.0
full_ols_av,pass,0.4918,5.0
full_ols_av,pass,-0.911,0.0
full_ols_av,pass,-0.8017,2.0
full_ols_av,pass,-0.2423,6.0
full_ols_av,pass,-0.6551,0.0
full_ols_av,pass,0.0847,0.0
full_ols_av,pass,-0.2685,0.0
full_ols_av,pass,-0.9898,0.0
full_ols_av,pass,0.6717,4.0
full_ols_av,pass,-1.5798,0.0
full_ols_av,pass,-0.4029,4.0
full_ols_av,pass,-0.2749,2.0
full_ols_av,pass,-1.6914,0.0
full_ols_av,pass,-0.1242,6.0
full_ols_av,pass,0.4219,2.0
full_ols_av,pass,-0.7119,3.0
full_ols_av,pass,-0.0409,8.0
full_ols_av,pass,-0.8289,2.0
full_ols_av,pass,-0.6766,6.0
full_ols_av,pass,-0.9995,9.0
full_ols_av,pass,0.3833,0.0
full_ols_av,pass,-1.655,6.0
full_ols_av,pass,-0.4877,5.0
full_ols_av,pass,-1.3187,6.0
full_ols_av,pass,-0.3022,4.0
full_ols_av,pass,-1.2063,4.0
full_ols_av,pass,0.5503,0.0
full_ols_av,pass,0.2745,7.0
full_ols_av,pass,-0.5693,2.0
full_ols_av,pass,-0.8861,5.0
full_ols_av,pass,-0.545,6.0
full_ols_av,pass,-0.6676,0.0
full_ols_av,pass,-1.3333,2.0
full_ols_av,pass,-0.8661,1.0
full_ols_av,pass,-0.6258,7.0
full_ols_av,pass,-0.1008,5.0
full_ols_av,pass,-0.0914,0.0
full_ols_av,pass,-0.4241,0.0
full_ols_av,pass,0.4569,0.0
full_ols_av,pass,-1.0968,0.0
full_ols_av,pass,-0.9952,7.0
full_ols_av,pass,-0.4057,2.0
full_ols_av,pass,-0.9074,2.0
full_ols_av,pass,-0.4766,5.0
full_ols_av,pass,-1.7236,2.0
full_ols_av,pass,-0.7609,3.0
full_ols_av,pass,-0.7035,7.0
full_ols_av,pass,-0.8504,2.0
full_ols_av,pass,-0.3038,7.0
full_ols_av,pass,-0.0312,0.0
full_ols_av,pass,-0.504,0.0
full_ols_av,pass,-1.0349,4.0
full_ols_av,pass,-0.4546,5.0
full_ols_av,pass,0.015,0.0
full_ols_av,pass,0.0598,7.0
full_ols_av,pass,0.4448,0.0
full_ols_av,pass,-0.745,4.0
full_ols_av,pass,-0.2951,4.0
full_ols_av,pass,-0.9341,6.0
full_ols_av,pass,0.0097,1.0
full_ols_av,pass,0.338,4.0
full_ols_av,pass,-0.7874,5.0
full_ols_av,pass,-1.5005,3.0
full_ols_av,pass,-1.048,4.0
full_ols_av,pass,-0.4429,5.0
full_ols_av,pass,0.3486,5.0
full_ols_av,pass,-0.1892,6.0
full_ols_av,pass,0.0278,5.0
full_ols_av,pass,-1.0697,7.0
full_ols_av,pass,0.3241,0.0
full_ols_av,pass,-0.1581,6.0
full_ols_av,pass,-0.9668,3.0
full_ols_av,pass,-0.308,0.0
full_ols_av,pass,-0.563,9.0
full_ols_av,pass,-0.6269,7.0
full_ols_av,pass,-1.0131,0.0
full_ols_av,pass,-0.3008,4.0
full_ols_av,pass,-1.3488,3.0
full_ols_av,pass,-0.7203,0.0
full_ols_av,pass,-0.397,0.0
full_ols_av,pass,-0.8159,4.0
full_ols_av,pass,-0.6594,2.0
full_ols_av,pass,0.3858,0.0
full_ols_av,pass,-0.198,3.0
full_ols_av,pass,-1.0565,2.0
full_ols_av,pass,-0.2019,0.0
full_ols_av,pass,-0.1748,6.0
full_ols_av,pass,-0.1407,0.0
full_ols_av,pass,-0.533,5.0
full_ols_av,pass,0.2746,5.0
full_ols_av,pass,-0.8134,2.0
full_ols_av,pass,0.1545,5.0
full_ols_av,pass,-0.5293,0.0
full_ols_av,pass,-0.4273,5.0
full_ols_av,pass,-1.121,0.0
full_ols_av,pass,-0.6417,5.0
full_ols_av,pass,-0.0079,2.0
full_ols_av,pass,-1.5714,5.0
full_ols_av,pass,-0.8481,0.0
full_ols_av,pass,-0.2447,6.0
full_ols_av,pass,-0.4244,6.0
full_ols_av,pass,0.338,6.0
full_ols_av,pass,0.4762,0.0
full_ols_av,pass,-0.6129,9.0
full_ols_av,pass,-0.9023,6.0
full_ols_av,pass,0.2518,2.0
full_ols_av,pass,-0.1513,0.0
full_ols_av,pass,0.0909,8.0
full_ols_av,pass,0.8718,9.0
full_ols_av,pass,-0.6823,4.0
full_ols_av,pass,-1.303,6.0
full_ols_av,pass,0.1907,3.0
full_ols_av,pass,0.0582,8.0
full_ols_av,pass,-1.2184,3.0
full_ols_av,pass,-0.8003,0.0
full_ols_av,pass,0.6415,0.0
full_ols_av,pass,-0.7425,0.0
full_ols_av,pass,-0.3211,3.0
full_ols_av,pass,-0.8519,6.0
full_ols_av,pass,-1.5765,4.0
full_ols_av,pass,0.457,8.0
full_ols_av,pass,-0.3321,7.0
full_ols_av,pass,-0.2846,6.0
full_ols_av,pass,-0.0241,2.0
full_ols_av,pass,-0.2779,0.0
full_ols_av,pass,-0.1885,6.0
full_ols_av,pass,-0.3906,3.0
full_ols_av,pass,0.0233,0.0
full_ols_av,pass,0.7662,0.0
full_ols_av,pass,-0.5417,8.0
full_ols_av,pass,-0.2447,6.0
full_ols_av,pass,-1.2845,6.0
full_ols_av,pass,0.5256,4.0
full_ols_av,pass,-0.8076,0.0
full_ols_av,pass,0.3304,4.0
full_ols_av,pass,-0.2596,8.0
full_ols_av,pass,-0.0282,6.0
full_ols_av,pass,-0.3522,7.0
full_ols_av,pass,-0.5442,0.0
full_ols_av,pass,-1.4088,4.0
full_ols_av,pass,-0.8532,0.0
full_ols_av,pass,0.2425,3.0
full_ols_av,pass,0.7333,0.0
full_ols_av,pass,-0.5997,3.0
full_ols_av,pass,0.3125,7.0
full_ols_av,pass,-0.5087,0.0
full_ols_av,pass,-0.2238,0.0
full_ols_av,pass,-0.238,4.0
full_ols_av,pass,-1.3773,4.0
full_ols_av,pass,0.0909,4.0
full_ols_av,pass,-0.8196,7.0
full_ols_av,pass,-0.8666,2.0
full_ols_av,pass,-1.051,1.0
full_ols_av,pass,-1.8037,1.0
full_ols_av,pass,-0.361,5.0
full_ols_av,pass,0.5341,2.0
full_ols_av,pass,0.8583,0.0
full_ols_av,pass,-1.3014,0.0
full_ols_av,pass,-1.6315,6.0
full_ols_av,pass,-1.179,2.0
full_ols_av,pass,-0.9637,8.0
full_ols_av,pass,-0.6871,4.0
full_ols_av,pass,0.0567,4.0
full_ols_av,pass,0.0941,4.0
full_ols_av,pass,-1.8941,2.0
full_ols_av,pass,0.461,0.0
selected_ols_av,pass,-1.494,7.0
selected_ols_av,pass,-1.6616,0.0
selected_ols_av,pass,1.6503,5.0
selected_ols_av,pass,-3.5243,1.0
selected_ols_av,pass,-5.2699,4.0
selected_ols_av,pass,-2.01,4.0
selected_ols_av,pass,-1.1301,3.0
selected_ols_av,pass,0.3196,0.0
selected_ols_av,pass,2.2274,0.0
selected_ols_av,pass,-1.6043,0.0
selected_ols_av,pass,-2.6027,0.0
selected_ols_av,pass,2.9862,0.0
selected_ols_av,pass,-3.3505,8.0
selected_ols_av,pass,-0.1101,2.0
selected_ols_av,pass,-1.0884,0.0
selected_ols_av,pass,-0.0336,7.0
selected_ols_av,pass,3.5056,6.0
selected_ols_av,pass,-0.2805,0.0
selected_ols_av,pass,0.0189,5.0
selected_ols_av,pass,-2.3631,1.0
selected_ols_av,pass,2.1058,0.0
selected_ols_av,pass,-2.7247,6.0
selected_ols_av,pass,3.3885,4.0
selected_ols_av,pass,3.6074,0.0
selected_ols_av,pass,0.839,2.0
selected_ols_av,pass,0.7669,0.0
selected_ols_av,pass,-0.1021,2.0
selected_ols_av,pass,-1.081,2.0
selected_ols_av,pass,-1.0164,3.0
selected_ols_av,pass,1.9349,0.0
selected_ols_av,pass,1.7566,1.0
selected_ols_av,pass,-1.1987,3.0
selected_ols_av,pass,-3.7516,4.0
selected_ols_av,pass,-0.5044,5.0
selected_ols_av,pass,2.6821,0.0
selected_ols_av,pass,-0.8536,0.0
selected_ols_av,pass,-0.1512,5.0
selected_ols_av,pass,2.0491,9.0
selected_ols_av,pass,-0.5617,7.0
selected_ols_av,pass,-2.8791,0.0
selected_ols_av,pass,1.18,9.0
selected_ols_av,pass,-2.3225,0.0
selected_ols_av,pass,-0.6871,5.0
selected_ols_av,pass,1.2373,6.0
selected_ols_av,pass,-1.6734,2.0
selected_ols_av,pass,-1.0243,0.0
selected_ols_av,pass,-1.4906,4.0
selected_ols_av,pass,-1.6043,1.0
selected_ols_av,pass,5.8199,4.0
selected_ols_av,pass,0.6606,0.0
selected_ols_av,pass,0.251,3.0
selected_ols_av,pass,-3.4557,5.0
selected_ols_av,pass,-2.3597,4.0
selected_ols_av,pass,-1.8243,4.0
selected_ols_av,pass,3.6114,2.0
selected_ols_av,pass,0.2584,5.0
selected_ols_av,pass,0.0762,0.0
selected_ols_av,pass,-2.1776,4.0
selected_ols_av,pass,2.2274,6.0
selected_ols_av,pass,6.9198,1.0
selected_ols_av,pass,-7.1247,3.0
selected_ols_av,pass,0.1937,3.0
selected_ols_av,pass,-2.3711,1.0
selected_ols_av,pass,-2.9364,6.0
selected_ols_av,pass,-0.6142,3.0
selected_ols_av,pass,-2.8266,9.0
selected_ols_av,pass,0.4858,2.0
selected_ols_av,pass,-4.2258,4.0
selected_ols_av,pass,-2.9889,4.0
selected_ols_av,pass,-2.9928,4.0
selected_ols_av,pass,1.708,0.0
selected_ols_av,pass,2.1092,9.0
selected_ols_av,pass,-2.1921,4.0
selected_ols_av,pass,-2.0712,3.0
selected_ols_av,pass,-0.3221,2.0
selected_ols_av,pass,0.0756,0.0
selected_ols_av,pass,2.1137,8.0
selected_ols_av,pass,-2.8266,2.0
selected_ols_av,pass,-2.6517,0.0
selected_ols_av,pass,-2.1285,3.0
selected_ols_av,pass,1.9316,0.0
selected_ols_av,pass,1.7532,2.0
selected_ols_av,pass,-2.4049,4.0
selected_ols_av,pass,-1.426,5.0
selected_ols_av,pass,-0.2119,4.0
selected_ols_av,pass,-1.3202,4.0
selected_ols_av,pass,-1.4833,4.0
selected_ols_av,pass,0.4172,3.0
selected_ols_av,pass,-0.569,6.0
selected_ols_av,pass,2.1171,4.0
selected_ols_av,pass,-1.2711,0.0
selected_ols_av,pass,-0.1473,8.0
selected_ols_av,pass,-0.334,4.0
selected_ols_av,pass,0.3686,0.0
selected_ols_av,pass,-3.2357,0.0
selected_ols_av,pass,-0.4432,6.0
selected_ols_av,pass,0.0076,0.0
selected_ols_av,pass,-3.5243,0.0
selected_ols_av,pass,-0.6945,8.0
selected_ols_av,pass,0.3647,0.0
selected_ols_av,pass,-1.1948,3.0
selected_ols_av,pass,-2.4695,5.0
selected_ols_av,pass,-3.1676,3.0
selected_ols_av,pass,-1.0884,3.0
selected_ols_av,pass,-2.5415,3.0
selected_ols_av,pass,-1.1948,0.0
selected_ols_av,pass,2.4703,7.0
selected_ols_av,pass,-0.6142,7.0
selected_ols_av,pass,-0.5495,1.0
selected_ols_av,pass,-1.8928,4.0
selected_ols_av,pass,-0.2085,0.0
selected_ols_av,pass,0.839,5.0
selected_ols_av,pass,-1.0164,2.0
selected_ols_av,pass,1.4116,5.0
selected_ols_av,pass,0.3647,3.0
selected_ols_av,pass,-2.9472,3.0
selected_ols_av,pass,-4.6281,4.0
selected_ols_av,pass,-1.1301,2.0
selected_ols_av,pass,-2.2991,0.0
selected_ols_av,pass,0.4858,3.0
selected_ols_av,pass,0.7207,10.0
selected_ols_av,pass,3.9725,0.0
selected_ols_av,pass,1.2412,3.0
selected_ols_av,pass,-4.7344,0.0
selected_ols_av,pass,-5.3184,3.0
selected_ols_av,pass,-1.9575,5.0
selected_ols_av,pass,-4.6888,1.0
selected_ols_av,pass,-1.5592,0.0
selected_ols_av,pass,1.7532,5.0
selected_ols_av,pass,-4.2671,5.0
selected_ols_av,pass,0.3641,6.0
selected_ols_av,pass,-0.2119,0.0
selected_ols_av,pass,-0.3869,0.0
selected_ols_av,pass,-1.3814,1.0
selected_ols_av,pass,-2.4695,8.0
selected_ols_av,pass,-2.9437,6.0
selected_ols_av,pass,1.1726,5.0
selected_ols_av,pass,0.7704,3.0
selected_ols_av,pass,-5.4932,2.0
selected_ols_av,pass,-2.83,6.0
selected_ols_av,pass,2.7354,0.0
selected_ols_av,pass,-1.6043,0.0
selected_ols_av,pass,-2.6517,5.0
selected_ols_av,pass,2.512,0.0
selected_ols_av,pass,0.3001,8.0
selected_ols_av,pass,1.1682,0.0
selected_ols_av,pass,-1.4906,6.0
selected_ols_av,pass,3.5022,3.0
selected_ols_av,pass,-0.0375,0.0
selected_ols_av,pass,2.5194,8.0
selected_ols_av,pass,-4.6933,2.0
selected_ols_av,pass,-1.2677,3.0
selected_ols_av,pass,-0.6827,0.0
selected_ols_av,pass,-1.3808,2.0
selected_ols_av,pass,2.2765,0.0
selected_ols_av,pass,-2.0638,3.0
selected_ols_av,pass,-6.0738,1.0
selected_ols_av,pass,0.0116,6.0
selected_ols_av,pass,6.6323,5.0
selected_ols_av,pass,1.7526,1.0
selected_ols_av,pass,-6.4795,3.0
selected_ols_av,pass,0.4744,0.0
selected_ols_av,pass,-2.4734,2.0
selected_ols_av,pass,-1.5358,4.0
selected_ols_av,pass,-3.346,4.0
selected_ols_av,pass,2.0525,0.0
selected_ols_av,pass,0.251,0.0
selected_ols_av,pass,-0.2085,2.0
selected_ols_av,pass,-1.0164,3.0
selected_ols_av,pass,-2.6477,7.0
selected_ols_av,pass,0.888,4.0
selected_ols_av,pass,-1.0272,0.0
selected_ols_av,pass,2.5806,0.0
selected_ols_av,pass,0.5425,0.0
selected_ols_av,pass,-2.8717,3.0
selected_ols_av,pass,-1.4951,1.0
selected_ols_av,pass,-1.8963,0.0
selected_ols_av,pass,1.0545,3.0
selected_ols_av,pass,-2.7041,4.0
selected_ols_av,pass,1.343,3.0
selected_ols_av,pass,0.4824,2.0
selected_ols_av,pass,-4.1087,3.0
selected_ols_av,pass,1.692,2.0
selected_ols_av,pass,-2.952,5.0
selected_ols_av,pass,0.8841,3.0
selected_ols_av,pass,-3.346,6.0
selected_ols_av,pass,0.8841,5.0
selected_ols_av,pass,3.0886,0.0
selected_ols_av,pass,-0.9027,5.0
selected_ols_av,pass,-1.8438,5.0
selected_ols_av,pass,-1.7107,0.0
selected_ols_av,pass,-1.3843,3.0
selected_ols_av,pass,-2.6517,2.0
selected_ols_av,pass,1.343,7.0
selected_ols_av,pass,-2.3631,7.0
selected_ols_av,pass,0.758,4.0
selected_ols_av,pass,1.2373,0.0
selected_ols_av,pass,-2.8791,6.0
selected_ols_av,pass,-0.5044,0.0
selected_ols_av,pass,-0.2159,3.0
selected_ols_av,pass,-4.2151,4.0
selected_ols_av,pass,-0.569,2.0
selected_ols_av,pass,4.3169,4.0
selected_ols_av,pass,-0.1594,5.0
selected_ols_av,pass,5.4176,8.0
selected_ols_av,pass,-1.0884,8.0
selected_ols_av,pass,2.5159,2.0
selected_ols_av,pass,2.6898,3.0
selected_ols_av,pass,-4.2749,3.0
selected_ols_av,pass,-2.4161,3.0
selected_ols_av,pass,-2.5259,0.0
selected_ols_av,pass,-3.6458,6.0
selected_ols_av,pass,0.3647,2.0
selected_ols_av,pass,3.676,3.0
selected_ols_av,pass,-2.01,2.0
selected_ols_av,pass,1.7605,3.0
selected_ols_av,pass,1.1726,9.0
selected_ols_av,pass,-3.2927,3.0
selected_ols_av,pass,0.888,3.0
selected_ols_av,pass,-1.0164,4.0
selected_ols_av,pass,-1.6043,2.0
selected_ols_av,pass,-5.2013,4.0
selected_ols_av,pass,-0.1021,1.0
selected_ols_av,pass,-0.91,0.0
selected_ols_av,pass,-3.8163,3.0
selected_ols_av,pass,1.3058,0.0
selected_ols_av,pass,2.9216,2.0
selected_ols_av,pass,4.8906,7.0
selected_ols_av,pass,0.9525,0.0
selected_ols_av,pass,-2.254,4.0
selected_ols_av,pass,5.2472,3.0
selected_ols_av,pass,5.3609,8.0
selected_ols_av,pass,-1.3849,4.0
selected_ols_av,pass,-1.4867,4.0
selected_ols_av,pass,1.4641,5.0
selected_ols_av,pass,-2.5342,6.0
selected_ols_av,pass,0.1971,5.0
selected_ols_av,pass,-0.1021,3.0
selected_ols_av,pass,0.3001,0.0
selected_ols_av,pass,-0.2159,5.0
selected_ols_av,pass,-2.9889,0.0
selected_ols_av,pass,-2.5415,0.0
selected_ols_av,pass,-0.2849,5.0
selected_ols_av,pass,-0.5005,7.0
selected_ols_av,pass,2.1103,5.0
selected_ols_av,pass,-4.5143,5.0
selected_ols_av,pass,0.8841,3.0
selected_ols_av,pass,0.9527,0.0
selected_ols_av,pass,-0.5078,4.0
selected_ols_av,pass,0.0762,1.0
selected_ols_av,pass,-2.4122,0.0
selected_ols_av,pass,-1.0237,0.0
selected_ols_av,pass,-1.0243,0.0
selected_ols_av,pass,-6.016,5.0
selected_ols_av,pass,-0.0982,5.0
selected_ols_av,pass,1.756,3.0
selected_ols_av,pass,-3.1749,6.0
selected_ols_av,pass,-2.8227,4.0
selected_ols_av,pass,-0.2771,0.0
selected_ols_av,pass,-0.2159,4.0
selected_ols_av,pass,0.9527,7.0
selected_ols_av,pass,3.0965,0.0
selected_ols_av,pass,-1.9575,4.0
selected_ols_av,pass,0.7704,0.0
selected_ols_av,pass,-1.597,5.0
selected_ols_av,pass,1.7452,0.0
selected_ols_av,pass,-4.2224,5.0
selected_ols_av,pass,-0.9673,1.0
selected_ols_av,pass,-0.3986,6.0
selected_ols_av,pass,2.9216,6.0
selected_ols_av,pass,2.2274,3.0
selected_ols_av,pass,-0.9712,0.0
selected_ols_av,pass,0.8355,0.0
selected_ols_av,pass,-3.2283,4.0
selected_ols_av,pass,0.8761,4.0
selected_ols_av,pass,-4.007,0.0
selected_ols_av,pass,0.08,4.0
selected_ols_av,pass,1.1275,7.0
selected_ols_av,pass,-2.3064,7.0
selected_ols_av,pass,1.5331,2.0
selected_ols_av,pass,1.8218,3.0
selected_ols_av,pass,1.2902,4.0
selected_ols_av,pass,-2.2985,4.0
selected_ols_av,pass,-2.375,7.0
selected_ols_av,pass,-2.0066,6.0
selected_ols_av,pass,1.9236,5.0
selected_ols_av,pass,-2.2534,3.0
selected_ols_av,pass,-3.4597,1.0
selected_ols_av,pass,1.4194,3.0
selected_ols_av,pass,-1.9008,0.0
selected_ols_av,pass,-0.4403,3.0
selected_ols_av,pass,-2.3705,4.0
selected_ols_av,pass,-1.1826,3.0
selected_ols_av,pass,-0.6788,0.0
selected_ols_av,pass,-0.793,0.0
selected_ols_av,pass,-5.2047,2.0
selected_ols_av,pass,-2.8339,7.0
selected_ols_av,pass,-0.5575,0.0
selected_ols_av,pass,-3.8614,2.0
selected_ols_av,pass,1.2446,6.0
selected_ols_av,pass,-0.5495,0.0
selected_ols_av,pass,1.1609,0.0
selected_ols_av,pass,1.8218,4.0
selected_ols_av,pass,-3.8692,6.0
selected_ols_av,pass,-1.6004,3.0
selected_ols_av,pass,-2.8791,3.0
selected_ols_av,pass,-6.0738,5.0
selected_ols_av,pass,-2.2574,5.0
selected_ols_av,pass,-1.426,4.0
selected_ols_av,pass,0.3721,4.0
selected_ols_av,pass,-1.3888,4.0
selected_ols_av,pass,-6.191,0.0
selected_ols_av,pass,-1.4833,0.0
selected_ols_av,pass,-3.346,1.0
selected_ols_av,pass,-1.6043,4.0
selected_ols_av,pass,-0.5044,0.0
selected_ols_av,pass,-4.7413,6.0
selected_ols_av,pass,-2.2534,8.0
selected_ols_av,pass,-4.6854,1.0
selected_ols_av,pass,-3.2813,10.0
selected_ols_av,pass,-1.8963,3.0
selected_ols_av,pass,-3.0574,0.0
selected_ols_av,pass,-1.7753,6.0
selected_ols_av,pass,-3.3984,1.0
selected_ols_av,pass,-2.8266,4.0
selected_ols_av,pass,-1.7791,0.0
selected_ols_av,pass,-2.3631,6.0
selected_ols_av,pass,-0.8575,2.0
selected_ols_av,pass,-0.4592,6.0
selected_ols_av,pass,-0.2805,9.0
selected_ols_av,pass,-2.9928,2.0
selected_ols_av,pass,-0.0336,5.0
selected_ols_av,pass,-0.0409,5.0
selected_ols_av,pass,2.3411,5.0
selected_ols_av,pass,-2.595,5.0
selected_ols_av,pass,3.968,6.0
selected_ols_av,pass,1.6389,4.0
selected_ols_av,pass,1.0664,6.0
selected_ols_av,pass,2.0491,0.0
selected_ols_av,pass,-1.4833,3.0
selected_ols_av,pass,0.1971,0.0
selected_ols_av,pass,0.888,5.0
selected_ols_av,pass,-0.1518,8.0
selected_ols_av,pass,2.3899,3.0
selected_ols_av,pass,-2.5381,0.0
selected_ols_av,pass,2.4475,3.0
selected_ols_av,pass,-2.5415,0.0
selected_ols_av,pass,-4.6732,0.0
selected_ols_av,pass,2.8525,4.0
selected_ols_av,pass,-0.918,5.0
selected_ols_av,pass,1.7571,0.0
selected_ols_av,pass,1.351,4.0
selected_ols_av,pass,0.1937,0.0
selected_ols_av,pass,-3.4033,4.0
selected_ols_av,pass,3.1417,5.0
selected_ols_av,pass,1.1765,2.0
selected_ols_av,pass,-0.5044,0.0
selected_ols_av,pass,-2.0066,4.0
selected_ols_av,pass,-1.9648,3.0
selected_ols_av,pass,0.0648,0.0
selected_ols_av,pass,-0.6142,8.0
selected_ols_av,pass,-2.5415,5.0
selected_ols_av,pass,-2.0221,0.0
selected_ols_av,pass,-4.6168,6.0
selected_ols_av,pass,-0.1512,0.0
selected_ols_av,pass,-2.4204,3.0
selected_ols_av,pass,0.7704,8.0
selected_ols_av,pass,0.4294,2.0
selected_ols_av,pass,-3.5243,2.0
selected_ols_av,pass,1.2373,6.0
selected_ols_av,pass,0.7777,3.0
selected_ols_av,pass,0.1447,3.0
selected_ols_av,pass,-2.4083,7.0
selected_ols_av,pass,-0.3222,4.0
selected_ols_av,pass,2.5611,0.0
selected_ols_av,pass,0.547,0.0
selected_ols_av,pass,-1.8472,7.0
selected_ols_av,pass,1.7521,2.0
selected_ols_av,pass,-2.4769,4.0
selected_ols_av,pass,0.3602,0.0
selected_ols_av,pass,-1.7871,4.0
selected_ols_av,pass,-4.1127,4.0
selected_ols_av,pass,-0.3913,3.0
selected_ols_av,pass,-2.9364,4.0
selected_ols_av,pass,-2.1893,8.0
selected_ols_av,pass,-3.5248,5.0
selected_ols_av,pass,-0.3222,4.0
selected_ols_av,pass,-4.9857,2.0
selected_ols_av,pass,-2.9403,7.0
selected_ols_av,pass,3.1417,1.0
selected_ols_av,pass,-2.3631,5.0
selected_ols_av,pass,2.4022,0.0
selected_ols_av,pass,-2.4729,5.0
selected_ols_av,pass,-3.8089,4.0
selected_ols_av,pass,-3.7071,3.0
selected_ols_av,pass,-2.7654,5.0
selected_ols_av,pass,2.4056,4.0
selected_ols_av,pass,-3.0084,6.0
selected_ols_av,pass,1.3013,0.0
selected_ols_av,pass,-1.1496,0.0
selected_ols_av,pass,-3.4523,2.0
selected_ols_av,pass,-2.4769,2.0
selected_ols_av,pass,3.5623,4.0
selected_ols_av,pass,-2.1359,3.0
selected_ols_av,pass,0.3641,5.0
selected_ols_av,pass,-1.8517,4.0
selected_ols_av,pass,1.0545,0.0
selected_ols_av,pass,3.3885,0.0
selected_ols_av,pass,-0.6215,6.0
selected_ols_av,pass,-2.7202,3.0
selected_ols_av,pass,-3.8197,3.0
selected_ols_av,pass,0.839,1.0
selected_ols_av,pass,-0.2159,6.0
selected_ols_av,pass,-2.2946,10.0
selected_ols_av,pass,-3.1755,7.0
selected_ols_av,pass,0.7659,7.0
selected_ols_av,pass,-3.179,0.0
selected_ols_av,pass,-3.6418,10.0
selected_ols_av,pass,-0.5084,0.0
selected_ols_av,pass,-1.9609,3.0
selected_ols_av,pass,3.3885,0.0
selected_ols_av,pass,-2.6596,0.0
selected_ols_av,pass,-0.918,0.0
selected_ols_av,pass,-0.918,5.0
selected_ols_av,pass,-3.346,0.0
selected_ols_av,pass,-0.0381,4.0
selected_ols_av,pass,-1.7865,1.0
selected_ols_av,pass,-0.5044,0.0
selected_ols_av,pass,2.7394,6.0
selected_ols_av,pass,-1.0884,0.0
selected_ols_av,pass,-0.9106,8.0
selected_ols_av,pass,-0.5158,2.0
selected_ols_av,pass,-2.7688,2.0
selected_ols_av,pass,0.7252,4.0
selected_ols_av,pass,-0.0948,0.0
selected_ols_av,pass,-0.3913,3.0
selected_ols_av,pass,-1.378,0.0
selected_ols_av,pass,-1.7179,3.0
selected_ols_av,pass,-0.918,7.0
selected_ols_av,pass,-2.8825,6.0
selected_ols_av,pass,0.2549,0.0
selected_ols_av,pass,-0.8002,6.0
selected_ols_av,pass,-1.8477,7.0
selected_ols_av,pass,-2.4769,7.0
selected_ols_av,pass,0.4744,0.0
selected_ols_av,pass,0.839,0.0
selected_ols_av,pass,1.1235,0.0
selected_ols_av,pass,-1.3769,2.0
selected_ols_av,pass,-0.91,0.0
selected_ols_av,pass,0.8807,0.0
selected_ols_av,pass,-3.7516,6.0
selected_ols_av,pass,5.9832,0.0
selected_ols_av,pass,-0.6142,2.0
selected_ols_av,pass,-0.9027,3.0
selected_ols_av,pass,-0.91,0.0
selected_ols_av,pass,-2.9889,7.0
selected_ols_av,pass,1.5822,0.0
selected_ols_av,pass,-1.422,0.0
selected_ols_av,pass,-1.6807,7.0
selected_ols_av,pass,-2.4083,4.0
selected_ols_av,pass,-1.0198,0.0
selected_ols_av,pass,-2.4769,5.0
selected_ols_av,pass,-2.8791,1.0
selected_ols_av,pass,2.5684,0.0
selected_ols_av,pass,1.5331,0.0
selected_ols_av,pass,-1.0164,0.0
selected_ols_av,pass,-1.6655,3.0
selected_ols_av,pass,-1.1301,3.0
selected_ols_av,pass,-5.2047,4.0
selected_ols_av,pass,1.2401,4.0
selected_ols_av,pass,-0.33,3.0
selected_ols_av,pass,-3.9261,7.0
selected_ols_av,pass,2.2274,9.0
selected_ols_av,pass,-4.6732,4.0
selected_ols_av,pass,0.011,6.0
selected_ols_av,pass,0.4784,2.0
selected_ols_av,pass,2.0525,9.0
selected_ols_av,pass,-0.6667,7.0
selected_ols_av,pass,2.8413,4.0
selected_ols_av,pass,-1.1948,4.0
selected_ols_av,pass,0.6562,0.0
selected_ols_av,pass,-0.91,3.0
selected_ols_av,pass,1.6468,4.0
selected_ols_av,pass,-1.9501,8.0
selected_ols_av,pass,0.2538,0.0
selected_ols_av,pass,-4.1087,4.0
selected_ols_av,pass,-0.2085,3.0
selected_ols_av,pass,0.0683,0.0
selected_ols_av,pass,-1.7826,0.0
selected_ols_av,pass,-0.8043,0.0
selected_ols_av,pass,3.1646,5.0
selected_ols_av,pass,-2.01,3.0
selected_ols_av,pass,-0.6181,3.0
selected_ols_av,pass,1.2338,8.0
selected_ols_av,pass,1.3955,2.0
selected_ols_av,pass,0.4294,4.0
selected_ols_av,pass,0.4858,0.0
selected_ols_av,pass,-5.2047,4.0
selected_ols_av,pass,0.7743,3.0
selected_ols_av,pass,-3.2396,6.0
selected_ols_av,pass,-2.8825,0.0
selected_ols_av,pass,1.4647,3.0
selected_ols_av,pass,1.18,3.0
selected_ols_av,pass,-1.8997,0.0
selected_ols_av,pass,0.9447,5.0
selected_ols_av,pass,5.4747,6.0
selected_ols_av,pass,-1.597,2.0
selected_ols_av,pass,-2.1848,7.0
selected_ols_av,pass,-4.1048,1.0
selected_ols_av,pass,2.4703,6.0
selected_ols_av,pass,5.2472,0.0
selected_ols_av,pass,-4.1538,4.0
selected_ols_av,pass,-1.4906,2.0
selected_ols_av,pass,2.6212,0.0
selected_ols_av,pass,-0.0375,3.0
selected_ols_av,pass,-1.256,3.0
selected_ols_av,pass,1.1275,7.0
selected_ols_av,pass,0.5922,1.0
selected_ols_av,pass,-2.9242,3.0
selected_ols_av,pass,-0.789,5.0
selected_ols_av,pass,-0.5044,2.0
selected_ols_av,pass,-1.2099,7.0
selected_ols_av,pass,-0.1021,0.0
selected_ols_av,pass,-3.346,5.0
selected_ols_av,pass,-4.5595,2.0
selected_ols_av,pass,-1.7871,2.0
selected_ols_av,pass,1.2367,4.0
selected_ols_av,pass,-2.8791,0.0
selected_ols_av,pass,-2.8825,6.0
selected_ols_av,pass,-2.0066,0.0
selected_ols_av,pass,-0.91,6.0
selected_ols_av,pass,1.9314,0.0
selected_ols_av,pass,-2.8825,3.0
selected_ols_av,pass,1.707,3.0
selected_ols_av,pass,2.1064,0.0
selected_ols_av,pass,-2.8227,0.0
selected_ols_av,pass,0.7704,8.0
selected_ols_av,pass,-2.3631,0.0
selected_ols_av,pass,-2.0221,5.0
selected_ols_av,pass,-0.2732,3.0
selected_ols_av,pass,1.1726,6.0
selected_ols_av,pass,-3.3494,4.0
selected_ols_av,pass,4.8906,0.0
selected_ols_av,pass,-3.7555,7.0
selected_ols_av,pass,-1.5553,3.0
selected_ols_av,pass,0.7704,0.0
selected_ols_av,pass,-0.3907,3.0
selected_ols_av,pass,1.756,2.0
selected_ols_av,pass,1.5331,2.0
selected_ols_av,pass,-0.4438,0.0
selected_ols_av,pass,0.7669,3.0
selected_ols_av,pass,2.1588,0.0
selected_ols_av,pass,-0.1473,9.0
selected_ols_av,pass,-4.5189,3.0
selected_ols_av,pass,-1.9002,0.0
selected_ols_av,pass,0.7669,0.0
selected_ols_av,pass,-2.3671,3.0
selected_ols_av,pass,0.8841,2.0
selected_ols_av,pass,1.4647,8.0
selected_ols_av,pass,1.708,0.0
selected_ols_av,pass,0.8841,5.0
selected_ols_av,pass,-2.9437,4.0
selected_ols_av,pass,-3.93,5.0
selected_ols_av,pass,-1.1301,6.0
selected_ols_av,pass,-0.3222,2.0
selected_ols_av,pass,-0.8082,0.0
selected_ols_av,pass,-2.4244,2.0
selected_ols_av,pass,-3.6904,0.0
selected_ols_av,pass,-2.0026,4.0
selected_ols_av,pass,-0.7891,6.0
selected_ols_av,pass,-5.0876,7.0
selected_ols_av,pass,-3.7065,6.0
selected_ols_av,pass,-1.8963,0.0
selected_ols_av,pass,0.8355,4.0
selected_ols_av,pass,-1.7107,6.0
selected_ols_av,pass,3.149,0.0
selected_ols_av,pass,-0.6215,0.0
selected_ols_av,pass,0.7704,9.0
selected_ols_av,pass,2.2229,4.0
selected_ols_av,pass,-1.7107,5.0
selected_ols_av,pass,2.5684,0.0
selected_ols_av,pass,-2.9437,0.0
selected_ols_av,pass,-0.6181,0.0
selected_ols_av,pass,-2.4049,3.0
selected_ols_av,pass,0.7287,4.0
selected_ols_av,pass,3.5022,4.0
selected_ols_av,pass,1.6389,0.0
selected_ols_av,pass,-0.3222,0.0
selected_ols_av,pass,-1.4945,6.0
selected_ols_av,pass,1.0094,9.0
selected_ols_av,pass,2.0491,3.0
selected_ols_av,pass,0.9408,4.0
selected_ols_av,pass,-1.9614,3.0
selected_ols_av,pass,0.1864,3.0
selected_ols_av,pass,0.8841,0.0
selected_ols_av,pass,-1.6049,3.0
selected_ols_av,pass,1.5625,10.0
selected_ols_av,pass,3.0846,5.0
selected_ols_av,pass,0.5503,7.0
selected_ols_av,pass,-1.0689,0.0
selected_ols_av,pass,5.353,3.0
selected_ols_av,pass,0.2584,0.0
selected_ols_av,pass,-4.2797,0.0
selected_ols_av,pass,-0.9747,0.0
selected_ols_av,pass,-1.7791,3.0
selected_ols_av,pass,-4.7344,6.0
selected_ols_av,pass,3.6193,5.0
selected_ols_av,pass,-2.9398,5.0
selected_ols_av,pass,0.4784,0.0
selected_ols_av,pass,-0.9597,0.0
selected_ols_av,pass,-0.6181,3.0
selected_ols_av,pass,0.2584,0.0
selected_ols_av,pass,-2.6629,8.0
selected_ols_av,pass,-2.2534,3.0
selected_ols_av,pass,2.0491,5.0
selected_ols_av,pass,-0.3907,5.0
selected_ols_av,pass,3.6159,5.0
selected_ols_av,pass,1.7487,8.0
selected_ols_av,pass,0.3721,9.0
selected_ols_av,pass,-7.1738,2.0
selected_ols_av,pass,-3.7443,1.0
selected_ols_av,pass,1.1309,4.0
selected_ols_av,pass,-1.1335,2.0
selected_ols_av,pass,-3.342,0.0
selected_ols_av,pass,-1.085,0.0
selected_ols_av,pass,1.5856,6.0
selected_ols_av,pass,-3.8619,7.0
selected_ols_av,pass,-0.2119,0.0
selected_ols_av,pass,-1.8928,5.0
selected_ols_av,pass,1.3013,2.0
selected_ols_av,pass,-1.7791,4.0
selected_ols_av,pass,0.3074,0.0
selected_ols_av,pass,-1.4986,10.0
selected_ols_av,pass,2.6178,5.0
selected_ols_av,pass,0.9527,1.0
selected_ols_av,pass,-0.569,3.0
selected_ols_av,pass,-0.2085,0.0
selected_ols_av,pass,0.8841,3.0
selected_ols_av,pass,1.1309,6.0
selected_ols_av,pass,-3.8653,0.0
selected_ols_av,pass,1.2412,0.0
selected_ols_av,pass,-0.6181,4.0
selected_ols_av,pass,0.8194,0.0
selected_ols_av,pass,0.3721,3.0
selected_ols_av,pass,0.3721,2.0
selected_ols_av,pass,-1.7791,0.0
selected_ols_av,pass,-4.6854,3.0
selected_ols_av,pass,-0.6181,0.0
selected_ols_av,pass,-1.0237,2.0
selected_ols_av,pass,1.2407,3.0
selected_ols_av,pass,-5.3184,0.0
selected_ols_av,pass,1.4195,2.0
selected_ols_av,pass,-5.0944,3.0
selected_ols_av,pass,-2.5425,4.0
selected_ols_av,pass,-0.6181,3.0
selected_ols_av,pass,0.3721,5.0
selected_ols_av,pass,-0.3907,0.0
selected_ols_av,pass,-1.426,2.0
selected_ols_av,pass,-0.7891,0.0
selected_ols_av,pass,1.0662,1.0
selected_ols_av,pass,3.0965,3.0
selected_ols_av,pass,0.6567,8.0
selected_ols_av,pass,-2.3597,6.0
selected_ols_av,pass,-1.7419,0.0
selected_ols_av,pass,2.8602,2.0
selected_ols_av,pass,-1.7826,7.0
selected_ols_av,pass,-1.4906,5.0
selected_ols_av,pass,-1.3123,8.0
selected_ols_av,pass,-1.5479,3.0
selected_ols_av,pass,-6.1263,2.0
selected_ols_av,pass,-0.5495,7.0
selected_ols_av,pass,-3.3494,4.0
selected_ols_av,pass,1.6468,6.0
selected_ols_av,pass,-2.9437,9.0
selected_ols_av,pass,3.0387,4.0
selected_ols_av,pass,-0.1021,3.0
selected_ols_av,pass,2.6223,5.0
selected_ols_av,pass,1.1921,0.0
selected_ols_av,pass,-5.3111,4.0
selected_ols_av,pass,2.2195,0.0
selected_ols_av,pass,0.3647,0.0
selected_ols_av,pass,-0.6181,2.0
selected_ols_av,pass,-2.9889,2.0
selected_ols_av,pass,-0.9597,0.0
selected_ols_av,pass,0.4333,0.0
selected_ols_av,pass,2.0417,0.0
selected_ols_av,pass,-2.5342,4.0
selected_ols_av,pass,-4.5709,0.0
selected_ols_av,pass,-0.6181,7.0
selected_ols_av,pass,2.5761,7.0
selected_ols_av,pass,1.2937,0.0
selected_ols_av,pass,-1.085,0.0
selected_ols_av,pass,0.1826,5.0
selected_ols_av,pass,-2.01,3.0
selected_ols_av,pass,4.0136,0.0
selected_ols_av,pass,0.3721,7.0
selected_ols_av,pass,-2.6479,2.0
selected_ols_av,pass,-1.0164,3.0
selected_ols_av,pass,-1.9654,5.0
selected_ols_av,pass,-0.9139,0.0
selected_ols_av,pass,-0.9786,9.0
selected_ols_av,pass,2.0417,2.0
selected_ols_av,pass,-2.1848,3.0
selected_ols_av,pass,-1.1987,0.0
selected_ols_av,pass,1.4567,7.0
selected_ols_av,pass,-2.3597,8.0
selected_ols_av,pass,-0.2085,0.0
selected_ols_av,pass,-2.0712,0.0
selected_ols_av,pass,-0.1557,0.0
selected_ols_av,pass,-0.8082,2.0
selected_ols_av,pass,-2.8791,4.0
selected_ols_av,pass,-0.9712,2.0
selected_ols_av,pass,-1.1985,0.0
selected_ols_av,pass,1.6468,5.0
selected_ols_av,pass,3.9725,7.0
selected_ols_av,pass,-1.3123,4.0
selected_ols_av,pass,-2.2985,10.0
selected_ols_av,pass,1.7532,1.0
selected_ols_av,pass,0.8841,2.0
selected_ols_av,pass,3.5022,7.0
selected_ols_av,pass,-2.3631,7.0
selected_ols_av,pass,2.0491,0.0
selected_ols_av,pass,-2.3711,4.0
selected_ols_av,pass,-3.346,7.0
selected_ols_av,pass,-0.2805,0.0
selected_ols_av,pass,0.3721,0.0
selected_ols_av,pass,-1.4906,5.0
selected_ols_av,pass,0.0762,1.0
selected_ols_av,pass,-2.4767,2.0
selected_ols_av,pass,0.5425,7.0
selected_ols_av,pass,-2.5906,0.0
selected_ols_av,pass,-2.0673,4.0
selected_ols_av,pass,0.9978,4.0
selected_ols_av,pass,2.6296,0.0
selected_ols_av,pass,2.0491,0.0
selected_ols_av,pass,-2.4734,4.0
selected_ols_av,pass,-0.1439,0.0
selected_ols_av,pass,-3.6345,5.0
selected_ols_av,pass,-0.6788,0.0
selected_ols_av,pass,2.5154,2.0
selected_ols_av,pass,0.1899,0.0
selected_ols_av,pass,-1.3157,3.0
selected_ols_av,pass,0.6488,0.0
selected_ols_av,pass,0.7698,2.0
selected_ols_av,pass,-0.0454,4.0
selected_ols_av,pass,1.7115,4.0
selected_ols_av,pass,-3.346,2.0
selected_ols_av,pass,1.2863,4.0
selected_ols_av,pass,-1.426,0.0
selected_ols_av,pass,-3.2357,5.0
selected_ols_av,pass,-5.5051,5.0
selected_ols_av,pass,-0.2159,5.0
selected_ols_av,pass,3.0353,2.0
selected_ols_av,pass,3.4948,1.0
selected_ols_av,pass,2.2201,0.0
selected_ols_av,pass,-1.2438,5.0
selected_ols_av,pass,-3.3533,0.0
selected_ols_av,pass,-2.01,3.0
selected_ols_av,pass,0.0711,8.0
selected_ols_av,pass,-0.5005,3.0
selected_ols_av,pass,3.149,4.0
selected_ols_av,pass,-3.2436,4.0
selected_ols_av,pass,-2.7654,3.0
selected_ols_av,pass,1.855,7.0
selected_ols_av,pass,-3.517,4.0
selected_ols_av,pass,-0.9591,5.0
selected_ols_av,pass,2.1628,4.0
selected_ols_av,pass,-4.5595,3.0
selected_ols_av,pass,1.8207,0.0
selected_ols_av,pass,2.6863,3.0
selected_ols_av,pass,-2.8791,6.0
selected_ols_av,pass,-2.3597,1.0
selected_ols_av,pass,1.0551,3.0
selected_ols_av,pass,2.2195,5.0
selected_ols_av,pass,-3.7516,0.0
selected_ols_av,pass,0.8841,0.0
selected_ols_av,pass,-1.3769,3.0
selected_ols_av,pass,-2.0712,0.0
selected_ols_av,pass,0.4294,2.0
selected_ols_av,pass,-0.7279,9.0
selected_ols_av,pass,0.4784,0.0
selected_ols_av,pass,3.6079,8.0
selected_ols_av,pass,-2.0673,0.0
selected_ols_av,pass,0.839,2.0
selected_ols_av,pass,-3.4597,0.0
selected_ols_av,pass,-0.1021,0.0
selected_ols_av,pass,-2.3558,6.0
selected_ols_av,pass,-0.9027,0.0
selected_ols_av,pass,-1.0164,0.0
selected_ols_av,pass,-2.2985,4.0
selected_ols_av,pass,1.0628,0.0
selected_ols_av,pass,0.4784,0.0
selected_ols_av,pass,-2.0148,6.0
selected_ols_av,pass,0.5431,8.0
selected_ols_av,pass,-4.4459,0.0
selected_ols_av,pass,-1.597,5.0
selected_ols_av,pass,-1.9614,0.0
selected_ols_av,pass,-1.4906,4.0
selected_ols_av,pass,-3.7555,0.0
selected_ols_av,pass,2.0525,6.0
selected_ols_av,pass,-3.8128,4.0
selected_ols_av,pass,3.6114,0.0
selected_ols_av,pass,1.7605,9.0
selected_ols_av,pass,-1.081,4.0
selected_ols_av,pass,2.6223,4.0
selected_ols_av,pass,-0.2769,0.0
selected_ols_av,pass,0.0231,6.0
selected_ols_av,pass,1.9961,0.0
selected_ols_av,pass,1.9344,6.0
selected_ols_av,pass,-0.6632,6.0
selected_ols_av,pass,1.0697,3.0
selected_ols_av,pass,2.2274,0.0
selected_ols_av,pass,2.3939,2.0
selected_ols_av,pass,0.3682,3.0
selected_ols_av,pass,1.5331,6.0
selected_ols_av,pass,-2.7002,6.0
selected_ols_av,pass,0.3721,2.0
selected_ols_av,pass,4.0142,4.0
selected_ols_av,pass,-1.7944,4.0
selected_ols_av,pass,0.1893,8.0
selected_ols_av,pass,0.4745,1.0
selected_ols_av,pass,-0.2159,2.0
selected_ols_av,pass,-3.346,2.0
selected_ols_av,pass,0.4858,0.0
selected_ols_av,pass,-3.8128,4.0
selected_ols_av,pass,-1.0164,4.0
selected_ols_av,pass,-0.5005,1.0
selected_ols_av,pass,-0.1021,7.0
selected_ols_av,pass,4.3747,5.0
selected_ols_av,pass,3.2627,5.0
selected_ols_av,pass,-2.5866,4.0
selected_ols_av,pass,-0.2165,4.0
selected_ols_av,pass,-0.1021,5.0
selected_ols_av,pass,-2.9437,6.0
selected_ols_av,pass,-1.9575,8.0
selected_ols_av,pass,0.2838,6.0
selected_ols_av,pass,-2.9364,0.0
selected_ols_av,pass,-2.3631,2.0
selected_ols_av,pass,0.7743,6.0
selected_ols_av,pass,-1.9581,0.0
selected_ols_av,pass,-0.6221,0.0
selected_ols_av,pass,-1.3775,4.0
selected_ols_av,pass,-2.1848,3.0
selected_ols_av,pass,0.1448,7.0
selected_ols_av,pass,-5.6069,3.0
selected_ols_av,pass,-1.3202,0.0
selected_ols_av,pass,1.3549,7.0
selected_ols_av,pass,1.8669,5.0
selected_ols_av,pass,-0.1594,1.0
selected_ols_av,pass,-0.2119,0.0
selected_ols_av,pass,-3.8775,7.0
selected_ols_av,pass,-0.6788,0.0
selected_ols_av,pass,1.7115,3.0
selected_ols_av,pass,-2.4083,5.0
selected_ols_av,pass,-0.9673,4.0
selected_ols_av,pass,-6.0777,0.0
selected_ols_av,pass,0.1208,0.0
selected_ols_av,pass,-3.7516,4.0
selected_ols_av,pass,2.1588,0.0
selected_ols_av,pass,-3.1716,0.0
selected_ols_av,pass,-0.9139,6.0
selected_ols_av,pass,0.664,2.0
selected_ols_av,pass,3.7941,5.0
selected_ols_av,pass,2.1064,0.0
selected_ols_av,pass,-2.2534,4.0
selected_ols_av,pass,3.4531,4.0
selected_ols_av,pass,-3.4557,0.0
selected_ols_av,pass,-2.8717,1.0
selected_ols_av,pass,1.351,0.0
selected_ols_av,pass,0.7131,3.0
selected_ols_av,pass,-4.1013,4.0
selected_ols_av,pass,-2.9928,7.0
selected_ols_av,pass,1.7532,4.0
selected_ols_av,pass,-2.0221,4.0
selected_ols_av,pass,-0.3222,9.0
selected_ols_av,pass,-1.7797,6.0
selected_ols_av,pass,-4.3322,5.0
selected_ols_av,pass,5.5314,3.0
selected_ols_av,pass,-0.6187,9.0
selected_ols_av,pass,-0.5044,2.0
selected_ols_av,pass,-1.0164,5.0
selected_ols_av,pass,1.7521,7.0
selected_ols_av,pass,-0.1751,0.0
selected_ols_av,pass,0.6488,0.0
selected_ols_av,pass,-2.0909,5.0
selected_ols_av,pass,1.4685,0.0
selected_ols_av,pass,0.5351,4.0
selected_ols_av,pass,0.1937,8.0
selected_ols_av,pass,-0.6827,1.0
selected_ols_av,pass,-1.6004,4.0
selected_ols_av,pass,-0.8002,3.0
selected_ols_av,pass,2.9862,0.0
selected_ols_av,pass,-0.1021,0.0
selected_ols_av,pass,-2.1163,7.0
selected_ols_av,pass,-5.0876,0.0
selected_ols_av,pass,-0.6788,0.0
selected_ols_av,pass,-1.422,4.0
selected_ols_av,pass,-1.6201,4.0
selected_ols_av,pass,1.1765,8.0
selected_ols_av,pass,0.3641,9.0
selected_ols_av,pass,-0.2159,6.0
selected_ols_av,pass,-3.1304,8.0
selected_ols_av,pass,-5.7241,4.0
selected_ols_av,pass,1.5333,6.0
selected_ols_av,pass,-5.5537,10.0
selected_ols_av,pass,1.1765,0.0
selected_ols_av,pass,-2.3631,4.0
selected_ols_av,pass,-2.9437,3.0
selected_ols_av,pass,-3.7968,5.0
selected_ols_av,pass,-0.5575,3.0
selected_ols_av,pass,-2.7654,3.0
selected_ols_av,pass,1.1275,2.0
selected_ols_av,pass,-1.6655,7.0
selected_ols_av,pass,0.7704,2.0
selected_ols_av,pass,-3.8236,0.0
selected_ols_av,pass,-0.9591,3.0
selected_ols_av,pass,-0.91,0.0
selected_ols_av,pass,0.0762,0.0
selected_ols_av,pass,-2.3671,4.0
selected_ols_av,pass,-1.8928,8.0
selected_ols_av,pass,0.9408,0.0
selected_ols_av,pass,-3.2402,3.0
selected_ols_av,pass,-2.3631,0.0
selected_ols_av,pass,1.3504,5.0
selected_ols_av,pass,-1.494,4.0
selected_ols_av,pass,-4.9892,1.0
selected_ols_av,pass,-0.3907,0.0
selected_ols_av,pass,-1.669,2.0
selected_ols_av,pass,-0.7318,7.0
selected_ols_av,pass,-1.3769,4.0
selected_ols_av,pass,-0.1021,0.0
selected_ols_av,pass,-2.5381,0.0
selected_ols_av,pass,0.323,6.0
selected_ols_av,pass,-0.1021,4.0
selected_ols_av,pass,0.9368,5.0
selected_ols_av,pass,0.3641,8.0
selected_ols_av,pass,-1.4339,3.0
selected_ols_av,pass,-3.6498,4.0
selected_ols_av,pass,2.2229,5.0
selected_ols_av,pass,-2.4122,3.0
selected_ols_av,pass,-1.3202,7.0
selected_ols_av,pass,-0.6142,1.0
selected_ols_av,pass,-3.4597,8.0
selected_ols_av,pass,1.3058,3.0
selected_ols_av,pass,-1.958,5.0
selected_ols_av,pass,-0.569,3.0
selected_ols_av,pass,0.8841,7.0
selected_ols_av,pass,-3.0501,8.0
selected_ols_av,pass,-1.4906,2.0
selected_ols_av,pass,-1.6167,4.0
selected_ols_av,pass,-0.5617,2.0
selected_ols_av,pass,1.351,8.0
selected_ols_av,pass,1.7532,6.0
selected_ols_av,pass,-2.8831,0.0
selected_ols_av,pass,0.3035,0.0
selected_ols_av,pass,-2.9403,7.0
selected_ols_av,pass,-3.759,7.0
selected_ols_av,pass,-2.7654,3.0
selected_ols_av,pass,-0.1512,0.0
selected_ols_av,pass,0.8761,9.0
selected_ols_av,pass,-3.9265,8.0
selected_ols_av,pass,-1.4906,3.0
selected_ols_av,pass,0.4784,7.0
selected_ols_av,pass,1.863,6.0
selected_ols_av,pass,0.4784,0.0
selected_ols_av,pass,-5.44,5.0
selected_ols_av,pass,-1.3769,0.0
selected_ols_av,pass,-0.9673,0.0
selected_ols_av,pass,-3.5695,6.0
selected_ols_av,pass,-1.938,1.0
selected_ols_av,pass,3.5022,0.0
selected_ols_av,pass,-2.4083,4.0
selected_ols_av,pass,-0.5078,0.0
selected_ols_av,pass,-2.1848,8.0
selected_ols_av,pass,-0.3986,2.0
selected_ols_av,pass,-2.0026,4.0
selected_ols_av,pass,2.1098,8.0
selected_ols_av,pass,-0.569,4.0
selected_ols_av,pass,-3.8653,0.0
selected_ols_av,pass,3.0387,0.0
selected_ols_av,pass,-3.8619,7.0
selected_ols_av,pass,4.1965,10.0
selected_ols_av,pass,-3.5243,4.0
selected_ols_av,pass,-0.5575,5.0
selected_ols_av,pass,3.0999,4.0
selected_ols_av,pass,1.4567,5.0
selected_ols_av,pass,-0.0336,1.0
selected_ols_av,pass,-2.0746,1.0
selected_ols_av,pass,-0.8649,0.0
selected_ols_av,pass,-0.5044,0.0
selected_ols_av,pass,-3.8619,5.0
selected_ols_av,pass,-1.0237,5.0
selected_ols_av,pass,-4.3283,9.0
selected_ols_av,pass,-1.4906,3.0
selected_ols_av,pass,-0.0375,6.0
selected_ols_av,pass,-3.5732,0.0
selected_ols_av,pass,-1.2751,7.0
selected_ols_av,pass,0.7252,6.0
selected_ols_av,pass,-3.8128,2.0
selected_ols_av,pass,-4.1201,3.0
selected_ols_av,pass,1.2446,2.0
selected_ols_av,pass,-2.1927,3.0
selected_ols_av,pass,1.8669,0.0
selected_ols_av,pass,0.3686,0.0
selected_ols_av,pass,-0.1021,0.0
selected_ols_av,pass,1.6885,0.0
selected_ols_av,pass,1.7526,9.0
selected_ols_av,pass,2.9828,3.0
selected_ols_av,pass,-2.8791,0.0
selected_ols_av,pass,-1.9575,5.0
selected_ols_av,pass,-1.7832,0.0
selected_ols_av,pass,1.2373,0.0
selected_ols_av,pass,-1.8928,0.0
selected_ols_av,pass,-1.256,2.0
selected_ols_av,pass,1.5943,0.0
selected_ols_av,pass,-0.9552,5.0
selected_ols_av,pass,3.0999,3.0
selected_ols_av,pass,-3.0084,4.0
selected_ols_av,pass,-0.6181,0.0
selected_ols_av,pass,-2.0221,4.0
selected_ols_av,pass,-4.0481,3.0
selected_ols_av,pass,3.0353,0.0
selected_ols_av,pass,-1.6043,3.0
selected_ols_av,pass,1.7532,3.0
selected_ols_av,pass,-2.5454,3.0
selected_ols_av,pass,0.1826,0.0
selected_ols_av,pass,1.2373,4.0
selected_ols_av,pass,-0.8043,2.0
selected_ols_av,pass,-1.8889,8.0
selected_ols_av,pass,-0.5529,4.0
selected_ols_av,pass,0.1892,4.0
selected_ols_av,pass,-0.3334,4.0
selected_ols_av,pass,-2.0066,1.0
selected_ols_av,pass,0.3721,2.0
selected_ols_av,pass,-0.4477,2.0
selected_ols_av,pass,0.251,0.0
selected_ols_av,pass,0.7252,3.0
selected_ols_av,pass,-0.2119,4.0
selected_ols_av,pass,-2.3631,3.0
selected_ols_av,pass,-2.3705,5.0
selected_ols_av,pass,0.2618,2.0
selected_ols_av,pass,-1.6043,4.0
selected_ols_av,pass,-3.0501,2.0
selected_ols_av,pass,1.5978,3.0
selected_ols_av,pass,-1.4906,4.0
selected_ols_av,pass,1.3058,3.0
selected_ols_av,pass,1.7035,0.0
selected_ols_av,pass,-0.334,1.0
selected_ols_av,pass,-2.8266,0.0
selected_ols_av,pass,-2.6635,9.0
selected_ols_av,pass,-3.2362,0.0
selected_ols_av,pass,-0.2119,0.0
selected_ols_av,pass,-2.4769,3.0
selected_ols_av,pass,-0.2159,4.0
selected_ols_av,pass,-0.2119,2.0
selected_ols_av,pass,2.1617,3.0
selected_ols_av,pass,-2.2613,0.0
selected_ols_av,pass,-0.6827,6.0
selected_ols_av,pass,0.6071,4.0
selected_ols_av,pass,-0.6181,7.0
selected_ols_av,pass,3.4948,4.0
selected_ols_av,pass,-1.0237,5.0
selected_ols_av,pass,-2.087,2.0
selected_ols_av,pass,-4.6854,4.0
selected_ols_av,pass,3.9725,6.0
selected_ols_av,pass,2.3939,3.0
selected_ols_av,pass,-0.9552,7.0
selected_ols_av,pass,2.5114,6.0
selected_ols_av,pass,-2.9364,0.0
selected_ols_av,pass,-1.3241,0.0
selected_ols_av,pass,0.5503,5.0
selected_ols_av,pass,-0.1546,4.0
selected_ols_av,pass,-2.3597,3.0
selected_ols_av,pass,-0.5734,3.0
selected_ols_av,pass,2.9862,2.0
selected_ols_av,pass,-0.5569,0.0
selected_ols_av,pass,0.2584,2.0
selected_ols_av,pass,-1.0164,0.0
selected_ols_av,pass,-1.2438,0.0
selected_ols_av,pass,3.0999,4.0
selected_ols_av,pass,-0.3907,4.0
selected_ols_av,pass,-0.569,3.0
selected_ols_av,pass,-0.6181,0.0
selected_ols_av,pass,-3.687,5.0
selected_ols_av,pass,-2.2494,2.0
selected_ols_av,pass,-0.5461,2.0
selected_ols_av,pass,2.0417,0.0
selected_ols_av,pass,-3.7516,7.0
selected_ols_av,pass,-1.5553,0.0
selected_ols_av,pass,4.1199,0.0
selected_ols_av,pass,-0.2119,4.0
selected_ols_av,pass,0.3721,8.0
selected_ols_av,pass,-0.7317,6.0
selected_ols_av,pass,-1.3808,6.0
selected_ols_av,pass,-6.8445,2.0
selected_ols_av,pass,0.7704,0.0
selected_ols_av,pass,0.8761,0.0
selected_ols_av,pass,-5.778,3.0
selected_ols_av,pass,2.3332,2.0
selected_ols_av,pass,-2.5906,4.0
selected_ols_av,pass,-4.2636,5.0
selected_ols_av,pass,-3.2357,0.0
selected_ols_av,pass,1.2863,0.0
selected_ols_av,pass,-3.2357,4.0
selected_ols_av,pass,-0.2085,3.0
selected_ols_av,pass,-1.4373,5.0
selected_ols_av,pass,-3.4675,3.0
selected_ols_av,pass,-2.9403,1.0
selected_ols_av,pass,0.1937,0.0
selected_ols_av,pass,-2.4695,6.0
selected_ols_av,pass,-0.6827,0.0
selected_ols_av,pass,-0.9786,1.0
selected_ols_av,pass,0.3074,6.0
selected_ols_av,pass,-1.6807,2.0
selected_ols_av,pass,2.9862,0.0
selected_ols_av,pass,-1.597,4.0
selected_ols_av,pass,2.1098,7.0
selected_ols_av,pass,-2.3631,7.0
selected_ols_av,pass,-1.2404,2.0
selected_ols_av,pass,-0.9826,0.0
selected_ols_av,pass,-1.597,4.0
selected_ols_av,pass,-1.4833,7.0
selected_ols_av,pass,-0.7279,0.0
selected_ols_av,pass,-3.1755,7.0
selected_ols_av,pass,1.0584,3.0
selected_ols_av,pass,-5.2013,5.0
selected_ols_av,pass,-2.3631,3.0
selected_ols_av,pass,-3.0535,5.0
selected_ols_av,pass,-0.9027,3.0
selected_ols_av,pass,-1.7753,2.0
selected_ols_av,pass,-1.1987,4.0
selected_ols_av,pass,-2.5342,4.0
selected_ols_av,pass,2.5159,0.0
selected_ols_av,pass,-1.3769,0.0
selected_ols_av,pass,-1.7826,6.0
selected_ols_av,pass,-2.6517,5.0
selected_ols_av,pass,-1.8322,3.0
selected_ols_av,pass,0.7704,6.0
selected_ols_av,pass,0.8355,0.0
selected_ols_av,pass,1.0545,3.0
selected_ols_av,pass,0.3647,6.0
selected_ols_av,pass,-0.7318,3.0
selected_ols_av,pass,-7.1126,0.0
selected_ols_av,pass,4.2977,6.0
selected_ols_av,pass,-2.8791,0.0
selected_ols_av,pass,-1.0198,0.0
selected_ols_av,pass,1.7605,8.0
selected_ols_av,pass,0.0762,5.0
selected_ols_av,pass,-3.4067,0.0
selected_ols_av,pass,-0.846,3.0
selected_ols_av,pass,-0.7435,8.0
selected_ols_av,pass,-6.1385,0.0
selected_ols_av,pass,-5.5006,7.0
selected_ols_av,pass,-1.3157,8.0
selected_ols_av,pass,0.4784,8.0
selected_ols_av,pass,-1.9575,4.0
selected_ols_av,pass,-4.2803,3.0
selected_ols_av,pass,3.3796,4.0
selected_ols_av,pass,-3.0653,0.0
selected_ols_av,pass,-3.4597,7.0
selected_ols_av,pass,1.1309,4.0
selected_ols_av,pass,-1.0237,0.0
selected_ols_av,pass,-3.8055,4.0
selected_ols_av,pass,-0.334,0.0
selected_ols_av,pass,-0.2051,0.0
selected_ols_av,pass,2.6217,4.0
selected_ols_av,pass,2.2726,6.0
selected_ols_av,pass,-2.9364,4.0
selected_ols_av,pass,2.5159,0.0
selected_ols_av,pass,1.0662,5.0
selected_ols_av,pass,-1.4906,2.0
selected_ols_av,pass,-2.3631,1.0
selected_ols_av,pass,0.9453,4.0
selected_ols_av,pass,-2.3558,0.0
selected_ols_av,pass,0.4824,0.0
selected_ols_av,pass,-2.1927,6.0
selected_ols_av,pass,-0.6788,0.0
selected_ols_av,pass,-3.054,1.0
selected_ols_av,pass,-2.5342,3.0
selected_ols_av,pass,-2.01,5.0
selected_ols_av,pass,-4.223,0.0
selected_ols_av,pass,-0.8043,7.0
selected_ols_av,pass,3.9645,3.0
selected_ols_av,pass,1.0662,0.0
selected_ols_av,pass,-2.1848,5.0
selected_ols_av,pass,-1.8963,0.0
selected_ols_av,pass,-4.3322,4.0
selected_ols_av,pass,2.1784,0.0
selected_ols_av,pass,2.5684,0.0
selected_ols_av,pass,-3.8653,0.0
selected_ols_av,pass,-1.081,0.0
selected_ols_av,pass,-3.8848,3.0
selected_ols_av,pass,0.0683,5.0
selected_ols_av,pass,-0.0375,2.0
selected_ols_av,pass,3.8588,8.0
selected_ols_av,pass,1.1309,2.0
selected_ols_av,pass,0.3721,6.0
selected_ols_av,pass,-6.1424,7.0
selected_ols_av,pass,1.2863,7.0
selected_ols_av,pass,-0.3907,1.0
selected_ols_av,pass,0.3647,3.0
selected_ols_av,pass,-4.0363,0.0
selected_ols_av,pass,-0.9027,4.0
selected_ols_av,pass,-2.4734,6.0
selected_ols_av,pass,-0.2576,0.0
selected_ols_av,pass,3.3885,0.0
selected_ols_av,pass,-1.9581,3.0
selected_ols_av,pass,0.9374,0.0
selected_ols_av,pass,-2.4695,4.0
selected_ols_av,pass,-3.858,3.0
selected_ols_av,pass,-2.4117,8.0
selected_ols_av,pass,-1.081,5.0
selected_ols_av,pass,-2.0261,5.0
selected_ols_av,pass,-1.4833,7.0
selected_ols_av,pass,-3.2322,8.0
selected_ols_av,pass,0.0036,0.0
selected_ols_av,pass,-2.1163,2.0
selected_ols_av,pass,0.4784,8.0
selected_ols_av,pass,-1.597,7.0
selected_ols_av,pass,-2.5454,3.0
selected_ols_av,pass,0.5431,2.0
selected_ols_av,pass,-2.1359,4.0
selected_ols_av,pass,2.435,9.0
selected_ols_av,pass,-1.0272,3.0
selected_ols_av,pass,-2.0712,2.0
selected_ols_av,pass,-0.3257,0.0
selected_ols_av,pass,-4.3248,7.0
selected_ols_av,pass,-2.3677,3.0
selected_ols_av,pass,-1.8438,0.0
selected_ols_av,pass,2.1064,3.0
selected_ols_av,pass,-0.6181,6.0
selected_ols_av,pass,-2.6596,6.0
selected_ols_av,pass,-5.091,4.0
selected_ols_av,pass,-0.9151,3.0
selected_ols_av,pass,-3.4106,2.0
selected_ols_av,pass,0.7704,0.0
selected_ols_av,pass,-0.4438,3.0
selected_ols_av,pass,-0.7963,0.0
selected_ols_av,pass,-0.0375,8.0
selected_ols_av,pass,-0.91,3.0
selected_ols_av,pass,1.8218,0.0
selected_ols_av,pass,-1.7106,3.0
selected_ols_av,pass,1.1309,4.0
selected_ols_av,pass,-3.8614,4.0
selected_ols_av,pass,-1.5323,4.0
selected_ols_av,pass,0.8841,0.0
selected_ols_av,pass,1.8172,0.0
selected_ols_av,pass,0.3001,4.0
selected_ols_av,pass,2.0491,0.0
selected_ols_av,pass,-0.046,7.0
selected_ols_av,pass,-0.1021,2.0
selected_ols_av,pass,2.584,3.0
selected_ols_av,pass,-0.1473,8.0
selected_ols_av,pass,0.3721,2.0
selected_ols_av,pass,0.4367,7.0
selected_ols_av,pass,-1.305,6.0
selected_ols_av,pass,0.0076,0.0
selected_ols_av,pass,0.3721,4.0
selected_ols_av,pass,-6.0126,6.0
selected_ols_av,pass,1.6395,9.0
selected_ols_av,pass,-2.4244,2.0
selected_ols_av,pass,2.6863,0.0
selected_ols_av,pass,-2.8791,3.0
selected_ols_av,pass,-2.9854,4.0
selected_ols_av,pass,0.08,4.0
selected_ols_av,pass,-2.9976,4.0
selected_ols_av,pass,0.323,5.0
selected_ols_av,pass,-2.5342,4.0
selected_ols_av,pass,1.7035,0.0
selected_ols_av,pass,-0.1021,0.0
selected_ols_av,pass,-0.0948,3.0
selected_ols_av,pass,-0.1021,6.0
selected_ols_av,pass,1.4195,7.0
selected_ols_av,pass,-1.498,5.0
selected_ols_av,pass,-5.1974,3.0
selected_ols_av,pass,-0.334,3.0
selected_ols_av,pass,0.7287,7.0
selected_ols_av,pass,-2.5906,0.0
selected_ols_av,pass,-2.1476,4.0
selected_ols_av,pass,-0.6754,0.0
selected_ols_av,pass,4.5451,6.0
selected_ols_av,pass,-1.4906,0.0
selected_ols_av,pass,-1.089,7.0
selected_ols_av,pass,-3.517,4.0
selected_ols_av,pass,4.3256,7.0
selected_ols_av,pass,-0.5005,3.0
selected_ols_av,pass,-1.4906,2.0
selected_ols_av,pass,-1.8928,0.0
selected_ols_av,pass,2.6943,0.0
selected_ols_av,pass,-2.8374,0.0
selected_ols_av,pass,-3.346,4.0
selected_ols_av,pass,-1.0237,0.0
selected_ols_av,pass,-1.8396,9.0
selected_ols_av,pass,-3.2357,3.0
selected_ols_av,pass,-1.6004,0.0
selected_ols_av,pass,1.3549,3.0
selected_ols_av,pass,-2.7654,8.0
selected_ols_av,pass,-0.569,0.0
selected_ols_av,pass,0.547,0.0
selected_ols_av,pass,0.839,0.0
selected_ols_av,pass,-0.8043,0.0
selected_ols_av,pass,-0.7396,0.0
selected_ols_av,pass,-0.6985,0.0
selected_ols_av,pass,-0.5084,8.0
selected_ols_av,pass,-0.1557,8.0
selected_ols_av,pass,-2.9927,5.0
selected_ols_av,pass,2.1515,0.0
selected_ols_av,pass,0.1937,2.0
selected_ols_av,pass,-1.3769,4.0
selected_ols_av,pass,-4.4576,0.0
selected_ols_av,pass,2.2841,0.0
selected_ols_av,pass,-1.5358,0.0
selected_ols_av,pass,-1.1496,2.0
selected_ols_av,pass,-1.4945,0.0
selected_ols_av,pass,-6.8891,2.0
selected_ols_av,pass,-0.7318,3.0
selected_ols_av,pass,-3.2774,0.0
selected_ols_av,pass,2.1171,3.0
selected_ols_av,pass,0.6488,8.0
selected_ols_av,pass,2.9823,8.0
selected_ols_av,pass,0.6606,0.0
selected_ols_av,pass,-3.1187,6.0
selected_ols_av,pass,-0.1473,4.0
selected_ols_av,pass,-3.6413,1.0
selected_ols_av,pass,0.4858,0.0
selected_ols_av,pass,0.5425,3.0
selected_ols_av,pass,-1.6004,6.0
selected_ols_av,pass,-3.8614,5.0
selected_ols_av,pass,-0.6147,2.0
selected_ols_av,pass,3.0954,4.0
selected_ols_av,pass,1.7571,7.0
selected_ols_av,pass,-6.1385,6.0
selected_ols_av,pass,-1.0884,3.0
selected_ols_av,pass,0.6115,5.0
selected_ols_av,pass,0.3686,5.0
selected_ols_av,pass,1.0996,0.0
selected_ols_av,pass,-1.5358,4.0
selected_ols_av,pass,-1.0884,0.0
selected_ols_av,pass,2.5806,0.0
selected_ols_av,pass,-1.5553,1.0
selected_ols_av,pass,-3.0573,0.0
selected_ols_av,pass,4.1999,4.0
selected_ols_av,pass,-2.01,6.0
selected_ols_av,pass,-4.2185,0.0
selected_ols_av,pass,-0.33,5.0
selected_ols_av,pass,0.6606,6.0
selected_ols_av,pass,-2.01,0.0
selected_ols_av,pass,2.5159,4.0
selected_ols_av,pass,-1.4906,5.0
selected_ols_av,pass,-1.8934,2.0
selected_ols_av,pass,-3.8688,6.0
selected_ols_av,pass,0.0311,0.0
selected_ols_av,pass,-2.7654,2.0
selected_ols_av,pass,-3.8202,3.0
selected_ols_av,pass,1.2412,6.0
selected_ols_av,pass,0.7057,4.0
selected_ols_av,pass,-0.1512,0.0
selected_ols_av,pass,0.3676,0.0
selected_ols_av,pass,-0.5044,0.0
selected_ols_av,pass,-0.6181,4.0
selected_ols_av,pass,-1.1335,2.0
selected_ols_av,pass,0.3613,0.0
selected_ols_av,pass,-2.9403,2.0
selected_ols_av,pass,-1.9609,4.0
selected_ols_av,pass,-1.6004,0.0
selected_ols_av,pass,-1.8928,0.0
selected_ols_av,pass,-2.4156,0.0
selected_ols_av,pass,-2.7654,4.0
selected_ols_av,pass,1.7605,0.0
selected_ols_av,pass,-1.3157,0.0
selected_ols_av,pass,-3.858,7.0
selected_ols_av,pass,-0.7352,8.0
selected_ols_av,pass,-3.179,2.0
selected_ols_av,pass,0.0155,3.0
selected_ols_av,pass,5.2472,0.0
selected_ols_av,pass,1.5366,4.0
selected_ols_av,pass,0.6606,4.0
selected_ols_av,pass,-2.2946,4.0
selected_ols_av,pass,-1.9575,2.0
selected_ols_av,pass,-1.4945,0.0
selected_ols_av,pass,-3.2322,2.0
selected_ols_av,pass,-1.4906,2.0
selected_ols_av,pass,-2.2985,3.0
selected_ols_av,pass,-0.5614,9.0
selected_ols_av,pass,-2.5906,3.0
selected_ols_av,pass,-0.5044,6.0
selected_ols_av,pass,0.5797,0.0
selected_ols_av,pass,3.3885,0.0
selected_ols_av,pass,-0.5044,0.0
selected_ols_av,pass,1.3469,0.0
selected_ols_av,pass,-0.8575,5.0
selected_ols_av,pass,0.6606,0.0
selected_ols_av,pass,-1.0237,7.0
selected_ols_av,pass,0.3647,4.0
selected_ols_av,pass,-3.6379,4.0
selected_ols_av,pass,2.2765,4.0
selected_ols_av,pass,5.9336,6.0
selected_ols_av,pass,-4.3439,0.0
selected_ols_av,pass,-4.1048,4.0
selected_ols_av,pass,-0.3907,1.0
selected_ols_av,pass,0.831,6.0
selected_ols_av,pass,-1.2021,4.0
selected_ols_av,pass,-4.1573,4.0
selected_ols_av,pass,-0.3416,5.0
selected_ols_av,pass,-1.085,3.0
selected_ols_av,pass,-3.179,5.0
selected_ols_av,pass,-0.2085,0.0
selected_ols_av,pass,1.0172,6.0
selected_ols_av,pass,-3.418,0.0
selected_ols_av,pass,-1.3128,4.0
selected_ols_av,pass,-6.1263,0.0
selected_ols_av,pass,-1.4986,0.0
selected_ols_av,pass,-2.6517,0.0
selected_ols_av,pass,-1.8243,5.0
selected_ols_av,pass,-1.9575,3.0
selected_ols_av,pass,-1.7791,5.0
selected_ols_av,pass,-3.346,9.0
selected_ols_av,pass,-1.6004,8.0
selected_ols_av,pass,-2.5832,0.0
selected_ols_av,pass,-0.4397,7.0
selected_ols_av,pass,0.5503,7.0
selected_ols_av,pass,-1.494,8.0
selected_ols_av,pass,1.0589,6.0
selected_ols_av,pass,-3.7477,0.0
selected_ols_av,pass,-5.4972,2.0
selected_ols_av,pass,-1.9648,2.0
selected_ols_av,pass,-0.4359,4.0
selected_ols_av,pass,-2.3558,4.0
selected_ols_av,pass,2.7434,8.0
selected_ols_av,pass,1.4647,6.0
selected_ols_av,pass,-2.7654,4.0
selected_ols_av,pass,2.7276,0.0
selected_ols_av,pass,0.8194,2.0
selected_ols_av,pass,-1.8928,5.0
selected_ols_av,pass,-2.9889,0.0
selected_ols_av,pass,1.3058,4.0
selected_ols_av,pass,-0.2085,0.0
selected_ols_av,pass,-1.597,2.0
selected_ols_av,pass,0.7704,5.0
selected_ols_av,pass,-4.4386,4.0
selected_ols_av,pass,-0.5044,4.0
selected_ols_av,pass,-1.6734,5.0
selected_ols_av,pass,-2.2534,0.0
selected_ols_av,pass,-4.6207,2.0
selected_ols_av,pass,-1.426,6.0
selected_ols_av,pass,0.7704,3.0
selected_ols_av,pass,-0.7279,3.0
selected_ols_av,pass,0.2584,7.0
selected_ols_av,pass,-2.9437,0.0
selected_ols_av,pass,-2.8266,0.0
selected_ols_av,pass,-5.9028,3.0
selected_ols_av,pass,0.1898,0.0
selected_ols_av,pass,-0.861,0.0
selected_ols_av,pass,-1.9008,6.0
selected_ols_av,pass,-2.838,9.0
selected_ols_av,pass,-2.9403,2.0
selected_ols_av,pass,-0.3294,0.0
selected_ols_av,pass,0.0076,8.0
selected_ols_av,pass,3.1417,3.0
selected_ols_av,pass,-1.0164,0.0
selected_ols_av,pass,3.7222,4.0
selected_ols_av,pass,-2.6556,0.0
selected_ols_av,pass,-2.83,0.0
selected_ols_av,pass,1.2338,4.0
selected_ols_av,pass,-2.0295,8.0
selected_ols_av,pass,-0.2157,1.0
selected_ols_av,pass,-0.6142,2.0
selected_ols_av,pass,-4.4497,6.0
selected_ols_av,pass,3.6193,5.0
selected_ols_av,pass,1.2863,4.0
selected_ols_av,pass,0.0762,0.0
selected_ols_av,pass,-0.9747,0.0
selected_ols_av,pass,3.8588,0.0
selected_ols_av,pass,1.3544,4.0
selected_ols_av,pass,-1.8963,0.0
selected_ols_av,pass,1.7041,0.0
selected_ols_av,pass,-3.2363,0.0
selected_ols_av,pass,-0.6226,3.0
selected_ols_av,pass,-0.5569,2.0
selected_ols_av,pass,-1.8517,4.0
selected_ols_av,pass,0.7704,2.0
selected_ols_av,pass,-2.5419,1.0
selected_ols_av,pass,-0.0336,4.0
selected_ols_av,pass,-3.4557,0.0
selected_ols_av,pass,-0.6215,0.0
selected_ols_av,pass,-2.9889,7.0
selected_ols_av,pass,2.0445,4.0
selected_ols_av,pass,-1.0198,0.0
selected_ols_av,pass,-1.4833,3.0
selected_ols_av,pass,3.0387,0.0
selected_ols_av,pass,-3.2847,0.0
selected_ols_av,pass,-2.0829,5.0
selected_ols_av,pass,1.7605,1.0
selected_ols_av,pass,0.4705,4.0
selected_ols_av,pass,-3.2322,4.0
selected_ols_av,pass,-1.9575,1.0
selected_ols_av,pass,-3.7477,2.0
selected_ols_av,pass,0.7704,9.0
selected_ols_av,pass,-0.91,5.0
selected_ols_av,pass,-2.3558,6.0
selected_ols_av,pass,-0.91,4.0
selected_ols_av,pass,-4.6241,3.0
selected_ols_av,pass,-4.7344,3.0
selected_ols_av,pass,0.3721,3.0
selected_ols_av,pass,1.5297,0.0
selected_ols_av,pass,2.6296,7.0
selected_ols_av,pass,1.2332,0.0
selected_ols_av,pass,-3.4106,6.0
selected_ols_av,pass,3.1417,2.0
selected_ols_av,pass,-4.1013,6.0
selected_ols_av,pass,0.8841,5.0
selected_ols_av,pass,-0.0375,0.0
selected_ols_av,pass,-1.1982,5.0
selected_ols_av,pass,-2.4734,3.0
selected_ols_av,pass,2.6286,3.0
selected_ols_av,pass,-2.0066,4.0
selected_ols_av,pass,-1.4422,4.0
selected_ols_av,pass,-2.4244,4.0
selected_ols_av,pass,-1.4906,7.0
selected_ols_av,pass,1.1687,6.0
selected_ols_av,pass,0.3721,3.0
selected_ols_av,pass,0.4784,0.0
selected_ols_av,pass,2.1171,7.0
selected_ols_av,pass,1.7035,0.0
selected_ols_av,pass,0.839,4.0
selected_ols_av,pass,2.5806,0.0
selected_ols_av,pass,-3.711,2.0
selected_ols_av,pass,-0.7244,8.0
selected_ols_av,pass,3.969,4.0
selected_ols_av,pass,0.2918,5.0
selected_ols_av,pass,5.8233,2.0
selected_ols_av,pass,0.7704,2.0
selected_ols_av,pass,1.1275,0.0
selected_ols_av,pass,-5.0949,2.0
selected_ols_av,pass,-2.9403,4.0
selected_ols_av,pass,2.6296,0.0
selected_ols_av,pass,-3.6904,4.0
selected_ols_av,pass,-2.4808,0.0
selected_ols_av,pass,-5.1435,0.0
selected_ols_av,pass,-3.2368,3.0
selected_ols_av,pass,-3.346,3.0
selected_ols_av,pass,-0.91,3.0
selected_ols_av,pass,2.4547,5.0
selected_ols_av,pass,-3.3911,0.0
selected_ols_av,pass,-1.1375,8.0
selected_ols_av,pass,-0.6181,0.0
selected_ols_av,pass,2.2274,0.0
selected_ols_av,pass,-0.1751,2.0
selected_ols_av,pass,-2.4122,5.0
selected_ols_av,pass,-0.1473,0.0
selected_ols_av,pass,-1.089,0.0
selected_ols_av,pass,-1.6004,8.0
selected_ols_av,pass,-0.9673,2.0
selected_ols_av,pass,-2.4323,2.0
selected_ols_av,pass,-1.9609,0.0
selected_ols_av,pass,-0.9712,2.0
selected_ols_av,pass,-4.7991,8.0
selected_ols_av,pass,1.2863,5.0
selected_ols_av,pass,-0.9145,0.0
selected_ols_av,pass,-3.8653,3.0
selected_ols_av,pass,-4.2224,0.0
selected_ols_av,pass,-1.9008,3.0
selected_ols_av,pass,-0.0454,9.0
selected_ols_av,pass,-3.0612,10.0
selected_ols_av,pass,4.4394,0.0
selected_ols_av,pass,-0.9792,3.0
selected_ols_av,pass,-0.7279,4.0
selected_ols_av,pass,-1.7871,7.0
selected_ols_av,pass,-0.0948,0.0
selected_ols_av,pass,4.4394,10.0
selected_ols_av,pass,-2.5832,3.0
selected_ols_av,pass,3.1371,0.0
selected_ols_av,pass,-0.8575,4.0
selected_ols_av,pass,-1.7826,2.0
selected_ols_av,pass,-2.1129,1.0
selected_ols_av,pass,-2.0712,4.0
selected_ols_av,pass,-3.5361,1.0
selected_ols_av,pass,-2.0134,0.0
selected_ols_av,pass,-2.5381,3.0
selected_ols_av,pass,0.6567,3.0
selected_ols_av,pass,-0.9145,0.0
selected_ols_av,pass,3.9005,0.0
selected_ols_av,pass,-0.3907,7.0
selected_ols_av,pass,-1.0277,3.0
selected_ols_av,pass,-6.4834,0.0
selected_ols_av,pass,1.351,8.0
selected_ols_av,pass,0.7704,0.0
selected_ols_av,pass,-0.569,8.0
selected_ols_av,pass,3.1527,0.0
selected_ols_av,pass,-1.6087,5.0
selected_ols_av,pass,-4.7344,7.0
selected_ols_av,pass,2.5726,3.0
selected_ols_av,pass,4.1429,2.0
selected_ols_av,pass,-1.8969,7.0
selected_ols_av,pass,-2.8791,0.0
selected_ols_av,pass,0.1892,0.0
selected_ols_av,pass,1.7571,0.0
selected_ols_av,pass,-5.7853,1.0
selected_ols_av,pass,-2.3711,0.0
selected_ols_av,pass,0.6606,3.0
selected_ols_av,pass,0.8761,6.0
selected_ols_av,pass,0.9408,0.0
selected_ols_av,pass,-2.3558,3.0
selected_ols_av,pass,-2.1927,5.0
selected_ols_av,pass,-0.91,0.0
selected_ols_av,pass,-2.3146,7.0
selected_ols_av,pass,-0.33,7.0
selected_ols_av,pass,1.1235,0.0
selected_ols_av,pass,3.3885,0.0
selected_ols_av,pass,-2.887,0.0
selected_ols_av,pass,-2.181,0.0
selected_ols_av,pass,-2.0026,3.0
selected_ols_av,pass,-2.8266,5.0
selected_ols_av,pass,1.756,2.0
selected_ols_av,pass,-2.5992,3.0
selected_ols_av,pass,2.1588,0.0
selected_ols_av,pass,2.0491,0.0
selected_ols_av,pass,-2.3711,3.0
selected_ols_av,pass,0.7057,9.0
selected_ols_av,pass,-3.4033,0.0
selected_ols_av,pass,2.5194,2.0
selected_ols_av,pass,-1.9575,4.0
selected_ols_av,pass,-1.4867,8.0
selected_ols_av,pass,-1.0884,0.0
selected_ols_av,pass,-0.8575,2.0
selected_ols_av,pass,-2.9403,5.0
selected_ols_av,pass,-0.8088,6.0
selected_ols_av,pass,-0.3294,0.0
selected_ols_av,pass,-2.8339,2.0
selected_ols_av,pass,0.835,3.0
selected_ols_av,pass,-0.2085,0.0
selected_ols_av,pass,-4.6207,4.0
selected_ols_av,pass,-2.8339,4.0
selected_ols_av,pass,-2.3104,5.0
selected_ols_av,pass,-0.5044,6.0
selected_ols_av,pass,1.2863,3.0
selected_ols_av,pass,-0.2576,3.0
selected_ols_av,pass,-0.2968,5.0
selected_ols_av,pass,-1.4906,3.0
selected_ols_av,pass,1.8057,1.0
selected_ols_av,pass,0.4172,1.0
selected_ols_av,pass,-1.718,7.0
selected_ols_av,pass,-0.4358,6.0
selected_ols_av,pass,-1.8928,0.0
selected_ols_av,pass,0.7287,0.0
selected_ols_av,pass,4.7005,0.0
selected_ols_av,pass,-2.0221,0.0
selected_ols_av,pass,2.2726,9.0
selected_ols_av,pass,2.2274,3.0
selected_ols_av,pass,-5.0337,6.0
selected_ols_av,pass,0.3721,4.0
selected_ols_av,pass,-2.7727,0.0
selected_ols_av,pass,0.0683,0.0
selected_ols_av,pass,-3.0618,3.0
selected_ols_av,pass,-1.494,3.0
selected_ols_av,pass,-0.1101,2.0
selected_ols_av,pass,-3.001,3.0
selected_ols_av,pass,0.888,2.0
selected_ols_av,pass,1.18,0.0
selected_ols_av,pass,-2.1921,6.0
selected_ols_av,pass,0.4784,5.0
selected_ols_av,pass,0.2504,5.0
selected_ols_av,pass,-2.9398,0.0
selected_ols_av,pass,3.9078,0.0
selected_ols_av,pass,-6.2973,2.0
selected_ols_av,pass,-0.5005,0.0
selected_ols_av,pass,3.4903,0.0
selected_ols_av,pass,1.8172,2.0
selected_ols_av,pass,0.3676,7.0
selected_ols_av,pass,-1.8963,9.0
selected_ols_av,pass,1.6395,6.0
selected_ols_av,pass,-3.3499,5.0
selected_ols_av,pass,0.694,1.0
selected_ols_av,pass,0.0762,7.0
selected_ols_av,pass,-2.5832,0.0
selected_ols_av,pass,-2.0638,3.0
selected_ols_av,pass,1.6503,3.0
selected_ols_av,pass,-1.426,3.0
selected_ols_av,pass,-4.4386,3.0
selected_ols_av,pass,-2.5381,3.0
selected_ols_av,pass,1.351,0.0
selected_ols_av,pass,-0.0336,4.0
selected_ols_av,pass,-1.4906,4.0
selected_ols_av,pass,0.7743,3.0
selected_ols_av,pass,-3.4072,2.0
selected_ols_av,pass,1.351,0.0
selected_ols_av,pass,1.1834,3.0
selected_ols_av,pass,-0.1546,4.0
selected_ols_av,pass,3.092,0.0
selected_ols_av,pass,3.2063,3.0
selected_ols_av,pass,2.1784,0.0
selected_ols_av,pass,0.2584,4.0
selected_ols_av,pass,-2.8717,7.0
selected_ols_av,pass,-0.6181,1.0
selected_ols_av,pass,-0.4672,0.0
selected_ols_av,pass,-0.6181,4.0
selected_ols_av,pass,-2.5342,3.0
selected_ols_av,pass,-2.1927,4.0
selected_ols_av,pass,1.7493,2.0
selected_ols_av,pass,-0.0826,0.0
selected_ols_av,pass,-2.4244,7.0
selected_ols_av,pass,1.3436,8.0
selected_ols_av,pass,-0.9786,7.0
selected_ols_av,pass,-2.8791,2.0
selected_ols_av,pass,2.4056,3.0
selected_ols_av,pass,-2.9477,0.0
selected_ols_av,pass,0.2354,0.0
selected_ols_av,pass,3.2063,6.0
selected_ols_av,pass,-1.3803,6.0
selected_ols_av,pass,-0.2576,0.0
selected_ols_av,pass,-2.5381,5.0
selected_ols_av,pass,-0.4553,5.0
selected_ols_av,pass,0.5503,2.0
selected_ols_av,pass,1.5978,4.0
selected_ols_av,pass,0.251,0.0
selected_ols_av,pass,1.9388,0.0
selected_ols_av,pass,-0.4477,9.0
selected_ols_av,pass,-1.3803,6.0
selected_ols_av,pass,-2.4695,9.0
selected_ols_av,pass,0.0116,5.0
selected_ols_av,pass,4.0062,5.0
selected_ols_av,pass,0.7704,2.0
selected_ols_av,pass,-0.789,1.0
selected_ols_av,pass,-1.7107,6.0
selected_ols_av,pass,-0.6215,0.0
selected_ols_av,pass,-4.5143,0.0
selected_ols_av,pass,0.3647,1.0
selected_ols_av,pass,1.059,8.0
selected_ols_av,pass,-2.4049,7.0
selected_ols_av,pass,-4.0363,0.0
selected_ols_av,pass,-1.3849,0.0
selected_ols_av,pass,0.7704,0.0
selected_ols_av,pass,-0.6215,5.0
selected_ols_av,pass,-1.0884,10.0
selected_ols_av,pass,-0.0375,3.0
selected_ols_av,pass,-1.3128,2.0
selected_ols_av,pass,-4.442,6.0
selected_ols_av,pass,0.3641,8.0
selected_ols_av,pass,-4.6893,4.0
selected_ols_av,pass,-2.5415,8.0
selected_ols_av,pass,0.0036,5.0
selected_ols_av,pass,-1.422,0.0
selected_ols_av,pass,-3.8089,0.0
selected_ols_av,pass,3.4977,2.0
selected_ols_av,pass,-2.8374,5.0
selected_ols_av,pass,-1.7865,0.0
selected_ols_av,pass,-1.6495,3.0
selected_ols_av,pass,1.351,5.0
selected_ols_av,pass,0.1898,5.0
selected_ols_av,pass,-5.7853,5.0
selected_ols_av,pass,2.4022,0.0
selected_ols_av,pass,0.4172,2.0
selected_ols_av,pass,-2.4695,1.0
selected_ols_av,pass,3.8588,0.0
selected_ols_av,pass,-3.7516,2.0
selected_ols_av,pass,5.4747,4.0
selected_ols_av,pass,-0.9826,0.0
selected_ols_av,pass,-1.426,9.0
selected_ols_av,pass,2.7885,5.0
selected_ols_av,pass,1.7532,0.0
selected_ols_av,pass,0.7097,0.0
selected_ols_av,pass,-0.1473,4.0
selected_ols_av,pass,1.7532,0.0
selected_ols_av,pass,-1.9575,6.0
selected_ols_av,pass,-3.4557,4.0
selected_ols_av,pass,-0.5084,0.0
selected_ols_av,pass,-0.398,2.0
selected_ols_av,pass,-0.3913,2.0
selected_ols_av,pass,1.3093,4.0
selected_ols_av,pass,2.6748,0.0
selected_ols_av,pass,1.1201,2.0
selected_ols_av,pass,-5.2538,4.0
selected_ols_av,pass,-1.4946,2.0
selected_ols_av,pass,-1.3769,3.0
selected_ols_av,pass,-5.8305,5.0
selected_ols_av,pass,1.3504,0.0
selected_ols_av,pass,1.415,4.0
selected_ols_av,pass,-4.3248,5.0
selected_ols_av,pass,-2.0746,7.0
selected_ols_av,pass,3.5056,3.0
selected_ols_av,pass,-2.8266,5.0
selected_ols_av,pass,-3.0692,1.0
selected_ols_av,pass,0.3647,6.0
selected_ols_av,pass,-1.3769,3.0
selected_ols_av,pass,-0.1145,0.0
selected_ols_av,pass,-1.6616,6.0
selected_ols_av,pass,-0.6187,10.0
selected_ols_av,pass,-2.4244,6.0
selected_ols_av,pass,-3.35,0.0
selected_ols_av,pass,-2.2946,1.0
selected_ols_av,pass,-2.8797,8.0
selected_ols_av,pass,2.1058,0.0
selected_ols_av,pass,1.2401,7.0
selected_ols_av,pass,1.1275,3.0
selected_ols_av,pass,1.7035,4.0
selected_ols_av,pass,3.2018,0.0
selected_ols_av,pass,-3.7596,0.0
selected_ols_av,pass,1.415,8.0
selected_ols_av,pass,-1.4455,2.0
selected_ols_av,pass,0.8761,6.0
selected_ols_av,pass,-1.7753,0.0
selected_ols_av,pass,-2.4695,4.0
selected_ols_av,pass,-4.2797,4.0
selected_ols_av,pass,-1.2556,7.0
selected_ols_av,pass,0.9527,0.0
selected_ols_av,pass,-0.0454,6.0
selected_ols_av,pass,-0.7925,0.0
selected_ols_av,pass,-1.6655,5.0
selected_ols_av,pass,-5.6069,4.0
selected_ols_av,pass,0.4058,6.0
selected_ols_av,pass,-2.5415,3.0
selected_ols_av,pass,-0.91,0.0
selected_ols_av,pass,-0.4438,5.0
selected_ols_av,pass,0.1746,0.0
selected_ols_av,pass,-2.4317,3.0
selected_ols_av,pass,-1.5323,6.0
selected_ols_av,pass,-1.3849,0.0
selected_ols_av,pass,-2.1848,2.0
selected_ols_av,pass,-1.0884,7.0
selected_ols_av,pass,-3.858,4.0
selected_ols_av,pass,0.3001,0.0
selected_ols_av,pass,-1.373,3.0
selected_ols_av,pass,-0.1473,3.0
selected_ols_av,pass,-1.7791,1.0
selected_ols_av,pass,0.2584,2.0
selected_ols_av,pass,0.0683,0.0
selected_ols_av,pass,-1.8243,9.0
selected_ols_av,pass,-2.9364,7.0
selected_ols_av,pass,-2.5415,8.0
selected_ols_av,pass,-1.7179,8.0
selected_ols_av,pass,-2.6641,7.0
selected_ols_av,pass,-1.4906,0.0
selected_ols_av,pass,-3.8653,5.0
selected_ols_av,pass,-3.3533,5.0
selected_ols_av,pass,0.8767,5.0
selected_ols_av,pass,-1.081,4.0
selected_ols_av,pass,-1.134,5.0
selected_ols_av,pass,2.6296,7.0
selected_ols_av,pass,-2.3671,8.0
selected_ols_av,pass,1.6468,9.0
selected_ols_av,pass,-4.6241,3.0
selected_ols_av,pass,0.3608,2.0
selected_ols_av,pass,-2.8261,5.0
selected_ols_av,pass,-2.9437,2.0
selected_ols_av,pass,-2.4695,5.0
selected_ols_av,pass,0.547,5.0
selected_ols_av,pass,-1.9609,0.0
selected_ols_av,pass,0.8355,2.0
selected_ols_av,pass,-1.2638,5.0
selected_ols_av,pass,-0.2159,0.0
selected_ols_av,pass,-2.5415,8.0
selected_ols_av,pass,-3.2402,4.0
selected_ols_av,pass,1.4647,7.0
selected_ols_av,pass,3.3121,0.0
selected_ols_av,pass,-4.2675,9.0
selected_ols_av,pass,0.839,0.0
selected_ols_av,pass,-2.9437,1.0
selected_ols_av,pass,-2.8105,7.0
selected_ols_av,pass,-2.5415,0.0
selected_ols_av,pass,3.1524,2.0
selected_ols_av,pass,-1.2633,10.0
selected_ols_av,pass,-2.0638,3.0
selected_ols_av,pass,-2.9364,3.0
selected_ols_av,pass,-3.8202,0.0
selected_ols_av,pass,3.7897,4.0
selected_ols_av,pass,1.9353,0.0
selected_ols_av,pass,-1.2558,3.0
selected_ols_av,pass,-7.0076,3.0
selected_ols_av,pass,-2.1848,8.0
selected_ols_av,pass,-1.0164,0.0
selected_ols_av,pass,-0.5495,2.0
selected_ols_av,pass,3.2658,7.0
selected_ols_av,pass,-4.2871,4.0
selected_ols_av,pass,1.18,0.0
selected_ols_av,pass,-0.6788,6.0
selected_ols_av,pass,-1.4867,5.0
selected_ols_av,pass,-1.0237,0.0
selected_ols_av,pass,-6.7753,2.0
selected_ols_av,pass,-2.3705,2.0
selected_ols_av,pass,-2.758,5.0
selected_ols_av,pass,-0.8037,5.0
selected_ols_av,pass,-4.7344,4.0
selected_ols_av,pass,1.351,2.0
selected_ols_av,pass,-4.7344,8.0
selected_ols_av,pass,-3.346,5.0
selected_ols_av,pass,1.6395,6.0
selected_ols_av,pass,-2.8864,4.0
selected_ols_av,pass,-4.7991,3.0
selected_ols_av,pass,0.4778,4.0
selected_ols_av,pass,-2.1163,0.0
selected_ols_av,pass,-4.2185,3.0
selected_ols_av,pass,-2.2985,7.0
selected_ols_av,pass,-2.3064,7.0
selected_ols_av,pass,1.1309,0.0
selected_ols_av,pass,-4.223,3.0
selected_ols_av,pass,-3.5287,0.0
selected_ols_av,pass,-3.2774,6.0
selected_ols_av,pass,-2.6556,2.0
selected_ols_av,pass,0.3721,3.0
selected_ols_av,pass,-3.1755,5.0
selected_ols_av,pass,-0.5084,1.0
selected_ols_av,pass,2.6223,3.0
selected_ols_av,pass,-2.3597,4.0
selected_ols_av,pass,2.584,7.0
selected_ols_av,pass,-2.8791,7.0
selected_ols_av,pass,2.0491,2.0
selected_ols_av,pass,-1.4906,2.0
selected_ols_av,pass,2.9669,0.0
selected_ols_av,pass,-0.3413,5.0
selected_ols_av,pass,-3.2322,0.0
selected_ols_av,pass,-0.9061,7.0
selected_ols_av,pass,1.2373,3.0
selected_ols_av,pass,0.3721,3.0
selected_ols_av,pass,-3.5287,3.0
selected_ols_av,pass,-0.5044,1.0
selected_ols_av,pass,-1.8438,9.0
selected_ols_av,pass,-1.4266,4.0
selected_ols_av,pass,-2.9364,0.0
selected_ols_av,pass,0.4824,4.0
selected_ols_av,pass,1.6468,0.0
selected_ols_av,pass,-1.669,0.0
selected_ols_av,pass,2.8407,0.0
selected_ols_av,pass,-2.1285,2.0
selected_ols_av,pass,-2.4808,3.0
selected_ols_av,pass,4.5948,0.0
selected_ols_av,pass,0.8424,6.0
selected_ols_av,pass,-0.3334,4.0
selected_ols_av,pass,-3.8128,0.0
selected_ols_av,pass,-0.0375,4.0
selected_ols_av,pass,2.2274,6.0
selected_ols_av,pass,-3.8128,2.0
selected_ols_av,pass,-2.3631,8.0
selected_ols_av,pass,-1.5479,6.0
selected_ols_av,pass,-0.1546,0.0
selected_ols_av,pass,-3.4523,0.0
selected_ols_av,pass,-1.9575,2.0
selected_ols_av,pass,-2.8825,1.0
selected_ols_av,pass,0.475,4.0
selected_ols_av,pass,-5.8305,2.0
selected_ols_av,pass,-2.0829,8.0
selected_ols_av,pass,-0.7279,5.0
selected_ols_av,pass,-2.5415,3.0
selected_ols_av,pass,-1.5592,5.0
selected_ols_av,pass,-0.4358,2.0
selected_ols_av,pass,2.3299,3.0
selected_ols_av,pass,0.6115,7.0
selected_ols_av,pass,-1.081,8.0
selected_ols_av,pass,-3.2396,7.0
selected_ols_av,pass,5.4667,7.0
selected_ols_av,pass,1.18,0.0
selected_ols_av,pass,-1.3849,4.0
selected_ols_av,pass,-3.1026,0.0
selected_ols_av,pass,0.3035,5.0
selected_ols_av,pass,-2.8752,6.0
selected_ols_av,pass,2.6292,4.0
selected_ols_av,pass,2.6257,0.0
selected_ols_av,pass,-2.4317,6.0
selected_ols_av,pass,0.2387,0.0
selected_ols_av,pass,-4.1573,8.0
selected_ols_av,pass,-3.1224,3.0
selected_ols_av,pass,-4.2151,4.0
selected_ols_av,pass,-0.0948,2.0
selected_ols_av,pass,-1.0884,3.0
selected_ols_av,pass,0.6601,7.0
selected_ols_av,pass,0.0036,0.0
selected_ols_av,pass,-2.0712,2.0
selected_ols_av,pass,-4.6241,0.0
selected_ols_av,pass,-3.8163,7.0
selected_ols_av,pass,-2.1163,0.0
selected_ols_av,pass,-4.7991,1.0
selected_ols_av,pass,-1.9575,0.0
selected_ols_av,pass,-0.1512,2.0
selected_ols_av,pass,-0.8008,5.0
selected_ols_av,pass,-2.4734,0.0
selected_ols_av,pass,-4.4386,4.0
selected_ols_av,pass,2.9862,3.0
selected_ols_av,pass,-3.1749,6.0
selected_ols_av,pass,-3.346,3.0
selected_ols_av,pass,0.4784,6.0
selected_ols_av,pass,1.7115,1.0
selected_ols_av,pass,-1.7871,3.0
selected_ols_av,pass,-1.1987,3.0
selected_ols_av,pass,-2.883,5.0
selected_ols_av,pass,-0.213,6.0
selected_ols_av,pass,-0.5569,6.0
selected_ols_av,pass,-3.2847,6.0
selected_ols_av,pass,-3.5242,1.0
selected_ols_av,pass,-1.2065,0.0
selected_ols_av,pass,-3.7482,4.0
selected_ols_av,pass,3.0387,8.0
selected_ols_av,pass,-1.8928,3.0
selected_ols_av,pass,-2.3631,6.0
selected_ols_av,pass,-2.9889,2.0
selected_ols_av,pass,0.3647,0.0
selected_ols_av,pass,2.7388,0.0
selected_ols_av,pass,-0.6142,0.0
selected_ols_av,pass,-3.3494,0.0
selected_ols_av,pass,-6.1298,0.0
selected_ols_av,pass,-2.5832,7.0
selected_ols_av,pass,-0.1473,4.0
selected_ols_av,pass,-3.0657,3.0
selected_ols_av,pass,-0.569,0.0
selected_ols_av,pass,-0.569,7.0
selected_ols_av,pass,-5.4972,0.0
selected_ols_av,pass,-1.4381,1.0
selected_ols_av,pass,-0.2159,7.0
selected_ols_av,pass,1.8743,2.0
selected_ols_av,pass,-3.2322,7.0
selected_ols_av,pass,-0.4025,0.0
selected_ols_av,pass,-0.6181,0.0
selected_ols_av,pass,-0.5005,7.0
selected_ols_av,pass,1.351,0.0
selected_ols_av,pass,-1.4945,7.0
selected_ols_av,pass,1.4077,4.0
selected_ols_av,pass,3.5623,5.0
selected_ols_av,pass,1.5214,2.0
selected_ols_av,pass,2.6253,7.0
selected_ols_av,pass,-5.0949,5.0
selected_ols_av,pass,-1.0884,2.0
selected_ols_av,pass,-2.246,1.0
selected_ols_av,pass,0.9408,5.0
selected_ols_av,pass,-3.7443,5.0
selected_ols_av,pass,-3.0467,4.0
selected_ols_av,pass,-2.1163,0.0
selected_ols_av,pass,-0.9145,7.0
selected_ols_av,pass,0.323,2.0
selected_ols_av,pass,-1.9581,0.0
selected_ols_av,pass,2.5684,6.0
selected_ols_av,pass,2.2309,4.0
selected_ols_av,pass,0.8316,3.0
selected_ols_av,pass,-3.0535,7.0
selected_ols_av,pass,1.1275,0.0
selected_ols_av,pass,-2.8385,4.0
selected_ols_av,pass,1.2373,3.0
selected_ols_av,pass,0.08,0.0
selected_ols_av,pass,0.007,7.0
selected_ols_av,pass,-0.2276,3.0
selected_ols_av,pass,-2.5984,6.0
selected_ols_av,pass,0.8841,3.0
selected_ols_av,pass,-0.8008,0.0
selected_ols_av,pass,-0.33,1.0
selected_ols_av,pass,-1.674,0.0
selected_ols_av,pass,0.0722,0.0
selected_ols_av,pass,-0.7244,1.0
selected_ols_av,pass,-3.171,4.0
selected_ols_av,pass,-1.7179,7.0
selected_ols_av,pass,-1.6495,0.0
selected_ols_av,pass,-2.3631,7.0
selected_ols_av,pass,-1.5437,7.0
selected_ols_av,pass,-2.4244,0.0
selected_ols_av,pass,2.1053,4.0
selected_ols_av,pass,-1.9614,4.0
selected_ols_av,pass,1.5625,0.0
selected_ols_av,pass,-2.9472,0.0
selected_ols_av,pass,-4.3288,7.0
selected_ols_av,pass,-1.8928,0.0
selected_ols_av,pass,-2.4734,0.0
selected_ols_av,pass,2.7961,2.0
selected_ols_av,pass,-1.4833,1.0
selected_ols_av,pass,-3.7555,0.0
selected_ols_av,pass,0.1134,9.0
selected_ols_av,pass,-4.1573,0.0
selected_ols_av,pass,0.2584,0.0
selected_ols_av,pass,-0.6181,4.0
selected_ols_av,pass,-0.7352,0.0
selected_ols_av,pass,1.4522,0.0
selected_ols_av,pass,-0.0409,3.0
selected_ols_av,pass,-0.1831,5.0
selected_ols_av,pass,-1.8963,4.0
selected_ols_av,pass,-2.9854,1.0
selected_ols_av,pass,0.5469,8.0
selected_ols_av,pass,-1.7107,6.0
selected_ols_av,pass,2.1171,3.0
selected_ols_av,pass,-3.1676,7.0
selected_ols_av,pass,-0.6754,0.0
selected_ols_av,pass,1.6846,0.0
selected_ols_av,pass,-2.2421,4.0
selected_ols_av,pass,3.0353,3.0
selected_ols_av,pass,-2.4317,3.0
selected_ols_av,pass,-2.2911,7.0
selected_ols_av,pass,-2.246,2.0
selected_ols_av,pass,0.1447,2.0
selected_ols_av,pass,0.6606,0.0
selected_ols_av,pass,2.5154,0.0
selected_ols_av,pass,0.7669,6.0
selected_ols_av,pass,0.0272,4.0
selected_ols_av,pass,-2.1776,0.0
selected_ols_av,pass,-3.6498,2.0
selected_ols_av,pass,0.5503,9.0
selected_ols_av,pass,-2.1774,1.0
selected_ols_av,pass,-1.1985,7.0
selected_ols_av,pass,-3.2362,0.0
selected_ols_av,pass,-1.3085,5.0
selected_ols_av,pass,-3.1829,5.0
selected_ols_av,pass,-3.8163,4.0
selected_ols_av,pass,-1.5358,4.0
selected_ols_av,pass,-0.5729,0.0
selected_ols_av,pass,-1.6043,0.0
selected_ols_av,pass,0.0801,6.0
selected_ols_av,pass,2.5567,7.0
selected_ols_av,pass,-2.8791,1.0
selected_ols_av,pass,-1.2104,0.0
selected_ols_av,pass,0.9408,8.0
selected_ols_av,pass,-0.6667,0.0
selected_ols_av,pass,-4.3283,8.0
selected_ols_av,pass,-0.91,0.0
selected_ols_av,pass,-3.0379,4.0
selected_ols_av,pass,1.7532,6.0
selected_ols_av,pass,-3.4033,5.0
selected_ols_av,pass,-1.6616,4.0
selected_ols_av,pass,-2.4769,1.0
selected_ols_av,pass,-1.7791,4.0
selected_ols_av,pass,2.1171,7.0
selected_ols_av,pass,-1.3157,4.0
selected_ols_av,pass,1.2863,0.0
selected_ols_av,pass,-2.0517,5.0
selected_ols_av,pass,-4.8025,6.0
selected_ols_av,pass,0.7704,0.0
selected_ols_av,pass,0.3602,0.0
selected_ols_av,pass,-1.081,5.0
selected_ols_av,pass,-1.0164,3.0
selected_ols_av,pass,-2.4769,6.0
selected_ols_av,pass,-1.6043,4.0
selected_ols_av,pass,0.2584,6.0
selected_ols_av,pass,-0.9786,5.0
selected_ols_av,pass,-3.4597,4.0
selected_ols_av,pass,0.9527,3.0
selected_ols_av,pass,-0.8008,5.0
selected_ols_av,pass,0.2549,4.0
selected_ols_av,pass,0.7704,5.0
selected_ols_av,pass,-1.0884,0.0
selected_ols_av,pass,-2.8791,8.0
selected_ols_av,pass,0.3647,2.0
selected_ols_av,pass,-3.8089,4.0
selected_ols_av,pass,-1.7107,5.0
selected_ols_av,pass,-6.2522,6.0
selected_ols_av,pass,-5.6682,7.0
selected_ols_av,pass,-0.569,5.0
selected_ols_av,pass,-0.0948,5.0
selected_ols_av,pass,-1.3202,4.0
selected_ols_av,pass,-3.4597,7.0
selected_ols_av,pass,1.4111,5.0
selected_ols_av,pass,-0.7352,4.0
selected_ols_av,pass,1.5331,9.0
selected_ols_av,pass,0.0116,3.0
selected_ols_av,pass,-1.5592,3.0
selected_ols_av,pass,2.2274,5.0
selected_ols_av,pass,-1.5397,2.0
selected_ols_av,pass,-3.0653,4.0
selected_ols_av,pass,-1.5553,5.0
selected_ols_av,pass,-0.6298,0.0
selected_ols_av,pass,-0.3222,2.0
selected_ols_av,pass,3.2063,0.0
selected_ols_av,pass,-0.1473,4.0
selected_ols_av,pass,-5.0949,0.0
selected_ols_av,pass,-3.4631,0.0
selected_ols_av,pass,-0.6215,4.0
selected_ols_av,pass,-4.6207,1.0
selected_ols_av,pass,1.1309,0.0
selected_ols_av,pass,1.5778,3.0
selected_ols_av,pass,1.708,10.0
selected_ols_av,pass,-0.334,4.0
selected_ols_av,pass,-1.9575,0.0
selected_ols_av,pass,-1.2021,9.0
selected_ols_av,pass,-1.134,5.0
selected_ols_av,pass,-0.3986,2.0
selected_ols_av,pass,-1.1948,4.0
selected_ols_av,pass,3.5668,6.0
selected_ols_av,pass,3.2057,2.0
selected_ols_av,pass,-2.1776,5.0
selected_ols_av,pass,-3.6498,2.0
selected_ols_av,pass,-4.9812,7.0
selected_ols_av,pass,-1.2065,0.0
selected_ols_av,pass,1.707,0.0
selected_ols_av,pass,-0.1473,0.0
selected_ols_av,pass,-0.5495,3.0
selected_ols_av,pass,-3.342,0.0
selected_ols_av,pass,-0.1021,1.0
selected_ols_av,pass,-0.3222,8.0
selected_ols_av,pass,-0.0415,0.0
selected_ols_av,pass,-4.9166,4.0
selected_ols_av,pass,1.0172,0.0
selected_ols_av,pass,-4.3283,1.0
selected_ols_av,pass,-3.2847,0.0
selected_ols_av,pass,-2.2985,4.0
selected_ols_av,pass,-0.9747,7.0
selected_ols_av,pass,-0.91,4.0
selected_ols_av,pass,1.7487,4.0
selected_ols_av,pass,-1.3695,3.0
selected_ols_av,pass,-0.3257,0.0
selected_ols_av,pass,0.0683,4.0
selected_ols_av,pass,-1.2671,3.0
selected_ols_av,pass,0.6606,5.0
selected_ols_av,pass,-1.0237,0.0
selected_ols_av,pass,1.9388,0.0
selected_ols_av,pass,-1.8969,3.0
selected_ols_av,pass,1.5978,3.0
selected_ols_av,pass,-0.2159,6.0
selected_ols_av,pass,-4.8442,4.0
selected_ols_av,pass,-0.9747,2.0
selected_ols_av,pass,-1.2677,4.0
selected_ols_av,pass,0.1937,7.0
selected_ols_av,pass,1.1275,3.0
selected_ols_av,pass,-1.6807,0.0
selected_ols_av,pass,-4.5634,4.0
selected_ols_av,pass,3.1417,0.0
selected_ols_av,pass,-2.0829,0.0
selected_ols_av,pass,-0.6632,4.0
selected_ols_av,pass,0.664,2.0
selected_ols_av,pass,0.3641,0.0
selected_ols_av,pass,0.8194,0.0
selected_ols_av,pass,3.0308,3.0
selected_ols_av,pass,0.1864,4.0
selected_ols_av,pass,-5.9601,2.0
selected_ols_av,pass,-3.7516,0.0
selected_ols_av,pass,-0.6142,2.0
selected_ols_av,pass,1.0545,0.0
selected_ols_av,pass,-0.5461,5.0
selected_ols_av,pass,0.3721,3.0
selected_ols_av,pass,1.2373,5.0
selected_ols_av,pass,1.63,0.0
selected_ols_av,pass,1.8218,0.0
selected_ols_av,pass,-0.7518,4.0
selected_ols_av,pass,1.1609,7.0
selected_ols_av,pass,-0.5044,2.0
selected_ols_av,pass,-2.5342,0.0
selected_ols_av,pass,1.0172,0.0
selected_ols_av,pass,-2.1476,5.0
selected_ols_av,pass,-3.8653,7.0
selected_ols_av,pass,-1.3809,0.0
selected_ols_av,pass,-1.0164,8.0
selected_ols_av,pass,-1.6616,4.0
selected_ols_av,pass,2.2309,3.0
selected_ols_av,pass,0.3074,0.0
selected_ols_av,pass,2.6296,4.0
selected_ols_av,pass,-1.1267,3.0
selected_ols_av,pass,1.7115,0.0
selected_ols_av,pass,-0.5005,8.0
selected_ols_av,pass,-2.2574,4.0
selected_ols_av,pass,1.708,6.0
selected_ols_av,pass,-0.9826,4.0
selected_ols_av,pass,-0.7244,5.0
selected_ols_av,pass,1.2412,4.0
selected_ols_av,pass,-1.6728,5.0
selected_ols_av,pass,-6.6544,3.0
selected_ols_av,pass,-0.6632,0.0
selected_ols_av,pass,3.8354,0.0
selected_ols_av,pass,2.2274,0.0
selected_ols_av,pass,-4.3322,5.0
selected_ols_av,pass,0.7743,6.0
selected_ols_av,pass,-5.2499,0.0
selected_ols_av,pass,0.4784,3.0
selected_ols_av,pass,-0.8416,3.0
selected_ols_av,pass,0.0683,4.0
selected_ols_av,pass,1.9878,0.0
selected_ols_av,pass,-3.2808,0.0
selected_ols_av,pass,-0.0449,0.0
selected_ols_av,pass,1.3013,0.0
selected_ols_av,pass,-4.6927,7.0
selected_ols_av,pass,-2.2985,5.0
selected_ols_av,pass,4.261,0.0
selected_ols_av,pass,-3.7036,4.0
selected_ols_av,pass,-0.1473,2.0
selected_ols_av,pass,-3.755,5.0
selected_ols_av,pass,0.7743,3.0
selected_ols_av,pass,-1.2711,5.0
selected_ols_av,pass,-1.1987,7.0
selected_ols_av,pass,0.6567,6.0
selected_ols_av,pass,1.351,6.0
selected_ols_av,pass,2.6331,0.0
selected_ols_av,pass,0.3035,0.0
selected_ols_av,pass,-4.1127,4.0
selected_ols_av,pass,-2.2494,4.0
selected_ols_av,pass,-1.3168,4.0
selected_ols_av,pass,0.0116,8.0
selected_ols_av,pass,-0.5044,8.0
selected_ols_av,pass,-2.4734,0.0
selected_ols_av,pass,2.2195,0.0
selected_ols_av,pass,0.0728,1.0
selected_ols_av,pass,1.4647,4.0
selected_ols_av,pass,-1.4455,2.0
selected_ols_av,pass,-1.9536,0.0
selected_ols_av,pass,-3.4072,5.0
selected_ols_av,pass,0.1781,0.0
selected_ols_av,pass,-1.4833,5.0
selected_ols_av,pass,-4.8516,3.0
selected_ols_av,pass,1.1726,0.0
selected_ols_av,pass,-4.3288,0.0
selected_ols_av,pass,-1.9008,5.0
selected_ols_av,pass,0.3035,0.0
selected_ols_av,pass,-0.4438,0.0
selected_ols_av,pass,-2.7727,2.0
selected_ols_av,pass,-3.346,10.0
selected_ols_av,pass,-2.83,7.0
selected_ols_av,pass,-0.6221,0.0
selected_ols_av,pass,0.2059,3.0
selected_ols_av,pass,1.3549,3.0
selected_ols_av,pass,1.0628,2.0
selected_ols_av,pass,1.931,4.0
selected_ols_av,pass,-2.83,5.0
selected_ols_av,pass,0.3035,0.0
selected_ols_av,pass,2.3411,0.0
selected_ols_av,pass,1.3583,3.0
selected_ols_av,pass,-2.6027,0.0
selected_ols_av,pass,2.5125,4.0
selected_ols_av,pass,1.1603,0.0
selected_ols_av,pass,0.664,0.0
selected_ols_av,pass,2.6977,4.0
selected_ols_av,pass,-1.081,4.0
selected_ols_av,pass,-2.4244,5.0
selected_ols_av,pass,-0.3221,5.0
selected_ols_av,pass,-3.2322,3.0
selected_ols_av,pass,-1.8889,6.0
selected_ols_av,pass,-0.1473,3.0
selected_ols_av,pass,-4.7344,7.0
selected_ols_av,pass,-0.3294,2.0
selected_ols_av,pass,-2.7694,8.0
selected_ols_av,pass,-1.8438,2.0
selected_ols_av,pass,1.2367,0.0
selected_ols_av,pass,2.0486,0.0
selected_ols_av,pass,1.6468,7.0
selected_ols_av,pass,1.1726,4.0
selected_ols_av,pass,-0.6215,4.0
selected_ols_av,pass,-2.3631,4.0
selected_ols_av,pass,0.4858,3.0
selected_ols_av,pass,-3.5695,2.0
selected_ols_av,pass,-3.4597,0.0
selected_ols_av,pass,-1.3769,4.0
selected_ols_av,pass,3.8588,6.0
selected_ols_av,pass,-1.8963,0.0
selected_ols_av,pass,-3.7482,0.0
selected_ols_av,pass,1.351,5.0
selected_ols_av,pass,-1.1948,0.0
selected_ols_av,pass,-1.2677,6.0
selected_ols_av,pass,2.8001,5.0
selected_ols_av,pass,-2.075,4.0
selected_ols_av,pass,-0.4477,7.0
selected_ols_av,pass,-0.6215,0.0
selected_ols_av,pass,-1.1991,2.0
selected_ols_av,pass,-0.3222,3.0
selected_ols_av,pass,-2.3558,2.0
selected_ols_av,pass,0.7743,0.0
selected_ols_av,pass,-1.7826,3.0
selected_ols_av,pass,0.9527,2.0
selected_ols_av,pass,-2.3597,1.0
selected_ols_av,pass,-3.0612,2.0
selected_ols_av,pass,0.9374,0.0
selected_ols_av,pass,-2.2985,8.0
selected_ols_av,pass,3.5022,4.0
selected_ols_av,pass,-4.2185,5.0
selected_ols_av,pass,3.3919,9.0
selected_ols_av,pass,0.7743,2.0
selected_ols_av,pass,-2.1201,5.0
selected_ols_av,pass,-1.085,3.0
selected_ols_av,pass,-0.1021,2.0
selected_ols_av,pass,-3.0692,0.0
selected_ols_av,pass,-2.3186,3.0
selected_ols_av,pass,-2.181,3.0
selected_ols_av,pass,-0.1021,8.0
selected_ols_av,pass,-0.334,4.0
selected_ols_av,pass,0.6606,9.0
selected_ols_av,pass,-2.3603,6.0
selected_ols_av,pass,-2.3597,0.0
selected_ols_av,pass,2.4548,0.0
selected_ols_av,pass,0.9447,0.0
selected_ols_av,pass,0.9402,4.0
selected_ols_av,pass,-1.0198,2.0
selected_ols_av,pass,-4.7379,2.0
selected_ols_av,pass,-1.5592,6.0
selected_ols_av,pass,-1.495,7.0
selected_ols_av,pass,1.351,4.0
selected_ols_av,pass,-4.2258,8.0
selected_ols_av,pass,-3.6345,3.0
selected_ols_av,pass,1.0094,0.0
selected_ols_av,pass,-2.3597,7.0
selected_ols_av,pass,-1.5553,0.0
selected_ols_av,pass,3.1411,4.0
selected_ols_av,pass,-0.1021,0.0
selected_ols_av,pass,-1.8511,6.0
selected_ols_av,pass,-0.6754,0.0
selected_ols_av,pass,1.6468,0.0
selected_ols_av,pass,-1.7791,4.0
selected_ols_av,pass,-2.9403,6.0
selected_ols_av,pass,0.4778,0.0
selected_ols_av,pass,-3.759,5.0
selected_ols_av,pass,-1.4906,4.0
selected_ols_av,pass,-0.6951,10.0
selected_ols_av,pass,1.7493,0.0
selected_ols_av,pass,1.351,3.0
selected_ols_av,pass,-4.2636,0.0
selected_ols_av,pass,0.7669,6.0
selected_ols_av,pass,-1.0243,0.0
selected_ols_av,pass,-1.9002,0.0
selected_ols_av,pass,-0.0336,3.0
selected_ols_av,pass,3.149,3.0
selected_ols_av,pass,1.4116,5.0
selected_ols_av,pass,0.3001,0.0
selected_ols_av,pass,-1.4906,3.0
selected_ols_av,pass,-6.2488,3.0
selected_ols_av,pass,-4.3322,1.0
selected_ols_av,pass,-5.6104,2.0
selected_ols_av,pass,0.615,1.0
selected_ols_av,pass,0.7743,3.0
selected_ols_av,pass,-0.7318,0.0
selected_ols_av,pass,3.7941,0.0
selected_ols_av,pass,2.9823,9.0
selected_ols_av,pass,-1.6616,3.0
selected_ols_av,pass,-0.2159,2.0
selected_ols_av,pass,1.5331,0.0
selected_ols_av,pass,2.1137,0.0
selected_ols_av,pass,-3.8128,7.0
selected_ols_av,pass,-2.0026,4.0
selected_ols_av,pass,1.7115,0.0
selected_ols_av,pass,-0.398,5.0
selected_ols_av,pass,-1.4461,8.0
selected_ols_av,pass,0.831,0.0
selected_ols_av,pass,-2.4122,4.0
selected_ols_av,pass,-1.7791,0.0
selected_ols_av,pass,0.839,7.0
selected_ols_av,pass,2.2201,2.0
selected_ols_av,pass,-4.3322,0.0
selected_ols_av,pass,-0.3222,5.0
selected_ols_av,pass,-2.4734,4.0
selected_ols_av,pass,-2.3631,8.0
selected_ols_av,pass,-0.9747,1.0
selected_ols_av,pass,3.3885,5.0
selected_ols_av,pass,-1.2677,3.0
selected_ols_av,pass,0.0683,0.0
selected_ols_av,pass,-1.1496,0.0
selected_ols_av,pass,0.0762,4.0
selected_ols_av,pass,-2.01,2.0
selected_ols_av,pass,-1.1267,4.0
selected_ols_av,pass,-0.2119,7.0
selected_ols_av,pass,1.172,0.0
selected_ols_av,pass,0.8841,6.0
selected_ols_av,pass,-4.1048,3.0
selected_ols_av,pass,-2.4695,4.0
selected_ols_av,pass,-2.8266,4.0
selected_ols_av,pass,-3.1676,3.0
selected_ols_av,pass,-3.7596,4.0
selected_ols_av,pass,1.931,4.0
selected_ols_av,pass,1.931,0.0
selected_ols_av,pass,-0.5078,5.0
selected_ols_av,pass,0.9859,3.0
selected_ols_av,pass,-2.5578,7.0
selected_ols_av,pass,3.2063,0.0
selected_ols_av,pass,1.8178,0.0
selected_ols_av,pass,-1.9501,7.0
selected_ols_av,pass,2.6331,0.0
selected_ols_av,pass,-1.1423,0.0
selected_ols_av,pass,-0.5005,7.0
selected_ols_av,pass,0.4138,5.0
selected_ols_av,pass,-5.0949,2.0
selected_ols_av,pass,-5.6069,0.0
selected_ols_av,pass,-0.4477,3.0
selected_ols_av,pass,0.664,9.0
selected_ols_av,pass,0.251,7.0
selected_ols_av,pass,-0.6142,6.0
selected_ols_av,pass,-0.5575,5.0
selected_ols_av,pass,2.3446,4.0
selected_ols_av,pass,-3.2813,1.0
selected_ols_av,pass,-1.8243,6.0
selected_ols_av,pass,0.0762,1.0
selected_ols_av,pass,-2.5832,2.0
selected_ols_av,pass,-2.6635,8.0
selected_ols_av,pass,-2.7654,6.0
selected_ols_av,pass,3.7216,5.0
selected_ols_av,pass,1.2412,0.0
selected_ols_av,pass,3.0279,7.0
selected_ols_av,pass,-3.3533,4.0
selected_ols_av,pass,-2.3558,4.0
selected_ols_av,pass,3.3885,0.0
selected_ols_av,pass,-2.8791,2.0
selected_ols_av,pass,-0.0454,0.0
selected_ols_av,pass,-0.3986,8.0
selected_ols_av,pass,-3.6458,4.0
selected_ols_av,pass,3.0954,3.0
selected_ols_av,pass,-3.0049,5.0
selected_ols_av,pass,0.3647,3.0
selected_ols_av,pass,-3.5048,7.0
selected_ols_av,pass,0.9413,0.0
selected_ols_av,pass,-1.4833,5.0
selected_ols_av,pass,5.7141,2.0
selected_ols_av,pass,1.3504,6.0
selected_ols_av,pass,-2.1893,4.0
selected_ols_av,pass,2.6859,0.0
selected_ols_av,pass,0.4858,5.0
selected_ols_av,pass,-1.422,1.0
selected_ols_av,pass,0.8801,3.0
selected_ols_av,pass,2.4056,0.0
selected_ols_av,pass,-0.5495,9.0
selected_ols_av,pass,2.6898,3.0
selected_ols_av,pass,-2.9437,0.0
selected_ols_av,pass,-0.7925,8.0
selected_ols_av,pass,1.059,3.0
selected_ols_av,pass,0.9481,0.0
selected_ols_av,pass,0.0192,1.0
selected_ols_av,pass,-0.6142,8.0
selected_ols_av,pass,2.6943,4.0
selected_ols_av,pass,1.6434,0.0
selected_ols_av,pass,-0.5078,3.0
selected_ols_av,pass,-0.3419,7.0
selected_ols_av,pass,-0.6862,3.0
selected_ols_av,pass,-0.1021,7.0
selected_ols_av,pass,-0.1027,4.0
selected_ols_av,pass,-0.577,4.0
selected_ols_av,pass,0.1373,0.0
selected_ols_av,pass,-0.569,1.0
selected_ols_av,pass,1.5978,4.0
selected_ols_av,pass,-1.3695,4.0
selected_ols_av,pass,-1.085,0.0
selected_ols_av,pass,-1.3202,4.0
selected_ols_av,pass,3.9725,4.0
selected_ols_av,pass,-2.2985,9.0
selected_ols_av,pass,1.0628,0.0
selected_ols_av,pass,-1.3123,5.0
selected_ols_av,pass,-4.8516,7.0
selected_ols_av,pass,-2.8786,7.0
selected_ols_av,pass,0.6567,0.0
selected_ols_av,pass,-3.4597,0.0
selected_ols_av,pass,-0.4358,5.0
selected_ols_av,pass,-1.4455,0.0
selected_ols_av,pass,2.1137,0.0
selected_ols_av,pass,-2.8797,4.0
selected_ols_av,pass,-1.8477,2.0
selected_ols_av,pass,1.5978,8.0
selected_ols_av,pass,0.1447,5.0
selected_ols_av,pass,-3.2322,6.0
selected_ols_av,pass,-1.8477,1.0
selected_ols_av,pass,1.0662,5.0
selected_ols_av,pass,-3.7443,8.0
selected_ols_av,pass,2.1171,5.0
selected_ols_av,pass,1.4685,5.0
selected_ols_av,pass,-2.8335,0.0
selected_ols_av,pass,0.7743,7.0
selected_ols_av,pass,-1.7871,4.0
selected_ols_av,pass,2.7394,4.0
selected_ols_av,pass,-3.5734,2.0
selected_ols_av,pass,-1.2677,5.0
selected_ols_av,pass,0.7704,2.0
selected_ols_av,pass,-1.669,0.0
selected_ols_av,pass,-5.5006,2.0
selected_ols_av,pass,0.1329,4.0
selected_ols_av,pass,0.9374,4.0
selected_ols_av,pass,-3.8055,0.0
selected_ols_av,pass,0.4778,4.0
selected_ols_av,pass,3.6159,0.0
selected_ols_av,pass,1.5333,8.0
selected_ols_av,pass,0.9825,0.0
selected_ols_av,pass,-2.01,4.0
selected_ols_av,pass,1.6885,0.0
selected_ols_av,pass,-2.3631,6.0
selected_ols_av,pass,-3.8653,0.0
selected_ols_av,pass,-1.8322,0.0
selected_ols_av,pass,-2.83,0.0
selected_ols_av,pass,-0.6788,4.0
selected_ols_av,pass,-4.3356,8.0
selected_ols_av,pass,0.007,3.0
selected_ols_av,pass,-0.1668,8.0
selected_ols_av,pass,-4.2219,9.0
selected_ols_av,pass,0.0756,4.0
selected_ols_av,pass,-2.1927,9.0
selected_ols_av,pass,-4.3248,7.0
selected_ols_av,pass,-0.1512,2.0
selected_ols_av,pass,-1.1005,1.0
selected_ols_av,pass,-3.171,7.0
selected_ols_av,pass,-2.9437,2.0
selected_ols_av,pass,-1.0359,2.0
selected_ols_av,pass,-1.5479,5.0
selected_ols_av,pass,0.0603,0.0
selected_ols_av,pass,1.6423,8.0
selected_ols_av,pass,-3.0535,7.0
selected_ols_av,pass,-2.8266,0.0
selected_ols_av,pass,1.2863,5.0
selected_ols_av,pass,-0.1473,4.0
selected_ols_av,pass,-2.0026,2.0
selected_ols_av,pass,-1.597,5.0
selected_ols_av,pass,0.6762,1.0
selected_ols_av,pass,-1.4333,5.0
selected_ols_av,pass,0.7704,1.0
selected_ols_av,pass,-1.0164,5.0
selected_ols_av,pass,1.1275,0.0
selected_ols_av,pass,3.5022,0.0
selected_ols_av,pass,-0.7352,0.0
selected_ols_av,pass,-1.1948,1.0
selected_ols_av,pass,4.4238,1.0
selected_ols_av,pass,-4.6241,5.0
selected_ols_av,pass,-2.9437,4.0
selected_ols_av,pass,-4.7413,5.0
selected_ols_av,pass,-1.8591,5.0
selected_ols_av,pass,-1.1948,1.0
selected_ols_av,pass,-0.6871,5.0
selected_ols_av,pass,0.839,7.0
selected_ols_av,pass,2.7315,7.0
selected_ols_av,pass,-0.0375,5.0
selected_ols_av,pass,1.6468,9.0
selected_ols_av,pass,-2.3671,7.0
selected_ols_av,pass,1.1726,0.0
selected_ols_av,pass,0.7252,6.0
selected_ols_av,pass,3.0965,4.0
selected_ols_av,pass,-0.7441,4.0
selected_ols_av,pass,0.0309,6.0
selected_ols_av,pass,0.0683,6.0
selected_ols_av,pass,-5.6682,5.0
selected_ols_av,pass,-4.3934,5.0
selected_ols_av,pass,-0.6181,4.0
selected_ols_av,pass,1.4641,0.0
selected_ols_av,pass,1.3504,7.0
selected_ols_av,pass,0.3755,5.0
selected_ols_av,pass,0.4824,3.0
selected_ols_av,pass,-3.8619,8.0
selected_ols_av,pass,2.2235,8.0
selected_ols_av,pass,-0.6901,2.0
selected_ols_av,pass,-4.8637,2.0
selected_ols_av,pass,-2.7654,6.0
selected_ols_av,pass,1.756,6.0
selected_ols_av,pass,0.2618,5.0
selected_ols_av,pass,0.2584,6.0
selected_ols_av,pass,-4.6281,10.0
selected_ols_av,pass,1.931,4.0
selected_ols_av,pass,-1.4906,7.0
selected_ols_av,pass,0.8424,9.0
selected_ols_av,pass,-3.6379,0.0
selected_ols_av,pass,-2.4769,6.0
selected_ols_av,pass,-1.426,0.0
selected_ols_av,pass,-1.081,3.0
selected_ols_av,pass,1.18,1.0
selected_ols_av,pass,-0.6187,0.0
selected_ols_av,pass,-1.8928,5.0
selected_ols_av,pass,-0.9027,1.0
selected_ols_av,pass,-2.2991,5.0
selected_ols_av,pass,-1.5553,8.0
selected_ols_av,pass,-2.9364,7.0
selected_ols_av,pass,1.2412,3.0
selected_ols_av,pass,-3.418,0.0
selected_ols_av,pass,-0.038,5.0
selected_ols_av,pass,-1.7107,8.0
selected_ols_av,pass,2.1588,8.0
selected_ols_av,pass,-0.91,4.0
selected_ols_av,pass,0.9453,0.0
selected_ols_av,pass,1.935,6.0
selected_ols_av,pass,0.0036,0.0
selected_ols_av,pass,-2.1921,0.0
selected_ols_av,pass,0.2549,4.0
selected_ols_av,pass,0.6606,5.0
selected_ols_av,pass,0.4745,4.0
selected_ols_av,pass,-2.7614,1.0
selected_ols_av,pass,-1.0237,3.0
selected_ols_av,pass,0.08,0.0
selected_ols_av,pass,-1.8243,5.0
selected_ols_av,pass,0.3074,5.0
selected_ols_av,pass,2.5159,7.0
selected_ols_av,pass,0.7626,7.0
selected_ols_av,pass,0.8761,0.0
selected_ols_av,pass,0.2538,4.0
selected_ols_av,pass,0.2584,5.0
selected_ols_av,pass,-1.7141,0.0
selected_ols_av,pass,-0.6215,7.0
selected_ols_av,pass,-5.3111,3.0
selected_ols_av,pass,-5.0949,1.0
selected_ols_av,pass,1.2937,8.0
selected_ols_av,pass,-1.738,4.0
selected_ols_av,pass,-0.3913,2.0
selected_ols_av,pass,3.3919,0.0
selected_ols_av,pass,-0.8575,0.0
selected_ols_av,pass,-4.2258,4.0
selected_ols_av,pass,2.0491,0.0
selected_ols_av,pass,-1.9002,0.0
selected_ols_av,pass,-3.2362,0.0
selected_ols_av,pass,-2.8791,0.0
selected_ols_av,pass,-0.8043,0.0
selected_ols_av,pass,0.4784,4.0
selected_ols_av,pass,3.1646,3.0
selected_ols_av,pass,-2.8266,2.0
selected_ols_av,pass,-4.5835,7.0
selected_ols_av,pass,-2.4695,0.0
selected_ols_av,pass,-2.0673,3.0
selected_ols_av,pass,-0.0003,0.0
selected_ols_av,pass,-2.079,3.0
selected_ols_av,pass,0.7129,4.0
selected_ols_av,pass,-0.9673,7.0
selected_ols_av,pass,-8.0463,3.0
selected_ols_av,pass,-2.0673,0.0
selected_ols_av,pass,-3.4033,4.0
selected_ols_av,pass,0.9978,4.0
selected_ols_av,pass,1.8172,0.0
selected_ols_av,pass,-2.9889,4.0
selected_ols_av,pass,-4.2671,1.0
selected_ols_av,pass,-3.1638,5.0
selected_ols_av,pass,-0.9747,0.0
selected_ols_av,pass,-1.6043,3.0
selected_ols_av,pass,-3.171,2.0
selected_ols_av,pass,-1.4906,0.0
selected_ols_av,pass,-2.6523,7.0
selected_ols_av,pass,0.8841,0.0
selected_ols_av,pass,-0.0454,3.0
selected_ols_av,pass,-1.8438,0.0
selected_ols_av,pass,-0.338,3.0
selected_ols_av,pass,-1.4294,0.0
selected_ols_av,pass,1.7761,2.0
selected_ols_av,pass,-2.3637,6.0
selected_ols_av,pass,2.0328,5.0
selected_ols_av,pass,-0.4432,3.0
selected_ols_av,pass,-0.2315,0.0
selected_ols_av,pass,-1.422,3.0
selected_ols_av,pass,-0.1065,6.0
selected_ols_av,pass,-3.9339,7.0
selected_ols_av,pass,1.2327,2.0
selected_ols_av,pass,0.1899,5.0
selected_ols_av,pass,-2.8791,3.0
selected_ols_av,pass,3.5668,5.0
selected_ols_av,pass,-1.5592,0.0
selected_ols_av,pass,0.3035,6.0
selected_ols_av,pass,-2.6596,2.0
selected_ols_av,pass,1.9316,0.0
selected_ols_av,pass,-1.6654,2.0
selected_ols_av,pass,-1.1301,1.0
selected_ols_av,pass,-2.9477,5.0
selected_ols_av,pass,0.0728,4.0
selected_ols_av,pass,-3.346,8.0
selected_ols_av,pass,0.839,4.0
selected_ols_av,pass,1.5253,7.0
selected_ols_av,pass,-5.5012,6.0
selected_ols_av,pass,-0.3222,6.0
selected_ols_av,pass,-1.9042,5.0
selected_ols_av,pass,-0.3222,4.0
selected_ols_av,pass,1.3538,4.0
selected_ols_av,pass,-1.085,7.0
selected_ols_av,pass,-1.0243,2.0
selected_ols_av,pass,-2.5866,6.0
selected_ols_av,pass,4.4394,3.0
selected_ols_av,pass,-0.6142,2.0
selected_ols_av,pass,-3.6458,3.0
selected_ols_av,pass,-1.6004,0.0
selected_ols_av,pass,-1.4906,3.0
selected_ols_av,pass,-0.7279,1.0
selected_ols_av,pass,-1.3123,6.0
selected_ols_av,pass,-3.6345,2.0
selected_ols_av,pass,-2.0066,5.0
selected_ols_av,pass,-1.7263,2.0
selected_ols_av,pass,0.475,3.0
selected_ols_av,pass,-0.0381,7.0
selected_ols_av,pass,-2.0673,4.0
selected_ols_av,pass,2.0417,4.0
selected_ols_av,pass,0.1447,3.0
selected_ols_av,pass,0.7743,5.0
selected_ols_av,pass,-0.6142,4.0
selected_ols_av,pass,-2.5832,0.0
selected_ols_av,pass,-2.2985,6.0
selected_ols_av,pass,-1.7791,5.0
selected_ols_av,pass,1.707,4.0
selected_ols_av,pass,-4.6287,7.0
selected_ols_av,pass,0.4858,6.0
selected_ols_av,pass,-0.1507,4.0
selected_ols_av,pass,-2.9437,3.0
selected_ols_av,pass,2.2274,4.0
selected_ols_av,pass,-2.9403,4.0
selected_ols_av,pass,3.0965,0.0
selected_ols_av,pass,-0.1707,3.0
selected_ols_av,pass,-1.0237,0.0
selected_ols_av,pass,-1.8277,3.0
selected_ols_av,pass,-3.858,0.0
selected_ols_av,pass,0.3151,4.0
selected_ols_av,pass,0.7704,6.0
selected_ols_av,pass,0.9447,8.0
selected_ols_av,pass,0.839,4.0
selected_ols_av,pass,-1.6495,3.0
selected_ols_av,pass,0.2618,6.0
selected_ols_av,pass,0.6567,9.0
selected_ols_av,pass,0.0756,0.0
selected_ols_av,pass,0.7057,4.0
selected_ols_av,pass,-2.5498,0.0
selected_ols_av,pass,0.8316,0.0
selected_ols_av,pass,-0.1101,0.0
selected_ols_av,pass,0.3647,2.0
selected_ols_av,pass,3.1411,0.0
selected_ols_av,pass,-3.418,0.0
selected_ols_av,pass,2.4056,4.0
selected_ols_av,pass,-0.7279,8.0
selected_ols_av,pass,-2.8752,0.0
selected_ols_av,pass,0.6606,2.0
selected_ols_av,pass,-2.5415,6.0
selected_ols_av,pass,-0.91,3.0
selected_ols_av,pass,-2.3597,4.0
selected_ols_av,pass,-1.3769,4.0
selected_ols_av,pass,-1.3157,4.0
selected_ols_av,pass,-1.0203,7.0
selected_ols_av,pass,-0.9673,0.0
selected_ols_av,pass,0.5431,8.0
selected_ols_av,pass,-2.7699,4.0
selected_ols_av,pass,0.0116,5.0
selected_ols_av,pass,-2.1359,0.0
selected_ols_av,pass,-0.7279,6.0
selected_ols_av,pass,-0.9712,0.0
selected_ols_av,pass,0.831,0.0
selected_ols_av,pass,-3.8089,3.0
selected_ols_av,pass,-0.9673,6.0
selected_ols_av,pass,2.1018,2.0
selected_ols_av,pass,1.5331,6.0
selected_ols_av,pass,-0.4358,5.0
selected_ols_av,pass,3.6159,0.0
selected_ols_av,pass,-2.6969,6.0
selected_ols_av,pass,1.2407,4.0
selected_ols_av,pass,-0.6215,4.0
selected_ols_av,pass,3.9725,5.0
selected_ols_av,pass,2.6331,3.0
selected_ols_av,pass,-2.0712,7.0
selected_ols_av,pass,0.8841,0.0
selected_ols_av,pass,-2.4734,5.0
selected_ols_av,pass,1.4195,4.0
selected_ols_av,pass,-1.9575,0.0
selected_ols_av,pass,2.7394,5.0
selected_ols_av,pass,-1.7871,0.0
selected_ols_av,pass,-0.2805,3.0
selected_ols_av,pass,-1.3083,0.0
selected_ols_av,pass,-1.4906,8.0
selected_ols_av,pass,0.8194,0.0
selected_ols_av,pass,-1.422,7.0
selected_ols_av,pass,-1.9575,5.0
selected_ols_av,pass,-0.5005,6.0
selected_ols_av,pass,0.8316,2.0
selected_ols_av,pass,-4.3934,1.0
selected_ols_av,pass,-1.5598,6.0
selected_ols_av,pass,-3.171,4.0
selected_ols_av,pass,-4.636,0.0
selected_ols_av,pass,-2.2574,0.0
selected_ols_av,pass,0.2466,4.0
selected_ols_av,pass,-1.9609,7.0
selected_ols_av,pass,-4.6241,0.0
selected_ols_av,pass,1.4719,0.0
selected_ols_av,pass,-0.2051,4.0
selected_ols_av,pass,-2.1848,0.0
selected_ols_av,pass,1.2863,9.0
selected_ols_av,pass,-1.669,2.0
selected_ols_av,pass,-2.1163,0.0
selected_ols_av,pass,-0.9792,4.0
selected_ols_av,pass,-3.4595,0.0
selected_ols_av,pass,-0.6142,7.0
selected_ols_av,pass,-0.0375,5.0
selected_ols_av,pass,-2.7762,0.0
selected_ols_av,pass,-1.1987,0.0
selected_ols_av,pass,1.3475,6.0
selected_ols_av,pass,1.6468,0.0
selected_ols_av,pass,0.3524,0.0
selected_ols_av,pass,3.6079,3.0
selected_ols_av,pass,-2.6517,2.0
selected_ols_av,pass,1.7521,6.0
selected_ols_av,pass,4.1998,5.0
selected_ols_av,pass,1.0628,4.0
selected_ols_av,pass,-2.2991,1.0
selected_ols_av,pass,0.7057,1.0
selected_ols_av,pass,0.4745,5.0
selected_ols_av,pass,1.2701,2.0
selected_ols_av,pass,3.6159,4.0
selected_ols_av,pass,2.5611,2.0
selected_ols_av,pass,-1.3769,4.0
selected_ols_av,pass,-2.7654,5.0
selected_ols_av,pass,2.8531,5.0
selected_ols_av,pass,-5.0876,4.0
selected_ols_av,pass,-2.3597,8.0
selected_ols_av,pass,-0.1518,0.0
selected_ols_av,pass,2.1137,0.0
selected_ols_av,pass,-2.3064,0.0
selected_ols_av,pass,0.3647,4.0
selected_ols_av,pass,-7.0023,0.0
selected_ols_av,pass,-1.8969,6.0
selected_ols_av,pass,0.4367,4.0
selected_ols_av,pass,-0.1473,4.0
selected_ols_av,pass,2.2274,7.0
selected_ols_av,pass,3.9078,1.0
selected_ols_av,pass,3.3919,7.0
selected_ols_av,pass,0.1937,3.0
selected_ols_av,pass,0.251,0.0
selected_ols_av,pass,0.7698,6.0
selected_ols_av,pass,-2.0712,4.0
selected_ols_av,pass,-3.4631,2.0
selected_ols_av,pass,1.0545,3.0
selected_ols_av,pass,-0.9708,4.0
selected_ols_av,pass,-2.3631,3.0
selected_ols_av,pass,1.8669,0.0
selected_ols_av,pass,-2.1848,0.0
selected_ols_av,pass,-2.7041,4.0
selected_ols_av,pass,-1.8928,3.0
selected_ols_av,pass,1.0511,0.0
selected_ols_av,pass,-2.9437,1.0
selected_ols_av,pass,-4.3968,1.0
selected_ols_av,pass,-3.5361,0.0
selected_ols_av,pass,0.2584,3.0
selected_ols_av,pass,1.8207,5.0
selected_ols_av,pass,-1.503,9.0
selected_ols_av,pass,-1.2558,5.0
selected_ols_av,pass,-1.0884,0.0
selected_ols_av,pass,2.7394,1.0
selected_ols_av,pass,-2.2574,3.0
selected_ols_av,pass,1.3093,0.0
selected_ols_av,pass,2.0525,4.0
selected_ols_av,pass,-5.7853,0.0
selected_ols_av,pass,0.664,6.0
selected_ols_av,pass,-3.8128,2.0
selected_ols_av,pass,0.664,5.0
selected_ols_av,pass,-3.2847,3.0
selected_ols_av,pass,-1.8928,3.0
selected_ols_av,pass,-1.1948,5.0
selected_ols_av,pass,2.7961,3.0
selected_ols_av,pass,-0.3294,0.0
selected_ols_av,pass,2.1092,0.0
selected_ols_av,pass,-3.3494,0.0
selected_ols_av,pass,-0.2085,6.0
selected_ols_av,pass,-1.3695,4.0
selected_ols_av,pass,1.5366,2.0
selected_ols_av,pass,0.3035,0.0
selected_ols_av,pass,-1.3808,1.0
selected_ols_av,pass,-1.938,3.0
selected_ols_av,pass,-0.1473,0.0
selected_ols_av,pass,0.6606,0.0
selected_ols_av,pass,-0.0381,8.0
selected_ols_av,pass,-3.687,2.0
selected_ols_av,pass,-1.8889,0.0
selected_ols_av,pass,-2.0712,2.0
selected_ols_av,pass,-0.4025,7.0
selected_ols_av,pass,-4.7305,0.0
selected_ols_av,pass,1.0016,2.0
selected_ols_av,pass,1.0664,0.0
selected_ols_av,pass,-1.7791,6.0
selected_ols_av,pass,0.0762,7.0
selected_ols_av,pass,-0.9027,1.0
selected_ols_av,pass,0.4705,2.0
selected_ols_av,pass,-2.8752,2.0
selected_ols_av,pass,-4.5143,4.0
selected_ols_av,pass,-1.8928,6.0
selected_ols_av,pass,-3.2322,2.0
selected_ols_av,pass,-1.7865,6.0
selected_ols_av,pass,-1.666,3.0
selected_ols_av,pass,-2.4734,4.0
selected_ols_av,pass,-0.6221,0.0
selected_ols_av,pass,1.7532,0.0
selected_ols_av,pass,-1.1982,0.0
selected_ols_av,pass,-2.1927,3.0
selected_ols_av,pass,1.7532,3.0
selected_ols_av,pass,-5.4932,0.0
selected_ols_av,pass,-4.1087,1.0
selected_ols_av,pass,-2.3631,2.0
selected_ols_av,pass,-2.5832,3.0
selected_ols_av,pass,2.5611,0.0
selected_ols_av,pass,-3.3945,3.0
selected_ols_av,pass,0.8761,0.0
selected_ols_av,pass,3.9725,0.0
selected_ols_av,pass,0.3001,3.0
selected_ols_av,pass,-1.7179,0.0
selected_ols_av,pass,1.0545,4.0
selected_ols_av,pass,2.6898,5.0
selected_ols_av,pass,-2.4122,1.0
selected_ols_av,pass,-2.9364,0.0
selected_ols_av,pass,-1.6004,8.0
selected_ols_av,pass,2.1171,5.0
selected_ols_av,pass,-0.9145,2.0
selected_ols_av,pass,-1.0884,0.0
selected_ols_av,pass,1.18,0.0
selected_ols_av,pass,-2.8791,3.0
selected_ols_av,pass,-0.2769,0.0
selected_ols_av,pass,0.839,0.0
selected_ols_av,pass,-1.1418,4.0
selected_ols_av,pass,0.664,2.0
selected_ols_av,pass,0.5876,0.0
selected_ols_av,pass,-5.1029,0.0
selected_ols_av,pass,-0.3222,3.0
selected_ols_av,pass,1.8207,7.0
selected_ols_av,pass,0.9453,3.0
selected_ols_av,pass,-1.4798,2.0
selected_ols_av,pass,-6.1875,4.0
selected_ols_av,pass,0.2544,3.0
selected_ols_av,pass,-1.3769,5.0
selected_ols_av,pass,-0.9712,3.0
selected_ols_av,pass,2.9862,3.0
selected_ols_av,pass,2.1137,3.0
selected_ols_av,pass,-0.1067,7.0
selected_ols_av,pass,-2.181,5.0
selected_ols_av,pass,0.1447,1.0
selected_ols_av,pass,-0.9747,5.0
selected_ols_av,pass,-0.2085,7.0
selected_ols_av,pass,-3.6991,2.0
selected_ols_av,pass,-1.4906,4.0
selected_ols_av,pass,-3.2322,5.0
selected_ols_av,pass,1.1231,0.0
selected_ols_av,pass,-2.5832,5.0
selected_ols_av,pass,-1.7791,3.0
selected_ols_av,pass,3.4531,5.0
selected_ols_av,pass,-3.93,6.0
selected_ols_av,pass,-2.0026,0.0
selected_ols_av,pass,1.7115,0.0
selected_ols_av,pass,-0.9027,5.0
selected_ols_av,pass,-2.2985,4.0
selected_ols_av,pass,-0.8572,3.0
selected_ols_av,pass,-0.2159,3.0
selected_ols_av,pass,1.127,8.0
selected_ols_av,pass,2.5154,7.0
selected_ols_av,pass,-0.6826,8.0
selected_ols_av,pass,-1.1985,2.0
selected_ols_av,pass,1.6468,7.0
selected_ols_av,pass,-2.8752,2.0
selected_ols_av,pass,0.7704,0.0
selected_ols_av,pass,3.0279,3.0
selected_ols_av,pass,0.9899,5.0
selected_ols_av,pass,2.4056,3.0
selected_ols_av,pass,-1.646,6.0
selected_ols_av,pass,-2.9923,7.0
selected_ols_av,pass,-0.5123,8.0
selected_ols_av,pass,-1.9609,0.0
selected_ols_av,pass,-3.7516,0.0
selected_ols_av,pass,-1.4455,0.0
selected_ols_av,pass,2.7429,4.0
selected_ols_av,pass,-3.346,0.0
selected_ols_av,pass,-0.6181,0.0
selected_ols_av,pass,-3.8163,2.0
selected_ols_av,pass,0.2585,6.0
selected_ols_av,pass,-2.9403,0.0
selected_ols_av,pass,-2.4695,0.0
selected_ols_av,pass,-2.3631,6.0
selected_ols_av,pass,-0.2193,0.0
selected_ols_av,pass,-5.6143,2.0
selected_ols_av,pass,-0.9753,6.0
selected_ols_av,pass,-1.0237,0.0
selected_ols_av,pass,3.4982,3.0
selected_ols_av,pass,-3.1716,2.0
selected_ols_av,pass,-2.3637,0.0
selected_ols_av,pass,1.3093,7.0
selected_ols_av,pass,-1.4833,6.0
selected_ols_av,pass,3.5056,8.0
selected_ols_av,pass,2.9862,8.0
selected_ols_av,pass,-2.5866,2.0
selected_ols_av,pass,-2.0712,2.0
selected_ols_av,pass,-0.9747,4.0
selected_ols_av,pass,-3.0653,2.0
selected_ols_av,pass,-3.342,5.0
selected_ols_av,pass,-1.5479,9.0
selected_ols_av,pass,1.0128,3.0
selected_ols_av,pass,-1.5358,4.0
selected_ols_av,pass,0.8194,2.0
selected_ols_av,pass,-1.4945,9.0
selected_ols_av,pass,-2.5904,7.0
selected_ols_av,pass,0.3641,0.0
selected_ols_av,pass,-1.0237,4.0
selected_ols_av,pass,-4.0363,5.0
selected_ols_av,pass,-0.1546,0.0
selected_ols_av,pass,-0.5044,4.0
selected_ols_av,pass,1.2412,8.0
selected_ols_av,pass,1.7035,8.0
selected_ols_av,pass,-5.0264,7.0
selected_ols_av,pass,0.0116,4.0
selected_ols_av,pass,-2.7727,0.0
selected_ols_av,pass,0.4705,8.0
selected_ols_av,pass,-0.5575,3.0
selected_ols_av,pass,-0.9712,4.0
selected_ols_av,pass,-0.3221,6.0
selected_ols_av,pass,-2.887,2.0
selected_ols_av,pass,-5.6716,7.0
selected_ols_av,pass,-3.342,6.0
selected_ols_av,pass,2.5493,3.0
selected_ols_av,pass,1.7041,6.0
selected_ols_av,pass,0.0116,6.0
selected_ols_av,pass,-0.2159,0.0
selected_ols_av,pass,1.4494,2.0
selected_ols_av,pass,-5.7853,5.0
selected_ols_av,pass,1.1309,5.0
selected_ols_av,pass,-0.2119,0.0
selected_ols_av,pass,-0.9673,0.0
selected_ols_av,pass,-2.6517,7.0
selected_ols_av,pass,-0.5529,2.0
selected_ols_av,pass,1.415,4.0
selected_ols_av,pass,-1.3163,4.0
selected_ols_av,pass,-5.6109,2.0
selected_ols_av,pass,0.0116,7.0
selected_ols_av,pass,-4.2185,1.0
selected_ols_av,pass,-0.0336,3.0
selected_ols_av,pass,3.1646,1.0
selected_ols_av,pass,-4.2185,6.0
selected_ols_av,pass,-1.1826,0.0
selected_ols_av,pass,1.3504,2.0
selected_ols_av,pass,-2.01,0.0
selected_ols_av,pass,-3.346,6.0
selected_ols_av,pass,-3.0084,8.0
selected_ols_av,pass,-1.1335,0.0
selected_ols_av,pass,-0.6187,3.0
selected_ols_av,pass,1.6468,5.0
selected_ols_av,pass,2.2876,2.0
selected_ols_av,pass,1.9236,0.0
selected_ols_av,pass,-0.6181,2.0
selected_ols_av,pass,-2.8791,2.0
selected_ols_av,pass,1.1955,2.0
selected_ols_av,pass,-2.5342,5.0
selected_ols_av,pass,-0.9747,0.0
selected_ols_av,pass,-2.4049,2.0
selected_ols_av,pass,-1.494,3.0
selected_ols_av,pass,-2.2494,6.0
selected_ols_av,pass,-2.9443,3.0
selected_ols_av,pass,-0.6827,2.0
selected_ols_av,pass,-0.5617,2.0
selected_ols_av,pass,-0.1021,0.0
selected_ols_av,pass,0.7287,0.0
selected_ols_av,pass,-2.1848,7.0
selected_ols_av,pass,2.1098,7.0
selected_ols_av,pass,0.9213,6.0
selected_ols_av,pass,0.7743,0.0
selected_ols_av,pass,-4.2675,0.0
selected_ols_av,pass,-0.5461,4.0
selected_ols_av,pass,0.3603,5.0
selected_ols_av,pass,-0.0415,8.0
selected_ols_av,pass,-0.0381,3.0
selected_ols_av,pass,-0.6107,0.0
selected_ols_av,pass,-1.0198,5.0
selected_ols_av,pass,-4.0976,0.0
selected_ols_av,pass,-2.3597,7.0
selected_ols_av,pass,-1.4266,0.0
selected_ols_av,pass,-2.3631,0.0
selected_ols_av,pass,-4.1048,2.0
selected_ols_av,pass,2.8531,0.0
selected_ols_av,pass,-0.9301,0.0
selected_ols_av,pass,-1.3803,8.0
selected_ols_av,pass,-3.5695,3.0
selected_ols_av,pass,-1.4906,3.0
selected_ols_av,pass,-0.1021,3.0
selected_ols_av,pass,-1.4867,1.0
selected_ols_av,pass,-3.2847,3.0
selected_ols_av,pass,-4.4006,2.0
selected_ols_av,pass,1.7532,1.0
selected_ols_av,pass,0.1412,6.0
selected_ols_av,pass,-0.4472,4.0
selected_ols_av,pass,1.3475,6.0
selected_ols_av,pass,3.6159,0.0
selected_ols_av,pass,-4.8442,0.0
selected_ols_av,pass,0.1412,0.0
selected_ols_av,pass,-1.597,8.0
selected_ols_av,pass,-4.2293,0.0
selected_ols_av,pass,-0.5078,4.0
selected_ols_av,pass,-3.5361,0.0
selected_ols_av,pass,-2.7654,1.0
selected_ols_av,pass,-0.744,3.0
selected_ols_av,pass,-2.4122,4.0
selected_ols_av,pass,1.2412,7.0
selected_ols_av,pass,2.5611,0.0
selected_ols_av,pass,-4.0481,5.0
selected_ols_av,pass,-2.4769,7.0
selected_ols_av,pass,-0.9027,4.0
selected_ols_av,pass,-1.4906,8.0
selected_ols_av,pass,-5.2694,0.0
selected_ols_av,pass,0.6488,0.0
selected_ols_av,pass,-0.0375,4.0
selected_ols_av,pass,-0.2119,0.0
selected_ols_av,pass,-1.0884,4.0
selected_ols_av,pass,-3.4631,3.0
selected_ols_av,pass,-3.8246,4.0
selected_ols_av,pass,1.5978,0.0
selected_ols_av,pass,-2.8791,6.0
selected_ols_av,pass,0.0116,6.0
selected_ols_av,pass,-1.5479,5.0
selected_ols_av,pass,-2.4083,8.0
selected_ols_av,pass,-2.5425,9.0
selected_ols_av,pass,-3.7065,1.0
selected_ols_av,pass,-3.3048,2.0
selected_ols_av,pass,0.637,9.0
selected_ols_av,pass,-3.1676,8.0
selected_ols_av,pass,1.6434,1.0
selected_ols_av,pass,-3.1224,4.0
selected_ols_av,pass,-2.9928,2.0
selected_ols_av,pass,-1.6004,3.0
selected_ols_av,pass,-2.5415,0.0
selected_ols_av,pass,-4.2224,4.0
selected_ols_av,pass,-0.4477,0.0
selected_ols_av,pass,-4.0401,6.0
selected_ols_av,pass,-3.0612,0.0
selected_ols_av,pass,-3.1185,7.0
selected_ols_av,pass,-0.6754,0.0
selected_ols_av,pass,-5.0949,3.0
selected_ols_av,pass,0.7704,0.0
selected_ols_av,pass,3.0926,5.0
selected_ols_av,pass,0.3035,0.0
selected_ols_av,pass,0.4784,6.0
selected_ols_av,pass,-0.6142,5.0
selected_ols_av,pass,-0.9678,4.0
selected_ols_av,pass,-2.0066,0.0
selected_ols_av,pass,4.0828,5.0
selected_ols_av,pass,-1.6495,2.0
selected_ols_av,pass,-2.3558,1.0
selected_ols_av,pass,-1.1301,9.0
selected_ols_av,pass,0.9978,3.0
selected_ols_av,pass,0.839,0.0
selected_ols_av,pass,2.4056,0.0
selected_ols_av,pass,1.5214,0.0
selected_ols_av,pass,-1.5518,4.0
selected_ols_av,pass,-4.6207,0.0
selected_ols_av,pass,-2.0026,1.0
selected_ols_av,pass,1.1275,4.0
selected_ols_av,pass,-1.0237,4.0
selected_ols_av,pass,-0.2119,0.0
selected_ols_av,pass,-0.91,0.0
selected_ols_av,pass,-2.1848,0.0
selected_ols_av,pass,-4.3394,3.0
selected_ols_av,pass,1.0628,3.0
selected_ols_av,pass,1.2824,5.0
selected_ols_av,pass,0.3721,5.0
selected_ols_av,pass,0.2549,2.0
selected_ols_av,pass,3.8999,0.0
selected_ols_av,pass,-0.6215,7.0
selected_ols_av,pass,1.6468,0.0
selected_ols_av,pass,-2.0267,5.0
selected_ols_av,pass,-1.085,3.0
selected_ols_av,pass,-2.4769,3.0
selected_ols_av,pass,0.0683,4.0
selected_ols_av,pass,-2.8717,4.0
selected_ols_av,pass,3.0509,0.0
selected_ols_av,pass,-2.3597,3.0
selected_ols_av,pass,0.8841,4.0
selected_ols_av,pass,-1.4833,3.0
selected_ols_av,pass,-4.5189,1.0
selected_ols_av,pass,4.5451,0.0
selected_ols_av,pass,-1.8517,6.0
selected_ols_av,pass,1.5817,4.0
selected_ols_av,pass,-0.1668,0.0
selected_ols_av,pass,-4.6246,0.0
selected_ols_av,pass,-1.0164,0.0
selected_ols_av,pass,-3.8163,1.0
selected_ols_av,pass,1.5943,0.0
selected_ols_av,pass,0.7252,6.0
selected_ols_av,pass,1.6434,0.0
selected_ols_av,pass,0.8841,8.0
selected_ols_av,pass,-2.8864,2.0
selected_ols_av,pass,-0.6107,5.0
selected_ols_av,pass,-1.2065,3.0
selected_ols_av,pass,3.5022,0.0
selected_ols_av,pass,-1.567,0.0
selected_ols_av,pass,0.1481,5.0
selected_ols_av,pass,0.3001,7.0
selected_ols_av,pass,-2.8791,0.0
selected_ols_av,pass,-2.7654,6.0
selected_ols_av,pass,-0.5044,7.0
selected_ols_av,pass,-0.91,4.0
selected_ols_av,pass,2.1628,0.0
selected_ols_av,pass,-2.181,5.0
selected_ols_av,pass,2.6977,0.0
selected_ols_av,pass,0.3196,5.0
selected_ols_av,pass,1.3544,0.0
selected_ols_av,pass,-0.334,4.0
selected_ols_av,pass,-1.597,3.0
selected_ols_av,pass,0.5922,5.0
selected_ols_av,pass,-0.9027,0.0
selected_ols_av,pass,-0.6632,3.0
selected_ols_av,pass,-1.8928,3.0
selected_ols_av,pass,-2.254,2.0
selected_ols_av,pass,-4.7991,9.0
selected_ols_av,pass,-2.1163,3.0
selected_ols_av,pass,0.1291,8.0
selected_ols_av,pass,-1.4906,5.0
selected_ols_av,pass,-1.8316,6.0
selected_ols_av,pass,-3.346,0.0
selected_ols_av,pass,1.3504,5.0
selected_ols_av,pass,3.8921,0.0
selected_ols_av,pass,-1.8963,4.0
selected_ols_av,pass,-3.566,0.0
selected_ols_av,pass,0.2504,8.0
selected_ols_av,pass,-4.1162,2.0
selected_ols_av,pass,1.1275,7.0
selected_ols_av,pass,-3.4106,1.0
selected_ols_av,pass,-2.8105,7.0
selected_ols_av,pass,0.1971,0.0
selected_ols_av,pass,-0.1546,6.0
selected_ols_av,pass,0.3755,2.0
selected_ols_av,pass,0.9453,2.0
selected_ols_av,pass,2.1064,2.0
selected_ols_av,pass,1.6468,0.0
selected_ols_av,pass,-2.3558,4.0
selected_ols_av,pass,0.1291,0.0
selected_ols_av,pass,-1.1346,4.0
selected_ols_av,pass,-3.0049,3.0
selected_ols_av,pass,0.3721,6.0
selected_ols_av,pass,-1.8511,4.0
selected_ols_av,pass,-0.7963,7.0
selected_ols_av,pass,-2.3716,5.0
selected_ols_av,pass,-1.0398,3.0
selected_ols_av,pass,-0.569,5.0
selected_ols_av,pass,0.839,7.0
selected_ols_av,pass,2.1064,2.0
selected_ols_av,pass,-2.7654,4.0
selected_ols_av,pass,-0.8082,4.0
selected_ols_av,pass,0.8841,0.0
selected_ols_av,pass,-0.7279,6.0
selected_ols_av,pass,-0.569,7.0
selected_ols_av,pass,-0.1512,4.0
selected_ols_av,pass,-1.4945,5.0
selected_ols_av,pass,-1.0884,3.0
selected_ols_av,pass,-3.4033,0.0
selected_ols_av,pass,-1.1985,5.0
selected_ols_av,pass,-1.0237,2.0
selected_ols_av,pass,-4.5149,4.0
selected_ols_av,pass,0.3721,0.0
selected_ols_av,pass,-1.8963,4.0
selected_ols_av,pass,-0.569,6.0
selected_ols_av,pass,-1.2099,3.0
selected_ols_av,pass,0.4824,4.0
selected_ols_av,pass,2.0,2.0
selected_ols_av,pass,-1.5323,5.0
selected_ols_av,pass,-3.7065,6.0
selected_ols_av,pass,-0.5044,0.0
selected_ols_av,pass,-3.5209,2.0
selected_ols_av,pass,-1.4906,3.0
selected_ols_av,pass,0.6572,0.0
selected_ols_av,pass,-5.1974,6.0
selected_ols_av,pass,-0.0948,2.0
selected_ols_av,pass,-3.346,3.0
selected_ols_av,pass,-4.3968,0.0
selected_ols_av,pass,-1.2711,8.0
selected_ols_av,pass,3.0926,8.0
selected_ols_av,pass,-3.5934,0.0
selected_ols_av,pass,-3.3386,3.0
selected_ols_av,pass,-0.6142,5.0
selected_ols_av,pass,-3.171,3.0
selected_ols_av,pass,-1.1301,5.0
selected_ols_av,pass,-3.346,7.0
selected_ols_av,pass,-1.9992,3.0
selected_ols_av,pass,3.9044,0.0
selected_ols_av,pass,-1.081,5.0
selected_ols_av,pass,-2.01,0.0
selected_ols_av,pass,0.9453,3.0
selected_ols_av,pass,-1.3202,4.0
selected_ols_av,pass,-2.4244,0.0
selected_ols_av,pass,-7.1738,0.0
selected_ols_av,pass,-1.3085,7.0
selected_ols_av,pass,-2.8266,2.0
selected_ols_av,pass,1.4195,0.0
selected_ols_av,pass,-0.1473,7.0
selected_ols_av,pass,2.0373,4.0
selected_ols_av,pass,1.2407,4.0
selected_ols_av,pass,0.7743,3.0
selected_ols_av,pass,-0.5044,4.0
selected_ols_av,pass,-0.6215,1.0
selected_ols_av,pass,-1.4906,5.0
selected_ols_av,pass,0.8355,1.0
selected_ols_av,pass,-1.1948,0.0
selected_ols_av,pass,-2.3558,0.0
selected_ols_av,pass,0.9527,0.0
selected_ols_av,pass,0.8344,1.0
selected_ols_av,pass,0.7624,0.0
selected_ols_av,pass,-2.8227,1.0
selected_ols_av,pass,0.6488,2.0
selected_ols_av,pass,-1.7826,0.0
selected_ols_av,pass,-0.7279,7.0
selected_ols_av,pass,2.7434,0.0
selected_ols_av,pass,-0.6181,0.0
selected_ols_av,pass,-3.2396,4.0
selected_ols_av,pass,-2.01,0.0
selected_ols_av,pass,0.4322,3.0
selected_ols_av,pass,-3.9751,4.0
selected_ols_av,pass,0.2962,8.0
selected_ols_av,pass,-2.8791,0.0
selected_ols_av,pass,-1.081,9.0
selected_ols_av,pass,1.2332,0.0
selected_ols_av,pass,-0.6215,6.0
selected_ols_av,pass,-1.3888,1.0
selected_ols_av,pass,-0.9747,0.0
selected_ols_av,pass,0.7663,0.0
selected_ols_av,pass,1.3058,4.0
selected_ols_av,pass,-1.8928,5.0
selected_ols_av,pass,-2.3631,4.0
selected_ols_av,pass,3.441,0.0
selected_ols_av,pass,-0.5044,8.0
selected_ols_av,pass,0.8841,8.0
selected_ols_av,pass,-0.9591,0.0
selected_ols_av,pass,-0.8082,2.0
selected_ols_av,pass,0.3721,5.0
selected_ols_av,pass,-1.4381,3.0
selected_ols_av,pass,0.1448,2.0
selected_ols_av,pass,-2.0712,3.0
selected_ols_av,pass,1.3058,8.0
selected_ols_av,pass,0.3647,6.0
selected_ols_av,pass,-4.8442,4.0
selected_ols_av,pass,-2.5832,7.0
selected_ols_av,pass,2.3287,5.0
selected_ols_av,pass,-3.0084,3.0
selected_ols_av,pass,-2.2494,0.0
selected_ols_av,pass,3.3885,4.0
selected_ols_av,pass,-1.0884,5.0
selected_ols_av,pass,3.3121,0.0
selected_ols_av,pass,2.5605,0.0
selected_ols_av,pass,1.5214,3.0
selected_ols_av,pass,-2.9477,3.0
selected_ols_av,pass,-1.5479,0.0
selected_ols_av,pass,-0.3222,4.0
selected_ols_av,pass,-1.4945,3.0
selected_ols_av,pass,1.1765,0.0
selected_ols_av,pass,-1.2065,2.0
selected_ols_av,pass,0.182,4.0
selected_ols_av,pass,0.7252,2.0
selected_ols_av,pass,-3.5287,9.0
selected_ols_av,pass,0.3001,0.0
selected_ols_av,pass,-3.0692,5.0
selected_ols_av,pass,0.1781,0.0
selected_ols_av,pass,1.1726,0.0
selected_ols_av,pass,-1.3202,3.0
selected_ols_av,pass,2.0491,2.0
selected_ols_av,pass,-3.7482,2.0
selected_ols_av,pass,-2.181,0.0
selected_ols_av,pass,-2.4049,3.0
selected_ols_av,pass,1.0545,2.0
selected_ols_av,pass,-0.9135,0.0
selected_ols_av,pass,-1.5553,6.0
selected_ols_av,pass,-2.375,0.0
selected_ols_av,pass,-3.9911,1.0
selected_ols_av,pass,2.565,2.0
selected_ols_av,pass,-3.858,4.0
selected_ols_av,pass,-3.7633,0.0
selected_ols_av,pass,0.4784,8.0
selected_ols_av,pass,-5.3184,0.0
selected_ols_av,pass,-3.5287,4.0
selected_ols_av,pass,-4.8025,6.0
selected_ols_av,pass,1.9236,8.0
selected_ols_av,pass,-1.0248,0.0
selected_ols_av,pass,0.4172,0.0
selected_ols_av,pass,-1.2594,1.0
selected_ols_av,pass,0.9374,1.0
selected_ols_av,pass,0.0762,2.0
selected_ols_av,pass,-2.4775,6.0
selected_ols_av,pass,-0.2051,2.0
selected_ols_av,pass,-0.2159,0.0
selected_ols_av,pass,0.839,0.0
selected_ols_av,pass,1.8663,3.0
selected_ols_av,pass,1.351,6.0
selected_ols_av,pass,0.9481,5.0
selected_ols_av,pass,1.2446,3.0
selected_ols_av,pass,-3.2322,3.0
selected_ols_av,pass,-0.1056,4.0
selected_ols_av,pass,-0.2085,7.0
selected_ols_av,pass,1.1726,6.0
selected_ols_av,pass,0.7287,0.0
selected_ols_av,pass,-1.4906,4.0
selected_ols_av,pass,0.0722,4.0
selected_ols_av,pass,0.839,4.0
selected_ols_av,pass,-1.0272,2.0
selected_ols_av,pass,-1.4833,4.0
selected_ols_av,pass,0.7704,0.0
selected_ols_av,pass,0.0689,7.0
selected_ols_av,pass,-2.0066,2.0
selected_ols_av,pass,-0.2085,3.0
selected_ols_av,pass,0.0683,5.0
selected_ols_av,pass,-5.2013,6.0
selected_ols_av,pass,-1.4906,8.0
selected_ols_av,pass,-2.0712,3.0
selected_ols_av,pass,-0.5078,6.0
selected_ols_av,pass,-2.8266,2.0
selected_ols_av,pass,-3.2396,0.0
selected_ols_av,pass,0.5882,1.0
selected_ols_av,pass,-0.1473,2.0
selected_ols_av,pass,2.584,7.0
selected_ols_av,pass,2.9862,4.0
selected_ols_av,pass,2.224,5.0
selected_ols_av,pass,-0.4477,3.0
selected_ols_av,pass,-0.6142,3.0
selected_ols_av,pass,-0.2085,3.0
selected_ols_av,pass,-3.0201,1.0
selected_ols_av,pass,1.8669,3.0
selected_ols_av,pass,-2.8339,3.0
selected_ols_av,pass,-5.0264,8.0
selected_ols_av,pass,0.8316,4.0
selected_ols_av,pass,-6.0777,9.0
selected_ols_av,pass,-0.2193,3.0
selected_ols_av,pass,-5.0984,0.0
selected_ols_av,pass,1.9197,0.0
selected_ols_av,pass,-0.1021,0.0
selected_ols_av,pass,-3.2847,4.0
selected_ols_av,pass,-1.0198,0.0
selected_ols_av,pass,-1.9575,2.0
selected_ols_av,pass,-1.0884,5.0
selected_ols_av,pass,1.3469,5.0
selected_ols_av,pass,2.9216,7.0
selected_ols_av,pass,2.3293,0.0
selected_ols_av,pass,-1.3769,3.0
selected_ols_av,pass,-0.8043,4.0
selected_ols_av,pass,-2.7243,7.0
selected_ols_av,pass,-1.085,6.0
selected_ols_av,pass,-4.3322,1.0
selected_ols_av,pass,-3.9265,5.0
selected_ols_av,pass,-3.9226,3.0
selected_ols_av,pass,1.351,0.0
selected_ols_av,pass,0.7252,9.0
selected_ols_av,pass,2.6257,0.0
selected_ols_av,pass,2.4056,0.0
selected_ols_av,pass,-2.1396,7.0
selected_ols_av,pass,-0.4025,0.0
selected_ols_av,pass,-0.5078,3.0
selected_ols_av,pass,-2.9555,5.0
selected_ols_av,pass,-1.734,6.0
selected_ols_av,pass,-0.8655,4.0
selected_ols_av,pass,3.661,7.0
selected_ols_av,pass,1.0664,9.0
selected_ols_av,pass,-4.9054,6.0
selected_ols_av,pass,2.5605,0.0
selected_ols_av,pass,-4.7379,0.0
selected_ols_av,pass,-1.7793,7.0
selected_ols_av,pass,-3.93,4.0
selected_ols_av,pass,-6.4795,5.0
selected_ols_av,pass,-0.8575,2.0
selected_ols_av,pass,-0.1473,1.0
selected_ols_av,pass,-2.1129,6.0
selected_ols_av,pass,0.3721,3.0
selected_ols_av,pass,-0.2732,0.0
selected_ols_av,pass,-1.597,5.0
selected_ols_av,pass,-1.3202,4.0
selected_ols_av,pass,-2.2579,0.0
selected_ols_av,pass,2.4513,6.0
selected_ols_av,pass,0.251,3.0
selected_ols_av,pass,3.9725,6.0
selected_ols_av,pass,-2.6969,2.0
selected_ols_av,pass,0.831,5.0
selected_ols_av,pass,-0.5044,4.0
selected_ols_av,pass,0.7252,6.0
selected_ols_av,pass,1.8218,5.0
selected_ols_av,pass,-4.2185,3.0
selected_ols_av,pass,0.2549,0.0
selected_ols_av,pass,-1.0237,0.0
selected_ols_av,pass,1.927,6.0
selected_ols_av,pass,-3.2322,2.0
selected_ols_av,pass,-1.9002,0.0
selected_ols_av,pass,1.6468,2.0
selected_ols_av,pass,-2.4769,4.0
selected_ols_av,pass,3.6681,0.0
selected_ols_av,pass,-0.9145,4.0
selected_ols_av,pass,2.2274,7.0
selected_ols_av,pass,-1.6126,1.0
selected_ols_av,pass,-0.6142,4.0
selected_ols_av,pass,-4.507,3.0
selected_ols_av,pass,-0.6827,0.0
selected_ols_av,pass,-1.4833,2.0
selected_ols_av,pass,-0.8088,4.0
selected_ols_av,pass,-4.5149,4.0
selected_ols_av,pass,-3.171,0.0
selected_ols_av,pass,-0.9712,3.0
selected_ols_av,pass,1.2412,7.0
selected_ols_av,pass,-1.3769,4.0
selected_ols_av,pass,0.3755,6.0
selected_ols_av,pass,-1.7865,0.0
selected_ols_av,pass,-3.4631,0.0
selected_ols_av,pass,-0.6254,2.0
selected_ols_av,pass,-1.4912,3.0
selected_ols_av,pass,2.1171,4.0
selected_ols_av,pass,-2.3558,3.0
selected_ols_av,pass,-2.0746,0.0
selected_ols_av,pass,-1.7791,4.0
selected_ols_av,pass,-2.9437,7.0
selected_ols_av,pass,-0.0375,4.0
selected_ols_av,pass,0.5922,5.0
selected_ols_av,pass,-2.9854,3.0
selected_ols_av,pass,2.0,0.0
selected_ols_av,pass,-0.2085,0.0
selected_ols_av,pass,-2.5415,0.0
selected_ols_av,pass,2.4547,6.0
selected_ols_av,pass,-4.2151,2.0
selected_ols_av,pass,-3.5243,0.0
selected_ols_av,pass,-3.8128,7.0
selected_ols_av,pass,-2.0638,3.0
selected_ols_av,pass,-0.7279,8.0
selected_ols_av,pass,-0.1021,5.0
selected_ols_av,pass,-4.2185,1.0
selected_ols_av,pass,0.8841,0.0
selected_ols_av,pass,-0.6181,1.0
selected_ols_av,pass,1.0137,6.0
selected_ols_av,pass,1.0628,5.0
selected_ols_av,pass,-3.0574,4.0
selected_ols_av,pass,-2.83,0.0
selected_ols_av,pass,0.08,0.0
selected_ols_av,pass,-1.4381,5.0
selected_ols_av,pass,-1.4416,7.0
selected_ols_av,pass,-2.9437,2.0
selected_ols_av,pass,-2.8912,4.0
selected_ols_av,pass,-1.5431,8.0
selected_ols_av,pass,-1.498,4.0
selected_ols_av,pass,2.2274,7.0
selected_ols_av,pass,-5.0337,3.0
selected_ols_av,pass,-1.3769,9.0
selected_ols_av,pass,-2.2613,5.0
selected_ols_av,pass,-0.9792,8.0
selected_ols_av,pass,1.3847,8.0
selected_ols_av,pass,0.0834,6.0
selected_ols_av,pass,0.2584,0.0
selected_ols_av,pass,-4.924,0.0
selected_ols_av,pass,-1.0317,8.0
selected_ols_av,pass,-2.83,2.0
selected_ols_av,pass,-1.9575,3.0
selected_ols_av,pass,-2.0026,6.0
selected_ols_av,pass,-0.6339,4.0
selected_ols_av,pass,-4.2185,4.0
selected_ols_av,pass,1.4494,5.0
selected_ols_av,pass,-2.3107,0.0
selected_ols_av,pass,-0.9061,2.0
selected_ols_av,pass,-1.8928,0.0
selected_ols_av,pass,-4.2185,7.0
selected_ols_av,pass,-3.0574,0.0
selected_ols_av,pass,-0.4432,3.0
selected_ols_av,pass,-0.6215,3.0
selected_ols_av,pass,3.3272,2.0
selected_ols_av,pass,3.3796,0.0
selected_ols_av,pass,-1.3128,4.0
selected_ols_av,pass,-2.6517,2.0
selected_ols_av,pass,-0.7279,0.0
selected_ols_av,pass,-1.0884,7.0
selected_ols_av,pass,-1.3769,4.0
selected_ols_av,pass,-4.6893,4.0
selected_ols_av,pass,2.1137,9.0
selected_ols_av,pass,-3.2402,7.0
selected_ols_av,pass,-4.7305,7.0
selected_ols_av,pass,-2.7654,8.0
selected_ols_av,pass,1.0628,0.0
selected_ols_av,pass,-1.597,0.0
selected_ols_av,pass,-1.9002,7.0
selected_ols_av,pass,0.7777,4.0
selected_ols_av,pass,-2.1848,8.0
selected_ols_av,pass,-5.2047,5.0
selected_ols_av,pass,-2.1163,0.0
selected_ols_av,pass,1.9236,0.0
selected_ols_av,pass,-1.134,0.0
selected_ols_av,pass,-3.4145,5.0
selected_ols_av,pass,-0.3713,3.0
selected_ols_av,pass,0.7704,8.0
selected_ols_av,pass,-2.3597,5.0
selected_ols_av,pass,-3.9339,3.0
selected_ols_av,pass,0.5306,0.0
selected_ols_av,pass,-4.442,2.0
selected_ols_av,pass,-3.7065,5.0
selected_ols_av,pass,-3.418,7.0
selected_ols_av,pass,-1.8477,3.0
selected_ols_av,pass,3.9078,0.0
selected_ols_av,pass,-2.9555,0.0
selected_ols_av,pass,-1.6616,5.0
selected_ols_av,pass,-3.0084,0.0
selected_ols_av,pass,-0.9712,0.0
selected_ols_av,pass,0.0762,9.0
selected_ols_av,pass,-2.9889,2.0
selected_ols_av,pass,-2.4695,1.0
selected_ols_av,pass,-0.2159,9.0
selected_ols_av,pass,-6.0126,0.0
selected_ols_av,pass,-3.2322,3.0
selected_ols_av,pass,0.9527,0.0
selected_ols_av,pass,-4.2185,7.0
selected_ols_av,pass,-1.4986,0.0
selected_ols_av,pass,2.9216,5.0
selected_ols_av,pass,2.5159,4.0
selected_ols_av,pass,1.7605,0.0
selected_ols_av,pass,-3.517,5.0
selected_ols_av,pass,2.159,4.0
selected_ols_av,pass,0.0762,5.0
selected_ols_av,pass,-1.3123,0.0
selected_ols_av,pass,1.1275,0.0
selected_ols_av,pass,1.5331,6.0
selected_ols_av,pass,-1.8963,2.0
selected_ols_av,pass,-1.5431,6.0
selected_ols_av,pass,3.0954,0.0
selected_ols_av,pass,-2.0712,1.0
selected_ols_av,pass,-0.3867,2.0
selected_ols_av,pass,-1.5553,0.0
selected_ols_av,pass,-4.2185,5.0
selected_ols_av,pass,-1.7832,5.0
selected_ols_av,pass,0.0683,0.0
selected_ols_av,pass,1.127,3.0
selected_ols_av,pass,2.9828,0.0
selected_ols_av,pass,-0.9145,7.0
selected_ols_av,pass,0.8807,3.0
selected_ols_av,pass,3.2057,4.0
selected_ols_av,pass,-1.3769,4.0
selected_ols_av,pass,-2.9477,0.0
selected_ols_av,pass,2.3978,0.0
selected_ols_av,pass,1.6468,5.0
selected_ols_av,pass,-3.4145,3.0
selected_ols_av,pass,-1.0848,3.0
selected_ols_av,pass,-3.1224,5.0
selected_ols_av,pass,-1.8511,3.0
selected_ols_av,pass,4.9508,3.0
selected_ols_av,pass,-4.1538,5.0
selected_ols_av,pass,-1.4906,4.0
selected_ols_av,pass,1.0697,3.0
selected_ols_av,pass,0.2466,0.0
selected_ols_av,pass,4.0181,3.0
selected_ols_av,pass,-2.2991,4.0
selected_ols_av,pass,-1.6768,5.0
selected_ols_av,pass,-1.7179,0.0
selected_ols_av,pass,-1.4906,5.0
selected_ols_av,pass,-3.2774,7.0
selected_ols_av,pass,-0.5078,5.0
selected_ols_av,pass,-2.0066,6.0
selected_ols_av,pass,-2.0712,0.0
selected_ols_av,pass,2.3978,2.0
selected_ols_av,pass,2.2726,3.0
selected_ols_av,pass,1.2367,8.0
selected_ols_av,pass,-2.474,2.0
selected_ols_av,pass,-4.2636,0.0
selected_ols_av,pass,-3.346,4.0
selected_ols_av,pass,1.5331,0.0
selected_ols_av,pass,0.7743,9.0
selected_ols_av,pass,2.4703,2.0
selected_ols_av,pass,-3.346,0.0
selected_ols_av,pass,-2.6023,3.0
selected_ols_av,pass,-3.9192,1.0
selected_ols_av,pass,-3.346,4.0
selected_ols_av,pass,3.2057,0.0
selected_ols_av,pass,-0.3869,0.0
selected_ols_av,pass,0.5459,5.0
selected_ols_av,pass,-1.597,6.0
selected_ols_av,pass,-3.171,7.0
selected_ols_av,pass,-1.6728,4.0
selected_ols_av,pass,-5.6755,0.0
selected_ols_av,pass,0.1447,0.0
selected_ols_av,pass,2.7394,2.0
selected_ols_av,pass,-2.6596,0.0
selected_ols_av,pass,-2.0746,0.0
selected_ols_av,pass,3.5623,2.0
selected_ols_av,pass,-2.4122,4.0
selected_ols_av,pass,5.7141,4.0
selected_ols_av,pass,0.4778,10.0
selected_ols_av,pass,-3.4631,0.0
selected_ols_av,pass,-0.4358,10.0
selected_ols_av,pass,-2.3597,7.0
selected_ols_av,pass,2.443,0.0
selected_ols_av,pass,1.18,5.0
selected_ols_av,pass,-3.171,0.0
selected_ols_av,pass,-3.0612,4.0
selected_ols_av,pass,-1.7865,5.0
selected_ols_av,pass,-0.7969,4.0
selected_ols_av,pass,5.9415,0.0
selected_ols_av,pass,1.351,0.0
selected_ols_av,pass,-0.6827,0.0
selected_ols_av,pass,1.2373,0.0
selected_ols_av,pass,-0.5158,4.0
selected_ols_av,pass,-0.91,2.0
selected_ols_av,pass,-0.5044,9.0
selected_ols_av,pass,-3.4072,6.0
selected_ols_av,pass,-5.9514,0.0
selected_ols_av,pass,0.0155,8.0
selected_ols_av,pass,-4.6281,7.0
selected_ols_av,pass,-3.5326,3.0
selected_ols_av,pass,1.5333,2.0
selected_ols_av,pass,1.0545,3.0
selected_ols_av,pass,1.0628,0.0
selected_ols_av,pass,-1.8889,2.0
selected_ols_av,pass,-2.5832,5.0
selected_ols_av,pass,-3.346,3.0
selected_ols_av,pass,-4.3248,9.0
selected_ols_av,pass,-1.1948,3.0
selected_ols_av,pass,-2.2266,4.0
selected_ols_av,pass,-0.5044,0.0
selected_ols_av,pass,-3.2813,0.0
selected_ols_av,pass,1.9236,6.0
selected_ols_av,pass,-6.0773,5.0
selected_ols_av,pass,-1.4833,2.0
selected_ols_av,pass,-3.1671,5.0
selected_ols_av,pass,5.061,0.0
selected_ols_av,pass,0.831,8.0
selected_ols_av,pass,-2.4769,0.0
selected_ols_av,pass,-1.0198,4.0
selected_ols_av,pass,-2.758,5.0
selected_ols_av,pass,-0.334,5.0
selected_ols_av,pass,0.7704,3.0
selected_ols_av,pass,-0.2202,6.0
selected_ols_av,pass,-0.1021,4.0
selected_ols_av,pass,-1.6043,2.0
selected_ols_av,pass,1.7035,0.0
selected_ols_av,pass,-0.505,4.0
selected_ols_av,pass,-1.1952,6.0
selected_ols_av,pass,0.5882,7.0
selected_ols_av,pass,3.1337,5.0
selected_ols_av,pass,0.1447,10.0
selected_ols_av,pass,-5.6069,2.0
selected_ols_av,pass,2.1465,7.0
selected_ols_av,pass,2.2274,5.0
selected_ols_av,pass,2.7315,0.0
selected_ols_av,pass,2.584,8.0
selected_ols_av,pass,0.615,3.0
selected_ols_av,pass,-2.2985,7.0
selected_ols_av,pass,-2.246,5.0
selected_ols_av,pass,0.7704,0.0
selected_ols_av,pass,3.8588,8.0
selected_ols_av,pass,0.4858,7.0
selected_ols_av,pass,-0.5044,4.0
selected_ols_av,pass,-1.0928,3.0
selected_ols_av,pass,2.7315,0.0
selected_ols_av,pass,-2.3631,0.0
selected_ols_av,pass,1.4641,3.0
selected_ols_av,pass,-4.2831,0.0
selected_ols_av,pass,0.1481,3.0
selected_ols_av,pass,-4.1538,6.0
selected_ols_av,pass,-0.3986,7.0
selected_ols_av,pass,1.6423,7.0
selected_ols_av,pass,0.8767,10.0
selected_ols_av,pass,-1.0967,8.0
selected_ols_av,pass,-0.3941,6.0
selected_ols_av,pass,1.5665,3.0
selected_ols_av,pass,-4.8641,8.0
selected_ols_av,pass,-0.6827,5.0
selected_ols_av,pass,-0.0375,0.0
selected_ols_av,pass,-1.8963,0.0
selected_ols_av,pass,0.8807,1.0
selected_ols_av,pass,-2.2574,5.0
selected_ols_av,pass,-0.91,4.0
selected_ols_av,pass,-1.0689,1.0
selected_ols_av,pass,-3.2847,4.0
selected_ols_av,pass,1.108,0.0
selected_ols_av,pass,0.888,0.0
selected_ols_av,pass,-2.8791,4.0
selected_ols_av,pass,1.7532,5.0
selected_ols_av,pass,0.5876,2.0
selected_ols_av,pass,1.4685,7.0
selected_ols_av,pass,0.182,3.0
selected_ols_av,pass,0.1368,3.0
selected_ols_av,pass,3.6159,4.0
selected_ols_av,pass,-0.8533,0.0
selected_ols_av,pass,-1.7871,0.0
selected_ols_av,pass,-3.5695,6.0
selected_ols_av,pass,-1.3196,4.0
selected_ols_av,pass,-0.6827,0.0
selected_ols_av,pass,-3.5846,0.0
selected_ols_av,pass,0.3641,8.0
selected_ols_av,pass,1.1688,1.0
selected_ols_av,pass,-0.9712,4.0
selected_ols_av,pass,-3.4748,7.0
selected_ols_av,pass,-2.8791,4.0
selected_ols_av,pass,-1.085,0.0
selected_ols_av,pass,-0.0381,2.0
selected_ols_av,pass,0.0189,7.0
selected_ols_av,pass,-2.2985,0.0
selected_ols_av,pass,-3.9265,0.0
selected_ols_av,pass,-0.6142,4.0
selected_ols_av,pass,-2.8419,0.0
selected_ols_av,pass,0.4745,0.0
selected_ols_av,pass,-1.2751,5.0
selected_ols_av,pass,-1.6495,2.0
selected_ols_av,pass,1.9767,9.0
selected_ols_av,pass,-1.4906,7.0
selected_ols_av,pass,1.4647,0.0
selected_ols_av,pass,1.0662,5.0
selected_ols_av,pass,1.8138,6.0
selected_ols_av,pass,-1.6616,0.0
selected_ols_av,pass,2.584,3.0
selected_ols_av,pass,-0.0375,1.0
selected_ols_av,pass,-3.2402,0.0
selected_ols_av,pass,-2.01,2.0
selected_ols_av,pass,-3.6997,2.0
selected_ols_av,pass,-1.4833,8.0
selected_ols_av,pass,-2.1129,5.0
selected_ols_av,pass,1.2446,0.0
selected_ols_av,pass,3.0954,0.0
selected_ols_av,pass,-3.4106,3.0
selected_ols_av,pass,-2.9437,2.0
selected_ols_av,pass,0.323,4.0
selected_ols_av,pass,1.2863,4.0
selected_ols_av,pass,-3.4631,0.0
selected_ols_av,pass,-0.9673,5.0
selected_ols_av,pass,-0.9219,0.0
selected_ols_av,pass,-3.0692,7.0
selected_ols_av,pass,-2.9962,7.0
selected_ols_av,pass,1.2373,0.0
selected_ols_av,pass,-2.2985,6.0
selected_ols_av,pass,0.9408,5.0
selected_ols_av,pass,-0.0375,3.0
selected_ols_av,pass,-1.5518,0.0
selected_ols_av,pass,0.4858,4.0
selected_ols_av,pass,-5.3111,4.0
selected_ols_av,pass,-0.2202,9.0
selected_ols_av,pass,-2.5259,3.0
selected_ols_av,pass,-4.3322,5.0
selected_ols_av,pass,-2.0066,2.0
selected_ols_av,pass,-1.9008,4.0
selected_ols_av,pass,1.1275,4.0
selected_ols_av,pass,-2.5342,8.0
selected_ols_av,pass,0.7207,6.0
selected_ols_av,pass,-3.171,3.0
selected_ols_av,pass,1.5253,0.0
selected_ols_av,pass,2.1171,7.0
selected_ols_av,pass,-1.5479,0.0
selected_ols_av,pass,0.6606,0.0
selected_ols_av,pass,0.1937,0.0
selected_ols_av,pass,-2.5259,3.0
selected_ols_av,pass,1.707,5.0
selected_ols_av,pass,-1.9575,5.0
selected_ols_av,pass,-0.5495,2.0
selected_ols_av,pass,-0.8415,0.0
selected_ols_av,pass,-0.9597,0.0
selected_ols_av,pass,0.0189,1.0
selected_ols_av,pass,-0.91,2.0
selected_ols_av,pass,-2.2494,4.0
selected_ols_av,pass,-2.5832,8.0
selected_ols_av,pass,-1.1335,4.0
selected_ols_av,pass,0.5425,2.0
selected_ols_av,pass,-3.0535,8.0
selected_ols_av,pass,-2.4122,0.0
selected_ols_av,pass,-0.5005,0.0
selected_ols_av,pass,0.3755,7.0
selected_ols_av,pass,5.9336,0.0
selected_ols_av,pass,-0.3986,4.0
selected_ols_av,pass,-0.5495,1.0
selected_ols_av,pass,-1.498,0.0
selected_ols_av,pass,-4.7991,0.0
selected_ols_av,pass,-5.6104,4.0
selected_ols_av,pass,-1.3808,6.0
selected_ols_av,pass,-2.1848,9.0
selected_ols_av,pass,-1.5553,5.0
selected_ols_av,pass,-0.261,3.0
selected_ols_av,pass,-0.5005,0.0
selected_ols_av,pass,-3.2813,5.0
selected_ols_av,pass,0.3647,4.0
selected_ols_av,pass,-1.9575,2.0
selected_ols_av,pass,0.3686,0.0
selected_ols_av,pass,-0.982,5.0
selected_ols_av,pass,-1.1913,5.0
selected_ols_av,pass,1.8178,4.0
selected_ols_av,pass,0.304,4.0
selected_ols_av,pass,-1.597,0.0
selected_ols_av,pass,0.1898,6.0
selected_ols_av,pass,-1.2711,10.0
selected_ols_av,pass,0.839,6.0
selected_ols_av,pass,-3.3494,4.0
selected_ols_av,pass,-2.4769,2.0
selected_ols_av,pass,-3.0992,4.0
selected_ols_av,pass,-2.838,0.0
selected_ols_av,pass,-2.4083,4.0
selected_ols_av,pass,2.0486,0.0
selected_ols_av,pass,-3.691,0.0
selected_ols_av,pass,-1.3085,6.0
selected_ols_av,pass,-1.4906,0.0
selected_ols_av,pass,0.7743,2.0
selected_ols_av,pass,-1.1496,5.0
selected_ols_av,pass,-0.3222,3.0
selected_ols_av,pass,1.931,3.0
selected_ols_av,pass,-1.085,2.0
selected_ols_av,pass,-3.5854,6.0
selected_ols_av,pass,0.5469,7.0
selected_ols_av,pass,1.6468,0.0
selected_ols_av,pass,-2.3107,0.0
selected_ols_av,pass,-0.0336,0.0
selected_ols_av,pass,1.6503,0.0
selected_ols_av,pass,-2.3597,0.0
selected_ols_av,pass,1.6395,0.0
selected_ols_av,pass,-1.3123,0.0
selected_ols_av,pass,-3.2808,8.0
selected_ols_av,pass,0.7287,3.0
selected_ols_av,pass,-2.4729,0.0
selected_ols_av,pass,1.7532,4.0
selected_ols_av,pass,0.7698,10.0
selected_ols_av,pass,-1.3814,0.0
selected_ols_av,pass,0.839,3.0
selected_ols_av,pass,-3.2935,4.0
selected_ols_av,pass,-2.0712,0.0
selected_ols_av,pass,-2.7614,0.0
selected_ols_av,pass,-0.1021,4.0
selected_ols_av,pass,0.8957,4.0
selected_ols_av,pass,-1.3849,0.0
selected_ols_av,pass,-0.1473,4.0
selected_ols_av,pass,-0.2085,0.0
selected_ols_av,pass,-0.3222,2.0
selected_ols_av,pass,-1.2633,4.0
selected_ols_av,pass,1.6503,2.0
selected_ols_av,pass,1.8138,4.0
selected_ols_av,pass,-1.3083,8.0
selected_ols_av,pass,1.5331,0.0
selected_ols_av,pass,-2.01,2.0
selected_ols_av,pass,3.6085,0.0
selected_ols_av,pass,-3.4748,9.0
selected_ols_av,pass,3.2135,4.0
selected_ols_av,pass,0.6443,3.0
selected_ols_av,pass,-1.6238,4.0
selected_ols_av,pass,-1.8477,5.0
selected_ols_av,pass,1.2373,0.0
selected_ols_av,pass,1.1765,0.0
selected_ols_av,pass,-5.0264,4.0
selected_ols_av,pass,-2.6479,4.0
selected_ols_av,pass,-0.1021,0.0
selected_ols_av,pass,1.8743,0.0
selected_ols_av,pass,-1.3849,6.0
selected_ols_av,pass,-4.0926,6.0
selected_ols_av,pass,2.6898,0.0
selected_ols_av,pass,-0.7317,2.0
selected_ols_av,pass,-1.4339,8.0
selected_ols_av,pass,-0.5495,7.0
selected_ols_av,pass,0.8991,0.0
selected_ols_av,pass,-2.5984,4.0
selected_ols_av,pass,-2.7654,4.0
selected_ols_av,pass,1.5331,0.0
selected_ols_av,pass,1.855,0.0
selected_ols_av,pass,0.8277,7.0
selected_ols_av,pass,-1.6582,7.0
selected_ols_av,pass,-1.9575,5.0
selected_ols_av,pass,-1.9575,2.0
selected_ols_av,pass,-1.2711,7.0
selected_ols_av,pass,0.2549,9.0
selected_ols_av,pass,-3.7477,0.0
selected_ols_av,pass,-2.4695,2.0
selected_ols_av,pass,-0.5575,3.0
selected_ols_av,pass,-1.9737,4.0
selected_ols_av,pass,3.5439,0.0
selected_ols_av,pass,-1.9541,3.0
selected_ols_av,pass,3.0353,0.0
selected_ols_av,pass,0.2618,5.0
selected_ols_av,pass,-1.4986,5.0
selected_ols_av,pass,3.0387,5.0
selected_ols_av,pass,0.4288,3.0
selected_ols_av,pass,-1.4833,2.0
selected_ols_av,pass,-1.6616,8.0
selected_ols_av,pass,1.5938,2.0
selected_ols_av,pass,0.2618,5.0
selected_ols_av,pass,0.1481,9.0
selected_ols_av,pass,-5.3111,4.0
selected_ols_av,pass,-0.1518,0.0
selected_ols_av,pass,-0.9792,2.0
selected_ols_av,pass,-4.2675,0.0
selected_ols_av,pass,-5.0303,6.0
selected_ols_av,pass,-3.346,2.0
selected_ols_av,pass,-0.6181,3.0
selected_ols_av,pass,0.4294,3.0
selected_ols_av,pass,-0.5853,5.0
selected_ols_av,pass,-0.5078,3.0
selected_ols_av,pass,-2.3631,8.0
selected_ols_av,pass,-2.3597,5.0
selected_ols_av,pass,0.6606,2.0
selected_ols_av,pass,0.5469,5.0
selected_ols_av,pass,-1.081,7.0
selected_ols_av,pass,0.4019,0.0
selected_ols_av,pass,-0.5005,0.0
selected_ols_av,pass,-7.0674,6.0
selected_ols_av,pass,-1.256,9.0
selected_ols_av,pass,-1.7871,7.0
selected_ols_av,pass,0.615,1.0
selected_ols_av,pass,-0.5044,5.0
selected_ols_av,pass,4.9959,7.0
selected_ols_av,pass,-2.2574,8.0
selected_ols_av,pass,-1.2751,3.0
selected_ols_av,pass,-0.3907,5.0
selected_ols_av,pass,-1.8928,9.0
selected_ols_av,pass,-3.8007,0.0
selected_ols_av,pass,0.5312,4.0
selected_ols_av,pass,-2.8339,5.0
selected_ols_av,pass,0.3035,0.0
selected_ols_av,pass,0.323,0.0
selected_ols_av,pass,-4.9245,8.0
selected_ols_av,pass,-0.5651,3.0
selected_ols_av,pass,0.251,2.0
selected_ols_av,pass,1.2937,0.0
selected_ols_av,pass,2.5159,6.0
selected_ols_av,pass,-1.0237,4.0
selected_ols_av,pass,0.7207,4.0
selected_ols_av,pass,-0.3907,4.0
selected_ols_av,pass,1.0662,5.0
selected_ols_av,pass,-3.2774,5.0
selected_ols_av,pass,-2.4122,7.0
selected_ols_av,pass,-0.6632,0.0
selected_ols_av,pass,-5.603,6.0
selected_ols_av,pass,0.5959,0.0
selected_ols_av,pass,1.18,3.0
selected_ols_av,pass,-1.597,5.0
selected_ols_av,pass,4.9998,6.0
selected_ols_av,pass,-1.6616,1.0
selected_ols_av,pass,-2.1359,3.0
selected_ols_av,pass,-2.9364,6.0
selected_ols_av,pass,-0.1061,0.0
selected_ols_av,pass,-1.9575,2.0
selected_ols_av,pass,-1.9501,2.0
selected_ols_av,pass,-0.4358,4.0
selected_ols_av,pass,3.0387,3.0
selected_ols_av,pass,-3.517,6.0
selected_ols_av,pass,-2.6517,3.0
selected_ols_av,pass,-1.5397,0.0
selected_ols_av,pass,0.7743,6.0
selected_ols_av,pass,1.5822,0.0
selected_ols_av,pass,-3.3014,0.0
selected_ols_av,pass,0.3035,3.0
selected_ols_av,pass,-1.4381,5.0
selected_ols_av,pass,-0.5078,0.0
selected_ols_av,pass,-0.334,6.0
selected_ols_av,pass,1.351,3.0
selected_ols_av,pass,-2.3631,8.0
selected_ols_av,pass,-1.426,9.0
selected_ols_av,pass,-1.8969,0.0
selected_ols_av,pass,3.0279,3.0
selected_ols_av,pass,1.3504,3.0
selected_ols_av,pass,2.1628,0.0
selected_ols_av,pass,-1.5636,7.0
selected_ols_av,pass,0.2995,0.0
selected_ols_av,pass,-1.3695,2.0
selected_ols_av,pass,-0.91,5.0
selected_ols_av,pass,2.1171,2.0
selected_ols_av,pass,1.9844,0.0
selected_ols_av,pass,2.0,3.0
selected_ols_av,pass,-5.0264,3.0
selected_ols_av,pass,-0.6754,3.0
selected_ols_av,pass,-1.8556,0.0
selected_ols_av,pass,1.1603,0.0
selected_ols_av,pass,1.5333,0.0
selected_ols_av,pass,-0.3986,6.0
selected_ols_av,pass,-4.2636,5.0
selected_ols_av,pass,-1.3769,5.0
selected_ols_av,pass,-0.2051,2.0
selected_ols_av,pass,-0.6259,2.0
selected_ols_av,pass,1.5978,3.0
selected_ols_av,pass,3.4337,6.0
selected_ols_av,pass,1.1309,5.0
selected_ols_av,pass,-3.8771,5.0
selected_ols_av,pass,-4.2871,0.0
selected_ols_av,pass,1.9966,0.0
selected_ols_av,pass,-0.9139,0.0
selected_ols_av,pass,-1.6043,2.0
selected_ols_av,pass,-2.181,0.0
selected_ols_av,pass,-0.1021,8.0
selected_ols_av,pass,-1.4461,3.0
selected_ols_av,pass,0.547,0.0
selected_ols_av,pass,-1.3769,5.0
selected_ols_av,pass,3.8588,0.0
selected_ols_av,pass,2.1137,7.0
selected_ols_av,pass,-4.0363,2.0
selected_ols_av,pass,1.1114,0.0
selected_ols_av,pass,-0.91,6.0
selected_ols_av,pass,-4.0362,5.0
selected_ols_av,pass,-0.7279,4.0
selected_ols_av,pass,-1.597,4.0
selected_ols_av,pass,-0.1021,2.0
selected_ols_av,pass,0.7013,0.0
selected_ols_av,pass,-0.5084,7.0
selected_ols_av,pass,-1.2677,0.0
selected_ols_av,pass,-1.2751,4.0
selected_ols_av,pass,2.4703,4.0
selected_ols_av,pass,-4.3934,4.0
selected_ols_av,pass,0.7743,0.0
selected_ols_av,pass,-2.3666,4.0
selected_ols_av,pass,0.9414,0.0
selected_ols_av,pass,-4.3322,0.0
selected_ols_av,pass,4.3747,0.0
selected_ols_av,pass,-2.83,3.0
selected_ols_av,pass,0.1481,2.0
selected_ols_av,pass,-3.4557,2.0
selected_ols_av,pass,-3.1676,0.0
selected_ols_av,pass,-1.7865,2.0
selected_ols_av,pass,-0.3986,2.0
selected_ols_av,pass,0.3157,0.0
selected_ols_av,pass,-2.0638,6.0
selected_ols_av,pass,0.8316,0.0
selected_ols_av,pass,0.5995,0.0
selected_ols_av,pass,-6.3697,3.0
selected_ols_av,pass,-1.422,0.0
selected_ols_av,pass,-3.9265,10.0
selected_ols_av,pass,0.2584,5.0
selected_ols_av,pass,-3.2847,0.0
selected_ols_av,pass,0.2584,0.0
selected_ols_av,pass,-0.8533,6.0
selected_ols_av,pass,1.4641,0.0
selected_ols_av,pass,-2.3558,3.0
selected_ols_av,pass,-0.6142,5.0
selected_ols_av,pass,1.0094,4.0
selected_ols_av,pass,-0.91,1.0
selected_ols_av,pass,1.6468,9.0
selected_ols_av,pass,-3.3494,0.0
selected_ols_av,pass,-2.0712,4.0
selected_ols_av,pass,-1.7865,5.0
selected_ols_av,pass,-1.9575,3.0
selected_ols_av,pass,-0.8575,4.0
selected_ols_av,pass,-2.0026,8.0
selected_ols_av,pass,-2.6479,3.0
selected_ols_av,pass,-2.8339,7.0
selected_ols_av,pass,2.0491,0.0
selected_ols_av,pass,0.4172,3.0
selected_ols_av,pass,-0.5005,0.0
selected_ols_av,pass,-1.7141,9.0
selected_ols_av,pass,5.9297,0.0
selected_ols_av,pass,-0.789,4.0
selected_ols_av,pass,-0.7324,5.0
selected_ols_av,pass,0.3001,3.0
selected_ols_av,pass,0.7252,0.0
selected_ols_av,pass,1.4647,3.0
selected_ols_av,pass,-5.2013,4.0
selected_ols_av,pass,-0.9712,4.0
selected_ols_av,pass,-3.342,5.0
selected_ols_av,pass,0.831,0.0
selected_ols_av,pass,1.5586,0.0
selected_ols_av,pass,0.011,2.0
selected_ols_av,pass,-2.9437,0.0
selected_ols_av,pass,-2.6562,5.0
selected_ols_av,pass,0.839,0.0
selected_ols_av,pass,0.3151,5.0
selected_ols_av,pass,-4.0363,0.0
selected_ols_av,pass,-1.5358,2.0
selected_ols_av,pass,-3.9383,6.0
selected_ols_av,pass,-0.1021,7.0
selected_ols_av,pass,0.4784,0.0
selected_ols_av,pass,-1.8438,0.0
selected_ols_av,pass,-5.2047,0.0
selected_ols_av,pass,-1.4912,4.0
selected_ols_av,pass,-1.2632,4.0
selected_ols_av,pass,-5.3954,3.0
selected_ols_av,pass,-1.0848,5.0
selected_ols_av,pass,-2.4695,3.0
selected_ols_av,pass,-0.6142,0.0
selected_ols_av,pass,-1.669,0.0
selected_ols_av,pass,1.2412,0.0
selected_ols_av,pass,-6.3811,4.0
selected_ols_av,pass,-1.4906,2.0
selected_ols_av,pass,-0.7279,2.0
selected_ols_av,pass,-0.6862,0.0
selected_ols_av,pass,-2.1893,2.0
selected_ols_av,pass,-3.5208,5.0
selected_ols_av,pass,-4.6854,0.0
selected_ols_av,pass,-3.6418,2.0
selected_ols_av,pass,0.6606,3.0
selected_ols_av,pass,-0.1473,0.0
selected_ols_av,pass,-3.7717,0.0
selected_ols_av,pass,2.9862,7.0
selected_ols_av,pass,-4.1087,0.0
selected_ols_av,pass,0.664,0.0
selected_ols_av,pass,-0.1473,0.0
selected_ols_av,pass,0.4858,2.0
selected_ols_av,pass,-3.2935,5.0
selected_ols_av,pass,-3.0501,8.0
selected_ols_av,pass,-0.2119,0.0
selected_ols_av,pass,-0.91,5.0
selected_ols_av,pass,-2.3597,7.0
selected_ols_av,pass,2.6223,0.0
selected_ols_av,pass,-2.7654,4.0
selected_ols_av,pass,-7.9938,1.0
selected_ols_av,pass,-2.254,6.0
selected_ols_av,pass,-1.0198,4.0
selected_ols_av,pass,-4.6207,2.0
selected_ols_av,pass,-1.9002,5.0
selected_ols_av,pass,-2.3058,0.0
selected_ols_av,pass,-4.1048,3.0
selected_ols_av,pass,1.351,1.0
selected_ols_av,pass,1.1648,0.0
selected_ols_av,pass,0.1447,4.0
selected_ols_av,pass,-4.8481,0.0
selected_ols_av,pass,-0.6221,7.0
selected_ols_av,pass,-0.4066,6.0
selected_ols_av,pass,-3.8775,0.0
selected_ols_av,pass,0.7057,4.0
selected_ols_av,pass,-2.8791,0.0
selected_ols_av,pass,-3.8653,0.0
selected_ols_av,pass,-1.9008,6.0
selected_ols_av,pass,-1.2677,2.0
selected_ols_av,pass,-0.2159,0.0
selected_ols_av,pass,-1.1501,8.0
selected_ols_av,pass,-0.91,8.0
selected_ols_av,pass,0.7287,5.0
selected_ols_av,pass,1.4719,1.0
selected_ols_av,pass,1.5704,0.0
selected_ols_av,pass,-3.8614,6.0
selected_ols_av,pass,2.0491,4.0
selected_ols_av,pass,-0.2085,2.0
selected_ols_av,pass,-3.0573,6.0
selected_ols_av,pass,-0.9712,1.0
selected_ols_av,pass,-0.1507,8.0
selected_ols_av,pass,-5.2121,4.0
selected_ols_av,pass,-0.5617,3.0
selected_ols_av,pass,-1.8517,7.0
selected_ols_av,pass,3.9725,6.0
selected_ols_av,pass,-4.2185,7.0
selected_ols_av,pass,-2.9854,0.0
selected_ols_av,pass,-0.5078,0.0
selected_ols_av,pass,1.351,1.0
selected_ols_av,pass,-5.1435,1.0
selected_ols_av,pass,-2.1776,0.0
selected_ols_av,pass,-4.7997,5.0
selected_ols_av,pass,-1.0237,3.0
selected_ols_av,pass,-2.246,1.0
selected_ols_av,pass,-0.5495,0.0
selected_ols_av,pass,5.2883,0.0
selected_ols_av,pass,-4.4458,5.0
selected_ols_av,pass,-2.7129,3.0
selected_ols_av,pass,1.1309,0.0
selected_ols_av,pass,2.4056,8.0
selected_ols_av,pass,1.1765,0.0
selected_ols_av,pass,-1.3843,6.0
selected_ols_av,pass,-0.6906,2.0
selected_ols_av,pass,0.0762,0.0
selected_ols_av,pass,0.3721,0.0
selected_ols_av,pass,0.1447,7.0
selected_ols_av,pass,1.351,4.0
selected_ols_av,pass,-3.8163,7.0
selected_ols_av,pass,-0.2159,0.0
selected_ols_av,pass,-2.4244,7.0
selected_ols_av,pass,3.2063,4.0
selected_ols_av,pass,-1.6616,2.0
selected_ols_av,pass,-0.6254,3.0
selected_ols_av,pass,0.5309,3.0
selected_ols_av,pass,-2.8791,1.0
selected_ols_av,pass,0.1932,4.0
selected_ols_av,pass,-2.01,2.0
selected_ols_av,pass,-6.0812,2.0
selected_ols_av,pass,-4.0363,4.0
selected_ols_av,pass,-0.6181,3.0
selected_ols_av,pass,-2.2991,5.0
selected_ols_av,pass,-1.3775,3.0
selected_ols_av,pass,-0.0336,4.0
selected_ols_av,pass,1.6434,0.0
selected_ols_av,pass,-0.5044,0.0
selected_ols_av,pass,-2.8791,3.0
selected_ols_av,pass,0.6567,9.0
selected_ols_av,pass,-0.4477,4.0
selected_ols_av,pass,-3.5243,2.0
selected_ols_av,pass,1.6351,6.0
selected_ols_av,pass,-1.597,3.0
selected_ols_av,pass,0.3641,0.0
selected_ols_av,pass,4.4394,5.0
selected_ols_av,pass,1.3464,6.0
selected_ols_av,pass,-1.1335,6.0
selected_ols_av,pass,-3.995,8.0
selected_ols_av,pass,-3.5281,1.0
selected_ols_av,pass,0.4784,5.0
selected_ols_av,pass,1.6468,3.0
selected_ols_av,pass,-1.9609,0.0
selected_ols_av,pass,-0.569,7.0
selected_ols_av,pass,2.224,5.0
selected_ols_av,pass,3.0999,6.0
selected_ols_av,pass,0.7663,0.0
selected_ols_av,pass,3.6159,0.0
selected_ols_av,pass,0.6532,0.0
selected_ols_av,pass,-1.7871,5.0
selected_ols_av,pass,-1.9654,7.0
selected_ols_av,pass,2.3372,6.0
selected_ols_av,pass,-2.2418,8.0
selected_ols_av,pass,-5.4359,6.0
selected_ols_av,pass,-1.9614,7.0
selected_ols_av,pass,-5.0876,6.0
selected_ols_av,pass,-0.6945,0.0
selected_ols_av,pass,-1.8963,0.0
selected_ols_av,pass,-1.669,0.0
selected_ols_av,pass,-3.6345,3.0
selected_ols_av,pass,1.5331,0.0
selected_ols_av,pass,1.1275,6.0
selected_ols_av,pass,-0.577,6.0
selected_ols_av,pass,-2.8339,0.0
selected_ols_av,pass,-0.5158,0.0
selected_ols_av,pass,-1.3849,3.0
selected_ols_av,pass,0.7777,6.0
selected_ols_av,pass,-4.7379,3.0
selected_ols_av,pass,-0.9786,3.0
selected_ols_av,pass,3.9645,0.0
selected_ols_av,pass,-2.3558,7.0
selected_ols_av,pass,-1.4906,3.0
selected_ols_av,pass,-3.1755,4.0
selected_ols_av,pass,0.1481,6.0
selected_ols_av,pass,1.0623,0.0
selected_ols_av,pass,-3.4557,5.0
selected_ols_av,pass,-3.8163,4.0
selected_ols_av,pass,0.9447,4.0
selected_ols_av,pass,-0.3222,0.0
selected_ols_av,pass,3.6159,3.0
selected_ols_av,pass,-2.8791,0.0
selected_ols_av,pass,-0.6181,9.0
selected_ols_av,pass,0.3602,5.0
selected_ols_av,pass,-1.8963,4.0
selected_ols_av,pass,0.8807,7.0
selected_ols_av,pass,-0.5044,5.0
selected_ols_av,pass,0.3647,0.0
selected_ols_av,pass,-1.6048,5.0
selected_ols_av,pass,-1.9575,0.0
selected_ols_av,pass,0.2549,0.0
selected_ols_av,pass,0.4666,0.0
selected_ols_av,pass,-2.3592,2.0
selected_ols_av,pass,0.0116,7.0
selected_ols_av,pass,3.5056,4.0
selected_ols_av,pass,-3.2357,3.0
selected_ols_av,pass,1.708,3.0
selected_ols_av,pass,-2.1973,4.0
selected_ols_av,pass,-3.8659,4.0
selected_ols_av,pass,1.2373,0.0
selected_ols_av,pass,-0.2159,7.0
selected_ols_av,pass,1.3504,0.0
selected_ols_av,pass,-1.3202,4.0
selected_ols_av,pass,-1.597,0.0
selected_ols_av,pass,-3.2847,2.0
selected_ols_av,pass,-2.8791,6.0
selected_ols_av,pass,-2.4244,5.0
selected_ols_av,pass,2.5159,3.0
selected_ols_av,pass,0.2549,5.0
selected_ols_av,pass,1.8669,0.0
selected_ols_av,pass,3.8553,2.0
selected_ols_av,pass,-1.4867,7.0
selected_ols_av,pass,0.0762,0.0
selected_ols_av,pass,1.1921,1.0
selected_ols_av,pass,-4.1013,2.0
selected_ols_av,pass,-1.6087,3.0
selected_ols_av,pass,-0.2576,5.0
selected_ols_av,pass,-2.4122,4.0
selected_ols_av,pass,1.2412,0.0
selected_ols_av,pass,-1.9648,4.0
selected_ols_av,pass,-0.7279,5.0
selected_ols_av,pass,0.3001,4.0
selected_ols_av,pass,-0.6215,0.0
selected_ols_av,pass,-0.6871,9.0
selected_ols_av,pass,-2.8825,3.0
selected_ols_av,pass,-0.5044,2.0
selected_ols_av,pass,-2.0712,6.0
selected_ols_av,pass,-3.8128,1.0
selected_ols_av,pass,-0.8649,5.0
selected_ols_av,pass,-0.2883,2.0
selected_ols_av,pass,-5.7853,2.0
selected_ols_av,pass,-3.8167,4.0
selected_ols_av,pass,-0.91,5.0
selected_ols_av,pass,0.2584,0.0
selected_ols_av,pass,0.4858,4.0
selected_ols_av,pass,-1.7797,0.0
selected_ols_av,pass,-0.7318,0.0
selected_ols_av,pass,-2.1163,6.0
selected_ols_av,pass,-2.0712,4.0
selected_ols_av,pass,-3.2368,4.0
selected_ols_av,pass,-1.9042,0.0
selected_ols_av,pass,-1.3775,5.0
selected_ols_av,pass,-0.9712,0.0
selected_ols_av,pass,-3.4557,0.0
selected_ols_av,pass,-2.0026,0.0
selected_ols_av,pass,-4.3283,5.0
selected_ols_av,pass,-3.414,4.0
selected_ols_av,pass,-0.0375,7.0
selected_ols_av,pass,-2.4244,6.0
selected_ols_av,pass,0.9492,5.0
selected_ols_av,pass,0.4288,7.0
selected_ols_av,pass,-4.2224,4.0
selected_ols_av,pass,0.6443,5.0
selected_ols_av,pass,0.4784,5.0
selected_ols_av,pass,1.4116,0.0
selected_ols_av,pass,-8.3383,4.0
selected_ols_av,pass,5.3609,0.0
selected_ols_av,pass,-2.83,4.0
selected_ols_av,pass,-4.2675,7.0
selected_ols_av,pass,1.1229,5.0
selected_ols_av,pass,0.2584,5.0
selected_ols_av,pass,-0.1512,5.0
selected_ols_av,pass,-3.2853,3.0
selected_ols_av,pass,0.8841,0.0
selected_ols_av,pass,-1.7871,0.0
selected_ols_av,pass,2.0491,0.0
selected_ols_av,pass,-3.8653,5.0
selected_ols_av,pass,0.4288,2.0
selected_ols_av,pass,1.059,0.0
selected_ols_av,pass,-2.5419,5.0
selected_ols_av,pass,-3.2283,0.0
selected_ols_av,pass,-0.0375,0.0
selected_ols_av,pass,-3.8202,7.0
selected_ols_av,pass,-0.0381,0.0
selected_ols_av,pass,-2.6479,4.0
selected_ols_av,pass,-1.3123,0.0
selected_ols_av,pass,-5.0955,5.0
selected_ols_av,pass,0.08,3.0
selected_ols_av,pass,-1.4867,1.0
selected_ols_av,pass,-3.9265,6.0
selected_ols_av,pass,4.2337,4.0
selected_ols_av,pass,0.0683,4.0
selected_ols_av,pass,-1.1335,7.0
selected_ols_av,pass,3.0353,0.0
selected_ols_av,pass,0.664,7.0
selected_ols_av,pass,0.4138,0.0
selected_ols_av,pass,-5.6143,5.0
selected_ols_av,pass,2.9216,4.0
selected_ols_av,pass,1.5333,0.0
selected_ols_av,pass,-1.2711,0.0
selected_ols_av,pass,-0.9747,3.0
selected_ols_av,pass,-1.1457,3.0
selected_ols_av,pass,1.0662,4.0
selected_ols_av,pass,-2.9364,7.0
selected_ols_av,pass,1.3469,6.0
selected_ols_av,pass,-3.9829,2.0
selected_ols_av,pass,0.2584,0.0
selected_ols_av,pass,-0.9673,0.0
selected_ols_av,pass,-0.6215,4.0
selected_ols_av,pass,0.9374,0.0
selected_ols_av,pass,-3.6991,0.0
selected_ols_av,pass,-0.5078,9.0
selected_ols_av,pass,-4.1618,8.0
selected_ols_av,pass,2.9862,0.0
selected_ols_av,pass,0.7057,0.0
selected_ols_av,pass,-2.4734,3.0
selected_ols_av,pass,-4.9089,3.0
selected_ols_av,pass,2.7276,8.0
selected_ols_av,pass,2.0525,4.0
selected_ols_av,pass,3.5657,6.0
selected_ols_av,pass,-2.1927,0.0
selected_ols_av,pass,1.059,0.0
selected_ols_av,pass,-4.2185,4.0
selected_ols_av,pass,-1.6043,4.0
selected_ols_av,pass,3.1456,0.0
selected_ols_av,pass,0.7669,0.0
selected_ols_av,pass,-0.2769,0.0
selected_ols_av,pass,-1.9575,2.0
selected_ols_av,pass,-4.8481,4.0
selected_ols_av,pass,-2.3631,0.0
selected_ols_av,pass,-2.3631,8.0
selected_ols_av,pass,-1.5518,3.0
selected_ols_av,pass,1.3093,4.0
selected_ols_av,pass,0.8316,4.0
selected_ols_av,pass,2.4703,4.0
selected_ols_av,pass,-1.8889,0.0
selected_ols_av,pass,2.8452,6.0
selected_ols_av,pass,3.4977,7.0
selected_ols_av,pass,0.0762,6.0
selected_ols_av,pass,1.0539,6.0
selected_ols_av,pass,0.6606,0.0
selected_ols_av,pass,-1.7259,2.0
selected_ols_av,pass,-2.3631,2.0
selected_ols_av,pass,2.0491,0.0
selected_ols_av,pass,0.5503,0.0
selected_ols_av,pass,-1.3843,6.0
selected_ols_av,pass,0.0683,5.0
selected_ols_av,pass,0.839,2.0
selected_ols_av,pass,1.1275,6.0
selected_ols_av,pass,-2.9437,0.0
selected_ols_av,pass,-2.1163,3.0
selected_ols_av,pass,-1.0278,3.0
selected_ols_av,pass,1.3549,2.0
selected_ols_av,pass,-6.3658,2.0
selected_ols_av,pass,2.5194,4.0
selected_ols_av,pass,-1.7791,1.0
selected_ols_av,pass,0.839,0.0
selected_ols_av,pass,-2.7654,8.0
selected_ols_av,pass,-3.9192,5.0
selected_ols_av,pass,-2.0026,4.0
selected_ols_av,pass,-1.085,9.0
selected_ols_av,pass,-2.5186,5.0
selected_ols_av,pass,-2.7733,5.0
selected_ols_av,pass,-1.8438,3.0
selected_ols_av,pass,-1.3814,4.0
selected_ols_av,pass,0.839,3.0
selected_ols_av,pass,-2.8717,6.0
selected_ols_av,pass,-3.0574,4.0
selected_ols_av,pass,-1.3085,0.0
selected_ols_av,pass,1.7487,3.0
selected_ols_av,pass,-3.2847,0.0
selected_ols_av,pass,-1.8477,7.0
selected_ols_av,pass,3.3238,0.0
selected_ols_av,pass,-0.0375,3.0
selected_ols_av,pass,1.2412,3.0
selected_ols_av,pass,0.0683,6.0
selected_ols_av,pass,-0.2159,8.0
selected_ols_av,pass,0.3721,6.0
selected_ols_av,pass,-3.6418,6.0
selected_ols_av,pass,-1.3085,2.0
selected_ols_av,pass,-2.4734,6.0
selected_ols_av,pass,-3.8128,0.0
selected_ols_av,pass,-1.6004,8.0
selected_ols_av,pass,-4.6241,7.0
selected_ols_av,pass,-2.83,3.0
selected_ols_av,pass,0.7698,3.0
selected_ols_av,pass,0.664,3.0
selected_ols_av,pass,-0.6871,7.0
selected_ols_av,pass,-0.8008,7.0
selected_ols_av,pass,1.0545,4.0
selected_ols_av,pass,0.7097,0.0
selected_ols_av,pass,-3.4631,4.0
selected_ols_av,pass,-2.1774,4.0
selected_ols_av,pass,-4.0436,8.0
selected_ols_av,pass,0.831,7.0
selected_ols_av,pass,0.7704,4.0
selected_ols_av,pass,3.6159,0.0
selected_ols_av,pass,-3.9717,0.0
selected_ols_av,pass,3.6079,0.0
selected_ols_av,pass,-1.1948,3.0
selected_ols_av,pass,3.0245,0.0
selected_ols_av,pass,-4.7305,2.0
selected_ols_av,pass,-1.3128,4.0
selected_ols_av,pass,-2.1848,7.0
selected_ols_av,pass,0.8344,0.0
selected_ols_av,pass,-1.9501,10.0
selected_ols_av,pass,-5.6682,6.0
selected_ols_av,pass,-0.9174,0.0
selected_ols_av,pass,-2.0673,5.0
selected_ols_av,pass,-6.0777,7.0
selected_ols_av,pass,2.1137,1.0
selected_ols_av,pass,-2.1398,2.0
selected_ols_av,pass,-1.0884,0.0
selected_ols_av,pass,-0.2119,0.0
selected_ols_av,pass,1.3549,0.0
selected_ols_av,pass,-0.918,0.0
selected_ols_av,pass,1.1765,0.0
selected_ols_av,pass,-2.2985,0.0
selected_ols_av,pass,-2.4769,0.0
selected_ols_av,pass,1.1765,0.0
selected_ols_av,pass,-1.4906,0.0
selected_ols_av,pass,1.7532,0.0
selected_ols_av,pass,-0.6827,7.0
selected_ols_av,pass,-3.7516,6.0
selected_ols_av,pass,0.7252,0.0
selected_ols_av,pass,-2.4886,1.0
selected_ols_av,pass,-3.4106,2.0
selected_ols_av,pass,2.3978,6.0
selected_ols_av,pass,-4.2185,3.0
selected_ols_av,pass,0.5803,6.0
selected_ols_av,pass,0.7131,7.0
selected_ols_av,pass,-2.2421,1.0
selected_ols_av,pass,-1.8963,7.0
selected_ols_av,pass,1.5665,4.0
selected_ols_av,pass,-1.3888,0.0
selected_ols_av,pass,0.7252,4.0
selected_ols_av,pass,-1.4833,2.0
selected_ols_av,pass,-1.5518,0.0
selected_ols_av,pass,4.0181,8.0
selected_ols_av,pass,-0.334,0.0
selected_ols_av,pass,-1.4294,8.0
selected_ols_av,pass,-2.7654,4.0
selected_ols_av,pass,0.3647,1.0
selected_ols_av,pass,0.1937,3.0
selected_ols_av,pass,-1.6043,3.0
selected_ols_av,pass,-2.7733,3.0
selected_ols_av,pass,-6.5932,8.0
selected_ols_av,pass,1.708,0.0
selected_ols_av,pass,-0.7244,1.0
selected_ols_av,pass,-0.91,2.0
selected_ols_av,pass,1.7532,9.0
selected_ols_av,pass,1.0697,3.0
selected_ols_av,pass,-3.8041,5.0
selected_ols_av,pass,-0.1021,7.0
selected_ols_av,pass,-1.9609,0.0
selected_ols_av,pass,1.4647,0.0
selected_ols_av,pass,-0.5044,3.0
selected_ols_av,pass,1.18,3.0
selected_ols_av,pass,2.2274,3.0
selected_ols_av,pass,-3.0049,4.0
selected_ols_av,pass,1.8669,3.0
selected_ols_av,pass,0.9972,2.0
selected_ols_av,pass,0.3676,8.0
selected_ols_av,pass,-4.2185,7.0
selected_ols_av,pass,1.7605,6.0
selected_ols_av,pass,-1.1001,2.0
selected_ols_av,pass,-3.8163,0.0
selected_ols_av,pass,-2.6479,3.0
selected_ols_av,pass,1.1692,0.0
selected_ols_av,pass,-1.9609,2.0
selected_ols_av,pass,-1.6654,6.0
selected_ols_av,pass,-0.6754,7.0
selected_ols_av,pass,-2.659,3.0
selected_ols_av,pass,-2.8339,0.0
selected_ols_av,pass,-3.4106,4.0
selected_ols_av,pass,-1.1301,7.0
selected_ols_av,pass,-2.5381,4.0
selected_ols_av,pass,-0.7963,2.0
selected_ols_av,pass,3.3238,0.0
selected_ols_av,pass,-2.2985,0.0
selected_ols_av,pass,-1.5358,0.0
selected_ols_av,pass,0.4774,7.0
selected_ols_av,pass,-6.0126,1.0
selected_ols_av,pass,-2.9889,4.0
selected_ols_av,pass,-2.3637,0.0
selected_ols_av,pass,0.5882,3.0
selected_ols_av,pass,-2.5342,1.0
selected_ols_av,pass,-0.7318,3.0
selected_ols_av,pass,-5.3795,5.0
selected_ols_av,pass,1.3058,3.0
selected_ols_av,pass,2.6859,6.0
selected_ols_av,pass,1.2974,4.0
selected_ols_av,pass,-0.5078,7.0
selected_ols_av,pass,-0.6142,4.0
selected_ols_av,pass,-1.7871,4.0
selected_ols_av,pass,-1.4373,0.0
selected_ols_av,pass,-4.1121,6.0
selected_ols_av,pass,2.9098,0.0
selected_ols_av,pass,0.694,3.0
selected_ols_av,pass,-0.7969,0.0
selected_ols_av,pass,-0.91,3.0
selected_ols_av,pass,-3.2322,0.0
selected_ols_av,pass,-1.8928,8.0
selected_ols_av,pass,0.4778,3.0
selected_ols_av,pass,2.5806,0.0
selected_ols_av,pass,1.7493,4.0
selected_ols_av,pass,-0.0948,2.0
selected_ols_av,pass,-2.01,0.0
selected_ols_av,pass,0.6567,3.0
selected_ols_av,pass,-0.789,6.0
selected_ols_av,pass,-1.6004,6.0
selected_ols_av,pass,2.0491,0.0
selected_ols_av,pass,-2.9962,0.0
selected_ols_av,pass,0.4367,0.0
selected_ols_av,pass,-0.9027,0.0
selected_ols_av,pass,2.3978,0.0
selected_ols_av,pass,-2.7202,6.0
selected_ols_av,pass,-0.5078,2.0
selected_ols_av,pass,0.4093,4.0
selected_ols_av,pass,-1.1007,2.0
selected_ols_av,pass,0.6567,0.0
selected_ols_av,pass,-2.7894,8.0
selected_ols_av,pass,-2.6562,6.0
selected_ols_av,pass,-2.1163,3.0
selected_ols_av,pass,-2.3677,3.0
selected_ols_av,pass,-2.3637,0.0
selected_ols_av,pass,-3.6379,0.0
selected_ols_av,pass,3.6085,4.0
selected_ols_av,pass,-1.7791,6.0
selected_ols_av,pass,-4.6927,3.0
selected_ols_av,pass,0.8801,5.0
selected_ols_av,pass,1.6395,0.0
selected_ols_av,pass,-3.2847,9.0
selected_ols_av,pass,3.2063,2.0
selected_ols_av,pass,2.1588,8.0
selected_ols_av,pass,1.7041,0.0
selected_ols_av,pass,-1.9575,1.0
selected_ols_av,pass,0.5836,7.0
selected_ols_av,pass,1.4195,4.0
selected_ols_av,pass,-2.5387,0.0
selected_ols_av,pass,0.7097,7.0
selected_ols_av,pass,0.8277,5.0
selected_ols_av,pass,1.5331,5.0
selected_ols_av,pass,0.7097,0.0
selected_ols_av,pass,-0.918,4.0
selected_ols_av,pass,3.0387,0.0
selected_ols_av,pass,-3.1676,2.0
selected_ols_av,pass,-1.8243,3.0
selected_ols_av,pass,-0.91,4.0
selected_ols_av,pass,2.1738,0.0
selected_ols_av,pass,1.2446,1.0
selected_ols_av,pass,0.3647,5.0
selected_ols_av,pass,1.3549,2.0
selected_ols_av,pass,-2.4769,0.0
selected_ols_av,pass,0.3647,0.0
selected_ols_av,pass,0.5309,6.0
selected_ols_av,pass,-4.5595,8.0
selected_ols_av,pass,-1.7865,8.0
selected_ols_av,pass,-1.6043,0.0
selected_ols_av,pass,-1.426,3.0
selected_ols_av,pass,-0.1021,5.0
selected_ols_av,pass,-2.8374,2.0
selected_ols_av,pass,-1.498,8.0
selected_ols_av,pass,1.3583,4.0
selected_ols_av,pass,-1.7797,2.0
selected_ols_av,pass,0.8761,0.0
selected_ols_av,pass,2.6898,7.0
selected_ols_av,pass,0.0036,5.0
selected_ols_av,pass,2.1137,3.0
selected_ols_av,pass,-3.7443,4.0
selected_ols_av,pass,-1.0164,3.0
selected_ols_av,pass,-0.1512,0.0
selected_ols_av,pass,2.224,0.0
selected_ols_av,pass,-7.0635,0.0
selected_ols_av,pass,-6.0773,4.0
selected_ols_av,pass,-5.6594,0.0
selected_ols_av,pass,-3.4106,0.0
selected_ols_av,pass,-0.4358,7.0
selected_ols_av,pass,3.4948,0.0
selected_ols_av,pass,-4.0401,10.0
selected_ols_av,pass,0.007,2.0
selected_ols_av,pass,-3.9226,0.0
selected_ols_av,pass,-0.91,0.0
selected_ols_av,pass,-0.5117,3.0
selected_ols_av,pass,1.8624,0.0
selected_ols_av,pass,1.1726,0.0
selected_ols_av,pass,-2.1359,6.0
selected_ols_av,pass,-3.0501,2.0
selected_ols_av,pass,-0.2085,3.0
selected_ols_av,pass,-1.9575,0.0
selected_ols_av,pass,-2.8791,0.0
selected_ols_av,pass,-2.5832,1.0
selected_ols_av,pass,-1.0884,4.0
selected_ols_av,pass,3.5022,0.0
selected_ols_av,pass,-0.6181,5.0
selected_ols_av,pass,1.0584,0.0
selected_ols_av,pass,1.7115,8.0
selected_ols_av,pass,-0.7313,7.0
selected_ols_av,pass,-0.6142,6.0
selected_ols_av,pass,-2.8227,8.0
selected_ols_av,pass,-0.5044,0.0
selected_ols_av,pass,3.9044,0.0
selected_ols_av,pass,-1.5479,6.0
selected_ols_av,pass,-1.0243,4.0
selected_ols_av,pass,-1.4455,4.0
selected_ols_av,pass,3.0429,4.0
selected_ols_av,pass,1.415,0.0
selected_ols_av,pass,3.6085,5.0
selected_ols_av,pass,-1.081,5.0
selected_ols_av,pass,1.4,0.0
selected_ols_av,pass,0.8841,5.0
selected_ols_av,pass,1.7115,5.0
selected_ols_av,pass,-0.3869,0.0
selected_ols_av,pass,-1.7871,0.0
selected_ols_av,pass,2.443,2.0
selected_ols_av,pass,-6.4868,5.0
selected_ols_av,pass,-3.7516,6.0
selected_ols_av,pass,2.5159,2.0
selected_ols_av,pass,-2.7614,0.0
selected_ols_av,pass,-0.5123,3.0
selected_ols_av,pass,4.9553,2.0
selected_ols_av,pass,-3.9265,5.0
selected_ols_av,pass,-2.9403,0.0
selected_ols_av,pass,0.6606,4.0
selected_ols_av,pass,-0.0375,4.0
selected_ols_av,pass,0.4172,3.0
selected_ols_av,pass,-1.9575,6.0
selected_ols_av,pass,-1.0237,3.0
selected_ols_av,pass,-3.2322,9.0
selected_ols_av,pass,-0.042,0.0
selected_ols_av,pass,1.3058,4.0
selected_ols_av,pass,-0.5575,7.0
selected_ols_av,pass,0.1898,3.0
selected_ols_av,pass,0.839,0.0
selected_ols_av,pass,-2.7654,0.0
selected_ols_av,pass,-1.3814,4.0
selected_ols_av,pass,2.1058,0.0
selected_ols_av,pass,0.4666,0.0
selected_ols_av,pass,-2.0712,0.0
selected_ols_av,pass,-2.0712,1.0
selected_ols_av,pass,0.9447,0.0
selected_ols_av,pass,-5.3184,5.0
selected_ols_av,pass,1.4647,8.0
selected_ols_av,pass,-3.8775,1.0
selected_ols_av,pass,5.4712,6.0
selected_ols_av,pass,0.9453,6.0
selected_ols_av,pass,-1.7107,3.0
selected_ols_av,pass,1.8172,5.0
selected_ols_av,pass,-5.964,7.0
selected_ols_av,pass,-0.6827,9.0
selected_ols_av,pass,-1.7826,3.0
selected_ols_av,pass,-0.5617,1.0
selected_ols_av,pass,-2.4128,7.0
selected_ols_av,pass,2.5194,1.0
selected_ols_av,pass,-5.7167,1.0
selected_ols_av,pass,2.6898,3.0
selected_ols_av,pass,-1.9575,0.0
selected_ols_av,pass,-0.6142,0.0
selected_ols_av,pass,1.7041,4.0
selected_ols_av,pass,-3.3494,8.0
selected_ols_av,pass,-0.3222,1.0
selected_ols_av,pass,1.2863,5.0
selected_ols_av,pass,2.6257,0.0
selected_ols_av,pass,1.4686,0.0
selected_ols_av,pass,-1.0283,0.0
selected_ols_av,pass,1.5978,6.0
selected_ols_av,pass,0.3035,0.0
selected_ols_av,pass,-1.426,5.0
selected_ols_av,pass,-0.1439,5.0
selected_ols_av,pass,-1.3123,7.0
selected_ols_av,pass,0.3074,3.0
selected_ols_av,pass,0.6532,0.0
selected_ols_av,pass,-2.8752,4.0
selected_ols_av,pass,4.1239,3.0
selected_ols_av,pass,1.2412,3.0
selected_ols_av,pass,-1.3769,4.0
selected_ols_av,pass,-5.0303,0.0
selected_ols_av,pass,2.1628,0.0
selected_ols_av,pass,0.4322,7.0
selected_ols_av,pass,0.1937,0.0
selected_ols_av,pass,1.8178,4.0
selected_ols_av,pass,0.4739,5.0
selected_ols_av,pass,-5.6716,0.0
selected_ols_av,pass,-0.0375,2.0
selected_ols_av,pass,0.323,6.0
selected_ols_av,pass,4.3747,0.0
selected_ols_av,pass,0.9481,0.0
selected_ols_av,pass,-1.597,0.0
selected_ols_av,pass,-2.1396,0.0
selected_ols_av,pass,1.756,4.0
selected_ols_av,pass,-0.0948,0.0
selected_ols_av,pass,-2.8345,4.0
selected_ols_av,pass,-1.6616,2.0
selected_ols_av,pass,-6.4795,0.0
selected_ols_av,pass,-3.346,6.0
selected_ols_av,pass,-0.4511,2.0
selected_ols_av,pass,-0.91,3.0
selected_ols_av,pass,1.1153,8.0
selected_ols_av,pass,2.2274,2.0
selected_ols_av,pass,-1.4381,6.0
selected_ols_av,pass,0.3686,9.0
selected_ols_av,pass,1.1726,0.0
selected_ols_av,pass,-3.6345,6.0
selected_ols_av,pass,-1.7346,5.0
selected_ols_av,pass,1.7605,6.0
selected_ols_av,pass,1.3961,4.0
selected_ols_av,pass,-1.7752,4.0
selected_ols_av,pass,3.6726,0.0
selected_ols_av,pass,0.6606,7.0
selected_ols_av,pass,2.6943,2.0
selected_ols_av,pass,-1.2438,5.0
selected_ols_av,pass,2.6296,6.0
selected_ols_av,pass,-2.8791,0.0
selected_ols_av,pass,-2.4695,2.0
selected_ols_av,pass,-1.8438,1.0
selected_ols_av,pass,-4.8442,7.0
selected_ols_av,pass,-0.1021,5.0
selected_ols_av,pass,-0.2159,0.0
selected_ols_av,pass,-1.2065,0.0
selected_ols_av,pass,-2.0746,0.0
selected_ols_av,pass,0.2618,0.0
selected_ols_av,pass,-2.3558,7.0
selected_ols_av,pass,-0.3986,2.0
selected_ols_av,pass,-1.9536,2.0
selected_ols_av,pass,-3.7071,5.0
selected_ols_av,pass,-3.2322,2.0
selected_ols_av,pass,-0.9712,3.0
selected_ols_av,pass,-1.9992,7.0
selected_ols_av,pass,-3.3533,2.0
selected_ols_av,pass,-1.081,7.0
selected_ols_av,pass,-1.669,0.0
selected_ols_av,pass,-0.3907,0.0
selected_ols_av,pass,-2.0026,4.0
selected_ols_av,pass,-0.3986,5.0
selected_ols_av,pass,3.8464,0.0
selected_ols_av,pass,2.3332,7.0
selected_ols_av,pass,4.3747,0.0
selected_ols_av,pass,1.4647,4.0
selected_ols_av,pass,1.931,4.0
selected_ols_av,pass,1.1231,6.0
selected_ols_av,pass,-1.7944,1.0
selected_ols_av,pass,-2.0712,4.0
selected_ols_av,pass,-1.8923,5.0
selected_ols_av,pass,-2.1201,3.0
selected_ols_av,pass,-3.2847,4.0
selected_ols_av,pass,-0.569,5.0
selected_ols_av,pass,-1.5559,5.0
selected_ols_av,pass,4.3747,6.0
selected_ols_av,pass,5.1782,5.0
selected_ols_av,pass,-1.3123,7.0
selected_ols_av,pass,-2.0712,0.0
selected_ols_av,pass,-0.6788,6.0
selected_ols_av,pass,-1.7826,3.0
selected_ols_av,pass,2.0525,0.0
selected_ols_av,pass,-1.3769,9.0
selected_ols_av,pass,-2.5381,7.0
selected_ols_av,pass,-3.1749,0.0
selected_ols_av,pass,2.6977,4.0
selected_ols_av,pass,-2.5832,3.0
selected_ols_av,pass,1.6468,0.0
selected_ols_av,pass,0.839,0.0
selected_ols_av,pass,-1.6009,4.0
selected_ols_av,pass,1.2863,2.0
selected_ols_av,pass,-2.0261,0.0
selected_ols_av,pass,-3.1147,3.0
selected_ols_av,pass,-1.0164,2.0
selected_ols_av,pass,1.7605,0.0
selected_ols_av,pass,-0.1056,6.0
selected_ols_av,pass,-2.5381,0.0
selected_ols_av,pass,-0.7244,5.0
selected_ols_av,pass,0.1898,5.0
selected_ols_av,pass,-4.3283,2.0
selected_ols_av,pass,1.2332,5.0
selected_ols_av,pass,-3.2847,0.0
selected_ols_av,pass,1.1765,5.0
selected_ols_av,pass,-1.4867,0.0
selected_ols_av,pass,-3.1755,5.0
selected_ols_av,pass,-0.3222,2.0
selected_ols_av,pass,-1.8928,5.0
selected_ols_av,pass,-2.5186,0.0
selected_ols_av,pass,-2.3631,6.0
selected_ols_av,pass,-1.5553,6.0
selected_ols_av,pass,-2.0712,6.0
selected_ols_av,pass,3.3845,0.0
selected_ols_av,pass,2.0034,9.0
selected_ols_av,pass,-1.0198,6.0
selected_ols_av,pass,3.8432,2.0
selected_ols_av,pass,-1.9575,0.0
selected_ols_av,pass,-1.3085,8.0
selected_ols_av,pass,-1.6813,9.0
selected_ols_av,pass,-0.6215,4.0
selected_ols_av,pass,-1.6616,6.0
selected_ols_av,pass,-2.4769,3.0
selected_ols_av,pass,-0.6181,8.0
selected_ols_av,pass,-0.9027,3.0
selected_ols_av,pass,0.4745,0.0
selected_ols_av,pass,0.1412,0.0
selected_ols_av,pass,0.8344,0.0
selected_ols_av,pass,-3.8653,3.0
selected_ols_av,pass,-1.9575,6.0
selected_ols_av,pass,-2.1396,4.0
selected_ols_av,pass,0.1447,8.0
selected_ols_av,pass,-0.0336,7.0
selected_ols_av,pass,-4.7991,6.0
selected_ols_av,pass,0.251,2.0
selected_ols_av,pass,-4.223,0.0
selected_ols_av,pass,-3.5695,6.0
selected_ols_av,pass,-2.4278,3.0
selected_ols_av,pass,0.664,0.0
selected_ols_av,pass,3.7941,0.0
selected_ols_av,pass,-1.081,8.0
selected_ols_av,pass,-2.3631,6.0
selected_ols_av,pass,-2.3597,6.0
selected_ols_av,pass,2.0451,4.0
selected_ols_av,pass,0.5431,0.0
selected_ols_av,pass,1.7532,4.0
selected_ols_av,pass,-2.303,8.0
selected_ols_av,pass,1.2412,6.0
selected_ols_av,pass,0.7704,7.0
selected_ols_av,pass,-5.7207,0.0
selected_ols_av,pass,-2.6517,4.0
selected_ols_av,pass,-0.5044,0.0
selected_ols_av,pass,0.08,3.0
selected_ols_av,pass,2.6217,0.0
selected_ols_av,pass,-1.081,3.0
selected_ols_av,pass,1.127,7.0
selected_ols_av,pass,2.1784,0.0
selected_ols_av,pass,1.5822,0.0
selected_ols_av,pass,1.5214,4.0
selected_ols_av,pass,-1.8438,4.0
selected_ols_av,pass,-1.3085,4.0
selected_ols_av,pass,2.0447,7.0
selected_ols_av,pass,-3.7516,2.0
selected_ols_av,pass,-1.0237,1.0
selected_ols_av,pass,-4.2185,1.0
selected_ols_av,pass,-1.1948,5.0
selected_ols_av,pass,-3.8208,2.0
selected_ols_av,pass,0.4208,0.0
selected_ols_av,pass,-0.6142,0.0
selected_ols_av,pass,2.3411,6.0
selected_ols_av,pass,-4.2831,2.0
selected_ols_av,pass,-2.8374,8.0
selected_ols_av,pass,-2.522,4.0
selected_ols_av,pass,-0.7244,4.0
selected_ols_av,pass,-2.1163,4.0
selected_ols_av,pass,-5.1401,2.0
selected_ols_av,pass,-3.5734,0.0
selected_two_stage_av,pass,-1.5262,7.0
selected_two_stage_av,pass,-0.9446,0.0
selected_two_stage_av,pass,-0.6993,5.0
selected_two_stage_av,pass,0.1276,1.0
selected_two_stage_av,pass,0.1276,4.0
selected_two_stage_av,pass,-0.2087,4.0
selected_two_stage_av,pass,-1.2809,3.0
selected_two_stage_av,pass,-1.0356,0.0
selected_two_stage_av,pass,-0.454,0.0
selected_two_stage_av,pass,0.6182,0.0
selected_two_stage_av,pass,0.1732,0.0
selected_two_stage_av,pass,-0.9901,0.0
selected_two_stage_av,pass,0.6182,8.0
selected_two_stage_av,pass,-0.1632,2.0
selected_two_stage_av,pass,-0.1632,0.0
selected_two_stage_av,pass,-0.7448,7.0
selected_two_stage_av,pass,-0.6993,6.0
selected_two_stage_av,pass,0.4184,0.0
selected_two_stage_av,pass,-1.2354,5.0
selected_two_stage_av,pass,-0.9901,1.0
selected_two_stage_av,pass,0.0821,0.0
selected_two_stage_av,pass,0.3729,6.0
selected_two_stage_av,pass,-0.1632,4.0
selected_two_stage_av,pass,-0.1632,0.0
selected_two_stage_av,pass,-0.7448,2.0
selected_two_stage_av,pass,-0.6993,0.0
selected_two_stage_av,pass,-1.2354,2.0
selected_two_stage_av,pass,-0.6993,2.0
selected_two_stage_av,pass,-0.7448,3.0
selected_two_stage_av,pass,0.1276,0.0
selected_two_stage_av,pass,-0.1632,1.0
selected_two_stage_av,pass,-0.1632,3.0
selected_two_stage_av,pass,-1.2809,4.0
selected_two_stage_av,pass,-0.9901,5.0
selected_two_stage_av,pass,-0.6538,0.0
selected_two_stage_av,pass,-0.6993,0.0
selected_two_stage_av,pass,-0.2087,5.0
selected_two_stage_av,pass,-0.4085,9.0
selected_two_stage_av,pass,-0.4085,7.0
selected_two_stage_av,pass,-0.2087,0.0
selected_two_stage_av,pass,-0.4085,9.0
selected_two_stage_av,pass,0.6637,0.0
selected_two_stage_av,pass,-0.2087,5.0
selected_two_stage_av,pass,-0.454,6.0
selected_two_stage_av,pass,-0.7448,2.0
selected_two_stage_av,pass,0.8635,0.0
selected_two_stage_av,pass,-0.454,4.0
selected_two_stage_av,pass,0.0821,1.0
selected_two_stage_av,pass,0.0821,4.0
selected_two_stage_av,pass,0.3729,0.0
selected_two_stage_av,pass,0.0821,3.0
selected_two_stage_av,pass,0.0821,5.0
selected_two_stage_av,pass,0.0821,4.0
selected_two_stage_av,pass,-1.3264,4.0
selected_two_stage_av,pass,-0.1632,2.0
selected_two_stage_av,pass,-0.454,5.0
selected_two_stage_av,pass,-0.7448,0.0
selected_two_stage_av,pass,-0.1632,4.0
selected_two_stage_av,pass,-0.9901,6.0
selected_two_stage_av,pass,-0.454,1.0
selected_two_stage_av,pass,0.1276,3.0
selected_two_stage_av,pass,0.1276,3.0
selected_two_stage_av,pass,-0.454,1.0
selected_two_stage_av,pass,-0.6993,6.0
selected_two_stage_av,pass,-0.454,3.0
selected_two_stage_av,pass,-0.6993,9.0
selected_two_stage_av,pass,-0.454,2.0
selected_two_stage_av,pass,-0.454,4.0
selected_two_stage_av,pass,-0.2087,4.0
selected_two_stage_av,pass,-0.2087,4.0
selected_two_stage_av,pass,-0.7448,0.0
selected_two_stage_av,pass,0.6182,9.0
selected_two_stage_av,pass,-1.0356,4.0
selected_two_stage_av,pass,-0.6993,3.0
selected_two_stage_av,pass,-2.1078,2.0
selected_two_stage_av,pass,-0.7448,0.0
selected_two_stage_av,pass,-0.454,8.0
selected_two_stage_av,pass,-0.6993,2.0
selected_two_stage_av,pass,-0.7448,0.0
selected_two_stage_av,pass,0.4184,3.0
selected_two_stage_av,pass,-0.7448,0.0
selected_two_stage_av,pass,-0.1632,2.0
selected_two_stage_av,pass,0.0366,4.0
selected_two_stage_av,pass,-1.0356,5.0
selected_two_stage_av,pass,-1.2354,4.0
selected_two_stage_av,pass,-0.4995,4.0
selected_two_stage_av,pass,-0.9901,4.0
selected_two_stage_av,pass,-0.4085,3.0
selected_two_stage_av,pass,-0.4085,6.0
selected_two_stage_av,pass,-0.454,4.0
selected_two_stage_av,pass,0.0821,0.0
selected_two_stage_av,pass,-0.7448,8.0
selected_two_stage_av,pass,-0.4995,4.0
selected_two_stage_av,pass,-1.5262,0.0
selected_two_stage_av,pass,-0.9901,0.0
selected_two_stage_av,pass,-0.4995,6.0
selected_two_stage_av,pass,-0.6993,0.0
selected_two_stage_av,pass,0.1276,0.0
selected_two_stage_av,pass,-0.2087,8.0
selected_two_stage_av,pass,-0.9901,0.0
selected_two_stage_av,pass,0.3729,3.0
selected_two_stage_av,pass,-0.9901,5.0
selected_two_stage_av,pass,-1.0356,3.0
selected_two_stage_av,pass,-0.1632,3.0
selected_two_stage_av,pass,-0.4085,3.0
selected_two_stage_av,pass,-0.1632,0.0
selected_two_stage_av,pass,-0.2087,7.0
selected_two_stage_av,pass,-0.454,7.0
selected_two_stage_av,pass,-1.5717,1.0
selected_two_stage_av,pass,-0.7448,4.0
selected_two_stage_av,pass,-0.1632,0.0
selected_two_stage_av,pass,-1.817,5.0
selected_two_stage_av,pass,-1.2809,2.0
selected_two_stage_av,pass,0.5727,5.0
selected_two_stage_av,pass,-0.454,3.0
selected_two_stage_av,pass,-1.2354,3.0
selected_two_stage_av,pass,-0.7448,4.0
selected_two_stage_av,pass,-1.2809,2.0
selected_two_stage_av,pass,0.0366,0.0
selected_two_stage_av,pass,-0.9901,3.0
selected_two_stage_av,pass,0.3274,10.0
selected_two_stage_av,pass,-0.9901,0.0
selected_two_stage_av,pass,-0.454,3.0
selected_two_stage_av,pass,-0.7448,0.0
selected_two_stage_av,pass,-0.454,3.0
selected_two_stage_av,pass,-0.1632,5.0
selected_two_stage_av,pass,-1.2354,1.0
selected_two_stage_av,pass,-0.4085,0.0
selected_two_stage_av,pass,-0.6993,5.0
selected_two_stage_av,pass,-1.5717,5.0
selected_two_stage_av,pass,0.6182,6.0
selected_two_stage_av,pass,0.3729,0.0
selected_two_stage_av,pass,-0.1177,0.0
selected_two_stage_av,pass,0.0821,1.0
selected_two_stage_av,pass,-0.9901,8.0
selected_two_stage_av,pass,-0.1632,6.0
selected_two_stage_av,pass,-0.4085,5.0
selected_two_stage_av,pass,-0.6993,3.0
selected_two_stage_av,pass,-1.2809,2.0
selected_two_stage_av,pass,-0.6993,6.0
selected_two_stage_av,pass,0.3729,0.0
selected_two_stage_av,pass,0.0821,0.0
selected_two_stage_av,pass,-1.817,5.0
selected_two_stage_av,pass,-0.6993,0.0
selected_two_stage_av,pass,0.1276,8.0
selected_two_stage_av,pass,-0.2087,0.0
selected_two_stage_av,pass,-0.9901,6.0
selected_two_stage_av,pass,-1.2354,3.0
selected_two_stage_av,pass,-0.2087,0.0
selected_two_stage_av,pass,-0.1632,8.0
selected_two_stage_av,pass,-0.1632,2.0
selected_two_stage_av,pass,0.0821,3.0
selected_two_stage_av,pass,-0.4085,0.0
selected_two_stage_av,pass,-0.454,2.0
selected_two_stage_av,pass,-0.4085,0.0
selected_two_stage_av,pass,-0.1632,3.0
selected_two_stage_av,pass,-0.9901,1.0
selected_two_stage_av,pass,-1.2354,6.0
selected_two_stage_av,pass,-0.4085,5.0
selected_two_stage_av,pass,0.3729,1.0
selected_two_stage_av,pass,-0.7448,3.0
selected_two_stage_av,pass,0.0821,0.0
selected_two_stage_av,pass,-0.9901,2.0
selected_two_stage_av,pass,-0.4995,4.0
selected_two_stage_av,pass,0.0821,4.0
selected_two_stage_av,pass,-0.4085,0.0
selected_two_stage_av,pass,0.0821,0.0
selected_two_stage_av,pass,-0.1632,2.0
selected_two_stage_av,pass,-1.2809,3.0
selected_two_stage_av,pass,-1.817,7.0
selected_two_stage_av,pass,-0.1632,4.0
selected_two_stage_av,pass,-0.7448,0.0
selected_two_stage_av,pass,-0.7448,0.0
selected_two_stage_av,pass,-0.4995,0.0
selected_two_stage_av,pass,-1.2809,3.0
selected_two_stage_av,pass,-0.454,1.0
selected_two_stage_av,pass,-1.2809,0.0
selected_two_stage_av,pass,-0.7448,3.0
selected_two_stage_av,pass,-0.7903,4.0
selected_two_stage_av,pass,0.6182,3.0
selected_two_stage_av,pass,-1.5262,2.0
selected_two_stage_av,pass,-0.454,3.0
selected_two_stage_av,pass,-0.1177,2.0
selected_two_stage_av,pass,-1.0356,5.0
selected_two_stage_av,pass,-1.2354,3.0
selected_two_stage_av,pass,-0.454,6.0
selected_two_stage_av,pass,-1.2354,5.0
selected_two_stage_av,pass,1.1543,0.0
selected_two_stage_av,pass,-1.2809,5.0
selected_two_stage_av,pass,-1.2354,5.0
selected_two_stage_av,pass,0.0821,0.0
selected_two_stage_av,pass,-0.9901,3.0
selected_two_stage_av,pass,-1.2809,2.0
selected_two_stage_av,pass,0.0821,7.0
selected_two_stage_av,pass,-1.5262,7.0
selected_two_stage_av,pass,0.0366,4.0
selected_two_stage_av,pass,0.0821,0.0
selected_two_stage_av,pass,-0.7448,6.0
selected_two_stage_av,pass,-0.454,0.0
selected_two_stage_av,pass,-0.1632,3.0
selected_two_stage_av,pass,-0.454,4.0
selected_two_stage_av,pass,-0.4085,2.0
selected_two_stage_av,pass,-0.6538,4.0
selected_two_stage_av,pass,-0.6538,5.0
selected_two_stage_av,pass,-0.2087,8.0
selected_two_stage_av,pass,-0.6993,8.0
selected_two_stage_av,pass,-0.1632,2.0
selected_two_stage_av,pass,-0.2087,3.0
selected_two_stage_av,pass,0.0366,3.0
selected_two_stage_av,pass,0.0366,3.0
selected_two_stage_av,pass,-0.4995,0.0
selected_two_stage_av,pass,-0.2087,6.0
selected_two_stage_av,pass,-0.454,2.0
selected_two_stage_av,pass,-0.2087,3.0
selected_two_stage_av,pass,-0.2087,2.0
selected_two_stage_av,pass,-1.2354,3.0
selected_two_stage_av,pass,0.1276,9.0
selected_two_stage_av,pass,0.0366,3.0
selected_two_stage_av,pass,-0.6993,3.0
selected_two_stage_av,pass,-0.7448,4.0
selected_two_stage_av,pass,-0.454,2.0
selected_two_stage_av,pass,-0.454,4.0
selected_two_stage_av,pass,-0.6993,1.0
selected_two_stage_av,pass,-0.7448,0.0
selected_two_stage_av,pass,-0.6993,3.0
selected_two_stage_av,pass,-0.4995,0.0
selected_two_stage_av,pass,-0.4085,2.0
selected_two_stage_av,pass,0.1276,7.0
selected_two_stage_av,pass,-0.4085,0.0
selected_two_stage_av,pass,0.0821,4.0
selected_two_stage_av,pass,-0.1632,3.0
selected_two_stage_av,pass,-0.6993,8.0
selected_two_stage_av,pass,0.6182,4.0
selected_two_stage_av,pass,-0.454,4.0
selected_two_stage_av,pass,0.0821,5.0
selected_two_stage_av,pass,0.1276,6.0
selected_two_stage_av,pass,-0.9446,5.0
selected_two_stage_av,pass,-0.6993,3.0
selected_two_stage_av,pass,0.1276,0.0
selected_two_stage_av,pass,-0.1632,5.0
selected_two_stage_av,pass,-0.2087,0.0
selected_two_stage_av,pass,0.6637,0.0
selected_two_stage_av,pass,-0.454,5.0
selected_two_stage_av,pass,-1.5262,7.0
selected_two_stage_av,pass,-0.9901,5.0
selected_two_stage_av,pass,-1.2809,5.0
selected_two_stage_av,pass,-1.2354,3.0
selected_two_stage_av,pass,-0.7448,0.0
selected_two_stage_av,pass,-0.454,4.0
selected_two_stage_av,pass,-0.7448,1.0
selected_two_stage_av,pass,-0.4995,0.0
selected_two_stage_av,pass,-0.2087,0.0
selected_two_stage_av,pass,-0.7448,0.0
selected_two_stage_av,pass,-1.5717,5.0
selected_two_stage_av,pass,-1.2354,5.0
selected_two_stage_av,pass,-0.1632,3.0
selected_two_stage_av,pass,-1.0356,6.0
selected_two_stage_av,pass,-0.6993,4.0
selected_two_stage_av,pass,-0.1177,0.0
selected_two_stage_av,pass,-0.6993,4.0
selected_two_stage_av,pass,-1.2809,7.0
selected_two_stage_av,pass,0.0821,0.0
selected_two_stage_av,pass,-0.1632,4.0
selected_two_stage_av,pass,-0.1632,0.0
selected_two_stage_av,pass,-0.454,5.0
selected_two_stage_av,pass,0.909,0.0
selected_two_stage_av,pass,-0.454,5.0
selected_two_stage_av,pass,-1.2354,1.0
selected_two_stage_av,pass,0.0821,6.0
selected_two_stage_av,pass,-0.4085,6.0
selected_two_stage_av,pass,-0.9901,3.0
selected_two_stage_av,pass,-0.1632,0.0
selected_two_stage_av,pass,-1.2809,0.0
selected_two_stage_av,pass,-0.9901,4.0
selected_two_stage_av,pass,0.3729,4.0
selected_two_stage_av,pass,1.1543,0.0
selected_two_stage_av,pass,0.1276,4.0
selected_two_stage_av,pass,0.6182,7.0
selected_two_stage_av,pass,0.0366,7.0
selected_two_stage_av,pass,0.3729,2.0
selected_two_stage_av,pass,-1.2809,3.0
selected_two_stage_av,pass,-0.4085,4.0
selected_two_stage_av,pass,-1.0356,4.0
selected_two_stage_av,pass,0.6182,7.0
selected_two_stage_av,pass,-0.2087,6.0
selected_two_stage_av,pass,-0.2087,5.0
selected_two_stage_av,pass,-0.9901,3.0
selected_two_stage_av,pass,-0.454,1.0
selected_two_stage_av,pass,-0.1632,3.0
selected_two_stage_av,pass,0.8635,0.0
selected_two_stage_av,pass,-0.4995,3.0
selected_two_stage_av,pass,-0.9901,4.0
selected_two_stage_av,pass,-0.7903,3.0
selected_two_stage_av,pass,0.1276,0.0
selected_two_stage_av,pass,-0.4085,0.0
selected_two_stage_av,pass,-0.454,2.0
selected_two_stage_av,pass,-0.1632,7.0
selected_two_stage_av,pass,0.0366,0.0
selected_two_stage_av,pass,-1.817,2.0
selected_two_stage_av,pass,-0.454,6.0
selected_two_stage_av,pass,-0.4995,0.0
selected_two_stage_av,pass,-0.7448,0.0
selected_two_stage_av,pass,-0.7448,4.0
selected_two_stage_av,pass,0.3274,6.0
selected_two_stage_av,pass,0.0821,3.0
selected_two_stage_av,pass,0.3274,3.0
selected_two_stage_av,pass,-1.5262,5.0
selected_two_stage_av,pass,0.0821,5.0
selected_two_stage_av,pass,-0.4995,4.0
selected_two_stage_av,pass,-0.454,4.0
selected_two_stage_av,pass,0.0821,4.0
selected_two_stage_av,pass,-0.454,0.0
selected_two_stage_av,pass,-0.9901,0.0
selected_two_stage_av,pass,-0.9901,1.0
selected_two_stage_av,pass,0.0821,4.0
selected_two_stage_av,pass,-0.9901,0.0
selected_two_stage_av,pass,-1.2809,6.0
selected_two_stage_av,pass,-0.9901,8.0
selected_two_stage_av,pass,-0.6993,1.0
selected_two_stage_av,pass,-0.4995,10.0
selected_two_stage_av,pass,-0.7448,3.0
selected_two_stage_av,pass,0.3729,0.0
selected_two_stage_av,pass,-0.4085,6.0
selected_two_stage_av,pass,-0.4995,1.0
selected_two_stage_av,pass,-0.6993,4.0
selected_two_stage_av,pass,-1.2809,0.0
selected_two_stage_av,pass,-0.9901,6.0
selected_two_stage_av,pass,-0.6993,2.0
selected_two_stage_av,pass,-0.4085,6.0
selected_two_stage_av,pass,0.4184,9.0
selected_two_stage_av,pass,-0.2087,2.0
selected_two_stage_av,pass,-0.7448,5.0
selected_two_stage_av,pass,-1.2809,5.0
selected_two_stage_av,pass,-0.9901,5.0
selected_two_stage_av,pass,-1.3264,5.0
selected_two_stage_av,pass,-0.454,6.0
selected_two_stage_av,pass,0.3729,4.0
selected_two_stage_av,pass,-1.2809,6.0
selected_two_stage_av,pass,0.1276,0.0
selected_two_stage_av,pass,-0.9901,3.0
selected_two_stage_av,pass,-0.9446,0.0
selected_two_stage_av,pass,-0.1632,5.0
selected_two_stage_av,pass,-0.2087,8.0
selected_two_stage_av,pass,0.5727,3.0
selected_two_stage_av,pass,-0.4085,0.0
selected_two_stage_av,pass,-1.5262,3.0
selected_two_stage_av,pass,0.6637,0.0
selected_two_stage_av,pass,-0.2542,0.0
selected_two_stage_av,pass,-0.1632,4.0
selected_two_stage_av,pass,-0.7448,5.0
selected_two_stage_av,pass,-0.6993,0.0
selected_two_stage_av,pass,-0.9901,4.0
selected_two_stage_av,pass,-0.4085,0.0
selected_two_stage_av,pass,0.1276,4.0
selected_two_stage_av,pass,-0.9446,5.0
selected_two_stage_av,pass,0.6637,2.0
selected_two_stage_av,pass,0.0821,0.0
selected_two_stage_av,pass,-0.7448,4.0
selected_two_stage_av,pass,-0.1632,3.0
selected_two_stage_av,pass,-0.2087,0.0
selected_two_stage_av,pass,-0.454,8.0
selected_two_stage_av,pass,-0.9446,5.0
selected_two_stage_av,pass,-0.1177,0.0
selected_two_stage_av,pass,-0.7448,6.0
selected_two_stage_av,pass,-0.2087,0.0
selected_two_stage_av,pass,0.1276,3.0
selected_two_stage_av,pass,-1.2354,8.0
selected_two_stage_av,pass,0.0366,2.0
selected_two_stage_av,pass,0.1276,2.0
selected_two_stage_av,pass,0.0821,6.0
selected_two_stage_av,pass,-0.1632,3.0
selected_two_stage_av,pass,-0.454,3.0
selected_two_stage_av,pass,-1.0356,7.0
selected_two_stage_av,pass,-0.1632,4.0
selected_two_stage_av,pass,0.4184,0.0
selected_two_stage_av,pass,-1.5717,0.0
selected_two_stage_av,pass,-0.6993,7.0
selected_two_stage_av,pass,-0.1632,2.0
selected_two_stage_av,pass,-0.454,4.0
selected_two_stage_av,pass,0.6182,0.0
selected_two_stage_av,pass,-0.2087,4.0
selected_two_stage_av,pass,0.0821,4.0
selected_two_stage_av,pass,-0.454,3.0
selected_two_stage_av,pass,-0.1632,4.0
selected_two_stage_av,pass,0.0366,8.0
selected_two_stage_av,pass,-0.7448,5.0
selected_two_stage_av,pass,-0.1632,4.0
selected_two_stage_av,pass,0.0821,2.0
selected_two_stage_av,pass,-0.6993,7.0
selected_two_stage_av,pass,-0.4085,1.0
selected_two_stage_av,pass,-0.9901,5.0
selected_two_stage_av,pass,-0.1632,0.0
selected_two_stage_av,pass,-0.454,5.0
selected_two_stage_av,pass,-0.6993,4.0
selected_two_stage_av,pass,0.3729,3.0
selected_two_stage_av,pass,-1.2809,5.0
selected_two_stage_av,pass,0.3729,4.0
selected_two_stage_av,pass,-0.1177,6.0
selected_two_stage_av,pass,0.0366,0.0
selected_two_stage_av,pass,0.4184,0.0
selected_two_stage_av,pass,-0.454,2.0
selected_two_stage_av,pass,-0.454,2.0
selected_two_stage_av,pass,-0.2087,4.0
selected_two_stage_av,pass,0.4184,3.0
selected_two_stage_av,pass,0.6182,5.0
selected_two_stage_av,pass,-0.1632,4.0
selected_two_stage_av,pass,-0.2087,0.0
selected_two_stage_av,pass,0.3729,0.0
selected_two_stage_av,pass,-0.454,6.0
selected_two_stage_av,pass,-0.6993,3.0
selected_two_stage_av,pass,-0.1632,3.0
selected_two_stage_av,pass,-0.7448,1.0
selected_two_stage_av,pass,-0.1632,6.0
selected_two_stage_av,pass,-0.4995,10.0
selected_two_stage_av,pass,-0.4995,7.0
selected_two_stage_av,pass,-0.1632,7.0
selected_two_stage_av,pass,0.0366,0.0
selected_two_stage_av,pass,-0.7448,10.0
selected_two_stage_av,pass,-0.454,0.0
selected_two_stage_av,pass,-1.2354,3.0
selected_two_stage_av,pass,-0.6993,0.0
selected_two_stage_av,pass,-0.2087,0.0
selected_two_stage_av,pass,-0.2087,0.0
selected_two_stage_av,pass,-0.2087,5.0
selected_two_stage_av,pass,-0.454,0.0
selected_two_stage_av,pass,0.3274,4.0
selected_two_stage_av,pass,-0.7448,1.0
selected_two_stage_av,pass,-0.9901,0.0
selected_two_stage_av,pass,-0.6993,6.0
selected_two_stage_av,pass,-0.6993,0.0
selected_two_stage_av,pass,-0.2087,8.0
selected_two_stage_av,pass,0.6182,2.0
selected_two_stage_av,pass,-0.7448,2.0
selected_two_stage_av,pass,-0.2087,4.0
selected_two_stage_av,pass,-0.6993,0.0
selected_two_stage_av,pass,0.0821,3.0
selected_two_stage_av,pass,0.0821,0.0
selected_two_stage_av,pass,-0.7903,3.0
selected_two_stage_av,pass,-0.2087,7.0
selected_two_stage_av,pass,-0.7448,6.0
selected_two_stage_av,pass,-0.454,0.0
selected_two_stage_av,pass,-0.7448,6.0
selected_two_stage_av,pass,-0.6993,7.0
selected_two_stage_av,pass,0.0821,7.0
selected_two_stage_av,pass,-0.454,0.0
selected_two_stage_av,pass,-1.2809,0.0
selected_two_stage_av,pass,0.0821,0.0
selected_two_stage_av,pass,-0.9901,2.0
selected_two_stage_av,pass,-0.7448,0.0
selected_two_stage_av,pass,-0.1632,0.0
selected_two_stage_av,pass,-0.7448,6.0
selected_two_stage_av,pass,-0.4085,0.0
selected_two_stage_av,pass,-0.454,2.0
selected_two_stage_av,pass,-1.817,3.0
selected_two_stage_av,pass,0.3274,0.0
selected_two_stage_av,pass,-0.7448,7.0
selected_two_stage_av,pass,0.4184,0.0
selected_two_stage_av,pass,-1.0356,0.0
selected_two_stage_av,pass,-0.2087,7.0
selected_two_stage_av,pass,-0.4995,4.0
selected_two_stage_av,pass,-1.2809,0.0
selected_two_stage_av,pass,-0.454,5.0
selected_two_stage_av,pass,0.3274,1.0
selected_two_stage_av,pass,-0.1177,0.0
selected_two_stage_av,pass,-0.6993,0.0
selected_two_stage_av,pass,-0.7448,0.0
selected_two_stage_av,pass,0.1276,3.0
selected_two_stage_av,pass,-0.2087,3.0
selected_two_stage_av,pass,-0.454,4.0
selected_two_stage_av,pass,0.0821,4.0
selected_two_stage_av,pass,0.0366,3.0
selected_two_stage_av,pass,-0.6993,7.0
selected_two_stage_av,pass,-0.9901,9.0
selected_two_stage_av,pass,-0.7903,4.0
selected_two_stage_av,pass,-0.1632,6.0
selected_two_stage_av,pass,-0.454,2.0
selected_two_stage_av,pass,-0.4085,9.0
selected_two_stage_av,pass,0.0366,7.0
selected_two_stage_av,pass,0.3729,4.0
selected_two_stage_av,pass,-0.6993,4.0
selected_two_stage_av,pass,-0.4995,0.0
selected_two_stage_av,pass,-1.2809,3.0
selected_two_stage_av,pass,-0.1632,4.0
selected_two_stage_av,pass,-0.6993,8.0
selected_two_stage_av,pass,0.0821,0.0
selected_two_stage_av,pass,-0.9901,4.0
selected_two_stage_av,pass,-1.2354,3.0
selected_two_stage_av,pass,0.3274,0.0
selected_two_stage_av,pass,-1.817,0.0
selected_two_stage_av,pass,-0.7448,0.0
selected_two_stage_av,pass,-1.0356,5.0
selected_two_stage_av,pass,-0.2087,3.0
selected_two_stage_av,pass,-0.9901,3.0
selected_two_stage_av,pass,-0.454,8.0
selected_two_stage_av,pass,0.1276,2.0
selected_two_stage_av,pass,0.0366,4.0
selected_two_stage_av,pass,-0.454,0.0
selected_two_stage_av,pass,-0.454,4.0
selected_two_stage_av,pass,-0.1632,3.0
selected_two_stage_av,pass,-0.454,6.0
selected_two_stage_av,pass,-0.7448,0.0
selected_two_stage_av,pass,-0.454,3.0
selected_two_stage_av,pass,-0.9446,3.0
selected_two_stage_av,pass,-0.7448,0.0
selected_two_stage_av,pass,0.3274,5.0
selected_two_stage_av,pass,-0.6993,6.0
selected_two_stage_av,pass,-0.9901,2.0
selected_two_stage_av,pass,-1.5717,7.0
selected_two_stage_av,pass,-0.9901,1.0
selected_two_stage_av,pass,-0.7448,6.0
selected_two_stage_av,pass,-0.6993,0.0
selected_two_stage_av,pass,-1.5717,4.0
selected_two_stage_av,pass,0.0821,2.0
selected_two_stage_av,pass,-0.1632,0.0
selected_two_stage_av,pass,-0.7448,3.0
selected_two_stage_av,pass,0.4184,3.0
selected_two_stage_av,pass,-0.454,7.0
selected_two_stage_av,pass,-0.9901,1.0
selected_two_stage_av,pass,-0.7903,3.0
selected_two_stage_av,pass,-1.2809,5.0
selected_two_stage_av,pass,-0.454,2.0
selected_two_stage_av,pass,-1.0356,7.0
selected_two_stage_av,pass,-0.1632,0.0
selected_two_stage_av,pass,-0.454,5.0
selected_two_stage_av,pass,-1.8625,2.0
selected_two_stage_av,pass,-0.2087,2.0
selected_two_stage_av,pass,0.6182,4.0
selected_two_stage_av,pass,0.3274,0.0
selected_two_stage_av,pass,-1.2809,6.0
selected_two_stage_av,pass,-0.2087,0.0
selected_two_stage_av,pass,-1.2809,6.0
selected_two_stage_av,pass,0.1276,0.0
selected_two_stage_av,pass,-0.7448,3.0
selected_two_stage_av,pass,-0.2087,3.0
selected_two_stage_av,pass,0.0821,0.0
selected_two_stage_av,pass,-0.1632,0.0
selected_two_stage_av,pass,-1.2354,8.0
selected_two_stage_av,pass,-0.454,0.0
selected_two_stage_av,pass,-0.6538,5.0
selected_two_stage_av,pass,-0.6538,3.0
selected_two_stage_av,pass,-0.4085,6.0
selected_two_stage_av,pass,-0.454,4.0
selected_two_stage_av,pass,-0.9446,0.0
selected_two_stage_av,pass,-0.7448,7.0
selected_two_stage_av,pass,-0.4085,3.0
selected_two_stage_av,pass,0.3729,0.0
selected_two_stage_av,pass,-0.9901,3.0
selected_two_stage_av,pass,0.3729,2.0
selected_two_stage_av,pass,-0.6993,2.0
selected_two_stage_av,pass,0.5727,0.0
selected_two_stage_av,pass,-0.6993,3.0
selected_two_stage_av,pass,-0.9446,0.0
selected_two_stage_av,pass,-0.7448,9.0
selected_two_stage_av,pass,-0.2087,3.0
selected_two_stage_av,pass,-0.7448,0.0
selected_two_stage_av,pass,-0.6993,0.0
selected_two_stage_av,pass,-0.454,3.0
selected_two_stage_av,pass,-0.6993,2.0
selected_two_stage_av,pass,-0.9901,8.0
selected_two_stage_av,pass,-0.7448,0.0
selected_two_stage_av,pass,-0.1632,5.0
selected_two_stage_av,pass,-0.1632,4.0
selected_two_stage_av,pass,0.3729,5.0
selected_two_stage_av,pass,-0.7448,6.0
selected_two_stage_av,pass,-1.2354,2.0
selected_two_stage_av,pass,0.3274,0.0
selected_two_stage_av,pass,-0.4085,2.0
selected_two_stage_av,pass,-1.3264,0.0
selected_two_stage_av,pass,-0.2087,4.0
selected_two_stage_av,pass,-0.9446,6.0
selected_two_stage_av,pass,-0.454,7.0
selected_two_stage_av,pass,-0.6993,6.0
selected_two_stage_av,pass,-1.2809,0.0
selected_two_stage_av,pass,-0.2087,4.0
selected_two_stage_av,pass,0.0821,6.0
selected_two_stage_av,pass,-0.4085,0.0
selected_two_stage_av,pass,-0.454,0.0
selected_two_stage_av,pass,-0.1632,9.0
selected_two_stage_av,pass,-0.454,4.0
selected_two_stage_av,pass,-0.454,5.0
selected_two_stage_av,pass,-0.1177,0.0
selected_two_stage_av,pass,-0.1632,0.0
selected_two_stage_av,pass,0.6182,0.0
selected_two_stage_av,pass,-1.0356,3.0
selected_two_stage_av,pass,-0.7448,4.0
selected_two_stage_av,pass,-0.6993,4.0
selected_two_stage_av,pass,0.909,0.0
selected_two_stage_av,pass,-0.1632,0.0
selected_two_stage_av,pass,-0.454,6.0
selected_two_stage_av,pass,-0.7903,9.0
selected_two_stage_av,pass,-0.4085,3.0
selected_two_stage_av,pass,0.3274,4.0
selected_two_stage_av,pass,-0.1632,3.0
selected_two_stage_av,pass,-0.4085,3.0
selected_two_stage_av,pass,-0.6993,0.0
selected_two_stage_av,pass,0.6182,3.0
selected_two_stage_av,pass,0.6182,10.0
selected_two_stage_av,pass,0.6182,5.0
selected_two_stage_av,pass,-0.1632,7.0
selected_two_stage_av,pass,-1.3264,0.0
selected_two_stage_av,pass,0.3729,3.0
selected_two_stage_av,pass,-0.9901,0.0
selected_two_stage_av,pass,-0.4085,0.0
selected_two_stage_av,pass,-0.1632,0.0
selected_two_stage_av,pass,-0.7448,3.0
selected_two_stage_av,pass,-0.7448,6.0
selected_two_stage_av,pass,-1.2354,5.0
selected_two_stage_av,pass,-0.1632,5.0
selected_two_stage_av,pass,-0.9901,0.0
selected_two_stage_av,pass,-0.7903,0.0
selected_two_stage_av,pass,-0.454,3.0
selected_two_stage_av,pass,-0.454,0.0
selected_two_stage_av,pass,-0.7448,8.0
selected_two_stage_av,pass,-0.9901,3.0
selected_two_stage_av,pass,0.6637,5.0
selected_two_stage_av,pass,-1.5262,5.0
selected_two_stage_av,pass,-0.1632,5.0
selected_two_stage_av,pass,0.3729,8.0
selected_two_stage_av,pass,-0.9901,9.0
selected_two_stage_av,pass,-0.454,2.0
selected_two_stage_av,pass,-0.7448,1.0
selected_two_stage_av,pass,-0.454,4.0
selected_two_stage_av,pass,-0.7448,2.0
selected_two_stage_av,pass,-0.9901,0.0
selected_two_stage_av,pass,-0.1632,0.0
selected_two_stage_av,pass,-0.1177,6.0
selected_two_stage_av,pass,0.3274,7.0
selected_two_stage_av,pass,0.3729,0.0
selected_two_stage_av,pass,-0.2087,5.0
selected_two_stage_av,pass,0.0366,2.0
selected_two_stage_av,pass,-0.7448,4.0
selected_two_stage_av,pass,0.1276,0.0
selected_two_stage_av,pass,0.6182,10.0
selected_two_stage_av,pass,0.3729,5.0
selected_two_stage_av,pass,-0.7448,1.0
selected_two_stage_av,pass,-0.4085,3.0
selected_two_stage_av,pass,0.3729,0.0
selected_two_stage_av,pass,-0.6993,3.0
selected_two_stage_av,pass,-0.454,6.0
selected_two_stage_av,pass,-0.7448,0.0
selected_two_stage_av,pass,-0.9901,0.0
selected_two_stage_av,pass,-0.454,4.0
selected_two_stage_av,pass,-0.1177,0.0
selected_two_stage_av,pass,0.0821,3.0
selected_two_stage_av,pass,-0.9901,2.0
selected_two_stage_av,pass,-1.2809,0.0
selected_two_stage_av,pass,-1.2354,3.0
selected_two_stage_av,pass,0.0821,0.0
selected_two_stage_av,pass,-0.7448,2.0
selected_two_stage_av,pass,-0.454,3.0
selected_two_stage_av,pass,-0.454,0.0
selected_two_stage_av,pass,-1.5717,2.0
selected_two_stage_av,pass,-1.5262,3.0
selected_two_stage_av,pass,-0.7448,4.0
selected_two_stage_av,pass,-0.454,3.0
selected_two_stage_av,pass,-0.454,5.0
selected_two_stage_av,pass,-0.9901,0.0
selected_two_stage_av,pass,-0.4995,2.0
selected_two_stage_av,pass,-0.4085,0.0
selected_two_stage_av,pass,-0.4085,1.0
selected_two_stage_av,pass,-1.5262,3.0
selected_two_stage_av,pass,-0.1632,8.0
selected_two_stage_av,pass,-0.454,6.0
selected_two_stage_av,pass,0.3729,0.0
selected_two_stage_av,pass,-0.2542,2.0
selected_two_stage_av,pass,-0.7448,7.0
selected_two_stage_av,pass,-0.9901,5.0
selected_two_stage_av,pass,-1.5717,8.0
selected_two_stage_av,pass,-0.4085,3.0
selected_two_stage_av,pass,0.0366,2.0
selected_two_stage_av,pass,-0.4995,7.0
selected_two_stage_av,pass,-0.454,4.0
selected_two_stage_av,pass,-0.6993,6.0
selected_two_stage_av,pass,-0.6993,9.0
selected_two_stage_av,pass,-0.9446,4.0
selected_two_stage_av,pass,-0.6993,3.0
selected_two_stage_av,pass,-0.6993,5.0
selected_two_stage_av,pass,-1.0356,0.0
selected_two_stage_av,pass,-0.454,4.0
selected_two_stage_av,pass,0.6182,0.0
selected_two_stage_av,pass,0.0821,0.0
selected_two_stage_av,pass,-0.454,2.0
selected_two_stage_av,pass,-1.2809,2.0
selected_two_stage_av,pass,0.2819,0.0
selected_two_stage_av,pass,-0.4995,0.0
selected_two_stage_av,pass,0.1276,0.0
selected_two_stage_av,pass,0.1276,4.0
selected_two_stage_av,pass,-0.7903,0.0
selected_two_stage_av,pass,-0.9901,7.0
selected_two_stage_av,pass,0.3274,7.0
selected_two_stage_av,pass,-0.4085,0.0
selected_two_stage_av,pass,-0.6993,0.0
selected_two_stage_av,pass,-1.817,5.0
selected_two_stage_av,pass,-0.2087,3.0
selected_two_stage_av,pass,0.1276,0.0
selected_two_stage_av,pass,-0.9901,7.0
selected_two_stage_av,pass,0.6637,2.0
selected_two_stage_av,pass,-0.7448,3.0
selected_two_stage_av,pass,0.909,5.0
selected_two_stage_av,pass,-0.2087,0.0
selected_two_stage_av,pass,-0.6993,9.0
selected_two_stage_av,pass,0.1276,2.0
selected_two_stage_av,pass,-1.5717,3.0
selected_two_stage_av,pass,-0.1632,0.0
selected_two_stage_av,pass,0.6182,7.0
selected_two_stage_av,pass,-0.9901,8.0
selected_two_stage_av,pass,-0.1632,0.0
selected_two_stage_av,pass,-0.1632,0.0
selected_two_stage_av,pass,0.3274,0.0
selected_two_stage_av,pass,0.3274,2.0
selected_two_stage_av,pass,-0.7448,4.0
selected_two_stage_av,pass,-1.2354,2.0
selected_two_stage_av,pass,-1.5717,0.0
selected_two_stage_av,pass,-0.6993,5.0
selected_two_stage_av,pass,-0.454,7.0
selected_two_stage_av,pass,-1.0356,4.0
selected_two_stage_av,pass,-0.4995,10.0
selected_two_stage_av,pass,-1.2354,1.0
selected_two_stage_av,pass,-0.6993,2.0
selected_two_stage_av,pass,-0.1632,7.0
selected_two_stage_av,pass,-0.9901,7.0
selected_two_stage_av,pass,-0.9446,0.0
selected_two_stage_av,pass,-0.454,4.0
selected_two_stage_av,pass,-0.454,7.0
selected_two_stage_av,pass,-0.1177,0.0
selected_two_stage_av,pass,-0.454,0.0
selected_two_stage_av,pass,-0.9901,5.0
selected_two_stage_av,pass,-1.2809,1.0
selected_two_stage_av,pass,-2.3986,2.0
selected_two_stage_av,pass,0.0366,7.0
selected_two_stage_av,pass,0.0821,0.0
selected_two_stage_av,pass,-1.2354,4.0
selected_two_stage_av,pass,-1.2354,4.0
selected_two_stage_av,pass,-0.6993,0.0
selected_two_stage_av,pass,0.1276,0.0
selected_two_stage_av,pass,0.0821,4.0
selected_two_stage_av,pass,-0.2087,0.0
selected_two_stage_av,pass,-0.7448,5.0
selected_two_stage_av,pass,-0.4085,0.0
selected_two_stage_av,pass,-0.1632,2.0
selected_two_stage_av,pass,-1.2809,0.0
selected_two_stage_av,pass,-1.0356,3.0
selected_two_stage_av,pass,-0.4995,0.0
selected_two_stage_av,pass,-0.1632,2.0
selected_two_stage_av,pass,0.3274,4.0
selected_two_stage_av,pass,-0.7448,4.0
selected_two_stage_av,pass,-0.454,2.0
selected_two_stage_av,pass,-0.9446,4.0
selected_two_stage_av,pass,-0.4995,0.0
selected_two_stage_av,pass,-1.5262,5.0
selected_two_stage_av,pass,-0.2087,5.0
selected_two_stage_av,pass,-0.1632,5.0
selected_two_stage_av,pass,-0.9446,2.0
selected_two_stage_av,pass,0.3729,1.0
selected_two_stage_av,pass,-1.5262,0.0
selected_two_stage_av,pass,-0.7448,5.0
selected_two_stage_av,pass,-0.454,0.0
selected_two_stage_av,pass,-0.2087,3.0
selected_two_stage_av,pass,0.3274,8.0
selected_two_stage_av,pass,-0.9901,3.0
selected_two_stage_av,pass,-0.9446,4.0
selected_two_stage_av,pass,0.0821,4.0
selected_two_stage_av,pass,-0.7448,3.0
selected_two_stage_av,pass,0.3729,7.0
selected_two_stage_av,pass,-0.4085,4.0
selected_two_stage_av,pass,-0.2542,5.0
selected_two_stage_av,pass,-0.4085,4.0
selected_two_stage_av,pass,-1.3264,3.0
selected_two_stage_av,pass,-0.2087,0.0
selected_two_stage_av,pass,-0.2087,3.0
selected_two_stage_av,pass,-0.7448,6.0
selected_two_stage_av,pass,-0.454,1.0
selected_two_stage_av,pass,-0.7448,3.0
selected_two_stage_av,pass,0.0821,5.0
selected_two_stage_av,pass,-0.7448,0.0
selected_two_stage_av,pass,-0.1632,0.0
selected_two_stage_av,pass,-1.5262,3.0
selected_two_stage_av,pass,-0.1632,0.0
selected_two_stage_av,pass,-0.4995,2.0
selected_two_stage_av,pass,-0.9901,9.0
selected_two_stage_av,pass,-0.9901,0.0
selected_two_stage_av,pass,0.3729,8.0
selected_two_stage_av,pass,-0.1632,0.0
selected_two_stage_av,pass,-0.7448,2.0
selected_two_stage_av,pass,-0.454,0.0
selected_two_stage_av,pass,-0.1632,0.0
selected_two_stage_av,pass,-0.454,6.0
selected_two_stage_av,pass,-1.2809,0.0
selected_two_stage_av,pass,-0.7448,0.0
selected_two_stage_av,pass,-0.4995,4.0
selected_two_stage_av,pass,-0.4085,0.0
selected_two_stage_av,pass,-0.454,0.0
selected_two_stage_av,pass,-0.1177,6.0
selected_two_stage_av,pass,-1.0356,8.0
selected_two_stage_av,pass,0.0821,0.0
selected_two_stage_av,pass,-0.454,5.0
selected_two_stage_av,pass,-0.1632,0.0
selected_two_stage_av,pass,0.0821,4.0
selected_two_stage_av,pass,-0.7448,0.0
selected_two_stage_av,pass,-0.4085,6.0
selected_two_stage_av,pass,-0.6993,4.0
selected_two_stage_av,pass,0.3729,0.0
selected_two_stage_av,pass,-0.6993,9.0
selected_two_stage_av,pass,-0.1632,4.0
selected_two_stage_av,pass,-0.6993,4.0
selected_two_stage_av,pass,-0.9901,0.0
selected_two_stage_av,pass,-0.2542,6.0
selected_two_stage_av,pass,0.0821,0.0
selected_two_stage_av,pass,-0.7448,6.0
selected_two_stage_av,pass,0.0366,6.0
selected_two_stage_av,pass,-0.4085,3.0
selected_two_stage_av,pass,-0.454,0.0
selected_two_stage_av,pass,-0.4995,2.0
selected_two_stage_av,pass,-0.9901,3.0
selected_two_stage_av,pass,-0.1632,6.0
selected_two_stage_av,pass,-1.8625,6.0
selected_two_stage_av,pass,-0.9901,2.0
selected_two_stage_av,pass,-0.4085,4.0
selected_two_stage_av,pass,-0.2087,4.0
selected_two_stage_av,pass,-0.2087,8.0
selected_two_stage_av,pass,-0.454,1.0
selected_two_stage_av,pass,-1.2354,2.0
selected_two_stage_av,pass,-0.454,2.0
selected_two_stage_av,pass,-0.454,0.0
selected_two_stage_av,pass,-0.1632,4.0
selected_two_stage_av,pass,-1.2809,4.0
selected_two_stage_av,pass,-1.5262,1.0
selected_two_stage_av,pass,-0.6993,7.0
selected_two_stage_av,pass,-0.6993,5.0
selected_two_stage_av,pass,-0.9446,5.0
selected_two_stage_av,pass,-0.454,4.0
selected_two_stage_av,pass,-0.1632,4.0
selected_two_stage_av,pass,-0.6993,5.0
selected_two_stage_av,pass,-0.6993,6.0
selected_two_stage_av,pass,-0.6993,8.0
selected_two_stage_av,pass,0.3274,6.0
selected_two_stage_av,pass,0.3729,0.0
selected_two_stage_av,pass,-0.9901,2.0
selected_two_stage_av,pass,-0.6993,6.0
selected_two_stage_av,pass,-0.1632,0.0
selected_two_stage_av,pass,0.0821,0.0
selected_two_stage_av,pass,0.0821,4.0
selected_two_stage_av,pass,-0.4995,3.0
selected_two_stage_av,pass,-0.7903,7.0
selected_two_stage_av,pass,-0.7448,3.0
selected_two_stage_av,pass,-0.4995,0.0
selected_two_stage_av,pass,-0.454,7.0
selected_two_stage_av,pass,-0.6993,5.0
selected_two_stage_av,pass,-0.6538,1.0
selected_two_stage_av,pass,-0.1632,0.0
selected_two_stage_av,pass,-0.1177,7.0
selected_two_stage_av,pass,-0.4085,0.0
selected_two_stage_av,pass,-1.2809,3.0
selected_two_stage_av,pass,-0.4995,5.0
selected_two_stage_av,pass,-0.6993,4.0
selected_two_stage_av,pass,0.0821,0.0
selected_two_stage_av,pass,-0.1632,0.0
selected_two_stage_av,pass,-0.7448,4.0
selected_two_stage_av,pass,-0.9446,0.0
selected_two_stage_av,pass,0.0366,0.0
selected_two_stage_av,pass,-0.7448,6.0
selected_two_stage_av,pass,-0.6993,2.0
selected_two_stage_av,pass,0.1276,5.0
selected_two_stage_av,pass,0.0821,0.0
selected_two_stage_av,pass,-0.454,4.0
selected_two_stage_av,pass,-0.7448,4.0
selected_two_stage_av,pass,0.0821,0.0
selected_two_stage_av,pass,-0.7448,1.0
selected_two_stage_av,pass,-0.9901,0.0
selected_two_stage_av,pass,-0.6538,3.0
selected_two_stage_av,pass,-0.9901,4.0
selected_two_stage_av,pass,-0.2087,7.0
selected_two_stage_av,pass,-0.1632,4.0
selected_two_stage_av,pass,-0.1177,4.0
selected_two_stage_av,pass,0.3729,9.0
selected_two_stage_av,pass,-0.7448,6.0
selected_two_stage_av,pass,0.0821,5.0
selected_two_stage_av,pass,0.3274,3.0
selected_two_stage_av,pass,0.0821,9.0
selected_two_stage_av,pass,-0.9901,2.0
selected_two_stage_av,pass,-0.7448,5.0
selected_two_stage_av,pass,-0.1632,7.0
selected_two_stage_av,pass,-0.454,0.0
selected_two_stage_av,pass,0.0366,0.0
selected_two_stage_av,pass,0.0366,5.0
selected_two_stage_av,pass,-0.1177,0.0
selected_two_stage_av,pass,-0.4995,4.0
selected_two_stage_av,pass,-0.9446,8.0
selected_two_stage_av,pass,-0.4085,1.0
selected_two_stage_av,pass,0.0821,4.0
selected_two_stage_av,pass,-0.7448,3.0
selected_two_stage_av,pass,0.0821,0.0
selected_two_stage_av,pass,-0.1632,0.0
selected_two_stage_av,pass,-0.2087,7.0
selected_two_stage_av,pass,-0.9901,0.0
selected_two_stage_av,pass,-0.4085,0.0
selected_two_stage_av,pass,-1.0356,4.0
selected_two_stage_av,pass,0.2819,4.0
selected_two_stage_av,pass,0.1276,8.0
selected_two_stage_av,pass,0.0821,9.0
selected_two_stage_av,pass,-0.6993,6.0
selected_two_stage_av,pass,0.6182,8.0
selected_two_stage_av,pass,-0.2087,4.0
selected_two_stage_av,pass,-0.4995,6.0
selected_two_stage_av,pass,-0.7903,10.0
selected_two_stage_av,pass,0.1276,0.0
selected_two_stage_av,pass,-0.9901,4.0
selected_two_stage_av,pass,-0.1632,3.0
selected_two_stage_av,pass,-1.3264,5.0
selected_two_stage_av,pass,0.0366,3.0
selected_two_stage_av,pass,-1.2809,3.0
selected_two_stage_av,pass,-0.454,2.0
selected_two_stage_av,pass,0.1276,7.0
selected_two_stage_av,pass,-0.1632,2.0
selected_two_stage_av,pass,-0.6993,0.0
selected_two_stage_av,pass,-0.2542,3.0
selected_two_stage_av,pass,-1.2809,0.0
selected_two_stage_av,pass,-0.2087,0.0
selected_two_stage_av,pass,-0.9901,4.0
selected_two_stage_av,pass,-0.7448,8.0
selected_two_stage_av,pass,0.3274,0.0
selected_two_stage_av,pass,0.0821,3.0
selected_two_stage_av,pass,-0.9901,0.0
selected_two_stage_av,pass,0.6182,5.0
selected_two_stage_av,pass,-0.9901,4.0
selected_two_stage_av,pass,0.0821,1.0
selected_two_stage_av,pass,-0.9901,0.0
selected_two_stage_av,pass,-0.4085,2.0
selected_two_stage_av,pass,-0.454,7.0
selected_two_stage_av,pass,-0.454,4.0
selected_two_stage_av,pass,-0.6993,0.0
selected_two_stage_av,pass,-0.4085,0.0
selected_two_stage_av,pass,-1.0356,6.0
selected_two_stage_av,pass,-0.1632,4.0
selected_two_stage_av,pass,0.8635,5.0
selected_two_stage_av,pass,0.6182,8.0
selected_two_stage_av,pass,0.5727,3.0
selected_two_stage_av,pass,-0.2087,4.0
selected_two_stage_av,pass,-0.454,5.0
selected_two_stage_av,pass,-0.4995,3.0
selected_two_stage_av,pass,-0.4995,7.0
selected_two_stage_av,pass,-0.454,1.0
selected_two_stage_av,pass,0.6182,8.0
selected_two_stage_av,pass,-1.0356,3.0
selected_two_stage_av,pass,-1.0356,5.0
selected_two_stage_av,pass,-0.4085,3.0
selected_two_stage_av,pass,-0.6993,7.0
selected_two_stage_av,pass,-0.1632,8.0
selected_two_stage_av,pass,-0.9901,2.0
selected_two_stage_av,pass,0.2819,4.0
selected_two_stage_av,pass,-0.4085,2.0
selected_two_stage_av,pass,-0.9901,8.0
selected_two_stage_av,pass,-0.6993,6.0
selected_two_stage_av,pass,-0.2087,0.0
selected_two_stage_av,pass,-0.4085,0.0
selected_two_stage_av,pass,-0.6993,7.0
selected_two_stage_av,pass,-0.7448,7.0
selected_two_stage_av,pass,-0.7448,3.0
selected_two_stage_av,pass,-0.2087,0.0
selected_two_stage_av,pass,0.3729,9.0
selected_two_stage_av,pass,0.3729,8.0
selected_two_stage_av,pass,-0.454,3.0
selected_two_stage_av,pass,-1.5262,7.0
selected_two_stage_av,pass,-0.6993,6.0
selected_two_stage_av,pass,-0.9901,0.0
selected_two_stage_av,pass,-1.3264,5.0
selected_two_stage_av,pass,-0.454,0.0
selected_two_stage_av,pass,-1.2354,0.0
selected_two_stage_av,pass,0.6182,6.0
selected_two_stage_av,pass,-0.7903,1.0
selected_two_stage_av,pass,-0.6993,0.0
selected_two_stage_av,pass,-1.5717,4.0
selected_two_stage_av,pass,0.0821,0.0
selected_two_stage_av,pass,-1.0356,8.0
selected_two_stage_av,pass,-0.454,2.0
selected_two_stage_av,pass,-0.2087,4.0
selected_two_stage_av,pass,-0.454,8.0
selected_two_stage_av,pass,-0.4085,4.0
selected_two_stage_av,pass,-0.2087,0.0
selected_two_stage_av,pass,-0.9446,0.0
selected_two_stage_av,pass,-0.7448,7.0
selected_two_stage_av,pass,-1.5262,10.0
selected_two_stage_av,pass,-0.4085,4.0
selected_two_stage_av,pass,0.5727,5.0
selected_two_stage_av,pass,-0.454,4.0
selected_two_stage_av,pass,-0.454,5.0
selected_two_stage_av,pass,-0.7448,1.0
selected_two_stage_av,pass,-0.1632,1.0
selected_two_stage_av,pass,-0.6993,0.0
selected_two_stage_av,pass,-1.5262,0.0
selected_two_stage_av,pass,-0.7448,5.0
selected_two_stage_av,pass,-0.7448,5.0
selected_two_stage_av,pass,-0.9901,9.0
selected_two_stage_av,pass,-0.454,3.0
selected_two_stage_av,pass,-0.7448,6.0
selected_two_stage_av,pass,-1.3264,0.0
selected_two_stage_av,pass,0.0821,7.0
selected_two_stage_av,pass,0.3274,6.0
selected_two_stage_av,pass,-0.1632,2.0
selected_two_stage_av,pass,-0.454,3.0
selected_two_stage_av,pass,-0.9901,2.0
selected_two_stage_av,pass,-0.4995,3.0
selected_two_stage_av,pass,-0.6993,0.0
selected_two_stage_av,pass,-0.454,0.0
selected_two_stage_av,pass,-0.6993,0.0
selected_two_stage_av,pass,-0.1177,0.0
selected_two_stage_av,pass,0.909,9.0
selected_two_stage_av,pass,0.0821,3.0
selected_two_stage_av,pass,-0.2087,0.0
selected_two_stage_av,pass,-0.1632,5.0
selected_two_stage_av,pass,-0.7448,0.0
selected_two_stage_av,pass,-0.454,0.0
selected_two_stage_av,pass,-0.7448,0.0
selected_two_stage_av,pass,-0.1177,2.0
selected_two_stage_av,pass,0.3274,0.0
selected_two_stage_av,pass,-1.3264,5.0
selected_two_stage_av,pass,-0.9901,3.0
selected_two_stage_av,pass,0.4184,4.0
selected_two_stage_av,pass,-0.454,0.0
selected_two_stage_av,pass,-0.1177,4.0
selected_two_stage_av,pass,-0.4995,3.0
selected_two_stage_av,pass,0.1276,0.0
selected_two_stage_av,pass,-0.454,3.0
selected_two_stage_av,pass,-0.1632,3.0
selected_two_stage_av,pass,0.1276,3.0
selected_two_stage_av,pass,-1.2809,0.0
selected_two_stage_av,pass,-0.454,4.0
selected_two_stage_av,pass,-0.7448,2.0
selected_two_stage_av,pass,-0.7448,8.0
selected_two_stage_av,pass,-1.0356,4.0
selected_two_stage_av,pass,0.1276,4.0
selected_two_stage_av,pass,-1.0356,4.0
selected_two_stage_av,pass,-0.2087,1.0
selected_two_stage_av,pass,-0.454,2.0
selected_two_stage_av,pass,0.5727,2.0
selected_two_stage_av,pass,-0.454,0.0
selected_two_stage_av,pass,0.3274,3.0
selected_two_stage_av,pass,-0.1632,4.0
selected_two_stage_av,pass,-0.9901,3.0
selected_two_stage_av,pass,-0.9901,5.0
selected_two_stage_av,pass,-1.5262,2.0
selected_two_stage_av,pass,-0.454,4.0
selected_two_stage_av,pass,-0.1632,2.0
selected_two_stage_av,pass,-0.7448,3.0
selected_two_stage_av,pass,0.0821,4.0
selected_two_stage_av,pass,-1.5717,3.0
selected_two_stage_av,pass,0.3274,0.0
selected_two_stage_av,pass,-0.4995,1.0
selected_two_stage_av,pass,-0.6993,0.0
selected_two_stage_av,pass,0.3274,9.0
selected_two_stage_av,pass,-0.454,0.0
selected_two_stage_av,pass,-0.6993,0.0
selected_two_stage_av,pass,0.0821,3.0
selected_two_stage_av,pass,-0.6993,4.0
selected_two_stage_av,pass,0.3729,2.0
selected_two_stage_av,pass,0.1276,3.0
selected_two_stage_av,pass,0.0821,0.0
selected_two_stage_av,pass,-0.9446,6.0
selected_two_stage_av,pass,-1.0811,4.0
selected_two_stage_av,pass,-0.454,7.0
selected_two_stage_av,pass,-0.6993,4.0
selected_two_stage_av,pass,-1.2809,5.0
selected_two_stage_av,pass,0.5727,2.0
selected_two_stage_av,pass,-0.1632,4.0
selected_two_stage_av,pass,-0.9901,6.0
selected_two_stage_av,pass,-0.4995,3.0
selected_two_stage_av,pass,-1.3264,7.0
selected_two_stage_av,pass,-0.1632,6.0
selected_two_stage_av,pass,-0.1632,0.0
selected_two_stage_av,pass,0.0366,0.0
selected_two_stage_av,pass,0.3729,5.0
selected_two_stage_av,pass,-0.7448,4.0
selected_two_stage_av,pass,-0.9901,3.0
selected_two_stage_av,pass,-0.7448,3.0
selected_two_stage_av,pass,-1.5262,2.0
selected_two_stage_av,pass,-0.4995,0.0
selected_two_stage_av,pass,0.0821,2.0
selected_two_stage_av,pass,-1.2809,0.0
selected_two_stage_av,pass,-0.2087,0.0
selected_two_stage_av,pass,-0.454,4.0
selected_two_stage_av,pass,-0.9901,4.0
selected_two_stage_av,pass,-0.4085,3.0
selected_two_stage_av,pass,-0.454,0.0
selected_two_stage_av,pass,-0.7903,5.0
selected_two_stage_av,pass,-1.5262,2.0
selected_two_stage_av,pass,-1.5717,2.0
selected_two_stage_av,pass,0.1276,0.0
selected_two_stage_av,pass,-0.2087,7.0
selected_two_stage_av,pass,0.1276,0.0
selected_two_stage_av,pass,0.6637,0.0
selected_two_stage_av,pass,-0.1632,4.0
selected_two_stage_av,pass,-0.454,8.0
selected_two_stage_av,pass,-0.7903,6.0
selected_two_stage_av,pass,0.0821,6.0
selected_two_stage_av,pass,-0.454,2.0
selected_two_stage_av,pass,0.3729,0.0
selected_two_stage_av,pass,0.3729,0.0
selected_two_stage_av,pass,-0.6993,3.0
selected_two_stage_av,pass,0.0821,2.0
selected_two_stage_av,pass,0.0821,4.0
selected_two_stage_av,pass,-1.0356,5.0
selected_two_stage_av,pass,-0.454,0.0
selected_two_stage_av,pass,0.1276,0.0
selected_two_stage_av,pass,-0.9901,4.0
selected_two_stage_av,pass,-1.2354,3.0
selected_two_stage_av,pass,0.0366,5.0
selected_two_stage_av,pass,-0.7903,3.0
selected_two_stage_av,pass,-0.6993,1.0
selected_two_stage_av,pass,0.1276,0.0
selected_two_stage_av,pass,0.0821,6.0
selected_two_stage_av,pass,-0.4085,0.0
selected_two_stage_av,pass,-0.1632,1.0
selected_two_stage_av,pass,0.1276,6.0
selected_two_stage_av,pass,-0.7448,2.0
selected_two_stage_av,pass,0.0821,0.0
selected_two_stage_av,pass,-0.454,4.0
selected_two_stage_av,pass,-0.9901,7.0
selected_two_stage_av,pass,-0.9901,7.0
selected_two_stage_av,pass,-0.2087,2.0
selected_two_stage_av,pass,0.3729,0.0
selected_two_stage_av,pass,-0.9901,4.0
selected_two_stage_av,pass,-0.454,7.0
selected_two_stage_av,pass,0.0821,0.0
selected_two_stage_av,pass,-0.4995,7.0
selected_two_stage_av,pass,0.3274,3.0
selected_two_stage_av,pass,-0.454,5.0
selected_two_stage_av,pass,0.0821,3.0
selected_two_stage_av,pass,-1.2354,5.0
selected_two_stage_av,pass,-0.2087,3.0
selected_two_stage_av,pass,0.1276,2.0
selected_two_stage_av,pass,-0.6993,4.0
selected_two_stage_av,pass,0.1276,4.0
selected_two_stage_av,pass,-0.1632,0.0
selected_two_stage_av,pass,-0.9901,0.0
selected_two_stage_av,pass,-1.817,6.0
selected_two_stage_av,pass,-1.2809,5.0
selected_two_stage_av,pass,-0.2542,3.0
selected_two_stage_av,pass,-0.6993,6.0
selected_two_stage_av,pass,-0.2087,0.0
selected_two_stage_av,pass,-0.2087,3.0
selected_two_stage_av,pass,-0.9901,6.0
selected_two_stage_av,pass,-0.454,3.0
selected_two_stage_av,pass,-0.4995,0.0
selected_two_stage_av,pass,0.6182,6.0
selected_two_stage_av,pass,-0.2087,0.0
selected_two_stage_av,pass,-0.2087,0.0
selected_two_stage_av,pass,-0.6993,8.0
selected_two_stage_av,pass,-1.2809,5.0
selected_two_stage_av,pass,-0.9446,0.0
selected_two_stage_av,pass,-0.2542,3.0
selected_two_stage_av,pass,0.2819,8.0
selected_two_stage_av,pass,-0.9446,0.0
selected_two_stage_av,pass,-1.2809,7.0
selected_two_stage_av,pass,-1.0356,8.0
selected_two_stage_av,pass,-0.9901,8.0
selected_two_stage_av,pass,0.3729,4.0
selected_two_stage_av,pass,0.1276,3.0
selected_two_stage_av,pass,0.5727,4.0
selected_two_stage_av,pass,-1.0356,0.0
selected_two_stage_av,pass,0.0821,7.0
selected_two_stage_av,pass,-0.454,4.0
selected_two_stage_av,pass,-0.2087,0.0
selected_two_stage_av,pass,-0.1632,4.0
selected_two_stage_av,pass,0.5727,0.0
selected_two_stage_av,pass,-0.6993,0.0
selected_two_stage_av,pass,0.909,4.0
selected_two_stage_av,pass,-0.4085,6.0
selected_two_stage_av,pass,-1.2354,4.0
selected_two_stage_av,pass,0.3729,0.0
selected_two_stage_av,pass,0.1276,5.0
selected_two_stage_av,pass,-0.454,2.0
selected_two_stage_av,pass,-0.9901,1.0
selected_two_stage_av,pass,-0.7448,4.0
selected_two_stage_av,pass,-0.9901,0.0
selected_two_stage_av,pass,-0.454,0.0
selected_two_stage_av,pass,-0.4995,6.0
selected_two_stage_av,pass,0.6637,0.0
selected_two_stage_av,pass,-0.1632,1.0
selected_two_stage_av,pass,-0.4085,3.0
selected_two_stage_av,pass,0.3274,5.0
selected_two_stage_av,pass,0.0821,0.0
selected_two_stage_av,pass,-0.7448,7.0
selected_two_stage_av,pass,0.0821,3.0
selected_two_stage_av,pass,0.6637,0.0
selected_two_stage_av,pass,-1.5717,5.0
selected_two_stage_av,pass,-0.7448,0.0
selected_two_stage_av,pass,-0.454,4.0
selected_two_stage_av,pass,-1.0356,0.0
selected_two_stage_av,pass,-0.1177,0.0
selected_two_stage_av,pass,-0.7448,0.0
selected_two_stage_av,pass,0.3729,0.0
selected_two_stage_av,pass,-0.1177,3.0
selected_two_stage_av,pass,-0.2087,5.0
selected_two_stage_av,pass,-0.7448,2.0
selected_two_stage_av,pass,0.0821,8.0
selected_two_stage_av,pass,-0.9901,2.0
selected_two_stage_av,pass,-0.454,6.0
selected_two_stage_av,pass,-0.4085,7.0
selected_two_stage_av,pass,0.1276,7.0
selected_two_stage_av,pass,-0.9901,1.0
selected_two_stage_av,pass,0.0821,3.0
selected_two_stage_av,pass,-0.1632,0.0
selected_two_stage_av,pass,-0.7448,4.0
selected_two_stage_av,pass,-0.454,6.0
selected_two_stage_av,pass,-0.7448,0.0
selected_two_stage_av,pass,0.3729,0.0
selected_two_stage_av,pass,0.3729,3.0
selected_two_stage_av,pass,0.3274,0.0
selected_two_stage_av,pass,0.0821,4.0
selected_two_stage_av,pass,-0.7448,3.0
selected_two_stage_av,pass,-1.0356,8.0
selected_two_stage_av,pass,-0.6993,5.0
selected_two_stage_av,pass,-0.1177,5.0
selected_two_stage_av,pass,-0.454,7.0
selected_two_stage_av,pass,-0.454,8.0
selected_two_stage_av,pass,-0.1632,0.0
selected_two_stage_av,pass,-0.7448,2.0
selected_two_stage_av,pass,-0.9901,8.0
selected_two_stage_av,pass,0.0821,7.0
selected_two_stage_av,pass,0.6637,3.0
selected_two_stage_av,pass,-1.0356,2.0
selected_two_stage_av,pass,-0.1177,4.0
selected_two_stage_av,pass,0.6182,9.0
selected_two_stage_av,pass,-1.2809,3.0
selected_two_stage_av,pass,-0.1632,2.0
selected_two_stage_av,pass,-0.1632,0.0
selected_two_stage_av,pass,-0.9901,7.0
selected_two_stage_av,pass,0.6182,3.0
selected_two_stage_av,pass,-0.6993,0.0
selected_two_stage_av,pass,0.0821,3.0
selected_two_stage_av,pass,-0.454,6.0
selected_two_stage_av,pass,-0.2087,6.0
selected_two_stage_av,pass,-0.9901,4.0
selected_two_stage_av,pass,0.8635,3.0
selected_two_stage_av,pass,-0.4085,2.0
selected_two_stage_av,pass,-0.6993,0.0
selected_two_stage_av,pass,-0.4995,3.0
selected_two_stage_av,pass,-1.817,0.0
selected_two_stage_av,pass,-1.2809,8.0
selected_two_stage_av,pass,-1.2809,3.0
selected_two_stage_av,pass,-1.2809,0.0
selected_two_stage_av,pass,-1.3264,3.0
selected_two_stage_av,pass,0.0821,4.0
selected_two_stage_av,pass,-0.7448,4.0
selected_two_stage_av,pass,-1.5717,4.0
selected_two_stage_av,pass,-0.6993,0.0
selected_two_stage_av,pass,-0.2087,0.0
selected_two_stage_av,pass,-0.4085,4.0
selected_two_stage_av,pass,0.6637,0.0
selected_two_stage_av,pass,0.8635,7.0
selected_two_stage_av,pass,-1.2354,2.0
selected_two_stage_av,pass,-1.2809,3.0
selected_two_stage_av,pass,-0.7448,8.0
selected_two_stage_av,pass,-0.9901,2.0
selected_two_stage_av,pass,-1.5717,7.0
selected_two_stage_av,pass,-0.1632,6.0
selected_two_stage_av,pass,-0.1632,0.0
selected_two_stage_av,pass,-0.454,4.0
selected_two_stage_av,pass,-1.0356,6.0
selected_two_stage_av,pass,-0.1632,9.0
selected_two_stage_av,pass,-0.4085,2.0
selected_two_stage_av,pass,-0.2087,0.0
selected_two_stage_av,pass,-0.7448,3.0
selected_two_stage_av,pass,-0.7448,4.0
selected_two_stage_av,pass,-0.4085,4.0
selected_two_stage_av,pass,-0.6538,4.0
selected_two_stage_av,pass,-1.0356,5.0
selected_two_stage_av,pass,0.1276,4.0
selected_two_stage_av,pass,-0.7448,0.0
selected_two_stage_av,pass,0.3729,0.0
selected_two_stage_av,pass,-0.1632,3.0
selected_two_stage_av,pass,0.3729,6.0
selected_two_stage_av,pass,-1.0356,7.0
selected_two_stage_av,pass,-0.454,5.0
selected_two_stage_av,pass,-0.454,3.0
selected_two_stage_av,pass,0.0366,3.0
selected_two_stage_av,pass,-1.2809,7.0
selected_two_stage_av,pass,0.6182,0.0
selected_two_stage_av,pass,-0.454,4.0
selected_two_stage_av,pass,-0.4085,0.0
selected_two_stage_av,pass,-0.2087,6.0
selected_two_stage_av,pass,-0.454,0.0
selected_two_stage_av,pass,0.3729,7.0
selected_two_stage_av,pass,-0.4085,4.0
selected_two_stage_av,pass,-0.2087,7.0
selected_two_stage_av,pass,-0.9901,3.0
selected_two_stage_av,pass,-0.454,2.0
selected_two_stage_av,pass,-0.7448,0.0
selected_two_stage_av,pass,-0.2087,0.0
selected_two_stage_av,pass,-1.2354,0.0
selected_two_stage_av,pass,-0.9901,4.0
selected_two_stage_av,pass,-0.2087,0.0
selected_two_stage_av,pass,0.2819,9.0
selected_two_stage_av,pass,-1.5262,3.0
selected_two_stage_av,pass,-0.9901,0.0
selected_two_stage_av,pass,-0.9901,3.0
selected_two_stage_av,pass,-0.7448,8.0
selected_two_stage_av,pass,-0.4085,0.0
selected_two_stage_av,pass,-1.0356,0.0
selected_two_stage_av,pass,-0.7448,0.0
selected_two_stage_av,pass,-0.2087,0.0
selected_two_stage_av,pass,-0.7903,0.0
selected_two_stage_av,pass,0.3274,0.0
selected_two_stage_av,pass,-0.454,8.0
selected_two_stage_av,pass,0.3274,8.0
selected_two_stage_av,pass,-1.6172,5.0
selected_two_stage_av,pass,-0.4085,0.0
selected_two_stage_av,pass,-0.4085,2.0
selected_two_stage_av,pass,-0.9901,4.0
selected_two_stage_av,pass,-0.2542,0.0
selected_two_stage_av,pass,0.5727,0.0
selected_two_stage_av,pass,-0.4995,0.0
selected_two_stage_av,pass,-0.6538,2.0
selected_two_stage_av,pass,-0.454,0.0
selected_two_stage_av,pass,-1.5717,2.0
selected_two_stage_av,pass,-0.454,3.0
selected_two_stage_av,pass,-1.0356,0.0
selected_two_stage_av,pass,-0.454,3.0
selected_two_stage_av,pass,-0.4995,8.0
selected_two_stage_av,pass,0.0821,8.0
selected_two_stage_av,pass,-0.6993,0.0
selected_two_stage_av,pass,-0.1177,6.0
selected_two_stage_av,pass,-0.7448,4.0
selected_two_stage_av,pass,-1.817,1.0
selected_two_stage_av,pass,-0.454,0.0
selected_two_stage_av,pass,0.0366,3.0
selected_two_stage_av,pass,-0.454,6.0
selected_two_stage_av,pass,-0.2087,5.0
selected_two_stage_av,pass,-0.454,2.0
selected_two_stage_av,pass,0.0821,4.0
selected_two_stage_av,pass,-1.2354,7.0
selected_two_stage_av,pass,-0.4085,6.0
selected_two_stage_av,pass,-0.1632,3.0
selected_two_stage_av,pass,-0.2087,5.0
selected_two_stage_av,pass,-1.5262,5.0
selected_two_stage_av,pass,-0.1632,0.0
selected_two_stage_av,pass,-1.0356,4.0
selected_two_stage_av,pass,-0.1632,0.0
selected_two_stage_av,pass,-0.7448,0.0
selected_two_stage_av,pass,0.1276,1.0
selected_two_stage_av,pass,-1.0356,0.0
selected_two_stage_av,pass,-0.9901,4.0
selected_two_stage_av,pass,-0.7448,6.0
selected_two_stage_av,pass,-0.9901,0.0
selected_two_stage_av,pass,-0.4995,5.0
selected_two_stage_av,pass,-0.1632,6.0
selected_two_stage_av,pass,-0.7448,0.0
selected_two_stage_av,pass,-0.1632,4.0
selected_two_stage_av,pass,-0.9901,5.0
selected_two_stage_av,pass,0.3274,2.0
selected_two_stage_av,pass,-0.7448,6.0
selected_two_stage_av,pass,-1.8625,0.0
selected_two_stage_av,pass,-1.2809,2.0
selected_two_stage_av,pass,-0.6993,3.0
selected_two_stage_av,pass,0.0821,6.0
selected_two_stage_av,pass,-0.1177,4.0
selected_two_stage_av,pass,0.3274,0.0
selected_two_stage_av,pass,-0.454,0.0
selected_two_stage_av,pass,-0.454,0.0
selected_two_stage_av,pass,-0.454,4.0
selected_two_stage_av,pass,-0.7448,2.0
selected_two_stage_av,pass,-0.454,0.0
selected_two_stage_av,pass,-0.6993,2.0
selected_two_stage_av,pass,-0.1632,4.0
selected_two_stage_av,pass,-0.454,0.0
selected_two_stage_av,pass,0.3274,0.0
selected_two_stage_av,pass,-0.4995,0.0
selected_two_stage_av,pass,-1.2809,4.0
selected_two_stage_av,pass,-0.6993,0.0
selected_two_stage_av,pass,-1.5717,0.0
selected_two_stage_av,pass,-0.7448,7.0
selected_two_stage_av,pass,0.6182,8.0
selected_two_stage_av,pass,-0.4995,2.0
selected_two_stage_av,pass,-0.6993,3.0
selected_two_stage_av,pass,-0.6993,0.0
selected_two_stage_av,pass,-0.1632,4.0
selected_two_stage_av,pass,-0.1632,4.0
selected_two_stage_av,pass,-1.0356,4.0
selected_two_stage_av,pass,-0.6993,2.0
selected_two_stage_av,pass,0.0821,0.0
selected_two_stage_av,pass,-0.454,2.0
selected_two_stage_av,pass,-0.454,2.0
selected_two_stage_av,pass,-1.0356,3.0
selected_two_stage_av,pass,0.0366,9.0
selected_two_stage_av,pass,0.6182,3.0
selected_two_stage_av,pass,-0.9901,6.0
selected_two_stage_av,pass,1.1543,0.0
selected_two_stage_av,pass,-0.1632,0.0
selected_two_stage_av,pass,-0.454,0.0
selected_two_stage_av,pass,0.0821,0.0
selected_two_stage_av,pass,-0.6993,5.0
selected_two_stage_av,pass,-0.1632,0.0
selected_two_stage_av,pass,-0.2087,7.0
selected_two_stage_av,pass,-0.454,4.0
selected_two_stage_av,pass,-1.817,4.0
selected_two_stage_av,pass,-0.4085,4.0
selected_two_stage_av,pass,0.0821,6.0
selected_two_stage_av,pass,-0.2542,0.0
selected_two_stage_av,pass,-1.5262,4.0
selected_two_stage_av,pass,-1.5262,1.0
selected_two_stage_av,pass,-0.2087,6.0
selected_two_stage_av,pass,0.3729,4.0
selected_two_stage_av,pass,-1.0356,4.0
selected_two_stage_av,pass,-0.9446,5.0
selected_two_stage_av,pass,-0.1632,3.0
selected_two_stage_av,pass,-0.4995,5.0
selected_two_stage_av,pass,-1.2354,0.0
selected_two_stage_av,pass,-0.454,6.0
selected_two_stage_av,pass,-0.4085,0.0
selected_two_stage_av,pass,-0.4995,4.0
selected_two_stage_av,pass,0.0366,0.0
selected_two_stage_av,pass,1.1543,0.0
selected_two_stage_av,pass,-0.7448,0.0
selected_two_stage_av,pass,-1.3264,5.0
selected_two_stage_av,pass,-0.6993,3.0
selected_two_stage_av,pass,-0.7448,5.0
selected_two_stage_av,pass,0.0821,9.0
selected_two_stage_av,pass,-0.454,8.0
selected_two_stage_av,pass,0.0821,0.0
selected_two_stage_av,pass,-1.0356,7.0
selected_two_stage_av,pass,-0.6993,7.0
selected_two_stage_av,pass,0.0821,8.0
selected_two_stage_av,pass,-0.4085,6.0
selected_two_stage_av,pass,-1.817,0.0
selected_two_stage_av,pass,-1.2809,2.0
selected_two_stage_av,pass,-0.1632,2.0
selected_two_stage_av,pass,-0.1632,4.0
selected_two_stage_av,pass,-0.9901,4.0
selected_two_stage_av,pass,-1.2354,8.0
selected_two_stage_av,pass,-1.5262,6.0
selected_two_stage_av,pass,-1.2809,4.0
selected_two_stage_av,pass,0.3729,0.0
selected_two_stage_av,pass,-0.6538,2.0
selected_two_stage_av,pass,-0.7448,5.0
selected_two_stage_av,pass,0.3274,0.0
selected_two_stage_av,pass,-1.0356,4.0
selected_two_stage_av,pass,-0.1632,0.0
selected_two_stage_av,pass,-0.9901,2.0
selected_two_stage_av,pass,-0.1632,5.0
selected_two_stage_av,pass,0.0821,4.0
selected_two_stage_av,pass,-0.454,4.0
selected_two_stage_av,pass,0.3274,5.0
selected_two_stage_av,pass,-0.454,0.0
selected_two_stage_av,pass,-1.2809,2.0
selected_two_stage_av,pass,-0.4995,6.0
selected_two_stage_av,pass,-0.1632,3.0
selected_two_stage_av,pass,-0.454,3.0
selected_two_stage_av,pass,-0.9901,7.0
selected_two_stage_av,pass,-0.1632,0.0
selected_two_stage_av,pass,-0.6993,0.0
selected_two_stage_av,pass,-1.5717,3.0
selected_two_stage_av,pass,0.1276,0.0
selected_two_stage_av,pass,-0.6993,0.0
selected_two_stage_av,pass,0.3274,6.0
selected_two_stage_av,pass,0.3729,9.0
selected_two_stage_av,pass,0.3729,2.0
selected_two_stage_av,pass,-0.4995,0.0
selected_two_stage_av,pass,-0.6993,8.0
selected_two_stage_av,pass,0.1276,3.0
selected_two_stage_av,pass,-1.817,0.0
selected_two_stage_av,pass,-0.6993,4.0
selected_two_stage_av,pass,-1.2809,0.0
selected_two_stage_av,pass,-1.2354,0.0
selected_two_stage_av,pass,0.6182,4.0
selected_two_stage_av,pass,-0.1177,8.0
selected_two_stage_av,pass,-2.1078,1.0
selected_two_stage_av,pass,-0.454,2.0
selected_two_stage_av,pass,-1.3264,6.0
selected_two_stage_av,pass,-1.2354,5.0
selected_two_stage_av,pass,0.1276,4.0
selected_two_stage_av,pass,-0.7448,0.0
selected_two_stage_av,pass,-0.6993,0.0
selected_two_stage_av,pass,-0.9901,0.0
selected_two_stage_av,pass,-0.9901,4.0
selected_two_stage_av,pass,-0.7448,0.0
selected_two_stage_av,pass,-0.2087,0.0
selected_two_stage_av,pass,0.0821,0.0
selected_two_stage_av,pass,0.6182,3.0
selected_two_stage_av,pass,-1.0356,2.0
selected_two_stage_av,pass,-0.1632,4.0
selected_two_stage_av,pass,-0.6993,2.0
selected_two_stage_av,pass,-1.2809,1.0
selected_two_stage_av,pass,-0.7448,4.0
selected_two_stage_av,pass,-0.454,0.0
selected_two_stage_av,pass,-0.454,0.0
selected_two_stage_av,pass,0.3274,7.0
selected_two_stage_av,pass,0.6637,4.0
selected_two_stage_av,pass,-0.7448,0.0
selected_two_stage_av,pass,-0.454,3.0
selected_two_stage_av,pass,-0.9446,0.0
selected_two_stage_av,pass,-0.4995,0.0
selected_two_stage_av,pass,-0.4995,5.0
selected_two_stage_av,pass,-0.6993,1.0
selected_two_stage_av,pass,0.0821,4.0
selected_two_stage_av,pass,-0.9901,4.0
selected_two_stage_av,pass,-0.6993,1.0
selected_two_stage_av,pass,-1.817,2.0
selected_two_stage_av,pass,-0.1632,9.0
selected_two_stage_av,pass,-0.7448,5.0
selected_two_stage_av,pass,-0.9901,6.0
selected_two_stage_av,pass,-1.2809,4.0
selected_two_stage_av,pass,-1.2809,3.0
selected_two_stage_av,pass,-0.7448,3.0
selected_two_stage_av,pass,-0.9901,3.0
selected_two_stage_av,pass,0.3729,0.0
selected_two_stage_av,pass,-0.6993,7.0
selected_two_stage_av,pass,0.0821,0.0
selected_two_stage_av,pass,0.1276,6.0
selected_two_stage_av,pass,-0.4085,2.0
selected_two_stage_av,pass,-0.454,6.0
selected_two_stage_av,pass,-1.2354,5.0
selected_two_stage_av,pass,-0.7448,0.0
selected_two_stage_av,pass,-0.6993,5.0
selected_two_stage_av,pass,-0.454,3.0
selected_two_stage_av,pass,0.3729,3.0
selected_two_stage_av,pass,-0.2087,4.0
selected_two_stage_av,pass,0.1276,4.0
selected_two_stage_av,pass,-0.9446,4.0
selected_two_stage_av,pass,0.0821,7.0
selected_two_stage_av,pass,0.1276,6.0
selected_two_stage_av,pass,-0.9901,3.0
selected_two_stage_av,pass,-0.9901,0.0
selected_two_stage_av,pass,-0.9901,7.0
selected_two_stage_av,pass,-0.2087,0.0
selected_two_stage_av,pass,-1.2809,4.0
selected_two_stage_av,pass,-1.2809,0.0
selected_two_stage_av,pass,0.3729,2.0
selected_two_stage_av,pass,-0.454,8.0
selected_two_stage_av,pass,-0.9901,4.0
selected_two_stage_av,pass,-0.7448,5.0
selected_two_stage_av,pass,0.0821,2.0
selected_two_stage_av,pass,-0.1632,2.0
selected_two_stage_av,pass,0.0821,0.0
selected_two_stage_av,pass,-0.9901,2.0
selected_two_stage_av,pass,-0.6993,4.0
selected_two_stage_av,pass,-0.1632,0.0
selected_two_stage_av,pass,-0.7903,4.0
selected_two_stage_av,pass,0.0821,0.0
selected_two_stage_av,pass,-0.4995,0.0
selected_two_stage_av,pass,0.6182,3.0
selected_two_stage_av,pass,-0.9901,3.0
selected_two_stage_av,pass,-0.7448,3.0
selected_two_stage_av,pass,-0.6538,5.0
selected_two_stage_av,pass,-0.4995,0.0
selected_two_stage_av,pass,-0.2087,8.0
selected_two_stage_av,pass,-0.454,0.0
selected_two_stage_av,pass,-0.9901,0.0
selected_two_stage_av,pass,-0.454,2.0
selected_two_stage_av,pass,-1.0356,5.0
selected_two_stage_av,pass,-0.2087,0.0
selected_two_stage_av,pass,1.4451,0.0
selected_two_stage_av,pass,-0.454,8.0
selected_two_stage_av,pass,-0.6993,2.0
selected_two_stage_av,pass,0.1276,2.0
selected_two_stage_av,pass,-0.6993,0.0
selected_two_stage_av,pass,-0.6993,2.0
selected_two_stage_av,pass,0.3729,8.0
selected_two_stage_av,pass,-0.9446,5.0
selected_two_stage_av,pass,-0.2087,0.0
selected_two_stage_av,pass,-0.7448,3.0
selected_two_stage_av,pass,-0.454,0.0
selected_two_stage_av,pass,0.3274,3.0
selected_two_stage_av,pass,-0.2087,9.0
selected_two_stage_av,pass,-1.5717,10.0
selected_two_stage_av,pass,-0.2087,0.0
selected_two_stage_av,pass,0.3729,3.0
selected_two_stage_av,pass,-0.454,4.0
selected_two_stage_av,pass,0.3274,7.0
selected_two_stage_av,pass,-0.6993,0.0
selected_two_stage_av,pass,-0.7448,10.0
selected_two_stage_av,pass,-0.454,3.0
selected_two_stage_av,pass,0.1276,0.0
selected_two_stage_av,pass,-1.2354,4.0
selected_two_stage_av,pass,-0.7448,2.0
selected_two_stage_av,pass,-0.2087,1.0
selected_two_stage_av,pass,-0.1632,4.0
selected_two_stage_av,pass,-0.2087,1.0
selected_two_stage_av,pass,-0.2087,0.0
selected_two_stage_av,pass,-0.4085,3.0
selected_two_stage_av,pass,0.3729,3.0
selected_two_stage_av,pass,0.3274,0.0
selected_two_stage_av,pass,0.1276,0.0
selected_two_stage_av,pass,-1.5262,7.0
selected_two_stage_av,pass,-0.2087,3.0
selected_two_stage_av,pass,-1.2809,0.0
selected_two_stage_av,pass,-0.454,8.0
selected_two_stage_av,pass,-0.1632,0.0
selected_two_stage_av,pass,-0.4085,8.0
selected_two_stage_av,pass,0.0366,0.0
selected_two_stage_av,pass,-0.2542,5.0
selected_two_stage_av,pass,-1.2809,7.0
selected_two_stage_av,pass,0.8635,3.0
selected_two_stage_av,pass,-0.4995,2.0
selected_two_stage_av,pass,-0.2087,7.0
selected_two_stage_av,pass,-0.7448,0.0
selected_two_stage_av,pass,0.1276,0.0
selected_two_stage_av,pass,-0.6993,0.0
selected_two_stage_av,pass,-0.1632,1.0
selected_two_stage_av,pass,0.0821,0.0
selected_two_stage_av,pass,-0.6993,3.0
selected_two_stage_av,pass,-0.1632,6.0
selected_two_stage_av,pass,-0.2087,0.0
selected_two_stage_av,pass,-1.5262,3.0
selected_two_stage_av,pass,0.0366,5.0
selected_two_stage_av,pass,-0.7448,0.0
selected_two_stage_av,pass,-0.9446,7.0
selected_two_stage_av,pass,-1.0356,7.0
selected_two_stage_av,pass,-0.454,0.0
selected_two_stage_av,pass,0.3729,0.0
selected_two_stage_av,pass,0.3274,0.0
selected_two_stage_av,pass,-0.6993,0.0
selected_two_stage_av,pass,-0.2087,3.0
selected_two_stage_av,pass,-0.6993,5.0
selected_two_stage_av,pass,0.3729,2.0
selected_two_stage_av,pass,-1.2354,3.0
selected_two_stage_av,pass,-0.4085,0.0
selected_two_stage_av,pass,-0.9446,0.0
selected_two_stage_av,pass,0.6182,3.0
selected_two_stage_av,pass,-0.1177,9.0
selected_two_stage_av,pass,-0.4085,0.0
selected_two_stage_av,pass,-0.6993,2.0
selected_two_stage_av,pass,-0.1632,4.0
selected_two_stage_av,pass,-0.9901,8.0
selected_two_stage_av,pass,0.3729,0.0
selected_two_stage_av,pass,-0.6993,2.0
selected_two_stage_av,pass,-0.6993,5.0
selected_two_stage_av,pass,0.3274,6.0
selected_two_stage_av,pass,-1.0356,0.0
selected_two_stage_av,pass,-0.1632,2.0
selected_two_stage_av,pass,-1.2809,3.0
selected_two_stage_av,pass,0.3729,0.0
selected_two_stage_av,pass,-1.2809,4.0
selected_two_stage_av,pass,-0.6993,4.0
selected_two_stage_av,pass,0.0366,5.0
selected_two_stage_av,pass,-0.9901,6.0
selected_two_stage_av,pass,-0.9446,3.0
selected_two_stage_av,pass,-0.7448,3.0
selected_two_stage_av,pass,0.6182,5.0
selected_two_stage_av,pass,-0.454,3.0
selected_two_stage_av,pass,-0.6538,1.0
selected_two_stage_av,pass,-0.4085,1.0
selected_two_stage_av,pass,0.0821,7.0
selected_two_stage_av,pass,-0.4995,6.0
selected_two_stage_av,pass,-0.7448,0.0
selected_two_stage_av,pass,-0.2087,0.0
selected_two_stage_av,pass,0.3729,0.0
selected_two_stage_av,pass,-0.1177,0.0
selected_two_stage_av,pass,-0.4085,9.0
selected_two_stage_av,pass,-0.9901,3.0
selected_two_stage_av,pass,-1.0356,6.0
selected_two_stage_av,pass,-0.9901,4.0
selected_two_stage_av,pass,-0.7448,0.0
selected_two_stage_av,pass,-0.2087,0.0
selected_two_stage_av,pass,-1.0356,3.0
selected_two_stage_av,pass,-0.454,3.0
selected_two_stage_av,pass,0.3729,2.0
selected_two_stage_av,pass,-0.1177,3.0
selected_two_stage_av,pass,-0.6993,2.0
selected_two_stage_av,pass,-0.4085,0.0
selected_two_stage_av,pass,-1.0356,6.0
selected_two_stage_av,pass,-0.454,5.0
selected_two_stage_av,pass,0.0821,5.0
selected_two_stage_av,pass,-0.6993,0.0
selected_two_stage_av,pass,-0.4085,0.0
selected_two_stage_av,pass,-0.9901,2.0
selected_two_stage_av,pass,-0.454,0.0
selected_two_stage_av,pass,0.3729,0.0
selected_two_stage_av,pass,-0.2087,2.0
selected_two_stage_av,pass,0.0821,7.0
selected_two_stage_av,pass,-0.2087,9.0
selected_two_stage_av,pass,-0.1632,6.0
selected_two_stage_av,pass,0.0821,5.0
selected_two_stage_av,pass,-0.454,1.0
selected_two_stage_av,pass,-0.7448,7.0
selected_two_stage_av,pass,-0.454,0.0
selected_two_stage_av,pass,0.3729,3.0
selected_two_stage_av,pass,-0.6993,3.0
selected_two_stage_av,pass,0.0366,3.0
selected_two_stage_av,pass,0.0821,3.0
selected_two_stage_av,pass,0.1276,3.0
selected_two_stage_av,pass,-0.454,0.0
selected_two_stage_av,pass,-0.2087,4.0
selected_two_stage_av,pass,0.0821,4.0
selected_two_stage_av,pass,-1.2354,3.0
selected_two_stage_av,pass,-0.9446,2.0
selected_two_stage_av,pass,0.0821,0.0
selected_two_stage_av,pass,-0.9446,3.0
selected_two_stage_av,pass,-0.7448,4.0
selected_two_stage_av,pass,0.0821,0.0
selected_two_stage_av,pass,-0.9901,3.0
selected_two_stage_av,pass,-1.0356,0.0
selected_two_stage_av,pass,0.0821,4.0
selected_two_stage_av,pass,-0.7448,7.0
selected_two_stage_av,pass,0.0821,1.0
selected_two_stage_av,pass,0.6637,0.0
selected_two_stage_av,pass,-0.454,4.0
selected_two_stage_av,pass,-0.4085,3.0
selected_two_stage_av,pass,-0.4995,4.0
selected_two_stage_av,pass,-0.1632,2.0
selected_two_stage_av,pass,-0.7903,0.0
selected_two_stage_av,pass,-0.9446,7.0
selected_two_stage_av,pass,-0.454,8.0
selected_two_stage_av,pass,-0.6993,7.0
selected_two_stage_av,pass,-0.2087,2.0
selected_two_stage_av,pass,-0.6993,3.0
selected_two_stage_av,pass,-0.1632,0.0
selected_two_stage_av,pass,-0.3629,0.0
selected_two_stage_av,pass,-0.9901,6.0
selected_two_stage_av,pass,-0.9901,6.0
selected_two_stage_av,pass,-0.2087,0.0
selected_two_stage_av,pass,0.1276,5.0
selected_two_stage_av,pass,-0.9446,5.0
selected_two_stage_av,pass,-0.1632,2.0
selected_two_stage_av,pass,-0.7448,4.0
selected_two_stage_av,pass,0.0821,0.0
selected_two_stage_av,pass,0.1276,0.0
selected_two_stage_av,pass,0.0366,9.0
selected_two_stage_av,pass,-0.9901,6.0
selected_two_stage_av,pass,0.0821,9.0
selected_two_stage_av,pass,-0.6993,5.0
selected_two_stage_av,pass,0.1276,5.0
selected_two_stage_av,pass,-0.1632,2.0
selected_two_stage_av,pass,-1.2809,1.0
selected_two_stage_av,pass,-0.454,6.0
selected_two_stage_av,pass,0.0821,0.0
selected_two_stage_av,pass,-1.817,0.0
selected_two_stage_av,pass,-0.454,1.0
selected_two_stage_av,pass,-0.7448,8.0
selected_two_stage_av,pass,-1.0356,7.0
selected_two_stage_av,pass,0.909,0.0
selected_two_stage_av,pass,0.0821,0.0
selected_two_stage_av,pass,-0.1632,0.0
selected_two_stage_av,pass,-0.454,5.0
selected_two_stage_av,pass,0.3729,10.0
selected_two_stage_av,pass,-0.2087,3.0
selected_two_stage_av,pass,-1.0356,2.0
selected_two_stage_av,pass,0.0821,6.0
selected_two_stage_av,pass,0.0821,8.0
selected_two_stage_av,pass,-0.1632,4.0
selected_two_stage_av,pass,0.1276,8.0
selected_two_stage_av,pass,0.3729,5.0
selected_two_stage_av,pass,-1.0356,0.0
selected_two_stage_av,pass,-1.2354,0.0
selected_two_stage_av,pass,-0.1632,2.0
selected_two_stage_av,pass,-0.6993,5.0
selected_two_stage_av,pass,-0.7448,0.0
selected_two_stage_av,pass,0.0366,3.0
selected_two_stage_av,pass,-0.454,5.0
selected_two_stage_av,pass,0.1276,5.0
selected_two_stage_av,pass,-0.1632,5.0
selected_two_stage_av,pass,-0.1632,0.0
selected_two_stage_av,pass,-0.4085,2.0
selected_two_stage_av,pass,-0.9901,1.0
selected_two_stage_av,pass,0.0821,0.0
selected_two_stage_av,pass,-0.7448,2.0
selected_two_stage_av,pass,-0.6993,4.0
selected_two_stage_av,pass,0.3729,0.0
selected_two_stage_av,pass,-0.4995,9.0
selected_two_stage_av,pass,-0.6538,5.0
selected_two_stage_av,pass,-0.1632,0.0
selected_two_stage_av,pass,-0.1177,0.0
selected_two_stage_av,pass,-0.2087,4.0
selected_two_stage_av,pass,-0.6993,0.0
selected_two_stage_av,pass,0.3729,6.0
selected_two_stage_av,pass,0.0821,4.0
selected_two_stage_av,pass,0.0821,0.0
selected_two_stage_av,pass,-0.454,2.0
selected_two_stage_av,pass,-0.454,2.0
selected_two_stage_av,pass,-1.5717,4.0
selected_two_stage_av,pass,-0.1177,0.0
selected_two_stage_av,pass,0.0821,2.0
selected_two_stage_av,pass,-0.4995,4.0
selected_two_stage_av,pass,0.0821,2.0
selected_two_stage_av,pass,-0.454,3.0
selected_two_stage_av,pass,-0.2087,5.0
selected_two_stage_av,pass,0.6182,0.0
selected_two_stage_av,pass,-0.4995,4.0
selected_two_stage_av,pass,-0.454,5.0
selected_two_stage_av,pass,-0.1632,7.0
selected_two_stage_av,pass,-0.6993,3.0
selected_two_stage_av,pass,-0.1632,5.0
selected_two_stage_av,pass,-0.4995,1.0
selected_two_stage_av,pass,-0.9901,6.0
selected_two_stage_av,pass,-0.9901,3.0
selected_two_stage_av,pass,0.0366,0.0
selected_two_stage_av,pass,-0.4085,6.0
selected_two_stage_av,pass,0.6182,10.0
selected_two_stage_av,pass,0.1276,6.0
selected_two_stage_av,pass,0.6182,0.0
selected_two_stage_av,pass,-1.5717,1.0
selected_two_stage_av,pass,0.3274,8.0
selected_two_stage_av,pass,0.6182,0.0
selected_two_stage_av,pass,-0.454,7.0
selected_two_stage_av,pass,-0.9901,3.0
selected_two_stage_av,pass,0.3274,4.0
selected_two_stage_av,pass,0.0821,0.0
selected_two_stage_av,pass,0.8635,0.0
selected_two_stage_av,pass,0.0366,8.0
selected_two_stage_av,pass,0.1276,2.0
selected_two_stage_av,pass,0.3729,6.0
selected_two_stage_av,pass,0.1276,0.0
selected_two_stage_av,pass,-0.454,4.0
selected_two_stage_av,pass,-0.4085,4.0
selected_two_stage_av,pass,-0.545,7.0
selected_two_stage_av,pass,-0.2087,0.0
selected_two_stage_av,pass,-0.2087,6.0
selected_two_stage_av,pass,-0.4085,0.0
selected_two_stage_av,pass,0.1276,5.0
selected_two_stage_av,pass,-1.2809,4.0
selected_two_stage_av,pass,0.6637,6.0
selected_two_stage_av,pass,0.1276,3.0
selected_two_stage_av,pass,-0.7448,0.0
selected_two_stage_av,pass,-0.4995,5.0
selected_two_stage_av,pass,-0.7448,0.0
selected_two_stage_av,pass,0.1276,3.0
selected_two_stage_av,pass,-1.0356,6.0
selected_two_stage_av,pass,0.6182,0.0
selected_two_stage_av,pass,-1.0356,2.0
selected_two_stage_av,pass,-0.1632,7.0
selected_two_stage_av,pass,0.3274,4.0
selected_two_stage_av,pass,0.1276,0.0
selected_two_stage_av,pass,-0.9901,3.0
selected_two_stage_av,pass,-0.7448,3.0
selected_two_stage_av,pass,-1.2809,1.0
selected_two_stage_av,pass,-0.9901,2.0
selected_two_stage_av,pass,-0.2087,0.0
selected_two_stage_av,pass,-0.7903,9.0
selected_two_stage_av,pass,-0.6993,7.0
selected_two_stage_av,pass,0.1276,8.0
selected_two_stage_av,pass,-0.7903,8.0
selected_two_stage_av,pass,0.8635,7.0
selected_two_stage_av,pass,-0.9901,0.0
selected_two_stage_av,pass,-0.7448,5.0
selected_two_stage_av,pass,-0.454,5.0
selected_two_stage_av,pass,-0.6993,5.0
selected_two_stage_av,pass,-0.1632,4.0
selected_two_stage_av,pass,-0.2087,5.0
selected_two_stage_av,pass,-0.1632,7.0
selected_two_stage_av,pass,-0.454,8.0
selected_two_stage_av,pass,-0.1632,9.0
selected_two_stage_av,pass,-0.7448,3.0
selected_two_stage_av,pass,0.0821,2.0
selected_two_stage_av,pass,-1.2354,5.0
selected_two_stage_av,pass,-0.1632,2.0
selected_two_stage_av,pass,-0.454,5.0
selected_two_stage_av,pass,-1.5717,5.0
selected_two_stage_av,pass,-0.1632,0.0
selected_two_stage_av,pass,-0.7448,2.0
selected_two_stage_av,pass,-0.454,5.0
selected_two_stage_av,pass,-0.1632,0.0
selected_two_stage_av,pass,-0.4085,8.0
selected_two_stage_av,pass,0.0821,4.0
selected_two_stage_av,pass,-0.9901,7.0
selected_two_stage_av,pass,0.0821,0.0
selected_two_stage_av,pass,-0.4995,9.0
selected_two_stage_av,pass,-0.7448,0.0
selected_two_stage_av,pass,0.3729,1.0
selected_two_stage_av,pass,-1.3264,7.0
selected_two_stage_av,pass,-0.4085,0.0
selected_two_stage_av,pass,-0.9446,2.0
selected_two_stage_av,pass,-0.6538,10.0
selected_two_stage_av,pass,-1.2354,3.0
selected_two_stage_av,pass,-0.6993,3.0
selected_two_stage_av,pass,0.3729,0.0
selected_two_stage_av,pass,-0.7448,4.0
selected_two_stage_av,pass,0.6637,0.0
selected_two_stage_av,pass,-1.5262,3.0
selected_two_stage_av,pass,-0.9446,3.0
selected_two_stage_av,pass,-1.0356,8.0
selected_two_stage_av,pass,-0.7448,0.0
selected_two_stage_av,pass,-0.4995,2.0
selected_two_stage_av,pass,0.5727,7.0
selected_two_stage_av,pass,-0.4085,4.0
selected_two_stage_av,pass,-0.9446,0.0
selected_two_stage_av,pass,0.6637,6.0
selected_two_stage_av,pass,-0.9901,5.0
selected_two_stage_av,pass,-0.7448,0.0
selected_two_stage_av,pass,-1.5717,2.0
selected_two_stage_av,pass,-0.454,2.0
selected_two_stage_av,pass,-0.7448,5.0
selected_two_stage_av,pass,-1.2809,5.0
selected_two_stage_av,pass,-1.2809,4.0
selected_two_stage_av,pass,0.0821,2.0
selected_two_stage_av,pass,-1.2809,8.0
selected_two_stage_av,pass,-0.454,5.0
selected_two_stage_av,pass,-0.6993,6.0
selected_two_stage_av,pass,-0.2087,4.0
selected_two_stage_av,pass,-0.6993,3.0
selected_two_stage_av,pass,0.0821,4.0
selected_two_stage_av,pass,-0.2087,0.0
selected_two_stage_av,pass,-0.9901,3.0
selected_two_stage_av,pass,-1.0356,7.0
selected_two_stage_av,pass,0.0366,7.0
selected_two_stage_av,pass,-0.454,0.0
selected_two_stage_av,pass,0.0821,3.0
selected_two_stage_av,pass,-0.7448,0.0
selected_two_stage_av,pass,-1.5717,6.0
selected_two_stage_av,pass,-1.2809,2.0
selected_two_stage_av,pass,-0.454,3.0
selected_two_stage_av,pass,-0.4995,5.0
selected_two_stage_av,pass,0.0821,1.0
selected_two_stage_av,pass,-0.6993,3.0
selected_two_stage_av,pass,-0.454,4.0
selected_two_stage_av,pass,-0.7448,7.0
selected_two_stage_av,pass,-0.7448,7.0
selected_two_stage_av,pass,0.1276,2.0
selected_two_stage_av,pass,-0.9901,2.0
selected_two_stage_av,pass,-1.2354,0.0
selected_two_stage_av,pass,0.0366,5.0
selected_two_stage_av,pass,-0.454,0.0
selected_two_stage_av,pass,-0.7448,7.0
selected_two_stage_av,pass,0.0821,3.0
selected_two_stage_av,pass,-1.5262,3.0
selected_two_stage_av,pass,-0.2087,3.0
selected_two_stage_av,pass,-0.9901,1.0
selected_two_stage_av,pass,-0.1632,9.0
selected_two_stage_av,pass,0.0366,4.0
selected_two_stage_av,pass,0.3729,0.0
selected_two_stage_av,pass,-0.9901,4.0
selected_two_stage_av,pass,-0.1632,0.0
selected_two_stage_av,pass,-0.4085,0.0
selected_two_stage_av,pass,0.909,0.0
selected_two_stage_av,pass,-0.1177,2.0
selected_two_stage_av,pass,-0.454,3.0
selected_two_stage_av,pass,-0.6993,0.0
selected_two_stage_av,pass,-0.7448,6.0
selected_two_stage_av,pass,-1.0356,4.0
selected_two_stage_av,pass,-0.1632,0.0
selected_two_stage_av,pass,-0.2087,4.0
selected_two_stage_av,pass,-0.9901,6.0
selected_two_stage_av,pass,-0.6993,2.0
selected_two_stage_av,pass,-0.9901,8.0
selected_two_stage_av,pass,-0.9446,6.0
selected_two_stage_av,pass,-0.2087,0.0
selected_two_stage_av,pass,0.0821,0.0
selected_two_stage_av,pass,-0.6993,2.0
selected_two_stage_av,pass,-0.7448,1.0
selected_two_stage_av,pass,-1.5262,4.0
selected_two_stage_av,pass,0.3274,2.0
selected_two_stage_av,pass,-0.4995,8.0
selected_two_stage_av,pass,0.0821,5.0
selected_two_stage_av,pass,-0.4085,3.0
selected_two_stage_av,pass,-0.4085,5.0
selected_two_stage_av,pass,-0.4995,2.0
selected_two_stage_av,pass,-0.9901,3.0
selected_two_stage_av,pass,-0.7448,7.0
selected_two_stage_av,pass,-0.6993,8.0
selected_two_stage_av,pass,-0.9901,7.0
selected_two_stage_av,pass,-0.1632,7.0
selected_two_stage_av,pass,-0.9446,0.0
selected_two_stage_av,pass,0.6182,4.0
selected_two_stage_av,pass,-0.2087,0.0
selected_two_stage_av,pass,-0.9446,5.0
selected_two_stage_av,pass,-1.817,6.0
selected_two_stage_av,pass,-0.6993,4.0
selected_two_stage_av,pass,-0.6993,0.0
selected_two_stage_av,pass,-0.4085,6.0
selected_two_stage_av,pass,0.2819,0.0
selected_two_stage_av,pass,-1.0356,8.0
selected_two_stage_av,pass,-0.9901,3.0
selected_two_stage_av,pass,-0.454,4.0
selected_two_stage_av,pass,-0.1632,2.0
selected_two_stage_av,pass,-0.6993,3.0
selected_two_stage_av,pass,-0.1632,7.0
selected_two_stage_av,pass,0.3729,0.0
selected_two_stage_av,pass,-0.6993,2.0
selected_two_stage_av,pass,-1.2809,0.0
selected_two_stage_av,pass,-0.1632,7.0
selected_two_stage_av,pass,-0.7448,0.0
selected_two_stage_av,pass,-1.2354,1.0
selected_two_stage_av,pass,-0.6993,0.0
selected_two_stage_av,pass,0.3274,2.0
selected_two_stage_av,pass,-0.2087,5.0
selected_two_stage_av,pass,0.0821,0.0
selected_two_stage_av,pass,-0.9901,4.0
selected_two_stage_av,pass,-0.454,3.0
selected_two_stage_av,pass,-1.0356,6.0
selected_two_stage_av,pass,-0.9901,3.0
selected_two_stage_av,pass,-0.454,6.0
selected_two_stage_av,pass,-1.2809,1.0
selected_two_stage_av,pass,-0.2087,3.0
selected_two_stage_av,pass,-0.1632,3.0
selected_two_stage_av,pass,0.3274,5.0
selected_two_stage_av,pass,0.3729,6.0
selected_two_stage_av,pass,0.0366,6.0
selected_two_stage_av,pass,-1.0356,6.0
selected_two_stage_av,pass,-1.817,1.0
selected_two_stage_av,pass,0.0366,0.0
selected_two_stage_av,pass,-0.2087,4.0
selected_two_stage_av,pass,-0.4085,8.0
selected_two_stage_av,pass,-0.2087,3.0
selected_two_stage_av,pass,-0.454,6.0
selected_two_stage_av,pass,-1.2809,2.0
selected_two_stage_av,pass,-0.454,0.0
selected_two_stage_av,pass,-0.1632,0.0
selected_two_stage_av,pass,-0.454,0.0
selected_two_stage_av,pass,0.0821,0.0
selected_two_stage_av,pass,-0.4995,0.0
selected_two_stage_av,pass,-0.454,7.0
selected_two_stage_av,pass,-0.7448,4.0
selected_two_stage_av,pass,-0.4995,3.0
selected_two_stage_av,pass,-0.4085,0.0
selected_two_stage_av,pass,-0.9446,7.0
selected_two_stage_av,pass,-0.7448,0.0
selected_two_stage_av,pass,-0.9446,1.0
selected_two_stage_av,pass,-0.6993,7.0
selected_two_stage_av,pass,-1.2354,2.0
selected_two_stage_av,pass,-1.5262,7.0
selected_two_stage_av,pass,0.0821,0.0
selected_two_stage_av,pass,0.0821,0.0
selected_two_stage_av,pass,-0.454,7.0
selected_two_stage_av,pass,-1.5262,0.0
selected_two_stage_av,pass,-0.454,7.0
selected_two_stage_av,pass,0.0366,4.0
selected_two_stage_av,pass,0.3274,5.0
selected_two_stage_av,pass,0.0366,2.0
selected_two_stage_av,pass,-0.4995,7.0
selected_two_stage_av,pass,-0.454,5.0
selected_two_stage_av,pass,-0.6993,2.0
selected_two_stage_av,pass,-0.9901,1.0
selected_two_stage_av,pass,-0.2087,5.0
selected_two_stage_av,pass,-0.7448,5.0
selected_two_stage_av,pass,-0.1632,4.0
selected_two_stage_av,pass,-0.2087,0.0
selected_two_stage_av,pass,0.3274,7.0
selected_two_stage_av,pass,-1.0356,2.0
selected_two_stage_av,pass,0.3729,0.0
selected_two_stage_av,pass,-0.6538,6.0
selected_two_stage_av,pass,-0.9901,4.0
selected_two_stage_av,pass,-0.2087,3.0
selected_two_stage_av,pass,-0.1632,7.0
selected_two_stage_av,pass,0.0821,0.0
selected_two_stage_av,pass,-0.1632,4.0
selected_two_stage_av,pass,-0.454,3.0
selected_two_stage_av,pass,0.1276,0.0
selected_two_stage_av,pass,-0.1632,7.0
selected_two_stage_av,pass,-0.4995,3.0
selected_two_stage_av,pass,-0.7903,6.0
selected_two_stage_av,pass,-1.2354,3.0
selected_two_stage_av,pass,-0.2087,0.0
selected_two_stage_av,pass,0.0366,1.0
selected_two_stage_av,pass,0.8635,0.0
selected_two_stage_av,pass,-0.2087,0.0
selected_two_stage_av,pass,0.0821,1.0
selected_two_stage_av,pass,-1.0356,4.0
selected_two_stage_av,pass,-1.3264,7.0
selected_two_stage_av,pass,-0.4995,0.0
selected_two_stage_av,pass,-0.9901,7.0
selected_two_stage_av,pass,0.5727,7.0
selected_two_stage_av,pass,0.1276,0.0
selected_two_stage_av,pass,0.0821,4.0
selected_two_stage_av,pass,-0.6993,4.0
selected_two_stage_av,pass,1.1543,0.0
selected_two_stage_av,pass,0.3729,0.0
selected_two_stage_av,pass,0.0821,7.0
selected_two_stage_av,pass,-0.7448,0.0
selected_two_stage_av,pass,-0.454,0.0
selected_two_stage_av,pass,-0.2087,2.0
selected_two_stage_av,pass,-0.9901,1.0
selected_two_stage_av,pass,-0.7448,0.0
selected_two_stage_av,pass,-0.1632,9.0
selected_two_stage_av,pass,-0.4995,0.0
selected_two_stage_av,pass,0.0821,0.0
selected_two_stage_av,pass,0.0821,4.0
selected_two_stage_av,pass,0.0821,0.0
selected_two_stage_av,pass,1.1543,0.0
selected_two_stage_av,pass,-1.817,3.0
selected_two_stage_av,pass,0.6182,5.0
selected_two_stage_av,pass,-1.2809,4.0
selected_two_stage_av,pass,-1.2809,1.0
selected_two_stage_av,pass,0.3729,8.0
selected_two_stage_av,pass,-0.454,6.0
selected_two_stage_av,pass,-0.454,3.0
selected_two_stage_av,pass,-0.4995,7.0
selected_two_stage_av,pass,-0.9446,0.0
selected_two_stage_av,pass,-0.1177,0.0
selected_two_stage_av,pass,-1.5262,4.0
selected_two_stage_av,pass,0.1276,3.0
selected_two_stage_av,pass,-0.4085,3.0
selected_two_stage_av,pass,-0.4995,7.0
selected_two_stage_av,pass,-0.9901,2.0
selected_two_stage_av,pass,-0.454,2.0
selected_two_stage_av,pass,-0.1632,0.0
selected_two_stage_av,pass,-0.6993,0.0
selected_two_stage_av,pass,-0.1632,6.0
selected_two_stage_av,pass,-1.3264,4.0
selected_two_stage_av,pass,-0.1632,0.0
selected_two_stage_av,pass,0.3274,2.0
selected_two_stage_av,pass,-0.1632,9.0
selected_two_stage_av,pass,-1.5717,1.0
selected_two_stage_av,pass,-1.0356,7.0
selected_two_stage_av,pass,-0.454,0.0
selected_two_stage_av,pass,-0.1632,5.0
selected_two_stage_av,pass,0.0366,5.0
selected_two_stage_av,pass,-0.1632,4.0
selected_two_stage_av,pass,-1.0356,4.0
selected_two_stage_av,pass,-0.4085,0.0
selected_two_stage_av,pass,0.6182,0.0
selected_two_stage_av,pass,-0.7448,6.0
selected_two_stage_av,pass,-0.454,7.0
selected_two_stage_av,pass,-0.7448,1.0
selected_two_stage_av,pass,-0.4995,0.0
selected_two_stage_av,pass,0.3274,8.0
selected_two_stage_av,pass,-1.0356,0.0
selected_two_stage_av,pass,-0.454,8.0
selected_two_stage_av,pass,-1.2809,0.0
selected_two_stage_av,pass,-0.2542,4.0
selected_two_stage_av,pass,-0.1632,6.0
selected_two_stage_av,pass,0.1276,5.0
selected_two_stage_av,pass,-0.9446,4.0
selected_two_stage_av,pass,-0.454,1.0
selected_two_stage_av,pass,-1.2809,4.0
selected_two_stage_av,pass,-0.454,7.0
selected_two_stage_av,pass,-1.0356,4.0
selected_two_stage_av,pass,-0.4085,0.0
selected_two_stage_av,pass,-0.2542,5.0
selected_two_stage_av,pass,-0.6993,6.0
selected_two_stage_av,pass,-0.6993,0.0
selected_two_stage_av,pass,0.6182,0.0
selected_two_stage_av,pass,-0.6993,5.0
selected_two_stage_av,pass,-0.7448,3.0
selected_two_stage_av,pass,-0.454,6.0
selected_two_stage_av,pass,-0.454,4.0
selected_two_stage_av,pass,0.0821,6.0
selected_two_stage_av,pass,-1.2354,5.0
selected_two_stage_av,pass,0.0821,4.0
selected_two_stage_av,pass,-1.2809,3.0
selected_two_stage_av,pass,-0.2087,5.0
selected_two_stage_av,pass,0.0821,4.0
selected_two_stage_av,pass,-0.1632,5.0
selected_two_stage_av,pass,-0.1632,0.0
selected_two_stage_av,pass,-0.2087,8.0
selected_two_stage_av,pass,-0.454,2.0
selected_two_stage_av,pass,-0.1632,4.0
selected_two_stage_av,pass,-0.454,5.0
selected_two_stage_av,pass,0.1276,6.0
selected_two_stage_av,pass,0.3729,7.0
selected_two_stage_av,pass,-0.4085,5.0
selected_two_stage_av,pass,-0.6993,5.0
selected_two_stage_av,pass,0.0366,4.0
selected_two_stage_av,pass,-0.454,7.0
selected_two_stage_av,pass,-0.4995,5.0
selected_two_stage_av,pass,0.0821,4.0
selected_two_stage_av,pass,0.3729,9.0
selected_two_stage_av,pass,-1.2354,3.0
selected_two_stage_av,pass,0.1276,3.0
selected_two_stage_av,pass,-0.9901,5.0
selected_two_stage_av,pass,-1.0356,2.0
selected_two_stage_av,pass,-1.0356,4.0
selected_two_stage_av,pass,-0.4085,5.0
selected_two_stage_av,pass,-0.2542,0.0
selected_two_stage_av,pass,-0.6993,2.0
selected_two_stage_av,pass,-0.454,0.0
selected_two_stage_av,pass,-0.7448,4.0
selected_two_stage_av,pass,-0.454,0.0
selected_two_stage_av,pass,0.0821,0.0
selected_two_stage_av,pass,-0.454,4.0
selected_two_stage_av,pass,-0.7448,1.0
selected_two_stage_av,pass,-0.454,0.0
selected_two_stage_av,pass,-0.454,3.0
selected_two_stage_av,pass,-0.7448,10.0
selected_two_stage_av,pass,-0.4995,4.0
selected_two_stage_av,pass,-0.6993,0.0
selected_two_stage_av,pass,-0.1632,9.0
selected_two_stage_av,pass,-0.7448,5.0
selected_two_stage_av,pass,-0.454,2.0
selected_two_stage_av,pass,-0.1632,4.0
selected_two_stage_av,pass,-0.7448,6.0
selected_two_stage_av,pass,-0.454,2.0
selected_two_stage_av,pass,-0.1632,5.0
selected_two_stage_av,pass,0.3274,2.0
selected_two_stage_av,pass,-1.5262,7.0
selected_two_stage_av,pass,-0.4995,0.0
selected_two_stage_av,pass,0.3274,0.0
selected_two_stage_av,pass,-0.2087,0.0
selected_two_stage_av,pass,-1.0356,3.0
selected_two_stage_av,pass,-1.5262,0.0
selected_two_stage_av,pass,-0.6993,1.0
selected_two_stage_av,pass,-0.6993,8.0
selected_two_stage_av,pass,0.3274,0.0
selected_two_stage_av,pass,-1.5717,4.0
selected_two_stage_av,pass,0.0821,0.0
selected_two_stage_av,pass,-0.454,1.0
selected_two_stage_av,pass,-0.4995,0.0
selected_two_stage_av,pass,-0.4995,4.0
selected_two_stage_av,pass,-1.2354,7.0
selected_two_stage_av,pass,-0.7448,4.0
selected_two_stage_av,pass,0.3729,4.0
selected_two_stage_av,pass,-0.454,3.0
selected_two_stage_av,pass,0.3729,0.0
selected_two_stage_av,pass,-0.2087,4.0
selected_two_stage_av,pass,-0.9901,3.0
selected_two_stage_av,pass,-0.1632,5.0
selected_two_stage_av,pass,-0.7448,0.0
selected_two_stage_av,pass,0.1276,0.0
selected_two_stage_av,pass,0.3274,3.0
selected_two_stage_av,pass,-0.2087,3.0
selected_two_stage_av,pass,-0.1632,6.0
selected_two_stage_av,pass,-0.7448,4.0
selected_two_stage_av,pass,-1.2354,2.0
selected_two_stage_av,pass,-0.454,4.0
selected_two_stage_av,pass,0.1276,7.0
selected_two_stage_av,pass,0.0821,3.0
selected_two_stage_av,pass,-0.7448,0.0
selected_two_stage_av,pass,-0.7903,4.0
selected_two_stage_av,pass,-0.4085,0.0
selected_two_stage_av,pass,-0.4995,0.0
selected_two_stage_av,pass,-0.4995,4.0
selected_two_stage_av,pass,-0.6993,2.0
selected_two_stage_av,pass,0.6182,0.0
selected_two_stage_av,pass,-0.6538,0.0
selected_two_stage_av,pass,0.1276,3.0
selected_two_stage_av,pass,-0.4085,4.0
selected_two_stage_av,pass,-0.9901,2.0
selected_two_stage_av,pass,-0.7448,0.0
selected_two_stage_av,pass,-0.454,2.0
selected_two_stage_av,pass,-0.7448,0.0
selected_two_stage_av,pass,-1.0356,5.0
selected_two_stage_av,pass,-0.454,3.0
selected_two_stage_av,pass,0.0821,5.0
selected_two_stage_av,pass,1.1088,0.0
selected_two_stage_av,pass,-0.7448,0.0
selected_two_stage_av,pass,-0.1632,4.0
selected_two_stage_av,pass,-0.2087,7.0
selected_two_stage_av,pass,-0.9901,2.0
selected_two_stage_av,pass,-0.4085,0.0
selected_two_stage_av,pass,-0.454,0.0
selected_two_stage_av,pass,-0.454,5.0
selected_two_stage_av,pass,-0.2087,7.0
selected_two_stage_av,pass,0.0821,0.0
selected_two_stage_av,pass,-0.7448,8.0
selected_two_stage_av,pass,-0.4085,4.0
selected_two_stage_av,pass,-0.9901,3.0
selected_two_stage_av,pass,0.1276,0.0
selected_two_stage_av,pass,-0.6993,4.0
selected_two_stage_av,pass,-0.7448,3.0
selected_two_stage_av,pass,-1.2809,0.0
selected_two_stage_av,pass,-0.454,8.0
selected_two_stage_av,pass,0.0821,4.0
selected_two_stage_av,pass,-0.2087,6.0
selected_two_stage_av,pass,0.3729,4.0
selected_two_stage_av,pass,-0.454,5.0
selected_two_stage_av,pass,-0.454,4.0
selected_two_stage_av,pass,-1.817,5.0
selected_two_stage_av,pass,0.3729,3.0
selected_two_stage_av,pass,-0.4995,0.0
selected_two_stage_av,pass,-0.1632,0.0
selected_two_stage_av,pass,-0.9901,0.0
selected_two_stage_av,pass,0.0821,5.0
selected_two_stage_av,pass,-0.1632,6.0
selected_two_stage_av,pass,-0.4995,0.0
selected_two_stage_av,pass,-0.9901,3.0
selected_two_stage_av,pass,-0.454,3.0
selected_two_stage_av,pass,0.3274,4.0
selected_two_stage_av,pass,0.1732,0.0
selected_two_stage_av,pass,-1.5717,0.0
selected_two_stage_av,pass,-0.2087,0.0
selected_two_stage_av,pass,-0.4995,0.0
selected_two_stage_av,pass,-0.6993,7.0
selected_two_stage_av,pass,-1.0356,5.0
selected_two_stage_av,pass,-0.1632,0.0
selected_two_stage_av,pass,0.3729,4.0
selected_two_stage_av,pass,-0.7448,2.0
selected_two_stage_av,pass,-0.7448,5.0
selected_two_stage_av,pass,-0.1632,3.0
selected_two_stage_av,pass,0.0821,5.0
selected_two_stage_av,pass,0.3729,7.0
selected_two_stage_av,pass,-0.6993,6.0
selected_two_stage_av,pass,-0.9901,6.0
selected_two_stage_av,pass,-0.6993,0.0
selected_two_stage_av,pass,-0.4085,0.0
selected_two_stage_av,pass,0.0821,4.0
selected_two_stage_av,pass,-0.454,4.0
selected_two_stage_av,pass,-0.4995,4.0
selected_two_stage_av,pass,-0.1632,8.0
selected_two_stage_av,pass,-0.9901,8.0
selected_two_stage_av,pass,-0.9901,0.0
selected_two_stage_av,pass,0.6182,0.0
selected_two_stage_av,pass,-1.817,1.0
selected_two_stage_av,pass,-1.5262,4.0
selected_two_stage_av,pass,-0.9446,2.0
selected_two_stage_av,pass,-0.1632,0.0
selected_two_stage_av,pass,-0.4085,5.0
selected_two_stage_av,pass,0.3274,0.0
selected_two_stage_av,pass,-1.5262,5.0
selected_two_stage_av,pass,0.3274,3.0
selected_two_stage_av,pass,0.1276,0.0
selected_two_stage_av,pass,0.0821,0.0
selected_two_stage_av,pass,0.3274,5.0
selected_two_stage_av,pass,-0.9446,0.0
selected_two_stage_av,pass,-0.4995,0.0
selected_two_stage_av,pass,-0.7448,2.0
selected_two_stage_av,pass,-0.9901,10.0
selected_two_stage_av,pass,-1.2354,7.0
selected_two_stage_av,pass,1.1543,0.0
selected_two_stage_av,pass,0.0366,3.0
selected_two_stage_av,pass,-0.9901,3.0
selected_two_stage_av,pass,0.1276,2.0
selected_two_stage_av,pass,-0.2087,4.0
selected_two_stage_av,pass,-0.6993,5.0
selected_two_stage_av,pass,-0.4085,0.0
selected_two_stage_av,pass,-0.454,0.0
selected_two_stage_av,pass,-1.5262,3.0
selected_two_stage_av,pass,0.1732,0.0
selected_two_stage_av,pass,-1.2354,4.0
selected_two_stage_av,pass,0.3274,0.0
selected_two_stage_av,pass,-0.1632,0.0
selected_two_stage_av,pass,-0.7448,4.0
selected_two_stage_av,pass,-0.1632,4.0
selected_two_stage_av,pass,-0.9446,5.0
selected_two_stage_av,pass,-1.0356,5.0
selected_two_stage_av,pass,-0.454,3.0
selected_two_stage_av,pass,-0.7448,6.0
selected_two_stage_av,pass,-0.2087,3.0
selected_two_stage_av,pass,-0.7448,7.0
selected_two_stage_av,pass,-1.5717,2.0
selected_two_stage_av,pass,-0.2087,8.0
selected_two_stage_av,pass,-1.2354,2.0
selected_two_stage_av,pass,0.6182,0.0
selected_two_stage_av,pass,-0.4085,0.0
selected_two_stage_av,pass,-0.1632,7.0
selected_two_stage_av,pass,-0.9446,4.0
selected_two_stage_av,pass,-0.454,4.0
selected_two_stage_av,pass,-0.9901,4.0
selected_two_stage_av,pass,-0.9901,3.0
selected_two_stage_av,pass,0.6182,2.0
selected_two_stage_av,pass,0.0821,0.0
selected_two_stage_av,pass,-0.454,4.0
selected_two_stage_av,pass,-0.454,6.0
selected_two_stage_av,pass,-1.2809,0.0
selected_two_stage_av,pass,-0.2087,0.0
selected_two_stage_av,pass,-0.454,5.0
selected_two_stage_av,pass,-0.1632,0.0
selected_two_stage_av,pass,-0.454,6.0
selected_two_stage_av,pass,-0.2087,5.0
selected_two_stage_av,pass,-1.5717,4.0
selected_two_stage_av,pass,0.0366,7.0
selected_two_stage_av,pass,-0.454,0.0
selected_two_stage_av,pass,-0.4995,2.0
selected_two_stage_av,pass,0.3729,3.0
selected_two_stage_av,pass,-0.9901,2.0
selected_two_stage_av,pass,-0.6993,0.0
selected_two_stage_av,pass,-1.2809,3.0
selected_two_stage_av,pass,-0.7448,2.0
selected_two_stage_av,pass,-0.454,1.0
selected_two_stage_av,pass,-1.5717,2.0
selected_two_stage_av,pass,0.3274,0.0
selected_two_stage_av,pass,-1.5717,8.0
selected_two_stage_av,pass,-0.1632,4.0
selected_two_stage_av,pass,-0.9901,5.0
selected_two_stage_av,pass,-0.6993,9.0
selected_two_stage_av,pass,-0.6993,2.0
selected_two_stage_av,pass,-1.6172,5.0
selected_two_stage_av,pass,-0.1632,3.0
selected_two_stage_av,pass,-0.6993,2.0
selected_two_stage_av,pass,-0.4995,0.0
selected_two_stage_av,pass,0.6637,3.0
selected_two_stage_av,pass,-0.1632,3.0
selected_two_stage_av,pass,-0.1632,8.0
selected_two_stage_av,pass,-0.4995,4.0
selected_two_stage_av,pass,-0.6993,9.0
selected_two_stage_av,pass,0.0821,6.0
selected_two_stage_av,pass,0.0821,0.0
selected_two_stage_av,pass,-0.9901,0.0
selected_two_stage_av,pass,0.3274,0.0
selected_two_stage_av,pass,0.8635,4.0
selected_two_stage_av,pass,-0.7448,2.0
selected_two_stage_av,pass,-0.2087,2.0
selected_two_stage_av,pass,0.1276,6.0
selected_two_stage_av,pass,-0.7903,7.0
selected_two_stage_av,pass,-0.454,4.0
selected_two_stage_av,pass,-0.454,8.0
selected_two_stage_av,pass,-1.2809,3.0
selected_two_stage_av,pass,-0.2542,0.0
selected_two_stage_av,pass,-0.454,7.0
selected_two_stage_av,pass,0.1276,0.0
selected_two_stage_av,pass,0.1276,4.0
selected_two_stage_av,pass,-0.1632,0.0
selected_two_stage_av,pass,-0.6993,6.0
selected_two_stage_av,pass,-0.4085,0.0
selected_two_stage_av,pass,-0.6993,0.0
selected_two_stage_av,pass,-1.2809,4.0
selected_two_stage_av,pass,0.3729,6.0
selected_two_stage_av,pass,-0.454,0.0
selected_two_stage_av,pass,-0.7448,5.0
selected_two_stage_av,pass,-0.454,4.0
selected_two_stage_av,pass,0.3274,10.0
selected_two_stage_av,pass,-0.1632,0.0
selected_two_stage_av,pass,-0.454,3.0
selected_two_stage_av,pass,-1.0356,0.0
selected_two_stage_av,pass,-0.6993,6.0
selected_two_stage_av,pass,0.3274,0.0
selected_two_stage_av,pass,-0.2087,0.0
selected_two_stage_av,pass,-0.2087,3.0
selected_two_stage_av,pass,-0.4085,3.0
selected_two_stage_av,pass,0.0366,5.0
selected_two_stage_av,pass,-0.4085,0.0
selected_two_stage_av,pass,-0.9901,3.0
selected_two_stage_av,pass,-0.4085,3.0
selected_two_stage_av,pass,-0.9901,1.0
selected_two_stage_av,pass,-0.7448,2.0
selected_two_stage_av,pass,-0.2087,1.0
selected_two_stage_av,pass,-0.1632,3.0
selected_two_stage_av,pass,-0.454,0.0
selected_two_stage_av,pass,-0.9446,0.0
selected_two_stage_av,pass,-0.454,9.0
selected_two_stage_av,pass,0.1276,3.0
selected_two_stage_av,pass,-0.1632,2.0
selected_two_stage_av,pass,-0.1632,0.0
selected_two_stage_av,pass,-0.454,0.0
selected_two_stage_av,pass,-0.1632,7.0
selected_two_stage_av,pass,-0.7448,4.0
selected_two_stage_av,pass,-0.7448,0.0
selected_two_stage_av,pass,-0.9901,5.0
selected_two_stage_av,pass,0.6637,8.0
selected_two_stage_av,pass,0.3274,0.0
selected_two_stage_av,pass,-0.4995,4.0
selected_two_stage_av,pass,-1.2809,0.0
selected_two_stage_av,pass,-0.7448,7.0
selected_two_stage_av,pass,-0.454,2.0
selected_two_stage_av,pass,0.0821,0.0
selected_two_stage_av,pass,-0.1632,5.0
selected_two_stage_av,pass,0.0821,4.0
selected_two_stage_av,pass,-0.454,8.0
selected_two_stage_av,pass,-0.6993,1.0
selected_two_stage_av,pass,0.3729,5.0
selected_two_stage_av,pass,0.0821,3.0
selected_two_stage_av,pass,0.3274,0.0
selected_two_stage_av,pass,-0.1177,0.0
selected_two_stage_av,pass,-1.2809,4.0
selected_two_stage_av,pass,-0.2087,2.0
selected_two_stage_av,pass,-1.2809,4.0
selected_two_stage_av,pass,-0.6993,7.0
selected_two_stage_av,pass,1.1998,0.0
selected_two_stage_av,pass,-0.6993,6.0
selected_two_stage_av,pass,-0.9901,3.0
selected_two_stage_av,pass,0.0821,4.0
selected_two_stage_av,pass,-0.1632,4.0
selected_two_stage_av,pass,-0.4995,3.0
selected_two_stage_av,pass,-0.2087,4.0
selected_two_stage_av,pass,-0.2087,4.0
selected_two_stage_av,pass,-0.7448,0.0
selected_two_stage_av,pass,-0.454,5.0
selected_two_stage_av,pass,0.3729,3.0
selected_two_stage_av,pass,0.3274,7.0
selected_two_stage_av,pass,-0.454,0.0
selected_two_stage_av,pass,-0.2087,0.0
selected_two_stage_av,pass,-0.6993,7.0
selected_two_stage_av,pass,-0.1632,0.0
selected_two_stage_av,pass,-0.1177,0.0
selected_two_stage_av,pass,-0.9901,7.0
selected_two_stage_av,pass,-0.9446,5.0
selected_two_stage_av,pass,-0.9901,2.0
selected_two_stage_av,pass,-0.7448,0.0
selected_two_stage_av,pass,-0.4995,3.0
selected_two_stage_av,pass,-0.1632,9.0
selected_two_stage_av,pass,0.0821,7.0
selected_two_stage_av,pass,-0.454,6.0
selected_two_stage_av,pass,0.0366,5.0
selected_two_stage_av,pass,-1.5262,4.0
selected_two_stage_av,pass,-1.0356,1.0
selected_two_stage_av,pass,-1.3264,6.0
selected_two_stage_av,pass,-0.7448,1.0
selected_two_stage_av,pass,-0.9901,2.0
selected_two_stage_av,pass,0.3274,8.0
selected_two_stage_av,pass,-0.7448,6.0
selected_two_stage_av,pass,0.3729,5.0
selected_two_stage_av,pass,0.0821,0.0
selected_two_stage_av,pass,-0.4085,7.0
selected_two_stage_av,pass,-0.454,4.0
selected_two_stage_av,pass,-0.9901,4.0
selected_two_stage_av,pass,-0.6993,0.0
selected_two_stage_av,pass,-0.2087,2.0
selected_two_stage_av,pass,-0.2087,0.0
selected_two_stage_av,pass,0.6182,8.0
selected_two_stage_av,pass,0.3274,4.0
selected_two_stage_av,pass,-0.454,3.0
selected_two_stage_av,pass,-0.1177,5.0
selected_two_stage_av,pass,-0.454,3.0
selected_two_stage_av,pass,-0.4995,7.0
selected_two_stage_av,pass,-0.2087,0.0
selected_two_stage_av,pass,-0.454,5.0
selected_two_stage_av,pass,-0.454,2.0
selected_two_stage_av,pass,0.0821,6.0
selected_two_stage_av,pass,-0.4995,4.0
selected_two_stage_av,pass,-0.2087,0.0
selected_two_stage_av,pass,-0.454,5.0
selected_two_stage_av,pass,-1.5717,1.0
selected_two_stage_av,pass,0.3729,3.0
selected_two_stage_av,pass,-0.1632,0.0
selected_two_stage_av,pass,-0.4995,9.0
selected_two_stage_av,pass,-0.7448,3.0
selected_two_stage_av,pass,-0.6993,0.0
selected_two_stage_av,pass,0.1276,8.0
selected_two_stage_av,pass,-0.7448,3.0
selected_two_stage_av,pass,-0.7448,0.0
selected_two_stage_av,pass,0.2819,1.0
selected_two_stage_av,pass,-0.9901,8.0
selected_two_stage_av,pass,-0.7448,4.0
selected_two_stage_av,pass,-0.6993,0.0
selected_two_stage_av,pass,-0.9901,3.0
selected_two_stage_av,pass,0.5727,7.0
selected_two_stage_av,pass,0.1276,3.0
selected_two_stage_av,pass,-0.6993,7.0
selected_two_stage_av,pass,-0.1632,4.0
selected_two_stage_av,pass,0.6637,4.0
selected_two_stage_av,pass,0.6182,0.0
selected_two_stage_av,pass,-0.4085,1.0
selected_two_stage_av,pass,-0.7448,4.0
selected_two_stage_av,pass,-1.5262,4.0
selected_two_stage_av,pass,-0.1632,0.0
selected_two_stage_av,pass,0.5727,4.0
selected_two_stage_av,pass,0.0821,4.0
selected_two_stage_av,pass,-0.4995,9.0
selected_two_stage_av,pass,1.1998,0.0
selected_two_stage_av,pass,0.0366,5.0
selected_two_stage_av,pass,-0.2087,7.0
selected_two_stage_av,pass,-0.7448,7.0
selected_two_stage_av,pass,0.3729,0.0
selected_two_stage_av,pass,0.0821,0.0
selected_two_stage_av,pass,-1.5717,5.0
selected_two_stage_av,pass,-0.4085,0.0
selected_two_stage_av,pass,-0.9901,0.0
selected_two_stage_av,pass,-0.2087,4.0
selected_two_stage_av,pass,-0.1632,2.0
selected_two_stage_av,pass,-1.2809,8.0
selected_two_stage_av,pass,-1.5262,5.0
selected_two_stage_av,pass,-0.9901,6.0
selected_two_stage_av,pass,-1.2354,1.0
selected_two_stage_av,pass,-0.4085,5.0
selected_two_stage_av,pass,-1.2809,8.0
selected_two_stage_av,pass,-0.454,5.0
selected_two_stage_av,pass,0.9546,5.0
selected_two_stage_av,pass,-0.6993,0.0
selected_two_stage_av,pass,-1.2354,7.0
selected_two_stage_av,pass,0.3274,4.0
selected_two_stage_av,pass,-0.6993,4.0
selected_two_stage_av,pass,0.0821,2.0
selected_two_stage_av,pass,-0.454,5.0
selected_two_stage_av,pass,-0.6993,2.0
selected_two_stage_av,pass,0.1276,0.0
selected_two_stage_av,pass,-1.2809,2.0
selected_two_stage_av,pass,-0.2542,4.0
selected_two_stage_av,pass,-0.2087,4.0
selected_two_stage_av,pass,-0.1632,0.0
selected_two_stage_av,pass,-0.454,4.0
selected_two_stage_av,pass,-1.2354,0.0
selected_two_stage_av,pass,-1.0356,8.0
selected_two_stage_av,pass,0.3729,0.0
selected_two_stage_av,pass,-1.2809,4.0
selected_two_stage_av,pass,-0.1177,0.0
selected_two_stage_av,pass,-0.9901,6.0
selected_two_stage_av,pass,-0.7448,0.0
selected_two_stage_av,pass,0.2819,0.0
selected_two_stage_av,pass,-0.6993,0.0
selected_two_stage_av,pass,-0.4085,4.0
selected_two_stage_av,pass,-0.454,8.0
selected_two_stage_av,pass,0.3729,3.0
selected_two_stage_av,pass,-0.6538,8.0
selected_two_stage_av,pass,-0.454,9.0
selected_two_stage_av,pass,-0.7448,4.0
selected_two_stage_av,pass,-0.4995,9.0
selected_two_stage_av,pass,0.6182,7.0
selected_two_stage_av,pass,-0.7448,2.0
selected_two_stage_av,pass,-0.0721,1.0
selected_two_stage_av,pass,-1.0356,7.0
selected_two_stage_av,pass,-0.6993,2.0
selected_two_stage_av,pass,-0.6538,2.0
selected_two_stage_av,pass,-0.9446,5.0
selected_two_stage_av,pass,1.3996,0.0
selected_two_stage_av,pass,0.3729,8.0
selected_two_stage_av,pass,-0.1632,7.0
selected_two_stage_av,pass,-0.1632,0.0
selected_two_stage_av,pass,-0.4085,5.0
selected_two_stage_av,pass,-1.817,4.0
selected_two_stage_av,pass,-0.2087,2.0
selected_two_stage_av,pass,-0.454,5.0
selected_two_stage_av,pass,-0.7903,1.0
selected_two_stage_av,pass,-0.4995,5.0
selected_two_stage_av,pass,-0.6993,1.0
selected_two_stage_av,pass,-0.7448,5.0
selected_two_stage_av,pass,-0.454,0.0
selected_two_stage_av,pass,0.3729,0.0
selected_two_stage_av,pass,0.0821,0.0
selected_two_stage_av,pass,-0.1632,1.0
selected_two_stage_av,pass,-0.1177,1.0
selected_two_stage_av,pass,-1.817,5.0
selected_two_stage_av,pass,0.3729,4.0
selected_two_stage_av,pass,-0.2087,5.0
selected_two_stage_av,pass,-0.1632,5.0
selected_two_stage_av,pass,-0.6993,1.0
selected_two_stage_av,pass,-0.2087,5.0
selected_two_stage_av,pass,-0.7448,7.0
selected_two_stage_av,pass,0.3729,7.0
selected_two_stage_av,pass,-1.2809,5.0
selected_two_stage_av,pass,-0.6993,9.0
selected_two_stage_av,pass,-0.454,7.0
selected_two_stage_av,pass,0.1276,0.0
selected_two_stage_av,pass,-0.2087,6.0
selected_two_stage_av,pass,-0.454,4.0
selected_two_stage_av,pass,0.2819,4.0
selected_two_stage_av,pass,0.0821,6.0
selected_two_stage_av,pass,-0.2087,6.0
selected_two_stage_av,pass,-0.6993,5.0
selected_two_stage_av,pass,0.1276,5.0
selected_two_stage_av,pass,-0.9901,4.0
selected_two_stage_av,pass,0.0821,0.0
selected_two_stage_av,pass,-0.454,7.0
selected_two_stage_av,pass,-0.9901,5.0
selected_two_stage_av,pass,-0.9901,3.0
selected_two_stage_av,pass,-0.2087,8.0
selected_two_stage_av,pass,-1.5262,8.0
selected_two_stage_av,pass,0.1276,2.0
selected_two_stage_av,pass,-0.1177,2.0
selected_two_stage_av,pass,-1.2809,6.0
selected_two_stage_av,pass,-0.1632,6.0
selected_two_stage_av,pass,-0.454,5.0
selected_two_stage_av,pass,-0.454,6.0
selected_two_stage_av,pass,-0.7448,10.0
selected_two_stage_av,pass,-0.2087,4.0
selected_two_stage_av,pass,-0.9901,7.0
selected_two_stage_av,pass,-0.7448,9.0
selected_two_stage_av,pass,-0.7448,0.0
selected_two_stage_av,pass,-0.454,6.0
selected_two_stage_av,pass,-1.0356,0.0
selected_two_stage_av,pass,-0.6993,3.0
selected_two_stage_av,pass,-0.9446,1.0
selected_two_stage_av,pass,0.0821,0.0
selected_two_stage_av,pass,-0.2087,5.0
selected_two_stage_av,pass,-1.2809,1.0
selected_two_stage_av,pass,-1.0356,5.0
selected_two_stage_av,pass,0.6637,8.0
selected_two_stage_av,pass,-0.6993,7.0
selected_two_stage_av,pass,-0.454,3.0
selected_two_stage_av,pass,0.1276,0.0
selected_two_stage_av,pass,-1.0811,5.0
selected_two_stage_av,pass,-0.454,8.0
selected_two_stage_av,pass,-0.4085,8.0
selected_two_stage_av,pass,-1.817,4.0
selected_two_stage_av,pass,-1.2809,0.0
selected_two_stage_av,pass,-1.817,6.0
selected_two_stage_av,pass,-0.1632,0.0
selected_two_stage_av,pass,-1.5717,0.0
selected_two_stage_av,pass,-0.9901,4.0
selected_two_stage_av,pass,-0.6993,5.0
selected_two_stage_av,pass,-0.9901,4.0
selected_two_stage_av,pass,-1.817,1.0
selected_two_stage_av,pass,-1.2809,3.0
selected_two_stage_av,pass,0.1276,0.0
selected_two_stage_av,pass,-0.7903,5.0
selected_two_stage_av,pass,-0.9446,5.0
selected_two_stage_av,pass,-0.1632,7.0
selected_two_stage_av,pass,-0.4995,7.0
selected_two_stage_av,pass,-0.1632,0.0
selected_two_stage_av,pass,0.0821,4.0
selected_two_stage_av,pass,0.0821,5.0
selected_two_stage_av,pass,0.0821,0.0
selected_two_stage_av,pass,-0.9901,7.0
selected_two_stage_av,pass,0.0821,3.0
selected_two_stage_av,pass,-0.9901,1.0
selected_two_stage_av,pass,-0.9446,8.0
selected_two_stage_av,pass,-0.1632,4.0
selected_two_stage_av,pass,-0.454,2.0
selected_two_stage_av,pass,0.3729,0.0
selected_two_stage_av,pass,-0.6993,0.0
selected_two_stage_av,pass,-0.9901,4.0
selected_two_stage_av,pass,-0.9446,0.0
selected_two_stage_av,pass,-0.2087,0.0
selected_two_stage_av,pass,-0.9901,0.0
selected_two_stage_av,pass,-0.2087,0.0
selected_two_stage_av,pass,-0.7448,0.0
selected_two_stage_av,pass,-1.5262,4.0
selected_two_stage_av,pass,-1.5717,3.0
selected_two_stage_av,pass,-0.6993,2.0
selected_two_stage_av,pass,-0.1632,7.0
selected_two_stage_av,pass,-0.454,0.0
selected_two_stage_av,pass,-0.6993,3.0
selected_two_stage_av,pass,-0.1632,0.0
selected_two_stage_av,pass,-0.4995,3.0
selected_two_stage_av,pass,0.5272,4.0
selected_two_stage_av,pass,-0.6993,7.0
selected_two_stage_av,pass,0.0821,3.0
selected_two_stage_av,pass,-0.1632,0.0
selected_two_stage_av,pass,-0.4085,4.0
selected_two_stage_av,pass,-1.2354,4.0
selected_two_stage_av,pass,0.3274,0.0
selected_two_stage_av,pass,-0.7448,4.0
selected_two_stage_av,pass,-1.0356,1.0
selected_two_stage_av,pass,0.909,5.0
selected_two_stage_av,pass,-0.6993,0.0
selected_two_stage_av,pass,-0.9901,3.0
selected_two_stage_av,pass,-1.0356,2.0
selected_two_stage_av,pass,-0.454,0.0
selected_two_stage_av,pass,-0.7448,7.0
selected_two_stage_av,pass,-1.2354,0.0
selected_two_stage_av,pass,0.3274,3.0
selected_two_stage_av,pass,-0.6993,0.0
selected_two_stage_av,pass,0.5727,3.0
selected_two_stage_av,pass,-0.4995,0.0
selected_two_stage_av,pass,-0.7903,2.0
selected_two_stage_av,pass,0.6182,6.0
selected_two_stage_av,pass,0.3274,5.0
selected_two_stage_av,pass,-1.0356,3.0
selected_two_stage_av,pass,0.464,0.0
selected_two_stage_av,pass,-0.4995,3.0
selected_two_stage_av,pass,-0.4995,6.0
selected_two_stage_av,pass,0.3729,7.0
selected_two_stage_av,pass,0.0821,2.0
selected_two_stage_av,pass,-1.817,5.0
selected_two_stage_av,pass,-0.2087,3.0
selected_two_stage_av,pass,-0.7448,5.0
selected_two_stage_av,pass,-0.4085,0.0
selected_two_stage_av,pass,-0.4085,6.0
selected_two_stage_av,pass,0.3274,2.0
selected_two_stage_av,pass,-0.7448,0.0
selected_two_stage_av,pass,-1.817,2.0
selected_two_stage_av,pass,-1.2809,1.0
selected_two_stage_av,pass,0.3729,5.0
selected_two_stage_av,pass,-1.817,4.0
selected_two_stage_av,pass,-0.9901,8.0
selected_two_stage_av,pass,-0.7448,4.0
selected_two_stage_av,pass,-0.4995,7.0
selected_two_stage_av,pass,-0.7448,6.0
selected_two_stage_av,pass,-0.6993,6.0
selected_two_stage_av,pass,0.3274,5.0
selected_two_stage_av,pass,-0.1632,4.0
selected_two_stage_av,pass,0.0821,4.0
selected_two_stage_av,pass,-0.6993,7.0
selected_two_stage_av,pass,-0.2087,2.0
selected_two_stage_av,pass,-0.454,6.0
selected_two_stage_av,pass,-0.7448,3.0
selected_two_stage_av,pass,0.0821,2.0
selected_two_stage_av,pass,-0.7448,3.0
selected_two_stage_av,pass,0.0821,0.0
selected_two_stage_av,pass,-0.454,3.0
selected_two_stage_av,pass,0.0821,1.0
selected_two_stage_av,pass,-1.0356,6.0
selected_two_stage_av,pass,-1.2809,2.0
selected_two_stage_av,pass,-0.7448,5.0
selected_two_stage_av,pass,0.1732,2.0
selected_two_stage_av,pass,-0.454,3.0
selected_two_stage_av,pass,-0.2087,7.0
selected_two_stage_av,pass,-0.1632,4.0
selected_two_stage_av,pass,-0.4085,4.0
selected_two_stage_av,pass,-0.454,3.0
selected_two_stage_av,pass,-0.6993,5.0
selected_two_stage_av,pass,-0.9901,4.0
selected_two_stage_av,pass,0.6182,0.0
selected_two_stage_av,pass,-0.4995,6.0
selected_two_stage_av,pass,-1.2809,5.0
selected_two_stage_av,pass,-0.2087,4.0
selected_two_stage_av,pass,0.3274,7.0
selected_two_stage_av,pass,-1.5262,6.0
selected_two_stage_av,pass,-1.2809,4.0
selected_two_stage_av,pass,0.3729,3.0
selected_two_stage_av,pass,-0.9901,4.0
selected_two_stage_av,pass,-0.6993,4.0
selected_two_stage_av,pass,-0.454,0.0
selected_two_stage_av,pass,-0.6538,3.0
selected_two_stage_av,pass,-0.7448,0.0
selected_two_stage_av,pass,-1.8625,3.0
selected_two_stage_av,pass,0.3274,0.0
selected_two_stage_av,pass,0.5727,4.0
selected_two_stage_av,pass,-0.1632,6.0
selected_two_stage_av,pass,-0.2087,8.0
selected_two_stage_av,pass,-0.2087,4.0
selected_two_stage_av,pass,0.0366,3.0
selected_two_stage_av,pass,-0.454,6.0
selected_two_stage_av,pass,-0.1632,9.0
selected_two_stage_av,pass,-0.2087,0.0
selected_two_stage_av,pass,-0.6538,4.0
selected_two_stage_av,pass,-0.2087,0.0
selected_two_stage_av,pass,-0.2087,0.0
selected_two_stage_av,pass,0.909,0.0
selected_two_stage_av,pass,-0.454,2.0
selected_two_stage_av,pass,0.1276,0.0
selected_two_stage_av,pass,0.1276,0.0
selected_two_stage_av,pass,0.3729,4.0
selected_two_stage_av,pass,0.0821,8.0
selected_two_stage_av,pass,-0.7448,0.0
selected_two_stage_av,pass,-0.1632,2.0
selected_two_stage_av,pass,-0.4085,6.0
selected_two_stage_av,pass,-1.2809,3.0
selected_two_stage_av,pass,-0.454,4.0
selected_two_stage_av,pass,-0.454,4.0
selected_two_stage_av,pass,-1.0356,4.0
selected_two_stage_av,pass,-0.7448,7.0
selected_two_stage_av,pass,-0.6993,0.0
selected_two_stage_av,pass,-0.4995,8.0
selected_two_stage_av,pass,0.3274,4.0
selected_two_stage_av,pass,-0.1632,5.0
selected_two_stage_av,pass,-0.1177,0.0
selected_two_stage_av,pass,0.6182,6.0
selected_two_stage_av,pass,-0.6993,0.0
selected_two_stage_av,pass,0.3274,0.0
selected_two_stage_av,pass,-0.1632,3.0
selected_two_stage_av,pass,-0.6993,6.0
selected_two_stage_av,pass,0.0821,2.0
selected_two_stage_av,pass,-0.6993,6.0
selected_two_stage_av,pass,-1.5717,5.0
selected_two_stage_av,pass,-0.6993,0.0
selected_two_stage_av,pass,0.0821,6.0
selected_two_stage_av,pass,-0.454,4.0
selected_two_stage_av,pass,-0.9901,4.0
selected_two_stage_av,pass,-0.454,5.0
selected_two_stage_av,pass,-0.6993,3.0
selected_two_stage_av,pass,-0.1632,7.0
selected_two_stage_av,pass,-0.1632,0.0
selected_two_stage_av,pass,0.0821,5.0
selected_two_stage_av,pass,-1.5717,4.0
selected_two_stage_av,pass,-0.6993,0.0
selected_two_stage_av,pass,-0.6993,5.0
selected_two_stage_av,pass,-0.2087,0.0
selected_two_stage_av,pass,0.9546,3.0
selected_two_stage_av,pass,-0.4995,0.0
selected_two_stage_av,pass,0.0821,8.0
selected_two_stage_av,pass,-0.6538,0.0
selected_two_stage_av,pass,-1.0356,7.0
selected_two_stage_av,pass,-0.1632,5.0
selected_two_stage_av,pass,-0.9901,6.0
selected_two_stage_av,pass,-0.2087,2.0
selected_two_stage_av,pass,-0.4085,1.0
selected_two_stage_av,pass,0.6637,6.0
selected_two_stage_av,pass,-1.0356,4.0
selected_two_stage_av,pass,0.3274,0.0
selected_two_stage_av,pass,0.0821,0.0
selected_two_stage_av,pass,-0.2542,4.0
selected_two_stage_av,pass,-0.6993,7.0
selected_two_stage_av,pass,-0.7448,0.0
selected_two_stage_av,pass,0.4184,0.0
selected_two_stage_av,pass,-1.2354,4.0
selected_two_stage_av,pass,-1.0356,0.0
selected_two_stage_av,pass,0.1276,9.0
selected_two_stage_av,pass,0.1276,2.0
selected_two_stage_av,pass,-0.7448,0.0
selected_two_stage_av,pass,0.3729,4.0
selected_two_stage_av,pass,-2.3986,0.0
selected_two_stage_av,pass,-1.5262,7.0
selected_two_stage_av,pass,-0.2087,5.0
selected_two_stage_av,pass,-1.2809,0.0
selected_two_stage_av,pass,-0.1632,0.0
selected_two_stage_av,pass,-0.9901,6.0
selected_two_stage_av,pass,-0.6993,0.0
selected_two_stage_av,pass,-0.2542,0.0
selected_two_stage_av,pass,0.3729,3.0
selected_two_stage_av,pass,-0.7448,2.0
selected_two_stage_av,pass,-0.1632,6.0
selected_two_stage_av,pass,-0.6538,5.0
selected_two_stage_av,pass,-0.4085,4.0
selected_two_stage_av,pass,-1.0356,1.0
selected_two_stage_av,pass,-0.6538,1.0
selected_two_stage_av,pass,-0.454,5.0
selected_two_stage_av,pass,0.3274,2.0
selected_two_stage_av,pass,-0.6993,4.0
selected_two_stage_av,pass,-0.1177,2.0
selected_two_stage_av,pass,-0.9901,4.0
selected_two_stage_av,pass,-0.2087,5.0
selected_two_stage_av,pass,-1.2354,5.0
selected_two_stage_av,pass,-0.9901,4.0
selected_two_stage_av,pass,0.0821,8.0
selected_two_stage_av,pass,-0.2087,0.0
selected_two_stage_av,pass,-0.454,0.0
selected_two_stage_av,pass,-0.4995,0.0
selected_two_stage_av,pass,0.0821,4.0
selected_two_stage_av,pass,-1.0356,0.0
selected_two_stage_av,pass,-0.2087,6.0
selected_two_stage_av,pass,-1.5717,4.0
selected_two_stage_av,pass,-0.2087,4.0
selected_two_stage_av,pass,-0.454,7.0
selected_two_stage_av,pass,-0.9446,1.0
selected_two_stage_av,pass,-0.6993,7.0
selected_two_stage_av,pass,-0.4085,3.0
selected_two_stage_av,pass,-0.9901,0.0
selected_two_stage_av,pass,-0.1632,6.0
selected_two_stage_av,pass,-0.1632,4.0
selected_two_stage_av,pass,0.0821,2.0
selected_two_stage_av,pass,-0.2087,3.0
selected_two_stage_av,pass,-1.2354,4.0
selected_two_stage_av,pass,-0.454,3.0
selected_two_stage_av,pass,-0.6993,0.0
selected_two_stage_av,pass,-1.0356,0.0
selected_two_stage_av,pass,-0.7903,4.0
selected_two_stage_av,pass,-0.2087,3.0
selected_two_stage_av,pass,-0.7448,0.0
selected_two_stage_av,pass,-0.6993,1.0
selected_two_stage_av,pass,-0.4085,1.0
selected_two_stage_av,pass,-0.2087,0.0
selected_two_stage_av,pass,0.6182,3.0
selected_two_stage_av,pass,-0.7448,5.0
selected_two_stage_av,pass,0.2819,9.0
selected_two_stage_av,pass,-0.9901,5.0
selected_two_stage_av,pass,-0.1632,0.0
selected_two_stage_av,pass,-0.6993,1.0
selected_two_stage_av,pass,-0.454,3.0
selected_two_stage_av,pass,-1.0356,0.0
selected_two_stage_av,pass,-0.4085,4.0
selected_two_stage_av,pass,0.3729,0.0
selected_two_stage_av,pass,-0.6993,6.0
selected_two_stage_av,pass,-0.1632,2.0
selected_two_stage_av,pass,-0.1632,5.0
selected_two_stage_av,pass,-1.0356,3.0
selected_two_stage_av,pass,-0.7448,3.0
selected_two_stage_av,pass,-0.1632,5.0
selected_two_stage_av,pass,0.3274,3.0
selected_two_stage_av,pass,-2.1078,0.0
selected_two_stage_av,pass,0.0821,0.0
selected_two_stage_av,pass,-0.454,0.0
selected_two_stage_av,pass,-0.1632,6.0
selected_two_stage_av,pass,-1.5262,4.0
selected_two_stage_av,pass,0.3729,2.0
selected_two_stage_av,pass,-0.4085,0.0
selected_two_stage_av,pass,-0.454,1.0
selected_two_stage_av,pass,-1.3264,3.0
selected_two_stage_av,pass,-0.7448,0.0
selected_two_stage_av,pass,-0.6993,0.0
selected_two_stage_av,pass,-0.7448,8.0
selected_two_stage_av,pass,-0.7903,2.0
selected_two_stage_av,pass,-1.2809,0.0
selected_two_stage_av,pass,-0.1632,2.0
selected_two_stage_av,pass,0.0821,7.0
selected_two_stage_av,pass,-0.7448,0.0
selected_two_stage_av,pass,0.7093,2.0
selected_two_stage_av,pass,-1.817,0.0
selected_two_stage_av,pass,-0.7448,6.0
selected_two_stage_av,pass,-0.7448,7.0
selected_two_stage_av,pass,-1.2809,1.0
selected_two_stage_av,pass,0.0821,2.0
selected_two_stage_av,pass,-1.2809,2.0
selected_two_stage_av,pass,-1.2809,4.0
selected_two_stage_av,pass,-0.2087,6.0
selected_two_stage_av,pass,-0.454,2.0
selected_two_stage_av,pass,-1.2809,6.0
selected_two_stage_av,pass,-0.2087,3.0
selected_two_stage_av,pass,-0.454,4.0
selected_two_stage_av,pass,0.6182,0.0
selected_two_stage_av,pass,-0.1632,0.0
selected_two_stage_av,pass,-0.1632,0.0
selected_two_stage_av,pass,0.0366,3.0
selected_two_stage_av,pass,-0.6993,3.0
selected_two_stage_av,pass,-1.2809,0.0
selected_two_stage_av,pass,-0.9901,1.0
selected_two_stage_av,pass,-0.9901,2.0
selected_two_stage_av,pass,-0.9901,3.0
selected_two_stage_av,pass,-0.1177,0.0
selected_two_stage_av,pass,-1.0356,3.0
selected_two_stage_av,pass,0.3729,0.0
selected_two_stage_av,pass,-0.454,0.0
selected_two_stage_av,pass,0.1276,3.0
selected_two_stage_av,pass,-1.3264,0.0
selected_two_stage_av,pass,0.3274,4.0
selected_two_stage_av,pass,0.3274,5.0
selected_two_stage_av,pass,-1.0356,1.0
selected_two_stage_av,pass,-0.1632,0.0
selected_two_stage_av,pass,-0.454,8.0
selected_two_stage_av,pass,-0.9901,5.0
selected_two_stage_av,pass,-0.2087,2.0
selected_two_stage_av,pass,-0.1632,0.0
selected_two_stage_av,pass,-0.4085,0.0
selected_two_stage_av,pass,-0.7448,3.0
selected_two_stage_av,pass,-1.5262,0.0
selected_two_stage_av,pass,-0.7448,0.0
selected_two_stage_av,pass,-0.545,4.0
selected_two_stage_av,pass,-0.1632,2.0
selected_two_stage_av,pass,-0.454,0.0
selected_two_stage_av,pass,0.0821,0.0
selected_two_stage_av,pass,-0.6993,3.0
selected_two_stage_av,pass,-0.2087,7.0
selected_two_stage_av,pass,-0.7448,3.0
selected_two_stage_av,pass,-0.454,2.0
selected_two_stage_av,pass,0.0821,4.0
selected_two_stage_av,pass,0.0821,3.0
selected_two_stage_av,pass,-0.9901,5.0
selected_two_stage_av,pass,-0.6993,3.0
selected_two_stage_av,pass,-0.454,3.0
selected_two_stage_av,pass,-0.454,3.0
selected_two_stage_av,pass,-0.1632,7.0
selected_two_stage_av,pass,-0.1632,5.0
selected_two_stage_av,pass,0.0821,1.0
selected_two_stage_av,pass,-0.6993,5.0
selected_two_stage_av,pass,-0.1632,7.0
selected_two_stage_av,pass,-1.2354,2.0
selected_two_stage_av,pass,-0.454,4.0
selected_two_stage_av,pass,0.0821,5.0
selected_two_stage_av,pass,-0.2542,0.0
selected_two_stage_av,pass,-0.454,5.0
selected_two_stage_av,pass,-1.2809,3.0
selected_two_stage_av,pass,-0.7448,5.0
selected_two_stage_av,pass,-0.6993,6.0
selected_two_stage_av,pass,-0.2087,0.0
selected_two_stage_av,pass,-0.7448,0.0
selected_two_stage_av,pass,-1.817,5.0
selected_two_stage_av,pass,-0.4995,4.0
selected_two_stage_av,pass,0.2819,3.0
selected_two_stage_av,pass,-0.1632,3.0
selected_two_stage_av,pass,0.0821,8.0
selected_two_stage_av,pass,-0.1632,7.0
selected_two_stage_av,pass,-1.2809,8.0
selected_two_stage_av,pass,-1.5717,2.0
selected_two_stage_av,pass,0.3729,7.0
selected_two_stage_av,pass,-0.7448,2.0
selected_two_stage_av,pass,-0.1632,0.0
selected_two_stage_av,pass,-0.4085,3.0
selected_two_stage_av,pass,0.3729,5.0
selected_two_stage_av,pass,-0.6993,3.0
selected_two_stage_av,pass,-0.4995,6.0
selected_two_stage_av,pass,-0.7448,7.0
selected_two_stage_av,pass,0.6182,8.0
selected_two_stage_av,pass,-0.1632,0.0
selected_two_stage_av,pass,-0.7448,0.0
selected_two_stage_av,pass,-0.4085,0.0
selected_two_stage_av,pass,-1.2354,4.0
selected_two_stage_av,pass,0.0821,0.0
selected_two_stage_av,pass,-0.454,0.0
selected_two_stage_av,pass,-0.1632,2.0
selected_two_stage_av,pass,-1.8625,6.0
selected_two_stage_av,pass,0.3729,0.0
selected_two_stage_av,pass,-0.9901,0.0
selected_two_stage_av,pass,-0.9901,6.0
selected_two_stage_av,pass,0.3729,0.0
selected_two_stage_av,pass,-0.7448,2.0
selected_two_stage_av,pass,0.3729,6.0
selected_two_stage_av,pass,0.3274,0.0
selected_two_stage_av,pass,-0.1632,3.0
selected_two_stage_av,pass,0.0366,2.0
selected_two_stage_av,pass,0.0821,0.0
selected_two_stage_av,pass,-1.0356,7.0
selected_two_stage_av,pass,-0.9901,6.0
selected_two_stage_av,pass,-0.6993,8.0
selected_two_stage_av,pass,-0.454,8.0
selected_two_stage_av,pass,0.0821,2.0
selected_two_stage_av,pass,0.3729,2.0
selected_two_stage_av,pass,-0.1632,4.0
selected_two_stage_av,pass,-1.0356,2.0
selected_two_stage_av,pass,-0.9901,5.0
selected_two_stage_av,pass,0.1276,9.0
selected_two_stage_av,pass,-0.7903,3.0
selected_two_stage_av,pass,0.0366,4.0
selected_two_stage_av,pass,-0.6538,2.0
selected_two_stage_av,pass,0.0821,9.0
selected_two_stage_av,pass,-1.8625,7.0
selected_two_stage_av,pass,-0.454,0.0
selected_two_stage_av,pass,-0.2087,4.0
selected_two_stage_av,pass,-0.6993,5.0
selected_two_stage_av,pass,-0.7448,0.0
selected_two_stage_av,pass,-0.454,4.0
selected_two_stage_av,pass,-0.454,8.0
selected_two_stage_av,pass,0.3274,8.0
selected_two_stage_av,pass,-1.0356,7.0
selected_two_stage_av,pass,-1.2354,4.0
selected_two_stage_av,pass,-0.7448,0.0
selected_two_stage_av,pass,0.0821,8.0
selected_two_stage_av,pass,0.0366,3.0
selected_two_stage_av,pass,-0.1632,4.0
selected_two_stage_av,pass,-1.0356,6.0
selected_two_stage_av,pass,0.3274,2.0
selected_two_stage_av,pass,-0.6993,7.0
selected_two_stage_av,pass,-1.5262,6.0
selected_two_stage_av,pass,0.0821,3.0
selected_two_stage_av,pass,-0.2087,6.0
selected_two_stage_av,pass,-1.2354,6.0
selected_two_stage_av,pass,-0.1632,0.0
selected_two_stage_av,pass,-0.454,2.0
selected_two_stage_av,pass,-0.6993,5.0
selected_two_stage_av,pass,-0.454,5.0
selected_two_stage_av,pass,-0.6993,0.0
selected_two_stage_av,pass,-0.6993,0.0
selected_two_stage_av,pass,-1.2809,7.0
selected_two_stage_av,pass,-1.5717,2.0
selected_two_stage_av,pass,-1.0356,4.0
selected_two_stage_av,pass,-0.4995,4.0
selected_two_stage_av,pass,-0.7448,2.0
selected_two_stage_av,pass,-0.6993,7.0
selected_two_stage_av,pass,-0.454,1.0
selected_two_stage_av,pass,-0.7448,3.0
selected_two_stage_av,pass,-1.5717,1.0
selected_two_stage_av,pass,-0.9901,6.0
selected_two_stage_av,pass,-0.7903,0.0
selected_two_stage_av,pass,0.0821,2.0
selected_two_stage_av,pass,-0.2087,0.0
selected_two_stage_av,pass,-0.9901,6.0
selected_two_stage_av,pass,-0.1177,8.0
selected_two_stage_av,pass,-0.2087,0.0
selected_two_stage_av,pass,0.0821,3.0
selected_two_stage_av,pass,-0.6993,5.0
selected_two_stage_av,pass,-0.4995,2.0
selected_two_stage_av,pass,0.3274,0.0
selected_two_stage_av,pass,-0.454,2.0
selected_two_stage_av,pass,-0.2087,2.0
selected_two_stage_av,pass,-1.0356,2.0
selected_two_stage_av,pass,-0.9446,5.0
selected_two_stage_av,pass,-0.6993,0.0
selected_two_stage_av,pass,0.0366,2.0
selected_two_stage_av,pass,-0.9901,3.0
selected_two_stage_av,pass,-1.5262,6.0
selected_two_stage_av,pass,0.909,3.0
selected_two_stage_av,pass,-0.4085,2.0
selected_two_stage_av,pass,-0.9446,2.0
selected_two_stage_av,pass,-0.6993,0.0
selected_two_stage_av,pass,-0.2087,0.0
selected_two_stage_av,pass,-1.0356,7.0
selected_two_stage_av,pass,-0.9901,7.0
selected_two_stage_av,pass,0.4184,6.0
selected_two_stage_av,pass,-0.1632,0.0
selected_two_stage_av,pass,-1.0356,0.0
selected_two_stage_av,pass,-1.0356,4.0
selected_two_stage_av,pass,-0.7903,5.0
selected_two_stage_av,pass,0.3274,8.0
selected_two_stage_av,pass,0.3274,3.0
selected_two_stage_av,pass,-1.5262,0.0
selected_two_stage_av,pass,-0.7448,5.0
selected_two_stage_av,pass,0.4184,0.0
selected_two_stage_av,pass,-0.9901,7.0
selected_two_stage_av,pass,0.0366,0.0
selected_two_stage_av,pass,-0.9901,0.0
selected_two_stage_av,pass,-0.9901,2.0
selected_two_stage_av,pass,-1.2354,0.0
selected_two_stage_av,pass,0.4184,0.0
selected_two_stage_av,pass,-0.9901,8.0
selected_two_stage_av,pass,0.0821,3.0
selected_two_stage_av,pass,-0.454,3.0
selected_two_stage_av,pass,-0.6993,3.0
selected_two_stage_av,pass,-0.9901,1.0
selected_two_stage_av,pass,-1.5717,3.0
selected_two_stage_av,pass,-1.817,2.0
selected_two_stage_av,pass,-0.1632,1.0
selected_two_stage_av,pass,0.0821,6.0
selected_two_stage_av,pass,-0.4995,4.0
selected_two_stage_av,pass,-0.9901,6.0
selected_two_stage_av,pass,-0.6993,0.0
selected_two_stage_av,pass,-0.7448,0.0
selected_two_stage_av,pass,0.0821,0.0
selected_two_stage_av,pass,0.0821,8.0
selected_two_stage_av,pass,-0.9901,0.0
selected_two_stage_av,pass,-0.454,4.0
selected_two_stage_av,pass,-0.2087,0.0
selected_two_stage_av,pass,-0.7448,1.0
selected_two_stage_av,pass,0.1732,3.0
selected_two_stage_av,pass,-0.4995,4.0
selected_two_stage_av,pass,-0.9901,7.0
selected_two_stage_av,pass,-0.1177,0.0
selected_two_stage_av,pass,-0.4995,5.0
selected_two_stage_av,pass,0.0821,7.0
selected_two_stage_av,pass,-1.2809,4.0
selected_two_stage_av,pass,-0.9901,8.0
selected_two_stage_av,pass,-0.4085,0.0
selected_two_stage_av,pass,-1.0356,0.0
selected_two_stage_av,pass,-0.2087,4.0
selected_two_stage_av,pass,-0.6993,0.0
selected_two_stage_av,pass,-1.2354,4.0
selected_two_stage_av,pass,0.6182,3.0
selected_two_stage_av,pass,-1.0356,4.0
selected_two_stage_av,pass,-0.7448,0.0
selected_two_stage_av,pass,-0.7448,6.0
selected_two_stage_av,pass,-0.1632,6.0
selected_two_stage_av,pass,-0.4085,5.0
selected_two_stage_av,pass,-0.4995,8.0
selected_two_stage_av,pass,-0.2087,9.0
selected_two_stage_av,pass,-0.6993,1.0
selected_two_stage_av,pass,0.6637,2.0
selected_two_stage_av,pass,0.5727,9.0
selected_two_stage_av,pass,-1.0356,8.0
selected_two_stage_av,pass,-0.1632,1.0
selected_two_stage_av,pass,-0.9901,4.0
selected_two_stage_av,pass,-0.7448,2.0
selected_two_stage_av,pass,0.0821,3.0
selected_two_stage_av,pass,-0.4085,0.0
selected_two_stage_av,pass,-0.9901,4.0
selected_two_stage_av,pass,0.0366,0.0
selected_two_stage_av,pass,-1.5717,6.0
selected_two_stage_av,pass,-1.0356,0.0
selected_two_stage_av,pass,-1.5262,7.0
selected_two_stage_av,pass,0.1276,0.0
selected_two_stage_av,pass,-0.9901,3.0
selected_two_stage_av,pass,0.3729,0.0
selected_two_stage_av,pass,-0.454,5.0
selected_two_stage_av,pass,-0.4085,0.0
selected_two_stage_av,pass,-0.9901,6.0
selected_two_stage_av,pass,-0.454,5.0
selected_two_stage_av,pass,-0.6993,4.0
selected_two_stage_av,pass,-0.2087,0.0
selected_two_stage_av,pass,-1.5262,5.0
selected_two_stage_av,pass,0.0366,2.0
selected_two_stage_av,pass,-0.9901,1.0
selected_two_stage_av,pass,-0.2087,9.0
selected_two_stage_av,pass,-0.6993,3.0
selected_two_stage_av,pass,-0.7448,0.0
selected_two_stage_av,pass,-0.6993,0.0
selected_two_stage_av,pass,-0.4995,0.0
selected_two_stage_av,pass,-0.4085,4.0
selected_two_stage_av,pass,-0.7448,0.0
selected_two_stage_av,pass,-0.2087,1.0
selected_two_stage_av,pass,0.0821,4.0
selected_two_stage_av,pass,-0.2087,4.0
selected_two_stage_av,pass,-0.1632,0.0
selected_two_stage_av,pass,-0.7448,0.0
selected_two_stage_av,pass,-2.1078,0.0
selected_two_stage_av,pass,-1.8625,3.0
selected_two_stage_av,pass,-0.4085,3.0
selected_two_stage_av,pass,0.1276,5.0
selected_two_stage_av,pass,-0.454,5.0
selected_two_stage_av,pass,-0.454,2.0
selected_two_stage_av,pass,0.6637,0.0
selected_two_stage_av,pass,-0.454,7.0
selected_two_stage_av,pass,-0.6993,0.0
selected_two_stage_av,pass,0.4184,5.0
selected_two_stage_av,pass,-0.6993,3.0
selected_two_stage_av,pass,-0.454,3.0
selected_two_stage_av,pass,-0.7448,4.0
selected_two_stage_av,pass,-0.7448,4.0
selected_two_stage_av,pass,-1.0356,0.0
selected_two_stage_av,pass,-0.454,3.0
selected_two_stage_av,pass,-0.6993,4.0
selected_two_stage_av,pass,-0.9901,3.0
selected_two_stage_av,pass,-0.2087,1.0
selected_two_stage_av,pass,0.3274,0.0
selected_two_stage_av,pass,0.3729,6.0
selected_two_stage_av,pass,-0.1177,4.0
selected_two_stage_av,pass,-0.1177,0.0
selected_two_stage_av,pass,-0.7448,0.0
selected_two_stage_av,pass,-0.7448,0.0
selected_two_stage_av,pass,-0.6993,1.0
selected_two_stage_av,pass,-0.2087,0.0
selected_two_stage_av,pass,-0.7448,6.0
selected_two_stage_av,pass,0.3729,0.0
selected_two_stage_av,pass,-0.6993,8.0
selected_two_stage_av,pass,-0.2087,2.0
selected_two_stage_av,pass,-0.454,5.0
selected_two_stage_av,pass,-0.4995,3.0
selected_two_stage_av,pass,-0.1632,0.0
selected_two_stage_av,pass,-0.7448,0.0
selected_two_stage_av,pass,-0.454,5.0
selected_two_stage_av,pass,-0.4085,7.0
selected_two_stage_av,pass,-0.2087,0.0
selected_two_stage_av,pass,-0.2087,6.0
selected_two_stage_av,pass,-0.454,7.0
selected_two_stage_av,pass,-1.817,4.0
selected_two_stage_av,pass,-0.4085,0.0
selected_two_stage_av,pass,-0.1632,5.0
selected_two_stage_av,pass,-0.7448,0.0
selected_two_stage_av,pass,-1.0356,5.0
selected_two_stage_av,pass,-0.9901,0.0
selected_two_stage_av,pass,-0.4995,4.0
selected_two_stage_av,pass,-0.454,3.0
selected_two_stage_av,pass,-1.5262,5.0
selected_two_stage_av,pass,-0.7448,0.0
selected_two_stage_av,pass,-0.4995,3.0
selected_two_stage_av,pass,-0.7448,3.0
selected_two_stage_av,pass,0.0821,2.0
selected_two_stage_av,pass,-0.1632,9.0
selected_two_stage_av,pass,-0.2087,3.0
selected_two_stage_av,pass,0.7093,8.0
selected_two_stage_av,pass,-0.9901,5.0
selected_two_stage_av,pass,-1.3264,6.0
selected_two_stage_av,pass,-0.454,0.0
selected_two_stage_av,pass,-0.454,5.0
selected_two_stage_av,pass,0.8635,0.0
selected_two_stage_av,pass,-0.7448,4.0
selected_two_stage_av,pass,0.0821,0.0
selected_two_stage_av,pass,0.6182,8.0
selected_two_stage_av,pass,-0.454,2.0
selected_two_stage_av,pass,-0.454,7.0
selected_two_stage_av,pass,-0.4085,1.0
selected_two_stage_av,pass,-1.3264,7.0
selected_two_stage_av,pass,0.1276,0.0
selected_two_stage_av,pass,-0.7448,6.0
selected_two_stage_av,pass,-0.9901,2.0
selected_two_stage_av,pass,-1.2809,2.0
selected_two_stage_av,pass,0.0821,2.0
selected_two_stage_av,pass,-0.6993,0.0
selected_two_stage_av,pass,-1.5262,4.0
selected_two_stage_av,pass,0.7093,0.0
selected_two_stage_av,pass,0.3274,4.0
selected_two_stage_av,pass,0.4184,3.0
selected_two_stage_av,pass,-0.9901,6.0
selected_two_stage_av,pass,-0.6993,4.0
selected_two_stage_av,pass,-1.817,7.0
selected_two_stage_av,pass,0.0821,5.0
selected_two_stage_av,pass,-0.1177,3.0
selected_two_stage_av,pass,0.1276,5.0
selected_two_stage_av,pass,-1.2809,7.0
selected_two_stage_av,pass,0.0821,2.0
selected_two_stage_av,pass,-1.2809,4.0
selected_two_stage_av,pass,-0.7448,4.0
selected_two_stage_av,pass,-1.2354,0.0
selected_two_stage_av,pass,-0.9901,6.0
selected_two_stage_av,pass,-0.4085,7.0
selected_two_stage_av,pass,-0.7448,4.0
selected_two_stage_av,pass,0.0821,5.0
selected_two_stage_av,pass,-0.6993,3.0
selected_two_stage_av,pass,-0.9446,0.0
selected_two_stage_av,pass,-1.0356,5.0
selected_two_stage_av,pass,-0.2087,2.0
selected_two_stage_av,pass,-0.7448,4.0
selected_two_stage_av,pass,-0.454,0.0
selected_two_stage_av,pass,-1.2809,4.0
selected_two_stage_av,pass,-0.4085,6.0
selected_two_stage_av,pass,-0.4995,3.0
selected_two_stage_av,pass,-0.9901,4.0
selected_two_stage_av,pass,-0.9901,2.0
selected_two_stage_av,pass,-0.4995,5.0
selected_two_stage_av,pass,-1.2354,6.0
selected_two_stage_av,pass,-0.9901,0.0
selected_two_stage_av,pass,-0.4085,2.0
selected_two_stage_av,pass,-1.5262,3.0
selected_two_stage_av,pass,-0.1632,0.0
selected_two_stage_av,pass,-0.9901,6.0
selected_two_stage_av,pass,-1.2354,2.0
selected_two_stage_av,pass,0.0821,3.0
selected_two_stage_av,pass,0.1276,0.0
selected_two_stage_av,pass,-0.454,8.0
selected_two_stage_av,pass,-0.454,8.0
selected_two_stage_av,pass,-0.1632,0.0
selected_two_stage_av,pass,-0.9901,3.0
selected_two_stage_av,pass,-0.9901,5.0
selected_two_stage_av,pass,-1.0356,3.0
selected_two_stage_av,pass,-1.2809,5.0
selected_two_stage_av,pass,-0.9901,7.0
selected_two_stage_av,pass,-1.2809,3.0
selected_two_stage_av,pass,-0.4085,0.0
selected_two_stage_av,pass,-0.6993,5.0
selected_two_stage_av,pass,-0.7448,0.0
selected_two_stage_av,pass,-1.2809,3.0
selected_two_stage_av,pass,-0.4995,4.0
selected_two_stage_av,pass,-0.9446,0.0
selected_two_stage_av,pass,0.0821,0.0
selected_two_stage_av,pass,-0.1632,7.0
selected_two_stage_av,pass,-0.6993,2.0
selected_two_stage_av,pass,-1.5717,0.0
selected_two_stage_av,pass,-0.7448,7.0
selected_two_stage_av,pass,-0.7448,4.0
selected_two_stage_av,pass,-0.9901,4.0
selected_two_stage_av,pass,-0.1632,3.0
selected_two_stage_av,pass,-0.9901,4.0
selected_two_stage_av,pass,-0.9901,1.0
selected_two_stage_av,pass,-0.9901,5.0
selected_two_stage_av,pass,-1.2809,1.0
selected_two_stage_av,pass,-0.1632,0.0
selected_two_stage_av,pass,-0.9901,0.0
selected_two_stage_av,pass,-0.7448,0.0
selected_two_stage_av,pass,-0.2087,1.0
selected_two_stage_av,pass,0.909,0.0
selected_two_stage_av,pass,-0.6993,1.0
selected_two_stage_av,pass,0.0366,2.0
selected_two_stage_av,pass,-1.2809,0.0
selected_two_stage_av,pass,-0.454,7.0
selected_two_stage_av,pass,-0.6993,0.0
selected_two_stage_av,pass,-0.454,0.0
selected_two_stage_av,pass,-0.454,4.0
selected_two_stage_av,pass,-0.7448,0.0
selected_two_stage_av,pass,-0.4995,3.0
selected_two_stage_av,pass,-0.2087,4.0
selected_two_stage_av,pass,0.1276,8.0
selected_two_stage_av,pass,-0.7448,0.0
selected_two_stage_av,pass,-0.1632,9.0
selected_two_stage_av,pass,0.6182,0.0
selected_two_stage_av,pass,-0.454,6.0
selected_two_stage_av,pass,0.6182,1.0
selected_two_stage_av,pass,-0.1632,0.0
selected_two_stage_av,pass,0.3729,0.0
selected_two_stage_av,pass,-1.5717,4.0
selected_two_stage_av,pass,-0.7448,5.0
selected_two_stage_av,pass,-0.454,4.0
selected_two_stage_av,pass,-0.1177,0.0
selected_two_stage_av,pass,-0.454,8.0
selected_two_stage_av,pass,-1.2354,8.0
selected_two_stage_av,pass,-0.2542,0.0
selected_two_stage_av,pass,-0.2087,2.0
selected_two_stage_av,pass,-0.9901,5.0
selected_two_stage_av,pass,-0.4085,3.0
selected_two_stage_av,pass,-1.8625,2.0
selected_two_stage_av,pass,-0.6993,3.0
selected_two_stage_av,pass,-0.4995,8.0
selected_two_stage_av,pass,-0.454,6.0
selected_two_stage_av,pass,-0.7448,4.0
selected_two_stage_av,pass,-0.454,7.0
selected_two_stage_av,pass,0.6182,5.0
selected_two_stage_av,pass,-0.1177,3.0
selected_two_stage_av,pass,-1.5262,0.0
selected_two_stage_av,pass,0.3729,4.0
selected_two_stage_av,pass,-0.6993,5.0
selected_two_stage_av,pass,0.0821,0.0
selected_two_stage_av,pass,0.9546,0.0
selected_two_stage_av,pass,0.0366,3.0
selected_two_stage_av,pass,-0.1632,3.0
selected_two_stage_av,pass,-0.4085,0.0
selected_two_stage_av,pass,-0.1632,4.0
selected_two_stage_av,pass,0.0821,3.0
selected_two_stage_av,pass,-0.9446,0.0
selected_two_stage_av,pass,0.0366,2.0
selected_two_stage_av,pass,-0.2087,4.0
selected_two_stage_av,pass,-0.2087,2.0
selected_two_stage_av,pass,-0.7448,9.0
selected_two_stage_av,pass,-0.9446,0.0
selected_two_stage_av,pass,-0.4995,5.0
selected_two_stage_av,pass,-0.7448,0.0
selected_two_stage_av,pass,0.1276,0.0
selected_two_stage_av,pass,-0.4995,3.0
selected_two_stage_av,pass,-0.4085,2.0
selected_two_stage_av,pass,-0.7448,2.0
selected_two_stage_av,pass,-0.1632,0.0
selected_two_stage_av,pass,-1.0356,3.0
selected_two_stage_av,pass,0.3274,2.0
selected_two_stage_av,pass,-1.2809,0.0
selected_two_stage_av,pass,-0.4085,6.0
selected_two_stage_av,pass,0.6182,0.0
selected_two_stage_av,pass,-1.5262,1.0
selected_two_stage_av,pass,-0.6538,2.0
selected_two_stage_av,pass,-0.7448,4.0
selected_two_stage_av,pass,-1.6172,0.0
selected_two_stage_av,pass,-0.9901,8.0
selected_two_stage_av,pass,0.0821,0.0
selected_two_stage_av,pass,-0.2087,4.0
selected_two_stage_av,pass,-0.1632,6.0
selected_two_stage_av,pass,0.3274,8.0
selected_two_stage_av,pass,0.3274,0.0
selected_two_stage_av,pass,-0.9446,0.0
selected_two_stage_av,pass,-0.1177,1.0
selected_two_stage_av,pass,-0.2087,1.0
selected_two_stage_av,pass,-0.7448,2.0
selected_two_stage_av,pass,0.6182,6.0
selected_two_stage_av,pass,-0.1632,2.0
selected_two_stage_av,pass,0.3729,0.0
selected_two_stage_av,pass,-0.7448,0.0
selected_two_stage_av,pass,-0.1632,3.0
selected_two_stage_av,pass,-0.9901,6.0
selected_two_stage_av,pass,-0.7448,5.0
selected_two_stage_av,pass,-0.454,3.0
selected_two_stage_av,pass,-0.9901,3.0
selected_two_stage_av,pass,-1.2354,4.0
selected_two_stage_av,pass,-0.6993,7.0
selected_two_stage_av,pass,0.1276,6.0
selected_two_stage_av,pass,-0.7448,0.0
selected_two_stage_av,pass,-0.454,4.0
selected_two_stage_av,pass,-0.7448,4.0
selected_two_stage_av,pass,-0.7448,4.0
selected_two_stage_av,pass,-0.2087,2.0
selected_two_stage_av,pass,0.0821,4.0
selected_two_stage_av,pass,-0.1632,0.0
selected_two_stage_av,pass,-0.7448,7.0
selected_two_stage_av,pass,-0.7448,2.0
selected_two_stage_av,pass,-0.6993,3.0
selected_two_stage_av,pass,-0.2087,5.0
selected_two_stage_av,pass,0.0821,6.0
selected_two_stage_av,pass,-0.454,8.0
selected_two_stage_av,pass,-0.1632,3.0
selected_two_stage_av,pass,-0.9901,6.0
selected_two_stage_av,pass,-0.6993,2.0
selected_two_stage_av,pass,-0.454,0.0
selected_two_stage_av,pass,-0.454,1.0
selected_two_stage_av,pass,-0.7448,2.0
selected_two_stage_av,pass,-0.7448,7.0
selected_two_stage_av,pass,-0.9901,4.0
selected_two_stage_av,pass,-0.9901,5.0
selected_two_stage_av,pass,0.5727,3.0
selected_two_stage_av,pass,-0.454,3.0
selected_two_stage_av,pass,-0.6993,3.0
selected_two_stage_av,pass,-0.454,1.0
selected_two_stage_av,pass,-1.2354,3.0
selected_two_stage_av,pass,-0.6993,3.0
selected_two_stage_av,pass,-1.5717,8.0
selected_two_stage_av,pass,-0.7448,4.0
selected_two_stage_av,pass,-0.9901,9.0
selected_two_stage_av,pass,0.3729,3.0
selected_two_stage_av,pass,-0.9901,0.0
selected_two_stage_av,pass,0.3274,0.0
selected_two_stage_av,pass,-1.2354,0.0
selected_two_stage_av,pass,-1.0356,4.0
selected_two_stage_av,pass,-0.7448,0.0
selected_two_stage_av,pass,-0.6993,2.0
selected_two_stage_av,pass,-0.1632,5.0
selected_two_stage_av,pass,0.0821,5.0
selected_two_stage_av,pass,-0.9446,7.0
selected_two_stage_av,pass,0.0821,0.0
selected_two_stage_av,pass,-0.9901,3.0
selected_two_stage_av,pass,-0.7448,4.0
selected_two_stage_av,pass,0.3729,7.0
selected_two_stage_av,pass,-0.6993,6.0
selected_two_stage_av,pass,-0.454,1.0
selected_two_stage_av,pass,-0.1632,5.0
selected_two_stage_av,pass,-0.1632,3.0
selected_two_stage_av,pass,-0.454,0.0
selected_two_stage_av,pass,-0.7448,9.0
selected_two_stage_av,pass,-0.1632,0.0
selected_two_stage_av,pass,-0.1632,0.0
selected_two_stage_av,pass,-1.5262,7.0
selected_two_stage_av,pass,0.0821,0.0
selected_two_stage_av,pass,-1.5262,3.0
selected_two_stage_av,pass,-1.0356,5.0
selected_two_stage_av,pass,-0.6993,6.0
selected_two_stage_av,pass,-0.1632,4.0
selected_two_stage_av,pass,-0.6538,7.0
selected_two_stage_av,pass,-1.2809,9.0
selected_two_stage_av,pass,-0.6993,6.0
selected_two_stage_av,pass,0.4184,0.0
selected_two_stage_av,pass,-1.2809,0.0
selected_two_stage_av,pass,0.1276,7.0
selected_two_stage_av,pass,-0.6993,4.0
selected_two_stage_av,pass,-0.7448,5.0
selected_two_stage_av,pass,-0.6993,2.0
selected_two_stage_av,pass,-1.2809,1.0
selected_two_stage_av,pass,-0.7448,6.0
selected_two_stage_av,pass,-0.9901,3.0
selected_two_stage_av,pass,-0.1177,0.0
selected_two_stage_av,pass,-0.9901,5.0
selected_two_stage_av,pass,0.0366,4.0
selected_two_stage_av,pass,0.0821,0.0
selected_two_stage_av,pass,0.9546,6.0
selected_two_stage_av,pass,0.0821,3.0
selected_two_stage_av,pass,-0.9901,6.0
selected_two_stage_av,pass,0.0821,2.0
selected_two_stage_av,pass,-0.2087,5.0
selected_two_stage_av,pass,-0.454,4.0
selected_two_stage_av,pass,-1.2809,6.0
selected_two_stage_av,pass,-1.2809,5.0
selected_two_stage_av,pass,-0.9901,3.0
selected_two_stage_av,pass,-0.454,0.0
selected_two_stage_av,pass,-0.7448,0.0
selected_two_stage_av,pass,-0.2087,6.0
selected_two_stage_av,pass,-0.9901,2.0
selected_two_stage_av,pass,-0.7448,0.0
selected_two_stage_av,pass,-0.1632,2.0
selected_two_stage_av,pass,0.0821,4.0
selected_two_stage_av,pass,0.8635,0.0
selected_two_stage_av,pass,0.3274,4.0
selected_two_stage_av,pass,-0.454,7.0
selected_two_stage_av,pass,0.1732,1.0
selected_two_stage_av,pass,-0.9901,4.0
selected_two_stage_av,pass,-1.2809,3.0
selected_two_stage_av,pass,0.1276,0.0
selected_two_stage_av,pass,-0.454,2.0
selected_two_stage_av,pass,0.8635,4.0
selected_two_stage_av,pass,-0.7448,4.0
selected_two_stage_av,pass,-1.5717,0.0
selected_two_stage_av,pass,-0.6993,3.0
selected_two_stage_av,pass,-0.454,7.0
selected_two_stage_av,pass,-0.454,4.0
selected_two_stage_av,pass,-0.9901,6.0
selected_two_stage_av,pass,-0.7448,0.0
selected_two_stage_av,pass,-0.454,0.0
selected_two_stage_av,pass,0.0821,2.0
selected_two_stage_av,pass,0.6182,3.0
selected_two_stage_av,pass,-0.9901,4.0
selected_two_stage_av,pass,-0.9901,3.0
selected_two_stage_av,pass,-0.1632,0.0
selected_two_stage_av,pass,-0.7448,4.0
selected_two_stage_av,pass,-0.6993,7.0
selected_two_stage_av,pass,-1.2809,4.0
selected_two_stage_av,pass,-1.5262,5.0
selected_two_stage_av,pass,-1.2809,3.0
selected_two_stage_av,pass,-0.9901,0.0
selected_two_stage_av,pass,-0.6993,0.0
selected_two_stage_av,pass,-0.4085,0.0
selected_two_stage_av,pass,-0.1177,6.0
selected_two_stage_av,pass,-1.5262,2.0
selected_two_stage_av,pass,-0.4085,0.0
selected_two_stage_av,pass,-0.6993,7.0
selected_two_stage_av,pass,-1.2354,3.0
selected_two_stage_av,pass,-0.454,8.0
selected_two_stage_av,pass,-0.1632,5.0
selected_two_stage_av,pass,-1.5262,1.0
selected_two_stage_av,pass,-0.1632,0.0
selected_two_stage_av,pass,-0.454,1.0
selected_two_stage_av,pass,-0.454,6.0
selected_two_stage_av,pass,0.1276,5.0
selected_two_stage_av,pass,0.3729,4.0
selected_two_stage_av,pass,-1.2354,0.0
selected_two_stage_av,pass,0.1276,0.0
selected_two_stage_av,pass,-0.4085,5.0
selected_two_stage_av,pass,-0.4085,7.0
selected_two_stage_av,pass,-0.6993,2.0
selected_two_stage_av,pass,-0.6538,4.0
selected_two_stage_av,pass,0.0366,8.0
selected_two_stage_av,pass,-0.454,4.0
selected_two_stage_av,pass,-0.454,7.0
selected_two_stage_av,pass,-1.0356,3.0
selected_two_stage_av,pass,-0.454,9.0
selected_two_stage_av,pass,0.0821,5.0
selected_two_stage_av,pass,-0.1632,8.0
selected_two_stage_av,pass,0.1276,8.0
selected_two_stage_av,pass,-0.4085,6.0
selected_two_stage_av,pass,0.0821,0.0
selected_two_stage_av,pass,-1.0356,0.0
selected_two_stage_av,pass,0.8635,8.0
selected_two_stage_av,pass,-0.6993,2.0
selected_two_stage_av,pass,-0.6993,3.0
selected_two_stage_av,pass,-0.7448,6.0
selected_two_stage_av,pass,-0.2542,4.0
selected_two_stage_av,pass,-0.454,4.0
selected_two_stage_av,pass,-0.454,5.0
selected_two_stage_av,pass,-0.4085,0.0
selected_two_stage_av,pass,-1.817,2.0
selected_two_stage_av,pass,-0.2087,0.0
selected_two_stage_av,pass,-0.454,7.0
selected_two_stage_av,pass,0.3729,0.0
selected_two_stage_av,pass,-1.5717,3.0
selected_two_stage_av,pass,-0.454,3.0
selected_two_stage_av,pass,-0.1177,2.0
selected_two_stage_av,pass,0.5727,0.0
selected_two_stage_av,pass,-0.4995,4.0
selected_two_stage_av,pass,-0.7448,2.0
selected_two_stage_av,pass,0.0821,0.0
selected_two_stage_av,pass,-0.1632,7.0
selected_two_stage_av,pass,-0.454,4.0
selected_two_stage_av,pass,-0.6993,4.0
selected_two_stage_av,pass,-0.454,9.0
selected_two_stage_av,pass,0.6182,7.0
selected_two_stage_av,pass,-0.7448,7.0
selected_two_stage_av,pass,-0.2087,8.0
selected_two_stage_av,pass,0.1276,0.0
selected_two_stage_av,pass,-0.454,0.0
selected_two_stage_av,pass,-0.2087,7.0
selected_two_stage_av,pass,-0.1632,4.0
selected_two_stage_av,pass,-1.5717,8.0
selected_two_stage_av,pass,-0.454,5.0
selected_two_stage_av,pass,-1.2809,0.0
selected_two_stage_av,pass,0.3274,0.0
selected_two_stage_av,pass,-0.7448,0.0
selected_two_stage_av,pass,-0.4085,5.0
selected_two_stage_av,pass,-0.2087,3.0
selected_two_stage_av,pass,0.3729,8.0
selected_two_stage_av,pass,0.0821,5.0
selected_two_stage_av,pass,-0.1632,3.0
selected_two_stage_av,pass,0.5727,0.0
selected_two_stage_av,pass,-0.454,2.0
selected_two_stage_av,pass,-0.6993,5.0
selected_two_stage_av,pass,-0.4085,7.0
selected_two_stage_av,pass,-1.2354,3.0
selected_two_stage_av,pass,-0.4085,0.0
selected_two_stage_av,pass,-0.4995,0.0
selected_two_stage_av,pass,0.6637,5.0
selected_two_stage_av,pass,0.4184,0.0
selected_two_stage_av,pass,-0.1632,0.0
selected_two_stage_av,pass,-1.817,9.0
selected_two_stage_av,pass,-0.7448,2.0
selected_two_stage_av,pass,-0.454,1.0
selected_two_stage_av,pass,-0.1632,9.0
selected_two_stage_av,pass,-1.0356,0.0
selected_two_stage_av,pass,-0.9901,3.0
selected_two_stage_av,pass,-1.2809,0.0
selected_two_stage_av,pass,-0.454,7.0
selected_two_stage_av,pass,-0.454,0.0
selected_two_stage_av,pass,0.6637,5.0
selected_two_stage_av,pass,-0.1632,4.0
selected_two_stage_av,pass,-0.1632,0.0
selected_two_stage_av,pass,0.1276,5.0
selected_two_stage_av,pass,-1.2809,4.0
selected_two_stage_av,pass,-1.2809,5.0
selected_two_stage_av,pass,-1.0356,0.0
selected_two_stage_av,pass,0.0821,0.0
selected_two_stage_av,pass,-0.6993,6.0
selected_two_stage_av,pass,-1.2809,2.0
selected_two_stage_av,pass,-0.4995,6.0
selected_two_stage_av,pass,-0.454,0.0
selected_two_stage_av,pass,-0.6993,1.0
selected_two_stage_av,pass,-1.5262,2.0
selected_two_stage_av,pass,-0.4085,0.0
selected_two_stage_av,pass,-0.9901,5.0
selected_two_stage_av,pass,-0.2087,5.0
selected_two_stage_av,pass,0.3274,0.0
selected_two_stage_av,pass,0.0821,3.0
selected_two_stage_av,pass,0.6182,0.0
selected_two_stage_av,pass,0.3274,7.0
selected_two_stage_av,pass,-0.6993,3.0
selected_two_stage_av,pass,-0.454,4.0
selected_two_stage_av,pass,-1.5262,4.0
selected_two_stage_av,pass,-0.1632,0.0
selected_two_stage_av,pass,0.0366,0.0
selected_two_stage_av,pass,0.3729,5.0
selected_two_stage_av,pass,-0.4085,3.0
selected_two_stage_av,pass,-1.5717,3.0
selected_two_stage_av,pass,-0.9901,5.0
selected_two_stage_av,pass,-1.2354,3.0
selected_two_stage_av,pass,-0.454,3.0
selected_two_stage_av,pass,-0.4995,5.0
selected_two_stage_av,pass,-0.454,4.0
selected_two_stage_av,pass,-0.4085,3.0
selected_two_stage_av,pass,-0.7903,0.0
selected_two_stage_av,pass,-0.9446,3.0
selected_two_stage_av,pass,0.5727,4.0
selected_two_stage_av,pass,-0.2087,5.0
selected_two_stage_av,pass,-1.8625,0.0
selected_two_stage_av,pass,-0.454,5.0
selected_two_stage_av,pass,-1.5717,7.0
selected_two_stage_av,pass,-0.454,5.0
selected_two_stage_av,pass,-0.2087,6.0
selected_two_stage_av,pass,-0.1632,0.0
selected_two_stage_av,pass,-0.4995,2.0
selected_two_stage_av,pass,-0.4085,3.0
selected_two_stage_av,pass,0.0821,8.0
selected_two_stage_av,pass,-0.454,2.0
selected_two_stage_av,pass,-1.0356,0.0
selected_two_stage_av,pass,-0.9901,4.0
selected_two_stage_av,pass,-0.1632,0.0
selected_two_stage_av,pass,0.3729,9.0
selected_two_stage_av,pass,-0.7448,2.0
selected_two_stage_av,pass,-0.454,0.0
selected_two_stage_av,pass,-0.7903,3.0
selected_two_stage_av,pass,-0.1632,1.0
selected_two_stage_av,pass,-0.454,4.0
selected_two_stage_av,pass,-0.454,0.0
selected_two_stage_av,pass,-0.1177,0.0
selected_two_stage_av,pass,-0.4995,5.0
selected_two_stage_av,pass,-0.9901,6.0
selected_two_stage_av,pass,-1.0356,7.0
selected_two_stage_av,pass,-1.2809,4.0
selected_two_stage_av,pass,-0.6993,0.0
selected_two_stage_av,pass,0.6182,0.0
selected_two_stage_av,pass,-0.6993,2.0
selected_two_stage_av,pass,-0.7448,0.0
selected_two_stage_av,pass,0.3729,0.0
selected_two_stage_av,pass,0.3274,2.0
selected_two_stage_av,pass,-0.4995,4.0
selected_two_stage_av,pass,-0.454,4.0
selected_two_stage_av,pass,0.0821,10.0
selected_two_stage_av,pass,-0.9901,0.0
selected_two_stage_av,pass,-1.0356,10.0
selected_two_stage_av,pass,-0.454,7.0
selected_two_stage_av,pass,0.0821,0.0
selected_two_stage_av,pass,-0.9446,5.0
selected_two_stage_av,pass,-1.0356,0.0
selected_two_stage_av,pass,-1.0356,4.0
selected_two_stage_av,pass,-1.2809,5.0
selected_two_stage_av,pass,-0.2087,4.0
selected_two_stage_av,pass,-0.9901,0.0
selected_two_stage_av,pass,-0.9901,0.0
selected_two_stage_av,pass,0.1276,0.0
selected_two_stage_av,pass,-0.9901,0.0
selected_two_stage_av,pass,0.0821,4.0
selected_two_stage_av,pass,-0.2087,2.0
selected_two_stage_av,pass,-0.454,9.0
selected_two_stage_av,pass,0.1276,6.0
selected_two_stage_av,pass,-1.0811,0.0
selected_two_stage_av,pass,-1.2354,8.0
selected_two_stage_av,pass,-0.7448,7.0
selected_two_stage_av,pass,-0.2087,3.0
selected_two_stage_av,pass,-1.5717,2.0
selected_two_stage_av,pass,-0.2087,3.0
selected_two_stage_av,pass,-0.4085,0.0
selected_two_stage_av,pass,-0.7448,2.0
selected_two_stage_av,pass,-0.9901,5.0
selected_two_stage_av,pass,-0.9901,3.0
selected_two_stage_av,pass,0.0821,9.0
selected_two_stage_av,pass,-0.1632,3.0
selected_two_stage_av,pass,-0.2087,4.0
selected_two_stage_av,pass,-1.5262,0.0
selected_two_stage_av,pass,-0.4995,0.0
selected_two_stage_av,pass,-0.7448,6.0
selected_two_stage_av,pass,-0.454,5.0
selected_two_stage_av,pass,-0.454,2.0
selected_two_stage_av,pass,-1.5717,5.0
selected_two_stage_av,pass,0.0821,0.0
selected_two_stage_av,pass,-0.7448,8.0
selected_two_stage_av,pass,0.0821,0.0
selected_two_stage_av,pass,-0.7448,4.0
selected_two_stage_av,pass,-1.817,5.0
selected_two_stage_av,pass,0.0366,5.0
selected_two_stage_av,pass,-0.6993,3.0
selected_two_stage_av,pass,0.0366,6.0
selected_two_stage_av,pass,0.3729,4.0
selected_two_stage_av,pass,-0.9901,2.0
selected_two_stage_av,pass,0.3274,0.0
selected_two_stage_av,pass,0.0821,4.0
selected_two_stage_av,pass,-0.1632,6.0
selected_two_stage_av,pass,-0.9901,7.0
selected_two_stage_av,pass,0.6637,5.0
selected_two_stage_av,pass,-0.454,10.0
selected_two_stage_av,pass,-1.2809,2.0
selected_two_stage_av,pass,0.3274,7.0
selected_two_stage_av,pass,0.0821,5.0
selected_two_stage_av,pass,-0.1632,0.0
selected_two_stage_av,pass,-0.7448,8.0
selected_two_stage_av,pass,-0.7448,3.0
selected_two_stage_av,pass,-1.5717,7.0
selected_two_stage_av,pass,-0.9901,5.0
selected_two_stage_av,pass,-0.6993,0.0
selected_two_stage_av,pass,-0.454,8.0
selected_two_stage_av,pass,-0.9901,7.0
selected_two_stage_av,pass,-0.454,4.0
selected_two_stage_av,pass,-1.0356,3.0
selected_two_stage_av,pass,0.3729,0.0
selected_two_stage_av,pass,-0.454,0.0
selected_two_stage_av,pass,-0.454,3.0
selected_two_stage_av,pass,-0.4085,0.0
selected_two_stage_av,pass,0.0821,3.0
selected_two_stage_av,pass,-1.0356,6.0
selected_two_stage_av,pass,0.0821,7.0
selected_two_stage_av,pass,-0.1632,7.0
selected_two_stage_av,pass,-1.2354,10.0
selected_two_stage_av,pass,-1.0356,8.0
selected_two_stage_av,pass,-0.9901,6.0
selected_two_stage_av,pass,-0.454,3.0
selected_two_stage_av,pass,-0.9901,8.0
selected_two_stage_av,pass,-0.4085,5.0
selected_two_stage_av,pass,-0.2087,0.0
selected_two_stage_av,pass,-0.7448,0.0
selected_two_stage_av,pass,-0.6993,1.0
selected_two_stage_av,pass,0.0821,5.0
selected_two_stage_av,pass,-1.2809,4.0
selected_two_stage_av,pass,-1.3264,1.0
selected_two_stage_av,pass,-1.0356,4.0
selected_two_stage_av,pass,0.1732,0.0
selected_two_stage_av,pass,-0.1632,0.0
selected_two_stage_av,pass,-0.2087,4.0
selected_two_stage_av,pass,-0.6993,5.0
selected_two_stage_av,pass,0.0821,2.0
selected_two_stage_av,pass,-0.6538,7.0
selected_two_stage_av,pass,-0.2087,3.0
selected_two_stage_av,pass,-0.2542,3.0
selected_two_stage_av,pass,-0.6993,4.0
selected_two_stage_av,pass,0.2819,0.0
selected_two_stage_av,pass,-0.2087,0.0
selected_two_stage_av,pass,0.0821,6.0
selected_two_stage_av,pass,-1.0356,4.0
selected_two_stage_av,pass,-0.4085,0.0
selected_two_stage_av,pass,-0.2542,0.0
selected_two_stage_av,pass,0.0821,8.0
selected_two_stage_av,pass,-0.7448,1.0
selected_two_stage_av,pass,-0.6993,4.0
selected_two_stage_av,pass,-0.7903,7.0
selected_two_stage_av,pass,-0.2087,4.0
selected_two_stage_av,pass,-0.1632,0.0
selected_two_stage_av,pass,-0.2087,2.0
selected_two_stage_av,pass,-1.2354,7.0
selected_two_stage_av,pass,-0.4995,0.0
selected_two_stage_av,pass,-0.1632,0.0
selected_two_stage_av,pass,-0.454,4.0
selected_two_stage_av,pass,0.3729,0.0
selected_two_stage_av,pass,0.0821,0.0
selected_two_stage_av,pass,-0.454,5.0
selected_two_stage_av,pass,-0.4995,2.0
selected_two_stage_av,pass,-0.6993,9.0
selected_two_stage_av,pass,-0.454,7.0
selected_two_stage_av,pass,-1.5262,0.0
selected_two_stage_av,pass,0.1276,5.0
selected_two_stage_av,pass,-0.2087,6.0
selected_two_stage_av,pass,-0.4085,0.0
selected_two_stage_av,pass,-1.2809,3.0
selected_two_stage_av,pass,-0.2087,1.0
selected_two_stage_av,pass,0.6182,0.0
selected_two_stage_av,pass,-0.2087,2.0
selected_two_stage_av,pass,-0.1632,2.0
selected_two_stage_av,pass,-0.454,8.0
selected_two_stage_av,pass,-0.7448,5.0
selected_two_stage_av,pass,-0.454,0.0
selected_two_stage_av,pass,0.0821,0.0
selected_two_stage_av,pass,-0.4085,3.0
selected_two_stage_av,pass,-0.6993,2.0
selected_two_stage_av,pass,-1.0356,4.0
selected_two_stage_av,pass,0.1276,4.0
selected_two_stage_av,pass,-0.454,0.0
selected_two_stage_av,pass,-1.2354,5.0
selected_two_stage_av,pass,0.3274,0.0
selected_two_stage_av,pass,-0.4995,7.0
selected_two_stage_av,pass,-0.2087,7.0
selected_two_stage_av,pass,-0.454,0.0
selected_two_stage_av,pass,-0.4995,6.0
selected_two_stage_av,pass,-0.2087,5.0
selected_two_stage_av,pass,-0.2087,3.0
selected_two_stage_av,pass,-0.4085,0.0
selected_two_stage_av,pass,-1.5262,4.0
selected_two_stage_av,pass,-0.454,4.0
selected_two_stage_av,pass,-0.4995,9.0
selected_two_stage_av,pass,0.0366,3.0
selected_two_stage_av,pass,-0.454,5.0
selected_two_stage_av,pass,-0.2087,2.0
selected_two_stage_av,pass,0.8635,4.0
selected_two_stage_av,pass,-0.454,4.0
selected_two_stage_av,pass,-0.4085,8.0
selected_two_stage_av,pass,0.3274,6.0
selected_two_stage_av,pass,-1.5717,3.0
selected_two_stage_av,pass,0.0366,0.0
selected_two_stage_av,pass,-0.9901,7.0
selected_two_stage_av,pass,-0.4085,0.0
selected_two_stage_av,pass,-0.1632,0.0
selected_two_stage_av,pass,0.6637,0.0
selected_two_stage_av,pass,0.0366,3.0
selected_two_stage_av,pass,-0.2087,5.0
selected_two_stage_av,pass,-1.2354,5.0
selected_two_stage_av,pass,-1.5717,2.0
selected_two_stage_av,pass,-1.3264,0.0
selected_two_stage_av,pass,-0.2542,0.0
selected_two_stage_av,pass,-1.2354,1.0
selected_two_stage_av,pass,-0.7448,2.0
selected_two_stage_av,pass,-0.454,4.0
selected_two_stage_av,pass,-0.454,8.0
selected_two_stage_av,pass,-0.7448,4.0
selected_two_stage_av,pass,-0.4995,2.0
selected_two_stage_av,pass,-1.2354,8.0
selected_two_stage_av,pass,-0.4995,0.0
selected_two_stage_av,pass,-0.9901,0.0
selected_two_stage_av,pass,-0.9901,7.0
selected_two_stage_av,pass,-0.454,0.0
selected_two_stage_av,pass,0.0821,4.0
selected_two_stage_av,pass,-1.0356,1.0
selected_two_stage_av,pass,-0.9901,0.0
selected_two_stage_av,pass,-0.1632,0.0
selected_two_stage_av,pass,-0.7448,4.0
selected_two_stage_av,pass,-0.9901,6.0
selected_two_stage_av,pass,-1.5717,9.0
selected_two_stage_av,pass,-0.4085,5.0
selected_two_stage_av,pass,-1.2809,3.0
selected_two_stage_av,pass,-0.454,0.0
selected_two_stage_av,pass,-1.0356,5.0
selected_two_stage_av,pass,-0.9901,4.0
selected_two_stage_av,pass,-0.6993,2.0
selected_two_stage_av,pass,-0.9901,0.0
selected_two_stage_av,pass,-0.6993,5.0
selected_two_stage_av,pass,-0.1632,5.0
selected_two_stage_av,pass,-0.7448,4.0
selected_two_stage_av,pass,-0.9446,4.0
selected_two_stage_av,pass,-0.454,0.0
selected_two_stage_av,pass,0.1276,6.0
selected_two_stage_av,pass,0.0821,10.0
selected_two_stage_av,pass,-0.2087,6.0
selected_two_stage_av,pass,-0.454,4.0
selected_two_stage_av,pass,0.0821,2.0
selected_two_stage_av,pass,-0.7448,4.0
selected_two_stage_av,pass,0.909,0.0
selected_two_stage_av,pass,-1.5717,4.0
selected_two_stage_av,pass,-0.4085,0.0
selected_two_stage_av,pass,-0.7903,0.0
selected_two_stage_av,pass,-0.1632,6.0
selected_two_stage_av,pass,0.0821,0.0
selected_two_stage_av,pass,-0.6993,2.0
selected_two_stage_av,pass,-0.1177,5.0
selected_two_stage_av,pass,-0.6993,3.0
selected_two_stage_av,pass,-0.2087,3.0
selected_two_stage_av,pass,-0.1632,2.0
selected_two_stage_av,pass,-1.2354,6.0
selected_two_stage_av,pass,-0.6993,7.0
selected_two_stage_av,pass,-0.6993,0.0
selected_two_stage_av,pass,-0.9446,0.0
selected_two_stage_av,pass,-0.7448,0.0
selected_two_stage_av,pass,-0.6993,0.0
selected_two_stage_av,pass,-1.5262,0.0
selected_two_stage_av,pass,0.3729,0.0
selected_two_stage_av,pass,-1.0356,0.0
selected_two_stage_av,pass,0.0366,8.0
selected_two_stage_av,pass,-0.7448,3.0
selected_two_stage_av,pass,-0.454,0.0
selected_two_stage_av,pass,-0.6993,4.0
selected_two_stage_av,pass,0.3729,10.0
selected_two_stage_av,pass,0.6182,0.0
selected_two_stage_av,pass,-0.2087,3.0
selected_two_stage_av,pass,-0.9446,4.0
selected_two_stage_av,pass,-0.1632,0.0
selected_two_stage_av,pass,-1.817,0.0
selected_two_stage_av,pass,-0.1632,4.0
selected_two_stage_av,pass,-0.2542,4.0
selected_two_stage_av,pass,0.0821,0.0
selected_two_stage_av,pass,-0.7448,4.0
selected_two_stage_av,pass,-0.6993,0.0
selected_two_stage_av,pass,-0.6993,2.0
selected_two_stage_av,pass,-0.1177,4.0
selected_two_stage_av,pass,-0.6993,2.0
selected_two_stage_av,pass,0.3274,4.0
selected_two_stage_av,pass,0.0366,8.0
selected_two_stage_av,pass,-0.1632,0.0
selected_two_stage_av,pass,-0.7448,2.0
selected_two_stage_av,pass,-0.1632,0.0
selected_two_stage_av,pass,-0.2542,9.0
selected_two_stage_av,pass,-0.1177,4.0
selected_two_stage_av,pass,0.5727,3.0
selected_two_stage_av,pass,-0.3629,4.0
selected_two_stage_av,pass,-0.1632,5.0
selected_two_stage_av,pass,0.0821,0.0
selected_two_stage_av,pass,-0.4085,0.0
selected_two_stage_av,pass,-1.0356,4.0
selected_two_stage_av,pass,-0.9446,4.0
selected_two_stage_av,pass,-0.1632,0.0
selected_two_stage_av,pass,-1.2354,0.0
selected_two_stage_av,pass,0.0821,6.0
selected_two_stage_av,pass,-1.0811,6.0
selected_two_stage_av,pass,-0.2087,0.0
selected_two_stage_av,pass,-1.8625,2.0
selected_two_stage_av,pass,0.0366,8.0
selected_two_stage_av,pass,-0.4995,7.0
selected_two_stage_av,pass,-0.2542,0.0
selected_two_stage_av,pass,-0.7903,4.0
selected_two_stage_av,pass,-0.7448,4.0
selected_two_stage_av,pass,-0.6993,0.0
selected_two_stage_av,pass,0.3729,0.0
selected_two_stage_av,pass,-0.2087,7.0
selected_two_stage_av,pass,-0.4085,7.0
selected_two_stage_av,pass,-0.1632,5.0
selected_two_stage_av,pass,-0.6993,2.0
selected_two_stage_av,pass,0.0821,7.0
selected_two_stage_av,pass,0.0821,9.0
selected_two_stage_av,pass,-0.7448,0.0
selected_two_stage_av,pass,-0.454,2.0
selected_two_stage_av,pass,-0.4995,3.0
selected_two_stage_av,pass,0.5727,4.0
selected_two_stage_av,pass,-0.6538,0.0
selected_two_stage_av,pass,-0.1632,3.0
selected_two_stage_av,pass,-0.9446,0.0
selected_two_stage_av,pass,-0.454,5.0
selected_two_stage_av,pass,0.6182,5.0
selected_two_stage_av,pass,-0.4085,5.0
selected_two_stage_av,pass,0.5727,3.0
selected_two_stage_av,pass,-0.454,2.0
selected_two_stage_av,pass,-0.4085,8.0
selected_two_stage_av,pass,-0.2087,2.0
selected_two_stage_av,pass,-0.454,5.0
selected_two_stage_av,pass,-0.454,9.0
selected_two_stage_av,pass,-0.454,4.0
selected_two_stage_av,pass,-0.7448,0.0
selected_two_stage_av,pass,0.3729,2.0
selected_two_stage_av,pass,-1.0356,0.0
selected_two_stage_av,pass,-0.4995,6.0
selected_two_stage_av,pass,-0.9901,2.0
selected_two_stage_av,pass,-0.454,3.0
selected_two_stage_av,pass,-0.4995,3.0
selected_two_stage_av,pass,0.3274,5.0
selected_two_stage_av,pass,0.0821,3.0
selected_two_stage_av,pass,-0.454,8.0
selected_two_stage_av,pass,-0.9901,5.0
selected_two_stage_av,pass,0.3729,2.0
selected_two_stage_av,pass,0.3729,5.0
selected_two_stage_av,pass,-0.6993,7.0
selected_two_stage_av,pass,0.6637,0.0
selected_two_stage_av,pass,-0.9901,0.0
selected_two_stage_av,pass,-0.454,6.0
selected_two_stage_av,pass,-0.6538,9.0
selected_two_stage_av,pass,-0.2087,7.0
selected_two_stage_av,pass,-0.7448,1.0
selected_two_stage_av,pass,-0.454,5.0
selected_two_stage_av,pass,0.1276,7.0
selected_two_stage_av,pass,-0.454,8.0
selected_two_stage_av,pass,0.0821,3.0
selected_two_stage_av,pass,-1.5262,5.0
selected_two_stage_av,pass,-0.7448,9.0
selected_two_stage_av,pass,-0.7903,0.0
selected_two_stage_av,pass,0.0366,4.0
selected_two_stage_av,pass,-0.6993,5.0
selected_two_stage_av,pass,0.1276,0.0
selected_two_stage_av,pass,-0.4995,0.0
selected_two_stage_av,pass,-0.4995,8.0
selected_two_stage_av,pass,-0.4085,3.0
selected_two_stage_av,pass,-0.454,2.0
selected_two_stage_av,pass,-0.9446,0.0
selected_two_stage_av,pass,-0.6993,6.0
selected_two_stage_av,pass,-0.2087,4.0
selected_two_stage_av,pass,-0.2087,4.0
selected_two_stage_av,pass,-0.454,4.0
selected_two_stage_av,pass,-0.9446,5.0
selected_two_stage_av,pass,-0.4995,5.0
selected_two_stage_av,pass,-1.0356,7.0
selected_two_stage_av,pass,0.0366,0.0
selected_two_stage_av,pass,-1.2809,6.0
selected_two_stage_av,pass,-0.1177,0.0
selected_two_stage_av,pass,-0.4085,3.0
selected_two_stage_av,pass,-0.454,5.0
selected_two_stage_av,pass,0.1276,6.0
selected_two_stage_av,pass,-0.4085,1.0
selected_two_stage_av,pass,0.4184,3.0
selected_two_stage_av,pass,-0.1632,6.0
selected_two_stage_av,pass,-0.1632,0.0
selected_two_stage_av,pass,-0.6993,2.0
selected_two_stage_av,pass,-1.2354,2.0
selected_two_stage_av,pass,-1.5717,4.0
selected_two_stage_av,pass,-0.4085,3.0
selected_two_stage_av,pass,0.1276,6.0
selected_two_stage_av,pass,-1.817,3.0
selected_two_stage_av,pass,-0.4995,0.0
selected_two_stage_av,pass,-0.1632,6.0
selected_two_stage_av,pass,0.4184,0.0
selected_two_stage_av,pass,0.1276,0.0
selected_two_stage_av,pass,-0.4085,3.0
selected_two_stage_av,pass,-0.4085,5.0
selected_two_stage_av,pass,-0.9901,0.0
selected_two_stage_av,pass,-1.0356,6.0
selected_two_stage_av,pass,-0.454,3.0
selected_two_stage_av,pass,-0.9901,8.0
selected_two_stage_av,pass,-0.4995,9.0
selected_two_stage_av,pass,0.3274,0.0
selected_two_stage_av,pass,-0.4085,3.0
selected_two_stage_av,pass,0.0821,3.0
selected_two_stage_av,pass,-0.9446,0.0
selected_two_stage_av,pass,-0.7448,7.0
selected_two_stage_av,pass,0.6637,0.0
selected_two_stage_av,pass,-0.9901,2.0
selected_two_stage_av,pass,-1.817,5.0
selected_two_stage_av,pass,-0.9901,2.0
selected_two_stage_av,pass,0.1732,0.0
selected_two_stage_av,pass,-0.454,3.0
selected_two_stage_av,pass,-1.5717,3.0
selected_two_stage_av,pass,-0.9446,3.0
selected_two_stage_av,pass,0.3729,0.0
selected_two_stage_av,pass,0.3274,0.0
selected_two_stage_av,pass,-1.0356,0.0
selected_two_stage_av,pass,0.6182,6.0
selected_two_stage_av,pass,-1.0356,5.0
selected_two_stage_av,pass,-0.9901,5.0
selected_two_stage_av,pass,-0.1632,2.0
selected_two_stage_av,pass,-0.7903,2.0
selected_two_stage_av,pass,-1.2809,3.0
selected_two_stage_av,pass,-1.5262,6.0
selected_two_stage_av,pass,-0.454,5.0
selected_two_stage_av,pass,-1.0811,5.0
selected_two_stage_av,pass,-0.4085,0.0
selected_two_stage_av,pass,-0.9901,0.0
selected_two_stage_av,pass,-0.7448,0.0
selected_two_stage_av,pass,0.6182,2.0
selected_two_stage_av,pass,0.3729,0.0
selected_two_stage_av,pass,0.3729,8.0
selected_two_stage_av,pass,0.6637,3.0
selected_two_stage_av,pass,-1.5717,0.0
selected_two_stage_av,pass,-0.9901,5.0
selected_two_stage_av,pass,-0.454,0.0
selected_two_stage_av,pass,-0.454,7.0
selected_two_stage_av,pass,-0.1632,2.0
selected_two_stage_av,pass,-0.3629,0.0
selected_two_stage_av,pass,-0.7448,6.0
selected_two_stage_av,pass,-1.5717,5.0
selected_two_stage_av,pass,-0.454,4.0
selected_two_stage_av,pass,0.0821,4.0
selected_two_stage_av,pass,-0.1632,2.0
selected_two_stage_av,pass,-0.454,0.0
selected_two_stage_av,pass,0.0821,7.0
selected_two_stage_av,pass,-0.454,0.0
selected_two_stage_av,pass,-0.454,4.0
selected_two_stage_av,pass,-0.7448,4.0
selected_two_stage_av,pass,0.1276,4.0
selected_two_stage_av,pass,-0.1632,0.0
selected_two_stage_av,pass,-0.9901,4.0
selected_two_stage_av,pass,-0.7448,0.0
selected_two_stage_av,pass,-0.454,0.0
selected_two_stage_av,pass,-0.6993,0.0
selected_two_stage_av,pass,-1.2354,3.0
selected_two_stage_av,pass,-0.454,2.0
selected_two_stage_av,pass,-0.454,2.0
selected_two_stage_av,pass,-0.4995,0.0
selected_two_stage_av,pass,-0.7448,2.0
selected_two_stage_av,pass,0.0821,2.0
selected_two_stage_av,pass,-0.4995,0.0
selected_two_stage_av,pass,0.3729,6.0
selected_two_stage_av,pass,-0.7448,0.0
selected_two_stage_av,pass,-0.9901,0.0
selected_two_stage_av,pass,-1.817,3.0
selected_two_stage_av,pass,-1.0356,0.0
selected_two_stage_av,pass,-0.1632,10.0
selected_two_stage_av,pass,0.0821,5.0
selected_two_stage_av,pass,-0.4995,0.0
selected_two_stage_av,pass,0.0821,0.0
selected_two_stage_av,pass,-0.7903,6.0
selected_two_stage_av,pass,-0.454,0.0
selected_two_stage_av,pass,-0.454,3.0
selected_two_stage_av,pass,0.6182,5.0
selected_two_stage_av,pass,0.2819,4.0
selected_two_stage_av,pass,-1.2809,1.0
selected_two_stage_av,pass,-1.2354,9.0
selected_two_stage_av,pass,-0.9901,0.0
selected_two_stage_av,pass,-0.1632,4.0
selected_two_stage_av,pass,-0.7448,5.0
selected_two_stage_av,pass,-1.2354,3.0
selected_two_stage_av,pass,-0.6993,4.0
selected_two_stage_av,pass,-1.2809,8.0
selected_two_stage_av,pass,-0.4085,3.0
selected_two_stage_av,pass,-0.6993,7.0
selected_two_stage_av,pass,-0.9446,0.0
selected_two_stage_av,pass,-0.4085,3.0
selected_two_stage_av,pass,-0.454,0.0
selected_two_stage_av,pass,0.0821,9.0
selected_two_stage_av,pass,0.0821,0.0
selected_two_stage_av,pass,-1.817,4.0
selected_two_stage_av,pass,0.6182,5.0
selected_two_stage_av,pass,-0.4085,3.0
selected_two_stage_av,pass,-0.2087,0.0
selected_two_stage_av,pass,-1.5262,3.0
selected_two_stage_av,pass,-0.454,4.0
selected_two_stage_av,pass,-0.6993,4.0
selected_two_stage_av,pass,-0.9901,5.0
selected_two_stage_av,pass,-0.2087,0.0
selected_two_stage_av,pass,0.6182,0.0
selected_two_stage_av,pass,-0.1632,2.0
selected_two_stage_av,pass,-0.6993,0.0
selected_two_stage_av,pass,-0.7448,5.0
selected_two_stage_av,pass,-0.2087,0.0
selected_two_stage_av,pass,-0.4995,5.0
selected_two_stage_av,pass,-0.1632,0.0
selected_two_stage_av,pass,-1.0356,2.0
selected_two_stage_av,pass,-0.4995,6.0
selected_two_stage_av,pass,-0.1632,7.0
selected_two_stage_av,pass,-0.454,0.0
selected_two_stage_av,pass,-0.6993,0.0
selected_two_stage_av,pass,-0.9901,0.0
selected_two_stage_av,pass,0.0821,4.0
selected_two_stage_av,pass,-0.9901,4.0
selected_two_stage_av,pass,0.8635,3.0
selected_two_stage_av,pass,-1.5717,5.0
selected_two_stage_av,pass,-0.454,3.0
selected_two_stage_av,pass,-0.454,0.0
selected_two_stage_av,pass,0.6637,0.0
selected_two_stage_av,pass,-0.9901,0.0
selected_two_stage_av,pass,-0.7448,4.0
selected_two_stage_av,pass,-0.454,2.0
selected_two_stage_av,pass,-0.454,2.0
selected_two_stage_av,pass,0.1276,0.0
selected_two_stage_av,pass,-1.0356,2.0
selected_two_stage_av,pass,-1.2809,5.0
selected_two_stage_av,pass,-0.6993,0.0
selected_two_stage_av,pass,-1.2809,2.0
selected_two_stage_av,pass,-0.6993,3.0
selected_two_stage_av,pass,0.3274,0.0
selected_two_stage_av,pass,0.4184,0.0
selected_two_stage_av,pass,0.0821,7.0
selected_two_stage_av,pass,-0.9901,0.0
selected_two_stage_av,pass,-1.2354,0.0
selected_two_stage_av,pass,-1.817,0.0
selected_two_stage_av,pass,-0.9901,2.0
selected_two_stage_av,pass,-0.4085,5.0
selected_two_stage_av,pass,0.3729,8.0
selected_two_stage_av,pass,-0.1632,0.0
selected_two_stage_av,pass,-0.7448,5.0
selected_two_stage_av,pass,-0.454,7.0
selected_two_stage_av,pass,-0.6993,0.0
selected_two_stage_av,pass,-1.2809,4.0
selected_two_stage_av,pass,-0.9446,1.0
selected_two_stage_av,pass,0.0821,6.0
selected_two_stage_av,pass,-1.2809,4.0
selected_two_stage_av,pass,-0.7448,2.0
selected_two_stage_av,pass,-0.7448,5.0
selected_two_stage_av,pass,-1.0356,0.0
selected_two_stage_av,pass,-1.5262,3.0
selected_two_stage_av,pass,-0.9901,1.0
selected_two_stage_av,pass,-0.7448,0.0
selected_two_stage_av,pass,0.6182,4.0
selected_two_stage_av,pass,-0.2087,0.0
selected_two_stage_av,pass,0.0821,7.0
selected_two_stage_av,pass,1.1543,6.0
selected_two_stage_av,pass,0.4184,0.0
selected_two_stage_av,pass,0.4184,4.0
selected_two_stage_av,pass,-0.7448,0.0
selected_two_stage_av,pass,-0.2087,0.0
selected_two_stage_av,pass,0.3274,6.0
selected_two_stage_av,pass,-0.454,2.0
selected_two_stage_av,pass,-0.1632,0.0
selected_two_stage_av,pass,-0.454,8.0
selected_two_stage_av,pass,-1.2809,8.0
selected_two_stage_av,pass,-0.7448,5.0
selected_two_stage_av,pass,-0.1177,1.0
selected_two_stage_av,pass,-0.454,0.0
selected_two_stage_av,pass,-0.2087,6.0
selected_two_stage_av,pass,-0.4085,4.0
selected_two_stage_av,pass,-0.1632,2.0
selected_two_stage_av,pass,-1.5717,6.0
selected_two_stage_av,pass,-0.6993,1.0
selected_two_stage_av,pass,-0.2087,8.0
selected_two_stage_av,pass,-0.454,4.0
selected_two_stage_av,pass,-0.4085,3.0
selected_two_stage_av,pass,-0.1632,7.0
selected_two_stage_av,pass,-0.9901,6.0
selected_two_stage_av,pass,-0.9901,7.0
selected_two_stage_av,pass,-0.2087,0.0
selected_two_stage_av,pass,-0.454,0.0
selected_two_stage_av,pass,-0.454,1.0
selected_two_stage_av,pass,-0.4995,1.0
selected_two_stage_av,pass,-0.1632,0.0
selected_two_stage_av,pass,0.3729,5.0
selected_two_stage_av,pass,-0.2087,3.0
selected_two_stage_av,pass,-0.9901,1.0
selected_two_stage_av,pass,-1.0356,0.0
selected_two_stage_av,pass,0.9546,0.0
selected_two_stage_av,pass,-1.8625,5.0
selected_two_stage_av,pass,-1.2354,3.0
selected_two_stage_av,pass,-0.454,0.0
selected_two_stage_av,pass,0.3729,8.0
selected_two_stage_av,pass,0.1276,0.0
selected_two_stage_av,pass,-0.454,6.0
selected_two_stage_av,pass,-0.2087,2.0
selected_two_stage_av,pass,-0.7448,0.0
selected_two_stage_av,pass,0.0821,0.0
selected_two_stage_av,pass,0.6182,7.0
selected_two_stage_av,pass,-0.454,4.0
selected_two_stage_av,pass,-0.6993,7.0
selected_two_stage_av,pass,-0.1632,0.0
selected_two_stage_av,pass,-0.9446,7.0
selected_two_stage_av,pass,-0.9901,4.0
selected_two_stage_av,pass,0.1276,2.0
selected_two_stage_av,pass,0.0821,3.0
selected_two_stage_av,pass,-0.9446,3.0
selected_two_stage_av,pass,-0.7448,1.0
selected_two_stage_av,pass,-0.4085,4.0
selected_two_stage_av,pass,-0.7448,2.0
selected_two_stage_av,pass,-0.9901,2.0
selected_two_stage_av,pass,0.3729,4.0
selected_two_stage_av,pass,-0.9901,3.0
selected_two_stage_av,pass,0.5727,5.0
selected_two_stage_av,pass,0.6182,3.0
selected_two_stage_av,pass,-0.7448,4.0
selected_two_stage_av,pass,-0.6993,0.0
selected_two_stage_av,pass,-0.9901,0.0
selected_two_stage_av,pass,-0.2087,3.0
selected_two_stage_av,pass,0.3729,9.0
selected_two_stage_av,pass,-0.4995,4.0
selected_two_stage_av,pass,0.1276,2.0
selected_two_stage_av,pass,-0.4995,6.0
selected_two_stage_av,pass,-0.9901,3.0
selected_two_stage_av,pass,0.6182,0.0
selected_two_stage_av,pass,-0.7448,5.0
selected_two_stage_av,pass,0.6182,6.0
selected_two_stage_av,pass,-0.7448,6.0
selected_two_stage_av,pass,-0.9901,8.0
selected_two_stage_av,pass,-1.2809,1.0
selected_two_stage_av,pass,0.0821,5.0
selected_two_stage_av,pass,-0.1632,3.0
selected_two_stage_av,pass,-0.6993,0.0
selected_two_stage_av,pass,-0.4085,7.0
selected_two_stage_av,pass,-0.9901,5.0
selected_two_stage_av,pass,-0.9901,6.0
selected_two_stage_av,pass,0.909,0.0
selected_two_stage_av,pass,-1.2354,0.0
selected_two_stage_av,pass,0.3729,0.0
selected_two_stage_av,pass,-0.7448,5.0
selected_two_stage_av,pass,0.909,7.0
selected_two_stage_av,pass,-1.5262,6.0
selected_two_stage_av,pass,-0.0089,8.0
selected_two_stage_av,pass,-1.3264,6.0
selected_two_stage_av,pass,-0.1632,7.0
selected_two_stage_av,pass,-0.9901,6.0
selected_two_stage_av,pass,-0.2087,0.0
selected_two_stage_av,pass,-0.7448,0.0
selected_two_stage_av,pass,0.1276,0.0
selected_two_stage_av,pass,-1.2809,3.0
selected_two_stage_av,pass,-0.6993,0.0
selected_two_stage_av,pass,0.0821,6.0
selected_two_stage_av,pass,0.6637,6.0
selected_two_stage_av,pass,-0.6993,0.0
selected_two_stage_av,pass,0.6182,0.0
selected_two_stage_av,pass,0.0821,3.0
selected_two_stage_av,pass,-1.2354,6.0
selected_two_stage_av,pass,-0.7448,3.0
selected_two_stage_av,pass,-0.1632,3.0
selected_two_stage_av,pass,-0.454,0.0
selected_two_stage_av,pass,-0.9901,7.0
selected_two_stage_av,pass,0.0821,3.0
selected_two_stage_av,pass,0.0366,4.0
selected_two_stage_av,pass,0.0821,6.0
selected_two_stage_av,pass,0.1276,0.0
selected_two_stage_av,pass,-0.9901,5.0
selected_two_stage_av,pass,-0.6993,4.0
selected_two_stage_av,pass,-0.7448,4.0
selected_two_stage_av,pass,0.3729,0.0
selected_two_stage_av,pass,-0.6993,3.0
selected_two_stage_av,pass,-0.2087,0.0
selected_two_stage_av,pass,-0.454,9.0
selected_two_stage_av,pass,-0.454,5.0
selected_two_stage_av,pass,-0.7448,4.0
selected_two_stage_av,pass,-0.6993,7.0
selected_two_stage_av,pass,-0.454,5.0
selected_two_stage_av,pass,-0.454,0.0
selected_two_stage_av,pass,-0.7903,5.0
selected_two_stage_av,pass,0.3729,0.0
selected_two_stage_av,pass,0.0821,0.0
selected_two_stage_av,pass,0.0821,0.0
selected_two_stage_av,pass,-0.454,2.0
selected_two_stage_av,pass,-0.6993,7.0
selected_two_stage_av,pass,-0.1632,4.0
selected_two_stage_av,pass,-1.5262,3.0
selected_two_stage_av,pass,0.3274,3.0
selected_two_stage_av,pass,1.1088,4.0
selected_two_stage_av,pass,-0.2087,4.0
selected_two_stage_av,pass,-0.454,0.0
selected_two_stage_av,pass,0.3729,7.0
selected_two_stage_av,pass,-0.454,0.0
selected_two_stage_av,pass,0.0366,4.0
selected_two_stage_av,pass,-0.9901,0.0
selected_two_stage_av,pass,-1.0356,2.0
selected_two_stage_av,pass,-0.7448,6.0
selected_two_stage_av,pass,0.1276,5.0
selected_two_stage_av,pass,0.3729,3.0
selected_two_stage_av,pass,-0.9901,5.0
selected_two_stage_av,pass,-0.1632,0.0
selected_two_stage_av,pass,-0.454,2.0
selected_two_stage_av,pass,-0.9901,7.0
selected_two_stage_av,pass,-0.7448,0.0
selected_two_stage_av,pass,-0.4995,1.0
selected_two_stage_av,pass,-0.9901,2.0
selected_two_stage_av,pass,-0.2542,3.0
selected_two_stage_av,pass,-0.7448,5.0
selected_two_stage_av,pass,-0.4995,4.0
selected_two_stage_av,pass,-0.454,0.0
selected_two_stage_av,pass,-0.6993,4.0
selected_two_stage_av,pass,0.0821,5.0
selected_two_stage_av,pass,0.1276,4.0
selected_two_stage_av,pass,0.0821,0.0
selected_two_stage_av,pass,-0.7448,9.0
selected_two_stage_av,pass,-0.7448,3.0
selected_two_stage_av,pass,-0.454,2.0
selected_two_stage_av,pass,-0.1632,6.0
selected_two_stage_av,pass,-0.1632,1.0
selected_two_stage_av,pass,-1.2354,5.0
selected_two_stage_av,pass,-0.454,2.0
selected_two_stage_av,pass,0.3729,2.0
selected_two_stage_av,pass,-0.1632,4.0
selected_two_stage_av,pass,-0.7448,5.0
selected_two_stage_av,pass,0.0821,0.0
selected_two_stage_av,pass,-1.5262,4.0
selected_two_stage_av,pass,-0.2087,0.0
selected_two_stage_av,pass,-0.454,0.0
selected_two_stage_av,pass,0.3274,6.0
selected_two_stage_av,pass,-0.1632,4.0
selected_two_stage_av,pass,0.0821,4.0
selected_two_stage_av,pass,0.8635,0.0
selected_two_stage_av,pass,-0.454,5.0
selected_two_stage_av,pass,-0.1632,0.0
selected_two_stage_av,pass,-0.9901,0.0
selected_two_stage_av,pass,-0.2087,0.0
selected_two_stage_av,pass,-0.9901,5.0
selected_two_stage_av,pass,-0.4085,4.0
selected_two_stage_av,pass,-0.2087,7.0
selected_two_stage_av,pass,-0.4085,6.0
selected_two_stage_av,pass,-0.7448,5.0
selected_two_stage_av,pass,-0.4995,7.0
selected_two_stage_av,pass,-0.454,4.0
selected_two_stage_av,pass,0.5727,5.0
selected_two_stage_av,pass,-0.9901,5.0
selected_two_stage_av,pass,-0.4995,0.0
selected_two_stage_av,pass,-1.2809,4.0
selected_two_stage_av,pass,-0.6993,0.0
selected_two_stage_av,pass,-0.1632,4.0
selected_two_stage_av,pass,-0.4995,7.0
selected_two_stage_av,pass,0.6182,5.0
selected_two_stage_av,pass,0.6182,5.0
selected_two_stage_av,pass,-0.2087,5.0
selected_two_stage_av,pass,-0.4995,3.0
selected_two_stage_av,pass,-0.6993,0.0
selected_two_stage_av,pass,-0.2087,0.0
selected_two_stage_av,pass,0.1276,0.0
selected_two_stage_av,pass,-0.2087,5.0
selected_two_stage_av,pass,0.0366,2.0
selected_two_stage_av,pass,-1.2809,0.0
selected_two_stage_av,pass,-0.7448,5.0
selected_two_stage_av,pass,-0.9901,0.0
selected_two_stage_av,pass,-0.7448,0.0
selected_two_stage_av,pass,-0.1632,7.0
selected_two_stage_av,pass,0.3274,0.0
selected_two_stage_av,pass,0.1276,4.0
selected_two_stage_av,pass,-0.4995,0.0
selected_two_stage_av,pass,0.0821,5.0
selected_two_stage_av,pass,-0.4085,3.0
selected_two_stage_av,pass,-1.5262,1.0
selected_two_stage_av,pass,-0.1632,6.0
selected_two_stage_av,pass,0.1276,4.0
selected_two_stage_av,pass,0.3274,4.0
selected_two_stage_av,pass,0.3274,7.0
selected_two_stage_av,pass,-0.9446,0.0
selected_two_stage_av,pass,-0.6993,7.0
selected_two_stage_av,pass,-0.4085,0.0
selected_two_stage_av,pass,-0.2087,5.0
selected_two_stage_av,pass,-0.4085,4.0
selected_two_stage_av,pass,-1.0356,0.0
selected_two_stage_av,pass,0.6182,0.0
selected_two_stage_av,pass,-0.6993,3.0
selected_two_stage_av,pass,0.4184,3.0
selected_two_stage_av,pass,-0.9446,4.0
selected_two_stage_av,pass,-0.1632,7.0
selected_two_stage_av,pass,0.0821,6.0
selected_two_stage_av,pass,-1.0811,2.0
selected_two_stage_av,pass,0.0821,0.0
selected_two_stage_av,pass,-1.2354,0.0
selected_two_stage_av,pass,-0.454,4.0
selected_two_stage_av,pass,-0.2087,0.0
selected_two_stage_av,pass,-1.2354,0.0
selected_two_stage_av,pass,-0.454,9.0
selected_two_stage_av,pass,0.0366,8.0
selected_two_stage_av,pass,-0.9901,0.0
selected_two_stage_av,pass,-0.1177,0.0
selected_two_stage_av,pass,0.0821,3.0
selected_two_stage_av,pass,-0.1632,3.0
selected_two_stage_av,pass,0.909,8.0
selected_two_stage_av,pass,-0.9446,4.0
selected_two_stage_av,pass,-0.7448,6.0
selected_two_stage_av,pass,-0.4995,0.0
selected_two_stage_av,pass,-1.817,0.0
selected_two_stage_av,pass,-0.454,4.0
selected_two_stage_av,pass,-0.9901,4.0
selected_two_stage_av,pass,-0.4085,0.0
selected_two_stage_av,pass,-0.6993,0.0
selected_two_stage_av,pass,-0.9901,0.0
selected_two_stage_av,pass,-0.1632,2.0
selected_two_stage_av,pass,0.3274,4.0
selected_two_stage_av,pass,0.0821,0.0
selected_two_stage_av,pass,-0.454,8.0
selected_two_stage_av,pass,0.1276,3.0
selected_two_stage_av,pass,-0.4995,4.0
selected_two_stage_av,pass,-0.7448,4.0
selected_two_stage_av,pass,-0.7448,4.0
selected_two_stage_av,pass,-0.7448,0.0
selected_two_stage_av,pass,-0.1632,6.0
selected_two_stage_av,pass,-0.1632,7.0
selected_two_stage_av,pass,-0.7448,6.0
selected_two_stage_av,pass,0.8635,6.0
selected_two_stage_av,pass,-0.1632,0.0
selected_two_stage_av,pass,-0.2542,2.0
selected_two_stage_av,pass,-0.454,2.0
selected_two_stage_av,pass,0.1276,0.0
selected_two_stage_av,pass,0.3729,0.0
selected_two_stage_av,pass,-0.454,6.0
selected_two_stage_av,pass,-0.2087,5.0
selected_two_stage_av,pass,-0.7448,2.0
selected_two_stage_av,pass,-0.454,6.0
selected_two_stage_av,pass,-0.1632,0.0
selected_two_stage_av,pass,-0.7448,3.0
selected_two_stage_av,pass,-0.7448,3.0
selected_two_stage_av,pass,-0.9901,2.0
selected_two_stage_av,pass,-1.2809,2.0
selected_two_stage_av,pass,-0.6993,4.0
selected_two_stage_av,pass,-1.2809,1.0
selected_two_stage_av,pass,-0.7448,0.0
selected_two_stage_av,pass,-1.2809,8.0
selected_two_stage_av,pass,-0.6993,5.0
selected_two_stage_av,pass,-0.2087,4.0
selected_two_stage_av,pass,0.3729,9.0
selected_two_stage_av,pass,-1.0356,5.0
selected_two_stage_av,pass,-0.7448,5.0
selected_two_stage_av,pass,-0.6993,3.0
selected_two_stage_av,pass,0.0821,4.0
selected_two_stage_av,pass,-1.2809,3.0
selected_two_stage_av,pass,-0.7448,6.0
selected_two_stage_av,pass,-0.1632,4.0
selected_two_stage_av,pass,-0.1632,0.0
selected_two_stage_av,pass,-0.1632,3.0
selected_two_stage_av,pass,-0.4995,0.0
selected_two_stage_av,pass,-1.2354,7.0
selected_two_stage_av,pass,-0.1177,0.0
selected_two_stage_av,pass,-0.2087,3.0
selected_two_stage_av,pass,-0.9901,3.0
selected_two_stage_av,pass,0.3274,6.0
selected_two_stage_av,pass,-0.1632,8.0
selected_two_stage_av,pass,-1.5262,6.0
selected_two_stage_av,pass,-1.2809,6.0
selected_two_stage_av,pass,-0.1632,2.0
selected_two_stage_av,pass,0.0821,6.0
selected_two_stage_av,pass,-0.6993,0.0
selected_two_stage_av,pass,-0.9901,8.0
selected_two_stage_av,pass,-1.2809,7.0
selected_two_stage_av,pass,-0.6993,3.0
selected_two_stage_av,pass,-0.1632,3.0
selected_two_stage_av,pass,-0.6993,3.0
selected_two_stage_av,pass,-0.2087,7.0
selected_two_stage_av,pass,-0.2087,7.0
selected_two_stage_av,pass,0.3274,4.0
selected_two_stage_av,pass,-0.6538,0.0
selected_two_stage_av,pass,-0.454,4.0
selected_two_stage_av,pass,-1.5717,4.0
selected_two_stage_av,pass,-1.5717,8.0
selected_two_stage_av,pass,0.3274,7.0
selected_two_stage_av,pass,-0.1632,4.0
selected_two_stage_av,pass,-0.6993,0.0
selected_two_stage_av,pass,-0.2087,0.0
selected_two_stage_av,pass,0.3729,0.0
selected_two_stage_av,pass,-0.1632,3.0
selected_two_stage_av,pass,-0.9446,0.0
selected_two_stage_av,pass,-0.7448,2.0
selected_two_stage_av,pass,-0.4995,4.0
selected_two_stage_av,pass,-2.1078,7.0
selected_two_stage_av,pass,-0.2087,0.0
selected_two_stage_av,pass,-0.6993,10.0
selected_two_stage_av,pass,-1.2354,6.0
selected_two_stage_av,pass,-0.7448,0.0
selected_two_stage_av,pass,-1.2354,5.0
selected_two_stage_av,pass,-0.9901,7.0
selected_two_stage_av,pass,-0.454,1.0
selected_two_stage_av,pass,0.4184,2.0
selected_two_stage_av,pass,-0.1632,0.0
selected_two_stage_av,pass,-0.1632,0.0
selected_two_stage_av,pass,-0.9901,0.0
selected_two_stage_av,pass,0.3274,0.0
selected_two_stage_av,pass,-0.4085,0.0
selected_two_stage_av,pass,-1.0356,0.0
selected_two_stage_av,pass,0.0821,0.0
selected_two_stage_av,pass,-0.9446,0.0
selected_two_stage_av,pass,-0.9901,0.0
selected_two_stage_av,pass,-1.2354,0.0
selected_two_stage_av,pass,-0.4085,7.0
selected_two_stage_av,pass,-0.7448,6.0
selected_two_stage_av,pass,-0.7448,0.0
selected_two_stage_av,pass,-0.7903,1.0
selected_two_stage_av,pass,-0.4085,2.0
selected_two_stage_av,pass,0.0366,6.0
selected_two_stage_av,pass,-0.454,3.0
selected_two_stage_av,pass,-0.454,6.0
selected_two_stage_av,pass,-0.6538,7.0
selected_two_stage_av,pass,-1.5262,1.0
selected_two_stage_av,pass,-1.2809,7.0
selected_two_stage_av,pass,-0.454,4.0
selected_two_stage_av,pass,0.6182,0.0
selected_two_stage_av,pass,0.3274,4.0
selected_two_stage_av,pass,-0.454,2.0
selected_two_stage_av,pass,-0.4085,0.0
selected_two_stage_av,pass,-0.4085,8.0
selected_two_stage_av,pass,-0.4995,0.0
selected_two_stage_av,pass,-0.4995,8.0
selected_two_stage_av,pass,-0.7448,4.0
selected_two_stage_av,pass,-0.9901,1.0
selected_two_stage_av,pass,0.1276,3.0
selected_two_stage_av,pass,-0.454,3.0
selected_two_stage_av,pass,-0.2087,3.0
selected_two_stage_av,pass,-0.2087,8.0
selected_two_stage_av,pass,-1.2809,0.0
selected_two_stage_av,pass,-0.9901,1.0
selected_two_stage_av,pass,-1.2809,2.0
selected_two_stage_av,pass,-0.1632,9.0
selected_two_stage_av,pass,0.1276,3.0
selected_two_stage_av,pass,-0.7903,5.0
selected_two_stage_av,pass,-0.6993,7.0
selected_two_stage_av,pass,-1.2354,0.0
selected_two_stage_av,pass,-0.9901,0.0
selected_two_stage_av,pass,-0.9901,3.0
selected_two_stage_av,pass,-0.4085,3.0
selected_two_stage_av,pass,-0.9901,3.0
selected_two_stage_av,pass,-0.1177,4.0
selected_two_stage_av,pass,-1.2354,3.0
selected_two_stage_av,pass,-0.1632,2.0
selected_two_stage_av,pass,0.0821,8.0
selected_two_stage_av,pass,-0.454,7.0
selected_two_stage_av,pass,-0.1632,6.0
selected_two_stage_av,pass,-0.4995,2.0
selected_two_stage_av,pass,-1.2354,0.0
selected_two_stage_av,pass,-0.4085,3.0
selected_two_stage_av,pass,-0.4085,0.0
selected_two_stage_av,pass,-0.1632,2.0
selected_two_stage_av,pass,-1.817,6.0
selected_two_stage_av,pass,-0.4085,7.0
selected_two_stage_av,pass,-1.2809,3.0
selected_two_stage_av,pass,-0.6993,0.0
selected_two_stage_av,pass,0.1276,4.0
selected_two_stage_av,pass,0.3274,7.0
selected_two_stage_av,pass,-0.4085,4.0
selected_two_stage_av,pass,-1.2809,2.0
selected_two_stage_av,pass,0.4184,0.0
selected_two_stage_av,pass,-1.0356,0.0
selected_two_stage_av,pass,-1.0356,0.0
selected_two_stage_av,pass,-0.454,7.0
selected_two_stage_av,pass,-1.5717,1.0
selected_two_stage_av,pass,-1.2809,4.0
selected_two_stage_av,pass,0.6182,0.0
selected_two_stage_av,pass,-0.9901,3.0
selected_two_stage_av,pass,-0.4085,1.0
selected_two_stage_av,pass,-0.454,3.0
selected_two_stage_av,pass,-1.2809,5.0
selected_two_stage_av,pass,-1.5717,3.0
selected_two_stage_av,pass,-0.2087,6.0
selected_two_stage_av,pass,0.0366,4.0
selected_two_stage_av,pass,-0.9901,7.0
selected_two_stage_av,pass,-0.454,4.0
selected_two_stage_av,pass,-0.7448,4.0
selected_two_stage_av,pass,0.5727,0.0
selected_two_stage_av,pass,-0.9901,6.0
selected_two_stage_av,pass,-0.2087,0.0
selected_two_stage_av,pass,0.0821,3.0
selected_two_stage_av,pass,-0.7448,0.0
selected_two_stage_av,pass,-0.7448,3.0
selected_two_stage_av,pass,-0.454,0.0
selected_two_stage_av,pass,-1.2809,8.0
selected_two_stage_av,pass,-0.454,3.0
selected_two_stage_av,pass,-0.7448,0.0
selected_two_stage_av,pass,-0.6993,4.0
selected_two_stage_av,pass,-1.2354,2.0
selected_two_stage_av,pass,-0.2087,0.0
selected_two_stage_av,pass,0.3729,3.0
selected_two_stage_av,pass,-1.2809,6.0
selected_two_stage_av,pass,-0.454,6.0
selected_two_stage_av,pass,-0.4085,0.0
selected_two_stage_av,pass,-0.2087,0.0
selected_two_stage_av,pass,-1.0356,0.0
selected_two_stage_av,pass,-1.2809,0.0
selected_two_stage_av,pass,-0.4995,0.0
selected_two_stage_av,pass,-1.2354,6.0
selected_two_stage_av,pass,-0.454,2.0
selected_two_stage_av,pass,0.1276,4.0
selected_two_stage_av,pass,0.0366,2.0
selected_two_stage_av,pass,-0.6993,0.0
selected_two_stage_av,pass,0.4184,8.0
selected_two_stage_av,pass,-0.2087,6.0
selected_two_stage_av,pass,-0.2087,3.0
selected_two_stage_av,pass,0.0821,3.0
selected_two_stage_av,pass,-0.454,0.0
selected_two_stage_av,pass,-1.2809,0.0
selected_two_stage_av,pass,-0.6993,4.0
selected_two_stage_av,pass,-1.2809,6.0
selected_two_stage_av,pass,-0.1632,3.0
selected_two_stage_av,pass,0.3729,5.0
selected_two_stage_av,pass,-0.1632,0.0
selected_two_stage_av,pass,-0.4995,9.0
selected_two_stage_av,pass,-0.9901,2.0
selected_two_stage_av,pass,-0.4085,8.0
selected_two_stage_av,pass,-0.2087,0.0
selected_two_stage_av,pass,-0.1632,1.0
selected_two_stage_av,pass,0.6182,7.0
selected_two_stage_av,pass,-0.4995,4.0
selected_two_stage_av,pass,1.1998,0.0
selected_two_stage_av,pass,-0.1177,7.0
selected_two_stage_av,pass,-0.2087,5.0
selected_two_stage_av,pass,-1.2354,5.0
selected_two_stage_av,pass,0.4184,0.0
selected_two_stage_av,pass,0.3274,4.0
selected_two_stage_av,pass,-0.4085,0.0
selected_two_stage_av,pass,-1.5717,2.0
selected_two_stage_av,pass,-0.7903,3.0
selected_two_stage_av,pass,-0.7448,4.0
selected_two_stage_av,pass,0.0366,0.0
selected_two_stage_av,pass,-0.9901,1.0
selected_two_stage_av,pass,-0.454,5.0
selected_two_stage_av,pass,-0.9901,2.0
selected_two_stage_av,pass,0.0821,0.0
selected_two_stage_av,pass,-0.9901,0.0
selected_two_stage_av,pass,-0.9446,6.0
selected_two_stage_av,pass,-1.8625,8.0
selected_two_stage_av,pass,-1.2809,8.0
selected_two_stage_av,pass,-0.454,0.0
selected_two_stage_av,pass,-1.0356,3.0
selected_two_stage_av,pass,-0.6993,5.0
selected_two_stage_av,pass,-0.6993,2.0
selected_two_stage_av,pass,-0.454,8.0
selected_two_stage_av,pass,-1.5262,4.0
selected_two_stage_av,pass,-0.2087,2.0
selected_two_stage_av,pass,0.3729,0.0
selected_two_stage_av,pass,0.3274,7.0
selected_two_stage_av,pass,-0.1632,5.0
selected_two_stage_av,pass,-0.9901,3.0
selected_two_stage_av,pass,-0.2087,4.0
selected_two_stage_av,pass,-0.2087,3.0
selected_two_stage_av,pass,-0.7448,0.0
selected_two_stage_av,pass,0.0821,0.0
selected_two_stage_av,pass,-0.454,0.0
selected_two_stage_av,pass,-0.9901,4.0
selected_two_stage_av,pass,-0.7903,0.0
selected_two_stage_av,pass,0.1276,0.0
selected_two_stage_av,pass,-0.4995,7.0
selected_two_stage_av,pass,-0.6993,0.0
selected_two_stage_av,pass,-1.5717,10.0
selected_two_stage_av,pass,0.3729,2.0
selected_two_stage_av,pass,-0.1632,0.0
selected_two_stage_av,pass,-0.2087,0.0
selected_two_stage_av,pass,-0.454,3.0
selected_two_stage_av,pass,-0.1632,0.0
selected_two_stage_av,pass,-0.9446,0.0
selected_two_stage_av,pass,0.4184,6.0
selected_two_stage_av,pass,-0.1632,2.0
selected_two_stage_av,pass,-0.1632,3.0
selected_two_stage_av,pass,-0.6993,0.0
selected_two_stage_av,pass,-0.7448,0.0
selected_two_stage_av,pass,-0.454,1.0
selected_two_stage_av,pass,-1.2354,4.0
selected_two_stage_av,pass,-0.1632,0.0
selected_two_stage_av,pass,-0.454,5.0
selected_two_stage_av,pass,-0.7448,0.0
selected_two_stage_av,pass,-1.2809,8.0
selected_two_stage_av,pass,-0.454,7.0
selected_two_stage_av,pass,0.0821,6.0
selected_two_stage_av,pass,-1.2354,8.0
selected_two_stage_av,pass,-0.9901,0.0
selected_two_stage_av,pass,0.1276,0.0
selected_two_stage_av,pass,-0.9446,6.0
selected_two_stage_av,pass,-0.2087,4.0
selected_two_stage_av,pass,0.1276,4.0
selected_two_stage_av,pass,-0.4995,4.0
selected_two_stage_av,pass,-1.0356,0.0
selected_two_stage_av,pass,-0.6993,5.0
selected_two_stage_av,pass,-0.6993,5.0
selected_two_stage_av,pass,-0.9446,0.0
selected_two_stage_av,pass,-0.1632,5.0
selected_two_stage_av,pass,-0.7448,5.0
selected_two_stage_av,pass,0.4184,0.0
selected_two_stage_av,pass,-0.2087,0.0
selected_two_stage_av,pass,-0.454,2.0
selected_two_stage_av,pass,-0.7448,5.0
selected_two_stage_av,pass,-0.7448,6.0
selected_two_stage_av,pass,-0.6993,2.0
selected_two_stage_av,pass,-1.2809,0.0
selected_two_stage_av,pass,0.0821,3.0
selected_two_stage_av,pass,-0.454,2.0
selected_two_stage_av,pass,-0.1632,5.0
selected_two_stage_av,pass,0.3729,0.0
selected_two_stage_av,pass,-0.1632,4.0
selected_two_stage_av,pass,-1.2809,4.0
selected_two_stage_av,pass,-0.9446,3.0
selected_two_stage_av,pass,-0.1632,6.0
selected_two_stage_av,pass,-0.2087,3.0
selected_two_stage_av,pass,-0.9901,9.0
selected_two_stage_av,pass,-0.2087,0.0
selected_two_stage_av,pass,-1.5717,4.0
selected_two_stage_av,pass,0.5727,7.0
selected_two_stage_av,pass,0.1276,3.0
selected_two_stage_av,pass,0.3274,0.0
selected_two_stage_av,pass,-0.7448,0.0
selected_two_stage_av,pass,-0.454,4.0
selected_two_stage_av,pass,0.6182,0.0
selected_two_stage_av,pass,0.0821,0.0
selected_two_stage_av,pass,-0.1632,0.0
selected_two_stage_av,pass,-0.6993,1.0
selected_two_stage_av,pass,0.3274,0.0
selected_two_stage_av,pass,0.0821,5.0
selected_two_stage_av,pass,-0.454,8.0
selected_two_stage_av,pass,-0.1177,1.0
selected_two_stage_av,pass,-0.6993,6.0
selected_two_stage_av,pass,-0.7448,6.0
selected_two_stage_av,pass,-0.454,3.0
selected_two_stage_av,pass,-0.2087,5.0
selected_two_stage_av,pass,-1.5262,7.0
selected_two_stage_av,pass,0.1276,9.0
selected_two_stage_av,pass,-0.7448,3.0
selected_two_stage_av,pass,-0.9446,1.0
selected_two_stage_av,pass,-0.4995,7.0
selected_two_stage_av,pass,-0.6993,1.0
selected_two_stage_av,pass,-1.2809,1.0
selected_two_stage_av,pass,-0.7448,3.0
selected_two_stage_av,pass,-0.1632,0.0
selected_two_stage_av,pass,-0.9901,0.0
selected_two_stage_av,pass,0.3274,4.0
selected_two_stage_av,pass,-0.454,8.0
selected_two_stage_av,pass,0.909,1.0
selected_two_stage_av,pass,-0.4085,5.0
selected_two_stage_av,pass,0.3729,0.0
selected_two_stage_av,pass,-0.454,0.0
selected_two_stage_av,pass,-0.2087,0.0
selected_two_stage_av,pass,-0.7448,6.0
selected_two_stage_av,pass,0.1276,0.0
selected_two_stage_av,pass,-0.4995,5.0
selected_two_stage_av,pass,-1.2809,5.0
selected_two_stage_av,pass,-1.0356,7.0
selected_two_stage_av,pass,-0.4085,3.0
selected_two_stage_av,pass,0.3729,0.0
selected_two_stage_av,pass,-0.7448,4.0
selected_two_stage_av,pass,0.1276,3.0
selected_two_stage_av,pass,-0.454,3.0
selected_two_stage_av,pass,-1.5262,4.0
selected_two_stage_av,pass,-1.0356,0.0
selected_two_stage_av,pass,-0.4085,0.0
selected_two_stage_av,pass,0.0366,7.0
selected_two_stage_av,pass,0.6637,0.0
selected_two_stage_av,pass,-0.2087,4.0
selected_two_stage_av,pass,0.6182,5.0
selected_two_stage_av,pass,-0.6993,0.0
selected_two_stage_av,pass,-0.7448,2.0
selected_two_stage_av,pass,-0.4995,6.0
selected_two_stage_av,pass,-1.2354,0.0
selected_two_stage_av,pass,-0.2087,0.0
selected_two_stage_av,pass,0.0821,0.0
selected_two_stage_av,pass,-0.9901,0.0
selected_two_stage_av,pass,0.3729,4.0
selected_two_stage_av,pass,-1.2354,0.0
selected_two_stage_av,pass,-0.1632,4.0
selected_two_stage_av,pass,0.1276,2.0
selected_two_stage_av,pass,-1.2809,0.0
selected_two_stage_av,pass,0.0821,6.0
selected_two_stage_av,pass,0.0366,2.0
selected_two_stage_av,pass,-0.7448,3.0
selected_two_stage_av,pass,0.1732,8.0
selected_two_stage_av,pass,-0.9901,2.0
selected_two_stage_av,pass,-0.4085,6.0
selected_two_stage_av,pass,-0.9901,9.0
selected_two_stage_av,pass,0.1276,0.0
selected_two_stage_av,pass,-1.2809,6.0
selected_two_stage_av,pass,-0.1632,5.0
selected_two_stage_av,pass,-1.2354,6.0
selected_two_stage_av,pass,-0.4085,4.0
selected_two_stage_av,pass,-0.7448,4.0
selected_two_stage_av,pass,0.3274,0.0
selected_two_stage_av,pass,0.3729,7.0
selected_two_stage_av,pass,-0.7448,2.0
selected_two_stage_av,pass,-0.7448,5.0
selected_two_stage_av,pass,-0.6993,6.0
selected_two_stage_av,pass,-0.7448,0.0
selected_two_stage_av,pass,-0.9901,2.0
selected_two_stage_av,pass,-0.6993,1.0
selected_two_stage_av,pass,-0.2087,7.0
selected_two_stage_av,pass,-0.1632,5.0
selected_two_stage_av,pass,-0.1632,0.0
selected_two_stage_av,pass,-0.4995,0.0
selected_two_stage_av,pass,0.3729,0.0
selected_two_stage_av,pass,-0.9901,0.0
selected_two_stage_av,pass,-0.454,7.0
selected_two_stage_av,pass,-0.454,2.0
selected_two_stage_av,pass,-0.6993,2.0
selected_two_stage_av,pass,-0.1632,5.0
selected_two_stage_av,pass,-1.5262,2.0
selected_two_stage_av,pass,-0.6993,3.0
selected_two_stage_av,pass,-0.7448,7.0
selected_two_stage_av,pass,-0.9901,2.0
selected_two_stage_av,pass,-0.1632,7.0
selected_two_stage_av,pass,0.1276,0.0
selected_two_stage_av,pass,-0.454,0.0
selected_two_stage_av,pass,-0.7448,4.0
selected_two_stage_av,pass,-0.454,5.0
selected_two_stage_av,pass,-0.2542,0.0
selected_two_stage_av,pass,0.0821,7.0
selected_two_stage_av,pass,-0.1632,0.0
selected_two_stage_av,pass,-0.9901,4.0
selected_two_stage_av,pass,-0.2087,4.0
selected_two_stage_av,pass,-0.7903,6.0
selected_two_stage_av,pass,-0.2087,1.0
selected_two_stage_av,pass,0.3729,4.0
selected_two_stage_av,pass,-0.7448,5.0
selected_two_stage_av,pass,-1.6172,3.0
selected_two_stage_av,pass,-1.0356,4.0
selected_two_stage_av,pass,-0.4085,5.0
selected_two_stage_av,pass,0.6637,5.0
selected_two_stage_av,pass,-0.6993,6.0
selected_two_stage_av,pass,-0.454,5.0
selected_two_stage_av,pass,-1.0356,7.0
selected_two_stage_av,pass,0.3729,0.0
selected_two_stage_av,pass,0.1276,6.0
selected_two_stage_av,pass,-1.2809,3.0
selected_two_stage_av,pass,-0.4085,0.0
selected_two_stage_av,pass,-0.454,9.0
selected_two_stage_av,pass,-0.4085,7.0
selected_two_stage_av,pass,-1.0356,0.0
selected_two_stage_av,pass,-0.7448,4.0
selected_two_stage_av,pass,-0.9901,3.0
selected_two_stage_av,pass,-0.6993,0.0
selected_two_stage_av,pass,-0.2087,0.0
selected_two_stage_av,pass,-0.9901,4.0
selected_two_stage_av,pass,-0.9446,2.0
selected_two_stage_av,pass,0.4184,0.0
selected_two_stage_av,pass,0.4184,3.0
selected_two_stage_av,pass,-0.7448,2.0
selected_two_stage_av,pass,-0.1632,0.0
selected_two_stage_av,pass,-0.6993,6.0
selected_two_stage_av,pass,0.1276,0.0
selected_two_stage_av,pass,-0.454,5.0
selected_two_stage_av,pass,0.1276,5.0
selected_two_stage_av,pass,-0.454,2.0
selected_two_stage_av,pass,0.0821,5.0
selected_two_stage_av,pass,-0.4995,0.0
selected_two_stage_av,pass,-0.4085,5.0
selected_two_stage_av,pass,-0.9901,0.0
selected_two_stage_av,pass,-0.4995,5.0
selected_two_stage_av,pass,-0.1632,2.0
selected_two_stage_av,pass,-1.2809,5.0
selected_two_stage_av,pass,-0.4995,0.0
selected_two_stage_av,pass,-0.454,6.0
selected_two_stage_av,pass,-0.4085,6.0
selected_two_stage_av,pass,0.3729,6.0
selected_two_stage_av,pass,-0.1632,0.0
selected_two_stage_av,pass,-0.9901,9.0
selected_two_stage_av,pass,-0.7448,6.0
selected_two_stage_av,pass,0.1732,2.0
selected_two_stage_av,pass,-0.1632,0.0
selected_two_stage_av,pass,0.3729,8.0
selected_two_stage_av,pass,0.8635,9.0
selected_two_stage_av,pass,-0.9901,4.0
selected_two_stage_av,pass,-0.9446,6.0
selected_two_stage_av,pass,0.0821,3.0
selected_two_stage_av,pass,0.0821,8.0
selected_two_stage_av,pass,-0.7448,3.0
selected_two_stage_av,pass,-0.9901,0.0
selected_two_stage_av,pass,0.6182,0.0
selected_two_stage_av,pass,-0.7448,0.0
selected_two_stage_av,pass,-0.2087,3.0
selected_two_stage_av,pass,-0.6993,6.0
selected_two_stage_av,pass,-1.5262,4.0
selected_two_stage_av,pass,0.0821,8.0
selected_two_stage_av,pass,-0.2087,7.0
selected_two_stage_av,pass,-0.1632,6.0
selected_two_stage_av,pass,-0.454,2.0
selected_two_stage_av,pass,0.0821,0.0
selected_two_stage_av,pass,0.0821,6.0
selected_two_stage_av,pass,-0.4085,3.0
selected_two_stage_av,pass,-0.1632,0.0
selected_two_stage_av,pass,0.1276,0.0
selected_two_stage_av,pass,-0.1632,8.0
selected_two_stage_av,pass,-0.454,6.0
selected_two_stage_av,pass,-0.9901,6.0
selected_two_stage_av,pass,0.1276,4.0
selected_two_stage_av,pass,-1.0356,0.0
selected_two_stage_av,pass,-0.1632,4.0
selected_two_stage_av,pass,0.0366,8.0
selected_two_stage_av,pass,0.0821,6.0
selected_two_stage_av,pass,-0.6993,7.0
selected_two_stage_av,pass,-0.2087,0.0
selected_two_stage_av,pass,-1.2809,4.0
selected_two_stage_av,pass,-0.9901,0.0
selected_two_stage_av,pass,0.1276,3.0
selected_two_stage_av,pass,0.3729,0.0
selected_two_stage_av,pass,-0.1632,3.0
selected_two_stage_av,pass,0.0821,7.0
selected_two_stage_av,pass,-1.0356,0.0
selected_two_stage_av,pass,-0.1177,0.0
selected_two_stage_av,pass,-0.4995,4.0
selected_two_stage_av,pass,-1.2354,4.0
selected_two_stage_av,pass,0.3729,4.0
selected_two_stage_av,pass,-0.7448,7.0
selected_two_stage_av,pass,-0.7448,2.0
selected_two_stage_av,pass,-1.2809,1.0
selected_two_stage_av,pass,-1.5262,1.0
selected_two_stage_av,pass,-0.1632,5.0
selected_two_stage_av,pass,0.909,2.0
selected_two_stage_av,pass,0.5727,0.0
selected_two_stage_av,pass,-0.9901,0.0
selected_two_stage_av,pass,-1.5262,6.0
selected_two_stage_av,pass,-0.9446,2.0
selected_two_stage_av,pass,-1.2354,8.0
selected_two_stage_av,pass,-1.0356,4.0
selected_two_stage_av,pass,0.0821,4.0
selected_two_stage_av,pass,-0.2087,4.0
selected_two_stage_av,pass,-1.5717,2.0
selected_two_stage_av,pass,0.6182,0.0
